// Made by tools/make_fonts.py from IBM Plex (tools/fonts, SIL Open Font License): don't edit.
// The frame's fonts at its own size: the 13.3" ones are twice the 7.3"'s, for its pixels.
#pragma once

#if defined(DOMIFRAME_PANEL_13IN3)
const uint8_t PlexTitle_Bitmaps[] PROGMEM = {
  0x7F, 0xE7, 0xFE, 0x7F, 0xE7, 0xFE, 0x7F, 0xE7, 0xFE, 0x7F, 0xE7, 0xFE, 0x7F, 0xE7, 0xFE, 0x7F, 0xE7, 0xFE, 0x7F, 0xE7, 0xFE, 0x7F, 0xE7, 0xFE,
  0x7F, 0xC3, 0xFC, 0x3F, 0xC3, 0xFC, 0x3F, 0xC3, 0xFC, 0x3F, 0x81, 0xF8, 0x1F, 0x81, 0xF8, 0x1F, 0x81, 0xF8, 0x1F, 0x81, 0xF0, 0x0F, 0x00, 0xF0,
  0x00, 0x00, 0x00, 0x00, 0x00, 0x00, 0x1F, 0x87, 0xFC, 0x7F, 0xEF, 0xFE, 0xFF, 0xFF, 0xFF, 0xFF, 0xFF, 0xFF, 0xFF, 0xE7, 0xFE, 0x7F, 0xC1, 0xF8,
  0xFF, 0x83, 0xFF, 0xFF, 0x07, 0xFF, 0xFE, 0x0F, 0xFF, 0xFC, 0x1F, 0xFF, 0xF8, 0x3F, 0xFF, 0xF0, 0x7F, 0xFF, 0xE0, 0xFF, 0xFF, 0xC1, 0xFF, 0xFF,
  0x83, 0xFF, 0xFF, 0x07, 0xFF, 0xFE, 0x0F, 0xFF, 0xFC, 0x1F, 0xFF, 0xF8, 0x3F, 0xFF, 0xF0, 0x7F, 0xFF, 0xE0, 0xFF, 0xFF, 0xC1, 0xFF, 0xFF, 0x83,
  0xFF, 0xFF, 0x07, 0xFF, 0xFE, 0x0F, 0xFF, 0xFC, 0x1F, 0xFF, 0xF8, 0x3F, 0xFF, 0xF0, 0x7F, 0xC0, 0x00, 0x0F, 0xC0, 0x0F, 0xC0, 0x00, 0x3E, 0x00,
  0x3E, 0x00, 0x00, 0xF8, 0x00, 0xF8, 0x00, 0x07, 0xE0, 0x07, 0xE0, 0x00, 0x1F, 0x80, 0x1F, 0x80, 0x00, 0x7E, 0x00, 0x7E, 0x00, 0x01, 0xF8, 0x01,
  0xF8, 0x00, 0x07, 0xC0, 0x07, 0xC0, 0x00, 0x1F, 0x00, 0x1F, 0x00, 0x00, 0xFC, 0x00, 0xFC, 0x00, 0x03, 0xF0, 0x03, 0xF0, 0x07, 0xFF, 0xFF, 0xFF,
  0xFF, 0x1F, 0xFF, 0xFF, 0xFF, 0xFC, 0x7F, 0xFF, 0xFF, 0xFF, 0xF1, 0xFF, 0xFF, 0xFF, 0xFF, 0xC7, 0xFF, 0xFF, 0xFF, 0xFF, 0x1F, 0xFF, 0xFF, 0xFF,
  0xFC, 0x01, 0xF8, 0x01, 0xF8, 0x00, 0x07, 0xE0, 0x07, 0xE0, 0x00, 0x1F, 0x80, 0x1F, 0x80, 0x00, 0x7C, 0x00, 0x7C, 0x00, 0x01, 0xF0, 0x01, 0xF0,
  0x00, 0x0F, 0xC0, 0x0F, 0xC0, 0x00, 0x3F, 0x00, 0x3F, 0x00, 0x00, 0xFC, 0x00, 0xFC, 0x00, 0x03, 0xF0, 0x03, 0xF0, 0x00, 0x0F, 0x80, 0x0F, 0x80,
  0x00, 0x7E, 0x00, 0x7E, 0x00, 0x01, 0xF8, 0x01, 0xF8, 0x03, 0xFF, 0xFF, 0xFF, 0xFF, 0x8F, 0xFF, 0xFF, 0xFF, 0xFE, 0x3F, 0xFF, 0xFF, 0xFF, 0xF8,
  0xFF, 0xFF, 0xFF, 0xFF, 0xE3, 0xFF, 0xFF, 0xFF, 0xFF, 0x8F, 0xFF, 0xFF, 0xFF, 0xFE, 0x00, 0xFC, 0x00, 0xFC, 0x00, 0x03, 0xF0, 0x03, 0xF0, 0x00,
  0x0F, 0xC0, 0x0F, 0xC0, 0x00, 0x3F, 0x00, 0x3F, 0x00, 0x00, 0xF8, 0x00, 0xF8, 0x00, 0x03, 0xE0, 0x03, 0xE0, 0x00, 0x1F, 0x80, 0x1F, 0x80, 0x00,
  0x7E, 0x00, 0x7E, 0x00, 0x01, 0xF8, 0x01, 0xF8, 0x00, 0x07, 0xE0, 0x07, 0xE0, 0x00, 0x1F, 0x80, 0x1F, 0x80, 0x00, 0x7C, 0x00, 0x7C, 0x00, 0x00,
  0x00, 0x07, 0xF8, 0x00, 0x00, 0x03, 0xFC, 0x00, 0x00, 0x01, 0xFE, 0x00, 0x00, 0x00, 0xFF, 0x00, 0x00, 0x00, 0x7F, 0x80, 0x00, 0x00, 0x3F, 0xC0,
  0x00, 0x00, 0x7F, 0xF8, 0x00, 0x01, 0xFF, 0xFF, 0x80, 0x03, 0xFF, 0xFF, 0xF0, 0x03, 0xFF, 0xFF, 0xFC, 0x03, 0xFF, 0xFF, 0xFF, 0x03, 0xFF, 0xFF,
  0xFF, 0xC3, 0xFF, 0xFF, 0xFF, 0xF1, 0xFF, 0xFF, 0xFF, 0xF0, 0xFF, 0xCF, 0xCF, 0xF0, 0xFF, 0xC7, 0xE1, 0xF0, 0x7F, 0xC3, 0xF0, 0x60, 0x3F, 0xE1,
  0xF8, 0x00, 0x1F, 0xF0, 0xFC, 0x00, 0x0F, 0xF8, 0x7E, 0x00, 0x07, 0xFC, 0x3F, 0x00, 0x03, 0xFF, 0x1F, 0x80, 0x01, 0xFF, 0xCF, 0xC0, 0x00, 0x7F,
  0xFF, 0xE0, 0x00, 0x3F, 0xFF, 0xF0, 0x00, 0x0F, 0xFF, 0xFE, 0x00, 0x07, 0xFF, 0xFF, 0xE0, 0x01, 0xFF, 0xFF, 0xFC, 0x00, 0x3F, 0xFF, 0xFF, 0x80,
  0x0F, 0xFF, 0xFF, 0xE0, 0x01, 0xFF, 0xFF, 0xF8, 0x00, 0x1F, 0xFF, 0xFC, 0x00, 0x03, 0xFF, 0xFF, 0x00, 0x01, 0xFF, 0xFF, 0x80, 0x00, 0xFC, 0xFF,
  0xC0, 0x00, 0x7E, 0x3F, 0xF0, 0x00, 0x3F, 0x0F, 0xF8, 0x00, 0x1F, 0x87, 0xFC, 0x00, 0x0F, 0xC3, 0xFE, 0x00, 0x07, 0xE1, 0xFF, 0x0E, 0x03, 0xF0,
  0xFF, 0x0F, 0x81, 0xF8, 0xFF, 0x8F, 0xE0, 0xFC, 0xFF, 0xCF, 0xFE, 0x7E, 0xFF, 0xEF, 0xFF, 0xFF, 0xFF, 0xE7, 0xFF, 0xFF, 0xFF, 0xF1, 0xFF, 0xFF,
  0xFF, 0xF0, 0x7F, 0xFF, 0xFF, 0xF0, 0x1F, 0xFF, 0xFF, 0xF0, 0x03, 0xFF, 0xFF, 0xF0, 0x00, 0x7F, 0xFF, 0xE0, 0x00, 0x07, 0xFF, 0x80, 0x00, 0x00,
  0x7F, 0x80, 0x00, 0x00, 0x3F, 0xC0, 0x00, 0x00, 0x1F, 0xE0, 0x00, 0x00, 0x0F, 0xF0, 0x00, 0x00, 0x07, 0xF8, 0x00, 0x00, 0x03, 0xFC, 0x00, 0x00,
  0x00, 0xFE, 0x00, 0x00, 0x00, 0x00, 0x00, 0x1F, 0xFE, 0x00, 0x00, 0x1F, 0xF0, 0x00, 0xFF, 0xFE, 0x00, 0x00, 0x7F, 0x80, 0x07, 0xFF, 0xFC, 0x00,
  0x03, 0xFC, 0x00, 0x3F, 0xFF, 0xF0, 0x00, 0x0F, 0xF0, 0x01, 0xFF, 0xFF, 0xE0, 0x00, 0x7F, 0x80, 0x07, 0xFC, 0x7F, 0x80, 0x03, 0xFC, 0x00, 0x1F,
  0xE0, 0xFF, 0x00, 0x0F, 0xF0, 0x00, 0x7F, 0x03, 0xFC, 0x00, 0x7F, 0x80, 0x03, 0xFC, 0x0F, 0xF0, 0x03, 0xFE, 0x00, 0x0F, 0xF0, 0x3F, 0xC0, 0x0F,
  0xF0, 0x00, 0x3F, 0xC0, 0xFF, 0x00, 0x7F, 0x80, 0x00, 0xFF, 0x03, 0xFC, 0x01, 0xFE, 0x00, 0x03, 0xFC, 0x0F, 0xF0, 0x0F, 0xF0, 0x00, 0x0F, 0xF0,
  0x3F, 0xC0, 0x7F, 0x80, 0x00, 0x3F, 0xC0, 0xFF, 0x01, 0xFE, 0x00, 0x00, 0xFF, 0x03, 0xFC, 0x0F, 0xF0, 0x00, 0x03, 0xFC, 0x0F, 0xF0, 0x7F, 0xC0,
  0x00, 0x07, 0xF0, 0x3F, 0xC1, 0xFE, 0x00, 0x00, 0x1F, 0xE0, 0xFF, 0x0F, 0xF0, 0x00, 0x00, 0x7F, 0xC7, 0xF8, 0x7F, 0xC0, 0x00, 0x01, 0xFF, 0xFF,
  0xE1, 0xFE, 0x00, 0x00, 0x03, 0xFF, 0xFF, 0x0F, 0xF0, 0x1F, 0xE0, 0x07, 0xFF, 0xFC, 0x3F, 0xC1, 0xFF, 0xE0, 0x0F, 0xFF, 0xE1, 0xFE, 0x1F, 0xFF,
  0xC0, 0x1F, 0xFE, 0x0F, 0xF8, 0xFF, 0xFF, 0x80, 0x1F, 0xE0, 0x3F, 0xC3, 0xFF, 0xFF, 0x00, 0x00, 0x01, 0xFE, 0x1F, 0xFF, 0xFE, 0x00, 0x00, 0x0F,
  0xF8, 0x7F, 0x87, 0xF8, 0x00, 0x00, 0x3F, 0xC3, 0xFC, 0x1F, 0xE0, 0x00, 0x01, 0xFE, 0x0F, 0xF0, 0x3F, 0xC0, 0x00, 0x07, 0xF8, 0x3F, 0xC0, 0xFF,
  0x00, 0x00, 0x3F, 0xC0, 0xFF, 0x03, 0xFC, 0x00, 0x01, 0xFE, 0x03, 0xFC, 0x0F, 0xF0, 0x00, 0x07, 0xF8, 0x0F, 0xF0, 0x3F, 0xC0, 0x00, 0x3F, 0xC0,
  0x3F, 0xC0, 0xFF, 0x00, 0x01, 0xFF, 0x00, 0xFF, 0x03, 0xFC, 0x00, 0x07, 0xF8, 0x03, 0xFC, 0x0F, 0xF0, 0x00, 0x3F, 0xC0, 0x0F, 0xF0, 0x3F, 0xC0,
  0x00, 0xFF, 0x00, 0x3F, 0xC0, 0xFF, 0x00, 0x07, 0xF8, 0x00, 0xFF, 0x03, 0xFC, 0x00, 0x3F, 0xC0, 0x03, 0xFC, 0x1F, 0xE0, 0x00, 0xFF, 0x00, 0x07,
  0xF8, 0x7F, 0x80, 0x07, 0xF8, 0x00, 0x1F, 0xFF, 0xFE, 0x00, 0x3F, 0xE0, 0x00, 0x3F, 0xFF, 0xF0, 0x00, 0xFF, 0x00, 0x00, 0xFF, 0xFF, 0x80, 0x07,
  0xF8, 0x00, 0x01, 0xFF, 0xFC, 0x00, 0x1F, 0xE0, 0x00, 0x01, 0xFF, 0xE0, 0x00, 0x00, 0x00, 0x00, 0x01, 0xFE, 0x00, 0x00, 0x0F, 0xF8, 0x00, 0x00,
  0x00, 0x3F, 0xFF, 0x80, 0x00, 0x00, 0x7F, 0xFF, 0xE0, 0x00, 0x00, 0x7F, 0xFF, 0xFC, 0x00, 0x00, 0x7F, 0xFF, 0xFE, 0x00, 0x00, 0x3F, 0xFF, 0xFF,
  0x80, 0x00, 0x3F, 0xFF, 0xFF, 0xC0, 0x00, 0x1F, 0xFF, 0xFF, 0xF0, 0x00, 0x0F, 0xFC, 0x1F, 0xF8, 0x00, 0x07, 0xFC, 0x07, 0xFC, 0x00, 0x03, 0xFE,
  0x03, 0xFE, 0x00, 0x01, 0xFF, 0x01, 0xFF, 0x00, 0x00, 0xFF, 0x80, 0xFF, 0x80, 0x00, 0x7F, 0xC0, 0x7F, 0xC0, 0x00, 0x3F, 0xE0, 0x3F, 0xE0, 0x00,
  0x1F, 0xF8, 0x3F, 0xE0, 0x00, 0x07, 0xFC, 0x1F, 0xF0, 0x00, 0x03, 0xFF, 0x3F, 0xF0, 0x00, 0x00, 0xFF, 0xFF, 0xF8, 0x00, 0x00, 0x7F, 0xFF, 0xF8,
  0x00, 0x00, 0x1F, 0xFF, 0xF8, 0x00, 0x00, 0x07, 0xFF, 0xF8, 0x00, 0x00, 0x03, 0xFF, 0xF8, 0x1F, 0xF8, 0x03, 0xFF, 0xF0, 0x0F, 0xFC, 0x03, 0xFF,
  0xF8, 0x07, 0xFE, 0x07, 0xFF, 0xFE, 0x07, 0xFF, 0x07, 0xFF, 0xFF, 0x83, 0xFF, 0x87, 0xFF, 0xFF, 0xE1, 0xFF, 0xC3, 0xFF, 0x7F, 0xF8, 0xFF, 0xE3,
  0xFF, 0x1F, 0xFC, 0x7F, 0xF1, 0xFF, 0x87, 0xFF, 0x7F, 0x81, 0xFF, 0x81, 0xFF, 0xFF, 0xC0, 0xFF, 0xC0, 0x7F, 0xFF, 0xE0, 0x7F, 0xE0, 0x1F, 0xFF,
  0xF0, 0x3F, 0xF0, 0x0F, 0xFF, 0xF0, 0x1F, 0xF8, 0x03, 0xFF, 0xF8, 0x0F, 0xFC, 0x00, 0xFF, 0xF8, 0x07, 0xFE, 0x00, 0x3F, 0xFC, 0x03, 0xFF, 0x00,
  0x0F, 0xFE, 0x01, 0xFF, 0xC0, 0x0F, 0xFF, 0x80, 0x7F, 0xF8, 0x1F, 0xFF, 0xE0, 0x3F, 0xFF, 0xFF, 0x3F, 0xF8, 0x1F, 0xFF, 0xFF, 0x8F, 0xFE, 0x07,
  0xFF, 0xFF, 0xC7, 0xFF, 0x03, 0xFF, 0xFF, 0xC1, 0xFF, 0xC0, 0xFF, 0xFF, 0xE0, 0x7F, 0xF0, 0x3F, 0xFF, 0xE0, 0x1F, 0xFC, 0x07, 0xFF, 0xC0, 0x0F,
  0xFF, 0x00, 0x7F, 0x80, 0x00, 0x00, 0x00, 0xFF, 0xFF, 0xFF, 0xFF, 0xFF, 0xFF, 0xFF, 0xFF, 0xFF, 0xFF, 0xFF, 0xFF, 0xFF, 0xFF, 0xFF, 0xFF, 0xFF,
  0xFF, 0xFF, 0xFF, 0xFF, 0xFF, 0xFF, 0xFF, 0xFC, 0x00, 0x3F, 0xE0, 0x0F, 0xF8, 0x03, 0xFE, 0x00, 0x7F, 0xC0, 0x1F, 0xF0, 0x07, 0xFC, 0x00, 0xFF,
  0x80, 0x3F, 0xE0, 0x07, 0xF8, 0x01, 0xFF, 0x00, 0x3F, 0xC0, 0x0F, 0xF8, 0x01, 0xFF, 0x00, 0x3F, 0xC0, 0x0F, 0xF8, 0x01, 0xFE, 0x00, 0x3F, 0xC0,
  0x0F, 0xF8, 0x01, 0xFF, 0x00, 0x3F, 0xE0, 0x07, 0xF8, 0x00, 0xFF, 0x00, 0x1F, 0xE0, 0x07, 0xFC, 0x00, 0xFF, 0x80, 0x1F, 0xF0, 0x03, 0xFE, 0x00,
  0x7F, 0xC0, 0x0F, 0xF8, 0x01, 0xFF, 0x00, 0x3F, 0xE0, 0x07, 0xFC, 0x00, 0xFF, 0x80, 0x1F, 0xF0, 0x03, 0xFE, 0x00, 0x7F, 0xC0, 0x0F, 0xF8, 0x01,
  0xFF, 0x00, 0x1F, 0xE0, 0x03, 0xFC, 0x00, 0x7F, 0x80, 0x0F, 0xF8, 0x01, 0xFF, 0x00, 0x3F, 0xE0, 0x03, 0xFC, 0x00, 0x7F, 0x80, 0x0F, 0xF8, 0x00,
  0xFF, 0x00, 0x1F, 0xF0, 0x03, 0xFE, 0x00, 0x3F, 0xC0, 0x07, 0xFC, 0x00, 0x7F, 0x80, 0x0F, 0xF8, 0x00, 0xFF, 0x80, 0x1F, 0xF0, 0x01, 0xFF, 0x00,
  0x1F, 0xF0, 0x03, 0xFE, 0x00, 0x3F, 0xE0, 0x03, 0xFE, 0xFF, 0x00, 0x1F, 0xF0, 0x01, 0xFF, 0x00, 0x1F, 0xF0, 0x01, 0xFF, 0x00, 0x3F, 0xE0, 0x03,
  0xFE, 0x00, 0x3F, 0xE0, 0x07, 0xFC, 0x00, 0x7F, 0xC0, 0x0F, 0xF8, 0x00, 0xFF, 0x00, 0x1F, 0xF0, 0x03, 0xFE, 0x00, 0x3F, 0xC0, 0x07, 0xFC, 0x00,
  0xFF, 0x80, 0x0F, 0xF0, 0x01, 0xFE, 0x00, 0x3F, 0xE0, 0x07, 0xFC, 0x00, 0xFF, 0x80, 0x0F, 0xF0, 0x01, 0xFE, 0x00, 0x3F, 0xC0, 0x07, 0xF8, 0x00,
  0xFF, 0x80, 0x1F, 0xF0, 0x03, 0xFE, 0x00, 0x7F, 0xC0, 0x0F, 0xF8, 0x01, 0xFF, 0x00, 0x3F, 0xE0, 0x07, 0xFC, 0x00, 0xFF, 0x80, 0x1F, 0xE0, 0x03,
  0xFC, 0x00, 0x7F, 0x80, 0x0F, 0xF0, 0x03, 0xFE, 0x00, 0x7F, 0xC0, 0x0F, 0xF8, 0x01, 0xFE, 0x00, 0x3F, 0xC0, 0x0F, 0xF8, 0x01, 0xFF, 0x00, 0x3F,
  0xC0, 0x0F, 0xF8, 0x01, 0xFF, 0x00, 0x3F, 0xC0, 0x0F, 0xF8, 0x01, 0xFF, 0x00, 0x7F, 0xC0, 0x0F, 0xF8, 0x03, 0xFE, 0x00, 0xFF, 0x80, 0x1F, 0xF0,
  0x07, 0xFC, 0x01, 0xFF, 0x00, 0x7F, 0xC0, 0x0F, 0xF0, 0x00, 0x00, 0x07, 0xF8, 0x00, 0x00, 0x01, 0xFE, 0x00, 0x00, 0x00, 0x7F, 0x80, 0x00, 0x00,
  0x1F, 0xE0, 0x00, 0x00, 0x07, 0xF8, 0x00, 0x00, 0x01, 0xFC, 0x00, 0x00, 0x00, 0x7F, 0x00, 0x00, 0x00, 0x0F, 0xC0, 0x00, 0x30, 0x03, 0xF0, 0x07,
  0x0F, 0x00, 0xFC, 0x07, 0xC7, 0xF0, 0x3F, 0x07, 0xF9, 0xFF, 0x0F, 0xC7, 0xFE, 0x7F, 0xF3, 0xE3, 0xFF, 0xBF, 0xFF, 0xFF, 0xFF, 0xFF, 0xFF, 0xFF,
  0xFF, 0xFF, 0xFF, 0xFF, 0xFF, 0xFF, 0x07, 0xFF, 0xFF, 0xF8, 0x00, 0x07, 0xFF, 0x80, 0x00, 0x00, 0xFF, 0x80, 0x00, 0x00, 0x3F, 0xF0, 0x00, 0x00,
  0x1F, 0xFE, 0x00, 0x00, 0x0F, 0xFF, 0xC0, 0x00, 0x07, 0xF3, 0xF8, 0x00, 0x03, 0xF8, 0xFF, 0x00, 0x01, 0xFE, 0x1F, 0xE0, 0x00, 0xFF, 0x07, 0xFC,
  0x00, 0x7F, 0xC0, 0xFF, 0x80, 0x3F, 0xE0, 0x3F, 0xF0, 0x07, 0xF8, 0x07, 0xF8, 0x00, 0xFC, 0x00, 0xFC, 0x00, 0x1F, 0x00, 0x3C, 0x00, 0x01, 0x80,
  0x06, 0x00, 0x00, 0x20, 0x01, 0x00, 0x00, 0x00, 0x3F, 0xC0, 0x00, 0x01, 0xFE, 0x00, 0x00, 0x0F, 0xF0, 0x00, 0x00, 0x7F, 0x80, 0x00, 0x03, 0xFC,
  0x00, 0x00, 0x1F, 0xE0, 0x00, 0x00, 0xFF, 0x00, 0x00, 0x07, 0xF8, 0x00, 0x00, 0x3F, 0xC0, 0x00, 0x01, 0xFE, 0x00, 0x00, 0x0F, 0xF0, 0x01, 0xFF,
  0xFF, 0xFF, 0xFF, 0xFF, 0xFF, 0xFF, 0xFF, 0xFF, 0xFF, 0xFF, 0xFF, 0xFF, 0xFF, 0xFF, 0xFF, 0xFF, 0xFF, 0xFF, 0xFF, 0xFF, 0xFF, 0xFF, 0xFF, 0xFF,
  0xFF, 0xFF, 0xFF, 0xFE, 0x00, 0x7F, 0x80, 0x00, 0x03, 0xFC, 0x00, 0x00, 0x1F, 0xE0, 0x00, 0x00, 0xFF, 0x00, 0x00, 0x07, 0xF8, 0x00, 0x00, 0x3F,
  0xC0, 0x00, 0x01, 0xFE, 0x00, 0x00, 0x0F, 0xF0, 0x00, 0x00, 0x7F, 0x80, 0x00, 0x03, 0xFC, 0x00, 0x00, 0x1F, 0xE0, 0x00, 0x0F, 0xC3, 0xFE, 0x3F,
  0xF7, 0xFF, 0x7F, 0xF7, 0xFF, 0x7F, 0xF7, 0xFF, 0x7F, 0xF3, 0xFF, 0x3F, 0xF0, 0xFF, 0x07, 0xE0, 0x7E, 0x0F, 0xE0, 0xFC, 0x1F, 0xC3, 0xF8, 0x3F,
  0x07, 0xE0, 0xFC, 0x00, 0xFF, 0xFF, 0xFF, 0xFF, 0xFF, 0xFF, 0xFF, 0xFF, 0xFF, 0xFF, 0xFF, 0xFF, 0xFF, 0xFF, 0xFF, 0xFF, 0xFF, 0xFF, 0xFF, 0xFF,
  0xC0, 0x1F, 0x0F, 0xF9, 0xFF, 0xFF, 0xFF, 0xFF, 0xFF, 0xFF, 0xFF, 0xFF, 0xFF, 0xEF, 0xFD, 0xFF, 0x0F, 0x80, 0x00, 0x00, 0x1F, 0xC0, 0x00, 0x0F,
  0xF0, 0x00, 0x03, 0xFC, 0x00, 0x00, 0xFE, 0x00, 0x00, 0x7F, 0x80, 0x00, 0x1F, 0xE0, 0x00, 0x07, 0xF8, 0x00, 0x03, 0xFC, 0x00, 0x00, 0xFF, 0x00,
  0x00, 0x3F, 0xC0, 0x00, 0x1F, 0xE0, 0x00, 0x07, 0xF8, 0x00, 0x01, 0xFE, 0x00, 0x00, 0x7F, 0x00, 0x00, 0x3F, 0xC0, 0x00, 0x0F, 0xF0, 0x00, 0x03,
  0xF8, 0x00, 0x01, 0xFE, 0x00, 0x00, 0x7F, 0x80, 0x00, 0x1F, 0xE0, 0x00, 0x0F, 0xF0, 0x00, 0x03, 0xFC, 0x00, 0x00, 0xFF, 0x00, 0x00, 0x7F, 0x80,
  0x00, 0x1F, 0xE0, 0x00, 0x07, 0xF8, 0x00, 0x01, 0xFC, 0x00, 0x00, 0xFF, 0x00, 0x00, 0x3F, 0xC0, 0x00, 0x0F, 0xE0, 0x00, 0x07, 0xF8, 0x00, 0x01,
  0xFE, 0x00, 0x00, 0x7F, 0x80, 0x00, 0x3F, 0xC0, 0x00, 0x0F, 0xF0, 0x00, 0x03, 0xFC, 0x00, 0x01, 0xFE, 0x00, 0x00, 0x7F, 0x80, 0x00, 0x1F, 0xE0,
  0x00, 0x07, 0xF0, 0x00, 0x03, 0xFC, 0x00, 0x00, 0xFF, 0x00, 0x00, 0x3F, 0x80, 0x00, 0x1F, 0xE0, 0x00, 0x07, 0xF8, 0x00, 0x01, 0xFC, 0x00, 0x00,
  0xFF, 0x00, 0x00, 0x3F, 0xC0, 0x00, 0x0F, 0xF0, 0x00, 0x07, 0xF8, 0x00, 0x01, 0xFE, 0x00, 0x00, 0x7F, 0x80, 0x00, 0x1F, 0xC0, 0x00, 0x0F, 0xF0,
  0x00, 0x03, 0xFC, 0x00, 0x00, 0xFE, 0x00, 0x00, 0x7F, 0x80, 0x00, 0x1F, 0xE0, 0x00, 0x07, 0xF0, 0x00, 0x03, 0xFC, 0x00, 0x00, 0x00, 0x0F, 0xF8,
  0x00, 0x00, 0x3F, 0xFF, 0x80, 0x00, 0x7F, 0xFF, 0xF0, 0x00, 0x7F, 0xFF, 0xFC, 0x00, 0x7F, 0xFF, 0xFF, 0x00, 0x7F, 0xFF, 0xFF, 0xC0, 0x7F, 0xFF,
  0xFF, 0xE0, 0x3F, 0xFF, 0xFF, 0xF8, 0x3F, 0xFF, 0xFF, 0xFC, 0x1F, 0xFE, 0x0F, 0xFF, 0x0F, 0xFC, 0x01, 0xFF, 0x8F, 0xFC, 0x00, 0xFF, 0xC7, 0xFE,
  0x00, 0x3F, 0xF3, 0xFF, 0x00, 0x1F, 0xF9, 0xFF, 0x80, 0x0F, 0xFC, 0xFF, 0x80, 0x07, 0xFE, 0xFF, 0xC0, 0x03, 0xFF, 0x7F, 0xE0, 0x01, 0xFF, 0xBF,
  0xF0, 0x00, 0xFF, 0xDF, 0xF8, 0x00, 0x7F, 0xFF, 0xFC, 0x00, 0x3F, 0xFF, 0xFE, 0x00, 0x1F, 0xFF, 0xFF, 0x00, 0x0F, 0xFF, 0xFF, 0x80, 0x07, 0xFF,
  0xFF, 0xC0, 0x03, 0xFF, 0xFF, 0xE0, 0x01, 0xFF, 0xFF, 0xF0, 0x00, 0xFF, 0xFF, 0xF8, 0x00, 0x7F, 0xFF, 0xFC, 0x00, 0x3F, 0xFF, 0xFE, 0x00, 0x1F,
  0xFF, 0xFF, 0x00, 0x0F, 0xFD, 0xFF, 0x80, 0x07, 0xFE, 0xFF, 0xC0, 0x03, 0xFF, 0x3F, 0xE0, 0x01, 0xFF, 0x9F, 0xF8, 0x00, 0xFF, 0xCF, 0xFC, 0x00,
  0x7F, 0xE7, 0xFE, 0x00, 0x3F, 0xF3, 0xFF, 0x00, 0x3F, 0xF0, 0xFF, 0xC0, 0x1F, 0xF8, 0x7F, 0xF8, 0x3F, 0xFC, 0x3F, 0xFF, 0xFF, 0xFC, 0x0F, 0xFF,
  0xFF, 0xFE, 0x07, 0xFF, 0xFF, 0xFE, 0x01, 0xFF, 0xFF, 0xFF, 0x00, 0x7F, 0xFF, 0xFF, 0x00, 0x1F, 0xFF, 0xFF, 0x00, 0x07, 0xFF, 0xFF, 0x00, 0x00,
  0xFF, 0xFE, 0x00, 0x00, 0x0F, 0xF8, 0x00, 0x00, 0x01, 0xFF, 0xFC, 0x00, 0x01, 0xFF, 0xFC, 0x00, 0x03, 0xFF, 0xFC, 0x00, 0x07, 0xFF, 0xFC, 0x00,
  0x0F, 0xFF, 0xFC, 0x00, 0x0F, 0xFF, 0xFC, 0x00, 0x1F, 0xFF, 0xFC, 0x00, 0x3F, 0xF7, 0xFC, 0x00, 0x3F, 0xE7, 0xFC, 0x00, 0x7F, 0xC7, 0xFC, 0x00,
  0xFF, 0xC7, 0xFC, 0x00, 0xFF, 0x87, 0xFC, 0x00, 0xFF, 0x07, 0xFC, 0x00, 0x3E, 0x07, 0xFC, 0x00, 0x1E, 0x07, 0xFC, 0x00, 0x04, 0x07, 0xFC, 0x00,
  0x00, 0x07, 0xFC, 0x00, 0x00, 0x07, 0xFC, 0x00, 0x00, 0x07, 0xFC, 0x00, 0x00, 0x07, 0xFC, 0x00, 0x00, 0x07, 0xFC, 0x00, 0x00, 0x07, 0xFC, 0x00,
  0x00, 0x07, 0xFC, 0x00, 0x00, 0x07, 0xFC, 0x00, 0x00, 0x07, 0xFC, 0x00, 0x00, 0x07, 0xFC, 0x00, 0x00, 0x07, 0xFC, 0x00, 0x00, 0x07, 0xFC, 0x00,
  0x00, 0x07, 0xFC, 0x00, 0x00, 0x07, 0xFC, 0x00, 0x00, 0x07, 0xFC, 0x00, 0x00, 0x07, 0xFC, 0x00, 0x00, 0x07, 0xFC, 0x00, 0x00, 0x07, 0xFC, 0x00,
  0x00, 0x07, 0xFC, 0x00, 0x00, 0x07, 0xFC, 0x00, 0x00, 0x07, 0xFC, 0x00, 0x00, 0x07, 0xFC, 0x00, 0x3F, 0xFF, 0xFF, 0xFF, 0x3F, 0xFF, 0xFF, 0xFF,
  0x3F, 0xFF, 0xFF, 0xFF, 0x3F, 0xFF, 0xFF, 0xFF, 0x3F, 0xFF, 0xFF, 0xFF, 0x3F, 0xFF, 0xFF, 0xFF, 0x3F, 0xFF, 0xFF, 0xFF, 0x3F, 0xFF, 0xFF, 0xFF,
  0x3F, 0xFF, 0xFF, 0xFF, 0x00, 0x0F, 0xF8, 0x00, 0x00, 0x7F, 0xFF, 0x00, 0x01, 0xFF, 0xFF, 0xC0, 0x03, 0xFF, 0xFF, 0xF0, 0x07, 0xFF, 0xFF, 0xF0,
  0x0F, 0xFF, 0xFF, 0xF8, 0x1F, 0xFF, 0xFF, 0xFC, 0x3F, 0xFF, 0xFF, 0xFC, 0x3F, 0xFF, 0xFF, 0xFC, 0x3F, 0xF8, 0x3F, 0xFE, 0x7F, 0xE0, 0x0F, 0xFE,
  0x7F, 0xE0, 0x0F, 0xFE, 0xFF, 0xC0, 0x07, 0xFE, 0x3F, 0x80, 0x07, 0xFE, 0x07, 0x80, 0x07, 0xFE, 0x01, 0x80, 0x07, 0xFE, 0x00, 0x00, 0x07, 0xFE,
  0x00, 0x00, 0x07, 0xFE, 0x00, 0x00, 0x0F, 0xFC, 0x00, 0x00, 0x0F, 0xFC, 0x00, 0x00, 0x1F, 0xFC, 0x00, 0x00, 0x1F, 0xF8, 0x00, 0x00, 0x3F, 0xF8,
  0x00, 0x00, 0x7F, 0xF0, 0x00, 0x00, 0xFF, 0xE0, 0x00, 0x01, 0xFF, 0xE0, 0x00, 0x03, 0xFF, 0xC0, 0x00, 0x07, 0xFF, 0x80, 0x00, 0x0F, 0xFF, 0x00,
  0x00, 0x1F, 0xFE, 0x00, 0x00, 0x3F, 0xFC, 0x00, 0x00, 0x7F, 0xF8, 0x00, 0x00, 0xFF, 0xF0, 0x00, 0x03, 0xFF, 0xE0, 0x00, 0x07, 0xFF, 0x80, 0x00,
  0x0F, 0xFF, 0x00, 0x00, 0x1F, 0xFE, 0x00, 0x00, 0x3F, 0xFC, 0x00, 0x00, 0x7F, 0xF0, 0x00, 0x00, 0x7F, 0xFF, 0xFF, 0xFF, 0x7F, 0xFF, 0xFF, 0xFF,
  0x7F, 0xFF, 0xFF, 0xFF, 0x7F, 0xFF, 0xFF, 0xFF, 0x7F, 0xFF, 0xFF, 0xFF, 0x7F, 0xFF, 0xFF, 0xFF, 0x7F, 0xFF, 0xFF, 0xFF, 0x7F, 0xFF, 0xFF, 0xFF,
  0x7F, 0xFF, 0xFF, 0xFF, 0x00, 0x0F, 0xF8, 0x00, 0x00, 0x7F, 0xFF, 0x80, 0x01, 0xFF, 0xFF, 0xC0, 0x07, 0xFF, 0xFF, 0xF0, 0x0F, 0xFF, 0xFF, 0xF8,
  0x1F, 0xFF, 0xFF, 0xF8, 0x3F, 0xFF, 0xFF, 0xFC, 0x3F, 0xFF, 0xFF, 0xFC, 0x3F, 0xF8, 0x1F, 0xFE, 0x1F, 0xE0, 0x0F, 0xFE, 0x0F, 0xC0, 0x07, 0xFE,
  0x07, 0x80, 0x07, 0xFE, 0x03, 0x00, 0x07, 0xFE, 0x00, 0x00, 0x07, 0xFE, 0x00, 0x00, 0x07, 0xFE, 0x00, 0x00, 0x07, 0xFE, 0x00, 0x00, 0x07, 0xFE,
  0x00, 0x00, 0x07, 0xFC, 0x00, 0x00, 0x0F, 0xFC, 0x00, 0x00, 0x3F, 0xF8, 0x00, 0x1F, 0xFF, 0xF0, 0x00, 0x1F, 0xFF, 0xE0, 0x00, 0x1F, 0xFF, 0xC0,
  0x00, 0x1F, 0xFE, 0x00, 0x00, 0x1F, 0xFF, 0x00, 0x00, 0x1F, 0xFF, 0xE0, 0x00, 0x1F, 0xFF, 0xF8, 0x00, 0x1F, 0xFF, 0xFC, 0x00, 0x00, 0x3F, 0xFE,
  0x00, 0x00, 0x0F, 0xFE, 0x00, 0x00, 0x07, 0xFF, 0x00, 0x00, 0x03, 0xFF, 0x00, 0x00, 0x03, 0xFF, 0x00, 0x00, 0x03, 0xFF, 0x00, 0x00, 0x03, 0xFF,
  0x07, 0x00, 0x03, 0xFF, 0x0F, 0x00, 0x03, 0xFF, 0x1F, 0x80, 0x03, 0xFF, 0x7F, 0xC0, 0x07, 0xFF, 0xFF, 0xE0, 0x0F, 0xFE, 0xFF, 0xF8, 0x1F, 0xFE,
  0x7F, 0xFF, 0xFF, 0xFE, 0x3F, 0xFF, 0xFF, 0xFC, 0x3F, 0xFF, 0xFF, 0xF8, 0x1F, 0xFF, 0xFF, 0xF0, 0x07, 0xFF, 0xFF, 0xE0, 0x03, 0xFF, 0xFF, 0xC0,
  0x00, 0xFF, 0xFF, 0x00, 0x00, 0x1F, 0xF0, 0x00, 0x00, 0x01, 0xFF, 0xF0, 0x00, 0x01, 0xFF, 0xF8, 0x00, 0x00, 0xFF, 0xFC, 0x00, 0x00, 0xFF, 0xFE,
  0x00, 0x00, 0x7F, 0xFF, 0x00, 0x00, 0x7F, 0xFF, 0x80, 0x00, 0x3F, 0xFF, 0xC0, 0x00, 0x3F, 0xFF, 0xE0, 0x00, 0x1F, 0xFF, 0xF0, 0x00, 0x1F, 0xDF,
  0xF8, 0x00, 0x0F, 0xEF, 0xFC, 0x00, 0x0F, 0xE7, 0xFE, 0x00, 0x07, 0xF3, 0xFF, 0x00, 0x07, 0xF1, 0xFF, 0x80, 0x03, 0xF8, 0xFF, 0xC0, 0x03, 0xF8,
  0x7F, 0xE0, 0x01, 0xFC, 0x3F, 0xF0, 0x01, 0xFC, 0x1F, 0xF8, 0x00, 0xFE, 0x0F, 0xFC, 0x00, 0xFE, 0x07, 0xFE, 0x00, 0x7F, 0x03, 0xFF, 0x00, 0x7F,
  0x01, 0xFF, 0x80, 0x3F, 0x80, 0xFF, 0xC0, 0x3F, 0x80, 0x7F, 0xE0, 0x1F, 0xC0, 0x3F, 0xF0, 0x1F, 0xC0, 0x1F, 0xF8, 0x1F, 0xE0, 0x0F, 0xFC, 0x0F,
  0xE0, 0x07, 0xFE, 0x0F, 0xF0, 0x03, 0xFF, 0x07, 0xF0, 0x01, 0xFF, 0x83, 0xFF, 0xFF, 0xFF, 0xFF, 0xFF, 0xFF, 0xFF, 0xFF, 0xFF, 0xFF, 0xFF, 0xFF,
  0xFF, 0xFF, 0xFF, 0xFF, 0xFF, 0xFF, 0xFF, 0xFF, 0xFF, 0xFF, 0xFF, 0xFF, 0xFF, 0xFF, 0xFF, 0xFF, 0xFF, 0xFF, 0xFF, 0xFF, 0xFC, 0x00, 0x00, 0xFF,
  0xC0, 0x00, 0x00, 0x7F, 0xE0, 0x00, 0x00, 0x3F, 0xF0, 0x00, 0x00, 0x1F, 0xF8, 0x00, 0x00, 0x0F, 0xFC, 0x00, 0x00, 0x07, 0xFE, 0x00, 0x00, 0x03,
  0xFF, 0x00, 0x00, 0x01, 0xFF, 0x80, 0x00, 0x00, 0xFF, 0xC0, 0x3F, 0xFF, 0xFF, 0xF8, 0x3F, 0xFF, 0xFF, 0xF8, 0x3F, 0xFF, 0xFF, 0xF8, 0x3F, 0xFF,
  0xFF, 0xF8, 0x3F, 0xFF, 0xFF, 0xF8, 0x3F, 0xFF, 0xFF, 0xF8, 0x3F, 0xFF, 0xFF, 0xF8, 0x3F, 0xFF, 0xFF, 0xF8, 0x3F, 0xFF, 0xFF, 0xF8, 0x3F, 0xC0,
  0x00, 0x00, 0x3F, 0xC0, 0x00, 0x00, 0x3F, 0xC0, 0x00, 0x00, 0x3F, 0xC0, 0x00, 0x00, 0x3F, 0xC0, 0x00, 0x00, 0x3F, 0xC0, 0x00, 0x00, 0x3F, 0x80,
  0x00, 0x00, 0x7F, 0x80, 0x00, 0x00, 0x7F, 0x80, 0xFE, 0x00, 0x7F, 0x83, 0xFF, 0x80, 0x7F, 0x87, 0xFF, 0xE0, 0x7F, 0x8F, 0xFF, 0xF0, 0x7F, 0x9F,
  0xFF, 0xF8, 0x7F, 0x9F, 0xFF, 0xFC, 0x7F, 0xBF, 0xFF, 0xFC, 0x7F, 0xFF, 0xFF, 0xFE, 0x7F, 0xF8, 0x3F, 0xFE, 0x7F, 0xE0, 0x0F, 0xFE, 0x3F, 0xC0,
  0x07, 0xFE, 0x00, 0x00, 0x07, 0xFF, 0x00, 0x00, 0x07, 0xFF, 0x00, 0x00, 0x03, 0xFF, 0x00, 0x00, 0x03, 0xFF, 0x00, 0x00, 0x03, 0xFF, 0x00, 0x00,
  0x03, 0xFF, 0x02, 0x00, 0x03, 0xFF, 0x0F, 0x00, 0x07, 0xFF, 0x1F, 0x00, 0x07, 0xFE, 0x3F, 0x80, 0x07, 0xFE, 0xFF, 0xC0, 0x0F, 0xFE, 0xFF, 0xF0,
  0x3F, 0xFC, 0xFF, 0xFF, 0xFF, 0xFC, 0x7F, 0xFF, 0xFF, 0xF8, 0x3F, 0xFF, 0xFF, 0xF8, 0x1F, 0xFF, 0xFF, 0xF0, 0x0F, 0xFF, 0xFF, 0xE0, 0x07, 0xFF,
  0xFF, 0x80, 0x01, 0xFF, 0xFF, 0x00, 0x00, 0x1F, 0xF0, 0x00, 0x00, 0x01, 0xFF, 0xF0, 0x00, 0x01, 0xFF, 0xF0, 0x00, 0x01, 0xFF, 0xF0, 0x00, 0x01,
  0xFF, 0xF0, 0x00, 0x01, 0xFF, 0xE0, 0x00, 0x01, 0xFF, 0xE0, 0x00, 0x01, 0xFF, 0xE0, 0x00, 0x01, 0xFF, 0xE0, 0x00, 0x01, 0xFF, 0xE0, 0x00, 0x00,
  0xFF, 0xE0, 0x00, 0x00, 0xFF, 0xE0, 0x00, 0x00, 0xFF, 0xE0, 0x00, 0x00, 0x7F, 0xF0, 0x00, 0x00, 0x7F, 0xF0, 0x00, 0x00, 0x3F, 0xF0, 0x00, 0x00,
  0x3F, 0xF8, 0x00, 0x00, 0x1F, 0xF8, 0x00, 0x00, 0x1F, 0xF8, 0x3F, 0x80, 0x0F, 0xFC, 0x7F, 0xF8, 0x07, 0xFE, 0x7F, 0xFE, 0x07, 0xFE, 0x7F, 0xFF,
  0x83, 0xFF, 0x3F, 0xFF, 0xE1, 0xFF, 0xBF, 0xFF, 0xF8, 0xFF, 0xDF, 0xFF, 0xFC, 0x7F, 0xFF, 0xFF, 0xFF, 0x7F, 0xFE, 0x0F, 0xFF, 0xBF, 0xFC, 0x01,
  0xFF, 0xDF, 0xFC, 0x00, 0x7F, 0xFF, 0xFE, 0x00, 0x3F, 0xFF, 0xFF, 0x00, 0x0F, 0xFF, 0xFF, 0x00, 0x07, 0xFF, 0xFF, 0x80, 0x03, 0xFF, 0xFF, 0xC0,
  0x01, 0xFF, 0xFF, 0xE0, 0x00, 0xFF, 0xDF, 0xF0, 0x00, 0x7F, 0xEF, 0xFC, 0x00, 0x3F, 0xF7, 0xFE, 0x00, 0x3F, 0xFB, 0xFF, 0x00, 0x1F, 0xF8, 0xFF,
  0xC0, 0x1F, 0xFC, 0x7F, 0xF8, 0x1F, 0xFE, 0x1F, 0xFF, 0xFF, 0xFE, 0x0F, 0xFF, 0xFF, 0xFF, 0x03, 0xFF, 0xFF, 0xFF, 0x00, 0xFF, 0xFF, 0xFF, 0x00,
  0x3F, 0xFF, 0xFF, 0x00, 0x0F, 0xFF, 0xFF, 0x00, 0x01, 0xFF, 0xFE, 0x00, 0x00, 0x1F, 0xF8, 0x00, 0xFF, 0xFF, 0xFF, 0xFF, 0xFF, 0xFF, 0xFF, 0xFF,
  0xFF, 0xFF, 0xFF, 0xFF, 0xFF, 0xFF, 0xFF, 0xFF, 0xFF, 0xFF, 0xFF, 0xFF, 0xFF, 0xFF, 0xFF, 0xFF, 0xFF, 0xFF, 0xFF, 0xFF, 0xFF, 0xFF, 0xFF, 0xFF,
  0x00, 0x07, 0xFF, 0xFE, 0x00, 0x0F, 0xFB, 0xFC, 0x00, 0x3F, 0xF7, 0xF8, 0x00, 0x7F, 0xEF, 0xF0, 0x00, 0xFF, 0x9F, 0xE0, 0x03, 0xFF, 0x3F, 0xC0,
  0x07, 0xFE, 0x7F, 0x80, 0x0F, 0xF8, 0xFF, 0x00, 0x3F, 0xF0, 0x00, 0x00, 0x7F, 0xE0, 0x00, 0x01, 0xFF, 0x80, 0x00, 0x03, 0xFF, 0x00, 0x00, 0x07,
  0xFE, 0x00, 0x00, 0x1F, 0xF8, 0x00, 0x00, 0x3F, 0xF0, 0x00, 0x00, 0x7F, 0xC0, 0x00, 0x01, 0xFF, 0x80, 0x00, 0x03, 0xFF, 0x00, 0x00, 0x07, 0xFC,
  0x00, 0x00, 0x1F, 0xF8, 0x00, 0x00, 0x3F, 0xF0, 0x00, 0x00, 0xFF, 0xC0, 0x00, 0x01, 0xFF, 0x80, 0x00, 0x03, 0xFF, 0x00, 0x00, 0x0F, 0xFC, 0x00,
  0x00, 0x1F, 0xF8, 0x00, 0x00, 0x3F, 0xF0, 0x00, 0x00, 0xFF, 0xC0, 0x00, 0x01, 0xFF, 0x80, 0x00, 0x07, 0xFF, 0x00, 0x00, 0x0F, 0xFC, 0x00, 0x00,
  0x1F, 0xF8, 0x00, 0x00, 0x7F, 0xE0, 0x00, 0x00, 0xFF, 0xC0, 0x00, 0x01, 0xFF, 0x80, 0x00, 0x07, 0xFE, 0x00, 0x00, 0x0F, 0xFC, 0x00, 0x00, 0x1F,
  0xF8, 0x00, 0x00, 0x7F, 0xE0, 0x00, 0x00, 0x00, 0x1F, 0xF8, 0x00, 0x00, 0xFF, 0xFF, 0x80, 0x03, 0xFF, 0xFF, 0xC0, 0x07, 0xFF, 0xFF, 0xF0, 0x0F,
  0xFF, 0xFF, 0xF8, 0x1F, 0xFF, 0xFF, 0xF8, 0x1F, 0xFF, 0xFF, 0xFC, 0x3F, 0xFF, 0xFF, 0xFC, 0x3F, 0xFC, 0x1F, 0xFE, 0x3F, 0xF0, 0x07, 0xFE, 0x3F,
  0xE0, 0x07, 0xFE, 0x3F, 0xE0, 0x03, 0xFE, 0x3F, 0xE0, 0x03, 0xFE, 0x3F, 0xE0, 0x03, 0xFE, 0x3F, 0xE0, 0x03, 0xFE, 0x3F, 0xE0, 0x03, 0xFE, 0x3F,
  0xE0, 0x03, 0xFE, 0x1F, 0xE0, 0x07, 0xFC, 0x1F, 0xF0, 0x07, 0xFC, 0x0F, 0xFC, 0x1F, 0xF8, 0x07, 0xFF, 0xFF, 0xF0, 0x03, 0xFF, 0xFF, 0xE0, 0x01,
  0xFF, 0xFF, 0x80, 0x00, 0x7F, 0xFF, 0x00, 0x01, 0xFF, 0xFF, 0xC0, 0x07, 0xFF, 0xFF, 0xF0, 0x0F, 0xFF, 0xFF, 0xF8, 0x1F, 0xFF, 0xFF, 0xFC, 0x3F,
  0xF8, 0x1F, 0xFE, 0x7F, 0xF0, 0x07, 0xFE, 0x7F, 0xE0, 0x03, 0xFF, 0x7F, 0xE0, 0x03, 0xFF, 0x7F, 0xC0, 0x03, 0xFF, 0xFF, 0xC0, 0x03, 0xFF, 0xFF,
  0xC0, 0x03, 0xFF, 0xFF, 0xC0, 0x03, 0xFF, 0xFF, 0xC0, 0x03, 0xFF, 0xFF, 0xE0, 0x03, 0xFF, 0x7F, 0xE0, 0x03, 0xFF, 0x7F, 0xF0, 0x07, 0xFF, 0x7F,
  0xF8, 0x1F, 0xFF, 0x3F, 0xFF, 0xFF, 0xFE, 0x3F, 0xFF, 0xFF, 0xFE, 0x1F, 0xFF, 0xFF, 0xFC, 0x0F, 0xFF, 0xFF, 0xF8, 0x07, 0xFF, 0xFF, 0xF0, 0x03,
  0xFF, 0xFF, 0xE0, 0x00, 0xFF, 0xFF, 0x80, 0x00, 0x1F, 0xF8, 0x00, 0x00, 0x1F, 0xF8, 0x00, 0x00, 0xFF, 0xFF, 0x00, 0x03, 0xFF, 0xFF, 0xC0, 0x07,
  0xFF, 0xFF, 0xE0, 0x0F, 0xFF, 0xFF, 0xF0, 0x1F, 0xFF, 0xFF, 0xF8, 0x3F, 0xFF, 0xFF, 0xFC, 0x3F, 0xFF, 0xFF, 0xFC, 0x7F, 0xF8, 0x1F, 0xFE, 0x7F,
  0xF0, 0x07, 0xFE, 0xFF, 0xE0, 0x07, 0xFE, 0xFF, 0xC0, 0x03, 0xFF, 0xFF, 0xC0, 0x03, 0xFF, 0xFF, 0xC0, 0x03, 0xFF, 0xFF, 0xC0, 0x03, 0xFF, 0xFF,
  0xC0, 0x03, 0xFF, 0xFF, 0xC0, 0x03, 0xFF, 0xFF, 0xC0, 0x03, 0xFF, 0xFF, 0xC0, 0x03, 0xFF, 0xFF, 0xC0, 0x03, 0xFF, 0xFF, 0xE0, 0x07, 0xFF, 0xFF,
  0xF0, 0x07, 0xFF, 0x7F, 0xF8, 0x1F, 0xFF, 0x7F, 0xFF, 0xFF, 0xFF, 0x7F, 0xFF, 0xFB, 0xFF, 0x3F, 0xFF, 0xFB, 0xFF, 0x1F, 0xFF, 0xF3, 0xFF, 0x1F,
  0xFF, 0xE7, 0xFE, 0x0F, 0xFF, 0xE7, 0xFE, 0x03, 0xFF, 0x87, 0xFE, 0x00, 0xFE, 0x0F, 0xFC, 0x00, 0x00, 0x0F, 0xFC, 0x00, 0x00, 0x1F, 0xFC, 0x00,
  0x00, 0x1F, 0xF8, 0x00, 0x00, 0x3F, 0xF8, 0x00, 0x00, 0x7F, 0xF0, 0x00, 0x00, 0xFF, 0xE0, 0x00, 0x00, 0xFF, 0xE0, 0x00, 0x01, 0xFF, 0xC0, 0x00,
  0x03, 0xFF, 0xC0, 0x00, 0x07, 0xFF, 0x80, 0x00, 0x0F, 0xFF, 0x00, 0x00, 0x3F, 0xFE, 0x00, 0x00, 0x7F, 0xFC, 0x00, 0x00, 0xFF, 0xF8, 0x00, 0x01,
  0xFF, 0xF0, 0x00, 0x03, 0xFF, 0xE0, 0x00, 0x0F, 0xFF, 0xC0, 0x00, 0x1F, 0x0F, 0xFB, 0xFF, 0x7F, 0xFF, 0xFF, 0xFF, 0xFF, 0xFF, 0xFF, 0xFF, 0xFF,
  0xF9, 0xFF, 0x0F, 0x80, 0x00, 0x00, 0x00, 0x00, 0x00, 0x00, 0x00, 0x00, 0x00, 0x00, 0x00, 0x00, 0x00, 0x00, 0x00, 0x00, 0x00, 0x03, 0xE1, 0xFF,
  0x7F, 0xEF, 0xFF, 0xFF, 0xFF, 0xFF, 0xFF, 0xFF, 0xFF, 0xFF, 0xFF, 0x3F, 0xE1, 0xF0, 0x07, 0xC0, 0xFF, 0x8F, 0xFC, 0x7F, 0xF3, 0xFF, 0x9F, 0xFC,
  0xFF, 0xE7, 0xFF, 0x3F, 0xF9, 0xFF, 0x87, 0xFC, 0x0F, 0x80, 0x00, 0x00, 0x00, 0x00, 0x00, 0x00, 0x00, 0x00, 0x00, 0x00, 0x00, 0x00, 0x00, 0x00,
  0x00, 0x00, 0x00, 0x00, 0x00, 0x00, 0x00, 0x3E, 0x07, 0xFC, 0x7F, 0xE3, 0xFF, 0x9F, 0xFC, 0xFF, 0xE7, 0xFF, 0x3F, 0xF9, 0xFF, 0xCF, 0xFE, 0x3F,
  0xF0, 0xFF, 0x01, 0xF8, 0x0F, 0xC0, 0xFC, 0x07, 0xE0, 0x7E, 0x07, 0xF0, 0x7F, 0x07, 0xF0, 0x7F, 0x00, 0x00, 0x00, 0x03, 0x80, 0x00, 0x03, 0xC0,
  0x00, 0x03, 0xE0, 0x00, 0x07, 0xF0, 0x00, 0x07, 0xF8, 0x00, 0x0F, 0xFC, 0x00, 0x0F, 0xFE, 0x00, 0x0F, 0xFF, 0x00, 0x1F, 0xFF, 0x80, 0x1F, 0xFF,
  0x80, 0x3F, 0xFF, 0x80, 0x3F, 0xFF, 0x00, 0x3F, 0xFF, 0x00, 0x7F, 0xFE, 0x00, 0x7F, 0xFE, 0x00, 0xFF, 0xFC, 0x00, 0xFF, 0xFC, 0x00, 0x7F, 0xF8,
  0x00, 0x3F, 0xF8, 0x00, 0x1F, 0xF8, 0x00, 0x0F, 0xFE, 0x00, 0x07, 0xFF, 0x80, 0x03, 0xFF, 0xF0, 0x00, 0xFF, 0xFC, 0x00, 0x1F, 0xFF, 0x80, 0x07,
  0xFF, 0xE0, 0x00, 0xFF, 0xFC, 0x00, 0x3F, 0xFF, 0x00, 0x0F, 0xFF, 0xE0, 0x01, 0xFF, 0xF8, 0x00, 0x7F, 0xFE, 0x00, 0x0F, 0xFF, 0x00, 0x03, 0xFF,
  0x80, 0x00, 0xFF, 0xC0, 0x00, 0x1F, 0xE0, 0x00, 0x07, 0xF0, 0x00, 0x00, 0xF8, 0x00, 0x00, 0x3C, 0x00, 0x00, 0x0E, 0xFF, 0xFF, 0xFF, 0xFF, 0xFF,
  0xFF, 0xFF, 0xFF, 0xFF, 0xFF, 0xFF, 0xFF, 0xFF, 0xFF, 0xFF, 0xFF, 0xFF, 0xFF, 0xFF, 0xFF, 0xFF, 0xFF, 0xFF, 0xFF, 0xFF, 0xFF, 0xFF, 0xFF, 0xFF,
  0x00, 0x00, 0x00, 0x00, 0x00, 0x00, 0x00, 0x00, 0x00, 0x00, 0x00, 0x00, 0x00, 0x00, 0x00, 0x00, 0x00, 0x00, 0x00, 0x00, 0x00, 0x03, 0xFF, 0xFF,
  0xFF, 0xFF, 0xFF, 0xFF, 0xFF, 0xFF, 0xFF, 0xFF, 0xFF, 0xFF, 0xFF, 0xFF, 0xFF, 0xFF, 0xFF, 0xFF, 0xFF, 0xFF, 0xFF, 0xFF, 0xFF, 0xFF, 0xFF, 0xFF,
  0xFF, 0xFF, 0xFC, 0x80, 0x00, 0x00, 0x60, 0x00, 0x00, 0x3C, 0x00, 0x00, 0x1F, 0x00, 0x00, 0x0F, 0xC0, 0x00, 0x07, 0xF8, 0x00, 0x03, 0xFE, 0x00,
  0x01, 0xFF, 0xC0, 0x00, 0xFF, 0xF0, 0x00, 0x7F, 0xFE, 0x00, 0x1F, 0xFF, 0x80, 0x07, 0xFF, 0xE0, 0x00, 0xFF, 0xFC, 0x00, 0x3F, 0xFF, 0x00, 0x07,
  0xFF, 0xE0, 0x01, 0xFF, 0xF8, 0x00, 0x3F, 0xFE, 0x00, 0x0F, 0xFF, 0x80, 0x01, 0xFF, 0xE0, 0x00, 0x7F, 0xF0, 0x00, 0x1F, 0xF8, 0x00, 0x1F, 0xFC,
  0x00, 0x1F, 0xFE, 0x00, 0x3F, 0xFE, 0x00, 0x3F, 0xFE, 0x00, 0x7F, 0xFE, 0x00, 0x7F, 0xFE, 0x00, 0xFF, 0xFC, 0x00, 0xFF, 0xFC, 0x01, 0xFF, 0xF8,
  0x01, 0xFF, 0xF8, 0x01, 0xFF, 0xF8, 0x00, 0xFF, 0xF0, 0x00, 0x7F, 0xF0, 0x00, 0x3F, 0xE0, 0x00, 0x1F, 0xE0, 0x00, 0x0F, 0xC0, 0x00, 0x07, 0xC0,
  0x00, 0x03, 0xC0, 0x00, 0x01, 0x80, 0x00, 0x00, 0x80, 0x00, 0x00, 0x00, 0x00, 0x3F, 0xC0, 0x00, 0x1F, 0xFF, 0xC0, 0x07, 0xFF, 0xFE, 0x00, 0xFF,
  0xFF, 0xF8, 0x1F, 0xFF, 0xFF, 0x83, 0xFF, 0xFF, 0xFC, 0x7F, 0xFF, 0xFF, 0xE7, 0xFF, 0xFF, 0xFE, 0x7F, 0xE0, 0xFF, 0xFF, 0xFC, 0x07, 0xFF, 0xFF,
  0x80, 0x3F, 0xF3, 0xF0, 0x03, 0xFF, 0x0F, 0x00, 0x3F, 0xF0, 0x10, 0x03, 0xFF, 0x00, 0x00, 0x3F, 0xF0, 0x00, 0x03, 0xFF, 0x00, 0x00, 0x3F, 0xF0,
  0x00, 0x03, 0xFF, 0x00, 0x00, 0x7F, 0xE0, 0x00, 0x0F, 0xFE, 0x00, 0x01, 0xFF, 0xE0, 0x01, 0xFF, 0xFC, 0x00, 0x7F, 0xFF, 0x80, 0x07, 0xFF, 0xF0,
  0x00, 0x7F, 0xFE, 0x00, 0x07, 0xFF, 0xC0, 0x00, 0x7F, 0xE0, 0x00, 0x07, 0xFC, 0x00, 0x00, 0x7F, 0xC0, 0x00, 0x07, 0xFC, 0x00, 0x00, 0x7F, 0xC0,
  0x00, 0x07, 0xFC, 0x00, 0x00, 0x00, 0x00, 0x00, 0x00, 0x00, 0x00, 0x00, 0x00, 0x00, 0x00, 0x00, 0x00, 0x00, 0x00, 0x00, 0x00, 0x00, 0x03, 0xF0,
  0x00, 0x00, 0x7F, 0xC0, 0x00, 0x0F, 0xFC, 0x00, 0x00, 0xFF, 0xE0, 0x00, 0x0F, 0xFE, 0x00, 0x01, 0xFF, 0xE0, 0x00, 0x1F, 0xFE, 0x00, 0x00, 0xFF,
  0xE0, 0x00, 0x0F, 0xFE, 0x00, 0x00, 0xFF, 0xC0, 0x00, 0x07, 0xFC, 0x00, 0x00, 0x3F, 0x00, 0x00, 0x00, 0x00, 0x0F, 0xFE, 0x00, 0x00, 0x00, 0x00,
  0x7F, 0xFF, 0xF0, 0x00, 0x00, 0x01, 0xFF, 0xFF, 0xFE, 0x00, 0x00, 0x01, 0xFF, 0xFF, 0xFF, 0xC0, 0x00, 0x03, 0xFF, 0xFF, 0xFF, 0xF0, 0x00, 0x03,
  0xFF, 0xFF, 0xFF, 0xFE, 0x00, 0x03, 0xFF, 0xC0, 0x0F, 0xFF, 0x80, 0x03, 0xFF, 0x00, 0x00, 0xFF, 0xE0, 0x03, 0xFE, 0x00, 0x00, 0x1F, 0xF0, 0x03,
  0xFE, 0x00, 0x00, 0x03, 0xFC, 0x03, 0xFC, 0x00, 0x00, 0x00, 0xFF, 0x01, 0xFC, 0x00, 0x00, 0x00, 0x3F, 0x81, 0xFE, 0x00, 0x00, 0x00, 0x0F, 0xE0,
  0xFE, 0x00, 0x00, 0x00, 0x03, 0xF0, 0xFE, 0x00, 0x00, 0x00, 0x01, 0xFC, 0x7F, 0x00, 0x3F, 0x00, 0x00, 0x7E, 0x3F, 0x00, 0x7F, 0xC7, 0xF0, 0x3F,
  0x3F, 0x80, 0x7F, 0xF3, 0xF8, 0x1F, 0xDF, 0xC0, 0x7F, 0xF9, 0xFC, 0x07, 0xEF, 0xC0, 0x3F, 0xFE, 0xFE, 0x03, 0xF7, 0xE0, 0x3F, 0xFF, 0xFF, 0x01,
  0xFF, 0xF0, 0x1F, 0xE0, 0xFF, 0x80, 0xFF, 0xF8, 0x1F, 0xE0, 0x3F, 0xC0, 0x7F, 0xFC, 0x0F, 0xF0, 0x1F, 0xE0, 0x3F, 0xFE, 0x07, 0xF0, 0x07, 0xF0,
  0x1F, 0xFE, 0x03, 0xF8, 0x03, 0xF8, 0x0F, 0xFF, 0x01, 0xFC, 0x01, 0xFC, 0x07, 0xFF, 0x80, 0xFE, 0x00, 0xFE, 0x03, 0xFF, 0xC0, 0x7F, 0x00, 0x7F,
  0x01, 0xFF, 0xE0, 0x3F, 0x80, 0x3F, 0x80, 0xFF, 0xF0, 0x1F, 0xC0, 0x1F, 0xC0, 0x7F, 0xFC, 0x0F, 0xE0, 0x0F, 0xE0, 0x3F, 0xFE, 0x07, 0xF0, 0x07,
  0xF0, 0x1F, 0xFF, 0x03, 0xFC, 0x07, 0xF8, 0x1F, 0xBF, 0x81, 0xFE, 0x03, 0xFC, 0x0F, 0xCF, 0xC0, 0x7F, 0x83, 0xFF, 0x0F, 0xE7, 0xE0, 0x3F, 0xFF,
  0xBF, 0xFF, 0xE3, 0xF8, 0x0F, 0xFF, 0x9F, 0xFF, 0xE1, 0xFC, 0x07, 0xFF, 0xCF, 0xFF, 0xF0, 0x7E, 0x01, 0xFF, 0xC3, 0xFF, 0xF0, 0x3F, 0x80, 0x7F,
  0xC0, 0xFF, 0xE0, 0x1F, 0xC0, 0x0F, 0xC0, 0x1F, 0xC0, 0x07, 0xF0, 0x00, 0x00, 0x00, 0x00, 0x03, 0xFC, 0x00, 0x00, 0x00, 0x00, 0x00, 0xFE, 0x00,
  0x00, 0x00, 0x00, 0x00, 0x7F, 0x80, 0x00, 0x00, 0x00, 0x00, 0x1F, 0xF0, 0x00, 0x00, 0x00, 0x00, 0x07, 0xFC, 0x00, 0x00, 0x00, 0x00, 0x01, 0xFF,
  0x80, 0x00, 0x00, 0x00, 0x00, 0x7F, 0xF8, 0x00, 0x00, 0x00, 0x00, 0x1F, 0xFF, 0xFF, 0xFF, 0x00, 0x00, 0x07, 0xFF, 0xFF, 0xFF, 0x80, 0x00, 0x00,
  0xFF, 0xFF, 0xFF, 0xC0, 0x00, 0x00, 0x3F, 0xFF, 0xFF, 0xE0, 0x00, 0x00, 0x03, 0xFF, 0xFF, 0xF0, 0x00, 0x00, 0x00, 0x1F, 0xFF, 0xF8, 0x00, 0x00,
  0x07, 0xFF, 0x80, 0x00, 0x00, 0x1F, 0xFF, 0x80, 0x00, 0x00, 0x3F, 0xFF, 0x00, 0x00, 0x00, 0x7F, 0xFE, 0x00, 0x00, 0x00, 0xFF, 0xFC, 0x00, 0x00,
  0x03, 0xFF, 0xFC, 0x00, 0x00, 0x07, 0xFF, 0xF8, 0x00, 0x00, 0x0F, 0xFF, 0xF0, 0x00, 0x00, 0x3F, 0xFF, 0xF0, 0x00, 0x00, 0x7F, 0xBF, 0xE0, 0x00,
  0x00, 0xFF, 0x3F, 0xC0, 0x00, 0x01, 0xFE, 0x7F, 0x80, 0x00, 0x07, 0xFC, 0xFF, 0x80, 0x00, 0x0F, 0xF1, 0xFF, 0x00, 0x00, 0x1F, 0xE3, 0xFE, 0x00,
  0x00, 0x7F, 0xC3, 0xFE, 0x00, 0x00, 0xFF, 0x87, 0xFC, 0x00, 0x01, 0xFF, 0x0F, 0xF8, 0x00, 0x03, 0xFC, 0x1F, 0xF0, 0x00, 0x0F, 0xF8, 0x3F, 0xF0,
  0x00, 0x1F, 0xF0, 0x3F, 0xE0, 0x00, 0x3F, 0xE0, 0x7F, 0xC0, 0x00, 0xFF, 0x80, 0xFF, 0xC0, 0x01, 0xFF, 0x00, 0xFF, 0x80, 0x03, 0xFE, 0x01, 0xFF,
  0x00, 0x07, 0xFC, 0x03, 0xFF, 0x00, 0x1F, 0xF0, 0x07, 0xFE, 0x00, 0x3F, 0xE0, 0x07, 0xFC, 0x00, 0x7F, 0xFF, 0xFF, 0xF8, 0x01, 0xFF, 0xFF, 0xFF,
  0xF8, 0x03, 0xFF, 0xFF, 0xFF, 0xF0, 0x07, 0xFF, 0xFF, 0xFF, 0xE0, 0x0F, 0xFF, 0xFF, 0xFF, 0xE0, 0x3F, 0xFF, 0xFF, 0xFF, 0xC0, 0x7F, 0xFF, 0xFF,
  0xFF, 0x80, 0xFF, 0xFF, 0xFF, 0xFF, 0x03, 0xFE, 0x00, 0x03, 0xFF, 0x07, 0xFC, 0x00, 0x03, 0xFE, 0x0F, 0xF8, 0x00, 0x07, 0xFC, 0x1F, 0xF0, 0x00,
  0x0F, 0xFC, 0x7F, 0xC0, 0x00, 0x1F, 0xF8, 0xFF, 0x80, 0x00, 0x1F, 0xF1, 0xFF, 0x00, 0x00, 0x3F, 0xE7, 0xFE, 0x00, 0x00, 0x7F, 0xEF, 0xF8, 0x00,
  0x00, 0xFF, 0xDF, 0xF0, 0x00, 0x00, 0xFF, 0xBF, 0xE0, 0x00, 0x01, 0xFF, 0x80, 0xFF, 0xFF, 0xFF, 0x00, 0x3F, 0xFF, 0xFF, 0xF8, 0x0F, 0xFF, 0xFF,
  0xFF, 0x03, 0xFF, 0xFF, 0xFF, 0xE0, 0xFF, 0xFF, 0xFF, 0xFC, 0x3F, 0xFF, 0xFF, 0xFF, 0x8F, 0xFF, 0xFF, 0xFF, 0xE3, 0xFF, 0xFF, 0xFF, 0xF8, 0xFF,
  0xFF, 0xFF, 0xFF, 0x3F, 0xE0, 0x03, 0xFF, 0xCF, 0xF8, 0x00, 0x7F, 0xF3, 0xFE, 0x00, 0x0F, 0xFC, 0xFF, 0x80, 0x03, 0xFF, 0x3F, 0xE0, 0x00, 0xFF,
  0xCF, 0xF8, 0x00, 0x3F, 0xF3, 0xFE, 0x00, 0x0F, 0xFC, 0xFF, 0x80, 0x03, 0xFE, 0x3F, 0xE0, 0x01, 0xFF, 0x8F, 0xF8, 0x00, 0xFF, 0xC3, 0xFF, 0xFF,
  0xFF, 0xF0, 0xFF, 0xFF, 0xFF, 0xF8, 0x3F, 0xFF, 0xFF, 0xF8, 0x0F, 0xFF, 0xFF, 0xF0, 0x03, 0xFF, 0xFF, 0xFF, 0x00, 0xFF, 0xFF, 0xFF, 0xF8, 0x3F,
  0xFF, 0xFF, 0xFF, 0x0F, 0xFF, 0xFF, 0xFF, 0xE3, 0xFF, 0xFF, 0xFF, 0xFC, 0xFF, 0x80, 0x03, 0xFF, 0xBF, 0xE0, 0x00, 0x7F, 0xEF, 0xF8, 0x00, 0x1F,
  0xFB, 0xFE, 0x00, 0x07, 0xFE, 0xFF, 0x80, 0x01, 0xFF, 0xFF, 0xE0, 0x00, 0x7F, 0xFF, 0xF8, 0x00, 0x1F, 0xFF, 0xFE, 0x00, 0x07, 0xFE, 0xFF, 0x80,
  0x01, 0xFF, 0xBF, 0xE0, 0x00, 0xFF, 0xEF, 0xFF, 0xFF, 0xFF, 0xFB, 0xFF, 0xFF, 0xFF, 0xFE, 0xFF, 0xFF, 0xFF, 0xFF, 0x3F, 0xFF, 0xFF, 0xFF, 0xCF,
  0xFF, 0xFF, 0xFF, 0xE3, 0xFF, 0xFF, 0xFF, 0xF0, 0xFF, 0xFF, 0xFF, 0xF8, 0x3F, 0xFF, 0xFF, 0xFC, 0x0F, 0xFF, 0xFF, 0xFC, 0x00, 0x00, 0x03, 0xFF,
  0x00, 0x00, 0x03, 0xFF, 0xFC, 0x00, 0x01, 0xFF, 0xFF, 0xC0, 0x00, 0x7F, 0xFF, 0xFE, 0x00, 0x3F, 0xFF, 0xFF, 0xE0, 0x07, 0xFF, 0xFF, 0xFE, 0x01,
  0xFF, 0xFF, 0xFF, 0xC0, 0x7F, 0xFF, 0xFF, 0xFC, 0x1F, 0xFF, 0xFF, 0xFF, 0xC3, 0xFF, 0xE0, 0x7F, 0xF8, 0xFF, 0xF0, 0x03, 0xFF, 0x9F, 0xFC, 0x00,
  0x3F, 0xF3, 0xFF, 0x00, 0x03, 0xF8, 0xFF, 0xC0, 0x00, 0x7C, 0x1F, 0xF8, 0x00, 0x0E, 0x03, 0xFF, 0x00, 0x00, 0x80, 0x7F, 0xC0, 0x00, 0x00, 0x0F,
  0xF8, 0x00, 0x00, 0x03, 0xFF, 0x00, 0x00, 0x00, 0x7F, 0xE0, 0x00, 0x00, 0x0F, 0xFC, 0x00, 0x00, 0x01, 0xFF, 0x80, 0x00, 0x00, 0x3F, 0xF0, 0x00,
  0x00, 0x07, 0xFE, 0x00, 0x00, 0x00, 0xFF, 0xC0, 0x00, 0x00, 0x1F, 0xF8, 0x00, 0x00, 0x03, 0xFF, 0x00, 0x00, 0x00, 0x7F, 0xE0, 0x00, 0x00, 0x0F,
  0xFC, 0x00, 0x00, 0x01, 0xFF, 0x80, 0x00, 0x00, 0x3F, 0xF0, 0x00, 0x00, 0x07, 0xFE, 0x00, 0x00, 0x00, 0x7F, 0xC0, 0x00, 0x00, 0x0F, 0xFC, 0x00,
  0x03, 0x01, 0xFF, 0x80, 0x00, 0x78, 0x3F, 0xF0, 0x00, 0x1F, 0x83, 0xFF, 0x00, 0x03, 0xFC, 0x7F, 0xF0, 0x00, 0xFF, 0xCF, 0xFF, 0x00, 0x3F, 0xF8,
  0xFF, 0xF8, 0x1F, 0xFE, 0x1F, 0xFF, 0xFF, 0xFF, 0xC1, 0xFF, 0xFF, 0xFF, 0xF0, 0x3F, 0xFF, 0xFF, 0xFC, 0x03, 0xFF, 0xFF, 0xFF, 0x80, 0x3F, 0xFF,
  0xFF, 0xE0, 0x03, 0xFF, 0xFF, 0xF8, 0x00, 0x1F, 0xFF, 0xFC, 0x00, 0x00, 0xFF, 0xFE, 0x00, 0x00, 0x03, 0xFE, 0x00, 0x00, 0xFF, 0xFF, 0xF8, 0x00,
  0x1F, 0xFF, 0xFF, 0xE0, 0x03, 0xFF, 0xFF, 0xFF, 0x00, 0x7F, 0xFF, 0xFF, 0xF8, 0x0F, 0xFF, 0xFF, 0xFF, 0x81, 0xFF, 0xFF, 0xFF, 0xF8, 0x3F, 0xFF,
  0xFF, 0xFF, 0x87, 0xFF, 0xFF, 0xFF, 0xF0, 0xFF, 0xFF, 0xFF, 0xFF, 0x1F, 0xF0, 0x01, 0xFF, 0xE3, 0xFE, 0x00, 0x0F, 0xFE, 0x7F, 0xC0, 0x00, 0xFF,
  0xCF, 0xF8, 0x00, 0x1F, 0xF9, 0xFF, 0x00, 0x01, 0xFF, 0xBF, 0xE0, 0x00, 0x3F, 0xF7, 0xFC, 0x00, 0x07, 0xFE, 0xFF, 0x80, 0x00, 0xFF, 0xDF, 0xF0,
  0x00, 0x1F, 0xFB, 0xFE, 0x00, 0x01, 0xFF, 0xFF, 0xC0, 0x00, 0x3F, 0xFF, 0xF8, 0x00, 0x07, 0xFF, 0xFF, 0x00, 0x00, 0xFF, 0xFF, 0xE0, 0x00, 0x1F,
  0xFF, 0xFC, 0x00, 0x03, 0xFF, 0xFF, 0x80, 0x00, 0x7F, 0xFF, 0xF0, 0x00, 0x0F, 0xFF, 0xFE, 0x00, 0x01, 0xFF, 0xFF, 0xC0, 0x00, 0x3F, 0xFF, 0xF8,
  0x00, 0x07, 0xFF, 0xFF, 0x00, 0x01, 0xFF, 0xBF, 0xE0, 0x00, 0x3F, 0xF7, 0xFC, 0x00, 0x07, 0xFE, 0xFF, 0x80, 0x00, 0xFF, 0xDF, 0xF0, 0x00, 0x1F,
  0xFB, 0xFE, 0x00, 0x07, 0xFE, 0x7F, 0xC0, 0x00, 0xFF, 0xCF, 0xF8, 0x00, 0x3F, 0xF9, 0xFF, 0x00, 0x1F, 0xFE, 0x3F, 0xFF, 0xFF, 0xFF, 0xC7, 0xFF,
  0xFF, 0xFF, 0xF0, 0xFF, 0xFF, 0xFF, 0xFE, 0x1F, 0xFF, 0xFF, 0xFF, 0x83, 0xFF, 0xFF, 0xFF, 0xE0, 0x7F, 0xFF, 0xFF, 0xF8, 0x0F, 0xFF, 0xFF, 0xFC,
  0x01, 0xFF, 0xFF, 0xFE, 0x00, 0x3F, 0xFF, 0xFE, 0x00, 0x00, 0xFF, 0xFF, 0xFF, 0xFF, 0xFF, 0xFF, 0xFF, 0xFF, 0xFF, 0xFF, 0xFF, 0xFF, 0xFF, 0xFF,
  0xFF, 0xFF, 0xFF, 0xFF, 0xFF, 0xFF, 0xFF, 0xFF, 0xFF, 0xFF, 0xFF, 0xFF, 0xFF, 0xFF, 0xFF, 0xFF, 0xFF, 0xFF, 0xFF, 0xFC, 0x00, 0x00, 0x3F, 0xE0,
  0x00, 0x01, 0xFF, 0x00, 0x00, 0x0F, 0xF8, 0x00, 0x00, 0x7F, 0xC0, 0x00, 0x03, 0xFE, 0x00, 0x00, 0x1F, 0xF0, 0x00, 0x00, 0xFF, 0x80, 0x00, 0x07,
  0xFC, 0x00, 0x00, 0x3F, 0xE0, 0x00, 0x01, 0xFF, 0xFF, 0xFF, 0x8F, 0xFF, 0xFF, 0xFC, 0x7F, 0xFF, 0xFF, 0xE3, 0xFF, 0xFF, 0xFF, 0x1F, 0xFF, 0xFF,
  0xF8, 0xFF, 0xFF, 0xFF, 0xC7, 0xFF, 0xFF, 0xFE, 0x3F, 0xFF, 0xFF, 0xF1, 0xFF, 0xFF, 0xFF, 0x8F, 0xF8, 0x00, 0x00, 0x7F, 0xC0, 0x00, 0x03, 0xFE,
  0x00, 0x00, 0x1F, 0xF0, 0x00, 0x00, 0xFF, 0x80, 0x00, 0x07, 0xFC, 0x00, 0x00, 0x3F, 0xE0, 0x00, 0x01, 0xFF, 0x00, 0x00, 0x0F, 0xF8, 0x00, 0x00,
  0x7F, 0xC0, 0x00, 0x03, 0xFF, 0xFF, 0xFF, 0xFF, 0xFF, 0xFF, 0xFF, 0xFF, 0xFF, 0xFF, 0xFF, 0xFF, 0xFF, 0xFF, 0xFF, 0xFF, 0xFF, 0xFF, 0xFF, 0xFF,
  0xFF, 0xFF, 0xFF, 0xFF, 0xFF, 0xFF, 0xFF, 0xFF, 0xFF, 0xFF, 0xFF, 0xFF, 0xE0, 0xFF, 0xFF, 0xFF, 0xFF, 0xFF, 0xFF, 0xFF, 0xFF, 0xFF, 0xFF, 0xFF,
  0xFF, 0xFF, 0xFF, 0xFF, 0xFF, 0xFF, 0xFF, 0xFF, 0xFF, 0xFF, 0xFF, 0xFF, 0xFF, 0xFF, 0xFF, 0xFF, 0xFF, 0xFF, 0xFF, 0xFF, 0xFF, 0xF8, 0x00, 0x00,
  0xFF, 0x80, 0x00, 0x0F, 0xF8, 0x00, 0x00, 0xFF, 0x80, 0x00, 0x0F, 0xF8, 0x00, 0x00, 0xFF, 0x80, 0x00, 0x0F, 0xF8, 0x00, 0x00, 0xFF, 0x80, 0x00,
  0x0F, 0xF8, 0x00, 0x00, 0xFF, 0x80, 0x00, 0x0F, 0xFF, 0xFF, 0xF8, 0xFF, 0xFF, 0xFF, 0x8F, 0xFF, 0xFF, 0xF8, 0xFF, 0xFF, 0xFF, 0x8F, 0xFF, 0xFF,
  0xF8, 0xFF, 0xFF, 0xFF, 0x8F, 0xFF, 0xFF, 0xF8, 0xFF, 0xFF, 0xFF, 0x8F, 0xFF, 0xFF, 0xF8, 0xFF, 0x80, 0x00, 0x0F, 0xF8, 0x00, 0x00, 0xFF, 0x80,
  0x00, 0x0F, 0xF8, 0x00, 0x00, 0xFF, 0x80, 0x00, 0x0F, 0xF8, 0x00, 0x00, 0xFF, 0x80, 0x00, 0x0F, 0xF8, 0x00, 0x00, 0xFF, 0x80, 0x00, 0x0F, 0xF8,
  0x00, 0x00, 0xFF, 0x80, 0x00, 0x0F, 0xF8, 0x00, 0x00, 0xFF, 0x80, 0x00, 0x0F, 0xF8, 0x00, 0x00, 0xFF, 0x80, 0x00, 0x0F, 0xF8, 0x00, 0x00, 0xFF,
  0x80, 0x00, 0x0F, 0xF8, 0x00, 0x00, 0xFF, 0x80, 0x00, 0x00, 0x00, 0x03, 0xFF, 0x00, 0x00, 0x00, 0xFF, 0xFF, 0x00, 0x00, 0x1F, 0xFF, 0xFE, 0x00,
  0x03, 0xFF, 0xFF, 0xF8, 0x00, 0x3F, 0xFF, 0xFF, 0xF0, 0x03, 0xFF, 0xFF, 0xFF, 0xC0, 0x1F, 0xFF, 0xFF, 0xFF, 0x01, 0xFF, 0xFF, 0xFF, 0xF8, 0x1F,
  0xFF, 0xFF, 0xFF, 0xE0, 0xFF, 0xF8, 0x1F, 0xFF, 0x0F, 0xFF, 0x00, 0x1F, 0xFC, 0x7F, 0xF0, 0x00, 0x7F, 0xC3, 0xFF, 0x00, 0x01, 0xF8, 0x3F, 0xF0,
  0x00, 0x0F, 0x01, 0xFF, 0x80, 0x00, 0x20, 0x0F, 0xFC, 0x00, 0x00, 0x00, 0x7F, 0xC0, 0x00, 0x00, 0x07, 0xFE, 0x00, 0x00, 0x00, 0x3F, 0xF0, 0x00,
  0x00, 0x01, 0xFF, 0x80, 0x00, 0x00, 0x0F, 0xFC, 0x00, 0x00, 0x00, 0x7F, 0xE0, 0x07, 0xFF, 0xFF, 0xFF, 0x00, 0x3F, 0xFF, 0xFF, 0xF8, 0x01, 0xFF,
  0xFF, 0xFF, 0xC0, 0x0F, 0xFF, 0xFF, 0xFE, 0x00, 0x7F, 0xFF, 0xFF, 0xF0, 0x03, 0xFF, 0xFF, 0xFF, 0x80, 0x1F, 0xFF, 0xFF, 0xFC, 0x00, 0xFF, 0xFF,
  0xFF, 0xE0, 0x07, 0xFF, 0xFF, 0xFF, 0x00, 0x00, 0x3F, 0xFF, 0xF8, 0x00, 0x01, 0xFF, 0x7F, 0xC0, 0x00, 0x0F, 0xFB, 0xFF, 0x00, 0x00, 0xFF, 0xDF,
  0xF8, 0x00, 0x07, 0xFE, 0xFF, 0xC0, 0x00, 0x3F, 0xF3, 0xFF, 0x00, 0x01, 0xFF, 0x9F, 0xFC, 0x00, 0x1F, 0xFC, 0xFF, 0xF0, 0x01, 0xFF, 0xE3, 0xFF,
  0xE0, 0x7F, 0xFF, 0x1F, 0xFF, 0xFF, 0xFF, 0xF8, 0x7F, 0xFF, 0xFF, 0x3F, 0xC3, 0xFF, 0xFF, 0xF9, 0xFE, 0x0F, 0xFF, 0xFF, 0xCF, 0xF0, 0x3F, 0xFF,
  0xFC, 0x7F, 0x80, 0xFF, 0xFF, 0xC3, 0xFC, 0x03, 0xFF, 0xFC, 0x1F, 0xE0, 0x07, 0xFF, 0xC0, 0xFF, 0x00, 0x07, 0xF8, 0x00, 0x00, 0xFF, 0x80, 0x00,
  0x7F, 0xFF, 0xF0, 0x00, 0x0F, 0xFF, 0xFE, 0x00, 0x01, 0xFF, 0xFF, 0xC0, 0x00, 0x3F, 0xFF, 0xF8, 0x00, 0x07, 0xFF, 0xFF, 0x00, 0x00, 0xFF, 0xFF,
  0xE0, 0x00, 0x1F, 0xFF, 0xFC, 0x00, 0x03, 0xFF, 0xFF, 0x80, 0x00, 0x7F, 0xFF, 0xF0, 0x00, 0x0F, 0xFF, 0xFE, 0x00, 0x01, 0xFF, 0xFF, 0xC0, 0x00,
  0x3F, 0xFF, 0xF8, 0x00, 0x07, 0xFF, 0xFF, 0x00, 0x00, 0xFF, 0xFF, 0xE0, 0x00, 0x1F, 0xFF, 0xFC, 0x00, 0x03, 0xFF, 0xFF, 0x80, 0x00, 0x7F, 0xFF,
  0xF0, 0x00, 0x0F, 0xFF, 0xFF, 0xFF, 0xFF, 0xFF, 0xFF, 0xFF, 0xFF, 0xFF, 0xFF, 0xFF, 0xFF, 0xFF, 0xFF, 0xFF, 0xFF, 0xFF, 0xFF, 0xFF, 0xFF, 0xFF,
  0xFF, 0xFF, 0xFF, 0xFF, 0xFF, 0xFF, 0xFF, 0xFF, 0xFF, 0xFF, 0xFF, 0xFF, 0xFF, 0xFF, 0xFF, 0xFF, 0xFF, 0xFF, 0xFF, 0xFF, 0xC0, 0x00, 0x3F, 0xFF,
  0xF8, 0x00, 0x07, 0xFF, 0xFF, 0x00, 0x00, 0xFF, 0xFF, 0xE0, 0x00, 0x1F, 0xFF, 0xFC, 0x00, 0x03, 0xFF, 0xFF, 0x80, 0x00, 0x7F, 0xFF, 0xF0, 0x00,
  0x0F, 0xFF, 0xFE, 0x00, 0x01, 0xFF, 0xFF, 0xC0, 0x00, 0x3F, 0xFF, 0xF8, 0x00, 0x07, 0xFF, 0xFF, 0x00, 0x00, 0xFF, 0xFF, 0xE0, 0x00, 0x1F, 0xFF,
  0xFC, 0x00, 0x03, 0xFF, 0xFF, 0x80, 0x00, 0x7F, 0xFF, 0xF0, 0x00, 0x0F, 0xFF, 0xFE, 0x00, 0x01, 0xFF, 0xFF, 0xC0, 0x00, 0x3F, 0xFF, 0xF8, 0x00,
  0x07, 0xFF, 0xFF, 0x00, 0x00, 0xFF, 0xFF, 0xE0, 0x00, 0x1F, 0xF8, 0xFF, 0xFF, 0xFF, 0xFF, 0xFF, 0xFF, 0xFF, 0xFF, 0xFF, 0xFF, 0xFF, 0xFF, 0xFF,
  0xFF, 0xFF, 0xFF, 0xFF, 0xFF, 0xFF, 0xFF, 0xFF, 0x03, 0xFE, 0x00, 0x1F, 0xF0, 0x00, 0xFF, 0x80, 0x07, 0xFC, 0x00, 0x3F, 0xE0, 0x01, 0xFF, 0x00,
  0x0F, 0xF8, 0x00, 0x7F, 0xC0, 0x03, 0xFE, 0x00, 0x1F, 0xF0, 0x00, 0xFF, 0x80, 0x07, 0xFC, 0x00, 0x3F, 0xE0, 0x01, 0xFF, 0x00, 0x0F, 0xF8, 0x00,
  0x7F, 0xC0, 0x03, 0xFE, 0x00, 0x1F, 0xF0, 0x00, 0xFF, 0x80, 0x07, 0xFC, 0x00, 0x3F, 0xE0, 0x01, 0xFF, 0x00, 0x0F, 0xF8, 0x00, 0x7F, 0xC0, 0x03,
  0xFE, 0x00, 0x1F, 0xF0, 0x00, 0xFF, 0x80, 0x07, 0xFC, 0x00, 0x3F, 0xE0, 0x01, 0xFF, 0x00, 0x0F, 0xF8, 0x1F, 0xFF, 0xFF, 0xFF, 0xFF, 0xFF, 0xFF,
  0xFF, 0xFF, 0xFF, 0xFF, 0xFF, 0xFF, 0xFF, 0xFF, 0xFF, 0xFF, 0xFF, 0xFF, 0xFF, 0xFF, 0xE0, 0x03, 0xFF, 0xFF, 0xF0, 0x3F, 0xFF, 0xFF, 0x03, 0xFF,
  0xFF, 0xF0, 0x3F, 0xFF, 0xFF, 0x03, 0xFF, 0xFF, 0xF0, 0x3F, 0xFF, 0xFF, 0x03, 0xFF, 0xFF, 0xF0, 0x3F, 0xFF, 0xFF, 0x00, 0x00, 0x3F, 0xF0, 0x00,
  0x03, 0xFF, 0x00, 0x00, 0x3F, 0xF0, 0x00, 0x03, 0xFF, 0x00, 0x00, 0x3F, 0xF0, 0x00, 0x03, 0xFF, 0x00, 0x00, 0x3F, 0xF0, 0x00, 0x03, 0xFF, 0x00,
  0x00, 0x3F, 0xF0, 0x00, 0x03, 0xFF, 0x00, 0x00, 0x3F, 0xF0, 0x00, 0x03, 0xFF, 0x00, 0x00, 0x3F, 0xF0, 0x00, 0x03, 0xFF, 0x00, 0x00, 0x3F, 0xF0,
  0x00, 0x03, 0xFF, 0x00, 0x00, 0x3F, 0xF0, 0x00, 0x03, 0xFF, 0x00, 0x00, 0x3F, 0xF0, 0x00, 0x03, 0xFF, 0x00, 0x00, 0x3F, 0xF0, 0x00, 0x03, 0xFF,
  0x00, 0x00, 0x3F, 0xF0, 0x00, 0x03, 0xFF, 0x00, 0x00, 0x3F, 0xF0, 0xF0, 0x03, 0xFF, 0xFF, 0x80, 0x3F, 0xFF, 0xF8, 0x03, 0xFF, 0xFF, 0x80, 0x3F,
  0xFF, 0xFC, 0x07, 0xFF, 0xFF, 0xE0, 0xFF, 0xF7, 0xFF, 0xFF, 0xFE, 0x7F, 0xFF, 0xFF, 0xE3, 0xFF, 0xFF, 0xFC, 0x3F, 0xFF, 0xFF, 0xC1, 0xFF, 0xFF,
  0xF8, 0x0F, 0xFF, 0xFF, 0x00, 0x7F, 0xFF, 0xE0, 0x01, 0xFF, 0xF8, 0x00, 0x03, 0xFC, 0x00, 0xFF, 0x80, 0x00, 0x7F, 0xF7, 0xFC, 0x00, 0x07, 0xFF,
  0x3F, 0xE0, 0x00, 0x7F, 0xF1, 0xFF, 0x00, 0x03, 0xFF, 0x8F, 0xF8, 0x00, 0x3F, 0xF8, 0x7F, 0xC0, 0x03, 0xFF, 0x83, 0xFE, 0x00, 0x1F, 0xF8, 0x1F,
  0xF0, 0x01, 0xFF, 0xC0, 0xFF, 0x80, 0x1F, 0xFC, 0x07, 0xFC, 0x00, 0xFF, 0xC0, 0x3F, 0xE0, 0x0F, 0xFC, 0x01, 0xFF, 0x00, 0xFF, 0xE0, 0x0F, 0xF8,
  0x07, 0xFE, 0x00, 0x7F, 0xC0, 0x7F, 0xE0, 0x03, 0xFE, 0x07, 0xFE, 0x00, 0x1F, 0xF0, 0x3F, 0xF0, 0x00, 0xFF, 0x83, 0xFF, 0x00, 0x07, 0xFC, 0x3F,
  0xF0, 0x00, 0x3F, 0xE1, 0xFF, 0x80, 0x01, 0xFF, 0x1F, 0xF8, 0x00, 0x0F, 0xF9, 0xFF, 0xC0, 0x00, 0x7F, 0xCF, 0xFF, 0x00, 0x03, 0xFE, 0xFF, 0xF8,
  0x00, 0x1F, 0xFF, 0xFF, 0xE0, 0x00, 0xFF, 0xFF, 0xFF, 0x80, 0x07, 0xFF, 0xFF, 0xFC, 0x00, 0x3F, 0xFF, 0xFF, 0xF0, 0x01, 0xFF, 0xF9, 0xFF, 0x80,
  0x0F, 0xFF, 0x8F, 0xFE, 0x00, 0x7F, 0xF8, 0x3F, 0xF0, 0x03, 0xFF, 0xC1, 0xFF, 0xC0, 0x1F, 0xFC, 0x07, 0xFE, 0x00, 0xFF, 0xC0, 0x3F, 0xF8, 0x07,
  0xFE, 0x00, 0xFF, 0xE0, 0x3F, 0xE0, 0x07, 0xFF, 0x01, 0xFF, 0x00, 0x1F, 0xFC, 0x0F, 0xF8, 0x00, 0xFF, 0xE0, 0x7F, 0xC0, 0x03, 0xFF, 0x83, 0xFE,
  0x00, 0x1F, 0xFC, 0x1F, 0xF0, 0x00, 0x7F, 0xF0, 0xFF, 0x80, 0x03, 0xFF, 0xC7, 0xFC, 0x00, 0x0F, 0xFE, 0x3F, 0xE0, 0x00, 0x7F, 0xF9, 0xFF, 0x00,
  0x01, 0xFF, 0xCF, 0xF8, 0x00, 0x07, 0xFF, 0x7F, 0xC0, 0x00, 0x3F, 0xFB, 0xFE, 0x00, 0x00, 0xFF, 0xE0, 0xFF, 0x80, 0x00, 0x7F, 0xC0, 0x00, 0x3F,
  0xE0, 0x00, 0x1F, 0xF0, 0x00, 0x0F, 0xF8, 0x00, 0x07, 0xFC, 0x00, 0x03, 0xFE, 0x00, 0x01, 0xFF, 0x00, 0x00, 0xFF, 0x80, 0x00, 0x7F, 0xC0, 0x00,
  0x3F, 0xE0, 0x00, 0x1F, 0xF0, 0x00, 0x0F, 0xF8, 0x00, 0x07, 0xFC, 0x00, 0x03, 0xFE, 0x00, 0x01, 0xFF, 0x00, 0x00, 0xFF, 0x80, 0x00, 0x7F, 0xC0,
  0x00, 0x3F, 0xE0, 0x00, 0x1F, 0xF0, 0x00, 0x0F, 0xF8, 0x00, 0x07, 0xFC, 0x00, 0x03, 0xFE, 0x00, 0x01, 0xFF, 0x00, 0x00, 0xFF, 0x80, 0x00, 0x7F,
  0xC0, 0x00, 0x3F, 0xE0, 0x00, 0x1F, 0xF0, 0x00, 0x0F, 0xF8, 0x00, 0x07, 0xFC, 0x00, 0x03, 0xFE, 0x00, 0x01, 0xFF, 0x00, 0x00, 0xFF, 0x80, 0x00,
  0x7F, 0xC0, 0x00, 0x3F, 0xE0, 0x00, 0x1F, 0xF0, 0x00, 0x0F, 0xF8, 0x00, 0x07, 0xFC, 0x00, 0x03, 0xFF, 0xFF, 0xFF, 0xFF, 0xFF, 0xFF, 0xFF, 0xFF,
  0xFF, 0xFF, 0xFF, 0xFF, 0xFF, 0xFF, 0xFF, 0xFF, 0xFF, 0xFF, 0xFF, 0xFF, 0xFF, 0xFF, 0xFF, 0xFF, 0xFF, 0xFF, 0xFF, 0xFE, 0xFF, 0xC0, 0x00, 0x03,
  0xFF, 0xFF, 0xE0, 0x00, 0x03, 0xFF, 0xFF, 0xE0, 0x00, 0x07, 0xFF, 0xFF, 0xE0, 0x00, 0x07, 0xFF, 0xFF, 0xF0, 0x00, 0x0F, 0xFF, 0xFF, 0xF0, 0x00,
  0x0F, 0xFF, 0xFF, 0xF8, 0x00, 0x1F, 0xFF, 0xFF, 0xF8, 0x00, 0x1F, 0xFF, 0xFF, 0xFC, 0x00, 0x3F, 0xFF, 0xFF, 0xFC, 0x00, 0x3F, 0xFF, 0xFF, 0xFE,
  0x00, 0x3F, 0xFF, 0xFF, 0xFE, 0x00, 0x7F, 0xFF, 0xFF, 0xFF, 0x00, 0x7F, 0xFF, 0xFF, 0xFF, 0x00, 0xFF, 0xFF, 0xFF, 0xFF, 0x80, 0xFF, 0xFF, 0xFF,
  0x3F, 0x81, 0xFE, 0xFF, 0xFF, 0x3F, 0x81, 0xFC, 0xFF, 0xFF, 0x3F, 0xC1, 0xFC, 0xFF, 0xFF, 0x1F, 0xC3, 0xF8, 0xFF, 0xFF, 0x9F, 0xC3, 0xF8, 0xFF,
  0xFF, 0x8F, 0xE3, 0xF8, 0xFF, 0xFF, 0x8F, 0xE7, 0xF1, 0xFF, 0xFF, 0x8F, 0xE7, 0xF1, 0xFF, 0xFF, 0x87, 0xFF, 0xE1, 0xFF, 0xFF, 0x87, 0xFF, 0xE1,
  0xFF, 0xFF, 0x83, 0xFF, 0xC1, 0xFF, 0xFF, 0x83, 0xFF, 0xC1, 0xFF, 0xFF, 0x81, 0xFF, 0x81, 0xFF, 0xFF, 0x81, 0xFF, 0x81, 0xFF, 0xFF, 0x80, 0xFF,
  0x01, 0xFF, 0xFF, 0x80, 0xFF, 0x01, 0xFF, 0xFF, 0x80, 0x7F, 0x01, 0xFF, 0xFF, 0x80, 0x7E, 0x01, 0xFF, 0xFF, 0x80, 0x7E, 0x01, 0xFF, 0xFF, 0x80,
  0x3C, 0x01, 0xFF, 0xFF, 0x80, 0x3C, 0x01, 0xFF, 0xFF, 0x80, 0x18, 0x01, 0xFF, 0xFF, 0x80, 0x18, 0x01, 0xFF, 0xFF, 0x80, 0x00, 0x01, 0xFF, 0xFF,
  0x80, 0x00, 0x01, 0xFF, 0xFF, 0x80, 0x00, 0x01, 0xFF, 0xFF, 0x80, 0x00, 0x01, 0xFF, 0xFF, 0x80, 0x00, 0x01, 0xFF, 0xFF, 0x80, 0x00, 0x01, 0xFF,
  0xFF, 0x80, 0x00, 0x01, 0xFF, 0xFF, 0x80, 0x00, 0x01, 0xFF, 0xFF, 0x80, 0x00, 0x01, 0xFF, 0xFF, 0xC0, 0x00, 0x3F, 0xFF, 0xFC, 0x00, 0x07, 0xFF,
  0xFF, 0x80, 0x00, 0xFF, 0xFF, 0xF8, 0x00, 0x1F, 0xFF, 0xFF, 0x00, 0x03, 0xFF, 0xFF, 0xF0, 0x00, 0x7F, 0xFF, 0xFE, 0x00, 0x0F, 0xFF, 0xFF, 0xE0,
  0x01, 0xFF, 0xFF, 0xFC, 0x00, 0x3F, 0xFF, 0xFF, 0xC0, 0x07, 0xFF, 0xFF, 0xF8, 0x00, 0xFF, 0xFF, 0xFF, 0x80, 0x1F, 0xFF, 0xFF, 0xF0, 0x03, 0xFF,
  0xFF, 0xFF, 0x00, 0x7F, 0xFF, 0xFF, 0xE0, 0x0F, 0xFF, 0xF9, 0xFE, 0x01, 0xFF, 0xFF, 0x3F, 0xC0, 0x3F, 0xFF, 0xE7, 0xFC, 0x07, 0xFF, 0xFC, 0x7F,
  0x80, 0xFF, 0xFF, 0xCF, 0xF8, 0x1F, 0xFF, 0xF8, 0xFF, 0x03, 0xFF, 0xFF, 0x1F, 0xE0, 0x7F, 0xFF, 0xE1, 0xFE, 0x0F, 0xFF, 0xFC, 0x3F, 0xC1, 0xFF,
  0xFF, 0x87, 0xFC, 0x3F, 0xFF, 0xF0, 0x7F, 0x87, 0xFF, 0xFE, 0x0F, 0xF8, 0xFF, 0xFF, 0xC0, 0xFF, 0x1F, 0xFF, 0xF8, 0x1F, 0xF3, 0xFF, 0xFF, 0x01,
  0xFE, 0x7F, 0xFF, 0xE0, 0x3F, 0xCF, 0xFF, 0xFC, 0x03, 0xFD, 0xFF, 0xFF, 0x80, 0x7F, 0xFF, 0xFF, 0xF0, 0x07, 0xFF, 0xFF, 0xFE, 0x00, 0xFF, 0xFF,
  0xFF, 0xC0, 0x0F, 0xFF, 0xFF, 0xF8, 0x01, 0xFF, 0xFF, 0xFF, 0x00, 0x1F, 0xFF, 0xFF, 0xE0, 0x03, 0xFF, 0xFF, 0xFC, 0x00, 0x3F, 0xFF, 0xFF, 0x80,
  0x07, 0xFF, 0xFF, 0xF0, 0x00, 0x7F, 0xFF, 0xFE, 0x00, 0x0F, 0xFF, 0xFF, 0xC0, 0x00, 0xFF, 0xFF, 0xF8, 0x00, 0x1F, 0xFF, 0xFF, 0x00, 0x01, 0xFF,
  0xFF, 0xE0, 0x00, 0x3F, 0xF8, 0x00, 0x03, 0xFF, 0x00, 0x00, 0x00, 0x7F, 0xFF, 0x80, 0x00, 0x07, 0xFF, 0xFF, 0x80, 0x00, 0x7F, 0xFF, 0xFF, 0x00,
  0x03, 0xFF, 0xFF, 0xFE, 0x00, 0x1F, 0xFF, 0xFF, 0xFC, 0x00, 0xFF, 0xFF, 0xFF, 0xF8, 0x03, 0xFF, 0xFF, 0xFF, 0xF0, 0x1F, 0xFF, 0xFF, 0xFF, 0xC0,
  0x7F, 0xFC, 0x0F, 0xFF, 0x83, 0xFF, 0xC0, 0x0F, 0xFE, 0x0F, 0xFC, 0x00, 0x1F, 0xFC, 0x3F, 0xF0, 0x00, 0x3F, 0xF1, 0xFF, 0x80, 0x00, 0xFF, 0xC7,
  0xFE, 0x00, 0x01, 0xFF, 0x9F, 0xF8, 0x00, 0x07, 0xFE, 0x7F, 0xC0, 0x00, 0x1F, 0xFB, 0xFF, 0x00, 0x00, 0x7F, 0xEF, 0xFC, 0x00, 0x01, 0xFF, 0xBF,
  0xF0, 0x00, 0x07, 0xFE, 0xFF, 0xC0, 0x00, 0x1F, 0xFF, 0xFF, 0x00, 0x00, 0x7F, 0xFF, 0xFC, 0x00, 0x01, 0xFF, 0xFF, 0xF0, 0x00, 0x07, 0xFF, 0xFF,
  0xC0, 0x00, 0x1F, 0xFF, 0xFF, 0x00, 0x00, 0x7F, 0xFF, 0xFC, 0x00, 0x01, 0xFF, 0xFF, 0xF0, 0x00, 0x07, 0xFF, 0xFF, 0xC0, 0x00, 0x1F, 0xFF, 0xFF,
  0x00, 0x00, 0x7F, 0xEF, 0xFC, 0x00, 0x01, 0xFF, 0xBF, 0xF0, 0x00, 0x07, 0xFE, 0x7F, 0xC0, 0x00, 0x1F, 0xF9, 0xFF, 0x80, 0x00, 0x7F, 0xE7, 0xFE,
  0x00, 0x01, 0xFF, 0x9F, 0xF8, 0x00, 0x0F, 0xFC, 0x3F, 0xF0, 0x00, 0x3F, 0xF0, 0xFF, 0xC0, 0x01, 0xFF, 0xC3, 0xFF, 0xC0, 0x0F, 0xFE, 0x07, 0xFF,
  0xC0, 0xFF, 0xF8, 0x1F, 0xFF, 0xFF, 0xFF, 0xC0, 0x3F, 0xFF, 0xFF, 0xFF, 0x00, 0xFF, 0xFF, 0xFF, 0xF8, 0x01, 0xFF, 0xFF, 0xFF, 0xC0, 0x03, 0xFF,
  0xFF, 0xFE, 0x00, 0x07, 0xFF, 0xFF, 0xF0, 0x00, 0x07, 0xFF, 0xFF, 0x80, 0x00, 0x07, 0xFF, 0xF8, 0x00, 0x00, 0x03, 0xFF, 0x00, 0x00, 0xFF, 0xFF,
  0xFF, 0x00, 0x7F, 0xFF, 0xFF, 0xF0, 0x3F, 0xFF, 0xFF, 0xFC, 0x1F, 0xFF, 0xFF, 0xFF, 0x0F, 0xFF, 0xFF, 0xFF, 0xC7, 0xFF, 0xFF, 0xFF, 0xF3, 0xFF,
  0xFF, 0xFF, 0xF9, 0xFF, 0xFF, 0xFF, 0xFE, 0xFF, 0xFF, 0xFF, 0xFF, 0x7F, 0xC0, 0x03, 0xFF, 0xFF, 0xE0, 0x00, 0xFF, 0xFF, 0xF0, 0x00, 0x3F, 0xFF,
  0xF8, 0x00, 0x1F, 0xFF, 0xFC, 0x00, 0x0F, 0xFF, 0xFE, 0x00, 0x07, 0xFF, 0xFF, 0x00, 0x03, 0xFF, 0xFF, 0x80, 0x01, 0xFF, 0xFF, 0xC0, 0x00, 0xFF,
  0xFF, 0xE0, 0x00, 0x7F, 0xFF, 0xF0, 0x00, 0x7F, 0xFF, 0xF8, 0x00, 0x7F, 0xFF, 0xFF, 0xFF, 0xFF, 0xFB, 0xFF, 0xFF, 0xFF, 0xFD, 0xFF, 0xFF, 0xFF,
  0xFC, 0xFF, 0xFF, 0xFF, 0xFE, 0x7F, 0xFF, 0xFF, 0xFE, 0x3F, 0xFF, 0xFF, 0xFE, 0x1F, 0xFF, 0xFF, 0xFE, 0x0F, 0xFF, 0xFF, 0xFE, 0x07, 0xFF, 0xFF,
  0xF8, 0x03, 0xFE, 0x00, 0x00, 0x01, 0xFF, 0x00, 0x00, 0x00, 0xFF, 0x80, 0x00, 0x00, 0x7F, 0xC0, 0x00, 0x00, 0x3F, 0xE0, 0x00, 0x00, 0x1F, 0xF0,
  0x00, 0x00, 0x0F, 0xF8, 0x00, 0x00, 0x07, 0xFC, 0x00, 0x00, 0x03, 0xFE, 0x00, 0x00, 0x01, 0xFF, 0x00, 0x00, 0x00, 0xFF, 0x80, 0x00, 0x00, 0x7F,
  0xC0, 0x00, 0x00, 0x3F, 0xE0, 0x00, 0x00, 0x1F, 0xF0, 0x00, 0x00, 0x0F, 0xF8, 0x00, 0x00, 0x07, 0xFC, 0x00, 0x00, 0x03, 0xFE, 0x00, 0x00, 0x00,
  0x00, 0x03, 0xFF, 0x00, 0x00, 0x00, 0x7F, 0xFF, 0x80, 0x00, 0x07, 0xFF, 0xFF, 0x80, 0x00, 0x7F, 0xFF, 0xFF, 0x00, 0x03, 0xFF, 0xFF, 0xFF, 0x00,
  0x1F, 0xFF, 0xFF, 0xFC, 0x00, 0xFF, 0xFF, 0xFF, 0xF8, 0x03, 0xFF, 0xFF, 0xFF, 0xF0, 0x1F, 0xFF, 0xFF, 0xFF, 0xC0, 0x7F, 0xFC, 0x0F, 0xFF, 0x83,
  0xFF, 0xC0, 0x0F, 0xFE, 0x0F, 0xFC, 0x00, 0x1F, 0xFC, 0x3F, 0xF0, 0x00, 0x3F, 0xF1, 0xFF, 0x80, 0x00, 0xFF, 0xC7, 0xFE, 0x00, 0x01, 0xFF, 0x9F,
  0xF8, 0x00, 0x07, 0xFE, 0x7F, 0xC0, 0x00, 0x1F, 0xFB, 0xFF, 0x00, 0x00, 0x7F, 0xEF, 0xFC, 0x00, 0x01, 0xFF, 0xBF, 0xF0, 0x00, 0x07, 0xFE, 0xFF,
  0xC0, 0x00, 0x1F, 0xFF, 0xFF, 0x00, 0x00, 0x7F, 0xFF, 0xFC, 0x00, 0x01, 0xFF, 0xFF, 0xF0, 0x00, 0x07, 0xFF, 0xFF, 0xC0, 0x00, 0x1F, 0xFF, 0xFF,
  0x00, 0x00, 0x7F, 0xFF, 0xFC, 0x00, 0x01, 0xFF, 0xFF, 0xF0, 0x00, 0x07, 0xFF, 0xFF, 0xC0, 0x00, 0x1F, 0xFB, 0xFF, 0x00, 0x00, 0x7F, 0xEF, 0xFC,
  0x00, 0x01, 0xFF, 0x9F, 0xF0, 0x00, 0x07, 0xFE, 0x7F, 0xE0, 0x00, 0x1F, 0xF9, 0xFF, 0x80, 0x00, 0x7F, 0xE7, 0xFE, 0x00, 0x03, 0xFF, 0x1F, 0xFC,
  0x00, 0x0F, 0xFC, 0x3F, 0xF0, 0x00, 0x7F, 0xF0, 0xFF, 0xF0, 0x03, 0xFF, 0xC1, 0xFF, 0xF0, 0x3F, 0xFE, 0x07, 0xFF, 0xFF, 0xFF, 0xF8, 0x0F, 0xFF,
  0xFF, 0xFF, 0xC0, 0x3F, 0xFF, 0xFF, 0xFE, 0x00, 0x7F, 0xFF, 0xFF, 0xF8, 0x00, 0xFF, 0xFF, 0xFF, 0xC0, 0x01, 0xFF, 0xFF, 0xFE, 0x00, 0x03, 0xFF,
  0xFF, 0xE0, 0x00, 0x03, 0xFF, 0xFF, 0x00, 0x00, 0x01, 0xFF, 0xE0, 0x00, 0x00, 0x01, 0xFF, 0x00, 0x00, 0x00, 0x07, 0xFC, 0x00, 0x00, 0x00, 0x1F,
  0xF0, 0x00, 0x00, 0x00, 0x7F, 0xC0, 0x00, 0x00, 0x01, 0xFF, 0xFC, 0x00, 0x00, 0x07, 0xFF, 0xF0, 0x00, 0x00, 0x1F, 0xFF, 0xC0, 0x00, 0x00, 0x3F,
  0xFF, 0x00, 0x00, 0x00, 0xFF, 0xFC, 0x00, 0x00, 0x01, 0xFF, 0xF0, 0x00, 0x00, 0x03, 0xFF, 0xC0, 0x00, 0x00, 0x03, 0xFF, 0x00, 0xFF, 0xFF, 0xFF,
  0x00, 0x7F, 0xFF, 0xFF, 0xF0, 0x3F, 0xFF, 0xFF, 0xFC, 0x1F, 0xFF, 0xFF, 0xFF, 0x0F, 0xFF, 0xFF, 0xFF, 0xC7, 0xFF, 0xFF, 0xFF, 0xF3, 0xFF, 0xFF,
  0xFF, 0xFD, 0xFF, 0xFF, 0xFF, 0xFE, 0xFF, 0xFF, 0xFF, 0xFF, 0x7F, 0xC0, 0x03, 0xFF, 0xFF, 0xE0, 0x00, 0x7F, 0xFF, 0xF0, 0x00, 0x3F, 0xFF, 0xF8,
  0x00, 0x1F, 0xFF, 0xFC, 0x00, 0x0F, 0xFF, 0xFE, 0x00, 0x07, 0xFF, 0xFF, 0x00, 0x03, 0xFF, 0xFF, 0x80, 0x01, 0xFF, 0xFF, 0xC0, 0x00, 0xFF, 0xFF,
  0xE0, 0x00, 0x7F, 0xFF, 0xF0, 0x00, 0xFF, 0xFF, 0xFF, 0xFF, 0xFF, 0xF7, 0xFF, 0xFF, 0xFF, 0xFB, 0xFF, 0xFF, 0xFF, 0xFD, 0xFF, 0xFF, 0xFF, 0xFC,
  0xFF, 0xFF, 0xFF, 0xFC, 0x7F, 0xFF, 0xFF, 0xFC, 0x3F, 0xFF, 0xFF, 0xFC, 0x1F, 0xFF, 0xFF, 0xFC, 0x0F, 0xFF, 0xFF, 0xFC, 0x07, 0xFC, 0x07, 0xFE,
  0x03, 0xFE, 0x03, 0xFF, 0x01, 0xFF, 0x00, 0xFF, 0xC0, 0xFF, 0x80, 0x7F, 0xE0, 0x7F, 0xC0, 0x1F, 0xF8, 0x3F, 0xE0, 0x0F, 0xFC, 0x1F, 0xF0, 0x07,
  0xFF, 0x0F, 0xF8, 0x01, 0xFF, 0x87, 0xFC, 0x00, 0xFF, 0xE3, 0xFE, 0x00, 0x3F, 0xF1, 0xFF, 0x00, 0x1F, 0xF8, 0xFF, 0x80, 0x07, 0xFE, 0x7F, 0xC0,
  0x03, 0xFF, 0x3F, 0xE0, 0x01, 0xFF, 0xDF, 0xF0, 0x00, 0x7F, 0xEF, 0xF8, 0x00, 0x3F, 0xFF, 0xFC, 0x00, 0x0F, 0xFF, 0xFE, 0x00, 0x07, 0xFE, 0x00,
  0x0F, 0xFC, 0x00, 0x00, 0x3F, 0xFF, 0xE0, 0x00, 0x7F, 0xFF, 0xFC, 0x00, 0x7F, 0xFF, 0xFF, 0x00, 0x7F, 0xFF, 0xFF, 0xC0, 0x7F, 0xFF, 0xFF, 0xF0,
  0x7F, 0xFF, 0xFF, 0xFC, 0x3F, 0xFF, 0xFF, 0xFE, 0x3F, 0xFF, 0xFF, 0xFE, 0x1F, 0xFE, 0x03, 0xFE, 0x0F, 0xFC, 0x00, 0x7E, 0x07, 0xFE, 0x00, 0x0E,
  0x07, 0xFE, 0x00, 0x02, 0x03, 0xFF, 0x00, 0x00, 0x01, 0xFF, 0x80, 0x00, 0x00, 0xFF, 0xC0, 0x00, 0x00, 0x7F, 0xF0, 0x00, 0x00, 0x1F, 0xFC, 0x00,
  0x00, 0x0F, 0xFF, 0x80, 0x00, 0x07, 0xFF, 0xFC, 0x00, 0x03, 0xFF, 0xFF, 0xE0, 0x00, 0xFF, 0xFF, 0xFE, 0x00, 0x3F, 0xFF, 0xFF, 0xC0, 0x1F, 0xFF,
  0xFF, 0xF0, 0x07, 0xFF, 0xFF, 0xFC, 0x00, 0xFF, 0xFF, 0xFF, 0x00, 0x3F, 0xFF, 0xFF, 0xC0, 0x03, 0xFF, 0xFF, 0xE0, 0x00, 0x1F, 0xFF, 0xF8, 0x00,
  0x00, 0x7F, 0xFC, 0x00, 0x00, 0x0F, 0xFE, 0x00, 0x00, 0x03, 0xFF, 0x00, 0x00, 0x01, 0xFF, 0x80, 0x00, 0x00, 0xFF, 0xC0, 0x00, 0x00, 0x7F, 0xE0,
  0xC0, 0x00, 0x3F, 0xF0, 0xF0, 0x00, 0x1F, 0xF8, 0xFC, 0x00, 0x0F, 0xFC, 0xFF, 0x00, 0x0F, 0xFE, 0xFF, 0xF0, 0x1F, 0xFE, 0xFF, 0xFF, 0xFF, 0xFF,
  0x7F, 0xFF, 0xFF, 0xFF, 0x9F, 0xFF, 0xFF, 0xFF, 0x87, 0xFF, 0xFF, 0xFF, 0x81, 0xFF, 0xFF, 0xFF, 0x80, 0x7F, 0xFF, 0xFF, 0x80, 0x0F, 0xFF, 0xFF,
  0x80, 0x01, 0xFF, 0xFF, 0x00, 0x00, 0x1F, 0xF8, 0x00, 0x00, 0xFF, 0xFF, 0xFF, 0xFF, 0xFF, 0xFF, 0xFF, 0xFF, 0xFF, 0xFF, 0xFF, 0xFF, 0xFF, 0xFF,
  0xFF, 0xFF, 0xFF, 0xFF, 0xFF, 0xFF, 0xFF, 0xFF, 0xFF, 0xFF, 0xFF, 0xFF, 0xFF, 0xFF, 0xFF, 0xFF, 0xFF, 0xFF, 0xFF, 0xFF, 0xFF, 0xFF, 0x00, 0x1F,
  0xF8, 0x00, 0x00, 0x1F, 0xF8, 0x00, 0x00, 0x1F, 0xF8, 0x00, 0x00, 0x1F, 0xF8, 0x00, 0x00, 0x1F, 0xF8, 0x00, 0x00, 0x1F, 0xF8, 0x00, 0x00, 0x1F,
  0xF8, 0x00, 0x00, 0x1F, 0xF8, 0x00, 0x00, 0x1F, 0xF8, 0x00, 0x00, 0x1F, 0xF8, 0x00, 0x00, 0x1F, 0xF8, 0x00, 0x00, 0x1F, 0xF8, 0x00, 0x00, 0x1F,
  0xF8, 0x00, 0x00, 0x1F, 0xF8, 0x00, 0x00, 0x1F, 0xF8, 0x00, 0x00, 0x1F, 0xF8, 0x00, 0x00, 0x1F, 0xF8, 0x00, 0x00, 0x1F, 0xF8, 0x00, 0x00, 0x1F,
  0xF8, 0x00, 0x00, 0x1F, 0xF8, 0x00, 0x00, 0x1F, 0xF8, 0x00, 0x00, 0x1F, 0xF8, 0x00, 0x00, 0x1F, 0xF8, 0x00, 0x00, 0x1F, 0xF8, 0x00, 0x00, 0x1F,
  0xF8, 0x00, 0x00, 0x1F, 0xF8, 0x00, 0x00, 0x1F, 0xF8, 0x00, 0x00, 0x1F, 0xF8, 0x00, 0x00, 0x1F, 0xF8, 0x00, 0x00, 0x1F, 0xF8, 0x00, 0x00, 0x1F,
  0xF8, 0x00, 0x00, 0x1F, 0xF8, 0x00, 0x00, 0x1F, 0xF8, 0x00, 0x00, 0x1F, 0xF8, 0x00, 0x00, 0x1F, 0xF8, 0x00, 0x00, 0x1F, 0xF8, 0x00, 0x00, 0x1F,
  0xF8, 0x00, 0x00, 0x1F, 0xF8, 0x00, 0xFF, 0xC0, 0x00, 0x7F, 0xFF, 0xF0, 0x00, 0x1F, 0xFF, 0xFC, 0x00, 0x07, 0xFF, 0xFF, 0x00, 0x01, 0xFF, 0xFF,
  0xC0, 0x00, 0x7F, 0xFF, 0xF0, 0x00, 0x1F, 0xFF, 0xFC, 0x00, 0x07, 0xFF, 0xFF, 0x00, 0x01, 0xFF, 0xFF, 0xC0, 0x00, 0x7F, 0xFF, 0xF0, 0x00, 0x1F,
  0xFF, 0xFC, 0x00, 0x07, 0xFF, 0xFF, 0x00, 0x01, 0xFF, 0xFF, 0xC0, 0x00, 0x7F, 0xFF, 0xF0, 0x00, 0x1F, 0xFF, 0xFC, 0x00, 0x07, 0xFF, 0xFF, 0x00,
  0x01, 0xFF, 0xFF, 0xC0, 0x00, 0x7F, 0xFF, 0xF0, 0x00, 0x1F, 0xFF, 0xFC, 0x00, 0x07, 0xFF, 0xFF, 0x00, 0x01, 0xFF, 0xFF, 0xC0, 0x00, 0x7F, 0xFF,
  0xF0, 0x00, 0x1F, 0xFF, 0xFC, 0x00, 0x07, 0xFF, 0xFF, 0x00, 0x01, 0xFF, 0xFF, 0xC0, 0x00, 0x7F, 0xFF, 0xF0, 0x00, 0x1F, 0xFF, 0xFC, 0x00, 0x07,
  0xFF, 0xFF, 0x00, 0x01, 0xFF, 0xFF, 0xC0, 0x00, 0x7F, 0xFF, 0xF0, 0x00, 0x1F, 0xFF, 0xFC, 0x00, 0x07, 0xFF, 0xFF, 0x00, 0x01, 0xFF, 0xFF, 0xC0,
  0x00, 0x7F, 0xDF, 0xF0, 0x00, 0x3F, 0xF7, 0xFE, 0x00, 0x0F, 0xFD, 0xFF, 0x80, 0x03, 0xFF, 0x7F, 0xE0, 0x01, 0xFF, 0xDF, 0xFC, 0x00, 0x7F, 0xF7,
  0xFF, 0xC0, 0x7F, 0xF8, 0xFF, 0xFF, 0xFF, 0xFE, 0x3F, 0xFF, 0xFF, 0xFF, 0x87, 0xFF, 0xFF, 0xFF, 0xC1, 0xFF, 0xFF, 0xFF, 0xF0, 0x3F, 0xFF, 0xFF,
  0xF8, 0x07, 0xFF, 0xFF, 0xFC, 0x00, 0xFF, 0xFF, 0xFE, 0x00, 0x0F, 0xFF, 0xFE, 0x00, 0x00, 0x3F, 0xF8, 0x00, 0xFF, 0xC0, 0x00, 0x07, 0xFF, 0xFF,
  0x80, 0x00, 0x0F, 0xF9, 0xFF, 0x80, 0x00, 0x3F, 0xF3, 0xFF, 0x00, 0x00, 0x7F, 0xE7, 0xFE, 0x00, 0x00, 0xFF, 0xCF, 0xFC, 0x00, 0x01, 0xFF, 0x0F,
  0xFC, 0x00, 0x07, 0xFE, 0x1F, 0xF8, 0x00, 0x0F, 0xFC, 0x3F, 0xF0, 0x00, 0x1F, 0xF0, 0x3F, 0xE0, 0x00, 0x3F, 0xE0, 0x7F, 0xE0, 0x00, 0xFF, 0xC0,
  0xFF, 0xC0, 0x01, 0xFF, 0x80, 0xFF, 0x80, 0x03, 0xFE, 0x01, 0xFF, 0x00, 0x07, 0xFC, 0x03, 0xFF, 0x00, 0x1F, 0xF8, 0x07, 0xFE, 0x00, 0x3F, 0xE0,
  0x07, 0xFC, 0x00, 0x7F, 0xC0, 0x0F, 0xFC, 0x01, 0xFF, 0x80, 0x1F, 0xF8, 0x03, 0xFE, 0x00, 0x1F, 0xF0, 0x07, 0xFC, 0x00, 0x3F, 0xE0, 0x0F, 0xF8,
  0x00, 0x7F, 0xE0, 0x3F, 0xF0, 0x00, 0xFF, 0xC0, 0x7F, 0xC0, 0x00, 0xFF, 0x80, 0xFF, 0x80, 0x01, 0xFF, 0x01, 0xFF, 0x00, 0x03, 0xFF, 0x07, 0xFC,
  0x00, 0x03, 0xFE, 0x0F, 0xF8, 0x00, 0x07, 0xFC, 0x1F, 0xF0, 0x00, 0x0F, 0xF8, 0x3F, 0xE0, 0x00, 0x0F, 0xF8, 0xFF, 0x80, 0x00, 0x1F, 0xF1, 0xFF,
  0x00, 0x00, 0x3F, 0xE3, 0xFE, 0x00, 0x00, 0x7F, 0xC7, 0xF8, 0x00, 0x00, 0x7F, 0x8F, 0xF0, 0x00, 0x00, 0xFF, 0x1F, 0xE0, 0x00, 0x01, 0xFF, 0x7F,
  0xC0, 0x00, 0x01, 0xFE, 0xFF, 0x00, 0x00, 0x03, 0xFD, 0xFE, 0x00, 0x00, 0x07, 0xFF, 0xFC, 0x00, 0x00, 0x07, 0xFF, 0xF0, 0x00, 0x00, 0x0F, 0xFF,
  0xE0, 0x00, 0x00, 0x1F, 0xFF, 0xC0, 0x00, 0x00, 0x3F, 0xFF, 0x00, 0x00, 0x00, 0x3F, 0xFE, 0x00, 0x00, 0x00, 0x7F, 0xFC, 0x00, 0x00, 0x00, 0xFF,
  0xF8, 0x00, 0x00, 0x00, 0xFF, 0xE0, 0x00, 0x00, 0xFF, 0xC0, 0x01, 0xFF, 0xC0, 0x01, 0xFF, 0xFF, 0xC0, 0x01, 0xFF, 0xC0, 0x01, 0xFF, 0xFF, 0xC0,
  0x03, 0xFF, 0xC0, 0x01, 0xFF, 0x7F, 0xC0, 0x03, 0xFF, 0xC0, 0x03, 0xFF, 0x7F, 0xC0, 0x03, 0xFF, 0xE0, 0x03, 0xFE, 0x7F, 0xC0, 0x03, 0xFF, 0xE0,
  0x03, 0xFE, 0x7F, 0xE0, 0x03, 0xFF, 0xE0, 0x03, 0xFE, 0x7F, 0xE0, 0x07, 0xFF, 0xE0, 0x03, 0xFE, 0x3F, 0xE0, 0x07, 0xFF, 0xE0, 0x03, 0xFC, 0x3F,
  0xE0, 0x07, 0xFF, 0xF0, 0x07, 0xFC, 0x3F, 0xE0, 0x07, 0xFF, 0xF0, 0x07, 0xFC, 0x3F, 0xE0, 0x07, 0xE7, 0xF0, 0x07, 0xFC, 0x3F, 0xF0, 0x0F, 0xE7,
  0xF0, 0x07, 0xFC, 0x1F, 0xF0, 0x0F, 0xE7, 0xF0, 0x07, 0xF8, 0x1F, 0xF0, 0x0F, 0xE7, 0xF8, 0x07, 0xF8, 0x1F, 0xF0, 0x0F, 0xE7, 0xF8, 0x0F, 0xF8,
  0x1F, 0xF0, 0x1F, 0xE7, 0xF8, 0x0F, 0xF8, 0x1F, 0xF0, 0x1F, 0xE7, 0xF8, 0x0F, 0xF8, 0x0F, 0xF8, 0x1F, 0xC3, 0xF8, 0x0F, 0xF0, 0x0F, 0xF8, 0x1F,
  0xC3, 0xFC, 0x0F, 0xF0, 0x0F, 0xF8, 0x1F, 0xC3, 0xFC, 0x0F, 0xF0, 0x0F, 0xF8, 0x3F, 0xC3, 0xFC, 0x1F, 0xF0, 0x0F, 0xF8, 0x3F, 0xC3, 0xFC, 0x1F,
  0xF0, 0x07, 0xF8, 0x3F, 0x83, 0xFE, 0x1F, 0xE0, 0x07, 0xFC, 0x3F, 0x81, 0xFE, 0x1F, 0xE0, 0x07, 0xFC, 0x3F, 0x81, 0xFE, 0x1F, 0xE0, 0x07, 0xFC,
  0x7F, 0x81, 0xFE, 0x1F, 0xE0, 0x07, 0xFC, 0x7F, 0x81, 0xFE, 0x3F, 0xC0, 0x03, 0xFC, 0x7F, 0x00, 0xFE, 0x3F, 0xC0, 0x03, 0xFC, 0x7F, 0x00, 0xFE,
  0x3F, 0xC0, 0x03, 0xFC, 0x7F, 0x00, 0xFF, 0x3F, 0xC0, 0x03, 0xFE, 0x7F, 0x00, 0xFF, 0x3F, 0xC0, 0x03, 0xFE, 0x7F, 0x00, 0xFF, 0x3F, 0x80, 0x01,
  0xFE, 0x7E, 0x00, 0x7F, 0x3F, 0x80, 0x01, 0xFE, 0xFE, 0x00, 0x7F, 0x3F, 0x80, 0x01, 0xFE, 0xFE, 0x00, 0x7F, 0x7F, 0x80, 0x01, 0xFF, 0xFE, 0x00,
  0x7F, 0xFF, 0x80, 0x01, 0xFF, 0xFE, 0x00, 0x7F, 0xFF, 0x00, 0x00, 0xFF, 0xFC, 0x00, 0x3F, 0xFF, 0x00, 0x00, 0xFF, 0xFC, 0x00, 0x3F, 0xFF, 0x00,
  0x00, 0xFF, 0xFC, 0x00, 0x3F, 0xFF, 0x00, 0x00, 0xFF, 0xFC, 0x00, 0x3F, 0xFF, 0x00, 0x00, 0xFF, 0xFC, 0x00, 0x3F, 0xFE, 0x00, 0x00, 0x7F, 0xF8,
  0x00, 0x1F, 0xFE, 0x00, 0x00, 0x7F, 0xF8, 0x00, 0x1F, 0xFE, 0x00, 0x00, 0x7F, 0xF8, 0x00, 0x1F, 0xFE, 0x00, 0x00, 0x7F, 0xF8, 0x00, 0x1F, 0xFC,
  0x00, 0x7F, 0xF0, 0x00, 0x0F, 0xFC, 0x7F, 0xF0, 0x00, 0x1F, 0xF8, 0xFF, 0xE0, 0x00, 0x7F, 0xE0, 0xFF, 0xE0, 0x00, 0xFF, 0xC1, 0xFF, 0xC0, 0x03,
  0xFF, 0x01, 0xFF, 0xC0, 0x07, 0xFE, 0x03, 0xFF, 0x80, 0x1F, 0xF8, 0x03, 0xFF, 0x80, 0x3F, 0xF0, 0x07, 0xFF, 0x00, 0xFF, 0xC0, 0x07, 0xFF, 0x01,
  0xFF, 0x00, 0x07, 0xFE, 0x07, 0xFE, 0x00, 0x0F, 0xFE, 0x0F, 0xF8, 0x00, 0x0F, 0xFC, 0x3F, 0xF0, 0x00, 0x1F, 0xFC, 0x7F, 0xC0, 0x00, 0x1F, 0xF9,
  0xFF, 0x80, 0x00, 0x3F, 0xFF, 0xFE, 0x00, 0x00, 0x3F, 0xFF, 0xFC, 0x00, 0x00, 0x7F, 0xFF, 0xF0, 0x00, 0x00, 0x7F, 0xFF, 0xC0, 0x00, 0x00, 0x7F,
  0xFF, 0x80, 0x00, 0x00, 0xFF, 0xFE, 0x00, 0x00, 0x00, 0xFF, 0xFC, 0x00, 0x00, 0x01, 0xFF, 0xF0, 0x00, 0x00, 0x03, 0xFF, 0xE0, 0x00, 0x00, 0x07,
  0xFF, 0xE0, 0x00, 0x00, 0x1F, 0xFF, 0xC0, 0x00, 0x00, 0x7F, 0xFF, 0xC0, 0x00, 0x00, 0xFF, 0xFF, 0xC0, 0x00, 0x03, 0xFF, 0xFF, 0x80, 0x00, 0x07,
  0xFF, 0xFF, 0x80, 0x00, 0x1F, 0xFB, 0xFF, 0x00, 0x00, 0x3F, 0xE7, 0xFF, 0x00, 0x00, 0xFF, 0xC7, 0xFE, 0x00, 0x01, 0xFF, 0x07, 0xFE, 0x00, 0x07,
  0xFE, 0x0F, 0xFE, 0x00, 0x1F, 0xF8, 0x0F, 0xFC, 0x00, 0x3F, 0xF0, 0x1F, 0xFC, 0x00, 0xFF, 0xC0, 0x1F, 0xF8, 0x01, 0xFF, 0x80, 0x3F, 0xF8, 0x07,
  0xFE, 0x00, 0x3F, 0xF0, 0x0F, 0xFC, 0x00, 0x7F, 0xF0, 0x3F, 0xF0, 0x00, 0x7F, 0xE0, 0x7F, 0xE0, 0x00, 0xFF, 0xE1, 0xFF, 0x80, 0x00, 0xFF, 0xE7,
  0xFF, 0x00, 0x01, 0xFF, 0xCF, 0xFC, 0x00, 0x01, 0xFF, 0xFF, 0xF8, 0x00, 0x03, 0xFF, 0x80, 0xFF, 0xC0, 0x00, 0x1F, 0xFF, 0xFF, 0x80, 0x00, 0x7F,
  0xE7, 0xFE, 0x00, 0x01, 0xFF, 0x9F, 0xF8, 0x00, 0x0F, 0xFC, 0x3F, 0xF0, 0x00, 0x3F, 0xF0, 0xFF, 0xC0, 0x01, 0xFF, 0x81, 0xFF, 0x80, 0x07, 0xFE,
  0x07, 0xFE, 0x00, 0x3F, 0xF0, 0x0F, 0xFC, 0x00, 0xFF, 0xC0, 0x3F, 0xF0, 0x03, 0xFE, 0x00, 0x7F, 0xE0, 0x1F, 0xF8, 0x01, 0xFF, 0x80, 0x7F, 0xC0,
  0x03, 0xFE, 0x03, 0xFF, 0x00, 0x0F, 0xFC, 0x0F, 0xF8, 0x00, 0x1F, 0xF0, 0x7F, 0xE0, 0x00, 0x7F, 0xE1, 0xFF, 0x00, 0x01, 0xFF, 0x87, 0xFC, 0x00,
  0x03, 0xFF, 0x3F, 0xE0, 0x00, 0x0F, 0xFC, 0xFF, 0x80, 0x00, 0x1F, 0xFF, 0xFC, 0x00, 0x00, 0x7F, 0xFF, 0xF0, 0x00, 0x00, 0xFF, 0xFF, 0x80, 0x00,
  0x03, 0xFF, 0xFE, 0x00, 0x00, 0x07, 0xFF, 0xF0, 0x00, 0x00, 0x1F, 0xFF, 0xC0, 0x00, 0x00, 0x3F, 0xFE, 0x00, 0x00, 0x00, 0xFF, 0xF8, 0x00, 0x00,
  0x01, 0xFF, 0xC0, 0x00, 0x00, 0x07, 0xFF, 0x00, 0x00, 0x00, 0x0F, 0xFC, 0x00, 0x00, 0x00, 0x3F, 0xF0, 0x00, 0x00, 0x00, 0xFF, 0xC0, 0x00, 0x00,
  0x03, 0xFF, 0x00, 0x00, 0x00, 0x0F, 0xFC, 0x00, 0x00, 0x00, 0x3F, 0xF0, 0x00, 0x00, 0x00, 0xFF, 0xC0, 0x00, 0x00, 0x03, 0xFF, 0x00, 0x00, 0x00,
  0x0F, 0xFC, 0x00, 0x00, 0x00, 0x3F, 0xF0, 0x00, 0x00, 0x00, 0xFF, 0xC0, 0x00, 0x00, 0x03, 0xFF, 0x00, 0x00, 0x00, 0x0F, 0xFC, 0x00, 0x00, 0x00,
  0x3F, 0xF0, 0x00, 0x00, 0x00, 0xFF, 0xC0, 0x00, 0x00, 0x03, 0xFF, 0x00, 0x00, 0x00, 0x0F, 0xFC, 0x00, 0x00, 0x00, 0x3F, 0xF0, 0x00, 0x00, 0x7F,
  0xFF, 0xFF, 0xFF, 0x3F, 0xFF, 0xFF, 0xFF, 0x9F, 0xFF, 0xFF, 0xFF, 0xCF, 0xFF, 0xFF, 0xFF, 0xE7, 0xFF, 0xFF, 0xFF, 0xF3, 0xFF, 0xFF, 0xFF, 0xF9,
  0xFF, 0xFF, 0xFF, 0xFC, 0xFF, 0xFF, 0xFF, 0xFE, 0x7F, 0xFF, 0xFF, 0xFF, 0x00, 0x00, 0x03, 0xFF, 0x80, 0x00, 0x03, 0xFF, 0x80, 0x00, 0x03, 0xFF,
  0x80, 0x00, 0x03, 0xFF, 0xC0, 0x00, 0x01, 0xFF, 0xC0, 0x00, 0x01, 0xFF, 0xC0, 0x00, 0x01, 0xFF, 0xE0, 0x00, 0x00, 0xFF, 0xE0, 0x00, 0x00, 0xFF,
  0xE0, 0x00, 0x00, 0xFF, 0xE0, 0x00, 0x00, 0x7F, 0xF0, 0x00, 0x00, 0x7F, 0xF0, 0x00, 0x00, 0x7F, 0xF0, 0x00, 0x00, 0x7F, 0xF8, 0x00, 0x00, 0x3F,
  0xF8, 0x00, 0x00, 0x3F, 0xF8, 0x00, 0x00, 0x3F, 0xF8, 0x00, 0x00, 0x1F, 0xFC, 0x00, 0x00, 0x1F, 0xFC, 0x00, 0x00, 0x1F, 0xFC, 0x00, 0x00, 0x1F,
  0xFE, 0x00, 0x00, 0x0F, 0xFE, 0x00, 0x00, 0x0F, 0xFE, 0x00, 0x00, 0x0F, 0xFE, 0x00, 0x00, 0x07, 0xFF, 0x00, 0x00, 0x07, 0xFF, 0x00, 0x00, 0x07,
  0xFF, 0x00, 0x00, 0x07, 0xFF, 0x80, 0x00, 0x03, 0xFF, 0x80, 0x00, 0x03, 0xFF, 0xFF, 0xFF, 0xFF, 0xFF, 0xFF, 0xFF, 0xFF, 0xFF, 0xFF, 0xFF, 0xFF,
  0xFF, 0xFF, 0xFF, 0xFF, 0xFF, 0xFF, 0xFF, 0xFF, 0xFF, 0xFF, 0xFF, 0xFF, 0xFF, 0xFF, 0xFF, 0xFF, 0xFF, 0xFF, 0xFF, 0xFF, 0xFF, 0xFF, 0xFF, 0xFF,
  0xFE, 0xFF, 0xFF, 0xFF, 0xFF, 0xFF, 0xFF, 0xFF, 0xFF, 0xFF, 0xFF, 0xFC, 0x1F, 0xE0, 0xFF, 0x07, 0xF8, 0x3F, 0xC1, 0xFE, 0x0F, 0xF0, 0x7F, 0x83,
  0xFC, 0x1F, 0xE0, 0xFF, 0x07, 0xF8, 0x3F, 0xC1, 0xFE, 0x0F, 0xF0, 0x7F, 0x83, 0xFC, 0x1F, 0xE0, 0xFF, 0x07, 0xF8, 0x3F, 0xC1, 0xFE, 0x0F, 0xF0,
  0x7F, 0x83, 0xFC, 0x1F, 0xE0, 0xFF, 0x07, 0xF8, 0x3F, 0xC1, 0xFE, 0x0F, 0xF0, 0x7F, 0x83, 0xFC, 0x1F, 0xE0, 0xFF, 0x07, 0xF8, 0x3F, 0xC1, 0xFE,
  0x0F, 0xF0, 0x7F, 0x83, 0xFC, 0x1F, 0xE0, 0xFF, 0x07, 0xF8, 0x3F, 0xC1, 0xFE, 0x0F, 0xF0, 0x7F, 0x83, 0xFC, 0x1F, 0xFF, 0xFF, 0xFF, 0xFF, 0xFF,
  0xFF, 0xFF, 0xFF, 0xFF, 0x80, 0xFF, 0x00, 0x00, 0x1F, 0xC0, 0x00, 0x07, 0xF8, 0x00, 0x01, 0xFE, 0x00, 0x00, 0x3F, 0x80, 0x00, 0x0F, 0xF0, 0x00,
  0x03, 0xFC, 0x00, 0x00, 0xFF, 0x00, 0x00, 0x1F, 0xE0, 0x00, 0x07, 0xF8, 0x00, 0x01, 0xFE, 0x00, 0x00, 0x3F, 0xC0, 0x00, 0x0F, 0xF0, 0x00, 0x03,
  0xFC, 0x00, 0x00, 0x7F, 0x00, 0x00, 0x1F, 0xE0, 0x00, 0x07, 0xF8, 0x00, 0x00, 0xFE, 0x00, 0x00, 0x3F, 0xC0, 0x00, 0x0F, 0xF0, 0x00, 0x03, 0xFC,
  0x00, 0x00, 0x7F, 0x80, 0x00, 0x1F, 0xE0, 0x00, 0x07, 0xF8, 0x00, 0x00, 0xFF, 0x00, 0x00, 0x3F, 0xC0, 0x00, 0x0F, 0xF0, 0x00, 0x01, 0xFC, 0x00,
  0x00, 0x7F, 0x80, 0x00, 0x1F, 0xE0, 0x00, 0x03, 0xF8, 0x00, 0x00, 0xFF, 0x00, 0x00, 0x3F, 0xC0, 0x00, 0x0F, 0xF0, 0x00, 0x01, 0xFE, 0x00, 0x00,
  0x7F, 0x80, 0x00, 0x1F, 0xE0, 0x00, 0x03, 0xFC, 0x00, 0x00, 0xFF, 0x00, 0x00, 0x3F, 0xC0, 0x00, 0x07, 0xF0, 0x00, 0x01, 0xFE, 0x00, 0x00, 0x7F,
  0x80, 0x00, 0x0F, 0xE0, 0x00, 0x03, 0xFC, 0x00, 0x00, 0xFF, 0x00, 0x00, 0x1F, 0xC0, 0x00, 0x07, 0xF8, 0x00, 0x01, 0xFE, 0x00, 0x00, 0x7F, 0x80,
  0x00, 0x0F, 0xF0, 0x00, 0x03, 0xFC, 0x00, 0x00, 0xFF, 0x00, 0x00, 0x1F, 0xC0, 0x00, 0x07, 0xF8, 0x00, 0x01, 0xFE, 0x00, 0x00, 0x3F, 0x80, 0x00,
  0x0F, 0xF0, 0x00, 0x03, 0xFC, 0x00, 0x00, 0x7F, 0xFF, 0xFF, 0xFF, 0xFF, 0xFF, 0xFF, 0xFF, 0xFF, 0xFF, 0xFC, 0x1F, 0xE0, 0xFF, 0x07, 0xF8, 0x3F,
  0xC1, 0xFE, 0x0F, 0xF0, 0x7F, 0x83, 0xFC, 0x1F, 0xE0, 0xFF, 0x07, 0xF8, 0x3F, 0xC1, 0xFE, 0x0F, 0xF0, 0x7F, 0x83, 0xFC, 0x1F, 0xE0, 0xFF, 0x07,
  0xF8, 0x3F, 0xC1, 0xFE, 0x0F, 0xF0, 0x7F, 0x83, 0xFC, 0x1F, 0xE0, 0xFF, 0x07, 0xF8, 0x3F, 0xC1, 0xFE, 0x0F, 0xF0, 0x7F, 0x83, 0xFC, 0x1F, 0xE0,
  0xFF, 0x07, 0xF8, 0x3F, 0xC1, 0xFE, 0x0F, 0xF0, 0x7F, 0x83, 0xFC, 0x1F, 0xE0, 0xFF, 0x07, 0xF8, 0x3F, 0xC1, 0xFE, 0x0F, 0xF0, 0x7F, 0x83, 0xFC,
  0x1F, 0xFF, 0xFF, 0xFF, 0xFF, 0xFF, 0xFF, 0xFF, 0xFF, 0xFF, 0xFF, 0x80, 0x00, 0x0F, 0xF8, 0x00, 0x00, 0x1F, 0xF8, 0x00, 0x00, 0x1F, 0xFC, 0x00,
  0x00, 0x3F, 0xFC, 0x00, 0x00, 0x3F, 0xFE, 0x00, 0x00, 0x7F, 0xFE, 0x00, 0x00, 0x7F, 0xFF, 0x00, 0x00, 0xFF, 0xFF, 0x00, 0x00, 0xFF, 0xFF, 0x80,
  0x01, 0xFF, 0xFF, 0x80, 0x01, 0xFE, 0x7F, 0xC0, 0x03, 0xFE, 0x7F, 0xC0, 0x03, 0xFC, 0x3F, 0xE0, 0x07, 0xFC, 0x3F, 0xE0, 0x07, 0xF8, 0x1F, 0xF0,
  0x0F, 0xF8, 0x1F, 0xF0, 0x0F, 0xF0, 0x0F, 0xF8, 0x1F, 0xF0, 0x0F, 0xF8, 0x1F, 0xF0, 0x07, 0xFC, 0x3F, 0xE0, 0x07, 0xFC, 0x3F, 0xE0, 0x03, 0xFE,
  0x7F, 0xC0, 0x03, 0xFE, 0x7F, 0xC0, 0x01, 0xFF, 0xFF, 0x80, 0x01, 0xFF, 0x7F, 0x80, 0x00, 0xFF, 0x1F, 0x00, 0x00, 0xFC, 0x07, 0x00, 0x00, 0xE0,
  0xFF, 0xFF, 0xFF, 0xFF, 0xFF, 0xFF, 0xFF, 0xFF, 0xFF, 0xFF, 0xFF, 0xFF, 0xFF, 0xFF, 0xFF, 0xFF, 0xFF, 0xFF, 0xFF, 0xFF, 0xFF, 0xFF, 0xFF, 0xFF,
  0xFF, 0xFF, 0xFF, 0xFF, 0xFF, 0xFF, 0x03, 0x00, 0x3C, 0x03, 0xF8, 0x3F, 0xE0, 0xFF, 0xC1, 0xFF, 0x07, 0xFE, 0x0F, 0xF8, 0x1F, 0xF0, 0x3F, 0xC0,
  0xFF, 0x81, 0xFE, 0x03, 0xFC, 0x07, 0xE0, 0x1F, 0x00, 0x20, 0x00, 0x3F, 0xE0, 0x00, 0x03, 0xFF, 0xF8, 0x00, 0x0F, 0xFF, 0xFC, 0x00, 0x7F, 0xFF,
  0xFC, 0x01, 0xFF, 0xFF, 0xFC, 0x07, 0xFF, 0xFF, 0xFC, 0x0F, 0xFF, 0xFF, 0xF8, 0x1F, 0xFF, 0xFF, 0xF0, 0x1F, 0xE0, 0xFF, 0xF0, 0x1F, 0x00, 0x7F,
  0xE0, 0x1C, 0x00, 0xFF, 0xC0, 0x10, 0x00, 0xFF, 0x80, 0x00, 0x01, 0xFF, 0x00, 0x00, 0x03, 0xFE, 0x00, 0x00, 0x07, 0xFC, 0x00, 0x00, 0x0F, 0xF8,
  0x00, 0x7F, 0xFF, 0xF0, 0x07, 0xFF, 0xFF, 0xE0, 0x3F, 0xFF, 0xFF, 0xC0, 0xFF, 0xFF, 0xFF, 0x83, 0xFF, 0xFF, 0xFF, 0x0F, 0xFF, 0xFF, 0xFE, 0x1F,
  0xFC, 0x07, 0xFC, 0x3F, 0xE0, 0x0F, 0xF8, 0xFF, 0xC0, 0x1F, 0xF1, 0xFF, 0x80, 0x3F, 0xE3, 0xFF, 0x00, 0x7F, 0xC7, 0xFE, 0x00, 0xFF, 0x8F, 0xFC,
  0x03, 0xFF, 0x1F, 0xF8, 0x07, 0xFF, 0xFF, 0xF8, 0x3F, 0xFF, 0xBF, 0xFF, 0xE7, 0xFF, 0x7F, 0xFF, 0xCF, 0xFE, 0xFF, 0xFF, 0x9F, 0xFC, 0xFF, 0xFE,
  0x1F, 0xF8, 0xFF, 0xF8, 0x1F, 0xF0, 0xFF, 0xE0, 0x1F, 0xE0, 0x7F, 0x00, 0x00, 0x00, 0xFF, 0xC0, 0x00, 0x01, 0xFF, 0x80, 0x00, 0x03, 0xFF, 0x00,
  0x00, 0x07, 0xFE, 0x00, 0x00, 0x0F, 0xFC, 0x00, 0x00, 0x1F, 0xF8, 0x00, 0x00, 0x3F, 0xF0, 0x00, 0x00, 0x7F, 0xE0, 0x00, 0x00, 0xFF, 0xC0, 0x00,
  0x01, 0xFF, 0x80, 0x00, 0x03, 0xFF, 0x00, 0x00, 0x07, 0xFE, 0x00, 0x00, 0x0F, 0xFC, 0x00, 0x00, 0x1F, 0xF8, 0x1F, 0x80, 0x3F, 0xF0, 0xFF, 0xE0,
  0x7F, 0xE3, 0xFF, 0xE0, 0xFF, 0xCF, 0xFF, 0xE1, 0xFF, 0x9F, 0xFF, 0xE3, 0xFF, 0x7F, 0xFF, 0xC7, 0xFE, 0xFF, 0xFF, 0xCF, 0xFF, 0xFF, 0xFF, 0x9F,
  0xFE, 0x07, 0xFF, 0xBF, 0xF8, 0x07, 0xFF, 0x7F, 0xE0, 0x07, 0xFE, 0xFF, 0xC0, 0x0F, 0xFD, 0xFF, 0x80, 0x0F, 0xFB, 0xFF, 0x00, 0x1F, 0xFF, 0xFE,
  0x00, 0x3F, 0xFF, 0xFC, 0x00, 0x7F, 0xFF, 0xF8, 0x00, 0xFF, 0xFF, 0xF0, 0x01, 0xFF, 0xFF, 0xE0, 0x03, 0xFF, 0xFF, 0xC0, 0x07, 0xFF, 0xFF, 0x80,
  0x0F, 0xFF, 0xFF, 0x00, 0x1F, 0xFF, 0xFE, 0x00, 0x3F, 0xFF, 0xFC, 0x00, 0x7F, 0xFF, 0xF8, 0x00, 0xFF, 0xFF, 0xF0, 0x01, 0xFF, 0x7F, 0xE0, 0x07,
  0xFE, 0xFF, 0xC0, 0x0F, 0xFD, 0xFF, 0xC0, 0x3F, 0xFB, 0xFF, 0xC0, 0xFF, 0xF7, 0xFF, 0xFF, 0xFF, 0xCF, 0xFD, 0xFF, 0xFF, 0x9F, 0xFB, 0xFF, 0xFE,
  0x3F, 0xF3, 0xFF, 0xFC, 0x7F, 0xE7, 0xFF, 0xF0, 0xFF, 0xC7, 0xFF, 0xC1, 0xFF, 0x87, 0xFF, 0x00, 0x00, 0x03, 0xF8, 0x00, 0x00, 0x1F, 0xE0, 0x00,
  0x0F, 0xFF, 0xC0, 0x03, 0xFF, 0xFF, 0x00, 0x7F, 0xFF, 0xF8, 0x0F, 0xFF, 0xFF, 0xC1, 0xFF, 0xFF, 0xFC, 0x1F, 0xFF, 0xFF, 0xE3, 0xFF, 0xFF, 0xFE,
  0x3F, 0xF8, 0x3F, 0xF7, 0xFE, 0x01, 0xFF, 0x7F, 0xE0, 0x0F, 0xC7, 0xFC, 0x00, 0xF0, 0x7F, 0xC0, 0x0C, 0x0F, 0xFC, 0x00, 0x00, 0xFF, 0xC0, 0x00,
  0x0F, 0xFC, 0x00, 0x00, 0xFF, 0xC0, 0x00, 0x0F, 0xFC, 0x00, 0x00, 0xFF, 0xC0, 0x00, 0x0F, 0xFC, 0x00, 0x00, 0xFF, 0xC0, 0x00, 0x0F, 0xFC, 0x00,
  0x00, 0xFF, 0xC0, 0x00, 0x0F, 0xFC, 0x00, 0x00, 0xFF, 0xC0, 0x00, 0x07, 0xFC, 0x00, 0x60, 0x7F, 0xC0, 0x0F, 0x87, 0xFE, 0x00, 0xFE, 0x7F, 0xE0,
  0x1F, 0xF3, 0xFF, 0x83, 0xFF, 0x3F, 0xFF, 0xFF, 0xE1, 0xFF, 0xFF, 0xFE, 0x1F, 0xFF, 0xFF, 0xC0, 0xFF, 0xFF, 0xFC, 0x07, 0xFF, 0xFF, 0x80, 0x3F,
  0xFF, 0xF0, 0x00, 0xFF, 0xFC, 0x00, 0x01, 0xFE, 0x00, 0x00, 0x00, 0x07, 0xFC, 0x00, 0x00, 0x1F, 0xF0, 0x00, 0x00, 0x7F, 0xC0, 0x00, 0x01, 0xFF,
  0x00, 0x00, 0x07, 0xFC, 0x00, 0x00, 0x1F, 0xF0, 0x00, 0x00, 0x7F, 0xC0, 0x00, 0x01, 0xFF, 0x00, 0x00, 0x07, 0xFC, 0x00, 0x00, 0x1F, 0xF0, 0x00,
  0x00, 0x7F, 0xC0, 0x00, 0x01, 0xFF, 0x00, 0x00, 0x07, 0xFC, 0x03, 0xF0, 0x1F, 0xF0, 0x3F, 0xF0, 0x7F, 0xC3, 0xFF, 0xE1, 0xFF, 0x1F, 0xFF, 0xC7,
  0xFC, 0x7F, 0xFF, 0x9F, 0xF3, 0xFF, 0xFE, 0x7F, 0xCF, 0xFF, 0xFD, 0xFF, 0x7F, 0xFF, 0xFF, 0xFD, 0xFF, 0xE0, 0xFF, 0xF7, 0xFE, 0x00, 0xFF, 0xFF,
  0xF0, 0x03, 0xFF, 0xFF, 0xC0, 0x07, 0xFF, 0xFF, 0x00, 0x1F, 0xFF, 0xF8, 0x00, 0x7F, 0xFF, 0xE0, 0x01, 0xFF, 0xFF, 0x80, 0x07, 0xFF, 0xFE, 0x00,
  0x1F, 0xFF, 0xF8, 0x00, 0x7F, 0xFF, 0xE0, 0x01, 0xFF, 0xFF, 0x80, 0x07, 0xFF, 0xFE, 0x00, 0x1F, 0xFF, 0xF8, 0x00, 0x7F, 0xFF, 0xE0, 0x01, 0xFF,
  0xFF, 0x80, 0x07, 0xFF, 0xFE, 0x00, 0x1F, 0xFF, 0xFC, 0x00, 0x7F, 0xFF, 0xF0, 0x01, 0xFF, 0xFF, 0xC0, 0x0F, 0xFF, 0xFF, 0x80, 0x3F, 0xF7, 0xFF,
  0x83, 0xFF, 0xDF, 0xFF, 0xFF, 0xFF, 0x7F, 0xFF, 0xF7, 0xFC, 0xFF, 0xFF, 0x9F, 0xF1, 0xFF, 0xFE, 0x7F, 0xC7, 0xFF, 0xF1, 0xFF, 0x0F, 0xFF, 0x87,
  0xFC, 0x0F, 0xFC, 0x1F, 0xF0, 0x0F, 0xC0, 0x00, 0x00, 0x00, 0x1F, 0xF0, 0x00, 0x03, 0xFF, 0xF8, 0x00, 0x3F, 0xFF, 0xF0, 0x01, 0xFF, 0xFF, 0xF0,
  0x0F, 0xFF, 0xFF, 0xC0, 0x7F, 0xFF, 0xFF, 0x81, 0xFF, 0xFF, 0xFF, 0x0F, 0xFF, 0xFF, 0xFC, 0x3F, 0xF8, 0x3F, 0xF9, 0xFF, 0x80, 0x7F, 0xE7, 0xFE,
  0x00, 0xFF, 0x9F, 0xF0, 0x03, 0xFF, 0x7F, 0xC0, 0x0F, 0xFF, 0xFF, 0x00, 0x1F, 0xFF, 0xFC, 0x00, 0x7F, 0xFF, 0xFF, 0xFF, 0xFF, 0xFF, 0xFF, 0xFF,
  0xFF, 0xFF, 0xFF, 0xFF, 0xFF, 0xFF, 0xFF, 0xFF, 0xFF, 0xFF, 0xFF, 0xFF, 0xFF, 0xFF, 0xFF, 0xFF, 0xFF, 0x00, 0x00, 0x0F, 0xFC, 0x00, 0x00, 0x3F,
  0xF0, 0x00, 0x00, 0x7F, 0xC0, 0x00, 0x01, 0xFF, 0x00, 0x00, 0x07, 0xFE, 0x00, 0x0C, 0x1F, 0xF8, 0x00, 0x78, 0x3F, 0xF0, 0x03, 0xE0, 0xFF, 0xF0,
  0x3F, 0xC1, 0xFF, 0xFF, 0xFF, 0x87, 0xFF, 0xFF, 0xFE, 0x0F, 0xFF, 0xFF, 0xF8, 0x1F, 0xFF, 0xFF, 0xC0, 0x3F, 0xFF, 0xFE, 0x00, 0x7F, 0xFF, 0xE0,
  0x00, 0x7F, 0xFF, 0x00, 0x00, 0x3F, 0xE0, 0x00, 0x00, 0x1F, 0xF8, 0x07, 0xFF, 0xC0, 0x7F, 0xFE, 0x07, 0xFF, 0xF0, 0x3F, 0xFF, 0x83, 0xFF, 0xFC,
  0x1F, 0xFF, 0xE0, 0xFF, 0xFF, 0x07, 0xFC, 0x00, 0x3F, 0xE0, 0x01, 0xFF, 0x00, 0x0F, 0xF8, 0x00, 0x7F, 0xC0, 0x03, 0xFE, 0x03, 0xFF, 0xFF, 0xFF,
  0xFF, 0xFF, 0xFF, 0xFF, 0xFF, 0xFF, 0xFF, 0xFF, 0xFF, 0xFF, 0xFF, 0xFF, 0xFF, 0xFF, 0xFF, 0xFF, 0xFF, 0xFC, 0x1F, 0xF0, 0x00, 0xFF, 0x80, 0x07,
  0xFC, 0x00, 0x3F, 0xE0, 0x01, 0xFF, 0x00, 0x0F, 0xF8, 0x00, 0x7F, 0xC0, 0x03, 0xFE, 0x00, 0x1F, 0xF0, 0x00, 0xFF, 0x80, 0x07, 0xFC, 0x00, 0x3F,
  0xE0, 0x01, 0xFF, 0x00, 0x0F, 0xF8, 0x00, 0x7F, 0xC0, 0x03, 0xFE, 0x00, 0x1F, 0xF0, 0x00, 0xFF, 0x80, 0x07, 0xFC, 0x00, 0x3F, 0xE0, 0x01, 0xFF,
  0x00, 0x0F, 0xF8, 0x00, 0x7F, 0xC0, 0x03, 0xFE, 0x00, 0x1F, 0xF0, 0x00, 0xFF, 0x80, 0x07, 0xFC, 0x00, 0x3F, 0xE0, 0x00, 0x00, 0x00, 0x00, 0xFE,
  0x00, 0x00, 0x01, 0xFF, 0x00, 0x00, 0x00, 0xFF, 0x80, 0x00, 0x00, 0xFF, 0xC0, 0x00, 0x00, 0x7F, 0xE0, 0x00, 0x00, 0x3F, 0xF0, 0x00, 0x7F, 0xDF,
  0xF8, 0x01, 0xFF, 0xFF, 0xFC, 0x03, 0xFF, 0xFF, 0x00, 0x03, 0xFF, 0xFF, 0xC0, 0x03, 0xFF, 0xFF, 0xF0, 0x03, 0xFF, 0xFF, 0xFC, 0x01, 0xFF, 0x83,
  0xFF, 0x00, 0xFF, 0x80, 0x7F, 0xC0, 0xFF, 0x80, 0x3F, 0xE0, 0x7F, 0xC0, 0x0F, 0xF0, 0x3F, 0xE0, 0x07, 0xFC, 0x1F, 0xF0, 0x03, 0xFE, 0x0F, 0xF8,
  0x01, 0xFF, 0x07, 0xFC, 0x00, 0xFF, 0x83, 0xFE, 0x00, 0x7F, 0xC1, 0xFF, 0x00, 0x3F, 0xE0, 0xFF, 0x80, 0x3F, 0xE0, 0x7F, 0xE0, 0x1F, 0xF0, 0x1F,
  0xF8, 0x3F, 0xF8, 0x0F, 0xFF, 0xFF, 0xF8, 0x03, 0xFF, 0xFF, 0xF8, 0x00, 0xFF, 0xFF, 0xFC, 0x00, 0x3F, 0xFF, 0xFC, 0x00, 0x0F, 0xFF, 0xF8, 0x00,
  0x07, 0x7F, 0xE0, 0x00, 0x0F, 0x00, 0x00, 0x00, 0x1F, 0x80, 0x00, 0x00, 0x1F, 0xC0, 0x00, 0x00, 0x0F, 0xE0, 0x00, 0x00, 0x07, 0xF8, 0x00, 0x00,
  0x07, 0xFF, 0xFF, 0xFC, 0x01, 0xFF, 0xFF, 0xFF, 0xC0, 0xFF, 0xFF, 0xFF, 0xF0, 0x7F, 0xFF, 0xFF, 0xFC, 0x1F, 0xFF, 0xFF, 0xFF, 0x03, 0xFF, 0xFF,
  0xFF, 0x80, 0xFF, 0xFF, 0xFF, 0xE0, 0xFF, 0xFF, 0xFF, 0xF1, 0xF0, 0x00, 0x3F, 0xF9, 0xF8, 0x00, 0x07, 0xFD, 0xFC, 0x00, 0x03, 0xFF, 0xFC, 0x00,
  0x01, 0xFF, 0xFF, 0x00, 0x00, 0xFF, 0xFF, 0x80, 0x00, 0xFF, 0xFF, 0xF0, 0x00, 0xFF, 0xCF, 0xFF, 0xFF, 0xFF, 0xE7, 0xFF, 0xFF, 0xFF, 0xE1, 0xFF,
  0xFF, 0xFF, 0xE0, 0x7F, 0xFF, 0xFF, 0xE0, 0x0F, 0xFF, 0xFF, 0xC0, 0x00, 0x7F, 0xFE, 0x00, 0x00, 0xFF, 0xC0, 0x00, 0x07, 0xFE, 0x00, 0x00, 0x3F,
  0xF0, 0x00, 0x01, 0xFF, 0x80, 0x00, 0x0F, 0xFC, 0x00, 0x00, 0x7F, 0xE0, 0x00, 0x03, 0xFF, 0x00, 0x00, 0x1F, 0xF8, 0x00, 0x00, 0xFF, 0xC0, 0x00,
  0x07, 0xFE, 0x00, 0x00, 0x3F, 0xF0, 0x00, 0x01, 0xFF, 0x80, 0x00, 0x0F, 0xFC, 0x00, 0x00, 0x7F, 0xE0, 0x7E, 0x03, 0xFF, 0x0F, 0xFE, 0x1F, 0xF8,
  0xFF, 0xF8, 0xFF, 0xCF, 0xFF, 0xE7, 0xFE, 0x7F, 0xFF, 0x3F, 0xF7, 0xFF, 0xFD, 0xFF, 0xBF, 0xFF, 0xEF, 0xFF, 0xFF, 0xFF, 0x7F, 0xFC, 0x3F, 0xFF,
  0xFF, 0x80, 0xFF, 0xFF, 0xF8, 0x03, 0xFF, 0xFF, 0xC0, 0x1F, 0xFF, 0xFE, 0x00, 0xFF, 0xFF, 0xF0, 0x07, 0xFF, 0xFF, 0x80, 0x3F, 0xFF, 0xFC, 0x01,
  0xFF, 0xFF, 0xE0, 0x0F, 0xFF, 0xFF, 0x00, 0x7F, 0xFF, 0xF8, 0x03, 0xFF, 0xFF, 0xC0, 0x1F, 0xFF, 0xFE, 0x00, 0xFF, 0xFF, 0xF0, 0x07, 0xFF, 0xFF,
  0x80, 0x3F, 0xFF, 0xFC, 0x01, 0xFF, 0xFF, 0xE0, 0x0F, 0xFF, 0xFF, 0x00, 0x7F, 0xFF, 0xF8, 0x03, 0xFF, 0xFF, 0xC0, 0x1F, 0xFF, 0xFE, 0x00, 0xFF,
  0xFF, 0xF0, 0x07, 0xFF, 0xFF, 0x80, 0x3F, 0xFF, 0xFC, 0x01, 0xFF, 0xFF, 0xE0, 0x0F, 0xFF, 0xFF, 0x00, 0x7F, 0xFF, 0xF8, 0x03, 0xFF, 0xFF, 0xC0,
  0x1F, 0xFF, 0xFE, 0x00, 0xFF, 0xC0, 0x1F, 0x8F, 0xF9, 0xFF, 0xFF, 0xFF, 0xFF, 0xFF, 0xFF, 0xFF, 0xFF, 0x7F, 0xEF, 0xF8, 0x7E, 0x00, 0x00, 0x00,
  0x00, 0x00, 0x03, 0xFF, 0x7F, 0xEF, 0xFD, 0xFF, 0xBF, 0xF7, 0xFE, 0xFF, 0xDF, 0xFB, 0xFF, 0x7F, 0xEF, 0xFD, 0xFF, 0xBF, 0xF7, 0xFE, 0xFF, 0xDF,
  0xFB, 0xFF, 0x7F, 0xEF, 0xFD, 0xFF, 0xBF, 0xF7, 0xFE, 0xFF, 0xDF, 0xFB, 0xFF, 0x7F, 0xEF, 0xFD, 0xFF, 0xBF, 0xF7, 0xFE, 0xFF, 0xDF, 0xFB, 0xFF,
  0x7F, 0xEF, 0xFD, 0xFF, 0x80, 0x03, 0xF0, 0x0F, 0xF8, 0x3F, 0xF0, 0x7F, 0xF0, 0xFF, 0xE1, 0xFF, 0xC3, 0xFF, 0x87, 0xFF, 0x0F, 0xFC, 0x0F, 0xF8,
  0x0F, 0xC0, 0x00, 0x00, 0x00, 0x00, 0x00, 0x00, 0x00, 0x07, 0xFE, 0x0F, 0xFC, 0x1F, 0xF8, 0x3F, 0xF0, 0x7F, 0xE0, 0xFF, 0xC1, 0xFF, 0x83, 0xFF,
  0x07, 0xFE, 0x0F, 0xFC, 0x1F, 0xF8, 0x3F, 0xF0, 0x7F, 0xE0, 0xFF, 0xC1, 0xFF, 0x83, 0xFF, 0x07, 0xFE, 0x0F, 0xFC, 0x1F, 0xF8, 0x3F, 0xF0, 0x7F,
  0xE0, 0xFF, 0xC1, 0xFF, 0x83, 0xFF, 0x07, 0xFE, 0x0F, 0xFC, 0x1F, 0xF8, 0x3F, 0xF0, 0x7F, 0xE0, 0xFF, 0xC1, 0xFF, 0x83, 0xFF, 0x07, 0xFE, 0x0F,
  0xFC, 0x1F, 0xF8, 0x3F, 0xF0, 0x7F, 0xE0, 0xFF, 0xC1, 0xFF, 0x83, 0xFF, 0x07, 0xFE, 0x0F, 0xFD, 0xFF, 0xFB, 0xFF, 0xF7, 0xFF, 0xCF, 0xFF, 0x9F,
  0xFF, 0x3F, 0xFC, 0x7F, 0xF0, 0xFF, 0x80, 0xFF, 0xC0, 0x00, 0x01, 0xFF, 0x80, 0x00, 0x03, 0xFF, 0x00, 0x00, 0x07, 0xFE, 0x00, 0x00, 0x0F, 0xFC,
  0x00, 0x00, 0x1F, 0xF8, 0x00, 0x00, 0x3F, 0xF0, 0x00, 0x00, 0x7F, 0xE0, 0x00, 0x00, 0xFF, 0xC0, 0x00, 0x01, 0xFF, 0x80, 0x00, 0x03, 0xFF, 0x00,
  0x00, 0x07, 0xFE, 0x00, 0x00, 0x0F, 0xFC, 0x00, 0x00, 0x1F, 0xF8, 0x00, 0x00, 0x3F, 0xF0, 0x03, 0xFF, 0xFF, 0xE0, 0x0F, 0xFE, 0xFF, 0xC0, 0x1F,
  0xF9, 0xFF, 0x80, 0x7F, 0xE3, 0xFF, 0x01, 0xFF, 0xC7, 0xFE, 0x03, 0xFF, 0x0F, 0xFC, 0x0F, 0xFC, 0x1F, 0xF8, 0x3F, 0xF0, 0x3F, 0xF0, 0xFF, 0xE0,
  0x7F, 0xE1, 0xFF, 0x80, 0xFF, 0x87, 0xFE, 0x01, 0xFF, 0x0F, 0xF8, 0x03, 0xFE, 0x3F, 0xE0, 0x07, 0xFC, 0xFF, 0xC0, 0x0F, 0xF9, 0xFF, 0x00, 0x1F,
  0xFF, 0xFF, 0x00, 0x3F, 0xFF, 0xFE, 0x00, 0x7F, 0xFF, 0xFE, 0x00, 0xFF, 0xFF, 0xFC, 0x01, 0xFF, 0xFF, 0xFC, 0x03, 0xFF, 0xFF, 0xF8, 0x07, 0xFF,
  0xDF, 0xF8, 0x0F, 0xFF, 0x1F, 0xF0, 0x1F, 0xFC, 0x3F, 0xF0, 0x3F, 0xF0, 0x3F, 0xF0, 0x7F, 0xE0, 0x7F, 0xE0, 0xFF, 0xC0, 0x7F, 0xE1, 0xFF, 0x80,
  0xFF, 0xC3, 0xFF, 0x01, 0xFF, 0xC7, 0xFE, 0x01, 0xFF, 0x8F, 0xFC, 0x03, 0xFF, 0x9F, 0xF8, 0x03, 0xFF, 0x3F, 0xF0, 0x07, 0xFF, 0x7F, 0xE0, 0x07,
  0xFE, 0xFF, 0xC0, 0x0F, 0xFF, 0xFF, 0x80, 0x0F, 0xFC, 0xFF, 0xC3, 0xFF, 0x0F, 0xFC, 0x3F, 0xF0, 0xFF, 0xC3, 0xFF, 0x0F, 0xFC, 0x3F, 0xF0, 0xFF,
  0xC3, 0xFF, 0x0F, 0xFC, 0x3F, 0xF0, 0xFF, 0xC3, 0xFF, 0x0F, 0xFC, 0x3F, 0xF0, 0xFF, 0xC3, 0xFF, 0x0F, 0xFC, 0x3F, 0xF0, 0xFF, 0xC3, 0xFF, 0x0F,
  0xFC, 0x3F, 0xF0, 0xFF, 0xC3, 0xFF, 0x0F, 0xFC, 0x3F, 0xF0, 0xFF, 0xC3, 0xFF, 0x0F, 0xFC, 0x3F, 0xF0, 0xFF, 0xC3, 0xFF, 0x0F, 0xFC, 0x3F, 0xF0,
  0xFF, 0xC3, 0xFF, 0x0F, 0xFC, 0x3F, 0xF0, 0xFF, 0xC3, 0xFF, 0x0F, 0xFF, 0xFF, 0xFF, 0x7F, 0xFD, 0xFF, 0xF7, 0xFF, 0xCF, 0xFF, 0x1F, 0xFC, 0x1F,
  0xF0, 0x00, 0x00, 0xFC, 0x00, 0x1F, 0x81, 0xFF, 0x87, 0xFE, 0x00, 0xFF, 0xC3, 0xFF, 0x1F, 0xFE, 0x07, 0xFF, 0xC7, 0xFE, 0x7F, 0xFE, 0x1F, 0xFF,
  0xCF, 0xFC, 0xFF, 0xFC, 0x3F, 0xFF, 0x9F, 0xFB, 0xFF, 0xFC, 0xFF, 0xFF, 0xBF, 0xF7, 0xFF, 0xF9, 0xFF, 0xFF, 0x7F, 0xFF, 0xFF, 0xFF, 0xFF, 0xFF,
  0xFF, 0xF0, 0x7F, 0xFE, 0x1F, 0xFF, 0xFF, 0xC0, 0x7F, 0xF8, 0x0F, 0xFF, 0xFF, 0x00, 0xFF, 0xE0, 0x1F, 0xFF, 0xFE, 0x00, 0xFF, 0xC0, 0x3F, 0xFF,
  0xFC, 0x01, 0xFF, 0x00, 0x3F, 0xFF, 0xF8, 0x03, 0xFE, 0x00, 0x7F, 0xFF, 0xF0, 0x07, 0xFC, 0x00, 0xFF, 0xFF, 0xE0, 0x0F, 0xF8, 0x01, 0xFF, 0xFF,
  0xC0, 0x1F, 0xF0, 0x03, 0xFF, 0xFF, 0x80, 0x3F, 0xE0, 0x07, 0xFF, 0xFF, 0x00, 0x7F, 0xC0, 0x0F, 0xFF, 0xFE, 0x00, 0xFF, 0x80, 0x1F, 0xFF, 0xFC,
  0x01, 0xFF, 0x00, 0x3F, 0xFF, 0xF8, 0x03, 0xFE, 0x00, 0x7F, 0xFF, 0xF0, 0x07, 0xFC, 0x00, 0xFF, 0xFF, 0xE0, 0x0F, 0xF8, 0x01, 0xFF, 0xFF, 0xC0,
  0x1F, 0xF0, 0x03, 0xFF, 0xFF, 0x80, 0x3F, 0xE0, 0x07, 0xFF, 0xFF, 0x00, 0x7F, 0xC0, 0x0F, 0xFF, 0xFE, 0x00, 0xFF, 0x80, 0x1F, 0xFF, 0xFC, 0x01,
  0xFF, 0x00, 0x3F, 0xFF, 0xF8, 0x03, 0xFE, 0x00, 0x7F, 0xFF, 0xF0, 0x07, 0xFC, 0x00, 0xFF, 0xFF, 0xE0, 0x0F, 0xF8, 0x01, 0xFF, 0xFF, 0xC0, 0x1F,
  0xF0, 0x03, 0xFF, 0xFF, 0x80, 0x3F, 0xE0, 0x07, 0xFF, 0xFF, 0x00, 0x7F, 0xC0, 0x0F, 0xFF, 0xFE, 0x00, 0xFF, 0x80, 0x1F, 0xFF, 0xFC, 0x01, 0xFF,
  0x00, 0x3F, 0xE0, 0x00, 0x00, 0xFC, 0x07, 0xFE, 0x1F, 0xF8, 0x3F, 0xF1, 0xFF, 0xF1, 0xFF, 0x9F, 0xFF, 0xCF, 0xFC, 0xFF, 0xFE, 0x7F, 0xEF, 0xFF,
  0xFB, 0xFF, 0x7F, 0xFF, 0xDF, 0xFF, 0xFF, 0xFE, 0xFF, 0xF8, 0x7F, 0xFF, 0xFF, 0x01, 0xFF, 0xFF, 0xF0, 0x07, 0xFF, 0xFF, 0x80, 0x3F, 0xFF, 0xFC,
  0x01, 0xFF, 0xFF, 0xE0, 0x0F, 0xFF, 0xFF, 0x00, 0x7F, 0xFF, 0xF8, 0x03, 0xFF, 0xFF, 0xC0, 0x1F, 0xFF, 0xFE, 0x00, 0xFF, 0xFF, 0xF0, 0x07, 0xFF,
  0xFF, 0x80, 0x3F, 0xFF, 0xFC, 0x01, 0xFF, 0xFF, 0xE0, 0x0F, 0xFF, 0xFF, 0x00, 0x7F, 0xFF, 0xF8, 0x03, 0xFF, 0xFF, 0xC0, 0x1F, 0xFF, 0xFE, 0x00,
  0xFF, 0xFF, 0xF0, 0x07, 0xFF, 0xFF, 0x80, 0x3F, 0xFF, 0xFC, 0x01, 0xFF, 0xFF, 0xE0, 0x0F, 0xFF, 0xFF, 0x00, 0x7F, 0xFF, 0xF8, 0x03, 0xFF, 0xFF,
  0xC0, 0x1F, 0xFF, 0xFE, 0x00, 0xFF, 0xFF, 0xF0, 0x07, 0xFF, 0xFF, 0x80, 0x3F, 0xFF, 0xFC, 0x01, 0xFF, 0x80, 0x00, 0x1F, 0xF0, 0x00, 0x03, 0xFF,
  0xF8, 0x00, 0x3F, 0xFF, 0xF0, 0x01, 0xFF, 0xFF, 0xE0, 0x0F, 0xFF, 0xFF, 0xC0, 0x7F, 0xFF, 0xFF, 0x81, 0xFF, 0xFF, 0xFF, 0x0F, 0xFF, 0xFF, 0xFC,
  0x3F, 0xF8, 0x3F, 0xF9, 0xFF, 0x80, 0x7F, 0xE7, 0xFE, 0x00, 0xFF, 0x9F, 0xF0, 0x03, 0xFF, 0x7F, 0xC0, 0x0F, 0xFF, 0xFF, 0x00, 0x3F, 0xFF, 0xFC,
  0x00, 0x7F, 0xFF, 0xF0, 0x01, 0xFF, 0xFF, 0xC0, 0x07, 0xFF, 0xFF, 0x00, 0x1F, 0xFF, 0xFC, 0x00, 0x7F, 0xFF, 0xF0, 0x01, 0xFF, 0xFF, 0xC0, 0x07,
  0xFF, 0xFF, 0x00, 0x1F, 0xFF, 0xFC, 0x00, 0x7F, 0xFF, 0xF0, 0x01, 0xFF, 0xFF, 0xC0, 0x0F, 0xFD, 0xFF, 0x00, 0x3F, 0xF7, 0xFC, 0x00, 0xFF, 0xDF,
  0xF8, 0x03, 0xFE, 0x7F, 0xE0, 0x1F, 0xF8, 0xFF, 0xE0, 0xFF, 0xE3, 0xFF, 0xFF, 0xFF, 0x07, 0xFF, 0xFF, 0xFC, 0x1F, 0xFF, 0xFF, 0xE0, 0x3F, 0xFF,
  0xFF, 0x00, 0x7F, 0xFF, 0xF8, 0x00, 0xFF, 0xFF, 0xC0, 0x00, 0xFF, 0xFE, 0x00, 0x00, 0x7F, 0xC0, 0x00, 0x00, 0x00, 0xFC, 0x01, 0xFF, 0x87, 0xFF,
  0x03, 0xFF, 0x1F, 0xFF, 0x07, 0xFE, 0x7F, 0xFF, 0x0F, 0xFC, 0xFF, 0xFF, 0x1F, 0xFB, 0xFF, 0xFE, 0x3F, 0xF7, 0xFF, 0xFE, 0x7F, 0xFF, 0xFF, 0xFC,
  0xFF, 0xF0, 0x3F, 0xFD, 0xFF, 0xC0, 0x3F, 0xFB, 0xFF, 0x00, 0x3F, 0xF7, 0xFE, 0x00, 0x7F, 0xEF, 0xFC, 0x00, 0x7F, 0xDF, 0xF8, 0x00, 0xFF, 0xFF,
  0xF0, 0x01, 0xFF, 0xFF, 0xE0, 0x03, 0xFF, 0xFF, 0xC0, 0x07, 0xFF, 0xFF, 0x80, 0x0F, 0xFF, 0xFF, 0x00, 0x1F, 0xFF, 0xFE, 0x00, 0x3F, 0xFF, 0xFC,
  0x00, 0x7F, 0xFF, 0xF8, 0x00, 0xFF, 0xFF, 0xF0, 0x01, 0xFF, 0xFF, 0xE0, 0x03, 0xFF, 0xFF, 0xC0, 0x07, 0xFF, 0xFF, 0x80, 0x0F, 0xFB, 0xFF, 0x00,
  0x3F, 0xF7, 0xFE, 0x00, 0x7F, 0xEF, 0xFE, 0x01, 0xFF, 0xDF, 0xFE, 0x07, 0xFF, 0xBF, 0xFF, 0xFF, 0xFE, 0x7F, 0xEF, 0xFF, 0xFC, 0xFF, 0xDF, 0xFF,
  0xF1, 0xFF, 0x9F, 0xFF, 0xE3, 0xFF, 0x3F, 0xFF, 0x87, 0xFE, 0x3F, 0xFE, 0x0F, 0xFC, 0x3F, 0xF8, 0x1F, 0xF8, 0x1F, 0xC0, 0x3F, 0xF0, 0x00, 0x00,
  0x7F, 0xE0, 0x00, 0x00, 0xFF, 0xC0, 0x00, 0x01, 0xFF, 0x80, 0x00, 0x03, 0xFF, 0x00, 0x00, 0x07, 0xFE, 0x00, 0x00, 0x0F, 0xFC, 0x00, 0x00, 0x1F,
  0xF8, 0x00, 0x00, 0x3F, 0xF0, 0x00, 0x00, 0x7F, 0xE0, 0x00, 0x00, 0xFF, 0xC0, 0x00, 0x01, 0xFF, 0x80, 0x00, 0x03, 0xFF, 0x00, 0x00, 0x00, 0x00,
  0xFC, 0x00, 0x00, 0x0F, 0xFC, 0x1F, 0xF0, 0xFF, 0xF8, 0x7F, 0xC7, 0xFF, 0xF1, 0xFF, 0x1F, 0xFF, 0xE7, 0xFC, 0xFF, 0xFF, 0x9F, 0xF3, 0xFF, 0xFF,
  0x7F, 0xDF, 0xFF, 0xFF, 0xFF, 0x7F, 0xF8, 0x3F, 0xFD, 0xFF, 0x80, 0x3F, 0xFF, 0xFC, 0x00, 0xFF, 0xFF, 0xF0, 0x01, 0xFF, 0xFF, 0xC0, 0x07, 0xFF,
  0xFE, 0x00, 0x1F, 0xFF, 0xF8, 0x00, 0x7F, 0xFF, 0xE0, 0x01, 0xFF, 0xFF, 0x80, 0x07, 0xFF, 0xFE, 0x00, 0x1F, 0xFF, 0xF8, 0x00, 0x7F, 0xFF, 0xE0,
  0x01, 0xFF, 0xFF, 0x80, 0x07, 0xFF, 0xFE, 0x00, 0x1F, 0xFF, 0xF8, 0x00, 0x7F, 0xFF, 0xE0, 0x01, 0xFF, 0xFF, 0x80, 0x07, 0xFF, 0xFF, 0x00, 0x1F,
  0xFF, 0xFC, 0x00, 0x7F, 0xFF, 0xF0, 0x03, 0xFF, 0xFF, 0xE0, 0x0F, 0xFD, 0xFF, 0xE0, 0xFF, 0xF7, 0xFF, 0xFF, 0xFF, 0xDF, 0xFF, 0xFD, 0xFF, 0x3F,
  0xFF, 0xE7, 0xFC, 0x7F, 0xFF, 0x9F, 0xF1, 0xFF, 0xFC, 0x7F, 0xC3, 0xFF, 0xE1, 0xFF, 0x03, 0xFF, 0x07, 0xFC, 0x03, 0xF0, 0x1F, 0xF0, 0x00, 0x00,
  0x7F, 0xC0, 0x00, 0x01, 0xFF, 0x00, 0x00, 0x07, 0xFC, 0x00, 0x00, 0x1F, 0xF0, 0x00, 0x00, 0x7F, 0xC0, 0x00, 0x01, 0xFF, 0x00, 0x00, 0x07, 0xFC,
  0x00, 0x00, 0x1F, 0xF0, 0x00, 0x00, 0x7F, 0xC0, 0x00, 0x01, 0xFF, 0x00, 0x00, 0x07, 0xFC, 0x00, 0x00, 0x1F, 0xF0, 0x00, 0x00, 0x7F, 0xC0, 0xFF,
  0xC1, 0xFF, 0xFC, 0x7F, 0xFF, 0xCF, 0xFF, 0xFC, 0xFF, 0xFF, 0xDF, 0xFF, 0xFD, 0xFF, 0xFF, 0xDF, 0xFF, 0xFF, 0xFF, 0xFF, 0xFF, 0xFF, 0xFF, 0x80,
  0xFF, 0xE0, 0x0F, 0xFC, 0x00, 0xFF, 0xC0, 0x0F, 0xFC, 0x00, 0xFF, 0xC0, 0x0F, 0xFC, 0x00, 0xFF, 0xC0, 0x0F, 0xFC, 0x00, 0xFF, 0xC0, 0x0F, 0xFC,
  0x00, 0xFF, 0xC0, 0x0F, 0xFC, 0x00, 0xFF, 0xC0, 0x0F, 0xFC, 0x00, 0xFF, 0xC0, 0x0F, 0xFC, 0x00, 0xFF, 0xC0, 0x0F, 0xFC, 0x00, 0xFF, 0xC0, 0x0F,
  0xFC, 0x00, 0xFF, 0xC0, 0x0F, 0xFC, 0x00, 0xFF, 0xC0, 0x0F, 0xFC, 0x00, 0xFF, 0xC0, 0x0F, 0xFC, 0x00, 0x00, 0x7F, 0xC0, 0x00, 0x7F, 0xFF, 0x00,
  0x1F, 0xFF, 0xF8, 0x0F, 0xFF, 0xFF, 0xC1, 0xFF, 0xFF, 0xFC, 0x7F, 0xFF, 0xFF, 0x8F, 0xFF, 0xFF, 0xF3, 0xFF, 0xFF, 0xFC, 0x7F, 0xE0, 0x7F, 0x0F,
  0xF8, 0x03, 0xC1, 0xFF, 0x00, 0x30, 0x3F, 0xE0, 0x00, 0x07, 0xFC, 0x00, 0x00, 0xFF, 0xC0, 0x00, 0x1F, 0xFE, 0x00, 0x03, 0xFF, 0xFE, 0x00, 0x7F,
  0xFF, 0xF8, 0x07, 0xFF, 0xFF, 0xC0, 0x7F, 0xFF, 0xFC, 0x0F, 0xFF, 0xFF, 0xC0, 0x7F, 0xFF, 0xFC, 0x03, 0xFF, 0xFF, 0x80, 0x0F, 0xFF, 0xF8, 0x00,
  0x0F, 0xFF, 0x00, 0x00, 0x7F, 0xE0, 0x00, 0x07, 0xFC, 0x30, 0x00, 0xFF, 0x8F, 0x00, 0x1F, 0xF3, 0xF0, 0x03, 0xFE, 0xFF, 0x81, 0xFF, 0xFF, 0xFF,
  0xFF, 0xF7, 0xFF, 0xFF, 0xFE, 0xFF, 0xFF, 0xFF, 0x8F, 0xFF, 0xFF, 0xF0, 0xFF, 0xFF, 0xFC, 0x07, 0xFF, 0xFF, 0x00, 0x3F, 0xFF, 0x80, 0x00, 0xFF,
  0x80, 0x00, 0x03, 0xFC, 0x00, 0x1F, 0xE0, 0x00, 0xFF, 0x00, 0x07, 0xF8, 0x00, 0x3F, 0xC0, 0x01, 0xFE, 0x00, 0x0F, 0xF0, 0x00, 0x7F, 0x80, 0x07,
  0xFC, 0x00, 0x3F, 0xE0, 0x3F, 0xFF, 0xFF, 0xFF, 0xFF, 0xFF, 0xFF, 0xFF, 0xFF, 0xFF, 0xFF, 0xFF, 0xFF, 0xFF, 0xFF, 0xFF, 0xFF, 0xFF, 0xFF, 0xFF,
  0xFF, 0xC1, 0xFF, 0x00, 0x0F, 0xF8, 0x00, 0x7F, 0xC0, 0x03, 0xFE, 0x00, 0x1F, 0xF0, 0x00, 0xFF, 0x80, 0x07, 0xFC, 0x00, 0x3F, 0xE0, 0x01, 0xFF,
  0x00, 0x0F, 0xF8, 0x00, 0x7F, 0xC0, 0x03, 0xFE, 0x00, 0x1F, 0xF0, 0x00, 0xFF, 0x80, 0x07, 0xFC, 0x00, 0x3F, 0xE0, 0x01, 0xFF, 0x00, 0x0F, 0xF8,
  0x00, 0x7F, 0xC0, 0x03, 0xFE, 0x00, 0x1F, 0xFF, 0xC0, 0xFF, 0xFE, 0x07, 0xFF, 0xF0, 0x1F, 0xFF, 0x80, 0xFF, 0xFC, 0x03, 0xFF, 0xE0, 0x0F, 0xFF,
  0x00, 0x1F, 0xF8, 0xFF, 0x80, 0x1F, 0xFF, 0xFC, 0x00, 0xFF, 0xFF, 0xE0, 0x07, 0xFF, 0xFF, 0x00, 0x3F, 0xFF, 0xF8, 0x01, 0xFF, 0xFF, 0xC0, 0x0F,
  0xFF, 0xFE, 0x00, 0x7F, 0xFF, 0xF0, 0x03, 0xFF, 0xFF, 0x80, 0x1F, 0xFF, 0xFC, 0x00, 0xFF, 0xFF, 0xE0, 0x07, 0xFF, 0xFF, 0x00, 0x3F, 0xFF, 0xF8,
  0x01, 0xFF, 0xFF, 0xC0, 0x0F, 0xFF, 0xFE, 0x00, 0x7F, 0xFF, 0xF0, 0x03, 0xFF, 0xFF, 0x80, 0x1F, 0xFF, 0xFC, 0x00, 0xFF, 0xFF, 0xE0, 0x07, 0xFF,
  0xFF, 0x00, 0x3F, 0xFF, 0xF8, 0x01, 0xFF, 0xFF, 0xC0, 0x0F, 0xFF, 0xFE, 0x00, 0x7F, 0xFF, 0xF0, 0x03, 0xFF, 0xFF, 0x80, 0x1F, 0xFF, 0xFE, 0x00,
  0xFF, 0xFF, 0xF0, 0x0F, 0xFF, 0xFF, 0x80, 0x7F, 0xFF, 0xFF, 0x0F, 0xFF, 0xFF, 0xFF, 0xFF, 0xFD, 0xFF, 0xFF, 0x7F, 0xEF, 0xFF, 0xF3, 0xFF, 0x7F,
  0xFF, 0x9F, 0xF9, 0xFF, 0xF8, 0xFF, 0xC7, 0xFF, 0x87, 0xFE, 0x1F, 0xF8, 0x3F, 0xF0, 0x3F, 0x00, 0x00, 0x00, 0xFF, 0xC0, 0x00, 0xFF, 0xBF, 0xE0,
  0x00, 0xFF, 0xDF, 0xF8, 0x00, 0x7F, 0xCF, 0xFC, 0x00, 0x3F, 0xE3, 0xFE, 0x00, 0x1F, 0xF1, 0xFF, 0x00, 0x1F, 0xF0, 0xFF, 0xC0, 0x0F, 0xF8, 0x7F,
  0xE0, 0x07, 0xFC, 0x1F, 0xF0, 0x03, 0xFE, 0x0F, 0xF8, 0x03, 0xFE, 0x07, 0xFE, 0x01, 0xFF, 0x01, 0xFF, 0x00, 0xFF, 0x80, 0xFF, 0x80, 0x7F, 0x80,
  0x7F, 0xC0, 0x7F, 0xC0, 0x3F, 0xF0, 0x3F, 0xE0, 0x0F, 0xF8, 0x1F, 0xF0, 0x07, 0xFC, 0x0F, 0xF0, 0x03, 0xFE, 0x0F, 0xF8, 0x00, 0xFF, 0x87, 0xFC,
  0x00, 0x7F, 0xC3, 0xFC, 0x00, 0x3F, 0xE1, 0xFE, 0x00, 0x1F, 0xF0, 0xFF, 0x00, 0x07, 0xF8, 0xFF, 0x80, 0x03, 0xFE, 0x7F, 0x80, 0x01, 0xFF, 0x3F,
  0xC0, 0x00, 0x7F, 0x9F, 0xE0, 0x00, 0x3F, 0xCF, 0xE0, 0x00, 0x1F, 0xEF, 0xF0, 0x00, 0x0F, 0xFF, 0xF8, 0x00, 0x03, 0xFF, 0xFC, 0x00, 0x01, 0xFF,
  0xFC, 0x00, 0x00, 0xFF, 0xFE, 0x00, 0x00, 0x3F, 0xFF, 0x00, 0x00, 0x1F, 0xFF, 0x00, 0x00, 0x0F, 0xFF, 0x80, 0x00, 0x07, 0xFF, 0xC0, 0x00, 0xFF,
  0x80, 0x0F, 0xFC, 0x00, 0x7F, 0xFF, 0xC0, 0x07, 0xFE, 0x00, 0x3F, 0xFF, 0xF0, 0x03, 0xFF, 0x00, 0x3F, 0xEF, 0xF8, 0x03, 0xFF, 0x80, 0x1F, 0xF7,
  0xFC, 0x01, 0xFF, 0xE0, 0x0F, 0xFB, 0xFE, 0x00, 0xFF, 0xF0, 0x07, 0xF9, 0xFF, 0x00, 0x7F, 0xF8, 0x07, 0xFC, 0x7F, 0xC0, 0x7F, 0xFC, 0x03, 0xFE,
  0x3F, 0xE0, 0x3F, 0xFF, 0x01, 0xFF, 0x1F, 0xF0, 0x1F, 0xBF, 0x80, 0xFF, 0x0F, 0xF8, 0x0F, 0xDF, 0xC0, 0x7F, 0x83, 0xFC, 0x07, 0xE7, 0xE0, 0x7F,
  0xC1, 0xFF, 0x07, 0xF3, 0xF8, 0x3F, 0xE0, 0xFF, 0x83, 0xF9, 0xFC, 0x1F, 0xE0, 0x7F, 0xC1, 0xF8, 0xFE, 0x0F, 0xF0, 0x1F, 0xE0, 0xFC, 0x7F, 0x07,
  0xF8, 0x0F, 0xF0, 0xFE, 0x3F, 0xC7, 0xFC, 0x07, 0xFC, 0x7F, 0x1F, 0xE3, 0xFC, 0x03, 0xFE, 0x3F, 0x8F, 0xF1, 0xFE, 0x00, 0xFF, 0x1F, 0xC3, 0xF8,
  0xFF, 0x00, 0x7F, 0x8F, 0xC1, 0xFC, 0x7F, 0x80, 0x3F, 0xC7, 0xE0, 0xFE, 0x3F, 0x80, 0x1F, 0xE7, 0xF0, 0x7F, 0x1F, 0xC0, 0x0F, 0xF3, 0xF8, 0x1F,
  0xDF, 0xE0, 0x03, 0xF9, 0xFC, 0x0F, 0xEF, 0xF0, 0x01, 0xFE, 0xFC, 0x07, 0xF7, 0xF0, 0x00, 0xFF, 0x7E, 0x03, 0xFB, 0xF8, 0x00, 0x7F, 0xFF, 0x00,
  0xFF, 0xFC, 0x00, 0x1F, 0xFF, 0x80, 0x7F, 0xFE, 0x00, 0x0F, 0xFF, 0x80, 0x3F, 0xFE, 0x00, 0x07, 0xFF, 0xC0, 0x1F, 0xFF, 0x00, 0x03, 0xFF, 0xE0,
  0x0F, 0xFF, 0x80, 0x00, 0xFF, 0xF0, 0x03, 0xFF, 0xC0, 0x00, 0x7F, 0xF0, 0x01, 0xFF, 0xC0, 0x00, 0x3F, 0xF8, 0x00, 0xFF, 0xE0, 0x00, 0x1F, 0xFC,
  0x00, 0x7F, 0xF0, 0x00, 0xFF, 0xC0, 0x03, 0xFF, 0x7F, 0xE0, 0x03, 0xFE, 0x7F, 0xE0, 0x07, 0xFE, 0x3F, 0xF0, 0x07, 0xFC, 0x1F, 0xF0, 0x0F, 0xF8,
  0x1F, 0xF8, 0x0F, 0xF8, 0x0F, 0xFC, 0x1F, 0xF0, 0x0F, 0xFC, 0x1F, 0xF0, 0x07, 0xFE, 0x3F, 0xE0, 0x07, 0xFE, 0x7F, 0xE0, 0x03, 0xFF, 0x7F, 0xC0,
  0x01, 0xFF, 0xFF, 0x80, 0x01, 0xFF, 0xFF, 0x80, 0x00, 0xFF, 0xFF, 0x00, 0x00, 0xFF, 0xFF, 0x00, 0x00, 0x7F, 0xFE, 0x00, 0x00, 0x7F, 0xFC, 0x00,
  0x00, 0x3F, 0xFC, 0x00, 0x00, 0x3F, 0xFC, 0x00, 0x00, 0x7F, 0xFE, 0x00, 0x00, 0x7F, 0xFE, 0x00, 0x00, 0xFF, 0xFF, 0x00, 0x01, 0xFF, 0xFF, 0x00,
  0x01, 0xFF, 0xFF, 0x80, 0x03, 0xFF, 0xFF, 0xC0, 0x03, 0xFE, 0x7F, 0xC0, 0x07, 0xFC, 0x7F, 0xE0, 0x07, 0xFC, 0x3F, 0xE0, 0x0F, 0xF8, 0x3F, 0xF0,
  0x0F, 0xF8, 0x1F, 0xF8, 0x1F, 0xF0, 0x1F, 0xF8, 0x3F, 0xF0, 0x0F, 0xFC, 0x3F, 0xE0, 0x0F, 0xFC, 0x7F, 0xE0, 0x07, 0xFE, 0x7F, 0xC0, 0x07, 0xFF,
  0xFF, 0xC0, 0x03, 0xFF, 0xFF, 0xC0, 0x00, 0xFF, 0xBF, 0xE0, 0x00, 0x7F, 0xDF, 0xF8, 0x00, 0x7F, 0xEF, 0xFC, 0x00, 0x3F, 0xE3, 0xFE, 0x00, 0x1F,
  0xF1, 0xFF, 0x80, 0x0F, 0xF8, 0xFF, 0xC0, 0x0F, 0xF8, 0x3F, 0xE0, 0x07, 0xFC, 0x1F, 0xF0, 0x03, 0xFE, 0x0F, 0xFC, 0x03, 0xFF, 0x03, 0xFE, 0x01,
  0xFF, 0x01, 0xFF, 0x00, 0xFF, 0x80, 0xFF, 0x80, 0x7F, 0xC0, 0x3F, 0xE0, 0x7F, 0xC0, 0x1F, 0xF0, 0x3F, 0xE0, 0x0F, 0xF8, 0x1F, 0xF0, 0x07, 0xFC,
  0x0F, 0xF0, 0x01, 0xFF, 0x0F, 0xF8, 0x00, 0xFF, 0x87, 0xFC, 0x00, 0x7F, 0xC3, 0xFC, 0x00, 0x1F, 0xE1, 0xFE, 0x00, 0x0F, 0xF8, 0xFF, 0x00, 0x07,
  0xFC, 0xFF, 0x00, 0x01, 0xFE, 0x7F, 0x80, 0x00, 0xFF, 0x3F, 0xC0, 0x00, 0x7F, 0x9F, 0xE0, 0x00, 0x1F, 0xCF, 0xE0, 0x00, 0x0F, 0xFF, 0xF0, 0x00,
  0x07, 0xFF, 0xF8, 0x00, 0x01, 0xFF, 0xF8, 0x00, 0x00, 0xFF, 0xFC, 0x00, 0x00, 0x7F, 0xFE, 0x00, 0x00, 0x1F, 0xFE, 0x00, 0x00, 0x0F, 0xFF, 0x00,
  0x00, 0x07, 0xFF, 0x80, 0x00, 0x01, 0xFF, 0x80, 0x00, 0x00, 0xFF, 0xC0, 0x00, 0x00, 0x7F, 0xE0, 0x00, 0x00, 0x3F, 0xE0, 0x00, 0x00, 0x1F, 0xF0,
  0x00, 0x00, 0x1F, 0xF8, 0x00, 0x00, 0x0F, 0xFC, 0x00, 0x07, 0xFF, 0xFC, 0x00, 0x03, 0xFF, 0xFE, 0x00, 0x01, 0xFF, 0xFF, 0x00, 0x00, 0xFF, 0xFF,
  0x00, 0x00, 0x7F, 0xFF, 0x00, 0x00, 0x3F, 0xFF, 0x80, 0x00, 0x1F, 0xFF, 0x00, 0x00, 0x0F, 0xFE, 0x00, 0x00, 0x00, 0x7F, 0xFF, 0xFF, 0xEF, 0xFF,
  0xFF, 0xFD, 0xFF, 0xFF, 0xFF, 0xBF, 0xFF, 0xFF, 0xF7, 0xFF, 0xFF, 0xFE, 0xFF, 0xFF, 0xFF, 0xDF, 0xFF, 0xFF, 0xFB, 0xFF, 0xFF, 0xFF, 0x00, 0x00,
  0xFF, 0xC0, 0x00, 0x3F, 0xF8, 0x00, 0x0F, 0xFE, 0x00, 0x03, 0xFF, 0x80, 0x00, 0x7F, 0xE0, 0x00, 0x1F, 0xFC, 0x00, 0x07, 0xFF, 0x00, 0x01, 0xFF,
  0xC0, 0x00, 0x7F, 0xF0, 0x00, 0x0F, 0xFC, 0x00, 0x03, 0xFF, 0x80, 0x00, 0xFF, 0xE0, 0x00, 0x3F, 0xF8, 0x00, 0x07, 0xFE, 0x00, 0x01, 0xFF, 0x80,
  0x00, 0x7F, 0xF0, 0x00, 0x1F, 0xFC, 0x00, 0x07, 0xFF, 0x00, 0x00, 0xFF, 0xC0, 0x00, 0x3F, 0xF0, 0x00, 0x0F, 0xFF, 0xFF, 0xFF, 0xFF, 0xFF, 0xFF,
  0xFF, 0xFF, 0xFF, 0xFF, 0xFF, 0xFF, 0xFF, 0xFF, 0xFF, 0xFF, 0xFF, 0xFF, 0xFF, 0xFF, 0xFF, 0xFF, 0xFF, 0xFF, 0xFF, 0xFF, 0xF0, 0x00, 0x7F, 0xE0,
  0x1F, 0xFC, 0x07, 0xFF, 0x81, 0xFF, 0xF0, 0x3F, 0xFE, 0x07, 0xFF, 0xC0, 0xFF, 0x00, 0x1F, 0xE0, 0x03, 0xFC, 0x00, 0x7F, 0x80, 0x0F, 0xF0, 0x01,
  0xFE, 0x00, 0x3F, 0xC0, 0x07, 0xF8, 0x00, 0xFF, 0x00, 0x1F, 0xE0, 0x03, 0xFC, 0x00, 0x7F, 0x80, 0x0F, 0xF0, 0x01, 0xFE, 0x00, 0x3F, 0xC0, 0x07,
  0xF8, 0x00, 0xFF, 0x00, 0x1F, 0xE0, 0x07, 0xFC, 0x00, 0xFF, 0x80, 0x7F, 0xE0, 0x7F, 0xFC, 0x0F, 0xFE, 0x01, 0xFF, 0x00, 0x3E, 0x00, 0x07, 0xFC,
  0x00, 0xFF, 0xE0, 0x1F, 0xFF, 0x00, 0x7F, 0xE0, 0x03, 0xFE, 0x00, 0x7F, 0xC0, 0x07, 0xF8, 0x00, 0xFF, 0x00, 0x1F, 0xE0, 0x03, 0xFC, 0x00, 0x7F,
  0x80, 0x0F, 0xF0, 0x01, 0xFE, 0x00, 0x3F, 0xC0, 0x07, 0xF8, 0x00, 0xFF, 0x00, 0x1F, 0xE0, 0x03, 0xFC, 0x00, 0x7F, 0x80, 0x0F, 0xF0, 0x01, 0xFE,
  0x00, 0x3F, 0xC0, 0x07, 0xF8, 0x00, 0xFF, 0x00, 0x1F, 0xFF, 0x03, 0xFF, 0xE0, 0x7F, 0xFC, 0x07, 0xFF, 0x80, 0x7F, 0xF0, 0x07, 0xFE, 0xFF, 0xFF,
  0xFF, 0xFF, 0xFF, 0xFF, 0xFF, 0xFF, 0xFF, 0xFF, 0xFF, 0xFF, 0xFF, 0xFF, 0xFF, 0xFF, 0xFF, 0xFF, 0xFF, 0xFF, 0xFF, 0xFF, 0xFF, 0xFF, 0xFF, 0xFF,
  0xFF, 0xFF, 0xFF, 0xFF, 0xFF, 0xFF, 0xFF, 0xFF, 0xFF, 0xFF, 0xFF, 0xFF, 0xFF, 0xFF, 0xFF, 0xFF, 0xFF, 0xFF, 0xFF, 0xFF, 0xFF, 0xFF, 0xFF, 0xFF,
  0xFF, 0xFF, 0xFF, 0xFF, 0xFF, 0xFF, 0xFF, 0xFF, 0xFF, 0xFF, 0xFF, 0xFF, 0xC0, 0x1F, 0xFC, 0x03, 0xFF, 0xC0, 0x7F, 0xFC, 0x0F, 0xFF, 0x81, 0xFF,
  0xF0, 0x01, 0xFE, 0x00, 0x3F, 0xC0, 0x07, 0xF8, 0x00, 0xFF, 0x00, 0x1F, 0xE0, 0x03, 0xFC, 0x00, 0x7F, 0x80, 0x0F, 0xF0, 0x01, 0xFE, 0x00, 0x3F,
  0xC0, 0x07, 0xF8, 0x00, 0xFF, 0x00, 0x1F, 0xE0, 0x03, 0xFC, 0x00, 0x7F, 0x80, 0x0F, 0xF0, 0x01, 0xFE, 0x00, 0x3F, 0xC0, 0x07, 0xFC, 0x00, 0xFF,
  0x80, 0x0F, 0xFC, 0x01, 0xFF, 0xF0, 0x1F, 0xFE, 0x00, 0x7F, 0xC0, 0x00, 0xF8, 0x01, 0xFF, 0x00, 0xFF, 0xE0, 0x7F, 0xFC, 0x0F, 0xFC, 0x03, 0xFE,
  0x00, 0x7F, 0xC0, 0x0F, 0xF0, 0x01, 0xFE, 0x00, 0x3F, 0xC0, 0x07, 0xF8, 0x00, 0xFF, 0x00, 0x1F, 0xE0, 0x03, 0xFC, 0x00, 0x7F, 0x80, 0x0F, 0xF0,
  0x01, 0xFE, 0x00, 0x3F, 0xC0, 0x07, 0xF8, 0x00, 0xFF, 0x00, 0x1F, 0xE0, 0x03, 0xFC, 0x00, 0x7F, 0x80, 0x0F, 0xF0, 0x01, 0xFE, 0x07, 0xFF, 0xC0,
  0xFF, 0xF8, 0x1F, 0xFF, 0x03, 0xFF, 0xC0, 0x7F, 0xF0, 0x0F, 0xFC, 0x00, 0x07, 0xF0, 0x00, 0x00, 0x7F, 0xF0, 0x00, 0x03, 0xFF, 0xF0, 0x01, 0x1F,
  0xFF, 0xF0, 0x0C, 0xFF, 0xFF, 0xF0, 0x7B, 0xFF, 0xFF, 0xFF, 0xE7, 0xFF, 0xFF, 0xFF, 0xDF, 0xFF, 0xFF, 0xFF, 0x3C, 0x3F, 0xFF, 0xFC, 0xE0, 0x1F,
  0xFF, 0xF1, 0x00, 0x1F, 0xFF, 0x80, 0x00, 0x3F, 0xF8, 0x00, 0x00, 0x1F, 0x80,
};
const GFXglyph PlexTitle_Glyphs[] PROGMEM = {
  {0, 0, 0, 14, 0, 0},  // 0x20 ' '
  {0, 12, 48, 20, 4, -47},  // 0x21 '!'
  {72, 23, 22, 31, 4, -50},  // 0x22 '"'
  {136, 38, 47, 38, 0, -47},  // 0x23 '#'
  {360, 33, 58, 36, 2, -53},  // 0x24 '$'
  {600, 54, 49, 60, 3, -48},  // 0x25 '%'
  {931, 41, 49, 44, 3, -48},  // 0x26 '&'
  {1183, 9, 22, 17, 4, -50},  // 0x27 "'"
  {1208, 19, 61, 21, 2, -52},  // 0x28 '('
  {1353, 19, 61, 21, 0, -52},  // 0x29 ')'
  {1498, 34, 33, 38, 2, -51},  // 0x2A '*'
  {1639, 29, 30, 37, 4, -36},  // 0x2B '+'
  {1748, 12, 21, 19, 3, -11},  // 0x2C ','
  {1780, 18, 9, 24, 3, -25},  // 0x2D '-'
  {1801, 11, 12, 19, 4, -11},  // 0x2E '.'
  {1818, 26, 60, 29, 0, -50},  // 0x2F '/'
  {2013, 33, 49, 37, 2, -48},  // 0x30 '0'
  {2216, 32, 47, 37, 3, -47},  // 0x31 '1'
  {2404, 32, 48, 37, 2, -48},  // 0x32 '2'
  {2596, 32, 49, 37, 1, -48},  // 0x33 '3'
  {2792, 33, 47, 37, 2, -47},  // 0x34 '4'
  {2986, 32, 48, 37, 3, -47},  // 0x35 '5'
  {3178, 33, 48, 37, 2, -47},  // 0x36 '6'
  {3376, 31, 47, 37, 3, -47},  // 0x37 '7'
  {3559, 32, 49, 37, 2, -48},  // 0x38 '8'
  {3755, 32, 48, 37, 2, -48},  // 0x39 '9'
  {3947, 11, 37, 21, 5, -36},  // 0x3A ':'
  {3998, 13, 46, 21, 3, -36},  // 0x3B ';'
  {4073, 25, 39, 37, 6, -40},  // 0x3C '<'
  {4195, 29, 22, 37, 4, -32},  // 0x3D '='
  {4275, 25, 41, 37, 6, -41},  // 0x3E '>'
  {4404, 28, 49, 31, 1, -48},  // 0x3F '?'
  {4576, 49, 56, 55, 3, -48},  // 0x40 '@'
  {4919, 39, 47, 42, 2, -47},  // 0x41 'A'
  {5149, 34, 47, 41, 5, -47},  // 0x42 'B'
  {5349, 35, 49, 40, 3, -48},  // 0x43 'C'
  {5564, 35, 47, 43, 5, -47},  // 0x44 'D'
  {5770, 29, 47, 37, 5, -47},  // 0x45 'E'
  {5941, 28, 47, 36, 5, -47},  // 0x46 'F'
  {6106, 37, 49, 44, 3, -48},  // 0x47 'G'
  {6333, 35, 47, 44, 5, -47},  // 0x48 'H'
  {6539, 21, 47, 27, 3, -47},  // 0x49 'I'
  {6663, 28, 48, 34, 2, -47},  // 0x4A 'J'
  {6831, 37, 47, 43, 5, -47},  // 0x4B 'K'
  {7049, 25, 47, 33, 5, -47},  // 0x4C 'L'
  {7196, 40, 47, 50, 5, -47},  // 0x4D 'M'
  {7431, 35, 47, 44, 5, -47},  // 0x4E 'N'
  {7637, 38, 49, 44, 3, -48},  // 0x4F 'O'
  {7870, 33, 47, 40, 5, -47},  // 0x50 'P'
  {8064, 38, 60, 44, 3, -48},  // 0x51 'Q'
  {8349, 33, 47, 41, 5, -47},  // 0x52 'R'
  {8543, 33, 49, 38, 2, -48},  // 0x53 'S'
  {8746, 32, 47, 36, 2, -47},  // 0x54 'T'
  {8934, 34, 48, 43, 4, -47},  // 0x55 'U'
  {9138, 39, 47, 41, 1, -47},  // 0x56 'V'
  {9368, 56, 47, 60, 2, -47},  // 0x57 'W'
  {9697, 39, 47, 42, 1, -47},  // 0x58 'X'
  {9927, 38, 47, 39, 1, -47},  // 0x59 'Y'
  {10151, 33, 47, 37, 2, -47},  // 0x5A 'Z'
  {10345, 13, 61, 21, 5, -52},  // 0x5B '['
  {10445, 26, 60, 29, 2, -50},  // 0x5C '\\'
  {10640, 13, 61, 21, 3, -52},  // 0x5D ']'
  {10740, 32, 27, 37, 2, -47},  // 0x5E '^'
  {10848, 30, 8, 34, 2, 5},  // 0x5F '_'
  {10878, 14, 16, 37, 9, -55},  // 0x60 '`'
  {10906, 31, 38, 35, 2, -37},  // 0x61 'a'
  {11054, 31, 51, 37, 4, -50},  // 0x62 'b'
  {11252, 28, 38, 32, 2, -37},  // 0x63 'c'
  {11385, 30, 51, 37, 3, -50},  // 0x64 'd'
  {11577, 30, 38, 35, 2, -37},  // 0x65 'e'
  {11720, 21, 50, 23, 1, -50},  // 0x66 'f'
  {11852, 33, 57, 34, 1, -43},  // 0x67 'g'
  {12088, 29, 50, 37, 4, -50},  // 0x68 'h'
  {12270, 11, 51, 18, 3, -51},  // 0x69 'i'
  {12341, 15, 65, 18, 0, -51},  // 0x6A 'j'
  {12463, 31, 50, 36, 4, -50},  // 0x6B 'k'
  {12657, 14, 50, 19, 4, -50},  // 0x6C 'l'
  {12745, 47, 37, 55, 4, -37},  // 0x6D 'm'
  {12963, 29, 37, 37, 4, -37},  // 0x6E 'n'
  {13098, 30, 38, 35, 2, -37},  // 0x6F 'o'
  {13241, 31, 51, 37, 4, -37},  // 0x70 'p'
  {13439, 30, 51, 37, 3, -37},  // 0x71 'q'
  {13631, 20, 36, 25, 4, -36},  // 0x72 'r'
  {13721, 27, 38, 31, 2, -37},  // 0x73 's'
  {13850, 21, 46, 23, 1, -46},  // 0x74 't'
  {13971, 29, 37, 37, 4, -36},  // 0x75 'u'
  {14106, 33, 36, 33, 0, -36},  // 0x76 'v'
  {14255, 49, 36, 51, 1, -36},  // 0x77 'w'
  {14476, 32, 36, 34, 1, -36},  // 0x78 'x'
  {14620, 33, 50, 34, 0, -36},  // 0x79 'y'
  {14827, 27, 36, 32, 2, -36},  // 0x7A 'z'
  {14949, 19, 61, 23, 1, -52},  // 0x7B '{'
  {15094, 8, 61, 25, 9, -52},  // 0x7C '|'
  {15155, 19, 61, 23, 3, -52},  // 0x7D '}'
  {15300, 30, 13, 37, 3, -27},  // 0x7E '~'
};
const GFXfont PlexTitle PROGMEM = {(uint8_t*)PlexTitle_Bitmaps, (GFXglyph*)PlexTitle_Glyphs, 0x20, 0x7E, 89};

const uint8_t PlexBody_Bitmaps[] PROGMEM = {
  0x79, 0xE7, 0x9E, 0x79, 0xE7, 0x9E, 0x79, 0xE7, 0x9E, 0x79, 0xE7, 0x8C, 0x30, 0xC3, 0x00, 0x00, 0x07, 0xBF, 0xFF, 0xFF, 0xDE, 0xF0, 0xFF, 0x0F,
  0xF0, 0xFF, 0x0F, 0xF0, 0xFF, 0x0F, 0xF0, 0xFF, 0x0F, 0xF0, 0xFF, 0x0F, 0xF0, 0xFF, 0x0F, 0x00, 0xE0, 0x70, 0x03, 0xC0, 0xE0, 0x07, 0x01, 0xC0,
  0x0E, 0x07, 0x80, 0x1C, 0x0E, 0x00, 0x38, 0x1C, 0x00, 0x70, 0x38, 0x01, 0xE0, 0x70, 0x7F, 0xFF, 0xFE, 0xFF, 0xFF, 0xFD, 0xFF, 0xFF, 0xF8, 0x1C,
  0x0E, 0x00, 0x38, 0x1C, 0x00, 0xE0, 0x38, 0x01, 0xC0, 0x70, 0x03, 0x81, 0xC0, 0x07, 0x03, 0x81, 0xFF, 0xFF, 0xFB, 0xFF, 0xFF, 0xF7, 0xFF, 0xFF,
  0xE0, 0xE0, 0x78, 0x01, 0xC0, 0xE0, 0x03, 0x81, 0xC0, 0x07, 0x03, 0x80, 0x1E, 0x07, 0x00, 0x38, 0x0E, 0x00, 0x70, 0x3C, 0x00, 0xE0, 0x70, 0x00,
  0x00, 0xF0, 0x00, 0x0F, 0x00, 0x00, 0xF0, 0x00, 0x3F, 0xC0, 0x0F, 0xFF, 0x01, 0xFF, 0xFC, 0x3F, 0xFF, 0xE7, 0xC7, 0x3E, 0x78, 0x71, 0xC7, 0x87,
  0x00, 0x78, 0x70, 0x07, 0x87, 0x00, 0x78, 0x70, 0x07, 0xE7, 0x00, 0x3F, 0xF0, 0x01, 0xFF, 0xC0, 0x0F, 0xFF, 0x00, 0x3F, 0xFC, 0x00, 0xFF, 0xE0,
  0x07, 0x7E, 0x00, 0x71, 0xF0, 0x07, 0x1F, 0x00, 0x70, 0xF0, 0x07, 0x0F, 0x20, 0x71, 0xF7, 0x07, 0x1E, 0xFC, 0x73, 0xE7, 0xFF, 0xFC, 0x3F, 0xFF,
  0x81, 0xFF, 0xF0, 0x03, 0xFC, 0x00, 0x0F, 0x00, 0x00, 0xF0, 0x00, 0x0F, 0x00, 0x0F, 0xC0, 0x00, 0xF0, 0x0F, 0xF0, 0x00, 0x78, 0x0F, 0xFC, 0x00,
  0x78, 0x0F, 0x0F, 0x00, 0x78, 0x07, 0x83, 0x80, 0x7C, 0x03, 0x81, 0xC0, 0x3C, 0x03, 0xC0, 0xF0, 0x3C, 0x01, 0xE0, 0x78, 0x3C, 0x00, 0xF0, 0x3C,
  0x1E, 0x00, 0x78, 0x1E, 0x1E, 0x00, 0x1C, 0x0E, 0x1E, 0x00, 0x0F, 0x07, 0x0F, 0x00, 0x07, 0x87, 0x8F, 0x0F, 0x81, 0xFF, 0x8F, 0x0F, 0xF0, 0x7F,
  0x87, 0x8F, 0xFC, 0x1F, 0x87, 0x8F, 0x0F, 0x00, 0x07, 0x87, 0x07, 0x80, 0x03, 0xC7, 0x81, 0xC0, 0x03, 0xC3, 0xC0, 0xE0, 0x03, 0xC1, 0xE0, 0x70,
  0x03, 0xC0, 0xF0, 0x38, 0x01, 0xE0, 0x78, 0x1C, 0x01, 0xE0, 0x3C, 0x0E, 0x01, 0xE0, 0x0E, 0x0F, 0x00, 0xF0, 0x07, 0x87, 0x80, 0xF0, 0x01, 0xFF,
  0x80, 0xF0, 0x00, 0x7F, 0x80, 0x78, 0x00, 0x1F, 0x00, 0x01, 0xF8, 0x00, 0x07, 0xFE, 0x00, 0x0F, 0xFF, 0x00, 0x1F, 0xFF, 0x00, 0x3E, 0x0F, 0x80,
  0x3C, 0x07, 0x80, 0x3C, 0x07, 0x80, 0x3C, 0x07, 0x80, 0x3E, 0x0F, 0x00, 0x1E, 0x1F, 0x00, 0x1F, 0x3E, 0x00, 0x0F, 0xFC, 0x00, 0x07, 0xF0, 0x00,
  0x0F, 0xE0, 0x3E, 0x1F, 0xF0, 0x3F, 0x3F, 0xF8, 0x7F, 0x7C, 0x7C, 0x7F, 0xF8, 0x3E, 0x78, 0xF0, 0x3F, 0x78, 0xF0, 0x1F, 0xF0, 0xF0, 0x0F, 0xF0,
  0xF0, 0x07, 0xE0, 0xF8, 0x03, 0xF0, 0xFC, 0x0F, 0xF8, 0x7F, 0xFF, 0xF8, 0x3F, 0xFF, 0x7C, 0x1F, 0xFC, 0x3E, 0x07, 0xF0, 0x1F, 0xFF, 0xFF, 0xFF,
  0xFF, 0xFF, 0xFF, 0x03, 0xC1, 0xE0, 0xF8, 0x3C, 0x1E, 0x07, 0x83, 0xC0, 0xF0, 0x78, 0x1E, 0x07, 0x03, 0xC0, 0xF0, 0x3C, 0x0F, 0x03, 0xC0, 0xF0,
  0x3C, 0x0F, 0x03, 0xC0, 0xF0, 0x3C, 0x0F, 0x03, 0xC0, 0xF0, 0x1C, 0x07, 0x81, 0xE0, 0x3C, 0x0F, 0x01, 0xE0, 0x78, 0x0F, 0x03, 0xC0, 0x78, 0x0F,
  0xF0, 0x0F, 0x00, 0xF0, 0x0F, 0x01, 0xE0, 0x1E, 0x03, 0xC0, 0x3C, 0x07, 0x80, 0x78, 0x0F, 0x01, 0xE0, 0x3C, 0x03, 0xC0, 0x78, 0x0F, 0x01, 0xE0,
  0x3C, 0x07, 0x80, 0xF0, 0x1E, 0x03, 0xC0, 0x78, 0x1E, 0x03, 0xC0, 0x78, 0x0F, 0x03, 0xC0, 0x78, 0x1E, 0x03, 0xC0, 0xF0, 0x1E, 0x07, 0x81, 0xE0,
  0x78, 0x00, 0x03, 0xC0, 0x01, 0xE0, 0x00, 0xF0, 0x00, 0x38, 0x00, 0x1C, 0x17, 0x8E, 0x3B, 0xFF, 0xFF, 0xFF, 0xFF, 0x3F, 0xFC, 0x03, 0xF0, 0x01,
  0xFC, 0x01, 0xFE, 0x01, 0xE7, 0x80, 0xF1, 0xE0, 0xF0, 0xF8, 0x30, 0x38, 0x08, 0x08, 0x00, 0x01, 0xE0, 0x00, 0x78, 0x00, 0x1E, 0x00, 0x07, 0x80,
  0x01, 0xE0, 0x00, 0x78, 0x00, 0x1E, 0x00, 0x07, 0x80, 0xFF, 0xFF, 0xFF, 0xFF, 0xFF, 0xFF, 0xFF, 0xFF, 0xFF, 0x01, 0xE0, 0x00, 0x78, 0x00, 0x1E,
  0x00, 0x07, 0x80, 0x01, 0xE0, 0x00, 0x78, 0x00, 0x1E, 0x00, 0x03, 0x00, 0x38, 0xF9, 0xFB, 0xF7, 0xE7, 0x87, 0x1E, 0x38, 0xE3, 0x80, 0xFF, 0xFF,
  0xFF, 0xFF, 0xFF, 0xFF, 0x7B, 0xEF, 0xFF, 0xF9, 0xE0, 0x00, 0x1E, 0x00, 0x3C, 0x00, 0x70, 0x01, 0xE0, 0x03, 0xC0, 0x07, 0x00, 0x1E, 0x00, 0x3C,
  0x00, 0x70, 0x01, 0xE0, 0x03, 0xC0, 0x07, 0x80, 0x1E, 0x00, 0x3C, 0x00, 0x78, 0x00, 0xE0, 0x03, 0xC0, 0x07, 0x80, 0x0E, 0x00, 0x3C, 0x00, 0x78,
  0x00, 0xE0, 0x03, 0xC0, 0x07, 0x80, 0x0F, 0x00, 0x3C, 0x00, 0x78, 0x00, 0xF0, 0x01, 0xC0, 0x07, 0x80, 0x0F, 0x00, 0x1C, 0x00, 0x78, 0x00, 0xF0,
  0x01, 0xC0, 0x07, 0x80, 0x00, 0x01, 0xF8, 0x00, 0x7F, 0xE0, 0x1F, 0xFF, 0x83, 0xFF, 0xFC, 0x3F, 0x0F, 0xC7, 0xC0, 0x3E, 0x7C, 0x03, 0xE7, 0x80,
  0x1E, 0xF8, 0x01, 0xFF, 0x80, 0x1F, 0xF8, 0x01, 0xFF, 0x80, 0x1F, 0xF8, 0x01, 0xFF, 0x80, 0x1F, 0xF8, 0x01, 0xFF, 0x80, 0x1F, 0xF8, 0x01, 0xFF,
  0x80, 0x1F, 0xF8, 0x01, 0xFF, 0x80, 0x1F, 0x78, 0x01, 0xE7, 0xC0, 0x3E, 0x7C, 0x03, 0xE3, 0xF0, 0x7C, 0x1F, 0xFF, 0x81, 0xFF, 0xF8, 0x07, 0xFE,
  0x00, 0x1F, 0x80, 0x03, 0xFC, 0x00, 0x3F, 0xC0, 0x07, 0xFC, 0x00, 0xFF, 0xC0, 0x1F, 0x7C, 0x03, 0xE7, 0xC0, 0x7C, 0x7C, 0x0F, 0x87, 0xC0, 0xF0,
  0x7C, 0x06, 0x07, 0xC0, 0x00, 0x7C, 0x00, 0x07, 0xC0, 0x00, 0x7C, 0x00, 0x07, 0xC0, 0x00, 0x7C, 0x00, 0x07, 0xC0, 0x00, 0x7C, 0x00, 0x07, 0xC0,
  0x00, 0x7C, 0x00, 0x07, 0xC0, 0x00, 0x7C, 0x00, 0x07, 0xC0, 0x00, 0x7C, 0x00, 0x07, 0xC0, 0x3F, 0xFF, 0xF3, 0xFF, 0xFF, 0x3F, 0xFF, 0xF3, 0xFF,
  0xFF, 0x01, 0xF8, 0x00, 0xFF, 0xE0, 0x1F, 0xFF, 0x83, 0xFF, 0xF8, 0x7E, 0x0F, 0xC7, 0xC0, 0x7C, 0xF8, 0x03, 0xE3, 0x80, 0x3E, 0x00, 0x03, 0xE0,
  0x00, 0x3E, 0x00, 0x03, 0xC0, 0x00, 0x7C, 0x00, 0x07, 0xC0, 0x00, 0xF8, 0x00, 0x1F, 0x00, 0x03, 0xF0, 0x00, 0x7E, 0x00, 0x0F, 0x80, 0x01, 0xF0,
  0x00, 0x7E, 0x00, 0x0F, 0xC0, 0x01, 0xF8, 0x00, 0x3F, 0x00, 0x07, 0xC0, 0x00, 0x7F, 0xFF, 0xF7, 0xFF, 0xFF, 0x7F, 0xFF, 0xF7, 0xFF, 0xFF, 0x03,
  0xF8, 0x01, 0xFF, 0xC0, 0xFF, 0xFC, 0x3F, 0xFF, 0xC7, 0xC0, 0xFC, 0xF0, 0x0F, 0x84, 0x01, 0xF0, 0x00, 0x1E, 0x00, 0x07, 0xC0, 0x00, 0xF8, 0x00,
  0x3E, 0x01, 0xFF, 0x80, 0x3F, 0xC0, 0x07, 0xFC, 0x00, 0xFF, 0xC0, 0x00, 0x7C, 0x00, 0x07, 0xC0, 0x00, 0x78, 0x00, 0x0F, 0x80, 0x01, 0xF0, 0x00,
  0x3E, 0xC0, 0x07, 0xFC, 0x01, 0xF7, 0xE0, 0x7E, 0xFF, 0xFF, 0x87, 0xFF, 0xE0, 0x7F, 0xF8, 0x03, 0xFC, 0x00, 0x00, 0x1F, 0xC0, 0x00, 0xFE, 0x00,
  0x0F, 0xF0, 0x00, 0x7F, 0x80, 0x07, 0xFC, 0x00, 0x7B, 0xE0, 0x03, 0xDF, 0x00, 0x3C, 0xF8, 0x01, 0xE7, 0xC0, 0x1E, 0x3E, 0x01, 0xE1, 0xF0, 0x0F,
  0x0F, 0x80, 0xF0, 0x7C, 0x07, 0x83, 0xE0, 0x78, 0x1F, 0x03, 0xC0, 0xF8, 0x3C, 0x07, 0xC3, 0xC0, 0x3E, 0x1E, 0x01, 0xF1, 0xFF, 0xFF, 0xFF, 0xFF,
  0xFF, 0xFF, 0xFF, 0xFF, 0xFF, 0xFF, 0xE0, 0x00, 0xF8, 0x00, 0x07, 0xC0, 0x00, 0x3E, 0x00, 0x01, 0xF0, 0x00, 0x0F, 0x80, 0x7F, 0xFF, 0x8F, 0xFF,
  0xF1, 0xFF, 0xFE, 0x3F, 0xFF, 0xC7, 0x80, 0x00, 0xF0, 0x00, 0x1E, 0x00, 0x03, 0xC0, 0x00, 0x78, 0x00, 0x0F, 0x00, 0x01, 0xC3, 0xC0, 0x39, 0xFF,
  0x07, 0x7F, 0xF0, 0xEF, 0xFF, 0x1F, 0x07, 0xF3, 0xC0, 0x3E, 0x00, 0x03, 0xE0, 0x00, 0x7C, 0x00, 0x0F, 0x80, 0x01, 0xF0, 0x00, 0x3E, 0xE0, 0x07,
  0xBE, 0x01, 0xF7, 0xE0, 0x7E, 0x7F, 0xFF, 0x87, 0xFF, 0xE0, 0x7F, 0xF8, 0x03, 0xF8, 0x00, 0x00, 0x3F, 0x00, 0x0F, 0xC0, 0x01, 0xF8, 0x00, 0x3F,
  0x00, 0x07, 0xE0, 0x00, 0xFC, 0x00, 0x0F, 0x80, 0x01, 0xF0, 0x00, 0x1E, 0x00, 0x03, 0xE0, 0x00, 0x3C, 0x18, 0x07, 0xCF, 0xF0, 0x7D, 0xFF, 0x87,
  0xBF, 0xFC, 0xFF, 0x07, 0xEF, 0xC0, 0x3E, 0xF8, 0x01, 0xFF, 0x80, 0x1F, 0xF8, 0x01, 0xFF, 0x80, 0x1F, 0x78, 0x01, 0xF7, 0x80, 0x1F, 0x7C, 0x03,
  0xE3, 0xE0, 0x7E, 0x3F, 0xFF, 0xC1, 0xFF, 0xF8, 0x07, 0xFF, 0x00, 0x1F, 0xC0, 0xFF, 0xFF, 0xFF, 0xFF, 0xFF, 0xFF, 0xFF, 0xFF, 0xFF, 0xE0, 0x03,
  0xF8, 0x01, 0xFE, 0x00, 0x7B, 0x80, 0x3E, 0xE0, 0x0F, 0x80, 0x03, 0xC0, 0x01, 0xF0, 0x00, 0x78, 0x00, 0x3E, 0x00, 0x0F, 0x80, 0x07, 0xC0, 0x01,
  0xF0, 0x00, 0x78, 0x00, 0x3E, 0x00, 0x0F, 0x00, 0x07, 0xC0, 0x01, 0xF0, 0x00, 0x78, 0x00, 0x3E, 0x00, 0x0F, 0x00, 0x07, 0xC0, 0x01, 0xF0, 0x00,
  0xF8, 0x00, 0x3E, 0x00, 0x03, 0xFC, 0x00, 0xFF, 0xF0, 0x1F, 0xFF, 0x83, 0xFF, 0xFC, 0x7E, 0x07, 0xE7, 0xC0, 0x3E, 0x78, 0x01, 0xE7, 0x80, 0x1E,
  0x78, 0x01, 0xE7, 0xC0, 0x3E, 0x3C, 0x03, 0xC1, 0xFF, 0xF8, 0x07, 0xFE, 0x00, 0x7F, 0xE0, 0x1F, 0xFF, 0x83, 0xE0, 0x7C, 0x7C, 0x03, 0xEF, 0x80,
  0x1F, 0xF8, 0x01, 0xFF, 0x80, 0x1F, 0xF8, 0x01, 0xFF, 0x80, 0x1F, 0xF8, 0x01, 0xF7, 0xE0, 0x7E, 0x7F, 0xFF, 0xE3, 0xFF, 0xFC, 0x0F, 0xFF, 0x00,
  0x3F, 0xC0, 0x03, 0xF8, 0x00, 0xFF, 0xE0, 0x1F, 0xFF, 0x83, 0xFF, 0xFC, 0x7E, 0x07, 0xC7, 0xC0, 0x3E, 0xF8, 0x01, 0xEF, 0x80, 0x1E, 0xF8, 0x01,
  0xFF, 0x80, 0x1F, 0xF8, 0x01, 0xFF, 0x80, 0x1F, 0x7C, 0x03, 0xF7, 0xE0, 0xFF, 0x3F, 0xFD, 0xE1, 0xFF, 0xBE, 0x0F, 0xF3, 0xE0, 0x18, 0x3C, 0x00,
  0x07, 0xC0, 0x00, 0x78, 0x00, 0x0F, 0x80, 0x01, 0xF0, 0x00, 0x3F, 0x00, 0x07, 0xE0, 0x00, 0xFC, 0x00, 0x1F, 0x80, 0x03, 0xF0, 0x00, 0xFC, 0x00,
  0x79, 0xFF, 0xFF, 0x7D, 0xE0, 0x00, 0x00, 0x00, 0x00, 0x00, 0x00, 0x00, 0x79, 0xFF, 0xFF, 0x7D, 0xE0, 0x79, 0xFF, 0xFF, 0x7D, 0xE0, 0x00, 0x00,
  0x00, 0x00, 0x00, 0x00, 0x00, 0x39, 0xFF, 0xFF, 0xFD, 0xF3, 0x8E, 0x73, 0xCE, 0x00, 0x00, 0x01, 0x00, 0x03, 0x00, 0x0F, 0x00, 0x3F, 0x00, 0x7F,
  0x01, 0xFC, 0x07, 0xF8, 0x0F, 0xE0, 0x3F, 0x80, 0xFE, 0x00, 0xFC, 0x00, 0xF0, 0x00, 0xFC, 0x00, 0xFE, 0x00, 0x3F, 0x80, 0x0F, 0xE0, 0x07, 0xF8,
  0x01, 0xFC, 0x00, 0x7F, 0x00, 0x3F, 0x00, 0x0F, 0x00, 0x03, 0x00, 0x01, 0xFF, 0xFF, 0xFF, 0xFF, 0xFF, 0xFF, 0xFF, 0xFF, 0xFF, 0x00, 0x00, 0x00,
  0x00, 0x00, 0x00, 0x00, 0x00, 0x00, 0xFF, 0xFF, 0xFF, 0xFF, 0xFF, 0xFF, 0xFF, 0xFF, 0xFF, 0x80, 0x00, 0xC0, 0x00, 0xF0, 0x00, 0xFC, 0x00, 0xFE,
  0x00, 0x3F, 0x80, 0x1F, 0xE0, 0x07, 0xF0, 0x01, 0xFC, 0x00, 0x7F, 0x00, 0x3F, 0x00, 0x0F, 0x00, 0x3F, 0x00, 0x7F, 0x01, 0xFC, 0x07, 0xF0, 0x1F,
  0xE0, 0x3F, 0x80, 0xFE, 0x00, 0xFC, 0x00, 0xF0, 0x00, 0xC0, 0x00, 0x80, 0x00, 0x07, 0xF0, 0x0F, 0xFE, 0x0F, 0xFF, 0x8F, 0xFF, 0xE7, 0xC1, 0xFF,
  0xC0, 0x7F, 0xC0, 0x3E, 0x60, 0x0F, 0x00, 0x0F, 0x80, 0x07, 0xC0, 0x07, 0xC0, 0x3F, 0xC0, 0x3F, 0xC0, 0x1F, 0x80, 0x0F, 0x00, 0x07, 0x80, 0x03,
  0xC0, 0x01, 0xE0, 0x00, 0x00, 0x00, 0x00, 0x00, 0x00, 0x00, 0x00, 0x00, 0x0F, 0x00, 0x0F, 0xC0, 0x07, 0xE0, 0x03, 0xF0, 0x01, 0xF8, 0x00, 0x78,
  0x00, 0x00, 0x1F, 0xE0, 0x00, 0x03, 0xFF, 0xF0, 0x00, 0x3F, 0xFF, 0xF0, 0x01, 0xF8, 0x03, 0xF0, 0x0F, 0x80, 0x03, 0xE0, 0x78, 0x00, 0x07, 0xC3,
  0xC0, 0x00, 0x0F, 0x0E, 0x00, 0x00, 0x1E, 0x78, 0x1F, 0x1C, 0x39, 0xC0, 0xFE, 0xF0, 0xFF, 0x07, 0xFF, 0xC1, 0xF8, 0x3E, 0x1F, 0x07, 0xE0, 0xF0,
  0x3C, 0x1F, 0x87, 0x80, 0xF0, 0x7E, 0x1E, 0x03, 0xC1, 0xF8, 0x78, 0x0F, 0x07, 0xE1, 0xE0, 0x3C, 0x1F, 0x87, 0x80, 0xF0, 0x7E, 0x1E, 0x03, 0xC1,
  0xF8, 0x78, 0x0F, 0x07, 0xE0, 0xF0, 0x3C, 0x3B, 0x83, 0xE1, 0xF1, 0xEE, 0x07, 0xFD, 0xFF, 0x1C, 0x0F, 0xE3, 0xF8, 0x70, 0x1F, 0x07, 0xC0, 0xE0,
  0x00, 0x00, 0x03, 0xC0, 0x00, 0x00, 0x07, 0x80, 0x00, 0x00, 0x0F, 0x80, 0x00, 0x00, 0x1F, 0x80, 0x00, 0x00, 0x3F, 0xFF, 0xF0, 0x00, 0x3F, 0xFF,
  0xC0, 0x00, 0x1F, 0xFF, 0x00, 0x00, 0x7E, 0x00, 0x00, 0x7F, 0x00, 0x00, 0x7F, 0x00, 0x00, 0xFF, 0x00, 0x00, 0xFF, 0x80, 0x00, 0xF7, 0x80, 0x01,
  0xE7, 0x80, 0x01, 0xE7, 0xC0, 0x03, 0xE3, 0xC0, 0x03, 0xC3, 0xC0, 0x03, 0xC3, 0xE0, 0x07, 0xC1, 0xE0, 0x07, 0x81, 0xE0, 0x07, 0x81, 0xF0, 0x0F,
  0x80, 0xF0, 0x0F, 0x00, 0xF0, 0x0F, 0xFF, 0xF8, 0x1F, 0xFF, 0xF8, 0x1F, 0xFF, 0xF8, 0x1F, 0xFF, 0xFC, 0x3E, 0x00, 0x7C, 0x3C, 0x00, 0x3C, 0x3C,
  0x00, 0x3E, 0x7C, 0x00, 0x3E, 0x7C, 0x00, 0x1E, 0x78, 0x00, 0x1F, 0xF8, 0x00, 0x1F, 0xF8, 0x00, 0x0F, 0xFF, 0xFF, 0x07, 0xFF, 0xFE, 0x3F, 0xFF,
  0xF9, 0xFF, 0xFF, 0xCF, 0x80, 0x3F, 0x7C, 0x00, 0xFB, 0xE0, 0x07, 0xDF, 0x00, 0x3E, 0xF8, 0x01, 0xF7, 0xC0, 0x0F, 0xBE, 0x00, 0x7D, 0xF0, 0x07,
  0xCF, 0xFF, 0xFC, 0x7F, 0xFF, 0x83, 0xFF, 0xFF, 0x1F, 0xFF, 0xFC, 0xF8, 0x01, 0xF7, 0xC0, 0x07, 0xFE, 0x00, 0x3F, 0xF0, 0x01, 0xFF, 0x80, 0x0F,
  0xFC, 0x00, 0x7F, 0xE0, 0x03, 0xFF, 0x00, 0x3F, 0xFF, 0xFF, 0xF7, 0xFF, 0xFF, 0x3F, 0xFF, 0xF1, 0xFF, 0xFF, 0x00, 0x00, 0xFF, 0x00, 0x0F, 0xFF,
  0x00, 0x7F, 0xFE, 0x03, 0xFF, 0xFC, 0x1F, 0x81, 0xF8, 0xFC, 0x03, 0xE3, 0xE0, 0x07, 0x9F, 0x00, 0x0C, 0x7C, 0x00, 0x01, 0xE0, 0x00, 0x0F, 0x80,
  0x00, 0x3E, 0x00, 0x00, 0xF8, 0x00, 0x03, 0xE0, 0x00, 0x0F, 0x80, 0x00, 0x3E, 0x00, 0x00, 0xF8, 0x00, 0x03, 0xE0, 0x00, 0x07, 0x80, 0x00, 0x1F,
  0x00, 0x00, 0x7C, 0x00, 0x31, 0xF8, 0x01, 0xF3, 0xF0, 0x0F, 0x87, 0xE0, 0xFE, 0x1F, 0xFF, 0xF0, 0x3F, 0xFF, 0x80, 0x3F, 0xFC, 0x00, 0x3F, 0x80,
  0xFF, 0xFC, 0x03, 0xFF, 0xFC, 0x0F, 0xFF, 0xFC, 0x3F, 0xFF, 0xF8, 0xF8, 0x07, 0xF3, 0xE0, 0x07, 0xCF, 0x80, 0x0F, 0xBE, 0x00, 0x3E, 0xF8, 0x00,
  0x7B, 0xE0, 0x01, 0xFF, 0x80, 0x07, 0xFE, 0x00, 0x1F, 0xF8, 0x00, 0x7F, 0xE0, 0x01, 0xFF, 0x80, 0x07, 0xFE, 0x00, 0x1F, 0xF8, 0x00, 0x7F, 0xE0,
  0x01, 0xFF, 0x80, 0x07, 0xFE, 0x00, 0x1E, 0xF8, 0x00, 0xFB, 0xE0, 0x03, 0xEF, 0x80, 0x1F, 0x3E, 0x01, 0xFC, 0xFF, 0xFF, 0xE3, 0xFF, 0xFF, 0x0F,
  0xFF, 0xF0, 0x3F, 0xFF, 0x00, 0xFF, 0xFF, 0xFF, 0xFF, 0xFF, 0xFF, 0xFF, 0xFF, 0xFF, 0xF8, 0x00, 0x3E, 0x00, 0x0F, 0x80, 0x03, 0xE0, 0x00, 0xF8,
  0x00, 0x3E, 0x00, 0x0F, 0x80, 0x03, 0xE0, 0x00, 0xFF, 0xFF, 0xBF, 0xFF, 0xEF, 0xFF, 0xFB, 0xFF, 0xFE, 0xF8, 0x00, 0x3E, 0x00, 0x0F, 0x80, 0x03,
  0xE0, 0x00, 0xF8, 0x00, 0x3E, 0x00, 0x0F, 0x80, 0x03, 0xE0, 0x00, 0xFF, 0xFF, 0xFF, 0xFF, 0xFF, 0xFF, 0xFF, 0xFF, 0xFF, 0xFF, 0xFF, 0xFF, 0xFF,
  0xFF, 0xFF, 0xFF, 0xFF, 0xFF, 0xF8, 0x00, 0x3E, 0x00, 0x0F, 0x80, 0x03, 0xE0, 0x00, 0xF8, 0x00, 0x3E, 0x00, 0x0F, 0x80, 0x03, 0xE0, 0x00, 0xFF,
  0xFF, 0x3F, 0xFF, 0xCF, 0xFF, 0xF3, 0xFF, 0xFC, 0xF8, 0x00, 0x3E, 0x00, 0x0F, 0x80, 0x03, 0xE0, 0x00, 0xF8, 0x00, 0x3E, 0x00, 0x0F, 0x80, 0x03,
  0xE0, 0x00, 0xF8, 0x00, 0x3E, 0x00, 0x0F, 0x80, 0x03, 0xE0, 0x00, 0x00, 0x7F, 0x00, 0x07, 0xFF, 0x80, 0x1F, 0xFF, 0xC0, 0x7F, 0xFF, 0xC1, 0xFC,
  0x1F, 0xC7, 0xE0, 0x0F, 0x8F, 0x80, 0x0F, 0x3E, 0x00, 0x0C, 0x7C, 0x00, 0x00, 0xF0, 0x00, 0x03, 0xE0, 0x00, 0x07, 0xC0, 0x00, 0x0F, 0x80, 0x00,
  0x1F, 0x00, 0xFF, 0xFE, 0x01, 0xFF, 0xFC, 0x03, 0xFF, 0xF8, 0x07, 0xFF, 0xF0, 0x00, 0x3D, 0xE0, 0x00, 0x7B, 0xE0, 0x00, 0xF7, 0xC0, 0x01, 0xE7,
  0xC0, 0x07, 0xCF, 0xC0, 0x1F, 0x8F, 0xE0, 0xFF, 0x0F, 0xFF, 0xFE, 0x0F, 0xFF, 0xBC, 0x0F, 0xFE, 0x78, 0x07, 0xF0, 0xF0, 0xF8, 0x00, 0x3F, 0xE0,
  0x00, 0xFF, 0x80, 0x03, 0xFE, 0x00, 0x0F, 0xF8, 0x00, 0x3F, 0xE0, 0x00, 0xFF, 0x80, 0x03, 0xFE, 0x00, 0x0F, 0xF8, 0x00, 0x3F, 0xE0, 0x00, 0xFF,
  0x80, 0x03, 0xFE, 0x00, 0x0F, 0xFF, 0xFF, 0xFF, 0xFF, 0xFF, 0xFF, 0xFF, 0xFF, 0xFF, 0xFF, 0xFF, 0xF8, 0x00, 0x3F, 0xE0, 0x00, 0xFF, 0x80, 0x03,
  0xFE, 0x00, 0x0F, 0xF8, 0x00, 0x3F, 0xE0, 0x00, 0xFF, 0x80, 0x03, 0xFE, 0x00, 0x0F, 0xF8, 0x00, 0x3F, 0xE0, 0x00, 0xFF, 0x80, 0x03, 0xFE, 0x00,
  0x0F, 0xFF, 0xFF, 0xFF, 0xFF, 0xFF, 0xFF, 0x0F, 0x80, 0xF8, 0x0F, 0x80, 0xF8, 0x0F, 0x80, 0xF8, 0x0F, 0x80, 0xF8, 0x0F, 0x80, 0xF8, 0x0F, 0x80,
  0xF8, 0x0F, 0x80, 0xF8, 0x0F, 0x80, 0xF8, 0x0F, 0x80, 0xF8, 0x0F, 0x80, 0xF8, 0xFF, 0xFF, 0xFF, 0xFF, 0xFF, 0xFF, 0x1F, 0xFF, 0x8F, 0xFF, 0xC7,
  0xFF, 0xE3, 0xFF, 0xF0, 0x00, 0xF8, 0x00, 0x7C, 0x00, 0x3E, 0x00, 0x1F, 0x00, 0x0F, 0x80, 0x07, 0xC0, 0x03, 0xE0, 0x01, 0xF0, 0x00, 0xF8, 0x00,
  0x7C, 0x00, 0x3E, 0x00, 0x1F, 0x00, 0x0F, 0x80, 0x07, 0xC0, 0x03, 0xE0, 0x01, 0xF3, 0x00, 0xFF, 0xC0, 0x7F, 0xE0, 0x3E, 0xF8, 0x3E, 0x7F, 0xFF,
  0x1F, 0xFF, 0x07, 0xFF, 0x00, 0xFE, 0x00, 0xF8, 0x00, 0xFF, 0xE0, 0x07, 0xEF, 0x80, 0x1F, 0x3E, 0x00, 0xF8, 0xF8, 0x07, 0xC3, 0xE0, 0x3E, 0x0F,
  0x81, 0xF0, 0x3E, 0x0F, 0xC0, 0xF8, 0x3E, 0x03, 0xE1, 0xF0, 0x0F, 0x8F, 0x80, 0x3E, 0x7C, 0x00, 0xFB, 0xF0, 0x03, 0xEF, 0xE0, 0x0F, 0xFF, 0xC0,
  0x3F, 0xDF, 0x00, 0xFE, 0x3E, 0x03, 0xF8, 0xFC, 0x0F, 0xC1, 0xF0, 0x3E, 0x03, 0xE0, 0xF8, 0x0F, 0xC3, 0xE0, 0x1F, 0x0F, 0x80, 0x3E, 0x3E, 0x00,
  0xFC, 0xF8, 0x01, 0xF3, 0xE0, 0x03, 0xEF, 0x80, 0x0F, 0xFE, 0x00, 0x1F, 0xF8, 0x00, 0xF8, 0x00, 0xF8, 0x00, 0xF8, 0x00, 0xF8, 0x00, 0xF8, 0x00,
  0xF8, 0x00, 0xF8, 0x00, 0xF8, 0x00, 0xF8, 0x00, 0xF8, 0x00, 0xF8, 0x00, 0xF8, 0x00, 0xF8, 0x00, 0xF8, 0x00, 0xF8, 0x00, 0xF8, 0x00, 0xF8, 0x00,
  0xF8, 0x00, 0xF8, 0x00, 0xF8, 0x00, 0xF8, 0x00, 0xF8, 0x00, 0xF8, 0x00, 0xFF, 0xFF, 0xFF, 0xFF, 0xFF, 0xFF, 0xFF, 0xFF, 0xFC, 0x00, 0x07, 0xFF,
  0x80, 0x03, 0xFF, 0xE0, 0x00, 0xFF, 0xFC, 0x00, 0x7F, 0xFF, 0x00, 0x1F, 0xFF, 0xE0, 0x0F, 0xFF, 0xF8, 0x07, 0xFF, 0xFF, 0x01, 0xEF, 0xFB, 0xC0,
  0xFB, 0xFE, 0xF8, 0x3C, 0xFF, 0x9E, 0x1F, 0x3F, 0xE7, 0xC7, 0x8F, 0xF8, 0xF3, 0xE3, 0xFE, 0x3E, 0xF0, 0xFF, 0x87, 0xFC, 0x3F, 0xE0, 0xFE, 0x0F,
  0xF8, 0x3F, 0x03, 0xFE, 0x07, 0xC0, 0xFF, 0x81, 0xE0, 0x3F, 0xE0, 0x38, 0x0F, 0xF8, 0x0C, 0x03, 0xFE, 0x01, 0x00, 0xFF, 0x80, 0x00, 0x3F, 0xE0,
  0x00, 0x0F, 0xF8, 0x00, 0x03, 0xFE, 0x00, 0x00, 0xFF, 0x80, 0x00, 0x3F, 0xE0, 0x00, 0x0F, 0xFC, 0x00, 0x3F, 0xF0, 0x00, 0xFF, 0xE0, 0x03, 0xFF,
  0xC0, 0x0F, 0xFF, 0x00, 0x3F, 0xFE, 0x00, 0xFF, 0xF8, 0x03, 0xFF, 0xF0, 0x0F, 0xFB, 0xE0, 0x3F, 0xEF, 0x80, 0xFF, 0x9F, 0x03, 0xFE, 0x7C, 0x0F,
  0xF8, 0xF8, 0x3F, 0xE1, 0xE0, 0xFF, 0x87, 0xC3, 0xFE, 0x0F, 0x8F, 0xF8, 0x3E, 0x3F, 0xE0, 0x7C, 0xFF, 0x81, 0xF3, 0xFE, 0x03, 0xEF, 0xF8, 0x07,
  0xBF, 0xE0, 0x1F, 0xFF, 0x80, 0x3F, 0xFE, 0x00, 0xFF, 0xF8, 0x01, 0xFF, 0xE0, 0x03, 0xFF, 0x80, 0x0F, 0xFE, 0x00, 0x1F, 0x00, 0x7F, 0x00, 0x03,
  0xFF, 0xC0, 0x07, 0xFF, 0xF0, 0x0F, 0xFF, 0xF8, 0x1F, 0xC1, 0xFC, 0x3F, 0x00, 0x7C, 0x3E, 0x00, 0x3E, 0x7C, 0x00, 0x3E, 0x7C, 0x00, 0x1F, 0x78,
  0x00, 0x1F, 0xF8, 0x00, 0x1F, 0xF8, 0x00, 0x1F, 0xF8, 0x00, 0x1F, 0xF8, 0x00, 0x1F, 0xF8, 0x00, 0x1F, 0xF8, 0x00, 0x1F, 0xF8, 0x00, 0x1F, 0xF8,
  0x00, 0x1F, 0x78, 0x00, 0x1F, 0x7C, 0x00, 0x1F, 0x7C, 0x00, 0x3E, 0x3E, 0x00, 0x3E, 0x3F, 0x00, 0x7C, 0x1F, 0xC1, 0xFC, 0x0F, 0xFF, 0xF8, 0x07,
  0xFF, 0xF0, 0x03, 0xFF, 0xC0, 0x00, 0x7F, 0x00, 0xFF, 0xFF, 0x07, 0xFF, 0xFC, 0x3F, 0xFF, 0xF1, 0xFF, 0xFF, 0xCF, 0x80, 0x3F, 0x7C, 0x00, 0xFB,
  0xE0, 0x03, 0xDF, 0x00, 0x1E, 0xF8, 0x00, 0xFF, 0xC0, 0x07, 0xBE, 0x00, 0x3D, 0xF0, 0x03, 0xEF, 0x80, 0x3F, 0x7F, 0xFF, 0xF3, 0xFF, 0xFF, 0x1F,
  0xFF, 0xF0, 0xFF, 0xFF, 0x07, 0xC0, 0x00, 0x3E, 0x00, 0x01, 0xF0, 0x00, 0x0F, 0x80, 0x00, 0x7C, 0x00, 0x03, 0xE0, 0x00, 0x1F, 0x00, 0x00, 0xF8,
  0x00, 0x07, 0xC0, 0x00, 0x3E, 0x00, 0x01, 0xF0, 0x00, 0x00, 0x00, 0x7F, 0x00, 0x03, 0xFF, 0xC0, 0x07, 0xFF, 0xF0, 0x0F, 0xFF, 0xF8, 0x1F, 0xC1,
  0xFC, 0x3F, 0x00, 0x7C, 0x3E, 0x00, 0x3E, 0x7C, 0x00, 0x3E, 0x7C, 0x00, 0x1F, 0x78, 0x00, 0x1F, 0xF8, 0x00, 0x1F, 0xF8, 0x00, 0x1F, 0xF8, 0x00,
  0x1F, 0xF8, 0x00, 0x1F, 0xF8, 0x00, 0x1F, 0xF8, 0x00, 0x1F, 0xF8, 0x00, 0x1F, 0xF8, 0x00, 0x1F, 0x78, 0x00, 0x1F, 0x7C, 0x00, 0x1F, 0x7C, 0x00,
  0x3E, 0x3E, 0x00, 0x3E, 0x3F, 0x00, 0x7C, 0x1F, 0x81, 0xFC, 0x1F, 0xFF, 0xF8, 0x0F, 0xFF, 0xF0, 0x03, 0xFF, 0xE0, 0x00, 0xFF, 0x00, 0x00, 0x3E,
  0x00, 0x00, 0x3E, 0x00, 0x00, 0x3E, 0x00, 0x00, 0x3F, 0xE0, 0x00, 0x1F, 0xE0, 0x00, 0x1F, 0xE0, 0x00, 0x07, 0xE0, 0xFF, 0xFF, 0x07, 0xFF, 0xFC,
  0x3F, 0xFF, 0xF9, 0xFF, 0xFF, 0xCF, 0x80, 0x3F, 0x7C, 0x00, 0xFB, 0xE0, 0x03, 0xDF, 0x00, 0x1E, 0xF8, 0x00, 0xFF, 0xC0, 0x07, 0xBE, 0x00, 0x3D,
  0xF0, 0x03, 0xEF, 0x80, 0x3F, 0x7F, 0xFF, 0xF3, 0xFF, 0xFF, 0x1F, 0xFF, 0xF0, 0xFF, 0xFF, 0x07, 0xC0, 0xF8, 0x3E, 0x07, 0xC1, 0xF0, 0x1F, 0x0F,
  0x80, 0xF8, 0x7C, 0x03, 0xE3, 0xE0, 0x1F, 0x1F, 0x00, 0x7C, 0xF8, 0x03, 0xE7, 0xC0, 0x0F, 0xBE, 0x00, 0x7D, 0xF0, 0x01, 0xF0, 0x01, 0xFC, 0x00,
  0xFF, 0xF0, 0x1F, 0xFF, 0xC3, 0xFF, 0xFE, 0x7E, 0x07, 0xE7, 0xC0, 0x1C, 0x78, 0x00, 0x8F, 0x80, 0x00, 0x78, 0x00, 0x07, 0xC0, 0x00, 0x7E, 0x00,
  0x07, 0xFC, 0x00, 0x3F, 0xFE, 0x01, 0xFF, 0xF8, 0x07, 0xFF, 0xC0, 0x07, 0xFE, 0x00, 0x07, 0xE0, 0x00, 0x1F, 0x00, 0x01, 0xF0, 0x00, 0x1F, 0x00,
  0x01, 0xF3, 0x00, 0x1F, 0xF8, 0x03, 0xEF, 0xE0, 0x7E, 0x7F, 0xFF, 0xC3, 0xFF, 0xF8, 0x0F, 0xFF, 0x00, 0x3F, 0xC0, 0xFF, 0xFF, 0xFF, 0xFF, 0xFF,
  0xFF, 0xFF, 0xFF, 0xFF, 0xFF, 0xF0, 0x0F, 0x80, 0x00, 0x7C, 0x00, 0x03, 0xE0, 0x00, 0x1F, 0x00, 0x00, 0xF8, 0x00, 0x07, 0xC0, 0x00, 0x3E, 0x00,
  0x01, 0xF0, 0x00, 0x0F, 0x80, 0x00, 0x7C, 0x00, 0x03, 0xE0, 0x00, 0x1F, 0x00, 0x00, 0xF8, 0x00, 0x07, 0xC0, 0x00, 0x3E, 0x00, 0x01, 0xF0, 0x00,
  0x0F, 0x80, 0x00, 0x7C, 0x00, 0x03, 0xE0, 0x00, 0x1F, 0x00, 0x00, 0xF8, 0x00, 0x07, 0xC0, 0x00, 0x3E, 0x00, 0x01, 0xF0, 0x00, 0xF8, 0x00, 0x7F,
  0xC0, 0x03, 0xFE, 0x00, 0x1F, 0xF0, 0x00, 0xFF, 0x80, 0x07, 0xFC, 0x00, 0x3F, 0xE0, 0x01, 0xFF, 0x00, 0x0F, 0xF8, 0x00, 0x7F, 0xC0, 0x03, 0xFE,
  0x00, 0x1F, 0xF0, 0x00, 0xFF, 0x80, 0x07, 0xFC, 0x00, 0x3F, 0xE0, 0x01, 0xFF, 0x00, 0x0F, 0xF8, 0x00, 0x7F, 0xC0, 0x03, 0xFE, 0x00, 0x1F, 0xF0,
  0x01, 0xF7, 0x80, 0x0F, 0xBE, 0x00, 0x7D, 0xF0, 0x07, 0xC7, 0xE0, 0xFE, 0x3F, 0xFF, 0xE0, 0xFF, 0xFE, 0x03, 0xFF, 0xE0, 0x03, 0xFC, 0x00, 0xF8,
  0x00, 0x1F, 0xF0, 0x00, 0x7D, 0xE0, 0x00, 0xFB, 0xE0, 0x01, 0xE7, 0xC0, 0x07, 0xCF, 0x80, 0x0F, 0x8F, 0x00, 0x1E, 0x1F, 0x00, 0x7C, 0x3E, 0x00,
  0xF8, 0x3C, 0x01, 0xE0, 0x7C, 0x07, 0xC0, 0xF8, 0x0F, 0x80, 0xF0, 0x1E, 0x01, 0xF0, 0x3C, 0x03, 0xE0, 0xF8, 0x03, 0xC1, 0xE0, 0x07, 0xC3, 0xC0,
  0x0F, 0x8F, 0x80, 0x0F, 0x1E, 0x00, 0x1E, 0x3C, 0x00, 0x3E, 0x78, 0x00, 0x3D, 0xE0, 0x00, 0x7B, 0xC0, 0x00, 0xFF, 0x80, 0x00, 0xFE, 0x00, 0x01,
  0xFC, 0x00, 0x03, 0xF8, 0x00, 0x03, 0xE0, 0x00, 0xF8, 0x01, 0xF0, 0x01, 0xFF, 0x00, 0x3E, 0x00, 0x7D, 0xE0, 0x0F, 0xE0, 0x0F, 0x3C, 0x01, 0xFC,
  0x01, 0xE7, 0xC0, 0x3F, 0x80, 0x3C, 0xF8, 0x07, 0xF0, 0x0F, 0x9F, 0x01, 0xEF, 0x01, 0xE1, 0xE0, 0x3D, 0xE0, 0x3C, 0x3C, 0x07, 0xBC, 0x07, 0x87,
  0xC0, 0xE3, 0x80, 0xF0, 0xF8, 0x3C, 0x78, 0x3E, 0x0F, 0x07, 0x8F, 0x07, 0x81, 0xE0, 0xF1, 0xE0, 0xF0, 0x3C, 0x1C, 0x1C, 0x1E, 0x07, 0xC7, 0x83,
  0xC7, 0xC0, 0x78, 0xF0, 0x78, 0xF0, 0x0F, 0x1E, 0x0F, 0x1E, 0x01, 0xE3, 0x80, 0xE3, 0xC0, 0x3C, 0xF0, 0x1E, 0x78, 0x03, 0xDE, 0x03, 0xDE, 0x00,
  0x7B, 0xC0, 0x7B, 0xC0, 0x0F, 0x70, 0x07, 0x78, 0x01, 0xFE, 0x00, 0xFF, 0x00, 0x3F, 0xC0, 0x1F, 0xC0, 0x03, 0xF8, 0x03, 0xF8, 0x00, 0x7E, 0x00,
  0x3F, 0x00, 0x0F, 0xC0, 0x07, 0xE0, 0x01, 0xF8, 0x00, 0xF8, 0x00, 0xFC, 0x00, 0x3E, 0xF8, 0x00, 0xF8, 0xF8, 0x01, 0xF1, 0xF8, 0x07, 0xC1, 0xF0,
  0x0F, 0x01, 0xF0, 0x3E, 0x03, 0xE0, 0xF8, 0x03, 0xE1, 0xF0, 0x03, 0xE7, 0xC0, 0x07, 0xDF, 0x00, 0x07, 0xFE, 0x00, 0x07, 0xF8, 0x00, 0x0F, 0xE0,
  0x00, 0x0F, 0xC0, 0x00, 0x3F, 0x80, 0x00, 0x7F, 0x80, 0x01, 0xFF, 0x00, 0x07, 0xDF, 0x00, 0x0F, 0x9F, 0x00, 0x3E, 0x3E, 0x00, 0x78, 0x3E, 0x01,
  0xF0, 0x7E, 0x07, 0xC0, 0x7C, 0x0F, 0x80, 0x7C, 0x3E, 0x00, 0xF8, 0xF8, 0x00, 0xF9, 0xF0, 0x01, 0xFF, 0xC0, 0x01, 0xF0, 0xF8, 0x00, 0x3F, 0xF0,
  0x00, 0xF9, 0xF0, 0x01, 0xF3, 0xE0, 0x07, 0xC3, 0xE0, 0x0F, 0x83, 0xE0, 0x3E, 0x07, 0xC0, 0x7C, 0x07, 0xC1, 0xF0, 0x0F, 0x83, 0xC0, 0x0F, 0x8F,
  0x80, 0x1F, 0x1E, 0x00, 0x1F, 0x7C, 0x00, 0x1F, 0xF0, 0x00, 0x3F, 0xC0, 0x00, 0x3F, 0x80, 0x00, 0x7E, 0x00, 0x00, 0x7C, 0x00, 0x00, 0xF8, 0x00,
  0x01, 0xF0, 0x00, 0x03, 0xE0, 0x00, 0x07, 0xC0, 0x00, 0x0F, 0x80, 0x00, 0x1F, 0x00, 0x00, 0x3E, 0x00, 0x00, 0x7C, 0x00, 0x00, 0xF8, 0x00, 0x01,
  0xF0, 0x00, 0x03, 0xE0, 0x00, 0x7F, 0xFF, 0xFB, 0xFF, 0xFF, 0xDF, 0xFF, 0xFE, 0xFF, 0xFF, 0xF0, 0x00, 0x1F, 0x00, 0x01, 0xF8, 0x00, 0x0F, 0x80,
  0x00, 0xF8, 0x00, 0x0F, 0x80, 0x00, 0xFC, 0x00, 0x07, 0xC0, 0x00, 0x7C, 0x00, 0x07, 0xC0, 0x00, 0x7E, 0x00, 0x03, 0xE0, 0x00, 0x3E, 0x00, 0x03,
  0xE0, 0x00, 0x3E, 0x00, 0x01, 0xF0, 0x00, 0x1F, 0x00, 0x01, 0xF0, 0x00, 0x1F, 0x00, 0x00, 0xF8, 0x00, 0x0F, 0x80, 0x00, 0xFF, 0xFF, 0xFF, 0xFF,
  0xFF, 0xFF, 0xFF, 0xFF, 0xFF, 0xFF, 0xF0, 0xFF, 0xFF, 0xFF, 0xF8, 0xF0, 0xF0, 0xF0, 0xF0, 0xF0, 0xF0, 0xF0, 0xF0, 0xF0, 0xF0, 0xF0, 0xF0, 0xF0,
  0xF0, 0xF0, 0xF0, 0xF0, 0xF0, 0xF0, 0xF0, 0xF0, 0xF0, 0xF0, 0xF0, 0xF0, 0xF0, 0xF0, 0xF0, 0xF8, 0xFF, 0xFF, 0xFF, 0xE0, 0x03, 0xC0, 0x0F, 0x00,
  0x1C, 0x00, 0x78, 0x01, 0xE0, 0x03, 0x80, 0x0F, 0x00, 0x3C, 0x00, 0xF0, 0x01, 0xC0, 0x07, 0x80, 0x1E, 0x00, 0x38, 0x00, 0xF0, 0x03, 0xC0, 0x07,
  0x00, 0x1E, 0x00, 0x78, 0x00, 0xE0, 0x03, 0xC0, 0x0F, 0x00, 0x3C, 0x00, 0x70, 0x01, 0xE0, 0x07, 0x80, 0x0E, 0x00, 0x3C, 0x00, 0xF0, 0x01, 0xC0,
  0x07, 0x80, 0x1E, 0x00, 0x78, 0x00, 0xF0, 0x03, 0xC0, 0x0F, 0xFF, 0xFF, 0xFF, 0x1F, 0x0F, 0x0F, 0x0F, 0x0F, 0x0F, 0x0F, 0x0F, 0x0F, 0x0F, 0x0F,
  0x0F, 0x0F, 0x0F, 0x0F, 0x0F, 0x0F, 0x0F, 0x0F, 0x0F, 0x0F, 0x0F, 0x0F, 0x0F, 0x0F, 0x0F, 0x0F, 0x0F, 0x0F, 0x1F, 0xFF, 0xFF, 0xFF, 0x00, 0xF0,
  0x00, 0x1F, 0x80, 0x01, 0xF8, 0x00, 0x3F, 0xC0, 0x03, 0xFE, 0x00, 0x79, 0xE0, 0x0F, 0x9F, 0x00, 0xF0, 0xF0, 0x1F, 0x0F, 0x81, 0xE0, 0x78, 0x3C,
  0x07, 0xC3, 0xC0, 0x3C, 0x78, 0x01, 0xE7, 0x80, 0x1E, 0xF0, 0x00, 0xF7, 0x00, 0x0E, 0xFF, 0xFF, 0xFF, 0xFF, 0xFF, 0xFF, 0xFF, 0xFF, 0xFF, 0xFF,
  0x31, 0xF1, 0xE3, 0xE3, 0xC3, 0xC7, 0x86, 0x07, 0xF0, 0x03, 0xFF, 0x80, 0xFF, 0xF8, 0x3F, 0xFF, 0x87, 0x81, 0xF0, 0x60, 0x1E, 0x00, 0x03, 0xE0,
  0x00, 0x7C, 0x00, 0x0F, 0x81, 0xFF, 0xF0, 0xFF, 0xFE, 0x3F, 0xFF, 0xCF, 0x80, 0xF9, 0xE0, 0x1F, 0x3C, 0x03, 0xE7, 0x80, 0x7C, 0xF8, 0x1F, 0x9F,
  0x8F, 0xF9, 0xFF, 0xDF, 0x9F, 0xF3, 0xF1, 0xF8, 0x1E, 0xF0, 0x00, 0x1E, 0x00, 0x03, 0xC0, 0x00, 0x78, 0x00, 0x0F, 0x00, 0x01, 0xE0, 0x00, 0x3C,
  0x00, 0x07, 0x80, 0x00, 0xF0, 0x00, 0x1E, 0x1F, 0x03, 0xCF, 0xF8, 0x7B, 0xFF, 0x8F, 0xFF, 0xF9, 0xF8, 0x1F, 0xBE, 0x01, 0xF7, 0xC0, 0x1E, 0xF0,
  0x03, 0xFE, 0x00, 0x7F, 0xC0, 0x0F, 0xF8, 0x01, 0xFF, 0x00, 0x3F, 0xE0, 0x07, 0xFC, 0x00, 0xFF, 0xC0, 0x1E, 0xF8, 0x07, 0xDF, 0x81, 0xFB, 0xFF,
  0xFE, 0x7B, 0xFF, 0x8F, 0x3F, 0xE1, 0xE1, 0xF0, 0x00, 0x03, 0xF0, 0x07, 0xFE, 0x07, 0xFF, 0x87, 0xFF, 0xE7, 0xC0, 0xFB, 0xC0, 0x3B, 0xE0, 0x01,
  0xE0, 0x00, 0xF0, 0x00, 0x78, 0x00, 0x3C, 0x00, 0x1E, 0x00, 0x0F, 0x00, 0x07, 0x80, 0x03, 0xE0, 0x08, 0xF0, 0x0F, 0x7C, 0x0F, 0x9F, 0xFF, 0x87,
  0xFF, 0xC1, 0xFF, 0x80, 0x3F, 0x00, 0x00, 0x03, 0xE0, 0x00, 0x7C, 0x00, 0x0F, 0x80, 0x01, 0xF0, 0x00, 0x3E, 0x00, 0x07, 0xC0, 0x00, 0xF8, 0x00,
  0x1F, 0x00, 0x03, 0xE0, 0xFC, 0x7C, 0x7F, 0xCF, 0x9F, 0xFD, 0xF3, 0xFF, 0xFE, 0xFC, 0x0F, 0xDF, 0x00, 0xFF, 0xC0, 0x1F, 0xF8, 0x03, 0xFF, 0x00,
  0x7F, 0xC0, 0x0F, 0xF8, 0x01, 0xFF, 0x00, 0x3F, 0xF0, 0x07, 0xFE, 0x00, 0xFF, 0xC0, 0x1F, 0x7C, 0x03, 0xEF, 0xC0, 0xFC, 0xFF, 0xFF, 0x9F, 0xFD,
  0xF1, 0xFF, 0x3E, 0x0F, 0xC7, 0xC0, 0x03, 0xF0, 0x03, 0xFF, 0x01, 0xFF, 0xF0, 0xFE, 0xFC, 0x7C, 0x0F, 0x9E, 0x01, 0xFF, 0x80, 0x3F, 0xC0, 0x0F,
  0xF0, 0x03, 0xFF, 0xFF, 0xFF, 0xFF, 0xFF, 0xFF, 0xFF, 0xF0, 0x00, 0x3C, 0x00, 0x0F, 0x80, 0x01, 0xE0, 0x0C, 0x7C, 0x07, 0x8F, 0xFF, 0xE1, 0xFF,
  0xF0, 0x3F, 0xF8, 0x03, 0xF8, 0x00, 0x03, 0xF0, 0x7F, 0x0F, 0xF1, 0xFF, 0x1F, 0x01, 0xF0, 0x1F, 0x01, 0xF0, 0x1F, 0x0F, 0xFF, 0xFF, 0xFF, 0xFF,
  0xFF, 0xF1, 0xF0, 0x1F, 0x01, 0xF0, 0x1F, 0x01, 0xF0, 0x1F, 0x01, 0xF0, 0x1F, 0x01, 0xF0, 0x1F, 0x01, 0xF0, 0x1F, 0x01, 0xF0, 0x1F, 0x01, 0xF0,
  0x1F, 0x01, 0xF0, 0x00, 0x03, 0xE0, 0x00, 0x3E, 0x00, 0x03, 0xE0, 0x3F, 0xE0, 0x0F, 0xFF, 0x01, 0xFF, 0xF8, 0x3F, 0x0F, 0x83, 0xC0, 0x7C, 0x3C,
  0x03, 0xC3, 0xC0, 0x3C, 0x3C, 0x03, 0xC3, 0xC0, 0x3C, 0x3C, 0x07, 0xC3, 0xF0, 0xF8, 0x1F, 0xFF, 0x00, 0xFF, 0xE0, 0x07, 0xF8, 0x01, 0xC0, 0x00,
  0x38, 0x00, 0x03, 0xC0, 0x00, 0x3F, 0xFF, 0x03, 0xFF, 0xFC, 0x1F, 0xFF, 0xE1, 0xFF, 0xFF, 0x38, 0x01, 0xF7, 0x00, 0x0F, 0xF0, 0x00, 0xFF, 0x80,
  0x0F, 0x7C, 0x03, 0xF7, 0xFF, 0xFE, 0x3F, 0xFF, 0xC0, 0x7F, 0xE0, 0xF0, 0x00, 0x78, 0x00, 0x3C, 0x00, 0x1E, 0x00, 0x0F, 0x00, 0x07, 0x80, 0x03,
  0xC0, 0x01, 0xE0, 0x00, 0xF0, 0x00, 0x78, 0x7C, 0x3C, 0xFF, 0x9E, 0xFF, 0xEF, 0xFF, 0xF7, 0xE0, 0x7F, 0xE0, 0x3F, 0xF0, 0x0F, 0xF0, 0x07, 0xF8,
  0x03, 0xFC, 0x01, 0xFE, 0x00, 0xFF, 0x00, 0x7F, 0x80, 0x3F, 0xC0, 0x1F, 0xE0, 0x0F, 0xF0, 0x07, 0xF8, 0x03, 0xFC, 0x01, 0xFE, 0x00, 0xFF, 0x00,
  0x7F, 0x80, 0x3C, 0x77, 0xFF, 0xFF, 0x00, 0x00, 0x07, 0xBD, 0xEF, 0x7B, 0xDE, 0xF7, 0xBD, 0xEF, 0x7B, 0xDE, 0xF7, 0xBD, 0xEF, 0x78, 0x0E, 0x1F,
  0x1F, 0x1F, 0x1E, 0x00, 0x00, 0x00, 0x00, 0x1E, 0x1E, 0x1E, 0x1E, 0x1E, 0x1E, 0x1E, 0x1E, 0x1E, 0x1E, 0x1E, 0x1E, 0x1E, 0x1E, 0x1E, 0x1E, 0x1E,
  0x1E, 0x1E, 0x1E, 0x1E, 0x1E, 0x1E, 0x1E, 0x1E, 0xFE, 0xFE, 0xFC, 0xF8, 0xF0, 0x00, 0x3C, 0x00, 0x0F, 0x00, 0x03, 0xC0, 0x00, 0xF0, 0x00, 0x3C,
  0x00, 0x0F, 0x00, 0x03, 0xC0, 0x00, 0xF0, 0x00, 0x3C, 0x03, 0xEF, 0x01, 0xF3, 0xC0, 0x7C, 0xF0, 0x3E, 0x3C, 0x1F, 0x0F, 0x0F, 0x83, 0xC7, 0xC0,
  0xF3, 0xE0, 0x3D, 0xF8, 0x0F, 0xFE, 0x03, 0xFF, 0xC0, 0xFE, 0xF8, 0x3F, 0x3E, 0x0F, 0x87, 0xC3, 0xC1, 0xF0, 0xF0, 0x3E, 0x3C, 0x07, 0xCF, 0x01,
  0xF3, 0xC0, 0x3E, 0xF0, 0x0F, 0xFC, 0x01, 0xF0, 0xF1, 0xE3, 0xC7, 0x8F, 0x1E, 0x3C, 0x78, 0xF1, 0xE3, 0xC7, 0x8F, 0x1E, 0x3C, 0x78, 0xF1, 0xE3,
  0xC7, 0x8F, 0x1E, 0x3C, 0x78, 0xF1, 0xE3, 0xFF, 0xF7, 0xE7, 0xC0, 0xF0, 0xF8, 0x0F, 0x87, 0x9F, 0xF1, 0xFF, 0x3D, 0xFF, 0xDF, 0xFD, 0xFF, 0xFE,
  0xFF, 0xEF, 0xC1, 0xFC, 0x0F, 0xFC, 0x07, 0xC0, 0x7F, 0xE0, 0x3E, 0x01, 0xFE, 0x01, 0xF0, 0x0F, 0xF0, 0x07, 0x80, 0x7F, 0x80, 0x3C, 0x03, 0xFC,
  0x01, 0xE0, 0x1F, 0xE0, 0x0F, 0x00, 0xFF, 0x00, 0x78, 0x07, 0xF8, 0x03, 0xC0, 0x3F, 0xC0, 0x1E, 0x01, 0xFE, 0x00, 0xF0, 0x0F, 0xF0, 0x07, 0x80,
  0x7F, 0x80, 0x3C, 0x03, 0xFC, 0x01, 0xE0, 0x1F, 0xE0, 0x0F, 0x00, 0xFF, 0x00, 0x78, 0x07, 0x80, 0xF0, 0xF8, 0x79, 0xFF, 0x3D, 0xFF, 0xDF, 0xFF,
  0xEF, 0xC0, 0xFF, 0xC0, 0x7F, 0xE0, 0x1F, 0xE0, 0x0F, 0xF0, 0x07, 0xF8, 0x03, 0xFC, 0x01, 0xFE, 0x00, 0xFF, 0x00, 0x7F, 0x80, 0x3F, 0xC0, 0x1F,
  0xE0, 0x0F, 0xF0, 0x07, 0xF8, 0x03, 0xFC, 0x01, 0xFE, 0x00, 0xFF, 0x00, 0x78, 0x03, 0xF0, 0x01, 0xFF, 0xC0, 0x7F, 0xFC, 0x1F, 0xFF, 0xC7, 0xC0,
  0xF8, 0xF0, 0x0F, 0xBE, 0x00, 0xF7, 0x80, 0x1E, 0xF0, 0x03, 0xFE, 0x00, 0x7F, 0xC0, 0x0F, 0xF8, 0x01, 0xFF, 0x00, 0x3F, 0xE0, 0x07, 0xBE, 0x00,
  0xF3, 0xC0, 0x3E, 0x7C, 0x0F, 0x87, 0xFF, 0xF0, 0x7F, 0xFC, 0x07, 0xFF, 0x00, 0x3F, 0x00, 0xF0, 0xF8, 0x1E, 0x7F, 0xC3, 0xDF, 0xFC, 0x7F, 0xFF,
  0xCF, 0xC0, 0xFD, 0xF0, 0x0F, 0xBE, 0x00, 0xF7, 0x80, 0x1F, 0xF0, 0x03, 0xFE, 0x00, 0x7F, 0xC0, 0x0F, 0xF8, 0x01, 0xFF, 0x00, 0x3F, 0xE0, 0x07,
  0xFE, 0x00, 0xF7, 0xC0, 0x3E, 0xFC, 0x0F, 0xDF, 0xFF, 0xF3, 0xDF, 0xFC, 0x79, 0xFF, 0x0F, 0x0F, 0x81, 0xE0, 0x00, 0x3C, 0x00, 0x07, 0x80, 0x00,
  0xF0, 0x00, 0x1E, 0x00, 0x03, 0xC0, 0x00, 0x78, 0x00, 0x0F, 0x00, 0x00, 0x07, 0xE3, 0xE3, 0xFE, 0x7C, 0xFF, 0xEF, 0x9F, 0xFF, 0xF7, 0xE0, 0x7E,
  0xF8, 0x07, 0xFE, 0x00, 0xFF, 0xC0, 0x1F, 0xF8, 0x03, 0xFE, 0x00, 0x7F, 0xC0, 0x0F, 0xF8, 0x01, 0xFF, 0x80, 0x3F, 0xF0, 0x07, 0xFE, 0x00, 0xFB,
  0xE0, 0x1F, 0x7E, 0x07, 0xE7, 0xFF, 0xFC, 0xFF, 0xEF, 0x8F, 0xF9, 0xF0, 0x7E, 0x3E, 0x00, 0x07, 0xC0, 0x00, 0xF8, 0x00, 0x1F, 0x00, 0x03, 0xE0,
  0x00, 0x7C, 0x00, 0x0F, 0x80, 0x01, 0xF0, 0x00, 0x3E, 0xF0, 0xFF, 0x3F, 0xF7, 0xFF, 0xFF, 0xFE, 0x0F, 0x80, 0xF8, 0x0F, 0x80, 0xF0, 0x0F, 0x00,
  0xF0, 0x0F, 0x00, 0xF0, 0x0F, 0x00, 0xF0, 0x0F, 0x00, 0xF0, 0x0F, 0x00, 0xF0, 0x0F, 0x00, 0xF0, 0x00, 0x0F, 0xE0, 0x3F, 0xF8, 0x7F, 0xFE, 0x7F,
  0xFE, 0xF8, 0x1C, 0xF0, 0x08, 0xF0, 0x00, 0xF8, 0x00, 0xFF, 0x00, 0x7F, 0xF8, 0x3F, 0xFC, 0x0F, 0xFE, 0x00, 0x7F, 0x00, 0x1F, 0x00, 0x0F, 0x60,
  0x0F, 0xF0, 0x1F, 0xFF, 0xFE, 0x7F, 0xFC, 0x3F, 0xF8, 0x0F, 0xE0, 0x0F, 0x00, 0xF0, 0x0F, 0x00, 0xF0, 0x0F, 0x01, 0xF0, 0xFF, 0xFF, 0xFF, 0xFF,
  0xFF, 0xFF, 0x1F, 0x01, 0xF0, 0x1F, 0x01, 0xF0, 0x1F, 0x01, 0xF0, 0x1F, 0x01, 0xF0, 0x1F, 0x01, 0xF0, 0x1F, 0x01, 0xF0, 0x1F, 0x01, 0xFE, 0x0F,
  0xF0, 0xFF, 0x03, 0xF0, 0xF0, 0x07, 0xF8, 0x03, 0xFC, 0x01, 0xFE, 0x00, 0xFF, 0x00, 0x7F, 0x80, 0x3F, 0xC0, 0x1F, 0xE0, 0x0F, 0xF0, 0x07, 0xF8,
  0x03, 0xFC, 0x01, 0xFE, 0x00, 0xFF, 0x00, 0x7F, 0x80, 0x3F, 0xE0, 0x1F, 0xF0, 0x1F, 0xFC, 0x1F, 0xBF, 0xFF, 0xDF, 0xFD, 0xE7, 0xFC, 0xF0, 0xF8,
  0x78, 0xF0, 0x01, 0xFE, 0x00, 0x7B, 0xE0, 0x0F, 0x3C, 0x01, 0xE7, 0x80, 0x78, 0xF8, 0x0F, 0x0F, 0x01, 0xE1, 0xE0, 0x78, 0x3E, 0x0F, 0x03, 0xC1,
  0xE0, 0x78, 0x78, 0x0F, 0x8F, 0x00, 0xF1, 0xE0, 0x1E, 0x78, 0x03, 0xCF, 0x00, 0x3D, 0xE0, 0x07, 0xF8, 0x00, 0xFF, 0x00, 0x0F, 0xE0, 0x01, 0xF8,
  0x00, 0x3F, 0x00, 0xF0, 0x07, 0x80, 0x3F, 0xE0, 0x1E, 0x00, 0xF7, 0x80, 0xFC, 0x07, 0x9E, 0x03, 0xF0, 0x1E, 0x78, 0x0F, 0xC0, 0x78, 0xF0, 0x7F,
  0x81, 0xC3, 0xC1, 0xFE, 0x0F, 0x0F, 0x07, 0x38, 0x3C, 0x3C, 0x1C, 0xE0, 0xF0, 0x78, 0xF3, 0xC3, 0x81, 0xE3, 0xCF, 0x1E, 0x07, 0x8E, 0x1C, 0x78,
  0x1E, 0x38, 0x79, 0xE0, 0x39, 0xE1, 0xE7, 0x00, 0xF7, 0x03, 0xBC, 0x03, 0xDC, 0x0E, 0xF0, 0x0F, 0xF0, 0x3F, 0xC0, 0x1F, 0xC0, 0xFE, 0x00, 0x7E,
  0x01, 0xF8, 0x01, 0xF8, 0x07, 0xE0, 0x03, 0xE0, 0x1F, 0x00, 0xF8, 0x03, 0xEF, 0x80, 0x78, 0xF8, 0x1F, 0x1F, 0x07, 0xC1, 0xF0, 0xF0, 0x1F, 0x3C,
  0x03, 0xEF, 0x80, 0x3F, 0xE0, 0x03, 0xF8, 0x00, 0x3F, 0x00, 0x07, 0xC0, 0x01, 0xFC, 0x00, 0x3F, 0xC0, 0x0F, 0xF8, 0x03, 0xEF, 0x80, 0x78, 0xF8,
  0x1E, 0x0F, 0x07, 0xC1, 0xF0, 0xF0, 0x1F, 0x3C, 0x03, 0xEF, 0x80, 0x3E, 0xF0, 0x01, 0xFE, 0x00, 0x7F, 0xE0, 0x0F, 0x3C, 0x01, 0xE7, 0x80, 0x78,
  0xF8, 0x0F, 0x0F, 0x01, 0xE1, 0xE0, 0x78, 0x3E, 0x0F, 0x03, 0xC1, 0xE0, 0x78, 0x78, 0x0F, 0x8F, 0x00, 0xF1, 0xE0, 0x1E, 0x78, 0x01, 0xEF, 0x00,
  0x3D, 0xE0, 0x07, 0xF8, 0x00, 0x7F, 0x00, 0x0F, 0xE0, 0x01, 0xF8, 0x00, 0x1F, 0x00, 0x03, 0xE0, 0x00, 0x78, 0x00, 0x0F, 0x00, 0x03, 0xE0, 0x03,
  0xF8, 0x00, 0xFF, 0x00, 0x1F, 0xC0, 0x03, 0xF0, 0x00, 0x7F, 0xFF, 0xBF, 0xFF, 0xDF, 0xFF, 0xEF, 0xFF, 0xF0, 0x01, 0xF0, 0x01, 0xF0, 0x01, 0xF0,
  0x01, 0xF0, 0x00, 0xF8, 0x00, 0xF8, 0x00, 0xF8, 0x00, 0xF8, 0x00, 0xF8, 0x00, 0x7C, 0x00, 0x7C, 0x00, 0x7C, 0x00, 0x7C, 0x00, 0x3F, 0xFF, 0xFF,
  0xFF, 0xFF, 0xFF, 0xFF, 0xFF, 0xF8, 0x07, 0xE1, 0xFC, 0x3F, 0x87, 0x80, 0xF0, 0x1E, 0x03, 0xC0, 0x78, 0x0F, 0x01, 0xE0, 0x3C, 0x07, 0x80, 0xF0,
  0x3C, 0x07, 0x87, 0xE0, 0xF8, 0x1E, 0x03, 0xF0, 0x1F, 0x01, 0xE0, 0x1C, 0x03, 0xC0, 0x78, 0x0F, 0x01, 0xE0, 0x3C, 0x07, 0x80, 0xF0, 0x1E, 0x03,
  0xC0, 0x78, 0x0F, 0x01, 0xFC, 0x3F, 0x83, 0xF0, 0xFF, 0xFF, 0xFF, 0xFF, 0xFF, 0xFF, 0xFF, 0xFF, 0xFF, 0xFF, 0xFF, 0xFF, 0xFF, 0xFF, 0xFF, 0xFF,
  0xFF, 0xFF, 0xFC, 0x1F, 0xC3, 0xF8, 0x0F, 0x00, 0xF0, 0x1E, 0x03, 0xC0, 0x78, 0x0F, 0x01, 0xE0, 0x3C, 0x07, 0x80, 0xF0, 0x1E, 0x03, 0xE0, 0x3F,
  0x03, 0xE0, 0x3C, 0x0F, 0x83, 0xE0, 0xF0, 0x1E, 0x03, 0xC0, 0x78, 0x0F, 0x01, 0xE0, 0x3C, 0x07, 0x80, 0xF0, 0x1E, 0x03, 0xC0, 0x78, 0x1E, 0x1F,
  0xC3, 0xF8, 0x7E, 0x00, 0x1F, 0x00, 0x07, 0xFC, 0x00, 0xFF, 0xF0, 0x07, 0xFF, 0xFE, 0x00, 0xFF, 0xF0, 0x03, 0xFE, 0x00, 0x0F, 0x80,
};
const GFXglyph PlexBody_Glyphs[] PROGMEM = {
  {0, 0, 0, 9, 0, 0},  // 0x20 ' '
  {0, 6, 28, 12, 3, -28},  // 0x21 '!'
  {21, 12, 12, 18, 3, -30},  // 0x22 '"'
  {39, 23, 28, 27, 2, -28},  // 0x23 '#'
  {120, 20, 34, 24, 2, -31},  // 0x24 '$'
  {205, 33, 28, 38, 2, -28},  // 0x25 '%'
  {321, 24, 28, 28, 3, -28},  // 0x26 '&'
  {405, 4, 12, 10, 3, -30},  // 0x27 "'"
  {411, 10, 36, 13, 3, -30},  // 0x28 '('
  {456, 11, 36, 13, 0, -30},  // 0x29 ')'
  {506, 17, 17, 21, 2, -30},  // 0x2A '*'
  {543, 18, 20, 24, 3, -22},  // 0x2B '+'
  {588, 7, 11, 12, 2, -6},  // 0x2C ','
  {598, 12, 4, 16, 2, -14},  // 0x2D '-'
  {604, 6, 6, 12, 3, -6},  // 0x2E '.'
  {609, 15, 36, 17, 0, -30},  // 0x2F '/'
  {677, 20, 28, 24, 2, -28},  // 0x30 '0'
  {747, 20, 28, 24, 2, -28},  // 0x31 '1'
  {817, 20, 28, 24, 2, -28},  // 0x32 '2'
  {887, 19, 28, 24, 2, -28},  // 0x33 '3'
  {954, 21, 28, 24, 1, -28},  // 0x34 '4'
  {1028, 19, 28, 24, 3, -28},  // 0x35 '5'
  {1095, 20, 28, 24, 2, -28},  // 0x36 '6'
  {1165, 18, 28, 24, 3, -28},  // 0x37 '7'
  {1228, 20, 28, 24, 2, -28},  // 0x38 '8'
  {1298, 20, 28, 24, 2, -28},  // 0x39 '9'
  {1368, 6, 22, 12, 3, -22},  // 0x3A ':'
  {1385, 6, 27, 12, 3, -22},  // 0x3B ';'
  {1406, 16, 23, 24, 4, -23},  // 0x3C '<'
  {1452, 18, 12, 24, 3, -18},  // 0x3D '='
  {1479, 16, 23, 24, 4, -23},  // 0x3E '>'
  {1525, 17, 28, 19, 1, -28},  // 0x3F '?'
  {1585, 30, 33, 36, 3, -28},  // 0x40 '@'
  {1709, 24, 28, 26, 1, -28},  // 0x41 'A'
  {1793, 21, 28, 26, 3, -28},  // 0x42 'B'
  {1867, 22, 28, 25, 2, -28},  // 0x43 'C'
  {1944, 22, 28, 27, 3, -28},  // 0x44 'D'
  {2021, 18, 28, 24, 3, -28},  // 0x45 'E'
  {2084, 18, 28, 23, 3, -28},  // 0x46 'F'
  {2147, 23, 28, 28, 2, -28},  // 0x47 'G'
  {2228, 22, 28, 29, 3, -28},  // 0x48 'H'
  {2305, 12, 28, 17, 2, -28},  // 0x49 'I'
  {2347, 17, 28, 21, 1, -28},  // 0x4A 'J'
  {2407, 22, 28, 26, 3, -28},  // 0x4B 'K'
  {2484, 16, 28, 21, 3, -28},  // 0x4C 'L'
  {2540, 26, 28, 33, 3, -28},  // 0x4D 'M'
  {2631, 22, 28, 29, 3, -28},  // 0x4E 'N'
  {2708, 24, 28, 28, 2, -28},  // 0x4F 'O'
  {2792, 21, 28, 25, 3, -28},  // 0x50 'P'
  {2866, 24, 35, 28, 2, -28},  // 0x51 'Q'
  {2971, 21, 28, 26, 3, -28},  // 0x52 'R'
  {3045, 20, 28, 24, 2, -28},  // 0x53 'S'
  {3115, 21, 28, 23, 1, -28},  // 0x54 'T'
  {3189, 21, 28, 27, 3, -28},  // 0x55 'U'
  {3263, 23, 28, 25, 1, -28},  // 0x56 'V'
  {3344, 35, 28, 37, 1, -28},  // 0x57 'W'
  {3467, 23, 28, 26, 1, -28},  // 0x58 'X'
  {3548, 23, 28, 25, 1, -28},  // 0x59 'Y'
  {3629, 21, 28, 24, 1, -28},  // 0x5A 'Z'
  {3703, 8, 36, 13, 3, -30},  // 0x5B '['
  {3739, 14, 36, 17, 2, -30},  // 0x5C '\\'
  {3802, 8, 36, 13, 2, -30},  // 0x5D ']'
  {3838, 20, 16, 24, 2, -28},  // 0x5E '^'
  {3878, 20, 4, 22, 1, 3},  // 0x5F '_'
  {3888, 7, 8, 24, 7, -31},  // 0x60 '`'
  {3895, 19, 21, 22, 2, -21},  // 0x61 'a'
  {3945, 19, 30, 24, 3, -30},  // 0x62 'b'
  {4017, 17, 21, 20, 2, -21},  // 0x63 'c'
  {4062, 19, 30, 24, 2, -30},  // 0x64 'd'
  {4134, 18, 21, 22, 2, -21},  // 0x65 'e'
  {4182, 12, 30, 14, 1, -30},  // 0x66 'f'
  {4227, 20, 32, 22, 1, -24},  // 0x67 'g'
  {4307, 17, 30, 23, 3, -30},  // 0x68 'h'
  {4371, 5, 30, 11, 3, -30},  // 0x69 'i'
  {4390, 8, 38, 11, 0, -30},  // 0x6A 'j'
  {4428, 18, 30, 22, 3, -30},  // 0x6B 'k'
  {4496, 7, 30, 11, 3, -30},  // 0x6C 'l'
  {4523, 29, 21, 35, 3, -21},  // 0x6D 'm'
  {4600, 17, 21, 23, 3, -21},  // 0x6E 'n'
  {4645, 19, 21, 22, 2, -21},  // 0x6F 'o'
  {4695, 19, 29, 24, 3, -21},  // 0x70 'p'
  {4764, 19, 29, 24, 2, -21},  // 0x71 'q'
  {4833, 12, 21, 15, 3, -21},  // 0x72 'r'
  {4865, 16, 21, 20, 2, -21},  // 0x73 's'
  {4907, 12, 27, 15, 1, -27},  // 0x74 't'
  {4948, 17, 21, 23, 3, -21},  // 0x75 'u'
  {4993, 19, 21, 20, 1, -21},  // 0x76 'v'
  {5043, 30, 21, 32, 1, -21},  // 0x77 'w'
  {5122, 19, 21, 21, 1, -21},  // 0x78 'x'
  {5172, 19, 29, 21, 1, -21},  // 0x79 'y'
  {5241, 17, 21, 19, 1, -21},  // 0x7A 'z'
  {5286, 11, 36, 14, 1, -30},  // 0x7B '{'
  {5336, 4, 36, 14, 5, -30},  // 0x7C '|'
  {5354, 11, 36, 14, 2, -30},  // 0x7D '}'
  {5404, 20, 7, 24, 2, -15},  // 0x7E '~'
};
const GFXfont PlexBody PROGMEM = {(uint8_t*)PlexBody_Bitmaps, (GFXglyph*)PlexBody_Glyphs, 0x20, 0x7E, 52};

const uint8_t PlexLabel_Bitmaps[] PROGMEM = {
  0xFF, 0xFF, 0xFF, 0xFF, 0xCE, 0x73, 0x98, 0x40, 0x01, 0xDF, 0xFF, 0xFE, 0xE0, 0xF1, 0xFC, 0x7F, 0x1F, 0xC7, 0xF1, 0xFC, 0x7F, 0x1F, 0xC7, 0xF1,
  0xC0, 0x03, 0x9C, 0x01, 0xCE, 0x01, 0xE7, 0x00, 0xE3, 0x80, 0x73, 0xC0, 0x39, 0xE1, 0xFC, 0xFE, 0xFE, 0x7F, 0x7F, 0x3F, 0x87, 0x1C, 0x03, 0x9E,
  0x1F, 0xCF, 0xCF, 0xE7, 0xE7, 0xF3, 0xF0, 0x79, 0xC0, 0x38, 0xE0, 0x1C, 0xF0, 0x0E, 0x70, 0x07, 0x38, 0x07, 0x9C, 0x00, 0x03, 0x80, 0x07, 0x00,
  0x0E, 0x00, 0x7F, 0x83, 0xFF, 0xCF, 0xFF, 0x9E, 0xEE, 0x3D, 0xC0, 0xF3, 0x80, 0xF7, 0x01, 0xFE, 0x03, 0xFE, 0x03, 0xFF, 0x01, 0xFF, 0x80, 0xFF,
  0x01, 0xDF, 0x03, 0x9E, 0x07, 0x3C, 0x8E, 0x7B, 0xDD, 0xEF, 0xFF, 0xCF, 0xFF, 0x07, 0xF8, 0x01, 0xC0, 0x03, 0x80, 0x07, 0x00, 0x3E, 0x07, 0xBF,
  0x83, 0x9F, 0xE3, 0xDE, 0x71, 0xCE, 0x39, 0xE7, 0x1C, 0xE3, 0xCE, 0x70, 0xFF, 0x70, 0x7F, 0x38, 0x1F, 0x00, 0x00, 0x0F, 0x01, 0xCF, 0xE0, 0xEF,
  0xF0, 0xE7, 0x38, 0x73, 0x8E, 0x71, 0xC7, 0x38, 0xE7, 0x38, 0x7F, 0x9C, 0x1F, 0xDC, 0x07, 0x80, 0x07, 0xC0, 0x1F, 0xE0, 0x1F, 0xF0, 0x3C, 0x70,
  0x3C, 0x20, 0x3C, 0x00, 0x3C, 0x00, 0x1E, 0x00, 0x1E, 0x00, 0x1F, 0x1F, 0x3F, 0x9F, 0x7F, 0xDF, 0x7B, 0xDC, 0x71, 0xFC, 0xF0, 0xF8, 0xF0, 0x78,
  0x78, 0xFC, 0x7F, 0xFE, 0x3F, 0x9F, 0x1F, 0x0F, 0xFF, 0xFF, 0xFF, 0xE0, 0x07, 0x87, 0x87, 0x83, 0x83, 0x83, 0xC1, 0xC0, 0xE0, 0xF0, 0x70, 0x38,
  0x1C, 0x0E, 0x07, 0x03, 0x81, 0xC0, 0xF0, 0x38, 0x1C, 0x0F, 0x03, 0x80, 0xE0, 0x78, 0x1E, 0x07, 0x80, 0xF0, 0x3C, 0x0F, 0x03, 0x81, 0xE0, 0x70,
  0x3C, 0x0E, 0x07, 0x03, 0xC1, 0xE0, 0xF0, 0x78, 0x3C, 0x1E, 0x0F, 0x07, 0x03, 0x83, 0xC1, 0xC1, 0xE0, 0xE0, 0xF0, 0xF0, 0xF0, 0x00, 0x03, 0x80,
  0x07, 0x00, 0x0E, 0x02, 0x1C, 0x27, 0x3B, 0xDF, 0xFF, 0xFF, 0xFF, 0x8F, 0xF8, 0x0F, 0xC0, 0x1F, 0xC0, 0x7B, 0xC1, 0xE7, 0xC3, 0xC7, 0x83, 0x06,
  0x00, 0x07, 0x00, 0x38, 0x01, 0xC0, 0x0E, 0x00, 0x70, 0x7F, 0xFF, 0xFF, 0xFF, 0xFF, 0x07, 0x00, 0x38, 0x01, 0xC0, 0x0E, 0x00, 0x70, 0x00, 0x7D,
  0xF7, 0xDE, 0x7B, 0xCF, 0x38, 0xE0, 0xFF, 0xFF, 0xFF, 0xE0, 0x39, 0xFF, 0xFF, 0x7C, 0xE0, 0x00, 0x78, 0x07, 0x80, 0x3C, 0x01, 0xC0, 0x1E, 0x00,
  0xF0, 0x07, 0x00, 0x78, 0x03, 0xC0, 0x1C, 0x01, 0xE0, 0x0F, 0x00, 0x70, 0x07, 0x80, 0x3C, 0x03, 0xC0, 0x1E, 0x00, 0xE0, 0x0F, 0x00, 0x78, 0x03,
  0x80, 0x3C, 0x01, 0xE0, 0x0E, 0x00, 0xF0, 0x00, 0x07, 0xC0, 0x3F, 0xE0, 0xFF, 0xE3, 0xE3, 0xE7, 0x83, 0xDE, 0x07, 0xBC, 0x07, 0xF8, 0x0F, 0xF3,
  0x9F, 0xE7, 0x3F, 0xCE, 0x7F, 0x80, 0xFF, 0x01, 0xFE, 0x03, 0xFC, 0x0F, 0x3C, 0x1E, 0x7C, 0x7C, 0x7F, 0xF0, 0x7F, 0xC0, 0x7E, 0x00, 0x0F, 0xE0,
  0x3F, 0xC0, 0x7F, 0x81, 0xEF, 0x07, 0xDE, 0x1F, 0x3C, 0x3C, 0x78, 0x38, 0xF0, 0x21, 0xE0, 0x03, 0xC0, 0x07, 0x80, 0x0F, 0x00, 0x1E, 0x00, 0x3C,
  0x00, 0x78, 0x00, 0xF0, 0x01, 0xE0, 0x7F, 0xFC, 0xFF, 0xF9, 0xFF, 0xF0, 0x0F, 0xC0, 0x7F, 0xE1, 0xFF, 0xE7, 0xC3, 0xE7, 0x07, 0xC2, 0x07, 0x80,
  0x0F, 0x00, 0x3E, 0x00, 0x78, 0x01, 0xF0, 0x07, 0xC0, 0x1F, 0x00, 0x7C, 0x01, 0xF0, 0x07, 0xC0, 0x3F, 0x00, 0x7C, 0x01, 0xFF, 0xFF, 0xFF, 0xFF,
  0xFF, 0xF0, 0x0F, 0xC0, 0x7F, 0xE1, 0xFF, 0xE3, 0xC3, 0xE3, 0x03, 0xC0, 0x07, 0x80, 0x0F, 0x00, 0x3C, 0x07, 0xF0, 0x0F, 0xC0, 0x1F, 0xE0, 0x03,
  0xE0, 0x03, 0xC0, 0x07, 0x80, 0x0F, 0xB8, 0x1E, 0xF8, 0x7D, 0xFF, 0xF0, 0xFF, 0xC0, 0x7E, 0x00, 0x01, 0xF8, 0x03, 0xF0, 0x0F, 0xE0, 0x3F, 0xC0,
  0x7F, 0x81, 0xFF, 0x07, 0xBE, 0x0E, 0x7C, 0x3C, 0xF8, 0x71, 0xF1, 0xE3, 0xE7, 0x87, 0xCE, 0x0F, 0x9F, 0xFF, 0xFF, 0xFF, 0xFF, 0xFF, 0x00, 0xF8,
  0x01, 0xF0, 0x03, 0xE0, 0x07, 0xC0, 0x3F, 0xFC, 0xFF, 0xF9, 0xFF, 0xF3, 0xC0, 0x07, 0x80, 0x0E, 0x00, 0x1C, 0x00, 0x38, 0xF0, 0x77, 0xF8, 0xEF,
  0xF9, 0xE1, 0xF0, 0x01, 0xF0, 0x03, 0xE0, 0x07, 0xC0, 0x0F, 0x98, 0x1E, 0xF8, 0x7C, 0xFF, 0xF0, 0xFF, 0xC0, 0x7E, 0x00, 0x01, 0xF0, 0x0F, 0xC0,
  0x3F, 0x00, 0xFC, 0x01, 0xF0, 0x07, 0xC0, 0x1F, 0x00, 0x3C, 0xF8, 0x7B, 0xF9, 0xFF, 0xFB, 0xF1, 0xF7, 0xC1, 0xFF, 0x83, 0xFE, 0x03, 0xFE, 0x0F,
  0xBC, 0x1F, 0x7C, 0x7C, 0x7F, 0xF0, 0x7F, 0xC0, 0x3E, 0x00, 0xFF, 0xFF, 0xFF, 0xFF, 0xFF, 0xFC, 0x0F, 0xF0, 0x3F, 0xC1, 0xFF, 0x07, 0x80, 0x1E,
  0x00, 0xF8, 0x03, 0xC0, 0x1F, 0x00, 0x78, 0x01, 0xE0, 0x0F, 0x80, 0x3C, 0x01, 0xF0, 0x07, 0x80, 0x1E, 0x00, 0xF8, 0x03, 0xC0, 0x0F, 0xE0, 0x7F,
  0xF1, 0xFF, 0xE3, 0xE3, 0xE7, 0x83, 0xCF, 0x07, 0x9E, 0x0F, 0x3E, 0x3C, 0x1F, 0xF0, 0x3F, 0xC0, 0xFF, 0xE3, 0xE3, 0xEF, 0x83, 0xFE, 0x07, 0xFC,
  0x0F, 0xFC, 0x1F, 0x7C, 0x7C, 0xFF, 0xF8, 0xFF, 0xE0, 0x7F, 0x00, 0x0F, 0xC0, 0x7F, 0xE1, 0xFF, 0xE3, 0xE3, 0xEF, 0x83, 0xDE, 0x07, 0xBC, 0x0F,
  0xF8, 0x1F, 0xF8, 0x3F, 0xF8, 0xFD, 0xFF, 0xF1, 0xFD, 0xE1, 0xF7, 0xC0, 0x0F, 0x00, 0x3E, 0x00, 0xF8, 0x03, 0xE0, 0x0F, 0xC0, 0x3E, 0x01, 0xF8,
  0x00, 0x39, 0xFF, 0xFF, 0x7C, 0xE0, 0x00, 0x00, 0xE7, 0xFF, 0xFD, 0xF3, 0x80, 0x39, 0xFF, 0xFF, 0x7C, 0xE0, 0x00, 0x01, 0xF7, 0xDF, 0x79, 0xEF,
  0x3C, 0xE3, 0x80, 0x00, 0x30, 0x0F, 0x03, 0xF0, 0xFE, 0x3F, 0x87, 0xF0, 0xFC, 0x0F, 0x00, 0xFC, 0x07, 0xF0, 0x3F, 0x80, 0xFE, 0x03, 0xF0, 0x0F,
  0x00, 0x30, 0x01, 0xFF, 0xFF, 0xFF, 0xFF, 0xFE, 0x00, 0x00, 0x00, 0x00, 0x03, 0xFF, 0xFF, 0xFF, 0xFF, 0xF8, 0x80, 0x0E, 0x00, 0xF8, 0x0F, 0xE0,
  0x7F, 0x81, 0xFE, 0x07, 0xF0, 0x1F, 0x00, 0xF0, 0x1F, 0x07, 0xF1, 0xFE, 0x7F, 0x8F, 0xE0, 0xF8, 0x0E, 0x00, 0x80, 0x00, 0x1F, 0x83, 0xFF, 0x3F,
  0xFD, 0xE1, 0xE7, 0x0F, 0x80, 0x7C, 0x03, 0xE0, 0x3E, 0x0F, 0xE0, 0x7E, 0x03, 0xC0, 0x1E, 0x00, 0x00, 0x00, 0x00, 0x3C, 0x03, 0xE0, 0x1F, 0x80,
  0xFC, 0x07, 0xC0, 0x1E, 0x00, 0x07, 0xC0, 0x7F, 0xC3, 0xFF, 0x9E, 0x0F, 0x70, 0x1D, 0xC0, 0x7F, 0x1D, 0xF8, 0xFF, 0xE3, 0xFF, 0x9E, 0x7E, 0x71,
  0xF9, 0xC7, 0xE7, 0x1F, 0x9E, 0x7E, 0x7F, 0xF8, 0xFF, 0x71, 0xDD, 0xC0, 0x07, 0x80, 0x0F, 0x00, 0x3F, 0xE0, 0x7F, 0x80, 0x7E, 0x00, 0x07, 0xF0,
  0x03, 0xF8, 0x01, 0xFC, 0x00, 0xFE, 0x00, 0xFF, 0x80, 0x7B, 0xC0, 0x3D, 0xE0, 0x3C, 0xF0, 0x1E, 0x7C, 0x0F, 0x1E, 0x07, 0x8F, 0x07, 0x87, 0x83,
  0xFF, 0xE1, 0xFF, 0xF0, 0xFF, 0xF8, 0xF0, 0x3C, 0x78, 0x1F, 0x3C, 0x07, 0x9E, 0x03, 0xDF, 0x01, 0xF0, 0xFF, 0xC3, 0xFF, 0xCF, 0xFF, 0x3C, 0x3E,
  0xF0, 0x7B, 0xC1, 0xEF, 0x07, 0xBC, 0x3C, 0xFF, 0xE3, 0xFF, 0x0F, 0xFF, 0x3C, 0x3E, 0xF0, 0x7B, 0xC1, 0xEF, 0x07, 0xFC, 0x1E, 0xF0, 0xFB, 0xFF,
  0xEF, 0xFF, 0x3F, 0xF0, 0x07, 0xE0, 0x3F, 0xF0, 0xFF, 0xF1, 0xE3, 0xE7, 0x83, 0xEF, 0x03, 0xBE, 0x00, 0x7C, 0x00, 0xF8, 0x01, 0xF0, 0x03, 0xE0,
  0x07, 0xC0, 0x0F, 0x80, 0x1F, 0x00, 0x1E, 0x07, 0x3C, 0x1F, 0x3C, 0x7C, 0x7F, 0xF8, 0x7F, 0xE0, 0x3F, 0x00, 0xFF, 0x83, 0xFF, 0x8F, 0xFF, 0x3C,
  0x3C, 0xF0, 0x7B, 0xC1, 0xEF, 0x07, 0xFC, 0x1F, 0xF0, 0x7F, 0xC1, 0xFF, 0x07, 0xFC, 0x1F, 0xF0, 0x7F, 0xC1, 0xFF, 0x07, 0xBC, 0x1E, 0xF0, 0xF3,
  0xFF, 0xCF, 0xFE, 0x3F, 0xE0, 0xFF, 0xFF, 0xFF, 0xFF, 0xFF, 0xE0, 0x0F, 0x00, 0x78, 0x03, 0xC0, 0x1E, 0x00, 0xFF, 0xF7, 0xFF, 0xBF, 0xFD, 0xE0,
  0x0F, 0x00, 0x78, 0x03, 0xC0, 0x1E, 0x00, 0xF0, 0x07, 0xFF, 0xFF, 0xFF, 0xFF, 0xF0, 0xFF, 0xFF, 0xFF, 0xFF, 0xFF, 0xE0, 0x0F, 0x00, 0x78, 0x03,
  0xC0, 0x1E, 0x00, 0xFF, 0xF7, 0xFF, 0xBF, 0xFD, 0xE0, 0x0F, 0x00, 0x78, 0x03, 0xC0, 0x1E, 0x00, 0xF0, 0x07, 0x80, 0x3C, 0x01, 0xE0, 0x00, 0x07,
  0xC0, 0x7F, 0xC3, 0xFF, 0x9F, 0x1F, 0x78, 0x3D, 0xE0, 0xEF, 0x80, 0x3C, 0x00, 0xF0, 0x03, 0xC7, 0xFF, 0x1F, 0xFC, 0x7F, 0xF8, 0x1F, 0xE0, 0x7F,
  0x83, 0xDE, 0x0F, 0x7C, 0x7C, 0xFF, 0xF3, 0xF9, 0xC3, 0xC7, 0xF0, 0x7F, 0x83, 0xFC, 0x1F, 0xE0, 0xFF, 0x07, 0xF8, 0x3F, 0xC1, 0xFE, 0x0F, 0xFF,
  0xFF, 0xFF, 0xFF, 0xFF, 0xE0, 0xFF, 0x07, 0xF8, 0x3F, 0xC1, 0xFE, 0x0F, 0xF0, 0x7F, 0x83, 0xFC, 0x1F, 0xE0, 0xF0, 0xFF, 0xFF, 0xFF, 0xFF, 0xFE,
  0x1F, 0x00, 0xF8, 0x07, 0xC0, 0x3E, 0x01, 0xF0, 0x0F, 0x80, 0x7C, 0x03, 0xE0, 0x1F, 0x00, 0xF8, 0x07, 0xC0, 0x3E, 0x01, 0xF0, 0x0F, 0x87, 0xFF,
  0xFF, 0xFF, 0xFF, 0xF0, 0x1F, 0xF8, 0xFF, 0xC7, 0xFE, 0x00, 0xF0, 0x07, 0x80, 0x3C, 0x01, 0xE0, 0x0F, 0x00, 0x78, 0x03, 0xC0, 0x1E, 0x00, 0xF0,
  0x07, 0x80, 0x3C, 0xC1, 0xFE, 0x0F, 0x78, 0xFB, 0xFF, 0x8F, 0xF8, 0x1F, 0x80, 0xF0, 0x3D, 0xE0, 0xFB, 0xC3, 0xE7, 0x87, 0x8F, 0x1E, 0x1E, 0x7C,
  0x3C, 0xF0, 0x7B, 0xC0, 0xFF, 0x81, 0xFF, 0x03, 0xFF, 0x07, 0xFE, 0x0F, 0xBE, 0x1E, 0x3C, 0x3C, 0x7C, 0x78, 0x78, 0xF0, 0xF9, 0xE0, 0xFB, 0xC1,
  0xF7, 0x81, 0xF0, 0xF0, 0x0F, 0x00, 0xF0, 0x0F, 0x00, 0xF0, 0x0F, 0x00, 0xF0, 0x0F, 0x00, 0xF0, 0x0F, 0x00, 0xF0, 0x0F, 0x00, 0xF0, 0x0F, 0x00,
  0xF0, 0x0F, 0x00, 0xF0, 0x0F, 0xFF, 0xFF, 0xFF, 0xFF, 0xF8, 0x3F, 0xF8, 0x7F, 0xF1, 0xFF, 0xE3, 0xFF, 0xE7, 0xFF, 0xDF, 0xFF, 0xBF, 0xFF, 0xEF,
  0xF7, 0xDF, 0xEF, 0xBF, 0xCE, 0x7F, 0x9C, 0xFF, 0x39, 0xFE, 0x23, 0xFC, 0x47, 0xF8, 0x0F, 0xF0, 0x1F, 0xE0, 0x3F, 0xC0, 0x7F, 0x80, 0xF0, 0xF8,
  0x3F, 0xC1, 0xFF, 0x0F, 0xF8, 0x7F, 0xC3, 0xFF, 0x1F, 0xF8, 0xFD, 0xC7, 0xEF, 0x3F, 0x39, 0xF9, 0xCF, 0xCF, 0x7E, 0x3B, 0xF1, 0xFF, 0x8F, 0xFC,
  0x3F, 0xE1, 0xFF, 0x0F, 0xF8, 0x3F, 0xC1, 0xF0, 0x07, 0xC0, 0x3F, 0xE0, 0xFF, 0xE3, 0xE3, 0xE7, 0x83, 0xDF, 0x07, 0xBC, 0x0F, 0xF8, 0x0F, 0xF0,
  0x1F, 0xE0, 0x3F, 0xC0, 0x7F, 0x80, 0xFF, 0x01, 0xFE, 0x07, 0xFE, 0x0F, 0x3C, 0x1E, 0x7C, 0x7C, 0x7F, 0xF0, 0x7F, 0xC0, 0x7E, 0x00, 0xFF, 0xC3,
  0xFF, 0xCF, 0xFF, 0xBC, 0x3E, 0xF0, 0x7F, 0xC1, 0xFF, 0x07, 0xFC, 0x1F, 0xF0, 0xFB, 0xFF, 0xEF, 0xFF, 0x3F, 0xF0, 0xF0, 0x03, 0xC0, 0x0F, 0x00,
  0x3C, 0x00, 0xF0, 0x03, 0xC0, 0x0F, 0x00, 0x3C, 0x00, 0x07, 0xC0, 0x3F, 0xE0, 0xFF, 0xE3, 0xE3, 0xE7, 0x83, 0xDF, 0x07, 0xBC, 0x0F, 0xF8, 0x0F,
  0xF0, 0x1F, 0xE0, 0x3F, 0xC0, 0x7F, 0x80, 0xFF, 0x01, 0xFE, 0x07, 0xFE, 0x0F, 0xBC, 0x1E, 0x7C, 0x7C, 0x7F, 0xF0, 0x7F, 0xC0, 0x7F, 0x00, 0x38,
  0x00, 0x70, 0x00, 0xFF, 0x01, 0xFE, 0x01, 0xFC, 0xFF, 0xC3, 0xFF, 0xCF, 0xFF, 0xBC, 0x3E, 0xF0, 0x7F, 0xC1, 0xFF, 0x07, 0xFC, 0x1F, 0xF0, 0xFB,
  0xFF, 0xEF, 0xFF, 0x3F, 0xF8, 0xF3, 0xE3, 0xC7, 0x8F, 0x1F, 0x3C, 0x3C, 0xF0, 0xF3, 0xC3, 0xEF, 0x07, 0xBC, 0x1F, 0x0F, 0xE0, 0x3F, 0xF0, 0xFF,
  0xF3, 0xE1, 0xC7, 0x80, 0x0F, 0x00, 0x1E, 0x00, 0x3E, 0x00, 0x7F, 0xC0, 0x7F, 0xE0, 0x7F, 0xE0, 0x0F, 0xE0, 0x03, 0xC0, 0x07, 0xC0, 0x0F, 0x10,
  0x1E, 0x78, 0x7D, 0xFF, 0xF1, 0xFF, 0xC0, 0x7E, 0x00, 0xFF, 0xFF, 0xFF, 0xFF, 0xFF, 0xF8, 0x3E, 0x00, 0x7C, 0x00, 0xF8, 0x01, 0xF0, 0x03, 0xE0,
  0x07, 0xC0, 0x0F, 0x80, 0x1F, 0x00, 0x3E, 0x00, 0x7C, 0x00, 0xF8, 0x01, 0xF0, 0x03, 0xE0, 0x07, 0xC0, 0x0F, 0x80, 0x1F, 0x00, 0x3E, 0x00, 0xF0,
  0x7F, 0x83, 0xFC, 0x1F, 0xE0, 0xFF, 0x07, 0xF8, 0x3F, 0xC1, 0xFE, 0x0F, 0xF0, 0x7F, 0x83, 0xFC, 0x1F, 0xE0, 0xFF, 0x07, 0xF8, 0x3F, 0xC1, 0xFE,
  0x0F, 0xF8, 0xFB, 0xFF, 0x9F, 0xF8, 0x3F, 0x80, 0xF8, 0x0F, 0x78, 0x0F, 0x78, 0x0F, 0x7C, 0x1F, 0x7C, 0x1E, 0x3C, 0x1E, 0x3C, 0x1E, 0x3E, 0x3E,
  0x3E, 0x3C, 0x1E, 0x3C, 0x1E, 0x3C, 0x1E, 0x3C, 0x1F, 0x78, 0x0F, 0x78, 0x0F, 0x78, 0x0F, 0xF8, 0x07, 0xF0, 0x07, 0xF0, 0x07, 0xF0, 0x07, 0xF0,
  0xF0, 0x07, 0xF0, 0x07, 0xF0, 0x07, 0x70, 0x07, 0x71, 0xC7, 0x73, 0xE7, 0x73, 0xE7, 0x73, 0xE7, 0x73, 0xE7, 0x73, 0x67, 0x73, 0x67, 0x73, 0x6F,
  0x7F, 0x7F, 0x7F, 0x7F, 0x7F, 0x7F, 0x7E, 0x7F, 0x7E, 0x3E, 0x7E, 0x3E, 0x7E, 0x3E, 0x7E, 0x3E, 0xF8, 0x1F, 0xF0, 0x79, 0xF1, 0xF3, 0xE3, 0xC3,
  0xE7, 0x83, 0xDE, 0x07, 0xFC, 0x07, 0xF0, 0x0F, 0xE0, 0x0F, 0x80, 0x3F, 0x00, 0x7F, 0x01, 0xFF, 0x03, 0xDE, 0x0F, 0x3E, 0x1E, 0x3C, 0x78, 0x7C,
  0xF0, 0xFB, 0xC0, 0xFF, 0x80, 0xF0, 0xF8, 0x0F, 0x78, 0x0F, 0x7C, 0x1F, 0x3C, 0x1E, 0x3E, 0x3E, 0x1E, 0x3C, 0x1E, 0x3C, 0x0F, 0x78, 0x0F, 0x78,
  0x07, 0xF0, 0x07, 0xF0, 0x07, 0xE0, 0x03, 0xE0, 0x03, 0xE0, 0x03, 0xE0, 0x03, 0xE0, 0x03, 0xE0, 0x03, 0xE0, 0x03, 0xE0, 0x03, 0xE0, 0x7F, 0xFD,
  0xFF, 0xF7, 0xFF, 0xC0, 0x1F, 0x00, 0xF8, 0x03, 0xE0, 0x1F, 0x00, 0xF8, 0x03, 0xE0, 0x1F, 0x00, 0xF8, 0x03, 0xE0, 0x1F, 0x00, 0xF8, 0x03, 0xE0,
  0x1F, 0x00, 0x78, 0x03, 0xFF, 0xFF, 0xFF, 0xFF, 0xFF, 0xFF, 0xFF, 0xFF, 0xFC, 0x0E, 0x07, 0x03, 0x81, 0xC0, 0xE0, 0x70, 0x38, 0x1C, 0x0E, 0x07,
  0x03, 0x81, 0xC0, 0xE0, 0x70, 0x38, 0x1C, 0x0E, 0x07, 0x03, 0xFF, 0xFF, 0xFF, 0x80, 0xF0, 0x03, 0x80, 0x1E, 0x00, 0xF0, 0x03, 0x80, 0x1E, 0x00,
  0xF0, 0x03, 0x80, 0x1E, 0x00, 0xF0, 0x03, 0xC0, 0x1E, 0x00, 0x70, 0x03, 0xC0, 0x1E, 0x00, 0x70, 0x03, 0xC0, 0x1E, 0x00, 0x70, 0x03, 0xC0, 0x1E,
  0x00, 0x70, 0x03, 0xC0, 0x1E, 0x00, 0x78, 0xFF, 0xFF, 0xFF, 0xE0, 0xF0, 0x78, 0x3C, 0x1E, 0x0F, 0x07, 0x83, 0xC1, 0xE0, 0xF0, 0x78, 0x3C, 0x1E,
  0x0F, 0x07, 0x83, 0xC1, 0xE0, 0xF0, 0x78, 0x3F, 0xFF, 0xFF, 0xFF, 0x80, 0x07, 0xC0, 0x1F, 0x80, 0x3F, 0x80, 0x7F, 0x01, 0xEF, 0x03, 0x9E, 0x0F,
  0x1E, 0x1C, 0x3C, 0x78, 0x3C, 0xE0, 0x7B, 0xC0, 0x7F, 0x80, 0xF2, 0x00, 0x80, 0xFF, 0xFF, 0xFF, 0xFF, 0xFE, 0xE7, 0xBC, 0xF3, 0x88, 0x0F, 0xC0,
  0x7F, 0xE1, 0xFF, 0xE1, 0xC7, 0xC0, 0x07, 0x80, 0x0F, 0x07, 0xFE, 0x1F, 0xFC, 0x7F, 0xF8, 0xF0, 0xF3, 0xE1, 0xE3, 0xFF, 0xF7, 0xFB, 0xE3, 0xC3,
  0xC0, 0xF0, 0x03, 0xC0, 0x0F, 0x00, 0x3C, 0x00, 0xF0, 0x03, 0xC0, 0x0F, 0x00, 0x3C, 0xF8, 0xF7, 0xF3, 0xFF, 0xEF, 0x8F, 0xBC, 0x1E, 0xF0, 0x7F,
  0xC1, 0xFF, 0x07, 0xFC, 0x1F, 0xF0, 0x7B, 0xE3, 0xEF, 0xFF, 0xBD, 0xFC, 0xF3, 0xE0, 0x0F, 0xC1, 0xFF, 0x9F, 0xFD, 0xF0, 0xEF, 0x02, 0x78, 0x03,
  0xC0, 0x1E, 0x00, 0xF0, 0x07, 0x81, 0x3E, 0x1E, 0xFF, 0xF3, 0xFF, 0x07, 0xE0, 0x00, 0x3C, 0x00, 0xF0, 0x03, 0xC0, 0x0F, 0x00, 0x3C, 0x00, 0xF0,
  0x03, 0xC7, 0xCF, 0x3F, 0xBD, 0xFF, 0xF7, 0xC7, 0xFE, 0x0F, 0xF0, 0x3F, 0xC0, 0xFF, 0x03, 0xFC, 0x0F, 0xF8, 0x3D, 0xF1, 0xF7, 0xFF, 0xCF, 0xEF,
  0x1F, 0x3C, 0x07, 0xC0, 0x7F, 0xC3, 0xFF, 0x9E, 0x1F, 0x78, 0x3D, 0xFF, 0xFF, 0xFF, 0xFF, 0xFF, 0x78, 0x01, 0xE0, 0x07, 0xC1, 0x0F, 0xFE, 0x1F,
  0xF8, 0x1F, 0x80, 0x03, 0xFC, 0x1F, 0xF0, 0x7F, 0xC3, 0xC0, 0x0F, 0x00, 0x3C, 0x00, 0xF0, 0x3F, 0xFF, 0xFF, 0xFF, 0xFF, 0xF0, 0xF0, 0x03, 0xC0,
  0x0F, 0x00, 0x3C, 0x00, 0xF0, 0x03, 0xC0, 0x0F, 0x00, 0x3C, 0x0F, 0xFF, 0xBF, 0xFE, 0xFF, 0xF8, 0x00, 0x1E, 0x00, 0x7C, 0x00, 0xF8, 0x7F, 0x03,
  0xFF, 0x87, 0xFF, 0x1F, 0x1E, 0x3C, 0x1E, 0x78, 0x38, 0xF8, 0xF0, 0xFF, 0xE0, 0xFF, 0x81, 0xFC, 0x06, 0x00, 0x1C, 0x00, 0x3F, 0xFC, 0x3F, 0xFC,
  0x7F, 0xFD, 0xC0, 0x7F, 0x80, 0xFF, 0xFF, 0xEF, 0xFF, 0x87, 0xFC, 0x00, 0xF0, 0x07, 0x80, 0x3C, 0x01, 0xE0, 0x0F, 0x00, 0x78, 0x03, 0xC0, 0x1E,
  0x7C, 0xF7, 0xF7, 0xFF, 0xFE, 0x3F, 0xE0, 0xFF, 0x07, 0xF8, 0x3F, 0xC1, 0xFE, 0x0F, 0xF0, 0x7F, 0x83, 0xFC, 0x1F, 0xE0, 0xFF, 0x07, 0x80, 0x07,
  0x00, 0x7C, 0x03, 0xE0, 0x1F, 0x00, 0x70, 0x00, 0x00, 0x00, 0x1F, 0xE0, 0xFF, 0x07, 0xF8, 0x03, 0xC0, 0x1E, 0x00, 0xF0, 0x07, 0x80, 0x3C, 0x01,
  0xE0, 0x0F, 0x00, 0x78, 0x3F, 0xFF, 0xFF, 0xFF, 0xFF, 0x80, 0x07, 0x81, 0xF0, 0x7C, 0x1F, 0x07, 0x80, 0x00, 0x03, 0xFE, 0xFF, 0xBF, 0xE0, 0x78,
  0x1E, 0x07, 0x81, 0xE0, 0x78, 0x1E, 0x07, 0x81, 0xE0, 0x78, 0x1E, 0x07, 0x81, 0xE0, 0x78, 0x1E, 0xFF, 0xBF, 0xCF, 0xE0, 0xF0, 0x03, 0xC0, 0x0F,
  0x00, 0x3C, 0x00, 0xF0, 0x03, 0xC0, 0x0F, 0x00, 0x3C, 0x1E, 0xF0, 0xF3, 0xC7, 0x8F, 0x3C, 0x3D, 0xE0, 0xFF, 0x83, 0xFE, 0x0F, 0xFC, 0x3E, 0xF0,
  0xF3, 0xE3, 0xC7, 0xCF, 0x0F, 0xBC, 0x1E, 0xF0, 0x7C, 0xFF, 0x07, 0xF8, 0x3F, 0xC0, 0x1E, 0x00, 0xF0, 0x07, 0x80, 0x3C, 0x01, 0xE0, 0x0F, 0x00,
  0x78, 0x03, 0xC0, 0x1E, 0x00, 0xF0, 0x07, 0x80, 0x3C, 0x01, 0xE0, 0x0F, 0x00, 0x78, 0x3F, 0xFF, 0xFF, 0xFF, 0xFF, 0x80, 0xE6, 0x3D, 0xDE, 0x7B,
  0xFF, 0xFF, 0xBC, 0xFE, 0x38, 0xFC, 0x71, 0xF8, 0xE3, 0xF1, 0xC7, 0xE3, 0x8F, 0xC7, 0x1F, 0x8E, 0x3F, 0x1C, 0x7E, 0x38, 0xFC, 0x71, 0xC0, 0xF3,
  0xE7, 0xBF, 0xBF, 0xFF, 0xF1, 0xFF, 0x07, 0xF8, 0x3F, 0xC1, 0xFE, 0x0F, 0xF0, 0x7F, 0x83, 0xFC, 0x1F, 0xE0, 0xFF, 0x07, 0xF8, 0x3C, 0x0F, 0xC0,
  0x3F, 0xE0, 0xFF, 0xE3, 0xE3, 0xE7, 0x83, 0xDF, 0x07, 0xFC, 0x0F, 0xF8, 0x1F, 0xF8, 0x3E, 0xF0, 0x79, 0xF1, 0xF1, 0xFF, 0xC1, 0xFF, 0x01, 0xF8,
  0x00, 0xF3, 0xE3, 0xDF, 0xCF, 0xFF, 0xBE, 0x3E, 0xF0, 0x7B, 0xC1, 0xFF, 0x07, 0xFC, 0x1F, 0xF0, 0x7F, 0xC1, 0xEF, 0x8F, 0xBF, 0xFE, 0xF7, 0xF3,
  0xCF, 0x8F, 0x00, 0x3C, 0x00, 0xF0, 0x03, 0xC0, 0x0F, 0x00, 0x3C, 0x00, 0x1F, 0x3C, 0xFE, 0xF7, 0xFF, 0xDF, 0x1F, 0xF8, 0x3F, 0xC0, 0xFF, 0x03,
  0xFC, 0x0F, 0xF0, 0x3F, 0xE0, 0xF7, 0xC7, 0xDF, 0xFF, 0x3F, 0xBC, 0x7C, 0xF0, 0x03, 0xC0, 0x0F, 0x00, 0x3C, 0x00, 0xF0, 0x03, 0xC0, 0x0F, 0xFF,
  0x3F, 0xFD, 0xFF, 0xFF, 0xC7, 0xE0, 0x1F, 0x00, 0x7C, 0x01, 0xF0, 0x07, 0xC0, 0x1F, 0x00, 0x7C, 0x01, 0xF0, 0x3F, 0xFC, 0xFF, 0xF3, 0xFF, 0xC0,
  0x1F, 0xC1, 0xFF, 0x9F, 0xFD, 0xF0, 0xCF, 0x80, 0x7F, 0xC1, 0xFF, 0x87, 0xFE, 0x07, 0xF8, 0x03, 0xD8, 0x3F, 0xFF, 0xE7, 0xFE, 0x0F, 0xE0, 0x0F,
  0x00, 0x3C, 0x00, 0xF0, 0x03, 0xC0, 0x0F, 0x00, 0x3C, 0x0F, 0xFF, 0xFF, 0xFF, 0xFF, 0xFC, 0x3C, 0x00, 0xF0, 0x03, 0xC0, 0x0F, 0x00, 0x3C, 0x00,
  0xF0, 0x03, 0xC0, 0x0F, 0x00, 0x3F, 0xF0, 0x7F, 0xC0, 0xFF, 0xF0, 0x7F, 0x83, 0xFC, 0x1F, 0xE0, 0xFF, 0x07, 0xF8, 0x3F, 0xC1, 0xFE, 0x0F, 0xF0,
  0x7F, 0x83, 0xFE, 0x3F, 0xFF, 0xF7, 0xF7, 0x9E, 0x3C, 0xF0, 0x1F, 0xF0, 0x79, 0xE0, 0xF3, 0xC1, 0xE7, 0xC7, 0x87, 0x8F, 0x0F, 0x1E, 0x0E, 0x38,
  0x1E, 0xF0, 0x3D, 0xE0, 0x3F, 0x80, 0x7F, 0x00, 0xFC, 0x00, 0xF8, 0x00, 0xF1, 0xC7, 0xF9, 0xF3, 0x9C, 0xF9, 0xCE, 0x7C, 0xE7, 0x3E, 0x73, 0x9B,
  0x39, 0xCD, 0x9C, 0xEE, 0xCE, 0x77, 0x77, 0x3F, 0xBF, 0x1F, 0x9F, 0x87, 0xC7, 0xC3, 0xE3, 0xE1, 0xF1, 0xF0, 0xF8, 0x3C, 0xF8, 0xF8, 0xF1, 0xE0,
  0xF7, 0x81, 0xFE, 0x01, 0xFC, 0x01, 0xF0, 0x03, 0xE0, 0x0F, 0xE0, 0x3F, 0xE0, 0xF3, 0xE1, 0xE3, 0xC7, 0x87, 0xDE, 0x07, 0xC0, 0xF0, 0x1F, 0xF0,
  0x3D, 0xE0, 0xF3, 0xC1, 0xE7, 0xC7, 0x87, 0x8F, 0x0F, 0x1E, 0x0F, 0x78, 0x1E, 0xF0, 0x3D, 0xC0, 0x3F, 0x80, 0x7F, 0x00, 0x7C, 0x00, 0xF8, 0x01,
  0xE0, 0x03, 0xC0, 0x07, 0x80, 0xFE, 0x01, 0xF8, 0x03, 0xE0, 0x00, 0xFF, 0xFF, 0xFF, 0xFF, 0xFE, 0x03, 0xE0, 0x3E, 0x03, 0xE0, 0x3E, 0x03, 0xE0,
  0x3E, 0x03, 0xE0, 0x3E, 0x01, 0xFF, 0xFF, 0xFF, 0xFF, 0xFC, 0x0F, 0xE3, 0xFC, 0x7F, 0x8E, 0x01, 0xC0, 0x38, 0x07, 0x80, 0x78, 0x07, 0x00, 0xE0,
  0x3C, 0x7F, 0x8F, 0xC1, 0xFE, 0x03, 0xC0, 0x38, 0x07, 0x01, 0xE0, 0x78, 0x0E, 0x01, 0xC0, 0x38, 0x07, 0xF8, 0xFF, 0x0F, 0xE0, 0xFF, 0xFF, 0xFF,
  0xFF, 0xFF, 0xFF, 0xFF, 0xFF, 0xFF, 0xE0, 0xFE, 0x1F, 0xE3, 0xFC, 0x03, 0x80, 0x70, 0x0E, 0x03, 0x80, 0xF0, 0x1C, 0x07, 0x80, 0xF0, 0x0F, 0xF0,
  0x7E, 0x3F, 0xCF, 0x01, 0xE0, 0x1C, 0x03, 0xC0, 0x38, 0x03, 0x80, 0x70, 0x0E, 0x3F, 0xC7, 0xF8, 0xFE, 0x00, 0x1E, 0x0C, 0x7E, 0x1D, 0xFE, 0x73,
  0xBC, 0xEE, 0x3F, 0xDC, 0x3F, 0x38, 0x3C, 0x00,
};
const GFXglyph PlexLabel_Glyphs[] PROGMEM = {
  {0, 0, 0, 21, 0, 0},  // 0x20 ' '
  {0, 5, 20, 21, 6, -20},  // 0x21 '!'
  {13, 10, 9, 21, 3, -21},  // 0x22 '"'
  {25, 17, 20, 21, 0, -20},  // 0x23 '#'
  {68, 15, 26, 21, 1, -23},  // 0x24 '$'
  {117, 17, 20, 21, 0, -20},  // 0x25 '%'
  {160, 16, 20, 21, 0, -20},  // 0x26 '&'
  {200, 3, 9, 21, 7, -21},  // 0x27 "'"
  {204, 9, 25, 21, 5, -21},  // 0x28 '('
  {233, 9, 25, 21, 3, -21},  // 0x29 ')'
  {262, 15, 14, 21, 1, -16},  // 0x2A '*'
  {289, 13, 13, 21, 2, -15},  // 0x2B '+'
  {311, 6, 9, 21, 5, -5},  // 0x2C ','
  {318, 9, 3, 21, 4, -10},  // 0x2D '-'
  {322, 6, 6, 21, 5, -5},  // 0x2E '.'
  {327, 13, 25, 21, 2, -21},  // 0x2F '/'
  {368, 15, 20, 21, 1, -20},  // 0x30 '0'
  {406, 15, 20, 21, 1, -20},  // 0x31 '1'
  {444, 15, 20, 21, 1, -20},  // 0x32 '2'
  {482, 15, 20, 21, 1, -20},  // 0x33 '3'
  {520, 15, 20, 21, 1, -20},  // 0x34 '4'
  {558, 15, 20, 21, 1, -20},  // 0x35 '5'
  {596, 15, 20, 21, 1, -20},  // 0x36 '6'
  {634, 14, 20, 21, 1, -20},  // 0x37 '7'
  {669, 15, 20, 21, 1, -20},  // 0x38 '8'
  {707, 15, 20, 21, 1, -20},  // 0x39 '9'
  {745, 6, 15, 21, 5, -14},  // 0x3A ':'
  {757, 6, 18, 21, 5, -14},  // 0x3B ';'
  {771, 12, 16, 21, 2, -16},  // 0x3C '<'
  {795, 13, 9, 21, 2, -13},  // 0x3D '='
  {810, 12, 17, 21, 2, -17},  // 0x3E '>'
  {836, 13, 20, 21, 2, -20},  // 0x3F '?'
  {869, 14, 23, 21, 1, -20},  // 0x40 '@'
  {910, 17, 20, 21, 0, -20},  // 0x41 'A'
  {953, 14, 20, 21, 2, -20},  // 0x42 'B'
  {988, 15, 20, 21, 1, -20},  // 0x43 'C'
  {1026, 14, 20, 21, 2, -20},  // 0x44 'D'
  {1061, 13, 20, 21, 2, -20},  // 0x45 'E'
  {1094, 13, 20, 21, 2, -20},  // 0x46 'F'
  {1127, 14, 20, 21, 1, -20},  // 0x47 'G'
  {1162, 13, 20, 21, 2, -20},  // 0x48 'H'
  {1195, 13, 20, 21, 2, -20},  // 0x49 'I'
  {1228, 13, 20, 21, 1, -20},  // 0x4A 'J'
  {1261, 15, 20, 21, 2, -20},  // 0x4B 'K'
  {1299, 12, 20, 21, 3, -20},  // 0x4C 'L'
  {1329, 15, 20, 21, 1, -20},  // 0x4D 'M'
  {1367, 13, 20, 21, 2, -20},  // 0x4E 'N'
  {1400, 15, 20, 21, 1, -20},  // 0x4F 'O'
  {1438, 14, 20, 21, 2, -20},  // 0x50 'P'
  {1473, 15, 25, 21, 1, -20},  // 0x51 'Q'
  {1520, 14, 20, 21, 2, -20},  // 0x52 'R'
  {1555, 15, 20, 21, 1, -20},  // 0x53 'S'
  {1593, 15, 20, 21, 1, -20},  // 0x54 'T'
  {1631, 13, 20, 21, 2, -20},  // 0x55 'U'
  {1664, 16, 20, 21, 0, -20},  // 0x56 'V'
  {1704, 16, 20, 21, 0, -20},  // 0x57 'W'
  {1744, 15, 20, 21, 1, -20},  // 0x58 'X'
  {1782, 16, 20, 21, 0, -20},  // 0x59 'Y'
  {1822, 14, 20, 21, 1, -20},  // 0x5A 'Z'
  {1857, 9, 25, 21, 5, -21},  // 0x5B '['
  {1886, 13, 25, 21, 2, -21},  // 0x5C '\\'
  {1927, 9, 25, 21, 3, -21},  // 0x5D ']'
  {1956, 15, 13, 21, 1, -20},  // 0x5E '^'
  {1981, 13, 3, 21, 2, 2},  // 0x5F '_'
  {1986, 5, 6, 21, 5, -22},  // 0x60 '`'
  {1990, 15, 14, 21, 1, -14},  // 0x61 'a'
  {2017, 14, 21, 21, 2, -21},  // 0x62 'b'
  {2054, 13, 14, 21, 2, -14},  // 0x63 'c'
  {2077, 14, 21, 21, 1, -21},  // 0x64 'd'
  {2114, 14, 14, 21, 1, -14},  // 0x65 'e'
  {2139, 14, 21, 21, 2, -21},  // 0x66 'f'
  {2176, 15, 23, 21, 1, -17},  // 0x67 'g'
  {2220, 13, 21, 21, 2, -21},  // 0x68 'h'
  {2255, 13, 21, 21, 3, -21},  // 0x69 'i'
  {2290, 10, 27, 21, 3, -21},  // 0x6A 'j'
  {2324, 14, 21, 21, 2, -21},  // 0x6B 'k'
  {2361, 13, 21, 21, 2, -21},  // 0x6C 'l'
  {2396, 15, 14, 21, 1, -14},  // 0x6D 'm'
  {2423, 13, 14, 21, 2, -14},  // 0x6E 'n'
  {2446, 15, 14, 21, 1, -14},  // 0x6F 'o'
  {2473, 14, 20, 21, 2, -14},  // 0x70 'p'
  {2508, 14, 20, 21, 1, -14},  // 0x71 'q'
  {2543, 14, 14, 21, 2, -14},  // 0x72 'r'
  {2568, 13, 14, 21, 2, -14},  // 0x73 's'
  {2591, 14, 20, 21, 1, -20},  // 0x74 't'
  {2626, 13, 14, 21, 2, -14},  // 0x75 'u'
  {2649, 15, 14, 21, 1, -14},  // 0x76 'v'
  {2676, 17, 14, 21, 0, -14},  // 0x77 'w'
  {2706, 15, 14, 21, 1, -14},  // 0x78 'x'
  {2733, 15, 20, 21, 1, -14},  // 0x79 'y'
  {2771, 13, 14, 21, 2, -14},  // 0x7A 'z'
  {2794, 11, 25, 21, 3, -21},  // 0x7B '{'
  {2829, 3, 25, 21, 7, -21},  // 0x7C '|'
  {2839, 11, 25, 21, 3, -21},  // 0x7D '}'
  {2874, 15, 7, 21, 1, -12},  // 0x7E '~'
};
const GFXfont PlexLabel PROGMEM = {(uint8_t*)PlexLabel_Bitmaps, (GFXglyph*)PlexLabel_Glyphs, 0x20, 0x7E, 37};

const uint8_t PlexIdL_Bitmaps[] PROGMEM = {
  0x7F, 0x9F, 0xE7, 0xF9, 0xFE, 0x7F, 0x9F, 0xE7, 0xF9, 0xFE, 0x7F, 0x9F, 0xE7, 0xF9, 0xFE, 0x7F, 0x1F, 0xC3, 0xF0, 0xFC, 0x3F, 0x0F, 0x83, 0xE0,
  0x78, 0x1E, 0x07, 0x81, 0xC0, 0x70, 0x0C, 0x00, 0x00, 0x00, 0x00, 0x00, 0x00, 0x03, 0xF1, 0xFE, 0xFF, 0xFF, 0xFF, 0xFF, 0xFF, 0xFF, 0xFF, 0xF7,
  0xF8, 0xFC, 0xFC, 0x1F, 0xFF, 0x07, 0xFF, 0xC1, 0xFF, 0xF0, 0x7F, 0xFC, 0x1F, 0xFF, 0x07, 0xFF, 0xC1, 0xFF, 0xF0, 0x7F, 0xFC, 0x1F, 0xFF, 0x07,
  0xFF, 0xC1, 0xFF, 0xF0, 0x7F, 0xFC, 0x1F, 0xFF, 0x07, 0xFF, 0xC1, 0xFF, 0xF0, 0x7F, 0xFC, 0x1F, 0xC0, 0x00, 0x1F, 0x83, 0xE0, 0x00, 0x1F, 0x87,
  0xE0, 0x00, 0x1F, 0x07, 0xE0, 0x00, 0x3F, 0x07, 0xE0, 0x00, 0x3F, 0x07, 0xE0, 0x00, 0x3F, 0x07, 0xE0, 0x00, 0x3F, 0x07, 0xC0, 0x00, 0x3E, 0x0F,
  0xC0, 0x00, 0x7E, 0x0F, 0xC0, 0x00, 0x7E, 0x0F, 0xC0, 0x00, 0x7E, 0x0F, 0xC0, 0x3F, 0xFE, 0x0F, 0xFF, 0x3F, 0xFE, 0x1F, 0xFF, 0x3F, 0xFC, 0x1F,
  0xFF, 0x3F, 0xFC, 0x1F, 0xFF, 0x3F, 0xFC, 0x1F, 0xFF, 0x3F, 0xFC, 0x1F, 0xFF, 0x00, 0xFC, 0x1F, 0x00, 0x00, 0xFC, 0x3F, 0x00, 0x00, 0xF8, 0x3F,
  0x00, 0x01, 0xF8, 0x3F, 0x00, 0x01, 0xF8, 0x3F, 0x00, 0xFF, 0xF8, 0x3F, 0xFC, 0xFF, 0xF8, 0x3F, 0xFC, 0xFF, 0xF0, 0x7F, 0xFC, 0xFF, 0xF0, 0x7F,
  0xFC, 0xFF, 0xF0, 0x7F, 0xFC, 0xFF, 0xF0, 0x7F, 0xFC, 0x03, 0xF0, 0x7C, 0x00, 0x03, 0xF0, 0xFC, 0x00, 0x03, 0xE0, 0xFC, 0x00, 0x07, 0xE0, 0xFC,
  0x00, 0x07, 0xE0, 0xFC, 0x00, 0x07, 0xE0, 0xFC, 0x00, 0x07, 0xE0, 0xF8, 0x00, 0x07, 0xE1, 0xF8, 0x00, 0x07, 0xC1, 0xF8, 0x00, 0x0F, 0xC1, 0xF8,
  0x00, 0x0F, 0xC1, 0xF8, 0x00, 0x00, 0x07, 0xC0, 0x00, 0x00, 0x1F, 0x00, 0x00, 0x00, 0x7C, 0x00, 0x00, 0x01, 0xF0, 0x00, 0x00, 0x07, 0xC0, 0x00,
  0x00, 0x1F, 0x00, 0x00, 0x03, 0xFF, 0x80, 0x00, 0x7F, 0xFF, 0xC0, 0x03, 0xFF, 0xFF, 0x80, 0x3F, 0xFF, 0xFF, 0x80, 0xFF, 0xFF, 0xFF, 0x07, 0xFF,
  0xFF, 0xFC, 0x3F, 0xE7, 0xDF, 0xF0, 0xFF, 0x1F, 0x1F, 0x83, 0xF8, 0x7C, 0x1C, 0x1F, 0xC1, 0xF0, 0x20, 0x7F, 0x07, 0xC0, 0x01, 0xFC, 0x1F, 0x00,
  0x07, 0xF0, 0x7C, 0x00, 0x1F, 0xE1, 0xF0, 0x00, 0x3F, 0x87, 0xC0, 0x00, 0xFF, 0x9F, 0x00, 0x03, 0xFF, 0xFC, 0x00, 0x07, 0xFF, 0xF8, 0x00, 0x0F,
  0xFF, 0xFE, 0x00, 0x1F, 0xFF, 0xFE, 0x00, 0x3F, 0xFF, 0xFC, 0x00, 0x3F, 0xFF, 0xF8, 0x00, 0x1F, 0xFF, 0xF0, 0x00, 0x1F, 0xFF, 0xC0, 0x00, 0x7C,
  0xFF, 0x80, 0x01, 0xF1, 0xFE, 0x00, 0x07, 0xC3, 0xF8, 0x00, 0x1F, 0x07, 0xE0, 0x00, 0x7C, 0x1F, 0xC0, 0x01, 0xF0, 0x7E, 0x00, 0x07, 0xC1, 0xF8,
  0x70, 0x1F, 0x0F, 0xE3, 0xE0, 0x7C, 0x3F, 0x9F, 0xC1, 0xF1, 0xFE, 0xFF, 0xE7, 0xDF, 0xF1, 0xFF, 0xFF, 0xFF, 0x83, 0xFF, 0xFF, 0xFE, 0x07, 0xFF,
  0xFF, 0xF0, 0x0F, 0xFF, 0xFF, 0x00, 0x0F, 0xFF, 0xF8, 0x00, 0x07, 0xFE, 0x00, 0x00, 0x01, 0xF0, 0x00, 0x00, 0x07, 0xC0, 0x00, 0x00, 0x1F, 0x00,
  0x00, 0x00, 0x7C, 0x00, 0x00, 0x01, 0xF0, 0x00, 0x00, 0x07, 0xC0, 0x00, 0x07, 0xE0, 0x00, 0x00, 0x1F, 0xF8, 0x00, 0x3F, 0x3F, 0xFC, 0x00, 0x3E,
  0x7F, 0xFE, 0x00, 0x7E, 0x7E, 0x3F, 0x00, 0x7C, 0xFC, 0x1F, 0x00, 0xFC, 0xF8, 0x1F, 0x00, 0xF8, 0xF8, 0x0F, 0x81, 0xF8, 0xF8, 0x0F, 0x81, 0xF0,
  0xF8, 0x0F, 0x83, 0xF0, 0xF8, 0x0F, 0x83, 0xE0, 0xF8, 0x0F, 0x87, 0xE0, 0xF8, 0x0F, 0x87, 0xC0, 0xF8, 0x0F, 0x8F, 0xC0, 0xF8, 0x1F, 0x0F, 0x80,
  0xFC, 0x1F, 0x1F, 0x80, 0x7E, 0x3F, 0x1F, 0x00, 0x7F, 0xFE, 0x3F, 0x00, 0x3F, 0xFC, 0x00, 0x00, 0x1F, 0xF8, 0x00, 0x00, 0x07, 0xE0, 0x0F, 0xC0,
  0x00, 0x00, 0x3F, 0xF0, 0x00, 0x00, 0x7F, 0xF8, 0x00, 0xF8, 0xFF, 0xFC, 0x01, 0xF8, 0xFC, 0x7E, 0x01, 0xF1, 0xF8, 0x3E, 0x03, 0xF1, 0xF0, 0x3E,
  0x03, 0xE1, 0xF0, 0x1F, 0x07, 0xE1, 0xF0, 0x1F, 0x07, 0xC1, 0xF0, 0x1F, 0x0F, 0xC1, 0xF0, 0x1F, 0x0F, 0x81, 0xF0, 0x1F, 0x1F, 0x81, 0xF0, 0x1F,
  0x1F, 0x01, 0xF0, 0x1F, 0x3F, 0x01, 0xF0, 0x3E, 0x3E, 0x01, 0xF8, 0x3E, 0x7E, 0x00, 0xFC, 0x7E, 0x7C, 0x00, 0xFF, 0xFC, 0xFC, 0x00, 0x7F, 0xF8,
  0xF8, 0x00, 0x3F, 0xF0, 0x00, 0x00, 0x0F, 0xC0, 0x00, 0x3F, 0x80, 0x00, 0x00, 0xFF, 0xE0, 0x00, 0x01, 0xFF, 0xF8, 0x00, 0x03, 0xFF, 0xFC, 0x00,
  0x07, 0xFF, 0xFE, 0x00, 0x0F, 0xFF, 0xFE, 0x00, 0x0F, 0xF0, 0xFF, 0x00, 0x1F, 0xC0, 0x7E, 0x00, 0x1F, 0xC0, 0x3C, 0x00, 0x1F, 0xC0, 0x10, 0x00,
  0x1F, 0xC0, 0x00, 0x00, 0x1F, 0xC0, 0x00, 0x00, 0x0F, 0xC0, 0x00, 0x00, 0x0F, 0xE0, 0x00, 0x00, 0x0F, 0xE0, 0x00, 0x00, 0x07, 0xF0, 0x00, 0x00,
  0x07, 0xF8, 0x00, 0x00, 0x03, 0xFC, 0x03, 0xFE, 0x01, 0xFC, 0x03, 0xFE, 0x07, 0xFE, 0x03, 0xFE, 0x0F, 0xFF, 0x03, 0xFE, 0x1F, 0xFF, 0x83, 0xFE,
  0x3F, 0xFF, 0xC3, 0xFE, 0x3F, 0xBF, 0xC3, 0xE0, 0x7F, 0x1F, 0xE7, 0xE0, 0x7E, 0x0F, 0xF7, 0xE0, 0xFE, 0x07, 0xF7, 0xC0, 0xFE, 0x03, 0xFF, 0xC0,
  0xFE, 0x03, 0xFF, 0xC0, 0xFE, 0x01, 0xFF, 0xC0, 0xFE, 0x00, 0xFF, 0x80, 0xFE, 0x00, 0x7F, 0x80, 0xFE, 0x00, 0x7F, 0xC0, 0x7F, 0x00, 0x7F, 0xE0,
  0x7F, 0xC1, 0xFF, 0xE0, 0x7F, 0xFF, 0xEF, 0xF0, 0x3F, 0xFF, 0xE7, 0xF8, 0x1F, 0xFF, 0xC3, 0xFC, 0x0F, 0xFF, 0x81, 0xFE, 0x07, 0xFF, 0x00, 0xFF,
  0x01, 0xFC, 0x00, 0x00, 0xFF, 0xFF, 0xFF, 0xFF, 0xFF, 0xFF, 0xFF, 0xFF, 0xFF, 0xFF, 0xFF, 0xFF, 0xFC, 0x00, 0x1F, 0xC0, 0x0F, 0xE0, 0x07, 0xF0,
  0x03, 0xF8, 0x01, 0xFC, 0x00, 0x7E, 0x00, 0x3F, 0x00, 0x1F, 0xC0, 0x07, 0xE0, 0x03, 0xF0, 0x00, 0xFC, 0x00, 0x7E, 0x00, 0x1F, 0x80, 0x0F, 0xC0,
  0x03, 0xF0, 0x00, 0xFC, 0x00, 0x7E, 0x00, 0x1F, 0x80, 0x07, 0xE0, 0x01, 0xF8, 0x00, 0x7E, 0x00, 0x3F, 0x00, 0x0F, 0xC0, 0x03, 0xF0, 0x00, 0xFC,
  0x00, 0x3F, 0x00, 0x0F, 0xC0, 0x03, 0xF0, 0x00, 0xFC, 0x00, 0x3F, 0x00, 0x07, 0xE0, 0x01, 0xF8, 0x00, 0x7E, 0x00, 0x1F, 0x80, 0x07, 0xE0, 0x00,
  0xFC, 0x00, 0x3F, 0x00, 0x0F, 0xC0, 0x01, 0xF8, 0x00, 0x7E, 0x00, 0x0F, 0xC0, 0x03, 0xF0, 0x00, 0x7E, 0x00, 0x1F, 0xC0, 0x03, 0xF0, 0x00, 0x7E,
  0x00, 0x1F, 0xC0, 0x03, 0xF8, 0x00, 0x7F, 0x00, 0x0F, 0xE0, 0x01, 0xFC, 0xFE, 0x00, 0x1F, 0xC0, 0x01, 0xF8, 0x00, 0x3F, 0x00, 0x07, 0xE0, 0x01,
  0xFC, 0x00, 0x3F, 0x80, 0x07, 0xE0, 0x00, 0xFC, 0x00, 0x3F, 0x00, 0x07, 0xE0, 0x01, 0xF8, 0x00, 0x3F, 0x00, 0x0F, 0xC0, 0x01, 0xF8, 0x00, 0x7E,
  0x00, 0x1F, 0x80, 0x03, 0xE0, 0x00, 0xFC, 0x00, 0x3F, 0x00, 0x0F, 0xC0, 0x03, 0xF0, 0x00, 0xFC, 0x00, 0x3F, 0x00, 0x0F, 0xC0, 0x03, 0xF0, 0x00,
  0xFC, 0x00, 0x3F, 0x00, 0x0F, 0xC0, 0x03, 0xF0, 0x00, 0xFC, 0x00, 0x3F, 0x00, 0x0F, 0xC0, 0x03, 0xE0, 0x01, 0xF8, 0x00, 0x7E, 0x00, 0x1F, 0x80,
  0x0F, 0xC0, 0x03, 0xF0, 0x01, 0xF8, 0x00, 0x7E, 0x00, 0x3F, 0x00, 0x0F, 0xC0, 0x07, 0xE0, 0x03, 0xF8, 0x01, 0xFC, 0x00, 0x7E, 0x00, 0x3F, 0x00,
  0x1F, 0x80, 0x1F, 0xC0, 0x0F, 0xE0, 0x00, 0x00, 0x0F, 0xC0, 0x00, 0x00, 0x3F, 0x00, 0x00, 0x00, 0xFC, 0x00, 0x00, 0x03, 0xF0, 0x00, 0x00, 0x0F,
  0xC0, 0x00, 0x00, 0x3F, 0x00, 0x00, 0x00, 0xFC, 0x00, 0x08, 0x03, 0xF0, 0x04, 0x7C, 0x0F, 0xC0, 0xF1, 0xFE, 0x3F, 0x1F, 0xE7, 0xFF, 0xFF, 0xFF,
  0xBF, 0xFF, 0xFF, 0xFE, 0xFF, 0xFF, 0xFF, 0xFC, 0xFF, 0xFF, 0xFF, 0x80, 0x7F, 0xFF, 0xF0, 0x00, 0x3F, 0xFF, 0x00, 0x00, 0x3F, 0xF0, 0x00, 0x01,
  0xFF, 0xE0, 0x00, 0x0F, 0xFF, 0x80, 0x00, 0x7F, 0xFF, 0x00, 0x01, 0xFD, 0xFE, 0x00, 0x0F, 0xE3, 0xFC, 0x00, 0x7F, 0x87, 0xF0, 0x03, 0xFC, 0x0F,
  0xE0, 0x0F, 0xE0, 0x3F, 0xC0, 0x3F, 0x00, 0x7E, 0x00, 0x3C, 0x00, 0xF0, 0x00, 0x60, 0x01, 0x00, 0x00, 0x1F, 0x80, 0x00, 0x03, 0xF0, 0x00, 0x00,
  0x7E, 0x00, 0x00, 0x0F, 0xC0, 0x00, 0x01, 0xF8, 0x00, 0x00, 0x3F, 0x00, 0x00, 0x07, 0xE0, 0x00, 0x00, 0xFC, 0x00, 0x00, 0x1F, 0x80, 0x00, 0x03,
  0xF0, 0x00, 0x00, 0x7E, 0x00, 0x7F, 0xFF, 0xFF, 0xFF, 0xFF, 0xFF, 0xFF, 0xFF, 0xFF, 0xFF, 0xFF, 0xFF, 0xFF, 0xFF, 0xFF, 0xFF, 0xFF, 0xFF, 0xFF,
  0xFF, 0xE0, 0x03, 0xF0, 0x00, 0x00, 0x7E, 0x00, 0x00, 0x0F, 0xC0, 0x00, 0x01, 0xF8, 0x00, 0x00, 0x3F, 0x00, 0x00, 0x07, 0xE0, 0x00, 0x00, 0xFC,
  0x00, 0x00, 0x1F, 0x80, 0x00, 0x03, 0xF0, 0x00, 0x00, 0x7E, 0x00, 0x00, 0x0F, 0xC0, 0x00, 0x1F, 0xF8, 0xFF, 0x87, 0xFC, 0x3F, 0xC3, 0xFE, 0x1F,
  0xE0, 0xFF, 0x07, 0xF8, 0x3F, 0x83, 0xFC, 0x1F, 0xC0, 0xFE, 0x07, 0xE0, 0x3F, 0x01, 0xF8, 0x1F, 0x80, 0xFC, 0x00, 0xFF, 0xFF, 0xFF, 0xFF, 0xFF,
  0xFF, 0xFF, 0xFF, 0xFF, 0xFF, 0xFF, 0xFF, 0xFC, 0x1F, 0x8F, 0xF9, 0xFF, 0xFF, 0xFF, 0xFF, 0xFF, 0xFF, 0xFB, 0xFF, 0x7F, 0xC3, 0xF0, 0x00, 0x00,
  0x3F, 0x00, 0x00, 0x7F, 0x00, 0x00, 0x7E, 0x00, 0x00, 0x7E, 0x00, 0x00, 0xFE, 0x00, 0x00, 0xFC, 0x00, 0x01, 0xFC, 0x00, 0x01, 0xFC, 0x00, 0x01,
  0xF8, 0x00, 0x03, 0xF8, 0x00, 0x03, 0xF0, 0x00, 0x03, 0xF0, 0x00, 0x07, 0xF0, 0x00, 0x07, 0xE0, 0x00, 0x07, 0xE0, 0x00, 0x0F, 0xE0, 0x00, 0x0F,
  0xC0, 0x00, 0x1F, 0xC0, 0x00, 0x1F, 0xC0, 0x00, 0x1F, 0x80, 0x00, 0x3F, 0x80, 0x00, 0x3F, 0x00, 0x00, 0x3F, 0x00, 0x00, 0x7F, 0x00, 0x00, 0x7E,
  0x00, 0x00, 0x7E, 0x00, 0x00, 0xFE, 0x00, 0x00, 0xFC, 0x00, 0x01, 0xFC, 0x00, 0x01, 0xFC, 0x00, 0x01, 0xF8, 0x00, 0x03, 0xF8, 0x00, 0x03, 0xF0,
  0x00, 0x03, 0xF0, 0x00, 0x07, 0xF0, 0x00, 0x07, 0xE0, 0x00, 0x07, 0xE0, 0x00, 0x0F, 0xE0, 0x00, 0x0F, 0xC0, 0x00, 0x0F, 0xC0, 0x00, 0x1F, 0xC0,
  0x00, 0x1F, 0x80, 0x00, 0x3F, 0x80, 0x00, 0x3F, 0x80, 0x00, 0x3F, 0x00, 0x00, 0x7F, 0x00, 0x00, 0x7E, 0x00, 0x00, 0x7E, 0x00, 0x00, 0xFE, 0x00,
  0x00, 0xFC, 0x00, 0x00, 0xFC, 0x00, 0x00, 0x00, 0x1F, 0xE0, 0x00, 0x03, 0xFF, 0xF0, 0x00, 0x3F, 0xFF, 0xE0, 0x01, 0xFF, 0xFF, 0xC0, 0x0F, 0xFF,
  0xFF, 0x80, 0x3F, 0xFF, 0xFF, 0x01, 0xFF, 0x03, 0xFE, 0x0F, 0xF0, 0x07, 0xF8, 0x3F, 0x80, 0x0F, 0xF0, 0xFE, 0x00, 0x1F, 0xC7, 0xF0, 0x00, 0x7F,
  0x1F, 0xC0, 0x01, 0xFE, 0x7F, 0x00, 0x03, 0xF9, 0xFC, 0x00, 0x0F, 0xEF, 0xF0, 0x00, 0x3F, 0xBF, 0xC0, 0x00, 0xFE, 0xFE, 0x00, 0x03, 0xFB, 0xF8,
  0x1E, 0x0F, 0xEF, 0xE0, 0xFC, 0x3F, 0xFF, 0x87, 0xF0, 0xFF, 0xFE, 0x1F, 0xC3, 0xFF, 0xF8, 0x7F, 0x0F, 0xFF, 0xE0, 0xFC, 0x3F, 0xFF, 0x81, 0xE0,
  0xFE, 0xFE, 0x00, 0x03, 0xFB, 0xFC, 0x00, 0x0F, 0xEF, 0xF0, 0x00, 0x3F, 0x9F, 0xC0, 0x00, 0xFE, 0x7F, 0x00, 0x03, 0xF9, 0xFC, 0x00, 0x1F, 0xE7,
  0xF0, 0x00, 0x7F, 0x0F, 0xE0, 0x01, 0xFC, 0x3F, 0x80, 0x0F, 0xF0, 0xFF, 0x00, 0x7F, 0x81, 0xFF, 0x03, 0xFE, 0x03, 0xFF, 0xFF, 0xF0, 0x0F, 0xFF,
  0xFF, 0x80, 0x1F, 0xFF, 0xFC, 0x00, 0x3F, 0xFF, 0xE0, 0x00, 0x3F, 0xFF, 0x00, 0x00, 0x1F, 0xE0, 0x00, 0x00, 0x7F, 0xF8, 0x00, 0x01, 0xFF, 0xE0,
  0x00, 0x0F, 0xFF, 0x80, 0x00, 0x7F, 0xFE, 0x00, 0x03, 0xFF, 0xF8, 0x00, 0x1F, 0xFF, 0xE0, 0x00, 0xFF, 0xBF, 0x80, 0x03, 0xFC, 0xFE, 0x00, 0x1F,
  0xE3, 0xF8, 0x00, 0xFF, 0x0F, 0xE0, 0x07, 0xF8, 0x3F, 0x80, 0x3F, 0xC0, 0xFE, 0x00, 0x7F, 0x03, 0xF8, 0x00, 0x78, 0x0F, 0xE0, 0x00, 0xC0, 0x3F,
  0x80, 0x00, 0x00, 0xFE, 0x00, 0x00, 0x03, 0xF8, 0x00, 0x00, 0x0F, 0xE0, 0x00, 0x00, 0x3F, 0x80, 0x00, 0x00, 0xFE, 0x00, 0x00, 0x03, 0xF8, 0x00,
  0x00, 0x0F, 0xE0, 0x00, 0x00, 0x3F, 0x80, 0x00, 0x00, 0xFE, 0x00, 0x00, 0x03, 0xF8, 0x00, 0x00, 0x0F, 0xE0, 0x00, 0x00, 0x3F, 0x80, 0x00, 0x00,
  0xFE, 0x00, 0x00, 0x03, 0xF8, 0x00, 0x00, 0x0F, 0xE0, 0x00, 0x00, 0x3F, 0x80, 0x00, 0x00, 0xFE, 0x00, 0x00, 0x03, 0xF8, 0x00, 0x7F, 0xFF, 0xFF,
  0xF1, 0xFF, 0xFF, 0xFF, 0xC7, 0xFF, 0xFF, 0xFF, 0x1F, 0xFF, 0xFF, 0xFC, 0x7F, 0xFF, 0xFF, 0xF1, 0xFF, 0xFF, 0xFF, 0xC0, 0x00, 0x7F, 0xC0, 0x00,
  0x3F, 0xFF, 0x80, 0x07, 0xFF, 0xFC, 0x01, 0xFF, 0xFF, 0xE0, 0x3F, 0xFF, 0xFF, 0x03, 0xFF, 0xFF, 0xF8, 0x7F, 0xC0, 0xFF, 0xCF, 0xF8, 0x07, 0xFC,
  0xFF, 0x00, 0x3F, 0xCF, 0xE0, 0x01, 0xFE, 0x3E, 0x00, 0x1F, 0xE0, 0x40, 0x01, 0xFE, 0x00, 0x00, 0x1F, 0xE0, 0x00, 0x01, 0xFE, 0x00, 0x00, 0x1F,
  0xC0, 0x00, 0x03, 0xFC, 0x00, 0x00, 0x3F, 0xC0, 0x00, 0x07, 0xF8, 0x00, 0x00, 0x7F, 0x80, 0x00, 0x0F, 0xF0, 0x00, 0x01, 0xFE, 0x00, 0x00, 0x3F,
  0xE0, 0x00, 0x07, 0xFC, 0x00, 0x00, 0xFF, 0x80, 0x00, 0x3F, 0xE0, 0x00, 0x07, 0xFC, 0x00, 0x00, 0xFF, 0x80, 0x00, 0x1F, 0xF0, 0x00, 0x03, 0xFE,
  0x00, 0x00, 0x7F, 0xC0, 0x00, 0x1F, 0xF0, 0x00, 0x03, 0xFE, 0x00, 0x00, 0x7F, 0xC0, 0x00, 0x0F, 0xF8, 0x00, 0x00, 0xFF, 0xFF, 0xFF, 0xFF, 0xFF,
  0xFF, 0xFF, 0xFF, 0xFF, 0xFF, 0xFF, 0xFF, 0xFF, 0xFF, 0xFF, 0xFF, 0xFF, 0xFF, 0xFF, 0xFF, 0xFF, 0x00, 0x3F, 0xE0, 0x00, 0x1F, 0xFF, 0xC0, 0x07,
  0xFF, 0xFF, 0x00, 0xFF, 0xFF, 0xF8, 0x1F, 0xFF, 0xFF, 0xC3, 0xFF, 0xFF, 0xFC, 0x7F, 0xE0, 0x7F, 0xE3, 0xF8, 0x03, 0xFE, 0x1F, 0x00, 0x1F, 0xF0,
  0x60, 0x00, 0xFF, 0x00, 0x00, 0x0F, 0xF0, 0x00, 0x00, 0xFF, 0x00, 0x00, 0x0F, 0xF0, 0x00, 0x00, 0xFE, 0x00, 0x00, 0x1F, 0xE0, 0x00, 0x03, 0xFC,
  0x00, 0x00, 0x7F, 0xC0, 0x07, 0xFF, 0xF0, 0x00, 0x7F, 0xFE, 0x00, 0x07, 0xFF, 0x80, 0x00, 0x7F, 0xFC, 0x00, 0x07, 0xFF, 0xF0, 0x00, 0x7F, 0xFF,
  0xC0, 0x00, 0x07, 0xFC, 0x00, 0x00, 0x1F, 0xE0, 0x00, 0x00, 0xFF, 0x00, 0x00, 0x0F, 0xF0, 0x00, 0x00, 0x7F, 0x00, 0x00, 0x07, 0xF0, 0x00, 0x00,
  0x7F, 0x0C, 0x00, 0x07, 0xF1, 0xE0, 0x00, 0xFF, 0x7E, 0x00, 0x0F, 0xFF, 0xF8, 0x01, 0xFF, 0xFF, 0xC0, 0x7F, 0xE7, 0xFF, 0xFF, 0xFE, 0x3F, 0xFF,
  0xFF, 0xC1, 0xFF, 0xFF, 0xF8, 0x0F, 0xFF, 0xFE, 0x00, 0x3F, 0xFF, 0xC0, 0x00, 0x7F, 0xC0, 0x00, 0x00, 0x01, 0xFF, 0x80, 0x00, 0x07, 0xFE, 0x00,
  0x00, 0x3F, 0xF8, 0x00, 0x01, 0xFF, 0xE0, 0x00, 0x07, 0xFF, 0x80, 0x00, 0x3F, 0xFE, 0x00, 0x01, 0xFF, 0xF8, 0x00, 0x07, 0xEF, 0xE0, 0x00, 0x3F,
  0x3F, 0x80, 0x01, 0xFC, 0xFE, 0x00, 0x07, 0xE3, 0xF8, 0x00, 0x3F, 0x0F, 0xE0, 0x01, 0xFC, 0x3F, 0x80, 0x07, 0xE0, 0xFE, 0x00, 0x3F, 0x03, 0xF8,
  0x00, 0xFC, 0x0F, 0xE0, 0x07, 0xE0, 0x3F, 0x80, 0x3F, 0x00, 0xFE, 0x00, 0xFC, 0x03, 0xF8, 0x07, 0xE0, 0x0F, 0xE0, 0x3F, 0x00, 0x3F, 0x80, 0xFC,
  0x00, 0xFE, 0x07, 0xE0, 0x03, 0xF8, 0x3F, 0x80, 0x0F, 0xE0, 0xFC, 0x00, 0x3F, 0x83, 0xFF, 0xFF, 0xFF, 0xFF, 0xFF, 0xFF, 0xFF, 0xFF, 0xFF, 0xFF,
  0xFF, 0xFF, 0xFF, 0xFF, 0xFF, 0xFF, 0xFF, 0xFF, 0xFF, 0xFF, 0xFF, 0xFF, 0xC0, 0x00, 0x0F, 0xE0, 0x00, 0x00, 0x3F, 0x80, 0x00, 0x00, 0xFE, 0x00,
  0x00, 0x03, 0xF8, 0x00, 0x00, 0x0F, 0xE0, 0x00, 0x00, 0x3F, 0x80, 0x00, 0x00, 0xFE, 0x00, 0x00, 0x03, 0xF8, 0x00, 0x1F, 0xFF, 0xFF, 0xC1, 0xFF,
  0xFF, 0xFC, 0x3F, 0xFF, 0xFF, 0xC3, 0xFF, 0xFF, 0xFC, 0x3F, 0xFF, 0xFF, 0xC3, 0xFF, 0xFF, 0xFC, 0x3F, 0x00, 0x00, 0x03, 0xF0, 0x00, 0x00, 0x3F,
  0x00, 0x00, 0x03, 0xF0, 0x00, 0x00, 0x3F, 0x00, 0x00, 0x03, 0xF0, 0x00, 0x00, 0x3F, 0x00, 0x00, 0x03, 0xF0, 0x00, 0x00, 0x3E, 0x07, 0xF0, 0x03,
  0xE1, 0xFF, 0xC0, 0x3E, 0x3F, 0xFF, 0x03, 0xE7, 0xFF, 0xF8, 0x7E, 0xFF, 0xFF, 0xC7, 0xFF, 0xFF, 0xFC, 0x7F, 0xE0, 0x7F, 0xE7, 0xF8, 0x03, 0xFE,
  0x0F, 0x00, 0x1F, 0xF0, 0x00, 0x00, 0xFF, 0x00, 0x00, 0x0F, 0xF0, 0x00, 0x00, 0xFF, 0x00, 0x00, 0x0F, 0xF0, 0x00, 0x00, 0xFF, 0x00, 0x00, 0x0F,
  0xF0, 0xC0, 0x00, 0xFF, 0x1E, 0x00, 0x0F, 0xF3, 0xE0, 0x01, 0xFE, 0xFF, 0x80, 0x3F, 0xEF, 0xFE, 0x07, 0xFC, 0x7F, 0xFF, 0xFF, 0xC3, 0xFF, 0xFF,
  0xF8, 0x1F, 0xFF, 0xFF, 0x00, 0xFF, 0xFF, 0xE0, 0x03, 0xFF, 0xF8, 0x00, 0x07, 0xFC, 0x00, 0x00, 0x07, 0xFE, 0x00, 0x00, 0xFF, 0xC0, 0x00, 0x1F,
  0xF0, 0x00, 0x07, 0xFE, 0x00, 0x00, 0xFF, 0xC0, 0x00, 0x1F, 0xF8, 0x00, 0x01, 0xFE, 0x00, 0x00, 0x3F, 0xC0, 0x00, 0x07, 0xF8, 0x00, 0x00, 0xFF,
  0x80, 0x00, 0x0F, 0xF0, 0x00, 0x01, 0xFE, 0x00, 0x00, 0x1F, 0xC0, 0x00, 0x03, 0xFC, 0x00, 0x00, 0x3F, 0x87, 0xF0, 0x07, 0xF9, 0xFF, 0xE0, 0x7F,
  0x3F, 0xFF, 0x07, 0xF7, 0xFF, 0xF8, 0xFF, 0x7F, 0xFF, 0xCF, 0xEF, 0xFF, 0xFE, 0xFF, 0xE0, 0x7F, 0xEF, 0xF8, 0x01, 0xFE, 0xFF, 0x00, 0x0F, 0xFF,
  0xF0, 0x00, 0xFF, 0xFE, 0x00, 0x0F, 0xFF, 0xE0, 0x00, 0x7F, 0xFE, 0x00, 0x07, 0xFF, 0xE0, 0x00, 0x7F, 0xFE, 0x00, 0x07, 0xFF, 0xE0, 0x00, 0xFF,
  0xFF, 0x00, 0x0F, 0xF7, 0xF0, 0x00, 0xFE, 0x7F, 0x80, 0x1F, 0xE3, 0xFE, 0x07, 0xFC, 0x3F, 0xFF, 0xFF, 0xC1, 0xFF, 0xFF, 0xF8, 0x0F, 0xFF, 0xFF,
  0x00, 0x7F, 0xFF, 0xE0, 0x01, 0xFF, 0xF8, 0x00, 0x03, 0xFC, 0x00, 0xFF, 0xFF, 0xFF, 0xFF, 0xFF, 0xFF, 0xFF, 0xFF, 0xFF, 0xFF, 0xFF, 0xFF, 0xFF,
  0xFF, 0xFF, 0xFF, 0xFF, 0xFF, 0xFF, 0xFF, 0xFF, 0xFC, 0x00, 0x0F, 0xEF, 0xC0, 0x00, 0xFE, 0xFC, 0x00, 0x1F, 0xEF, 0xC0, 0x01, 0xFC, 0xFC, 0x00,
  0x3F, 0xCF, 0xC0, 0x03, 0xF8, 0xFC, 0x00, 0x3F, 0x80, 0x00, 0x07, 0xF8, 0x00, 0x00, 0x7F, 0x00, 0x00, 0x0F, 0xF0, 0x00, 0x00, 0xFE, 0x00, 0x00,
  0x1F, 0xE0, 0x00, 0x01, 0xFE, 0x00, 0x00, 0x1F, 0xC0, 0x00, 0x03, 0xFC, 0x00, 0x00, 0x3F, 0x80, 0x00, 0x07, 0xF8, 0x00, 0x00, 0x7F, 0x00, 0x00,
  0x0F, 0xF0, 0x00, 0x00, 0xFF, 0x00, 0x00, 0x0F, 0xE0, 0x00, 0x01, 0xFE, 0x00, 0x00, 0x1F, 0xC0, 0x00, 0x03, 0xFC, 0x00, 0x00, 0x3F, 0xC0, 0x00,
  0x03, 0xF8, 0x00, 0x00, 0x7F, 0x80, 0x00, 0x07, 0xF0, 0x00, 0x00, 0xFF, 0x00, 0x00, 0x0F, 0xF0, 0x00, 0x01, 0xFE, 0x00, 0x00, 0x1F, 0xE0, 0x00,
  0x01, 0xFC, 0x00, 0x00, 0x00, 0x3F, 0xE0, 0x00, 0x0F, 0xFF, 0xE0, 0x00, 0xFF, 0xFF, 0xC0, 0x1F, 0xFF, 0xFF, 0x01, 0xFF, 0xFF, 0xFC, 0x0F, 0xFF,
  0xFF, 0xF0, 0xFF, 0xC0, 0xFF, 0x87, 0xF8, 0x01, 0xFE, 0x3F, 0x80, 0x0F, 0xF1, 0xFC, 0x00, 0x3F, 0x8F, 0xE0, 0x01, 0xFC, 0x7E, 0x00, 0x0F, 0xE3,
  0xF8, 0x00, 0x7F, 0x1F, 0xC0, 0x03, 0xF8, 0xFE, 0x00, 0x3F, 0x83, 0xF8, 0x01, 0xFC, 0x0F, 0xF0, 0x3F, 0xC0, 0x3F, 0xFF, 0xFC, 0x00, 0xFF, 0xFF,
  0x80, 0x01, 0xFF, 0xF8, 0x00, 0x1F, 0xFF, 0xE0, 0x03, 0xFF, 0xFF, 0xC0, 0x7F, 0xFF, 0xFF, 0x07, 0xFC, 0x07, 0xFC, 0x3F, 0xC0, 0x0F, 0xF3, 0xFC,
  0x00, 0x3F, 0x9F, 0xC0, 0x01, 0xFE, 0xFE, 0x00, 0x07, 0xFF, 0xF0, 0x00, 0x3F, 0xFF, 0x80, 0x01, 0xFF, 0xFC, 0x00, 0x0F, 0xEF, 0xE0, 0x00, 0xFF,
  0x7F, 0x80, 0x07, 0xFB, 0xFE, 0x00, 0x7F, 0x8F, 0xFC, 0x0F, 0xFC, 0x7F, 0xFF, 0xFF, 0xC1, 0xFF, 0xFF, 0xFE, 0x07, 0xFF, 0xFF, 0xE0, 0x1F, 0xFF,
  0xFC, 0x00, 0x3F, 0xFF, 0x80, 0x00, 0x3F, 0xE0, 0x00, 0x00, 0x1F, 0xE0, 0x00, 0x07, 0xFF, 0xC0, 0x00, 0xFF, 0xFF, 0x80, 0x0F, 0xFF, 0xFE, 0x00,
  0xFF, 0xFF, 0xF8, 0x0F, 0xFF, 0xFF, 0xE0, 0xFF, 0xC0, 0xFF, 0x87, 0xF8, 0x03, 0xFC, 0x7F, 0x80, 0x0F, 0xF3, 0xF8, 0x00, 0x3F, 0x9F, 0xC0, 0x01,
  0xFD, 0xFE, 0x00, 0x0F, 0xFF, 0xF0, 0x00, 0x7F, 0xFF, 0x80, 0x03, 0xFF, 0xFC, 0x00, 0x1F, 0xFF, 0xE0, 0x00, 0xFF, 0x7F, 0x00, 0x07, 0xFB, 0xFC,
  0x00, 0x7F, 0xDF, 0xF0, 0x07, 0xFE, 0x7F, 0xE0, 0x7F, 0xF3, 0xFF, 0xFF, 0xFF, 0x8F, 0xFF, 0xFB, 0xF8, 0x7F, 0xFF, 0x9F, 0xC0, 0xFF, 0xFD, 0xFE,
  0x03, 0xFF, 0x8F, 0xE0, 0x07, 0xF0, 0xFF, 0x00, 0x00, 0x07, 0xF0, 0x00, 0x00, 0x7F, 0x80, 0x00, 0x03, 0xF8, 0x00, 0x00, 0x3F, 0xC0, 0x00, 0x03,
  0xFC, 0x00, 0x00, 0x3F, 0xE0, 0x00, 0x03, 0xFE, 0x00, 0x00, 0x3F, 0xE0, 0x00, 0x03, 0xFE, 0x00, 0x00, 0x3F, 0xE0, 0x00, 0x03, 0xFE, 0x00, 0x00,
  0x7F, 0xE0, 0x00, 0x07, 0xFE, 0x00, 0x00, 0x7F, 0xC0, 0x00, 0x1F, 0x8F, 0xF9, 0xFF, 0xFF, 0xFF, 0xFF, 0xFF, 0xFF, 0xFB, 0xFF, 0x7F, 0xC3, 0xF0,
  0x00, 0x00, 0x00, 0x00, 0x00, 0x00, 0x00, 0x00, 0x00, 0x00, 0x00, 0x00, 0x00, 0x01, 0xF8, 0xFF, 0x9F, 0xFF, 0xFF, 0xFF, 0xFF, 0xFF, 0xFF, 0xBF,
  0xF7, 0xFC, 0x3F, 0x00, 0x0F, 0xC1, 0xFF, 0x0F, 0xFC, 0xFF, 0xE7, 0xFF, 0x3F, 0xF9, 0xFF, 0xC7, 0xFE, 0x3F, 0xE0, 0x7E, 0x00, 0x00, 0x00, 0x00,
  0x00, 0x00, 0x00, 0x00, 0x00, 0x00, 0x00, 0x00, 0x00, 0x00, 0x00, 0x00, 0x01, 0xFF, 0x8F, 0xF8, 0x7F, 0xC3, 0xFC, 0x3F, 0xE1, 0xFE, 0x0F, 0xF0,
  0x7F, 0x83, 0xF8, 0x3F, 0xC1, 0xFC, 0x0F, 0xE0, 0x7E, 0x03, 0xF0, 0x1F, 0x81, 0xF8, 0x0F, 0xC0, 0x00, 0x00, 0x00, 0x01, 0x00, 0x00, 0x07, 0x00,
  0x00, 0x1F, 0x00, 0x00, 0x7F, 0x00, 0x00, 0xFF, 0x00, 0x03, 0xFF, 0x00, 0x0F, 0xFF, 0x00, 0x3F, 0xFE, 0x00, 0xFF, 0xF8, 0x03, 0xFF, 0xE0, 0x07,
  0xFF, 0x80, 0x1F, 0xFE, 0x00, 0x7F, 0xF8, 0x00, 0xFF, 0xE0, 0x00, 0xFF, 0xC0, 0x00, 0xFF, 0x00, 0x00, 0xFC, 0x00, 0x00, 0xFF, 0x00, 0x00, 0xFF,
  0xC0, 0x00, 0xFF, 0xE0, 0x00, 0x7F, 0xF8, 0x00, 0x1F, 0xFE, 0x00, 0x07, 0xFF, 0x80, 0x03, 0xFF, 0xE0, 0x00, 0xFF, 0xF8, 0x00, 0x3F, 0xFE, 0x00,
  0x0F, 0xFF, 0x00, 0x03, 0xFF, 0x00, 0x00, 0xFF, 0x00, 0x00, 0x7F, 0x00, 0x00, 0x1F, 0x00, 0x00, 0x07, 0x00, 0x00, 0x01, 0xFF, 0xFF, 0xFF, 0xFF,
  0xFF, 0xFF, 0xFF, 0xFF, 0xFF, 0xFF, 0xFF, 0xFF, 0xFF, 0xFF, 0xFF, 0xFF, 0xFF, 0xFF, 0xFF, 0xFF, 0xC0, 0x00, 0x00, 0x00, 0x00, 0x00, 0x00, 0x00,
  0x00, 0x00, 0x00, 0x00, 0x00, 0x00, 0x00, 0x00, 0x00, 0x00, 0x00, 0x00, 0x0F, 0xFF, 0xFF, 0xFF, 0xFF, 0xFF, 0xFF, 0xFF, 0xFF, 0xFF, 0xFF, 0xFF,
  0xFF, 0xFF, 0xFF, 0xFF, 0xFF, 0xFF, 0xFF, 0xFF, 0xFC, 0x80, 0x00, 0x00, 0xE0, 0x00, 0x00, 0xF0, 0x00, 0x00, 0xFC, 0x00, 0x00, 0xFF, 0x00, 0x00,
  0xFF, 0xC0, 0x00, 0xFF, 0xF0, 0x00, 0x7F, 0xF8, 0x00, 0x1F, 0xFE, 0x00, 0x07, 0xFF, 0x80, 0x01, 0xFF, 0xE0, 0x00, 0xFF, 0xF8, 0x00, 0x3F, 0xFE,
  0x00, 0x0F, 0xFF, 0x00, 0x03, 0xFF, 0x00, 0x00, 0xFF, 0x00, 0x00, 0x7F, 0x00, 0x00, 0xFF, 0x00, 0x03, 0xFF, 0x00, 0x0F, 0xFF, 0x00, 0x3F, 0xFE,
  0x00, 0xFF, 0xF8, 0x01, 0xFF, 0xE0, 0x07, 0xFF, 0x80, 0x1F, 0xFE, 0x00, 0x7F, 0xF8, 0x00, 0xFF, 0xF0, 0x00, 0xFF, 0xC0, 0x00, 0xFF, 0x00, 0x00,
  0xFC, 0x00, 0x00, 0xF0, 0x00, 0x00, 0xE0, 0x00, 0x00, 0x80, 0x00, 0x00, 0x00, 0xFF, 0x00, 0x01, 0xFF, 0xF0, 0x03, 0xFF, 0xFE, 0x03, 0xFF, 0xFF,
  0x83, 0xFF, 0xFF, 0xE3, 0xFF, 0xFF, 0xF9, 0xFF, 0x07, 0xFD, 0xFE, 0x01, 0xFF, 0xFE, 0x00, 0x7F, 0xBE, 0x00, 0x3F, 0xC3, 0x00, 0x0F, 0xE0, 0x00,
  0x07, 0xF0, 0x00, 0x03, 0xF8, 0x00, 0x03, 0xFC, 0x00, 0x01, 0xFE, 0x00, 0x01, 0xFE, 0x00, 0x01, 0xFF, 0x00, 0x03, 0xFF, 0x00, 0x3F, 0xFF, 0x80,
  0x1F, 0xFF, 0x80, 0x0F, 0xFF, 0x00, 0x07, 0xFE, 0x00, 0x03, 0xF8, 0x00, 0x01, 0xFC, 0x00, 0x00, 0xFE, 0x00, 0x00, 0x7F, 0x00, 0x00, 0x3F, 0x80,
  0x00, 0x00, 0x00, 0x00, 0x00, 0x00, 0x00, 0x00, 0x00, 0x00, 0x00, 0x00, 0x00, 0x00, 0xFC, 0x00, 0x00, 0xFF, 0x00, 0x00, 0xFF, 0x80, 0x00, 0x7F,
  0xE0, 0x00, 0x3F, 0xF0, 0x00, 0x1F, 0xF8, 0x00, 0x0F, 0xFC, 0x00, 0x07, 0xFC, 0x00, 0x01, 0xFE, 0x00, 0x00, 0x7E, 0x00, 0x00, 0x00, 0x3F, 0xC0,
  0x00, 0x1F, 0xFF, 0x80, 0x03, 0xFF, 0xFC, 0x00, 0xFF, 0xFF, 0xF0, 0x0F, 0xFF, 0xFF, 0x81, 0xFE, 0x07, 0xF8, 0x3F, 0x80, 0x1F, 0xC3, 0xF0, 0x00,
  0xFC, 0x7E, 0x00, 0x07, 0xE7, 0xE0, 0x00, 0x3E, 0x7C, 0x00, 0x03, 0xE7, 0xC0, 0x3E, 0x3E, 0xFC, 0x0F, 0xF3, 0xEF, 0xC0, 0xFF, 0xBE, 0xF8, 0x1F,
  0xFF, 0xFF, 0x83, 0xF8, 0xFF, 0xF8, 0x3F, 0x07, 0xFF, 0x83, 0xE0, 0x3F, 0xF8, 0x3E, 0x03, 0xFF, 0x87, 0xE0, 0x3F, 0xF8, 0x7E, 0x03, 0xFF, 0x87,
  0xE0, 0x3F, 0xF8, 0x7E, 0x03, 0xFF, 0x87, 0xE0, 0x3F, 0xF8, 0x7E, 0x03, 0xFF, 0x87, 0xE0, 0x3F, 0xF8, 0x7E, 0x03, 0xFF, 0x83, 0xE0, 0x3F, 0xF8,
  0x3E, 0x03, 0xFF, 0x83, 0xF0, 0x3F, 0xF8, 0x3F, 0x07, 0xFF, 0xC1, 0xFD, 0xFF, 0xFC, 0x1F, 0xFB, 0xFF, 0xC0, 0xFF, 0xBF, 0x7C, 0x07, 0xF3, 0xF7,
  0xE0, 0x18, 0x00, 0x7E, 0x00, 0x00, 0x03, 0xF0, 0x00, 0x00, 0x3F, 0x80, 0x00, 0x01, 0xFC, 0x00, 0x00, 0x1F, 0xF0, 0x00, 0x00, 0xFF, 0xFF, 0xC0,
  0x07, 0xFF, 0xFC, 0x00, 0x3F, 0xFF, 0xC0, 0x00, 0xFF, 0xFC, 0x00, 0x01, 0xFF, 0xC0, 0x00, 0x1F, 0xF8, 0x00, 0x00, 0x3F, 0xF8, 0x00, 0x00, 0x3F,
  0xFC, 0x00, 0x00, 0x3F, 0xFC, 0x00, 0x00, 0x7F, 0xFC, 0x00, 0x00, 0x7F, 0xFC, 0x00, 0x00, 0x7F, 0xFE, 0x00, 0x00, 0x7E, 0xFE, 0x00, 0x00, 0xFE,
  0xFE, 0x00, 0x00, 0xFE, 0xFF, 0x00, 0x00, 0xFE, 0x7F, 0x00, 0x01, 0xFC, 0x7F, 0x00, 0x01, 0xFC, 0x7F, 0x00, 0x01, 0xFC, 0x3F, 0x80, 0x01, 0xF8,
  0x3F, 0x80, 0x03, 0xF8, 0x3F, 0x80, 0x03, 0xF8, 0x3F, 0xC0, 0x03, 0xF8, 0x1F, 0xC0, 0x07, 0xF0, 0x1F, 0xC0, 0x07, 0xF0, 0x1F, 0xC0, 0x07, 0xF0,
  0x1F, 0xE0, 0x07, 0xF0, 0x0F, 0xE0, 0x0F, 0xE0, 0x0F, 0xE0, 0x0F, 0xFF, 0xFF, 0xF0, 0x0F, 0xFF, 0xFF, 0xF0, 0x0F, 0xFF, 0xFF, 0xF0, 0x1F, 0xFF,
  0xFF, 0xF0, 0x1F, 0xFF, 0xFF, 0xF8, 0x1F, 0xFF, 0xFF, 0xF8, 0x3F, 0xC0, 0x03, 0xF8, 0x3F, 0x80, 0x03, 0xFC, 0x3F, 0x80, 0x03, 0xFC, 0x3F, 0x80,
  0x03, 0xFC, 0x7F, 0x80, 0x01, 0xFC, 0x7F, 0x00, 0x01, 0xFE, 0x7F, 0x00, 0x01, 0xFE, 0xFF, 0x00, 0x01, 0xFE, 0xFF, 0x00, 0x00, 0xFE, 0xFE, 0x00,
  0x00, 0xFF, 0xFF, 0xFF, 0xC0, 0x1F, 0xFF, 0xFF, 0x03, 0xFF, 0xFF, 0xF0, 0x7F, 0xFF, 0xFF, 0x0F, 0xFF, 0xFF, 0xF1, 0xFF, 0xFF, 0xFF, 0x3F, 0xC0,
  0x3F, 0xE7, 0xF8, 0x03, 0xFC, 0xFF, 0x00, 0x3F, 0x9F, 0xE0, 0x07, 0xFB, 0xFC, 0x00, 0xFF, 0x7F, 0x80, 0x1F, 0xEF, 0xF0, 0x03, 0xF9, 0xFE, 0x00,
  0x7F, 0x3F, 0xC0, 0x1F, 0xE7, 0xF8, 0x07, 0xF8, 0xFF, 0xFF, 0xFE, 0x1F, 0xFF, 0xFF, 0x03, 0xFF, 0xFF, 0xC0, 0x7F, 0xFF, 0xFE, 0x0F, 0xFF, 0xFF,
  0xF1, 0xFF, 0xFF, 0xFF, 0x3F, 0xC0, 0x1F, 0xF7, 0xF8, 0x01, 0xFE, 0xFF, 0x00, 0x1F, 0xDF, 0xE0, 0x03, 0xFF, 0xFC, 0x00, 0x7F, 0xFF, 0x80, 0x0F,
  0xFF, 0xF0, 0x01, 0xFF, 0xFE, 0x00, 0x3F, 0xFF, 0xC0, 0x07, 0xFF, 0xF8, 0x01, 0xFE, 0xFF, 0x00, 0x7F, 0xDF, 0xFF, 0xFF, 0xFB, 0xFF, 0xFF, 0xFE,
  0x7F, 0xFF, 0xFF, 0x8F, 0xFF, 0xFF, 0xE1, 0xFF, 0xFF, 0xF8, 0x3F, 0xFF, 0xF8, 0x00, 0x00, 0x1F, 0xE0, 0x00, 0x0F, 0xFF, 0xC0, 0x03, 0xFF, 0xFE,
  0x00, 0x7F, 0xFF, 0xF0, 0x0F, 0xFF, 0xFF, 0x81, 0xFF, 0xFF, 0xFC, 0x1F, 0xF0, 0x7F, 0xE3, 0xFC, 0x01, 0xFE, 0x3F, 0xC0, 0x0F, 0xE7, 0xF8, 0x00,
  0xFF, 0x7F, 0x80, 0x07, 0xF7, 0xF0, 0x00, 0x78, 0x7F, 0x00, 0x00, 0x0F, 0xF0, 0x00, 0x00, 0xFF, 0x00, 0x00, 0x0F, 0xF0, 0x00, 0x00, 0xFF, 0x00,
  0x00, 0x0F, 0xF0, 0x00, 0x00, 0xFF, 0x00, 0x00, 0x0F, 0xF0, 0x00, 0x00, 0xFF, 0x00, 0x00, 0x0F, 0xF0, 0x00, 0x00, 0xFF, 0x00, 0x00, 0x0F, 0xF0,
  0x00, 0x00, 0xFF, 0x00, 0x00, 0x0F, 0xF0, 0x00, 0x00, 0xFF, 0x00, 0x00, 0x0F, 0xF0, 0x00, 0x00, 0x7F, 0x00, 0x00, 0x07, 0xF0, 0x00, 0x78, 0x7F,
  0x80, 0x07, 0xF7, 0xF8, 0x00, 0xFF, 0x3F, 0xC0, 0x0F, 0xE3, 0xFC, 0x01, 0xFE, 0x1F, 0xF0, 0x7F, 0xE1, 0xFF, 0xFF, 0xFC, 0x0F, 0xFF, 0xFF, 0x80,
  0x7F, 0xFF, 0xF0, 0x03, 0xFF, 0xFE, 0x00, 0x0F, 0xFF, 0xC0, 0x00, 0x1F, 0xE0, 0x00, 0xFF, 0xFF, 0x80, 0x1F, 0xFF, 0xFC, 0x03, 0xFF, 0xFF, 0xE0,
  0x7F, 0xFF, 0xFE, 0x0F, 0xFF, 0xFF, 0xE1, 0xFF, 0xFF, 0xFE, 0x3F, 0x80, 0x7F, 0xE7, 0xF0, 0x03, 0xFC, 0xFE, 0x00, 0x3F, 0x9F, 0xC0, 0x07, 0xFB,
  0xF8, 0x00, 0x7F, 0x7F, 0x00, 0x0F, 0xEF, 0xE0, 0x01, 0xFF, 0xFC, 0x00, 0x3F, 0xFF, 0x80, 0x03, 0xFF, 0xF0, 0x00, 0x7F, 0xFE, 0x00, 0x0F, 0xFF,
  0xC0, 0x01, 0xFF, 0xF8, 0x00, 0x3F, 0xFF, 0x00, 0x07, 0xFF, 0xE0, 0x00, 0xFF, 0xFC, 0x00, 0x1F, 0xFF, 0x80, 0x03, 0xFF, 0xF0, 0x00, 0x7F, 0xFE,
  0x00, 0x0F, 0xFF, 0xC0, 0x03, 0xFF, 0xF8, 0x00, 0x7F, 0xFF, 0x00, 0x0F, 0xEF, 0xE0, 0x01, 0xFD, 0xFC, 0x00, 0x7F, 0xBF, 0x80, 0x0F, 0xE7, 0xF0,
  0x03, 0xFC, 0xFE, 0x01, 0xFF, 0x9F, 0xFF, 0xFF, 0xE3, 0xFF, 0xFF, 0xF8, 0x7F, 0xFF, 0xFE, 0x0F, 0xFF, 0xFF, 0x81, 0xFF, 0xFF, 0xC0, 0x3F, 0xFF,
  0xE0, 0x00, 0xFF, 0xFF, 0xFF, 0xFF, 0xFF, 0xFF, 0xFF, 0xFF, 0xFF, 0xFF, 0xFF, 0xFF, 0xFF, 0xFF, 0xFF, 0xFF, 0xFF, 0xFF, 0xFE, 0x00, 0x00, 0xFE,
  0x00, 0x00, 0xFE, 0x00, 0x00, 0xFE, 0x00, 0x00, 0xFE, 0x00, 0x00, 0xFE, 0x00, 0x00, 0xFE, 0x00, 0x00, 0xFE, 0x00, 0x00, 0xFE, 0x00, 0x00, 0xFE,
  0x00, 0x00, 0xFF, 0xFF, 0xFF, 0xFF, 0xFF, 0xFF, 0xFF, 0xFF, 0xFF, 0xFF, 0xFF, 0xFF, 0xFF, 0xFF, 0xFF, 0xFF, 0xFF, 0xFF, 0xFE, 0x00, 0x00, 0xFE,
  0x00, 0x00, 0xFE, 0x00, 0x00, 0xFE, 0x00, 0x00, 0xFE, 0x00, 0x00, 0xFE, 0x00, 0x00, 0xFE, 0x00, 0x00, 0xFE, 0x00, 0x00, 0xFE, 0x00, 0x00, 0xFE,
  0x00, 0x00, 0xFE, 0x00, 0x00, 0xFF, 0xFF, 0xFF, 0xFF, 0xFF, 0xFF, 0xFF, 0xFF, 0xFF, 0xFF, 0xFF, 0xFF, 0xFF, 0xFF, 0xFF, 0xFF, 0xFF, 0xFF, 0xFF,
  0xFF, 0xFF, 0xFF, 0xFF, 0xFF, 0xFF, 0xFF, 0xFF, 0xFF, 0xFF, 0xFF, 0xFF, 0xFF, 0xFF, 0xFF, 0xFF, 0xFF, 0xFF, 0xF8, 0x00, 0x01, 0xFC, 0x00, 0x00,
  0xFE, 0x00, 0x00, 0x7F, 0x00, 0x00, 0x3F, 0x80, 0x00, 0x1F, 0xC0, 0x00, 0x0F, 0xE0, 0x00, 0x07, 0xF0, 0x00, 0x03, 0xF8, 0x00, 0x01, 0xFC, 0x00,
  0x00, 0xFF, 0xFF, 0xFE, 0x7F, 0xFF, 0xFF, 0x3F, 0xFF, 0xFF, 0x9F, 0xFF, 0xFF, 0xCF, 0xFF, 0xFF, 0xE7, 0xFF, 0xFF, 0xF3, 0xF8, 0x00, 0x01, 0xFC,
  0x00, 0x00, 0xFE, 0x00, 0x00, 0x7F, 0x00, 0x00, 0x3F, 0x80, 0x00, 0x1F, 0xC0, 0x00, 0x0F, 0xE0, 0x00, 0x07, 0xF0, 0x00, 0x03, 0xF8, 0x00, 0x01,
  0xFC, 0x00, 0x00, 0xFE, 0x00, 0x00, 0x7F, 0x00, 0x00, 0x3F, 0x80, 0x00, 0x1F, 0xC0, 0x00, 0x0F, 0xE0, 0x00, 0x07, 0xF0, 0x00, 0x03, 0xF8, 0x00,
  0x00, 0x00, 0x1F, 0xE0, 0x00, 0x0F, 0xFF, 0xC0, 0x01, 0xFF, 0xFE, 0x00, 0x7F, 0xFF, 0xF0, 0x07, 0xFF, 0xFF, 0x80, 0xFF, 0xFF, 0xFC, 0x1F, 0xF0,
  0x7F, 0xE1, 0xFE, 0x01, 0xFE, 0x3F, 0xC0, 0x0F, 0xE3, 0xF8, 0x00, 0xFF, 0x3F, 0x80, 0x07, 0xF7, 0xF8, 0x00, 0x78, 0x7F, 0x00, 0x00, 0x07, 0xF0,
  0x00, 0x00, 0x7F, 0x00, 0x00, 0x07, 0xF0, 0x00, 0x00, 0xFF, 0x00, 0x00, 0x0F, 0xF0, 0x00, 0x00, 0xFF, 0x00, 0x00, 0x0F, 0xF0, 0x3F, 0xFF, 0xFF,
  0x03, 0xFF, 0xFF, 0xF0, 0x3F, 0xFF, 0xFF, 0x03, 0xFF, 0xFF, 0xF0, 0x3F, 0xFF, 0xFF, 0x03, 0xFF, 0xF7, 0xF0, 0x00, 0x3F, 0x7F, 0x00, 0x03, 0xF7,
  0xF0, 0x00, 0x3F, 0x7F, 0x80, 0x03, 0xF7, 0xF8, 0x00, 0x7F, 0x7F, 0x80, 0x07, 0xF3, 0xFC, 0x00, 0x7F, 0x3F, 0xC0, 0x0F, 0xF3, 0xFE, 0x00, 0xFF,
  0x1F, 0xF8, 0x3F, 0xF1, 0xFF, 0xFF, 0xBF, 0x0F, 0xFF, 0xF3, 0xF0, 0x7F, 0xFF, 0x3F, 0x03, 0xFF, 0xE3, 0xF0, 0x1F, 0xFC, 0x3F, 0x00, 0x7F, 0x00,
  0x00, 0xFE, 0x00, 0x1F, 0xFF, 0x80, 0x07, 0xFF, 0xE0, 0x01, 0xFF, 0xF8, 0x00, 0x7F, 0xFE, 0x00, 0x1F, 0xFF, 0x80, 0x07, 0xFF, 0xE0, 0x01, 0xFF,
  0xF8, 0x00, 0x7F, 0xFE, 0x00, 0x1F, 0xFF, 0x80, 0x07, 0xFF, 0xE0, 0x01, 0xFF, 0xF8, 0x00, 0x7F, 0xFE, 0x00, 0x1F, 0xFF, 0x80, 0x07, 0xFF, 0xE0,
  0x01, 0xFF, 0xF8, 0x00, 0x7F, 0xFF, 0xFF, 0xFF, 0xFF, 0xFF, 0xFF, 0xFF, 0xFF, 0xFF, 0xFF, 0xFF, 0xFF, 0xFF, 0xFF, 0xFF, 0xFF, 0xFF, 0xFF, 0xFF,
  0xFF, 0xE0, 0x01, 0xFF, 0xF8, 0x00, 0x7F, 0xFE, 0x00, 0x1F, 0xFF, 0x80, 0x07, 0xFF, 0xE0, 0x01, 0xFF, 0xF8, 0x00, 0x7F, 0xFE, 0x00, 0x1F, 0xFF,
  0x80, 0x07, 0xFF, 0xE0, 0x01, 0xFF, 0xF8, 0x00, 0x7F, 0xFE, 0x00, 0x1F, 0xFF, 0x80, 0x07, 0xFF, 0xE0, 0x01, 0xFF, 0xF8, 0x00, 0x7F, 0xFE, 0x00,
  0x1F, 0xFF, 0x80, 0x07, 0xFF, 0xE0, 0x01, 0xFC, 0xFF, 0xFF, 0xFF, 0xFF, 0xFF, 0xFF, 0xFF, 0xFF, 0xFF, 0xFF, 0xFF, 0xFF, 0xFF, 0xFF, 0xFF, 0xFF,
  0xFF, 0xFF, 0xFC, 0x01, 0xFC, 0x00, 0x00, 0xFE, 0x00, 0x00, 0x7F, 0x00, 0x00, 0x3F, 0x80, 0x00, 0x1F, 0xC0, 0x00, 0x0F, 0xE0, 0x00, 0x07, 0xF0,
  0x00, 0x03, 0xF8, 0x00, 0x01, 0xFC, 0x00, 0x00, 0xFE, 0x00, 0x00, 0x7F, 0x00, 0x00, 0x3F, 0x80, 0x00, 0x1F, 0xC0, 0x00, 0x0F, 0xE0, 0x00, 0x07,
  0xF0, 0x00, 0x03, 0xF8, 0x00, 0x01, 0xFC, 0x00, 0x00, 0xFE, 0x00, 0x00, 0x7F, 0x00, 0x00, 0x3F, 0x80, 0x00, 0x1F, 0xC0, 0x00, 0x0F, 0xE0, 0x00,
  0x07, 0xF0, 0x00, 0x03, 0xF8, 0x00, 0x01, 0xFC, 0x00, 0x00, 0xFE, 0x00, 0x00, 0x7F, 0x00, 0x7F, 0xFF, 0xFF, 0xFF, 0xFF, 0xFF, 0xFF, 0xFF, 0xFF,
  0xFF, 0xFF, 0xFF, 0xFF, 0xFF, 0xFF, 0xFF, 0xFF, 0xFF, 0xFE, 0x0F, 0xFF, 0xFF, 0x87, 0xFF, 0xFF, 0xC3, 0xFF, 0xFF, 0xE1, 0xFF, 0xFF, 0xF0, 0xFF,
  0xFF, 0xF8, 0x7F, 0xFF, 0xFC, 0x00, 0x00, 0xFE, 0x00, 0x00, 0x7F, 0x00, 0x00, 0x3F, 0x80, 0x00, 0x1F, 0xC0, 0x00, 0x0F, 0xE0, 0x00, 0x07, 0xF0,
  0x00, 0x03, 0xF8, 0x00, 0x01, 0xFC, 0x00, 0x00, 0xFE, 0x00, 0x00, 0x7F, 0x00, 0x00, 0x3F, 0x80, 0x00, 0x1F, 0xC0, 0x00, 0x0F, 0xE0, 0x00, 0x07,
  0xF0, 0x00, 0x03, 0xF8, 0x00, 0x01, 0xFC, 0x00, 0x00, 0xFE, 0x00, 0x00, 0x7F, 0x00, 0x00, 0x3F, 0x80, 0x00, 0x1F, 0xC0, 0x00, 0x0F, 0xE0, 0x00,
  0x07, 0xF0, 0x00, 0x03, 0xFB, 0xF0, 0x01, 0xFF, 0xF8, 0x01, 0xFF, 0xFE, 0x00, 0xFF, 0x7F, 0x80, 0xFF, 0x3F, 0xE0, 0xFF, 0x8F, 0xFF, 0xFF, 0xC7,
  0xFF, 0xFF, 0xC1, 0xFF, 0xFF, 0xC0, 0x7F, 0xFF, 0xC0, 0x0F, 0xFF, 0x80, 0x01, 0xFE, 0x00, 0xFE, 0x00, 0x0F, 0xF7, 0xF0, 0x00, 0xFF, 0xBF, 0x80,
  0x07, 0xF9, 0xFC, 0x00, 0x7F, 0x8F, 0xE0, 0x07, 0xF8, 0x7F, 0x00, 0x7F, 0xC3, 0xF8, 0x03, 0xFC, 0x1F, 0xC0, 0x3F, 0xC0, 0xFE, 0x03, 0xFC, 0x07,
  0xF0, 0x3F, 0xE0, 0x3F, 0x81, 0xFE, 0x01, 0xFC, 0x1F, 0xE0, 0x0F, 0xE1, 0xFE, 0x00, 0x7F, 0x0F, 0xF0, 0x03, 0xF8, 0xFF, 0x00, 0x1F, 0xCF, 0xF0,
  0x00, 0xFE, 0xFF, 0x80, 0x07, 0xFF, 0xFC, 0x00, 0x3F, 0xFF, 0xF0, 0x01, 0xFF, 0xFF, 0x80, 0x0F, 0xFF, 0xFE, 0x00, 0x7F, 0xFF, 0xF0, 0x03, 0xFF,
  0xBF, 0xC0, 0x1F, 0xF9, 0xFF, 0x00, 0xFF, 0xC7, 0xF8, 0x07, 0xFC, 0x1F, 0xE0, 0x3F, 0xC0, 0xFF, 0x01, 0xFC, 0x03, 0xFC, 0x0F, 0xE0, 0x1F, 0xE0,
  0x7F, 0x00, 0x7F, 0x83, 0xF8, 0x03, 0xFE, 0x1F, 0xC0, 0x0F, 0xF0, 0xFE, 0x00, 0x7F, 0xC7, 0xF0, 0x01, 0xFE, 0x3F, 0x80, 0x07, 0xF9, 0xFC, 0x00,
  0x3F, 0xCF, 0xE0, 0x00, 0xFF, 0x7F, 0x00, 0x07, 0xFF, 0xF8, 0x00, 0x1F, 0xE0, 0xFE, 0x00, 0x00, 0xFE, 0x00, 0x00, 0xFE, 0x00, 0x00, 0xFE, 0x00,
  0x00, 0xFE, 0x00, 0x00, 0xFE, 0x00, 0x00, 0xFE, 0x00, 0x00, 0xFE, 0x00, 0x00, 0xFE, 0x00, 0x00, 0xFE, 0x00, 0x00, 0xFE, 0x00, 0x00, 0xFE, 0x00,
  0x00, 0xFE, 0x00, 0x00, 0xFE, 0x00, 0x00, 0xFE, 0x00, 0x00, 0xFE, 0x00, 0x00, 0xFE, 0x00, 0x00, 0xFE, 0x00, 0x00, 0xFE, 0x00, 0x00, 0xFE, 0x00,
  0x00, 0xFE, 0x00, 0x00, 0xFE, 0x00, 0x00, 0xFE, 0x00, 0x00, 0xFE, 0x00, 0x00, 0xFE, 0x00, 0x00, 0xFE, 0x00, 0x00, 0xFE, 0x00, 0x00, 0xFE, 0x00,
  0x00, 0xFE, 0x00, 0x00, 0xFE, 0x00, 0x00, 0xFE, 0x00, 0x00, 0xFE, 0x00, 0x00, 0xFE, 0x00, 0x00, 0xFF, 0xFF, 0xFF, 0xFF, 0xFF, 0xFF, 0xFF, 0xFF,
  0xFF, 0xFF, 0xFF, 0xFF, 0xFF, 0xFF, 0xFF, 0xFF, 0xFF, 0xFF, 0xFF, 0x80, 0x0F, 0xFF, 0xF8, 0x01, 0xFF, 0xFF, 0x80, 0x1F, 0xFF, 0xFC, 0x03, 0xFF,
  0xFF, 0xC0, 0x3F, 0xFF, 0xFC, 0x03, 0xFF, 0xFF, 0xE0, 0x7F, 0xFF, 0xFE, 0x07, 0xFF, 0xFF, 0xF0, 0x7F, 0xFF, 0xFF, 0x0F, 0xFF, 0xFD, 0xF0, 0xFB,
  0xFF, 0xDF, 0x9F, 0xBF, 0xFD, 0xF9, 0xF3, 0xFF, 0xCF, 0x9F, 0x3F, 0xFC, 0xFF, 0xF3, 0xFF, 0xCF, 0xFE, 0x3F, 0xFC, 0x7F, 0xE3, 0xFF, 0xC7, 0xFC,
  0x3F, 0xFC, 0x3F, 0xC3, 0xFF, 0xC3, 0xFC, 0x3F, 0xFC, 0x3F, 0x83, 0xFF, 0xC1, 0xF8, 0x3F, 0xFC, 0x1F, 0x83, 0xFF, 0xC1, 0xF0, 0x3F, 0xFC, 0x0F,
  0x03, 0xFF, 0xC0, 0xE0, 0x3F, 0xFC, 0x0E, 0x03, 0xFF, 0xC0, 0x60, 0x3F, 0xFC, 0x04, 0x03, 0xFF, 0xC0, 0x00, 0x3F, 0xFC, 0x00, 0x03, 0xFF, 0xC0,
  0x00, 0x3F, 0xFC, 0x00, 0x03, 0xFF, 0xC0, 0x00, 0x3F, 0xFC, 0x00, 0x03, 0xFF, 0xC0, 0x00, 0x3F, 0xFC, 0x00, 0x03, 0xFF, 0xC0, 0x00, 0x3F, 0xFC,
  0x00, 0x03, 0xF0, 0xFF, 0x80, 0x0F, 0xFF, 0xE0, 0x03, 0xFF, 0xFC, 0x00, 0xFF, 0xFF, 0x00, 0x3F, 0xFF, 0xC0, 0x0F, 0xFF, 0xF8, 0x03, 0xFF, 0xFE,
  0x00, 0xFF, 0xFF, 0xC0, 0x3F, 0xFF, 0xF0, 0x0F, 0xFF, 0xFC, 0x03, 0xFF, 0xFF, 0x80, 0xFF, 0xF7, 0xE0, 0x3F, 0xFD, 0xF8, 0x0F, 0xFF, 0x7F, 0x03,
  0xFF, 0xCF, 0xC0, 0xFF, 0xF3, 0xF0, 0x3F, 0xFC, 0x7E, 0x0F, 0xFF, 0x1F, 0x83, 0xFF, 0xC7, 0xF0, 0xFF, 0xF0, 0xFC, 0x3F, 0xFC, 0x3F, 0x0F, 0xFF,
  0x0F, 0xE3, 0xFF, 0xC1, 0xF8, 0xFF, 0xF0, 0x7E, 0x3F, 0xFC, 0x0F, 0xCF, 0xFF, 0x03, 0xF3, 0xFF, 0xC0, 0xFC, 0xFF, 0xF0, 0x1F, 0xBF, 0xFC, 0x07,
  0xFF, 0xFF, 0x01, 0xFF, 0xFF, 0xC0, 0x3F, 0xFF, 0xF0, 0x0F, 0xFF, 0xFC, 0x03, 0xFF, 0xFF, 0x00, 0x7F, 0xFF, 0xC0, 0x1F, 0xFF, 0xF0, 0x03, 0xFF,
  0xFC, 0x00, 0xFF, 0xFF, 0x00, 0x3F, 0xFF, 0xC0, 0x07, 0xFC, 0x00, 0x1F, 0xE0, 0x00, 0x03, 0xFF, 0xF0, 0x00, 0x3F, 0xFF, 0xE0, 0x01, 0xFF, 0xFF,
  0xC0, 0x0F, 0xFF, 0xFF, 0x80, 0x3F, 0xFF, 0xFF, 0x01, 0xFF, 0x07, 0xFE, 0x0F, 0xF8, 0x07, 0xF8, 0x3F, 0xC0, 0x0F, 0xF0, 0xFE, 0x00, 0x3F, 0xC7,
  0xF8, 0x00, 0x7F, 0x1F, 0xC0, 0x01, 0xFE, 0x7F, 0x00, 0x07, 0xF9, 0xFC, 0x00, 0x0F, 0xEF, 0xF0, 0x00, 0x3F, 0xBF, 0xC0, 0x00, 0xFE, 0xFF, 0x00,
  0x03, 0xFB, 0xFC, 0x00, 0x0F, 0xEF, 0xF0, 0x00, 0x3F, 0xFF, 0xC0, 0x00, 0xFF, 0xFF, 0x00, 0x03, 0xFF, 0xFC, 0x00, 0x0F, 0xFF, 0xF0, 0x00, 0x3F,
  0xFF, 0xC0, 0x00, 0xFE, 0xFF, 0x00, 0x03, 0xFB, 0xFC, 0x00, 0x0F, 0xEF, 0xF0, 0x00, 0x3F, 0x9F, 0xC0, 0x00, 0xFE, 0x7F, 0x00, 0x07, 0xF9, 0xFC,
  0x00, 0x1F, 0xE7, 0xF8, 0x00, 0x7F, 0x0F, 0xE0, 0x03, 0xFC, 0x3F, 0xC0, 0x0F, 0xF0, 0xFF, 0x00, 0x7F, 0x81, 0xFF, 0x07, 0xFE, 0x03, 0xFF, 0xFF,
  0xF0, 0x0F, 0xFF, 0xFF, 0x80, 0x1F, 0xFF, 0xFC, 0x00, 0x3F, 0xFF, 0xE0, 0x00, 0x3F, 0xFF, 0x00, 0x00, 0x1F, 0xE0, 0x00, 0xFF, 0xFF, 0xE0, 0x1F,
  0xFF, 0xFF, 0x83, 0xFF, 0xFF, 0xF8, 0x7F, 0xFF, 0xFF, 0x8F, 0xFF, 0xFF, 0xF9, 0xFF, 0xFF, 0xFF, 0xBF, 0xC0, 0x1F, 0xF7, 0xF8, 0x01, 0xFE, 0xFF,
  0x00, 0x1F, 0xFF, 0xE0, 0x03, 0xFF, 0xFC, 0x00, 0x7F, 0xFF, 0x80, 0x0F, 0xFF, 0xF0, 0x01, 0xFF, 0xFE, 0x00, 0x3F, 0xFF, 0xC0, 0x07, 0xFF, 0xF8,
  0x00, 0xFF, 0xFF, 0x00, 0x3F, 0xDF, 0xE0, 0x0F, 0xFB, 0xFF, 0xFF, 0xFF, 0x7F, 0xFF, 0xFF, 0xCF, 0xFF, 0xFF, 0xF1, 0xFF, 0xFF, 0xFC, 0x3F, 0xFF,
  0xFF, 0x07, 0xFF, 0xFF, 0x00, 0xFF, 0x00, 0x00, 0x1F, 0xE0, 0x00, 0x03, 0xFC, 0x00, 0x00, 0x7F, 0x80, 0x00, 0x0F, 0xF0, 0x00, 0x01, 0xFE, 0x00,
  0x00, 0x3F, 0xC0, 0x00, 0x07, 0xF8, 0x00, 0x00, 0xFF, 0x00, 0x00, 0x1F, 0xE0, 0x00, 0x03, 0xFC, 0x00, 0x00, 0x7F, 0x80, 0x00, 0x0F, 0xF0, 0x00,
  0x01, 0xFE, 0x00, 0x00, 0x3F, 0xC0, 0x00, 0x00, 0x00, 0x1F, 0xE0, 0x00, 0x03, 0xFF, 0xF0, 0x00, 0x3F, 0xFF, 0xE0, 0x01, 0xFF, 0xFF, 0xC0, 0x0F,
  0xFF, 0xFF, 0x80, 0x7F, 0xFF, 0xFF, 0x01, 0xFF, 0x03, 0xFE, 0x0F, 0xF0, 0x07, 0xF8, 0x3F, 0xC0, 0x0F, 0xF1, 0xFE, 0x00, 0x1F, 0xC7, 0xF8, 0x00,
  0x7F, 0x1F, 0xC0, 0x01, 0xFE, 0x7F, 0x00, 0x07, 0xF9, 0xFC, 0x00, 0x0F, 0xEF, 0xF0, 0x00, 0x3F, 0xBF, 0xC0, 0x00, 0xFE, 0xFF, 0x00, 0x03, 0xFB,
  0xFC, 0x00, 0x0F, 0xEF, 0xF0, 0x00, 0x3F, 0xFF, 0xC0, 0x00, 0xFF, 0xFF, 0x00, 0x03, 0xFF, 0xFC, 0x00, 0x0F, 0xFF, 0xF0, 0x00, 0x3F, 0xBF, 0xC0,
  0x00, 0xFE, 0xFF, 0x00, 0x03, 0xFB, 0xFC, 0x00, 0x0F, 0xE7, 0xF0, 0x00, 0x3F, 0x9F, 0xC0, 0x01, 0xFE, 0x7F, 0x00, 0x07, 0xF9, 0xFE, 0x00, 0x1F,
  0xC7, 0xF8, 0x00, 0x7F, 0x0F, 0xF0, 0x03, 0xFC, 0x3F, 0xC0, 0x1F, 0xE0, 0x7F, 0xC1, 0xFF, 0x81, 0xFF, 0xFF, 0xFC, 0x03, 0xFF, 0xFF, 0xF0, 0x07,
  0xFF, 0xFF, 0x80, 0x0F, 0xFF, 0xFC, 0x00, 0x1F, 0xFF, 0xC0, 0x00, 0x0F, 0xFC, 0x00, 0x00, 0x0F, 0xC0, 0x00, 0x00, 0x3F, 0x00, 0x00, 0x00, 0xFC,
  0x00, 0x00, 0x03, 0xF0, 0x00, 0x00, 0x0F, 0xC0, 0x00, 0x00, 0x3F, 0xFF, 0x80, 0x00, 0xFF, 0xFE, 0x00, 0x01, 0xFF, 0xF8, 0x00, 0x07, 0xFF, 0xE0,
  0x00, 0x0F, 0xFF, 0x80, 0x00, 0x0F, 0xFE, 0x00, 0xFF, 0xFF, 0xE0, 0x1F, 0xFF, 0xFF, 0x83, 0xFF, 0xFF, 0xF8, 0x7F, 0xFF, 0xFF, 0x8F, 0xFF, 0xFF,
  0xF9, 0xFF, 0xFF, 0xFF, 0xBF, 0xC0, 0x1F, 0xF7, 0xF8, 0x01, 0xFE, 0xFF, 0x00, 0x1F, 0xFF, 0xE0, 0x03, 0xFF, 0xFC, 0x00, 0x7F, 0xFF, 0x80, 0x0F,
  0xFF, 0xF0, 0x01, 0xFF, 0xFE, 0x00, 0x3F, 0xFF, 0xC0, 0x07, 0xFF, 0xF8, 0x00, 0xFF, 0xFF, 0x00, 0x3F, 0xDF, 0xE0, 0x0F, 0xFB, 0xFF, 0xFF, 0xFF,
  0x7F, 0xFF, 0xFF, 0xCF, 0xFF, 0xFF, 0xF1, 0xFF, 0xFF, 0xFC, 0x3F, 0xFF, 0xFE, 0x07, 0xFF, 0xFF, 0x80, 0xFF, 0x0F, 0xF0, 0x1F, 0xE0, 0xFF, 0x03,
  0xFC, 0x1F, 0xE0, 0x7F, 0x81, 0xFE, 0x0F, 0xF0, 0x3F, 0xC1, 0xFE, 0x03, 0xFC, 0x3F, 0xC0, 0x7F, 0x87, 0xF8, 0x07, 0xF8, 0xFF, 0x00, 0xFF, 0x1F,
  0xE0, 0x0F, 0xF3, 0xFC, 0x01, 0xFE, 0x7F, 0x80, 0x1F, 0xEF, 0xF0, 0x03, 0xFD, 0xFE, 0x00, 0x3F, 0xFF, 0xC0, 0x07, 0xF8, 0x00, 0x1F, 0xF0, 0x00,
  0x07, 0xFF, 0xF0, 0x00, 0xFF, 0xFF, 0xE0, 0x0F, 0xFF, 0xFF, 0x80, 0xFF, 0xFF, 0xFF, 0x0F, 0xFF, 0xFF, 0xF8, 0x7F, 0xC0, 0x7F, 0x87, 0xF8, 0x00,
  0xFC, 0x3F, 0xC0, 0x01, 0xC1, 0xFC, 0x00, 0x04, 0x0F, 0xE0, 0x00, 0x00, 0xFF, 0x00, 0x00, 0x03, 0xF8, 0x00, 0x00, 0x1F, 0xC0, 0x00, 0x00, 0xFF,
  0x00, 0x00, 0x07, 0xFC, 0x00, 0x00, 0x3F, 0xFC, 0x00, 0x00, 0xFF, 0xFF, 0x00, 0x03, 0xFF, 0xFF, 0x00, 0x1F, 0xFF, 0xFE, 0x00, 0x7F, 0xFF, 0xFC,
  0x00, 0xFF, 0xFF, 0xF0, 0x00, 0xFF, 0xFF, 0x80, 0x00, 0x3F, 0xFE, 0x00, 0x00, 0x1F, 0xF0, 0x00, 0x00, 0x7F, 0xC0, 0x00, 0x01, 0xFE, 0x00, 0x00,
  0x0F, 0xF0, 0x00, 0x00, 0x7F, 0x80, 0x00, 0x03, 0xFC, 0x20, 0x00, 0x1F, 0xE3, 0x80, 0x00, 0xFF, 0x3E, 0x00, 0x07, 0xF3, 0xFC, 0x00, 0x7F, 0xBF,
  0xF8, 0x0F, 0xF8, 0xFF, 0xFF, 0xFF, 0xC3, 0xFF, 0xFF, 0xFC, 0x0F, 0xFF, 0xFF, 0xC0, 0x3F, 0xFF, 0xFC, 0x00, 0x7F, 0xFF, 0x80, 0x00, 0x7F, 0xE0,
  0x00, 0xFF, 0xFF, 0xFF, 0xFF, 0xFF, 0xFF, 0xFF, 0xFF, 0xFF, 0xFF, 0xFF, 0xFF, 0xFF, 0xFF, 0xFF, 0xFF, 0xFF, 0xFF, 0xFF, 0xFF, 0xFF, 0xFF, 0xFF,
  0xC0, 0x03, 0xF8, 0x00, 0x00, 0x07, 0xF0, 0x00, 0x00, 0x0F, 0xE0, 0x00, 0x00, 0x1F, 0xC0, 0x00, 0x00, 0x3F, 0x80, 0x00, 0x00, 0x7F, 0x00, 0x00,
  0x00, 0xFE, 0x00, 0x00, 0x01, 0xFC, 0x00, 0x00, 0x03, 0xF8, 0x00, 0x00, 0x07, 0xF0, 0x00, 0x00, 0x0F, 0xE0, 0x00, 0x00, 0x1F, 0xC0, 0x00, 0x00,
  0x3F, 0x80, 0x00, 0x00, 0x7F, 0x00, 0x00, 0x00, 0xFE, 0x00, 0x00, 0x01, 0xFC, 0x00, 0x00, 0x03, 0xF8, 0x00, 0x00, 0x07, 0xF0, 0x00, 0x00, 0x0F,
  0xE0, 0x00, 0x00, 0x1F, 0xC0, 0x00, 0x00, 0x3F, 0x80, 0x00, 0x00, 0x7F, 0x00, 0x00, 0x00, 0xFE, 0x00, 0x00, 0x01, 0xFC, 0x00, 0x00, 0x03, 0xF8,
  0x00, 0x00, 0x07, 0xF0, 0x00, 0x00, 0x0F, 0xE0, 0x00, 0x00, 0x1F, 0xC0, 0x00, 0x00, 0x3F, 0x80, 0x00, 0x00, 0x7F, 0x00, 0x00, 0x00, 0xFE, 0x00,
  0x00, 0x01, 0xFC, 0x00, 0x00, 0x03, 0xF8, 0x00, 0x00, 0xFF, 0x00, 0x0F, 0xFF, 0xE0, 0x01, 0xFF, 0xFC, 0x00, 0x3F, 0xFF, 0x80, 0x07, 0xFF, 0xF0,
  0x00, 0xFF, 0xFE, 0x00, 0x1F, 0xFF, 0xC0, 0x03, 0xFF, 0xF8, 0x00, 0x7F, 0xFF, 0x00, 0x0F, 0xFF, 0xE0, 0x01, 0xFF, 0xFC, 0x00, 0x3F, 0xFF, 0x80,
  0x07, 0xFF, 0xF0, 0x00, 0xFF, 0xFE, 0x00, 0x1F, 0xFF, 0xC0, 0x03, 0xFF, 0xF8, 0x00, 0x7F, 0xFF, 0x00, 0x0F, 0xFF, 0xE0, 0x01, 0xFF, 0xFC, 0x00,
  0x3F, 0xFF, 0x80, 0x07, 0xFF, 0xF0, 0x00, 0xFF, 0xFE, 0x00, 0x1F, 0xFF, 0xC0, 0x03, 0xFF, 0xF8, 0x00, 0x7F, 0xFF, 0x00, 0x0F, 0xEF, 0xE0, 0x01,
  0xFD, 0xFC, 0x00, 0x3F, 0xBF, 0x80, 0x07, 0xF7, 0xF0, 0x00, 0xFE, 0xFE, 0x00, 0x3F, 0xDF, 0xC0, 0x07, 0xFB, 0xFC, 0x00, 0xFE, 0x7F, 0x80, 0x3F,
  0xC7, 0xFC, 0x0F, 0xF8, 0xFF, 0xFF, 0xFE, 0x0F, 0xFF, 0xFF, 0xC1, 0xFF, 0xFF, 0xF0, 0x0F, 0xFF, 0xFC, 0x00, 0xFF, 0xFF, 0x00, 0x03, 0xFF, 0x00,
  0xFF, 0x00, 0x00, 0xFF, 0xFF, 0x00, 0x00, 0xFE, 0x7F, 0x80, 0x01, 0xFE, 0x7F, 0x80, 0x01, 0xFE, 0x7F, 0x80, 0x01, 0xFC, 0x7F, 0x80, 0x01, 0xFC,
  0x3F, 0xC0, 0x03, 0xFC, 0x3F, 0xC0, 0x03, 0xFC, 0x3F, 0xC0, 0x03, 0xF8, 0x1F, 0xC0, 0x03, 0xF8, 0x1F, 0xE0, 0x07, 0xF8, 0x1F, 0xE0, 0x07, 0xF0,
  0x1F, 0xE0, 0x07, 0xF0, 0x0F, 0xE0, 0x07, 0xF0, 0x0F, 0xF0, 0x0F, 0xF0, 0x0F, 0xF0, 0x0F, 0xE0, 0x0F, 0xF0, 0x0F, 0xE0, 0x07, 0xF0, 0x0F, 0xE0,
  0x07, 0xF8, 0x1F, 0xE0, 0x07, 0xF8, 0x1F, 0xC0, 0x03, 0xF8, 0x1F, 0xC0, 0x03, 0xF8, 0x1F, 0xC0, 0x03, 0xFC, 0x3F, 0x80, 0x03, 0xFC, 0x3F, 0x80,
  0x01, 0xFC, 0x3F, 0x80, 0x01, 0xFC, 0x3F, 0x80, 0x01, 0xFC, 0x7F, 0x00, 0x01, 0xFE, 0x7F, 0x00, 0x00, 0xFE, 0x7F, 0x00, 0x00, 0xFE, 0x7F, 0x00,
  0x00, 0xFE, 0xFE, 0x00, 0x00, 0x7F, 0xFE, 0x00, 0x00, 0x7F, 0xFE, 0x00, 0x00, 0x7F, 0xFC, 0x00, 0x00, 0x7F, 0xFC, 0x00, 0x00, 0x3F, 0xFC, 0x00,
  0x00, 0x3F, 0xFC, 0x00, 0x00, 0x3F, 0xF8, 0x00, 0x00, 0x1F, 0xF8, 0x00, 0xFC, 0x00, 0x00, 0x7F, 0xFC, 0x00, 0x00, 0x7E, 0xFC, 0x00, 0x00, 0x7E,
  0xFE, 0x00, 0x00, 0x7E, 0xFE, 0x00, 0x00, 0x7E, 0xFE, 0x00, 0x00, 0x7E, 0xFE, 0x00, 0x00, 0x7E, 0x7E, 0x00, 0x00, 0x7E, 0x7E, 0x00, 0x00, 0x7E,
  0x7E, 0x0F, 0xE0, 0x7E, 0x7E, 0x0F, 0xF0, 0x7E, 0x7E, 0x0F, 0xF0, 0x7E, 0x7E, 0x0F, 0xF0, 0x7E, 0x7E, 0x0F, 0xF0, 0x7E, 0x7E, 0x0F, 0xF0, 0x7E,
  0x7E, 0x1F, 0xF0, 0x7E, 0x7E, 0x1F, 0xF8, 0x7C, 0x7E, 0x1E, 0xF8, 0x7C, 0x7E, 0x1E, 0xF8, 0xFC, 0x7E, 0x1E, 0xF8, 0xFC, 0x7E, 0x1E, 0x78, 0xFC,
  0x7F, 0x3E, 0x78, 0xFC, 0x3F, 0x3E, 0x7C, 0xFC, 0x3F, 0x3E, 0x7C, 0xFC, 0x3F, 0x3C, 0x7C, 0xFC, 0x3F, 0x3C, 0x7C, 0xFC, 0x3F, 0x7C, 0x3C, 0xFC,
  0x3F, 0x7C, 0x3E, 0xFC, 0x3F, 0x7C, 0x3E, 0xFC, 0x3F, 0x7C, 0x3E, 0xFC, 0x3F, 0x78, 0x3E, 0xFC, 0x3F, 0xF8, 0x3F, 0xF8, 0x3F, 0xF8, 0x3F, 0xF8,
  0x3F, 0xF8, 0x1F, 0xF8, 0x3F, 0xF8, 0x1F, 0xF8, 0x3F, 0xF8, 0x1F, 0xF8, 0x3F, 0xF8, 0x1F, 0xF8, 0x1F, 0xF0, 0x1F, 0xF8, 0x1F, 0xF0, 0x1F, 0xF8,
  0x7F, 0x80, 0x01, 0xFE, 0x7F, 0xC0, 0x01, 0xFC, 0x3F, 0xC0, 0x03, 0xFC, 0x1F, 0xE0, 0x07, 0xF8, 0x1F, 0xE0, 0x07, 0xF8, 0x0F, 0xF0, 0x0F, 0xF0,
  0x0F, 0xF0, 0x0F, 0xF0, 0x07, 0xF8, 0x1F, 0xE0, 0x07, 0xF8, 0x1F, 0xC0, 0x03, 0xFC, 0x3F, 0xC0, 0x03, 0xFC, 0x3F, 0x80, 0x01, 0xFE, 0x7F, 0x80,
  0x00, 0xFE, 0x7F, 0x00, 0x00, 0xFF, 0xFF, 0x00, 0x00, 0x7F, 0xFE, 0x00, 0x00, 0x7F, 0xFC, 0x00, 0x00, 0x3F, 0xFC, 0x00, 0x00, 0x3F, 0xF8, 0x00,
  0x00, 0x1F, 0xF8, 0x00, 0x00, 0x1F, 0xF8, 0x00, 0x00, 0x3F, 0xF8, 0x00, 0x00, 0x3F, 0xFC, 0x00, 0x00, 0x7F, 0xFC, 0x00, 0x00, 0x7F, 0xFE, 0x00,
  0x00, 0xFF, 0xFF, 0x00, 0x01, 0xFE, 0xFF, 0x00, 0x01, 0xFC, 0x7F, 0x80, 0x03, 0xFC, 0x7F, 0x80, 0x03, 0xF8, 0x3F, 0xC0, 0x07, 0xF8, 0x3F, 0xC0,
  0x07, 0xF0, 0x1F, 0xE0, 0x0F, 0xF0, 0x1F, 0xF0, 0x1F, 0xE0, 0x0F, 0xF0, 0x1F, 0xE0, 0x07, 0xF8, 0x3F, 0xC0, 0x07, 0xF8, 0x3F, 0x80, 0x03, 0xFC,
  0x7F, 0x80, 0x03, 0xFC, 0x7F, 0x00, 0x01, 0xFE, 0xFF, 0x00, 0x01, 0xFF, 0xFF, 0x00, 0x00, 0xFF, 0xFF, 0x00, 0x01, 0xFE, 0x7F, 0x80, 0x01, 0xFE,
  0x7F, 0x80, 0x03, 0xFC, 0x3F, 0xC0, 0x03, 0xFC, 0x3F, 0xC0, 0x07, 0xF8, 0x1F, 0xE0, 0x07, 0xF8, 0x1F, 0xE0, 0x0F, 0xF0, 0x0F, 0xF0, 0x0F, 0xF0,
  0x0F, 0xF0, 0x0F, 0xE0, 0x07, 0xF8, 0x1F, 0xE0, 0x07, 0xF8, 0x1F, 0xC0, 0x03, 0xFC, 0x3F, 0xC0, 0x03, 0xFC, 0x3F, 0x80, 0x01, 0xFE, 0x7F, 0x80,
  0x00, 0xFE, 0x7F, 0x00, 0x00, 0xFE, 0xFF, 0x00, 0x00, 0x7F, 0xFE, 0x00, 0x00, 0x7F, 0xFE, 0x00, 0x00, 0x3F, 0xFC, 0x00, 0x00, 0x3F, 0xF8, 0x00,
  0x00, 0x1F, 0xF8, 0x00, 0x00, 0x1F, 0xF0, 0x00, 0x00, 0x0F, 0xF0, 0x00, 0x00, 0x0F, 0xE0, 0x00, 0x00, 0x0F, 0xE0, 0x00, 0x00, 0x0F, 0xE0, 0x00,
  0x00, 0x0F, 0xE0, 0x00, 0x00, 0x0F, 0xE0, 0x00, 0x00, 0x0F, 0xE0, 0x00, 0x00, 0x0F, 0xE0, 0x00, 0x00, 0x0F, 0xE0, 0x00, 0x00, 0x0F, 0xE0, 0x00,
  0x00, 0x0F, 0xE0, 0x00, 0x00, 0x0F, 0xE0, 0x00, 0x00, 0x0F, 0xE0, 0x00, 0x00, 0x0F, 0xE0, 0x00, 0x00, 0x0F, 0xE0, 0x00, 0x00, 0x0F, 0xE0, 0x00,
  0xFF, 0xFF, 0xFF, 0xEF, 0xFF, 0xFF, 0xFE, 0xFF, 0xFF, 0xFF, 0xEF, 0xFF, 0xFF, 0xFE, 0xFF, 0xFF, 0xFF, 0xEF, 0xFF, 0xFF, 0xFE, 0x00, 0x00, 0x1F,
  0xE0, 0x00, 0x03, 0xFC, 0x00, 0x00, 0x7F, 0xC0, 0x00, 0x07, 0xF8, 0x00, 0x00, 0xFF, 0x00, 0x00, 0x1F, 0xE0, 0x00, 0x03, 0xFE, 0x00, 0x00, 0x3F,
  0xC0, 0x00, 0x07, 0xF8, 0x00, 0x00, 0xFF, 0x80, 0x00, 0x1F, 0xF0, 0x00, 0x01, 0xFE, 0x00, 0x00, 0x3F, 0xC0, 0x00, 0x07, 0xFC, 0x00, 0x00, 0x7F,
  0x80, 0x00, 0x0F, 0xF0, 0x00, 0x01, 0xFE, 0x00, 0x00, 0x3F, 0xE0, 0x00, 0x03, 0xFC, 0x00, 0x00, 0x7F, 0x80, 0x00, 0x0F, 0xF8, 0x00, 0x01, 0xFF,
  0x00, 0x00, 0x1F, 0xE0, 0x00, 0x03, 0xFC, 0x00, 0x00, 0x7F, 0xC0, 0x00, 0x0F, 0xF8, 0x00, 0x00, 0xFF, 0x00, 0x00, 0x0F, 0xFF, 0xFF, 0xFF, 0xFF,
  0xFF, 0xFF, 0xFF, 0xFF, 0xFF, 0xFF, 0xFF, 0xFF, 0xFF, 0xFF, 0xFF, 0xFF, 0xFF, 0xFF, 0xFF, 0xFF, 0xF0, 0xFF, 0xFF, 0xFF, 0xFF, 0xFF, 0xFF, 0xFF,
  0xFF, 0xFF, 0xFF, 0xFF, 0xFF, 0xFF, 0xF0, 0x01, 0xF8, 0x00, 0xFC, 0x00, 0x7E, 0x00, 0x3F, 0x00, 0x1F, 0x80, 0x0F, 0xC0, 0x07, 0xE0, 0x03, 0xF0,
  0x01, 0xF8, 0x00, 0xFC, 0x00, 0x7E, 0x00, 0x3F, 0x00, 0x1F, 0x80, 0x0F, 0xC0, 0x07, 0xE0, 0x03, 0xF0, 0x01, 0xF8, 0x00, 0xFC, 0x00, 0x7E, 0x00,
  0x3F, 0x00, 0x1F, 0x80, 0x0F, 0xC0, 0x07, 0xE0, 0x03, 0xF0, 0x01, 0xF8, 0x00, 0xFC, 0x00, 0x7E, 0x00, 0x3F, 0x00, 0x1F, 0x80, 0x0F, 0xC0, 0x07,
  0xE0, 0x03, 0xF0, 0x01, 0xF8, 0x00, 0xFC, 0x00, 0x7E, 0x00, 0x3F, 0x00, 0x1F, 0x80, 0x0F, 0xC0, 0x07, 0xFF, 0xFF, 0xFF, 0xFF, 0xFF, 0xFF, 0xFF,
  0xFF, 0xFF, 0xFF, 0xFF, 0xFF, 0xE0, 0xFC, 0x00, 0x00, 0xFC, 0x00, 0x00, 0xFE, 0x00, 0x00, 0x7E, 0x00, 0x00, 0x7E, 0x00, 0x00, 0x7F, 0x00, 0x00,
  0x3F, 0x00, 0x00, 0x3F, 0x80, 0x00, 0x3F, 0x80, 0x00, 0x1F, 0x80, 0x00, 0x1F, 0xC0, 0x00, 0x0F, 0xC0, 0x00, 0x0F, 0xC0, 0x00, 0x0F, 0xE0, 0x00,
  0x07, 0xE0, 0x00, 0x07, 0xE0, 0x00, 0x07, 0xF0, 0x00, 0x03, 0xF0, 0x00, 0x03, 0xF0, 0x00, 0x03, 0xF8, 0x00, 0x01, 0xF8, 0x00, 0x01, 0xFC, 0x00,
  0x01, 0xFC, 0x00, 0x00, 0xFC, 0x00, 0x00, 0xFE, 0x00, 0x00, 0x7E, 0x00, 0x00, 0x7E, 0x00, 0x00, 0x7F, 0x00, 0x00, 0x3F, 0x00, 0x00, 0x3F, 0x00,
  0x00, 0x3F, 0x80, 0x00, 0x1F, 0x80, 0x00, 0x1F, 0xC0, 0x00, 0x1F, 0xC0, 0x00, 0x0F, 0xC0, 0x00, 0x0F, 0xE0, 0x00, 0x07, 0xE0, 0x00, 0x07, 0xE0,
  0x00, 0x07, 0xF0, 0x00, 0x03, 0xF0, 0x00, 0x03, 0xF0, 0x00, 0x03, 0xF8, 0x00, 0x01, 0xF8, 0x00, 0x01, 0xFC, 0x00, 0x01, 0xFC, 0x00, 0x00, 0xFC,
  0x00, 0x00, 0xFE, 0x00, 0x00, 0x7E, 0x00, 0x00, 0x7E, 0x00, 0x00, 0x7F, 0x00, 0x00, 0x3F, 0xFF, 0xFF, 0xFF, 0xFF, 0xFF, 0xFF, 0xFF, 0xFF, 0xFF,
  0xFF, 0xFF, 0xFF, 0xFF, 0xF0, 0x00, 0xFC, 0x00, 0x3F, 0x00, 0x0F, 0xC0, 0x03, 0xF0, 0x00, 0xFC, 0x00, 0x3F, 0x00, 0x0F, 0xC0, 0x03, 0xF0, 0x00,
  0xFC, 0x00, 0x3F, 0x00, 0x0F, 0xC0, 0x03, 0xF0, 0x00, 0xFC, 0x00, 0x3F, 0x00, 0x0F, 0xC0, 0x03, 0xF0, 0x00, 0xFC, 0x00, 0x3F, 0x00, 0x0F, 0xC0,
  0x03, 0xF0, 0x00, 0xFC, 0x00, 0x3F, 0x00, 0x0F, 0xC0, 0x03, 0xF0, 0x00, 0xFC, 0x00, 0x3F, 0x00, 0x0F, 0xC0, 0x03, 0xF0, 0x00, 0xFC, 0x00, 0x3F,
  0x00, 0x0F, 0xC0, 0x03, 0xF0, 0x00, 0xFC, 0x00, 0x3F, 0x00, 0x0F, 0xC0, 0x03, 0xF0, 0x00, 0xFC, 0x00, 0x3F, 0x00, 0x0F, 0xFF, 0xFF, 0xFF, 0xFF,
  0xFF, 0xFF, 0xFF, 0xFF, 0xFF, 0xFF, 0xFF, 0xFF, 0xFF, 0xFC, 0x00, 0x1F, 0xE0, 0x00, 0x01, 0xFF, 0x00, 0x00, 0x0F, 0xFC, 0x00, 0x00, 0xFF, 0xE0,
  0x00, 0x07, 0xFF, 0x80, 0x00, 0x7F, 0xFC, 0x00, 0x03, 0xFF, 0xF0, 0x00, 0x3F, 0xBF, 0x80, 0x01, 0xF8, 0xFE, 0x00, 0x1F, 0xC7, 0xF0, 0x00, 0xFC,
  0x1F, 0xC0, 0x0F, 0xE0, 0xFE, 0x00, 0x7E, 0x03, 0xF8, 0x07, 0xF0, 0x1F, 0xC0, 0x3F, 0x00, 0x7F, 0x03, 0xF8, 0x03, 0xF8, 0x1F, 0x80, 0x0F, 0xE1,
  0xFC, 0x00, 0x7F, 0x0F, 0xC0, 0x01, 0xFC, 0xFE, 0x00, 0x0F, 0xE7, 0xE0, 0x00, 0x3F, 0xFF, 0x00, 0x01, 0xFF, 0xF0, 0x00, 0x07, 0xE7, 0x80, 0x00,
  0x3C, 0x08, 0x00, 0x00, 0x80, 0xFF, 0xFF, 0xFF, 0xFF, 0xFF, 0xFF, 0xFF, 0xFF, 0xFF, 0xFF, 0xFF, 0xFF, 0xFF, 0xFF, 0xFF, 0xFF, 0xFF, 0xFF, 0xFF,
  0xFF, 0xC0, 0x0E, 0x07, 0xC3, 0xFC, 0x3F, 0x83, 0xF8, 0x7F, 0x07, 0xF0, 0x7E, 0x0F, 0xE0, 0xFC, 0x0F, 0x00, 0x80, 0x00, 0x7F, 0x80, 0x00, 0x1F,
  0xFF, 0x80, 0x03, 0xFF, 0xFF, 0x00, 0x3F, 0xFF, 0xFC, 0x03, 0xFF, 0xFF, 0xF0, 0x3F, 0xFF, 0xFF, 0x81, 0xFE, 0x07, 0xFE, 0x07, 0xC0, 0x0F, 0xF0,
  0x0C, 0x00, 0x3F, 0x80, 0x00, 0x01, 0xFC, 0x00, 0x00, 0x0F, 0xE0, 0x00, 0x00, 0x7F, 0x00, 0x00, 0x03, 0xF8, 0x00, 0x7F, 0xFF, 0xC0, 0x1F, 0xFF,
  0xFE, 0x03, 0xFF, 0xFF, 0xF0, 0x3F, 0xFF, 0xFF, 0x83, 0xFF, 0xFF, 0xFC, 0x1F, 0xF0, 0x0F, 0xE1, 0xFE, 0x00, 0x7F, 0x0F, 0xE0, 0x03, 0xF8, 0x7F,
  0x00, 0x1F, 0xC3, 0xF8, 0x00, 0xFE, 0x1F, 0xC0, 0x07, 0xF0, 0xFF, 0x00, 0x7F, 0xFB, 0xFC, 0x0E, 0xFF, 0xDF, 0xFF, 0xF7, 0xFE, 0x7F, 0xFF, 0x3F,
  0xF1, 0xFF, 0xF0, 0xFF, 0x87, 0xFF, 0x01, 0xFC, 0x0F, 0xE0, 0x00, 0x00, 0xFE, 0x00, 0x00, 0x1F, 0xC0, 0x00, 0x03, 0xF8, 0x00, 0x00, 0x7F, 0x00,
  0x00, 0x0F, 0xE0, 0x00, 0x01, 0xFC, 0x00, 0x00, 0x3F, 0x80, 0x00, 0x07, 0xF0, 0x00, 0x00, 0xFE, 0x00, 0x00, 0x1F, 0xC0, 0x00, 0x03, 0xF8, 0x00,
  0x00, 0x7F, 0x03, 0xF0, 0x0F, 0xE1, 0xFF, 0x81, 0xFC, 0x7F, 0xFC, 0x3F, 0x9F, 0xFF, 0xC7, 0xF7, 0xFF, 0xFC, 0xFE, 0xFF, 0xFF, 0x9F, 0xF8, 0x1F,
  0xFB, 0xFC, 0x01, 0xFF, 0x7F, 0x80, 0x1F, 0xEF, 0xE0, 0x01, 0xFD, 0xFC, 0x00, 0x3F, 0xFF, 0x80, 0x07, 0xFF, 0xF0, 0x00, 0x7F, 0xFE, 0x00, 0x0F,
  0xFF, 0xC0, 0x01, 0xFF, 0xF8, 0x00, 0x3F, 0xFF, 0x00, 0x07, 0xFF, 0xE0, 0x00, 0xFF, 0xFC, 0x00, 0x1F, 0xFF, 0x80, 0x07, 0xFF, 0xF0, 0x00, 0xFF,
  0xFE, 0x00, 0x1F, 0xDF, 0xE0, 0x07, 0xFB, 0xFC, 0x01, 0xFF, 0x7F, 0xE0, 0x7F, 0xEF, 0xEF, 0xFF, 0xF9, 0xFD, 0xFF, 0xFE, 0x3F, 0x9F, 0xFF, 0xC7,
  0xF1, 0xFF, 0xF0, 0xFE, 0x1F, 0xF8, 0x00, 0x00, 0xFC, 0x00, 0x00, 0x3F, 0xC0, 0x00, 0x7F, 0xFC, 0x00, 0x7F, 0xFF, 0xC0, 0x3F, 0xFF, 0xF8, 0x1F,
  0xFF, 0xFF, 0x07, 0xFF, 0xFF, 0xE3, 0xFE, 0x07, 0xF9, 0xFE, 0x00, 0xFE, 0x7F, 0x80, 0x1E, 0x1F, 0xC0, 0x02, 0x0F, 0xF0, 0x00, 0x03, 0xF8, 0x00,
  0x00, 0xFE, 0x00, 0x00, 0x3F, 0x80, 0x00, 0x0F, 0xE0, 0x00, 0x03, 0xF8, 0x00, 0x00, 0xFE, 0x00, 0x00, 0x3F, 0x80, 0x00, 0x0F, 0xE0, 0x00, 0x03,
  0xF8, 0x00, 0x00, 0xFF, 0x00, 0x00, 0x1F, 0xC0, 0x03, 0x07, 0xF8, 0x01, 0xF1, 0xFE, 0x00, 0xFE, 0x3F, 0xE0, 0x7F, 0xC7, 0xFF, 0xFF, 0xE1, 0xFF,
  0xFF, 0xF0, 0x3F, 0xFF, 0xF8, 0x07, 0xFF, 0xFC, 0x00, 0x7F, 0xFE, 0x00, 0x03, 0xFC, 0x00, 0x00, 0x00, 0x0F, 0xE0, 0x00, 0x01, 0xFC, 0x00, 0x00,
  0x3F, 0x80, 0x00, 0x07, 0xF0, 0x00, 0x00, 0xFE, 0x00, 0x00, 0x1F, 0xC0, 0x00, 0x03, 0xF8, 0x00, 0x00, 0x7F, 0x00, 0x00, 0x0F, 0xE0, 0x00, 0x01,
  0xFC, 0x00, 0x00, 0x3F, 0x80, 0xFE, 0x07, 0xF0, 0x7F, 0xF0, 0xFE, 0x1F, 0xFF, 0x1F, 0xC7, 0xFF, 0xF3, 0xF9, 0xFF, 0xFE, 0x7F, 0x3F, 0xFF, 0xFF,
  0xEF, 0xFC, 0x1F, 0xFD, 0xFE, 0x00, 0xFF, 0xFF, 0x80, 0x0F, 0xFF, 0xF0, 0x01, 0xFF, 0xFC, 0x00, 0x1F, 0xFF, 0x80, 0x03, 0xFF, 0xF0, 0x00, 0x7F,
  0xFE, 0x00, 0x0F, 0xFF, 0xC0, 0x01, 0xFF, 0xF8, 0x00, 0x3F, 0xFF, 0x00, 0x07, 0xFF, 0xE0, 0x00, 0xFF, 0xFC, 0x00, 0x1F, 0xFF, 0x80, 0x03, 0xFF,
  0xF0, 0x00, 0x7F, 0xFF, 0x00, 0x1F, 0xFF, 0xE0, 0x03, 0xFD, 0xFE, 0x00, 0xFF, 0xBF, 0xF0, 0x7F, 0xF3, 0xFF, 0xFF, 0xFE, 0x7F, 0xFF, 0x9F, 0xC7,
  0xFF, 0xF3, 0xF8, 0x7F, 0xFC, 0x7F, 0x07, 0xFF, 0x0F, 0xE0, 0x3F, 0x80, 0x00, 0x00, 0x3F, 0xC0, 0x00, 0x1F, 0xFF, 0x00, 0x03, 0xFF, 0xFC, 0x00,
  0x7F, 0xFF, 0xE0, 0x0F, 0xFF, 0xFF, 0x01, 0xFF, 0xFF, 0xF8, 0x3F, 0xE0, 0x7F, 0xC3, 0xF8, 0x01, 0xFC, 0x7F, 0x00, 0x1F, 0xC7, 0xF0, 0x00, 0xFE,
  0x7E, 0x00, 0x0F, 0xEF, 0xE0, 0x00, 0xFE, 0xFF, 0xFF, 0xFF, 0xEF, 0xFF, 0xFF, 0xFE, 0xFF, 0xFF, 0xFF, 0xEF, 0xFF, 0xFF, 0xFF, 0xFF, 0xFF, 0xFF,
  0xFF, 0xE0, 0x00, 0x00, 0xFE, 0x00, 0x00, 0x0F, 0xE0, 0x00, 0x00, 0x7F, 0x00, 0x00, 0x07, 0xF0, 0x00, 0x20, 0x7F, 0x80, 0x07, 0x03, 0xFC, 0x00,
  0xF8, 0x3F, 0xF0, 0x3F, 0xC1, 0xFF, 0xFF, 0xFC, 0x0F, 0xFF, 0xFF, 0xC0, 0x7F, 0xFF, 0xF8, 0x03, 0xFF, 0xFE, 0x00, 0x0F, 0xFF, 0xC0, 0x00, 0x3F,
  0xE0, 0x00, 0x00, 0x03, 0xFF, 0xE0, 0x01, 0xFF, 0xFC, 0x00, 0x7F, 0xFF, 0x80, 0x1F, 0xFF, 0xF0, 0x03, 0xFF, 0xFE, 0x00, 0xFF, 0xFF, 0xC0, 0x1F,
  0xC0, 0x00, 0x03, 0xF8, 0x00, 0x00, 0x7F, 0x00, 0x00, 0x0F, 0xE0, 0x00, 0x01, 0xFC, 0x00, 0x00, 0x3F, 0x80, 0x0F, 0xFF, 0xFF, 0xFF, 0xFF, 0xFF,
  0xFF, 0xFF, 0xFF, 0xFF, 0xFF, 0xFF, 0xFF, 0xFF, 0xFF, 0xFF, 0xFF, 0xFF, 0xFF, 0xFF, 0xFC, 0x01, 0xFC, 0x00, 0x00, 0x3F, 0x80, 0x00, 0x07, 0xF0,
  0x00, 0x00, 0xFE, 0x00, 0x00, 0x1F, 0xC0, 0x00, 0x03, 0xF8, 0x00, 0x00, 0x7F, 0x00, 0x00, 0x0F, 0xE0, 0x00, 0x01, 0xFC, 0x00, 0x00, 0x3F, 0x80,
  0x00, 0x07, 0xF0, 0x00, 0x00, 0xFE, 0x00, 0x00, 0x1F, 0xC0, 0x00, 0x03, 0xF8, 0x00, 0x00, 0x7F, 0x00, 0x00, 0x0F, 0xE0, 0x00, 0x01, 0xFC, 0x00,
  0x7F, 0xFF, 0xFF, 0xEF, 0xFF, 0xFF, 0xFD, 0xFF, 0xFF, 0xFF, 0xBF, 0xFF, 0xFF, 0xF7, 0xFF, 0xFF, 0xFE, 0xFF, 0xFF, 0xFF, 0xC0, 0x00, 0x00, 0x07,
  0xF0, 0x00, 0x00, 0x7F, 0x80, 0x00, 0x07, 0xFC, 0x00, 0x00, 0x3F, 0xE0, 0x00, 0x01, 0xFF, 0x00, 0x3F, 0xEF, 0xF8, 0x07, 0xFF, 0xE0, 0x00, 0xFF,
  0xFF, 0x80, 0x0F, 0xFF, 0xFE, 0x00, 0xFF, 0xFF, 0xF8, 0x07, 0xF8, 0x3F, 0xE0, 0x7F, 0x00, 0x7F, 0x03, 0xF8, 0x03, 0xF8, 0x1F, 0x80, 0x0F, 0xE1,
  0xFC, 0x00, 0x7F, 0x0F, 0xE0, 0x03, 0xF8, 0x7F, 0x00, 0x1F, 0xC1, 0xF8, 0x00, 0xFE, 0x0F, 0xE0, 0x0F, 0xE0, 0x7F, 0x00, 0x7F, 0x01, 0xFE, 0x0F,
  0xF8, 0x0F, 0xFF, 0xFF, 0x80, 0x3F, 0xFF, 0xF8, 0x00, 0xFF, 0xFF, 0x80, 0x01, 0xFF, 0xF0, 0x00, 0x7F, 0xFE, 0x00, 0x07, 0xC0, 0x00, 0x00, 0x7C,
  0x00, 0x00, 0x03, 0xE0, 0x00, 0x00, 0x1F, 0x80, 0x00, 0x00, 0xFF, 0xFF, 0xF8, 0x07, 0xFF, 0xFF, 0xF0, 0x1F, 0xFF, 0xFF, 0xE0, 0x7F, 0xFF, 0xFF,
  0x81, 0xFF, 0xFF, 0xFC, 0x3F, 0xFF, 0xFF, 0xF7, 0xE0, 0x00, 0x7F, 0xBE, 0x00, 0x01, 0xFF, 0xF0, 0x00, 0x0F, 0xFF, 0x80, 0x00, 0x7F, 0xFE, 0x00,
  0x03, 0xFF, 0xF8, 0x00, 0x7F, 0xFF, 0xFF, 0xFF, 0xFC, 0xFF, 0xFF, 0xFF, 0xC3, 0xFF, 0xFF, 0xFC, 0x07, 0xFF, 0xFF, 0x80, 0x07, 0xFF, 0xC0, 0x00,
  0xFE, 0x00, 0x00, 0x3F, 0x80, 0x00, 0x0F, 0xE0, 0x00, 0x03, 0xF8, 0x00, 0x00, 0xFE, 0x00, 0x00, 0x3F, 0x80, 0x00, 0x0F, 0xE0, 0x00, 0x03, 0xF8,
  0x00, 0x00, 0xFE, 0x00, 0x00, 0x3F, 0x80, 0x00, 0x0F, 0xE0, 0x00, 0x03, 0xF8, 0x1F, 0x80, 0xFE, 0x1F, 0xF8, 0x3F, 0x8F, 0xFF, 0x8F, 0xE7, 0xFF,
  0xE3, 0xFB, 0xFF, 0xFC, 0xFF, 0xFF, 0xFF, 0xBF, 0xF0, 0x3F, 0xEF, 0xF8, 0x07, 0xFB, 0xFC, 0x00, 0xFE, 0xFF, 0x00, 0x3F, 0xFF, 0x80, 0x0F, 0xFF,
  0xE0, 0x03, 0xFF, 0xF8, 0x00, 0x7F, 0xFE, 0x00, 0x1F, 0xFF, 0x80, 0x07, 0xFF, 0xE0, 0x01, 0xFF, 0xF8, 0x00, 0x7F, 0xFE, 0x00, 0x1F, 0xFF, 0x80,
  0x07, 0xFF, 0xE0, 0x01, 0xFF, 0xF8, 0x00, 0x7F, 0xFE, 0x00, 0x1F, 0xFF, 0x80, 0x07, 0xFF, 0xE0, 0x01, 0xFF, 0xF8, 0x00, 0x7F, 0xFE, 0x00, 0x1F,
  0xFF, 0x80, 0x07, 0xFF, 0xE0, 0x01, 0xFF, 0xF8, 0x00, 0x7F, 0xFE, 0x00, 0x1F, 0xC0, 0x00, 0x1F, 0x00, 0x00, 0x0F, 0xE0, 0x00, 0x07, 0xFC, 0x00,
  0x01, 0xFF, 0x00, 0x00, 0x7F, 0xC0, 0x00, 0x1F, 0xF0, 0x00, 0x07, 0xFC, 0x00, 0x00, 0xFE, 0x00, 0x00, 0x1F, 0x00, 0x00, 0x00, 0x00, 0x00, 0x00,
  0x00, 0x00, 0x00, 0x00, 0x00, 0x00, 0x00, 0x00, 0x00, 0x00, 0x00, 0x0F, 0xFF, 0xF8, 0x03, 0xFF, 0xFE, 0x00, 0xFF, 0xFF, 0x80, 0x3F, 0xFF, 0xE0,
  0x0F, 0xFF, 0xF8, 0x03, 0xFF, 0xFE, 0x00, 0x00, 0x3F, 0x80, 0x00, 0x0F, 0xE0, 0x00, 0x03, 0xF8, 0x00, 0x00, 0xFE, 0x00, 0x00, 0x3F, 0x80, 0x00,
  0x0F, 0xE0, 0x00, 0x03, 0xF8, 0x00, 0x00, 0xFE, 0x00, 0x00, 0x3F, 0x80, 0x00, 0x0F, 0xE0, 0x00, 0x03, 0xF8, 0x00, 0x00, 0xFE, 0x00, 0x00, 0x3F,
  0x80, 0x00, 0x0F, 0xE0, 0x00, 0x03, 0xF8, 0x00, 0x00, 0xFE, 0x00, 0x00, 0x3F, 0x80, 0x3F, 0xFF, 0xFF, 0xFF, 0xFF, 0xFF, 0xFF, 0xFF, 0xFF, 0xFF,
  0xFF, 0xFF, 0xFF, 0xFF, 0xFF, 0xFF, 0xFF, 0xFF, 0xFF, 0xFC, 0x00, 0x07, 0xE0, 0x00, 0xFF, 0x00, 0x0F, 0xF0, 0x01, 0xFF, 0x00, 0x1F, 0xF0, 0x01,
  0xFF, 0x00, 0x0F, 0xF0, 0x00, 0xFF, 0x00, 0x07, 0xE0, 0x00, 0x00, 0x00, 0x00, 0x00, 0x00, 0x00, 0x00, 0x00, 0x00, 0x00, 0x00, 0xFF, 0xFF, 0xEF,
  0xFF, 0xFE, 0xFF, 0xFF, 0xEF, 0xFF, 0xFE, 0xFF, 0xFF, 0xEF, 0xFF, 0xFE, 0x00, 0x0F, 0xE0, 0x00, 0xFE, 0x00, 0x0F, 0xE0, 0x00, 0xFE, 0x00, 0x0F,
  0xE0, 0x00, 0xFE, 0x00, 0x0F, 0xE0, 0x00, 0xFE, 0x00, 0x0F, 0xE0, 0x00, 0xFE, 0x00, 0x0F, 0xE0, 0x00, 0xFE, 0x00, 0x0F, 0xE0, 0x00, 0xFE, 0x00,
  0x0F, 0xE0, 0x00, 0xFE, 0x00, 0x0F, 0xE0, 0x00, 0xFE, 0x00, 0x0F, 0xE0, 0x00, 0xFE, 0x00, 0x0F, 0xE0, 0x00, 0xFE, 0x00, 0x0F, 0xE0, 0x00, 0xFE,
  0x00, 0x0F, 0xE0, 0x00, 0xFE, 0x00, 0x0F, 0xE0, 0x00, 0xFE, 0xFF, 0xFF, 0xEF, 0xFF, 0xFE, 0xFF, 0xFF, 0xCF, 0xFF, 0xFC, 0xFF, 0xFF, 0x8F, 0xFF,
  0xE0, 0xFE, 0x00, 0x00, 0x0F, 0xE0, 0x00, 0x00, 0xFE, 0x00, 0x00, 0x0F, 0xE0, 0x00, 0x00, 0xFE, 0x00, 0x00, 0x0F, 0xE0, 0x00, 0x00, 0xFE, 0x00,
  0x00, 0x0F, 0xE0, 0x00, 0x00, 0xFE, 0x00, 0x00, 0x0F, 0xE0, 0x00, 0x00, 0xFE, 0x00, 0x00, 0x0F, 0xE0, 0x00, 0x00, 0xFE, 0x00, 0x1F, 0xEF, 0xE0,
  0x03, 0xFC, 0xFE, 0x00, 0x7F, 0x8F, 0xE0, 0x0F, 0xF0, 0xFE, 0x01, 0xFE, 0x0F, 0xE0, 0x3F, 0xC0, 0xFE, 0x07, 0xF8, 0x0F, 0xE0, 0xFF, 0x00, 0xFE,
  0x1F, 0xE0, 0x0F, 0xE3, 0xFC, 0x00, 0xFE, 0x7F, 0x80, 0x0F, 0xFF, 0xF0, 0x00, 0xFF, 0xFF, 0x80, 0x0F, 0xFF, 0xF8, 0x00, 0xFF, 0xFF, 0xC0, 0x0F,
  0xFF, 0xFE, 0x00, 0xFF, 0xCF, 0xF0, 0x0F, 0xF8, 0xFF, 0x00, 0xFF, 0x07, 0xF8, 0x0F, 0xE0, 0x3F, 0xC0, 0xFE, 0x03, 0xFE, 0x0F, 0xE0, 0x1F, 0xE0,
  0xFE, 0x00, 0xFF, 0x0F, 0xE0, 0x0F, 0xF8, 0xFE, 0x00, 0x7F, 0x8F, 0xE0, 0x03, 0xFC, 0xFE, 0x00, 0x3F, 0xEF, 0xE0, 0x01, 0xFF, 0xFE, 0x00, 0x0F,
  0xF0, 0xFF, 0xFF, 0x00, 0x3F, 0xFF, 0xC0, 0x0F, 0xFF, 0xF0, 0x03, 0xFF, 0xFC, 0x00, 0xFF, 0xFF, 0x00, 0x3F, 0xFF, 0xC0, 0x00, 0x07, 0xF0, 0x00,
  0x01, 0xFC, 0x00, 0x00, 0x7F, 0x00, 0x00, 0x1F, 0xC0, 0x00, 0x07, 0xF0, 0x00, 0x01, 0xFC, 0x00, 0x00, 0x7F, 0x00, 0x00, 0x1F, 0xC0, 0x00, 0x07,
  0xF0, 0x00, 0x01, 0xFC, 0x00, 0x00, 0x7F, 0x00, 0x00, 0x1F, 0xC0, 0x00, 0x07, 0xF0, 0x00, 0x01, 0xFC, 0x00, 0x00, 0x7F, 0x00, 0x00, 0x1F, 0xC0,
  0x00, 0x07, 0xF0, 0x00, 0x01, 0xFC, 0x00, 0x00, 0x7F, 0x00, 0x00, 0x1F, 0xC0, 0x00, 0x07, 0xF0, 0x00, 0x01, 0xFC, 0x00, 0x00, 0x7F, 0x00, 0x00,
  0x1F, 0xC0, 0x00, 0x07, 0xF0, 0x00, 0x01, 0xFC, 0x00, 0x00, 0x7F, 0x00, 0x00, 0x1F, 0xC0, 0x00, 0x07, 0xF0, 0x03, 0xFF, 0xFF, 0xFF, 0xFF, 0xFF,
  0xFF, 0xFF, 0xFF, 0xFF, 0xFF, 0xFF, 0xFF, 0xFF, 0xFF, 0xFF, 0xFF, 0xFF, 0xFF, 0xFF, 0xC0, 0x00, 0x3C, 0x07, 0xC7, 0xE3, 0xF0, 0x7F, 0x3F, 0x3F,
  0xC7, 0xFD, 0xFB, 0xFE, 0x7F, 0xFF, 0xDF, 0xFB, 0xFF, 0xFE, 0xFF, 0xFF, 0xFF, 0xF8, 0x7F, 0x8F, 0xFF, 0x83, 0xF8, 0x3F, 0xFC, 0x0F, 0xC1, 0xFF,
  0xE0, 0x7E, 0x07, 0xFF, 0x03, 0xF0, 0x3F, 0xF8, 0x1F, 0x81, 0xFF, 0xC0, 0xFC, 0x0F, 0xFE, 0x07, 0xE0, 0x7F, 0xF0, 0x3F, 0x03, 0xFF, 0x81, 0xF8,
  0x1F, 0xFC, 0x0F, 0xC0, 0xFF, 0xE0, 0x7E, 0x07, 0xFF, 0x03, 0xF0, 0x3F, 0xF8, 0x1F, 0x81, 0xFF, 0xC0, 0xFC, 0x0F, 0xFE, 0x07, 0xE0, 0x7F, 0xF0,
  0x3F, 0x03, 0xFF, 0x81, 0xF8, 0x1F, 0xFC, 0x0F, 0xC0, 0xFF, 0xE0, 0x7E, 0x07, 0xFF, 0x03, 0xF0, 0x3F, 0xF8, 0x1F, 0x81, 0xFF, 0xC0, 0xFC, 0x0F,
  0xFE, 0x07, 0xE0, 0x7C, 0x00, 0x07, 0xE0, 0x3F, 0x87, 0xFE, 0x0F, 0xE3, 0xFF, 0xE3, 0xF9, 0xFF, 0xF8, 0xFE, 0xFF, 0xFF, 0x3F, 0xFF, 0xFF, 0xEF,
  0xFC, 0x0F, 0xFB, 0xFE, 0x01, 0xFE, 0xFF, 0x00, 0x3F, 0xBF, 0xC0, 0x0F, 0xFF, 0xE0, 0x03, 0xFF, 0xF8, 0x00, 0xFF, 0xFE, 0x00, 0x1F, 0xFF, 0x80,
  0x07, 0xFF, 0xE0, 0x01, 0xFF, 0xF8, 0x00, 0x7F, 0xFE, 0x00, 0x1F, 0xFF, 0x80, 0x07, 0xFF, 0xE0, 0x01, 0xFF, 0xF8, 0x00, 0x7F, 0xFE, 0x00, 0x1F,
  0xFF, 0x80, 0x07, 0xFF, 0xE0, 0x01, 0xFF, 0xF8, 0x00, 0x7F, 0xFE, 0x00, 0x1F, 0xFF, 0x80, 0x07, 0xFF, 0xE0, 0x01, 0xFF, 0xF8, 0x00, 0x7F, 0xFE,
  0x00, 0x1F, 0xFF, 0x80, 0x07, 0xF0, 0x00, 0x3F, 0xC0, 0x00, 0x1F, 0xFF, 0x00, 0x07, 0xFF, 0xFC, 0x00, 0xFF, 0xFF, 0xE0, 0x1F, 0xFF, 0xFF, 0x01,
  0xFF, 0xFF, 0xF8, 0x3F, 0xE0, 0x7F, 0xC7, 0xF8, 0x03, 0xFC, 0x7F, 0x00, 0x1F, 0xE7, 0xF0, 0x00, 0xFE, 0xFF, 0x00, 0x0F, 0xEF, 0xE0, 0x00, 0xFF,
  0xFE, 0x00, 0x0F, 0xFF, 0xE0, 0x00, 0xFF, 0xFE, 0x00, 0x0F, 0xFF, 0xE0, 0x00, 0xFF, 0xFE, 0x00, 0x0F, 0xFF, 0xE0, 0x00, 0xFF, 0xFE, 0x00, 0x0F,
  0xFF, 0xE0, 0x00, 0xFF, 0xFF, 0x00, 0x0F, 0xE7, 0xF0, 0x00, 0xFE, 0x7F, 0x00, 0x1F, 0xE7, 0xF8, 0x03, 0xFC, 0x3F, 0xE0, 0x7F, 0xC1, 0xFF, 0xFF,
  0xF8, 0x1F, 0xFF, 0xFF, 0x00, 0xFF, 0xFF, 0xE0, 0x07, 0xFF, 0xFC, 0x00, 0x1F, 0xFF, 0x00, 0x00, 0x3F, 0xC0, 0x00, 0x00, 0x07, 0xE0, 0x1F, 0xC3,
  0xFF, 0x03, 0xF8, 0xFF, 0xF8, 0x7F, 0x3F, 0xFF, 0x8F, 0xEF, 0xFF, 0xF9, 0xFD, 0xFF, 0xFF, 0x3F, 0xF0, 0x3F, 0xF7, 0xF8, 0x03, 0xFE, 0xFF, 0x00,
  0x3F, 0xDF, 0xC0, 0x03, 0xFB, 0xF8, 0x00, 0x7F, 0xFF, 0x00, 0x0F, 0xFF, 0xE0, 0x00, 0xFF, 0xFC, 0x00, 0x1F, 0xFF, 0x80, 0x03, 0xFF, 0xF0, 0x00,
  0x7F, 0xFE, 0x00, 0x0F, 0xFF, 0xC0, 0x01, 0xFF, 0xF8, 0x00, 0x3F, 0xFF, 0x00, 0x0F, 0xFF, 0xE0, 0x01, 0xFF, 0xFC, 0x00, 0x3F, 0xBF, 0xC0, 0x0F,
  0xF7, 0xF8, 0x03, 0xFE, 0xFF, 0xC0, 0xFF, 0xDF, 0xDF, 0xFF, 0xF3, 0xFB, 0xFF, 0xFC, 0x7F, 0x3F, 0xFF, 0x8F, 0xE3, 0xFF, 0xE1, 0xFC, 0x3F, 0xF0,
  0x3F, 0x81, 0xF8, 0x07, 0xF0, 0x00, 0x00, 0xFE, 0x00, 0x00, 0x1F, 0xC0, 0x00, 0x03, 0xF8, 0x00, 0x00, 0x7F, 0x00, 0x00, 0x0F, 0xE0, 0x00, 0x01,
  0xFC, 0x00, 0x00, 0x3F, 0x80, 0x00, 0x07, 0xF0, 0x00, 0x00, 0xFE, 0x00, 0x00, 0x00, 0x01, 0xFC, 0x00, 0x00, 0xFF, 0xE1, 0xFC, 0x3F, 0xFE, 0x3F,
  0x8F, 0xFF, 0xE7, 0xF3, 0xFF, 0xFC, 0xFE, 0x7F, 0xFF, 0xFF, 0xDF, 0xF8, 0x3F, 0xFB, 0xFC, 0x01, 0xFF, 0xFF, 0x00, 0x1F, 0xFF, 0xE0, 0x03, 0xFF,
  0xF8, 0x00, 0x3F, 0xFF, 0x00, 0x07, 0xFF, 0xE0, 0x00, 0xFF, 0xFC, 0x00, 0x1F, 0xFF, 0x80, 0x03, 0xFF, 0xF0, 0x00, 0x7F, 0xFE, 0x00, 0x0F, 0xFF,
  0xC0, 0x01, 0xFF, 0xF8, 0x00, 0x3F, 0xFF, 0x00, 0x07, 0xFF, 0xE0, 0x00, 0xFF, 0xFE, 0x00, 0x3F, 0xFF, 0xC0, 0x07, 0xFB, 0xFC, 0x01, 0xFF, 0x7F,
  0xE0, 0xFF, 0xE7, 0xFF, 0xFF, 0xFC, 0xFF, 0xFF, 0x3F, 0x8F, 0xFF, 0xE7, 0xF0, 0xFF, 0xF8, 0xFE, 0x0F, 0xFE, 0x1F, 0xC0, 0x7F, 0x03, 0xF8, 0x00,
  0x00, 0x7F, 0x00, 0x00, 0x0F, 0xE0, 0x00, 0x01, 0xFC, 0x00, 0x00, 0x3F, 0x80, 0x00, 0x07, 0xF0, 0x00, 0x00, 0xFE, 0x00, 0x00, 0x1F, 0xC0, 0x00,
  0x03, 0xF8, 0x00, 0x00, 0x7F, 0x00, 0x00, 0x0F, 0xE0, 0xFF, 0xFE, 0x07, 0xFF, 0xFF, 0xC3, 0xFF, 0xFF, 0xF8, 0xFF, 0xFF, 0xFF, 0x3F, 0xFF, 0xFF,
  0xEF, 0xFF, 0xFF, 0xFD, 0xFF, 0xC0, 0x7F, 0xF8, 0x00, 0x0F, 0xFC, 0x00, 0x01, 0xFF, 0x00, 0x00, 0x3F, 0xC0, 0x00, 0x07, 0xF8, 0x00, 0x00, 0xFF,
  0x00, 0x00, 0x1F, 0xE0, 0x00, 0x03, 0xFC, 0x00, 0x00, 0x7F, 0x80, 0x00, 0x0F, 0xF0, 0x00, 0x01, 0xFE, 0x00, 0x00, 0x3F, 0xC0, 0x00, 0x07, 0xF8,
  0x00, 0x00, 0xFF, 0x00, 0x00, 0x1F, 0xE0, 0x00, 0x03, 0xFC, 0x00, 0x00, 0x7F, 0x80, 0x07, 0xFF, 0xFF, 0xFC, 0xFF, 0xFF, 0xFF, 0x9F, 0xFF, 0xFF,
  0xF3, 0xFF, 0xFF, 0xFE, 0x7F, 0xFF, 0xFF, 0xCF, 0xFF, 0xFF, 0xF8, 0x00, 0x3F, 0xE0, 0x00, 0x3F, 0xFF, 0x80, 0x1F, 0xFF, 0xFC, 0x07, 0xFF, 0xFF,
  0xC1, 0xFF, 0xFF, 0xFC, 0x3F, 0xFF, 0xFF, 0x8F, 0xF8, 0x0F, 0xE1, 0xFC, 0x00, 0x78, 0x3F, 0x80, 0x02, 0x07, 0xF0, 0x00, 0x00, 0xFE, 0x00, 0x00,
  0x1F, 0xF0, 0x00, 0x03, 0xFF, 0xF0, 0x00, 0x7F, 0xFF, 0xF0, 0x07, 0xFF, 0xFF, 0x80, 0x7F, 0xFF, 0xF8, 0x07, 0xFF, 0xFF, 0x80, 0x3F, 0xFF, 0xF8,
  0x00, 0x7F, 0xFF, 0x00, 0x00, 0x1F, 0xF0, 0x00, 0x01, 0xFE, 0x00, 0x00, 0x1F, 0xC7, 0x00, 0x03, 0xF9, 0xF0, 0x00, 0xFE, 0x7F, 0xC0, 0x7F, 0xDF,
  0xFF, 0xFF, 0xF9, 0xFF, 0xFF, 0xFE, 0x1F, 0xFF, 0xFF, 0x80, 0xFF, 0xFF, 0xE0, 0x07, 0xFF, 0xF0, 0x00, 0x1F, 0xF0, 0x00, 0x00, 0x7F, 0x00, 0x00,
  0x07, 0xF0, 0x00, 0x00, 0x7F, 0x00, 0x00, 0x07, 0xF0, 0x00, 0x00, 0x7F, 0x00, 0x00, 0x07, 0xF0, 0x00, 0x00, 0x7F, 0x00, 0x00, 0x07, 0xF0, 0x00,
  0x00, 0x7F, 0x00, 0x00, 0x0F, 0xF0, 0x00, 0xFF, 0xFF, 0xFF, 0xFF, 0xFF, 0xFF, 0xFF, 0xFF, 0xFF, 0xFF, 0xFF, 0xFF, 0xFF, 0xFF, 0xFF, 0xFF, 0xFF,
  0xFF, 0xFF, 0xFF, 0xFF, 0x00, 0x7F, 0x00, 0x00, 0x07, 0xF0, 0x00, 0x00, 0x7F, 0x00, 0x00, 0x07, 0xF0, 0x00, 0x00, 0x7F, 0x00, 0x00, 0x07, 0xF0,
  0x00, 0x00, 0x7F, 0x00, 0x00, 0x07, 0xF0, 0x00, 0x00, 0x7F, 0x00, 0x00, 0x07, 0xF0, 0x00, 0x00, 0x7F, 0x00, 0x00, 0x07, 0xF0, 0x00, 0x00, 0x7F,
  0x00, 0x00, 0x07, 0xF0, 0x00, 0x00, 0x7F, 0x00, 0x00, 0x07, 0xF0, 0x00, 0x00, 0x7F, 0x00, 0x00, 0x07, 0xFF, 0xFF, 0x00, 0x7F, 0xFF, 0xF0, 0x03,
  0xFF, 0xFF, 0x00, 0x3F, 0xFF, 0xF0, 0x01, 0xFF, 0xFF, 0x00, 0x07, 0xFF, 0xF0, 0xFE, 0x00, 0x3F, 0xFF, 0x00, 0x1F, 0xFF, 0x80, 0x0F, 0xFF, 0xC0,
  0x07, 0xFF, 0xE0, 0x03, 0xFF, 0xF0, 0x01, 0xFF, 0xF8, 0x00, 0xFF, 0xFC, 0x00, 0x7F, 0xFE, 0x00, 0x3F, 0xFF, 0x00, 0x1F, 0xFF, 0x80, 0x0F, 0xFF,
  0xC0, 0x07, 0xFF, 0xE0, 0x03, 0xFF, 0xF0, 0x01, 0xFF, 0xF8, 0x00, 0xFF, 0xFC, 0x00, 0x7F, 0xFE, 0x00, 0x3F, 0xFF, 0x00, 0x1F, 0xFF, 0x80, 0x0F,
  0xFF, 0xC0, 0x07, 0xFF, 0xE0, 0x03, 0xFF, 0xF8, 0x01, 0xFF, 0xFE, 0x01, 0xFE, 0xFF, 0x83, 0xFF, 0x7F, 0xFF, 0xFF, 0xBF, 0xFF, 0xDF, 0xCF, 0xFF,
  0xEF, 0xE3, 0xFF, 0xE7, 0xF0, 0xFF, 0xE3, 0xF8, 0x1F, 0xC0, 0x00, 0xFF, 0x00, 0x03, 0xFB, 0xF8, 0x00, 0x1F, 0xDF, 0xC0, 0x01, 0xFE, 0xFF, 0x00,
  0x0F, 0xE3, 0xF8, 0x00, 0x7F, 0x1F, 0xC0, 0x03, 0xF8, 0xFF, 0x00, 0x3F, 0x83, 0xF8, 0x01, 0xFC, 0x1F, 0xC0, 0x0F, 0xC0, 0x7F, 0x00, 0xFE, 0x03,
  0xF8, 0x07, 0xF0, 0x1F, 0xC0, 0x3F, 0x00, 0x7F, 0x03, 0xF8, 0x03, 0xF8, 0x1F, 0xC0, 0x1F, 0xC0, 0xFC, 0x00, 0x7E, 0x0F, 0xE0, 0x03, 0xF8, 0x7F,
  0x00, 0x1F, 0xC3, 0xF0, 0x00, 0x7E, 0x1F, 0x80, 0x03, 0xF9, 0xFC, 0x00, 0x1F, 0xCF, 0xC0, 0x00, 0x7E, 0x7E, 0x00, 0x03, 0xFF, 0xE0, 0x00, 0x0F,
  0xFF, 0x00, 0x00, 0x7F, 0xF8, 0x00, 0x03, 0xFF, 0x80, 0x00, 0x0F, 0xFC, 0x00, 0x00, 0x7F, 0xE0, 0x00, 0x03, 0xFE, 0x00, 0x00, 0xFC, 0x07, 0xE0,
  0x3F, 0xFC, 0x0F, 0xE0, 0x3F, 0xFC, 0x0F, 0xF0, 0x3E, 0xFC, 0x0F, 0xF0, 0x3E, 0xFC, 0x0F, 0xF0, 0x3E, 0xFC, 0x0F, 0xF0, 0x3E, 0x7C, 0x0F, 0xF0,
  0x7E, 0x7E, 0x1F, 0xF0, 0x7E, 0x7E, 0x1E, 0xF8, 0x7E, 0x7E, 0x1E, 0xF8, 0x7E, 0x7E, 0x1E, 0x78, 0x7C, 0x7E, 0x1E, 0x78, 0x7C, 0x7E, 0x1E, 0x78,
  0x7C, 0x3E, 0x3E, 0x78, 0x7C, 0x3E, 0x3C, 0x7C, 0x7C, 0x3E, 0x3C, 0x7C, 0xFC, 0x3E, 0x3C, 0x7C, 0xFC, 0x3F, 0x3C, 0x3C, 0xFC, 0x3F, 0x3C, 0x3C,
  0xF8, 0x3F, 0x7C, 0x3C, 0xF8, 0x3F, 0x7C, 0x3E, 0xF8, 0x1F, 0x78, 0x3E, 0xF8, 0x1F, 0x78, 0x3E, 0xF8, 0x1F, 0x78, 0x1E, 0xF8, 0x1F, 0xF8, 0x1F,
  0xF8, 0x1F, 0xF8, 0x1F, 0xF8, 0x1F, 0xF8, 0x1F, 0xF0, 0x1F, 0xF0, 0x1F, 0xF0, 0x1F, 0xF0, 0x1F, 0xF0, 0x7F, 0x80, 0x07, 0xF9, 0xFE, 0x00, 0x7F,
  0x8F, 0xF0, 0x03, 0xF8, 0x3F, 0xC0, 0x3F, 0xC0, 0xFF, 0x03, 0xFC, 0x07, 0xF8, 0x1F, 0xC0, 0x1F, 0xE1, 0xFC, 0x00, 0x7F, 0x9F, 0xE0, 0x01, 0xFC,
  0xFE, 0x00, 0x0F, 0xFF, 0xE0, 0x00, 0x3F, 0xFE, 0x00, 0x00, 0xFF, 0xF0, 0x00, 0x07, 0xFF, 0x00, 0x00, 0x1F, 0xF0, 0x00, 0x00, 0xFF, 0x80, 0x00,
  0x07, 0xFE, 0x00, 0x00, 0x7F, 0xF8, 0x00, 0x07, 0xFF, 0xC0, 0x00, 0x3F, 0xFF, 0x00, 0x03, 0xFB, 0xFC, 0x00, 0x3F, 0x8F, 0xF0, 0x03, 0xFC, 0x7F,
  0x80, 0x1F, 0xC1, 0xFE, 0x01, 0xFC, 0x07, 0xF8, 0x1F, 0xE0, 0x3F, 0xC1, 0xFE, 0x00, 0xFF, 0x0F, 0xE0, 0x03, 0xFC, 0xFF, 0x00, 0x1F, 0xFF, 0xF0,
  0x00, 0x7F, 0x80, 0xFE, 0x00, 0x01, 0xFF, 0xFC, 0x00, 0x0F, 0xE7, 0xF0, 0x00, 0x3F, 0x9F, 0xE0, 0x01, 0xFE, 0x7F, 0x80, 0x07, 0xF0, 0xFE, 0x00,
  0x1F, 0xC3, 0xFC, 0x00, 0xFE, 0x07, 0xF0, 0x03, 0xF8, 0x1F, 0xC0, 0x0F, 0xE0, 0x7F, 0x80, 0x7F, 0x00, 0xFE, 0x01, 0xFC, 0x03, 0xF8, 0x0F, 0xE0,
  0x07, 0xF0, 0x3F, 0x80, 0x1F, 0xC0, 0xFC, 0x00, 0x3F, 0x07, 0xF0, 0x00, 0xFE, 0x1F, 0xC0, 0x03, 0xF8, 0x7E, 0x00, 0x07, 0xE3, 0xF8, 0x00, 0x1F,
  0xCF, 0xC0, 0x00, 0x3F, 0x3F, 0x00, 0x00, 0xFF, 0xFC, 0x00, 0x03, 0xFF, 0xE0, 0x00, 0x07, 0xFF, 0x80, 0x00, 0x1F, 0xFC, 0x00, 0x00, 0x3F, 0xF0,
  0x00, 0x00, 0xFF, 0xC0, 0x00, 0x03, 0xFE, 0x00, 0x00, 0x07, 0xF8, 0x00, 0x00, 0x1F, 0xC0, 0x00, 0x00, 0x7F, 0x00, 0x00, 0x03, 0xFC, 0x00, 0x00,
  0x0F, 0xE0, 0x00, 0x00, 0x3F, 0x80, 0x00, 0x01, 0xFC, 0x00, 0x03, 0xFF, 0xF0, 0x00, 0x0F, 0xFF, 0x80, 0x00, 0x3F, 0xFE, 0x00, 0x00, 0xFF, 0xF0,
  0x00, 0x03, 0xFF, 0x80, 0x00, 0x0F, 0xF8, 0x00, 0x00, 0x7F, 0xFF, 0xFF, 0x9F, 0xFF, 0xFF, 0xE7, 0xFF, 0xFF, 0xF9, 0xFF, 0xFF, 0xFE, 0x7F, 0xFF,
  0xFF, 0x9F, 0xFF, 0xFF, 0xE0, 0x00, 0x0F, 0xF8, 0x00, 0x07, 0xFC, 0x00, 0x03, 0xFE, 0x00, 0x01, 0xFF, 0x00, 0x00, 0xFF, 0x80, 0x00, 0x7F, 0xC0,
  0x00, 0x3F, 0xE0, 0x00, 0x1F, 0xF0, 0x00, 0x0F, 0xF8, 0x00, 0x07, 0xFC, 0x00, 0x03, 0xFE, 0x00, 0x01, 0xFF, 0x00, 0x00, 0xFF, 0x80, 0x00, 0x7F,
  0xC0, 0x00, 0x3F, 0xE0, 0x00, 0x1F, 0xF0, 0x00, 0x0F, 0xF8, 0x00, 0x03, 0xFF, 0xFF, 0xFF, 0xFF, 0xFF, 0xFF, 0xFF, 0xFF, 0xFF, 0xFF, 0xFF, 0xFF,
  0xFF, 0xFF, 0xFF, 0xFF, 0xFF, 0xFF, 0xFF, 0xC0, 0x00, 0x3F, 0xFE, 0x00, 0xFF, 0xFC, 0x03, 0xFF, 0xF8, 0x0F, 0xFF, 0xF0, 0x1F, 0xFF, 0xE0, 0x3F,
  0xFF, 0xC0, 0x7E, 0x00, 0x00, 0xFC, 0x00, 0x01, 0xF8, 0x00, 0x03, 0xF0, 0x00, 0x07, 0xE0, 0x00, 0x0F, 0xC0, 0x00, 0x0F, 0xC0, 0x00, 0x1F, 0x80,
  0x00, 0x1F, 0x80, 0x00, 0x1F, 0x80, 0x00, 0x1F, 0x00, 0x00, 0x3F, 0x00, 0x00, 0x3E, 0x00, 0x00, 0x7E, 0x00, 0x00, 0xFC, 0x00, 0x03, 0xF0, 0x00,
  0x1F, 0xE0, 0x7F, 0xFF, 0x80, 0xFF, 0xFC, 0x01, 0xFF, 0xE0, 0x03, 0xFF, 0xF0, 0x07, 0xFF, 0xF8, 0x00, 0x07, 0xF8, 0x00, 0x03, 0xF0, 0x00, 0x03,
  0xF0, 0x00, 0x07, 0xE0, 0x00, 0x0F, 0x80, 0x00, 0x3F, 0x00, 0x00, 0x7C, 0x00, 0x01, 0xF8, 0x00, 0x07, 0xE0, 0x00, 0x1F, 0x80, 0x00, 0x3F, 0x00,
  0x00, 0xFC, 0x00, 0x01, 0xF8, 0x00, 0x03, 0xF0, 0x00, 0x07, 0xE0, 0x00, 0x0F, 0xC0, 0x00, 0x1F, 0x80, 0x00, 0x3F, 0xFF, 0xC0, 0x7F, 0xFF, 0x80,
  0xFF, 0xFF, 0x00, 0xFF, 0xFE, 0x00, 0xFF, 0xFC, 0x00, 0xFF, 0xF8, 0xFF, 0xFF, 0xFF, 0xFF, 0xFF, 0xFF, 0xFF, 0xFF, 0xFF, 0xFF, 0xFF, 0xFF, 0xFF,
  0xFF, 0xFF, 0xFF, 0xFF, 0xFF, 0xFF, 0xFF, 0xFF, 0xFF, 0xFF, 0xFF, 0xFF, 0xFF, 0xFF, 0xFF, 0xFF, 0xFF, 0xFF, 0xFF, 0xFF, 0xFF, 0xFF, 0xFF, 0xFF,
  0xFF, 0xC0, 0xFF, 0xF8, 0x01, 0xFF, 0xFC, 0x03, 0xFF, 0xFC, 0x07, 0xFF, 0xF8, 0x0F, 0xFF, 0xF8, 0x1F, 0xFF, 0xF0, 0x00, 0x07, 0xE0, 0x00, 0x0F,
  0xC0, 0x00, 0x1F, 0x80, 0x00, 0x3F, 0x00, 0x00, 0x7C, 0x00, 0x01, 0xF8, 0x00, 0x03, 0xF0, 0x00, 0x0F, 0xC0, 0x00, 0x1F, 0x80, 0x00, 0x7E, 0x00,
  0x01, 0xF8, 0x00, 0x03, 0xE0, 0x00, 0x0F, 0xC0, 0x00, 0x1F, 0x80, 0x00, 0x3F, 0x00, 0x00, 0x7F, 0x00, 0x00, 0x7F, 0x00, 0x00, 0x7F, 0xFF, 0x00,
  0x7F, 0xFE, 0x00, 0x1F, 0xFC, 0x01, 0xFF, 0xF8, 0x07, 0xFF, 0xF0, 0x1F, 0xC0, 0x00, 0x7F, 0x00, 0x00, 0xFC, 0x00, 0x01, 0xF8, 0x00, 0x03, 0xF0,
  0x00, 0x03, 0xE0, 0x00, 0x07, 0xE0, 0x00, 0x07, 0xE0, 0x00, 0x07, 0xE0, 0x00, 0x0F, 0xC0, 0x00, 0x0F, 0xC0, 0x00, 0x1F, 0x80, 0x00, 0x1F, 0x00,
  0x00, 0x3F, 0x00, 0x00, 0x7E, 0x00, 0x00, 0xFC, 0x00, 0x01, 0xF8, 0x1F, 0xFF, 0xF0, 0x3F, 0xFF, 0xE0, 0x7F, 0xFF, 0x80, 0xFF, 0xFF, 0x01, 0xFF,
  0xFC, 0x03, 0xFF, 0xE0, 0x00, 0x01, 0xF0, 0x00, 0xE0, 0x3F, 0xE0, 0x07, 0xC3, 0xFF, 0x80, 0x3E, 0x3F, 0xFE, 0x03, 0xF1, 0xFF, 0xF8, 0x1F, 0x9F,
  0xFF, 0xC0, 0xF8, 0xFC, 0x7F, 0x0F, 0xCF, 0xC3, 0xFC, 0x7E, 0x7E, 0x0F, 0xFF, 0xE3, 0xE0, 0x3F, 0xFF, 0x1F, 0x00, 0xFF, 0xF0, 0xF8, 0x03, 0xFF,
  0x8F, 0xC0, 0x0F, 0xF8, 0x0E, 0x00, 0x3F, 0x00,
};
const GFXglyph PlexIdL_Glyphs[] PROGMEM = {
  {0, 0, 0, 34, 0, 0},  // 0x20 ' '
  {0, 10, 40, 34, 12, -39},  // 0x21 '!'
  {50, 18, 17, 34, 8, -41},  // 0x22 '"'
  {89, 32, 39, 34, 1, -39},  // 0x23 '#'
  {245, 30, 53, 34, 2, -46},  // 0x24 '$'
  {444, 32, 41, 34, 1, -40},  // 0x25 '%'
  {608, 32, 41, 34, 1, -40},  // 0x26 '&'
  {772, 6, 17, 34, 14, -41},  // 0x27 "'"
  {785, 18, 51, 34, 10, -43},  // 0x28 '('
  {900, 18, 51, 34, 5, -43},  // 0x29 ')'
  {1015, 30, 28, 34, 2, -31},  // 0x2A '*'
  {1120, 27, 28, 34, 3, -31},  // 0x2B '+'
  {1215, 13, 17, 34, 10, -9},  // 0x2C ','
  {1243, 17, 6, 34, 8, -20},  // 0x2D '-'
  {1256, 11, 10, 34, 11, -9},  // 0x2E '.'
  {1270, 24, 51, 34, 5, -43},  // 0x2F '/'
  {1423, 30, 41, 34, 2, -40},  // 0x30 '0'
  {1577, 30, 39, 34, 2, -39},  // 0x31 '1'
  {1724, 28, 40, 34, 3, -40},  // 0x32 '2'
  {1864, 28, 41, 34, 2, -40},  // 0x33 '3'
  {2008, 30, 39, 34, 2, -39},  // 0x34 '4'
  {2155, 28, 40, 34, 3, -39},  // 0x35 '5'
  {2295, 28, 40, 34, 3, -39},  // 0x36 '6'
  {2435, 28, 39, 34, 3, -39},  // 0x37 '7'
  {2572, 29, 41, 34, 2, -40},  // 0x38 '8'
  {2721, 29, 40, 34, 2, -40},  // 0x39 '9'
  {2866, 11, 30, 34, 11, -29},  // 0x3A ':'
  {2908, 13, 37, 34, 10, -29},  // 0x3B ';'
  {2969, 24, 33, 34, 5, -34},  // 0x3C '<'
  {3068, 27, 18, 34, 3, -26},  // 0x3D '='
  {3129, 24, 33, 34, 5, -34},  // 0x3E '>'
  {3228, 25, 41, 34, 4, -40},  // 0x3F '?'
  {3357, 28, 46, 34, 3, -40},  // 0x40 '@'
  {3518, 32, 39, 34, 1, -39},  // 0x41 'A'
  {3674, 27, 39, 34, 4, -39},  // 0x42 'B'
  {3806, 28, 41, 34, 3, -40},  // 0x43 'C'
  {3950, 27, 39, 34, 4, -39},  // 0x44 'D'
  {4082, 24, 39, 34, 5, -39},  // 0x45 'E'
  {4199, 25, 39, 34, 5, -39},  // 0x46 'F'
  {4321, 28, 41, 34, 2, -40},  // 0x47 'G'
  {4465, 26, 39, 34, 4, -39},  // 0x48 'H'
  {4592, 25, 39, 34, 4, -39},  // 0x49 'I'
  {4714, 25, 40, 34, 3, -39},  // 0x4A 'J'
  {4839, 29, 39, 34, 4, -39},  // 0x4B 'K'
  {4981, 24, 39, 34, 6, -39},  // 0x4C 'L'
  {5098, 28, 39, 34, 3, -39},  // 0x4D 'M'
  {5235, 26, 39, 34, 4, -39},  // 0x4E 'N'
  {5362, 30, 41, 34, 2, -40},  // 0x4F 'O'
  {5516, 27, 39, 34, 4, -39},  // 0x50 'P'
  {5648, 30, 51, 34, 2, -40},  // 0x51 'Q'
  {5840, 27, 39, 34, 4, -39},  // 0x52 'R'
  {5972, 29, 41, 34, 2, -40},  // 0x53 'S'
  {6121, 31, 39, 34, 1, -39},  // 0x54 'T'
  {6273, 27, 40, 34, 3, -39},  // 0x55 'U'
  {6408, 32, 39, 34, 1, -39},  // 0x56 'V'
  {6564, 32, 39, 34, 1, -39},  // 0x57 'W'
  {6720, 32, 39, 34, 1, -39},  // 0x58 'X'
  {6876, 32, 39, 34, 1, -39},  // 0x59 'Y'
  {7032, 28, 39, 34, 3, -39},  // 0x5A 'Z'
  {7169, 17, 51, 34, 11, -43},  // 0x5B '['
  {7278, 24, 51, 34, 5, -43},  // 0x5C '\\'
  {7431, 18, 51, 34, 5, -43},  // 0x5D ']'
  {7546, 29, 25, 34, 2, -39},  // 0x5E '^'
  {7637, 27, 6, 34, 3, 4},  // 0x5F '_'
  {7658, 11, 12, 34, 9, -44},  // 0x60 '`'
  {7675, 29, 31, 34, 3, -30},  // 0x61 'a'
  {7788, 27, 42, 34, 4, -41},  // 0x62 'b'
  {7930, 26, 31, 34, 4, -30},  // 0x63 'c'
  {8031, 27, 42, 34, 3, -41},  // 0x64 'd'
  {8173, 28, 31, 34, 3, -30},  // 0x65 'e'
  {8282, 27, 41, 34, 4, -41},  // 0x66 'f'
  {8421, 29, 47, 34, 3, -35},  // 0x67 'g'
  {8592, 26, 41, 34, 4, -41},  // 0x68 'h'
  {8726, 26, 43, 34, 5, -43},  // 0x69 'i'
  {8866, 20, 54, 34, 5, -43},  // 0x6A 'j'
  {9001, 28, 41, 34, 4, -41},  // 0x6B 'k'
  {9145, 26, 41, 34, 4, -41},  // 0x6C 'l'
  {9279, 29, 30, 34, 2, -30},  // 0x6D 'm'
  {9388, 26, 30, 34, 4, -30},  // 0x6E 'n'
  {9486, 28, 31, 34, 3, -30},  // 0x6F 'o'
  {9595, 27, 41, 34, 4, -30},  // 0x70 'p'
  {9734, 27, 41, 34, 3, -30},  // 0x71 'q'
  {9873, 27, 29, 34, 4, -29},  // 0x72 'r'
  {9971, 27, 31, 34, 3, -30},  // 0x73 's'
  {10076, 28, 39, 34, 2, -39},  // 0x74 't'
  {10213, 25, 30, 34, 4, -29},  // 0x75 'u'
  {10307, 29, 29, 34, 2, -29},  // 0x76 'v'
  {10413, 32, 29, 34, 1, -29},  // 0x77 'w'
  {10529, 29, 29, 34, 2, -29},  // 0x78 'x'
  {10635, 30, 40, 34, 2, -29},  // 0x79 'y'
  {10785, 26, 29, 34, 4, -29},  // 0x7A 'z'
  {10880, 23, 51, 34, 5, -43},  // 0x7B '{'
  {11027, 6, 51, 34, 14, -43},  // 0x7C '|'
  {11066, 23, 51, 34, 5, -43},  // 0x7D '}'
  {11213, 29, 14, 34, 2, -24},  // 0x7E '~'
};
const GFXfont PlexIdL PROGMEM = {(uint8_t*)PlexIdL_Bitmaps, (GFXglyph*)PlexIdL_Glyphs, 0x20, 0x7E, 74};

const uint8_t PlexIdM_Bitmaps[] PROGMEM = {
  0x7E, 0x7E, 0x7E, 0x7E, 0x7E, 0x7E, 0x7E, 0x7E, 0x7E, 0x7E, 0x7E, 0x3E, 0x3E, 0x3C, 0x3C, 0x3C, 0x1C, 0x1C, 0x18, 0x18, 0x00, 0x00, 0x00, 0x3E,
  0x7F, 0xFF, 0xFF, 0xFF, 0xFF, 0x7F, 0x3E, 0xF8, 0x7F, 0xE1, 0xFF, 0x87, 0xFE, 0x1F, 0xF8, 0x7F, 0xE1, 0xFF, 0x87, 0xFE, 0x1F, 0xF8, 0x7F, 0xE1,
  0xFF, 0x87, 0xFE, 0x1F, 0xF8, 0x7F, 0xE1, 0xF0, 0x00, 0x7C, 0x3C, 0x00, 0x1F, 0x0F, 0x00, 0x07, 0xC7, 0xC0, 0x01, 0xE1, 0xF0, 0x00, 0x78, 0x7C,
  0x00, 0x3E, 0x1E, 0x00, 0x0F, 0x87, 0x80, 0x03, 0xE1, 0xE0, 0x00, 0xF8, 0xF8, 0x0F, 0xFC, 0x3F, 0xF3, 0xFF, 0x0F, 0xFC, 0xFF, 0xC3, 0xFF, 0x3F,
  0xF0, 0xFF, 0xC0, 0x7C, 0x7C, 0x00, 0x1E, 0x1F, 0x00, 0x07, 0x87, 0xC0, 0x01, 0xE1, 0xF0, 0x00, 0xF8, 0x78, 0x0F, 0xFE, 0x1F, 0xF3, 0xFF, 0x8F,
  0xFC, 0xFF, 0xC3, 0xFF, 0x3F, 0xF0, 0xFF, 0xC0, 0x7C, 0x3C, 0x00, 0x1F, 0x0F, 0x00, 0x07, 0xC3, 0xC0, 0x01, 0xF1, 0xF0, 0x00, 0x78, 0x7C, 0x00,
  0x1E, 0x1F, 0x00, 0x0F, 0x87, 0x80, 0x03, 0xE1, 0xE0, 0x00, 0xF8, 0xF8, 0x00, 0x00, 0x7C, 0x00, 0x00, 0xF8, 0x00, 0x01, 0xF0, 0x00, 0x03, 0xE0,
  0x00, 0x07, 0xC0, 0x00, 0x3F, 0xE0, 0x01, 0xFF, 0xF8, 0x0F, 0xFF, 0xF8, 0x3F, 0xFF, 0xF8, 0x7F, 0xFF, 0xF9, 0xFC, 0xF7, 0xE3, 0xF1, 0xC3, 0x87,
  0xC3, 0x82, 0x0F, 0x87, 0x00, 0x1F, 0x0E, 0x00, 0x3F, 0x1C, 0x00, 0x7F, 0x38, 0x00, 0xFF, 0xF8, 0x00, 0xFF, 0xFE, 0x00, 0xFF, 0xFF, 0x00, 0xFF,
  0xFF, 0x00, 0x7F, 0xFF, 0x00, 0x1F, 0xFF, 0x00, 0x1E, 0xFE, 0x00, 0x38, 0xFE, 0x00, 0x70, 0xFC, 0x00, 0xE1, 0xF8, 0x01, 0xC3, 0xF3, 0x03, 0x87,
  0xEF, 0x87, 0x1F, 0xBF, 0xCF, 0x7F, 0x7F, 0xFF, 0xFC, 0x7F, 0xFF, 0xF8, 0x7F, 0xFF, 0xE0, 0x3F, 0xFF, 0x00, 0x0F, 0xF0, 0x00, 0x07, 0xC0, 0x00,
  0x0F, 0x80, 0x00, 0x1F, 0x00, 0x00, 0x3E, 0x00, 0x0F, 0x80, 0x0F, 0x9F, 0xF0, 0x07, 0x9F, 0xFC, 0x07, 0xDF, 0xFE, 0x03, 0xCF, 0x8F, 0x83, 0xE7,
  0x83, 0xC1, 0xE3, 0xC1, 0xE1, 0xF1, 0xE0, 0xF0, 0xF0, 0xF0, 0x78, 0xF8, 0x78, 0x3C, 0x78, 0x3C, 0x1E, 0x7C, 0x1F, 0x1F, 0x3C, 0x0F, 0xFF, 0x3E,
  0x03, 0xFF, 0x80, 0x00, 0xFF, 0x80, 0x00, 0x1F, 0x03, 0xF0, 0x00, 0x03, 0xFC, 0x00, 0x03, 0xFF, 0x00, 0xF3, 0xFF, 0xC0, 0xF9, 0xF1, 0xE0, 0x78,
  0xF0, 0xF8, 0x7C, 0xF8, 0x3C, 0x3C, 0x78, 0x1E, 0x3E, 0x3C, 0x0F, 0x1E, 0x1E, 0x07, 0x9F, 0x0F, 0x83, 0xCF, 0x03, 0xC3, 0xEF, 0x81, 0xF1, 0xE7,
  0x80, 0xFF, 0xF7, 0xC0, 0x3F, 0xF3, 0xC0, 0x0F, 0xF0, 0x00, 0x03, 0xF0, 0x00, 0xFC, 0x00, 0x01, 0xFF, 0x80, 0x03, 0xFF, 0xE0, 0x01, 0xFF, 0xF8,
  0x01, 0xF8, 0x7E, 0x00, 0xF8, 0x1E, 0x00, 0xF8, 0x0C, 0x00, 0x7C, 0x00, 0x00, 0x3E, 0x00, 0x00, 0x1F, 0x80, 0x00, 0x07, 0xC0, 0x00, 0x03, 0xF0,
  0x00, 0x00, 0xF8, 0x00, 0x00, 0x7E, 0x00, 0x00, 0x1F, 0x81, 0xFC, 0x1F, 0xE0, 0xFE, 0x1F, 0xF0, 0x7F, 0x1F, 0xFC, 0x3F, 0x9F, 0x3F, 0x1E, 0x0F,
  0x8F, 0xCF, 0x0F, 0x83, 0xE7, 0x87, 0xC0, 0xFF, 0x83, 0xE0, 0x7F, 0xC1, 0xF0, 0x1F, 0xE0, 0xF8, 0x07, 0xF0, 0x7E, 0x01, 0xF8, 0x3F, 0x01, 0xFE,
  0x0F, 0xC1, 0xDF, 0x87, 0xFF, 0xC7, 0xE1, 0xFF, 0xE1, 0xF8, 0x7F, 0xE0, 0xFE, 0x0F, 0xC0, 0x00, 0xFF, 0xFF, 0xFF, 0xFF, 0xFF, 0xFF, 0xFF, 0xFF,
  0xFC, 0x00, 0x7C, 0x07, 0xE0, 0x1F, 0x00, 0xF8, 0x07, 0xC0, 0x3E, 0x00, 0xF0, 0x07, 0xC0, 0x1E, 0x00, 0xF8, 0x03, 0xC0, 0x1F, 0x00, 0x7C, 0x01,
  0xE0, 0x07, 0x80, 0x3E, 0x00, 0xF8, 0x03, 0xE0, 0x0F, 0x80, 0x3E, 0x00, 0xF8, 0x03, 0xE0, 0x0F, 0x80, 0x3E, 0x00, 0x78, 0x01, 0xE0, 0x07, 0xC0,
  0x1F, 0x00, 0x3C, 0x00, 0xF8, 0x01, 0xE0, 0x07, 0xC0, 0x0F, 0x00, 0x3E, 0x00, 0x7C, 0x00, 0xF8, 0x03, 0xF0, 0x07, 0xE0, 0x07, 0xC0, 0xFC, 0x01,
  0xF8, 0x01, 0xF0, 0x03, 0xE0, 0x0F, 0xC0, 0x1F, 0x00, 0x3E, 0x00, 0x78, 0x01, 0xF0, 0x03, 0xC0, 0x0F, 0x80, 0x3E, 0x00, 0x78, 0x01, 0xF0, 0x07,
  0xC0, 0x1F, 0x00, 0x7C, 0x00, 0xF0, 0x03, 0xC0, 0x0F, 0x00, 0x3C, 0x00, 0xF0, 0x07, 0xC0, 0x1F, 0x00, 0x7C, 0x01, 0xF0, 0x07, 0x80, 0x3E, 0x00,
  0xF8, 0x03, 0xC0, 0x1F, 0x00, 0x78, 0x03, 0xE0, 0x1F, 0x00, 0xFC, 0x03, 0xE0, 0x1F, 0x01, 0xF8, 0x0F, 0xC0, 0x00, 0x00, 0x7C, 0x00, 0x00, 0xF8,
  0x00, 0x01, 0xF0, 0x00, 0x03, 0xE0, 0x00, 0x07, 0xC0, 0x00, 0x0F, 0x80, 0x1C, 0x1F, 0x07, 0x7E, 0x3E, 0x7E, 0xFF, 0xFF, 0xFD, 0xFF, 0xFF, 0xFD,
  0xFF, 0xFF, 0xE0, 0x7F, 0xFE, 0x00, 0x1F, 0xF0, 0x00, 0x3F, 0xE0, 0x00, 0xFF, 0xC0, 0x03, 0xFF, 0xC0, 0x0F, 0xCF, 0xC0, 0x1F, 0x8F, 0xC0, 0x7E,
  0x1F, 0x81, 0xF8, 0x1F, 0x80, 0xE0, 0x1E, 0x00, 0xC0, 0x10, 0x00, 0x00, 0xF8, 0x00, 0x07, 0xC0, 0x00, 0x3E, 0x00, 0x01, 0xF0, 0x00, 0x0F, 0x80,
  0x00, 0x7C, 0x00, 0x03, 0xE0, 0x00, 0x1F, 0x00, 0xFF, 0xFF, 0xFF, 0xFF, 0xFF, 0xFF, 0xFF, 0xFF, 0xFF, 0xFF, 0xF0, 0x0F, 0x80, 0x00, 0x7C, 0x00,
  0x03, 0xE0, 0x00, 0x1F, 0x00, 0x00, 0xF8, 0x00, 0x07, 0xC0, 0x00, 0x3E, 0x00, 0x01, 0xF0, 0x00, 0x3F, 0xCF, 0xE3, 0xF8, 0xFE, 0x3F, 0x1F, 0xC7,
  0xE1, 0xF8, 0x7C, 0x1F, 0x07, 0xC3, 0xE0, 0xF8, 0x3C, 0x00, 0xFF, 0xFF, 0xFF, 0xFF, 0xFF, 0xFF, 0xFF, 0xFF, 0xFC, 0x3E, 0x7F, 0xFF, 0xFF, 0xFF,
  0xFF, 0x7F, 0x3E, 0x00, 0x03, 0xE0, 0x00, 0xF8, 0x00, 0x1F, 0x00, 0x03, 0xE0, 0x00, 0xF8, 0x00, 0x1F, 0x00, 0x07, 0xE0, 0x00, 0xF8, 0x00, 0x1F,
  0x00, 0x07, 0xC0, 0x00, 0xF8, 0x00, 0x1F, 0x00, 0x07, 0xC0, 0x00, 0xF8, 0x00, 0x1F, 0x00, 0x07, 0xC0, 0x00, 0xF8, 0x00, 0x3E, 0x00, 0x07, 0xC0,
  0x00, 0xF8, 0x00, 0x3E, 0x00, 0x07, 0xC0, 0x00, 0xF8, 0x00, 0x3E, 0x00, 0x07, 0xC0, 0x01, 0xF0, 0x00, 0x3E, 0x00, 0x07, 0xC0, 0x01, 0xF0, 0x00,
  0x3E, 0x00, 0x07, 0xC0, 0x01, 0xF0, 0x00, 0x3E, 0x00, 0x0F, 0xC0, 0x01, 0xF0, 0x00, 0x3E, 0x00, 0x0F, 0x80, 0x01, 0xF0, 0x00, 0x3E, 0x00, 0x00,
  0x00, 0xFE, 0x00, 0x0F, 0xFF, 0x00, 0x3F, 0xFF, 0x00, 0xFF, 0xFF, 0x03, 0xFF, 0xFF, 0x07, 0xF0, 0x7F, 0x1F, 0x80, 0x7E, 0x3F, 0x00, 0x7E, 0x7C,
  0x00, 0xFD, 0xF8, 0x00, 0xFB, 0xF0, 0x01, 0xF7, 0xE0, 0x03, 0xEF, 0x80, 0x07, 0xFF, 0x00, 0x0F, 0xFE, 0x1E, 0x1F, 0xFC, 0x3E, 0x3F, 0xF8, 0xFC,
  0x7F, 0xF0, 0xF8, 0xFF, 0xE1, 0xE1, 0xFF, 0xC0, 0x03, 0xFF, 0xC0, 0x07, 0xDF, 0x80, 0x0F, 0xBF, 0x00, 0x1F, 0x7E, 0x00, 0x7E, 0x7E, 0x00, 0xFC,
  0xFC, 0x03, 0xF0, 0xFE, 0x0F, 0xE1, 0xFF, 0xFF, 0x81, 0xFF, 0xFE, 0x01, 0xFF, 0xFC, 0x01, 0xFF, 0xE0, 0x00, 0x7F, 0x00, 0x01, 0xFF, 0x00, 0x07,
  0xFE, 0x00, 0x1F, 0xFC, 0x00, 0x7F, 0xF8, 0x00, 0xFF, 0xF0, 0x03, 0xFF, 0xE0, 0x0F, 0xEF, 0xC0, 0x3F, 0x9F, 0x80, 0xFE, 0x3F, 0x01, 0xF8, 0x7E,
  0x01, 0xF0, 0xFC, 0x01, 0xC1, 0xF8, 0x01, 0x03, 0xF0, 0x00, 0x07, 0xE0, 0x00, 0x0F, 0xC0, 0x00, 0x1F, 0x80, 0x00, 0x3F, 0x00, 0x00, 0x7E, 0x00,
  0x00, 0xFC, 0x00, 0x01, 0xF8, 0x00, 0x03, 0xF0, 0x00, 0x07, 0xE0, 0x00, 0x0F, 0xC0, 0x00, 0x1F, 0x80, 0x00, 0x3F, 0x00, 0x00, 0x7E, 0x00, 0xFF,
  0xFF, 0xF9, 0xFF, 0xFF, 0xF3, 0xFF, 0xFF, 0xE7, 0xFF, 0xFF, 0xCF, 0xFF, 0xFF, 0x80, 0x01, 0xFE, 0x00, 0x1F, 0xFE, 0x00, 0xFF, 0xFE, 0x0F, 0xFF,
  0xF8, 0x3F, 0xFF, 0xF1, 0xFC, 0x1F, 0xE7, 0xE0, 0x3F, 0xBF, 0x00, 0x7E, 0x38, 0x01, 0xF8, 0x00, 0x07, 0xE0, 0x00, 0x1F, 0x80, 0x00, 0x7E, 0x00,
  0x01, 0xF8, 0x00, 0x0F, 0xC0, 0x00, 0x7F, 0x00, 0x03, 0xF8, 0x00, 0x1F, 0xC0, 0x00, 0xFE, 0x00, 0x07, 0xF0, 0x00, 0x3F, 0x80, 0x01, 0xFC, 0x00,
  0x1F, 0xE0, 0x00, 0xFE, 0x00, 0x07, 0xF0, 0x00, 0x3F, 0x80, 0x01, 0xF8, 0x00, 0x07, 0xFF, 0xFF, 0xDF, 0xFF, 0xFF, 0x7F, 0xFF, 0xFD, 0xFF, 0xFF,
  0xF7, 0xFF, 0xFF, 0xC0, 0x01, 0xFE, 0x00, 0x1F, 0xFE, 0x01, 0xFF, 0xFE, 0x0F, 0xFF, 0xFC, 0x7F, 0xFF, 0xF1, 0xFC, 0x1F, 0xE3, 0xC0, 0x1F, 0x86,
  0x00, 0x7E, 0x00, 0x01, 0xF8, 0x00, 0x07, 0xE0, 0x00, 0x1F, 0x80, 0x00, 0xFC, 0x00, 0x07, 0xF0, 0x07, 0xFF, 0x80, 0x1F, 0xF8, 0x00, 0x7F, 0xC0,
  0x01, 0xFF, 0xC0, 0x07, 0xFF, 0xC0, 0x00, 0x7F, 0x80, 0x00, 0x7E, 0x00, 0x00, 0xFC, 0x00, 0x03, 0xF0, 0x00, 0x0F, 0xC4, 0x00, 0x3F, 0x78, 0x01,
  0xFF, 0xF0, 0x07, 0xFF, 0xF0, 0x7F, 0xBF, 0xFF, 0xFE, 0x7F, 0xFF, 0xF0, 0xFF, 0xFF, 0x80, 0xFF, 0xF8, 0x00, 0xFF, 0x00, 0x00, 0x0F, 0xF0, 0x00,
  0x0F, 0xF0, 0x00, 0x1F, 0xF0, 0x00, 0x1F, 0xF0, 0x00, 0x3F, 0xF0, 0x00, 0x7F, 0xF0, 0x00, 0x7F, 0xF0, 0x00, 0xFB, 0xF0, 0x01, 0xF3, 0xF0, 0x01,
  0xF3, 0xF0, 0x03, 0xE3, 0xF0, 0x03, 0xC3, 0xF0, 0x07, 0xC3, 0xF0, 0x0F, 0x83, 0xF0, 0x0F, 0x03, 0xF0, 0x1F, 0x03, 0xF0, 0x3E, 0x03, 0xF0, 0x3E,
  0x03, 0xF0, 0x7C, 0x03, 0xF0, 0x78, 0x03, 0xF0, 0xFF, 0xFF, 0xFF, 0xFF, 0xFF, 0xFF, 0xFF, 0xFF, 0xFF, 0xFF, 0xFF, 0xFF, 0xFF, 0xFF, 0xFF, 0x00,
  0x03, 0xF0, 0x00, 0x03, 0xF0, 0x00, 0x03, 0xF0, 0x00, 0x03, 0xF0, 0x00, 0x03, 0xF0, 0x00, 0x03, 0xF0, 0x7F, 0xFF, 0xF3, 0xFF, 0xFF, 0x9F, 0xFF,
  0xFC, 0xFF, 0xFF, 0xE7, 0xFF, 0xFF, 0x3E, 0x00, 0x01, 0xF0, 0x00, 0x0F, 0x80, 0x00, 0x78, 0x00, 0x03, 0xC0, 0x00, 0x1E, 0x00, 0x00, 0xF0, 0xFC,
  0x07, 0x8F, 0xF8, 0x3C, 0xFF, 0xF3, 0xEF, 0xFF, 0x9F, 0xFF, 0xFE, 0xFF, 0x07, 0xFB, 0xE0, 0x1F, 0xC0, 0x00, 0x7E, 0x00, 0x03, 0xF0, 0x00, 0x1F,
  0x80, 0x00, 0xFC, 0x00, 0x07, 0xE6, 0x00, 0x3F, 0x78, 0x01, 0xFF, 0xE0, 0x1F, 0xFF, 0x81, 0xFD, 0xFF, 0xFF, 0xE7, 0xFF, 0xFE, 0x1F, 0xFF, 0xE0,
  0x3F, 0xFC, 0x00, 0x7F, 0x80, 0x00, 0x1F, 0xC0, 0x00, 0xFF, 0x00, 0x03, 0xFC, 0x00, 0x0F, 0xE0, 0x00, 0x3F, 0x80, 0x00, 0xFE, 0x00, 0x01, 0xF8,
  0x00, 0x07, 0xE0, 0x00, 0x1F, 0xC0, 0x00, 0x3F, 0x00, 0x00, 0xFC, 0x00, 0x01, 0xF8, 0xF8, 0x07, 0xE7, 0xFE, 0x0F, 0xDF, 0xFE, 0x1F, 0x7F, 0xFE,
  0x7F, 0xFF, 0xFC, 0xFF, 0x83, 0xFD, 0xFC, 0x03, 0xFB, 0xF8, 0x03, 0xF7, 0xE0, 0x07, 0xEF, 0xC0, 0x07, 0xFF, 0x80, 0x0F, 0xFF, 0x00, 0x1F, 0x7E,
  0x00, 0x7E, 0x7E, 0x00, 0xFC, 0xFC, 0x03, 0xF8, 0xFE, 0x0F, 0xE1, 0xFF, 0xFF, 0xC1, 0xFF, 0xFF, 0x01, 0xFF, 0xFC, 0x01, 0xFF, 0xE0, 0x00, 0x7F,
  0x00, 0xFF, 0xFF, 0xFF, 0xFF, 0xFF, 0xFF, 0xFF, 0xFF, 0xFF, 0xFF, 0xFF, 0xFF, 0xFF, 0xFF, 0xE0, 0x03, 0xFF, 0x80, 0x0F, 0xBE, 0x00, 0x7E, 0xF8,
  0x01, 0xFB, 0xE0, 0x0F, 0xCF, 0x80, 0x3F, 0x00, 0x00, 0xF8, 0x00, 0x07, 0xE0, 0x00, 0x1F, 0x80, 0x00, 0xFC, 0x00, 0x03, 0xF0, 0x00, 0x1F, 0x80,
  0x00, 0x7E, 0x00, 0x01, 0xF8, 0x00, 0x0F, 0xC0, 0x00, 0x3F, 0x00, 0x01, 0xF8, 0x00, 0x07, 0xE0, 0x00, 0x3F, 0x00, 0x00, 0xFC, 0x00, 0x03, 0xF0,
  0x00, 0x1F, 0x80, 0x00, 0x7E, 0x00, 0x03, 0xF0, 0x00, 0x0F, 0xC0, 0x00, 0x3F, 0x00, 0x00, 0x01, 0xFE, 0x00, 0x0F, 0xFF, 0x80, 0x7F, 0xFF, 0x81,
  0xFF, 0xFF, 0x83, 0xFF, 0xFF, 0x8F, 0xE0, 0x7F, 0x1F, 0x80, 0x7E, 0x3E, 0x00, 0x7E, 0x7C, 0x00, 0xFC, 0xF8, 0x01, 0xF1, 0xF0, 0x03, 0xE1, 0xF0,
  0x0F, 0xC3, 0xF0, 0x3F, 0x03, 0xFF, 0xFC, 0x01, 0xFF, 0xF0, 0x01, 0xFF, 0xC0, 0x1F, 0xFF, 0xE0, 0x7F, 0xFF, 0xE1, 0xFC, 0x0F, 0xE3, 0xF0, 0x07,
  0xEF, 0xC0, 0x0F, 0xDF, 0x80, 0x0F, 0xBF, 0x00, 0x1F, 0xFE, 0x00, 0x3E, 0xFC, 0x00, 0xFD, 0xFC, 0x01, 0xF9, 0xFC, 0x0F, 0xF3, 0xFF, 0xFF, 0xC3,
  0xFF, 0xFF, 0x83, 0xFF, 0xFC, 0x03, 0xFF, 0xF0, 0x00, 0xFF, 0x00, 0x00, 0xFE, 0x00, 0x1F, 0xFE, 0x00, 0xFF, 0xFE, 0x07, 0xFF, 0xFC, 0x3F, 0xFF,
  0xF1, 0xFC, 0x0F, 0xE7, 0xE0, 0x1F, 0xBF, 0x00, 0x3F, 0xFC, 0x00, 0xFF, 0xF0, 0x03, 0xFF, 0xC0, 0x0F, 0xFF, 0x00, 0x3F, 0xFC, 0x00, 0xFF, 0xF0,
  0x03, 0xFF, 0xE0, 0x1F, 0xDF, 0xC0, 0xFF, 0x7F, 0xFF, 0xFC, 0xFF, 0xFB, 0xF1, 0xFF, 0xCF, 0x83, 0xFE, 0x7E, 0x03, 0xF1, 0xF0, 0x00, 0x0F, 0xC0,
  0x00, 0x7E, 0x00, 0x03, 0xF8, 0x00, 0x0F, 0xC0, 0x00, 0x7E, 0x00, 0x07, 0xF0, 0x00, 0x3F, 0x80, 0x01, 0xFC, 0x00, 0x0F, 0xE0, 0x00, 0xFF, 0x00,
  0x00, 0x3E, 0x7F, 0xFF, 0xFF, 0xFF, 0xFF, 0x7F, 0x3E, 0x00, 0x00, 0x00, 0x00, 0x00, 0x00, 0x00, 0x00, 0x3E, 0x7F, 0xFF, 0xFF, 0xFF, 0xFF, 0x7F,
  0x3E, 0x1F, 0x0F, 0xE7, 0xF9, 0xFE, 0x7F, 0x9F, 0xE3, 0xF8, 0x7C, 0x00, 0x00, 0x00, 0x00, 0x00, 0x00, 0x00, 0x00, 0x00, 0x00, 0x00, 0x0F, 0xF3,
  0xF8, 0xFE, 0x3F, 0x8F, 0xC7, 0xF1, 0xF8, 0x7E, 0x1F, 0x07, 0xC1, 0xF0, 0xF8, 0x3E, 0x0F, 0x00, 0x00, 0x00, 0x20, 0x00, 0x1C, 0x00, 0x0F, 0x80,
  0x07, 0xF0, 0x03, 0xFE, 0x00, 0xFF, 0x80, 0x7F, 0xE0, 0x3F, 0xF0, 0x1F, 0xF8, 0x0F, 0xFC, 0x03, 0xFE, 0x00, 0x7F, 0x00, 0x0F, 0x80, 0x01, 0xF0,
  0x00, 0x3F, 0x80, 0x07, 0xFC, 0x00, 0x7F, 0xE0, 0x03, 0xFF, 0x00, 0x1F, 0xF8, 0x00, 0xFF, 0xC0, 0x07, 0xFC, 0x00, 0x7F, 0xC0, 0x03, 0xF8, 0x00,
  0x1F, 0x00, 0x00, 0xE0, 0x00, 0x04, 0xFF, 0xFF, 0xFF, 0xFF, 0xFF, 0xFF, 0xFF, 0xFF, 0xFF, 0xFF, 0xF0, 0x00, 0x00, 0x00, 0x00, 0x00, 0x00, 0x00,
  0x00, 0x00, 0x00, 0x00, 0x00, 0x07, 0xFF, 0xFF, 0xFF, 0xFF, 0xFF, 0xFF, 0xFF, 0xFF, 0xFF, 0xFF, 0x80, 0x80, 0x00, 0x18, 0x00, 0x03, 0xC0, 0x00,
  0x7E, 0x00, 0x0F, 0xF0, 0x01, 0xFF, 0x80, 0x0F, 0xFC, 0x00, 0x7F, 0xC0, 0x03, 0xFE, 0x00, 0x3F, 0xF0, 0x01, 0xFF, 0x80, 0x0F, 0xF0, 0x00, 0x7E,
  0x00, 0x0F, 0xC0, 0x07, 0xF8, 0x03, 0xFF, 0x01, 0xFF, 0x80, 0x7F, 0xC0, 0x3F, 0xE0, 0x1F, 0xF8, 0x0F, 0xFC, 0x01, 0xFE, 0x00, 0x3F, 0x00, 0x07,
  0x80, 0x00, 0xC0, 0x00, 0x10, 0x00, 0x00, 0x03, 0xFC, 0x00, 0xFF, 0xF0, 0x1F, 0xFF, 0x83, 0xFF, 0xFC, 0x7F, 0xFF, 0xE7, 0xE0, 0xFE, 0xFC, 0x07,
  0xF7, 0x80, 0x3F, 0x18, 0x03, 0xF0, 0x00, 0x3F, 0x00, 0x03, 0xF0, 0x00, 0x7E, 0x00, 0x0F, 0xE0, 0x07, 0xFC, 0x01, 0xFF, 0x80, 0x1F, 0xE0, 0x01,
  0xF8, 0x00, 0x1F, 0x00, 0x01, 0xF0, 0x00, 0x1F, 0x00, 0x00, 0x00, 0x00, 0x00, 0x00, 0x00, 0x00, 0x00, 0x1F, 0x00, 0x03, 0xF8, 0x00, 0x3F, 0x80,
  0x07, 0xF8, 0x00, 0x7F, 0x80, 0x03, 0xF8, 0x00, 0x3F, 0x80, 0x01, 0xF0, 0x00, 0x00, 0xFE, 0x00, 0x1F, 0xFE, 0x00, 0xFF, 0xFE, 0x07, 0xFF, 0xFC,
  0x1F, 0x83, 0xF0, 0xF8, 0x03, 0xE3, 0xC0, 0x07, 0x9F, 0x00, 0x1F, 0x78, 0x00, 0x7D, 0xE0, 0x78, 0xF7, 0x83, 0xFB, 0xFE, 0x1F, 0xEF, 0xF8, 0x7F,
  0xFF, 0xC3, 0xE1, 0xFF, 0x0F, 0x03, 0xFC, 0x3C, 0x0F, 0xF0, 0xF0, 0x3F, 0xC3, 0xC0, 0xFF, 0x0F, 0x03, 0xFC, 0x3C, 0x0F, 0xF0, 0xF0, 0x3F, 0xC3,
  0xC0, 0xFF, 0x0F, 0x87, 0xFE, 0x3F, 0xFF, 0xF8, 0x7F, 0xBD, 0xE1, 0xFE, 0xF7, 0x83, 0xF3, 0xDE, 0x00, 0x00, 0x7C, 0x00, 0x00, 0xF8, 0x00, 0x03,
  0xF0, 0x00, 0x07, 0xF0, 0x00, 0x0F, 0xFF, 0xC0, 0x1F, 0xFF, 0x00, 0x3F, 0xFC, 0x00, 0x1F, 0xF0, 0x00, 0xFF, 0x00, 0x00, 0x7F, 0xC0, 0x00, 0x3F,
  0xE0, 0x00, 0x3F, 0xF0, 0x00, 0x1F, 0xF8, 0x00, 0x0F, 0xFE, 0x00, 0x0F, 0xFF, 0x00, 0x07, 0xCF, 0x80, 0x03, 0xE7, 0xE0, 0x01, 0xF3, 0xF0, 0x01,
  0xF8, 0xF8, 0x00, 0xF8, 0x7C, 0x00, 0x7C, 0x3F, 0x00, 0x7E, 0x1F, 0x80, 0x3E, 0x07, 0xC0, 0x1F, 0x03, 0xF0, 0x0F, 0x81, 0xF8, 0x0F, 0xC0, 0xFC,
  0x07, 0xFF, 0xFE, 0x03, 0xFF, 0xFF, 0x83, 0xFF, 0xFF, 0xC1, 0xFF, 0xFF, 0xE0, 0xFF, 0xFF, 0xF0, 0x7C, 0x00, 0xFC, 0x7E, 0x00, 0x7E, 0x3F, 0x00,
  0x3F, 0x1F, 0x80, 0x0F, 0xCF, 0x80, 0x07, 0xEF, 0xC0, 0x03, 0xF7, 0xE0, 0x01, 0xFB, 0xF0, 0x00, 0x7E, 0xFF, 0xFC, 0x0F, 0xFF, 0xF0, 0xFF, 0xFF,
  0x8F, 0xFF, 0xFC, 0xFF, 0xFF, 0xEF, 0x80, 0xFE, 0xF8, 0x07, 0xEF, 0x80, 0x7E, 0xF8, 0x07, 0xEF, 0x80, 0x7E, 0xF8, 0x07, 0xEF, 0x80, 0x7E, 0xF8,
  0x0F, 0xCF, 0xFF, 0xF8, 0xFF, 0xFE, 0x0F, 0xFF, 0xF0, 0xFF, 0xFF, 0x8F, 0xFF, 0xFE, 0xF8, 0x07, 0xEF, 0x80, 0x3F, 0xF8, 0x03, 0xFF, 0x80, 0x3F,
  0xF8, 0x03, 0xFF, 0x80, 0x3F, 0xF8, 0x03, 0xFF, 0x80, 0x7F, 0xFF, 0xFF, 0xEF, 0xFF, 0xFE, 0xFF, 0xFF, 0xCF, 0xFF, 0xF8, 0xFF, 0xFE, 0x00, 0x00,
  0xFE, 0x00, 0x0F, 0xFF, 0x00, 0x7F, 0xFE, 0x03, 0xFF, 0xFC, 0x1F, 0xFF, 0xF8, 0xFF, 0x0F, 0xE3, 0xF0, 0x1F, 0xDF, 0xC0, 0x3F, 0x7E, 0x00, 0x7D,
  0xF8, 0x01, 0x87, 0xE0, 0x00, 0x1F, 0x00, 0x00, 0xFC, 0x00, 0x03, 0xF0, 0x00, 0x0F, 0xC0, 0x00, 0x3F, 0x00, 0x00, 0xFC, 0x00, 0x03, 0xF0, 0x00,
  0x0F, 0xC0, 0x00, 0x3F, 0x00, 0x00, 0x7C, 0x00, 0x01, 0xF8, 0x00, 0x07, 0xE0, 0x06, 0x1F, 0x80, 0x1F, 0x7F, 0x00, 0xFC, 0xFC, 0x07, 0xF3, 0xFC,
  0x3F, 0x87, 0xFF, 0xFE, 0x0F, 0xFF, 0xF0, 0x1F, 0xFF, 0x80, 0x3F, 0xFC, 0x00, 0x3F, 0x80, 0xFF, 0xF8, 0x03, 0xFF, 0xFC, 0x0F, 0xFF, 0xF8, 0x3F,
  0xFF, 0xF0, 0xFF, 0xFF, 0xE3, 0xF0, 0x3F, 0xCF, 0xC0, 0x3F, 0x3F, 0x00, 0xFC, 0xFC, 0x01, 0xFB, 0xF0, 0x07, 0xEF, 0xC0, 0x1F, 0xBF, 0x00, 0x7E,
  0xFC, 0x00, 0xFB, 0xF0, 0x03, 0xEF, 0xC0, 0x0F, 0xFF, 0x00, 0x3F, 0xFC, 0x00, 0xFF, 0xF0, 0x03, 0xEF, 0xC0, 0x0F, 0xBF, 0x00, 0x7E, 0xFC, 0x01,
  0xFB, 0xF0, 0x07, 0xEF, 0xC0, 0x1F, 0xBF, 0x00, 0xFC, 0xFC, 0x03, 0xF3, 0xF0, 0x3F, 0xCF, 0xFF, 0xFE, 0x3F, 0xFF, 0xF0, 0xFF, 0xFF, 0x83, 0xFF,
  0xFC, 0x0F, 0xFF, 0x80, 0x00, 0xFF, 0xFF, 0xFF, 0xFF, 0xFF, 0xFF, 0xFF, 0xFF, 0xFF, 0xFF, 0xFF, 0xFF, 0xF0, 0x00, 0x3E, 0x00, 0x07, 0xC0, 0x00,
  0xF8, 0x00, 0x1F, 0x00, 0x03, 0xE0, 0x00, 0x7C, 0x00, 0x0F, 0x80, 0x01, 0xFF, 0xFF, 0xFF, 0xFF, 0xFF, 0xFF, 0xFF, 0xFF, 0xFF, 0xFF, 0xFF, 0xFF,
  0xE0, 0x00, 0x7C, 0x00, 0x0F, 0x80, 0x01, 0xF0, 0x00, 0x3E, 0x00, 0x07, 0xC0, 0x00, 0xF8, 0x00, 0x1F, 0x00, 0x03, 0xFF, 0xFF, 0xFF, 0xFF, 0xFF,
  0xFF, 0xFF, 0xFF, 0xFF, 0xFF, 0xFF, 0xF8, 0xFF, 0xFF, 0xFF, 0xFF, 0xFF, 0xFF, 0xFF, 0xFF, 0xFF, 0xFF, 0xFF, 0xFF, 0xFF, 0x80, 0x00, 0xF8, 0x00,
  0x0F, 0x80, 0x00, 0xF8, 0x00, 0x0F, 0x80, 0x00, 0xF8, 0x00, 0x0F, 0x80, 0x00, 0xF8, 0x00, 0x0F, 0xFF, 0xFC, 0xFF, 0xFF, 0xCF, 0xFF, 0xFC, 0xFF,
  0xFF, 0xCF, 0xFF, 0xFC, 0xF8, 0x00, 0x0F, 0x80, 0x00, 0xF8, 0x00, 0x0F, 0x80, 0x00, 0xF8, 0x00, 0x0F, 0x80, 0x00, 0xF8, 0x00, 0x0F, 0x80, 0x00,
  0xF8, 0x00, 0x0F, 0x80, 0x00, 0xF8, 0x00, 0x0F, 0x80, 0x00, 0xF8, 0x00, 0x00, 0x00, 0xFE, 0x00, 0x1F, 0xFE, 0x00, 0xFF, 0xFC, 0x07, 0xFF, 0xF8,
  0x3F, 0xFF, 0xF0, 0xFE, 0x1F, 0xE7, 0xF0, 0x1F, 0x9F, 0x80, 0x7E, 0x7E, 0x00, 0xFB, 0xF0, 0x03, 0x0F, 0xC0, 0x00, 0x3F, 0x00, 0x00, 0xFC, 0x00,
  0x03, 0xF0, 0x00, 0x0F, 0xC0, 0x00, 0x3F, 0x07, 0xFF, 0xFC, 0x1F, 0xFF, 0xF0, 0x7F, 0xFF, 0xC1, 0xFF, 0xFF, 0x07, 0xFF, 0xFC, 0x00, 0x7F, 0xF0,
  0x01, 0xFF, 0xC0, 0x07, 0xDF, 0x80, 0x3F, 0x7E, 0x00, 0xFD, 0xFC, 0x07, 0xF3, 0xF8, 0x3F, 0xCF, 0xFF, 0xFF, 0x1F, 0xFF, 0x7C, 0x7F, 0xF9, 0xF0,
  0xFF, 0xC7, 0xC0, 0xFC, 0x00, 0xFC, 0x01, 0xFF, 0xC0, 0x1F, 0xFC, 0x01, 0xFF, 0xC0, 0x1F, 0xFC, 0x01, 0xFF, 0xC0, 0x1F, 0xFC, 0x01, 0xFF, 0xC0,
  0x1F, 0xFC, 0x01, 0xFF, 0xC0, 0x1F, 0xFC, 0x01, 0xFF, 0xC0, 0x1F, 0xFC, 0x01, 0xFF, 0xFF, 0xFF, 0xFF, 0xFF, 0xFF, 0xFF, 0xFF, 0xFF, 0xFF, 0xFF,
  0xFF, 0xFF, 0xFC, 0x01, 0xFF, 0xC0, 0x1F, 0xFC, 0x01, 0xFF, 0xC0, 0x1F, 0xFC, 0x01, 0xFF, 0xC0, 0x1F, 0xFC, 0x01, 0xFF, 0xC0, 0x1F, 0xFC, 0x01,
  0xFF, 0xC0, 0x1F, 0xFC, 0x01, 0xFF, 0xC0, 0x1F, 0xFC, 0x01, 0xF0, 0xFF, 0xFF, 0xFF, 0xFF, 0xFF, 0xFF, 0xFF, 0xFF, 0xFF, 0xFF, 0xFF, 0xFF, 0xF0,
  0x1F, 0x80, 0x01, 0xF8, 0x00, 0x1F, 0x80, 0x01, 0xF8, 0x00, 0x1F, 0x80, 0x01, 0xF8, 0x00, 0x1F, 0x80, 0x01, 0xF8, 0x00, 0x1F, 0x80, 0x01, 0xF8,
  0x00, 0x1F, 0x80, 0x01, 0xF8, 0x00, 0x1F, 0x80, 0x01, 0xF8, 0x00, 0x1F, 0x80, 0x01, 0xF8, 0x00, 0x1F, 0x80, 0x01, 0xF8, 0x00, 0x1F, 0x80, 0x01,
  0xF8, 0x00, 0x1F, 0x80, 0xFF, 0xFF, 0xFF, 0xFF, 0xFF, 0xFF, 0xFF, 0xFF, 0xFF, 0xFF, 0xFF, 0xFF, 0xF0, 0x0F, 0xFF, 0xF0, 0xFF, 0xFF, 0x0F, 0xFF,
  0xF0, 0xFF, 0xFF, 0x0F, 0xFF, 0xF0, 0x00, 0x3F, 0x00, 0x03, 0xF0, 0x00, 0x3F, 0x00, 0x03, 0xF0, 0x00, 0x3F, 0x00, 0x03, 0xF0, 0x00, 0x3F, 0x00,
  0x03, 0xF0, 0x00, 0x3F, 0x00, 0x03, 0xF0, 0x00, 0x3F, 0x00, 0x03, 0xF0, 0x00, 0x3F, 0x00, 0x03, 0xF0, 0x00, 0x3F, 0x00, 0x03, 0xF0, 0x00, 0x3F,
  0x00, 0x03, 0xF7, 0xC0, 0x3F, 0xFC, 0x03, 0xF7, 0xE0, 0x7F, 0x7F, 0x0F, 0xE3, 0xFF, 0xFE, 0x3F, 0xFF, 0xC1, 0xFF, 0xF8, 0x0F, 0xFF, 0x00, 0x1F,
  0xC0, 0xFC, 0x00, 0xFD, 0xF8, 0x03, 0xFB, 0xF0, 0x0F, 0xE7, 0xE0, 0x1F, 0x8F, 0xC0, 0x7E, 0x1F, 0x81, 0xFC, 0x3F, 0x07, 0xF0, 0x7E, 0x0F, 0xC0,
  0xFC, 0x3F, 0x81, 0xF8, 0xFE, 0x03, 0xF1, 0xF8, 0x07, 0xE7, 0xE0, 0x0F, 0xDF, 0xC0, 0x1F, 0xBF, 0x00, 0x3F, 0xFF, 0x00, 0x7F, 0xFF, 0x00, 0xFF,
  0xFE, 0x01, 0xFF, 0xFE, 0x03, 0xFC, 0xFC, 0x07, 0xF9, 0xFC, 0x0F, 0xE1, 0xF8, 0x1F, 0x83, 0xF8, 0x3F, 0x03, 0xF0, 0x7E, 0x03, 0xF0, 0xFC, 0x07,
  0xF1, 0xF8, 0x07, 0xE3, 0xF0, 0x0F, 0xE7, 0xE0, 0x0F, 0xCF, 0xC0, 0x1F, 0xDF, 0x80, 0x1F, 0xBF, 0x00, 0x3F, 0x80, 0xFC, 0x00, 0x0F, 0xC0, 0x00,
  0xFC, 0x00, 0x0F, 0xC0, 0x00, 0xFC, 0x00, 0x0F, 0xC0, 0x00, 0xFC, 0x00, 0x0F, 0xC0, 0x00, 0xFC, 0x00, 0x0F, 0xC0, 0x00, 0xFC, 0x00, 0x0F, 0xC0,
  0x00, 0xFC, 0x00, 0x0F, 0xC0, 0x00, 0xFC, 0x00, 0x0F, 0xC0, 0x00, 0xFC, 0x00, 0x0F, 0xC0, 0x00, 0xFC, 0x00, 0x0F, 0xC0, 0x00, 0xFC, 0x00, 0x0F,
  0xC0, 0x00, 0xFC, 0x00, 0x0F, 0xC0, 0x00, 0xFC, 0x00, 0x0F, 0xC0, 0x00, 0xFF, 0xFF, 0xFF, 0xFF, 0xFF, 0xFF, 0xFF, 0xFF, 0xFF, 0xFF, 0xFF, 0xFF,
  0xF0, 0xFE, 0x00, 0xFF, 0xFC, 0x07, 0xFF, 0xF0, 0x1F, 0xFF, 0xC0, 0x7F, 0xFF, 0x83, 0xFF, 0xFE, 0x0F, 0xFF, 0xF8, 0x3F, 0xFF, 0xF1, 0xFF, 0xFB,
  0xC7, 0xBF, 0xEF, 0x3D, 0xFF, 0xBE, 0xF7, 0xFE, 0x7B, 0xDF, 0xF9, 0xFE, 0x7F, 0xE7, 0xF9, 0xFF, 0x8F, 0xE7, 0xFE, 0x3F, 0x1F, 0xF8, 0xFC, 0x7F,
  0xE1, 0xF1, 0xFF, 0x87, 0x87, 0xFE, 0x0E, 0x1F, 0xF8, 0x30, 0x7F, 0xE0, 0xC1, 0xFF, 0x81, 0x07, 0xFE, 0x00, 0x1F, 0xF8, 0x00, 0x7F, 0xE0, 0x01,
  0xFF, 0x80, 0x07, 0xFE, 0x00, 0x1F, 0xF8, 0x00, 0x7F, 0xE0, 0x01, 0xFF, 0x80, 0x07, 0xC0, 0xFE, 0x00, 0xFF, 0xF0, 0x0F, 0xFF, 0x00, 0xFF, 0xF0,
  0x0F, 0xFF, 0x80, 0xFF, 0xF8, 0x0F, 0xFF, 0x80, 0xFF, 0xFC, 0x0F, 0xFF, 0xC0, 0xFF, 0xBC, 0x0F, 0xFB, 0xE0, 0xFF, 0xBE, 0x0F, 0xF9, 0xF0, 0xFF,
  0x9F, 0x0F, 0xF9, 0xF0, 0xFF, 0x8F, 0x8F, 0xF8, 0xF8, 0xFF, 0x8F, 0x8F, 0xF8, 0x7C, 0xFF, 0x87, 0xCF, 0xF8, 0x3C, 0xFF, 0x83, 0xEF, 0xF8, 0x3F,
  0xFF, 0x81, 0xFF, 0xF8, 0x1F, 0xFF, 0x81, 0xFF, 0xF8, 0x0F, 0xFF, 0x80, 0xFF, 0xF8, 0x0F, 0xFF, 0x80, 0x7F, 0xF8, 0x07, 0xF0, 0x00, 0xFE, 0x00,
  0x0F, 0xFF, 0x00, 0x3F, 0xFF, 0x00, 0xFF, 0xFF, 0x03, 0xFF, 0xFF, 0x07, 0xF0, 0x7F, 0x1F, 0x80, 0x7E, 0x3F, 0x00, 0x7E, 0x7C, 0x00, 0xFD, 0xF8,
  0x01, 0xFB, 0xF0, 0x03, 0xF7, 0xE0, 0x03, 0xEF, 0xC0, 0x07, 0xFF, 0x80, 0x0F, 0xFF, 0x00, 0x1F, 0xFE, 0x00, 0x3F, 0xFC, 0x00, 0x7F, 0xF8, 0x00,
  0xFF, 0xF0, 0x01, 0xFF, 0xE0, 0x03, 0xFF, 0xC0, 0x07, 0xDF, 0x80, 0x1F, 0xBF, 0x00, 0x3F, 0x7E, 0x00, 0x7E, 0x7E, 0x00, 0xFC, 0xFC, 0x03, 0xF0,
  0xFE, 0x0F, 0xE1, 0xFF, 0xFF, 0x81, 0xFF, 0xFE, 0x01, 0xFF, 0xFC, 0x01, 0xFF, 0xE0, 0x00, 0x7F, 0x00, 0xFF, 0xFE, 0x0F, 0xFF, 0xF8, 0xFF, 0xFF,
  0xCF, 0xFF, 0xFE, 0xFF, 0xFF, 0xEF, 0x80, 0x7F, 0xF8, 0x03, 0xFF, 0x80, 0x3F, 0xF8, 0x03, 0xFF, 0x80, 0x3F, 0xF8, 0x03, 0xFF, 0x80, 0x3F, 0xF8,
  0x03, 0xFF, 0x80, 0x7F, 0xFF, 0xFF, 0xEF, 0xFF, 0xFE, 0xFF, 0xFF, 0xCF, 0xFF, 0xF8, 0xFF, 0xFE, 0x0F, 0x80, 0x00, 0xF8, 0x00, 0x0F, 0x80, 0x00,
  0xF8, 0x00, 0x0F, 0x80, 0x00, 0xF8, 0x00, 0x0F, 0x80, 0x00, 0xF8, 0x00, 0x0F, 0x80, 0x00, 0xF8, 0x00, 0x0F, 0x80, 0x00, 0xF8, 0x00, 0x00, 0x00,
  0xFE, 0x00, 0x0F, 0xFF, 0x00, 0x3F, 0xFF, 0x80, 0xFF, 0xFF, 0x83, 0xFF, 0xFF, 0x07, 0xF0, 0x7F, 0x1F, 0x80, 0x7E, 0x3F, 0x00, 0x7E, 0xFC, 0x00,
  0xFD, 0xF8, 0x01, 0xFB, 0xF0, 0x01, 0xF7, 0xE0, 0x03, 0xFF, 0xC0, 0x07, 0xFF, 0x80, 0x0F, 0xFF, 0x00, 0x1F, 0xFE, 0x00, 0x3F, 0xFC, 0x00, 0x7F,
  0xF8, 0x00, 0xFF, 0xF0, 0x01, 0xFF, 0xE0, 0x03, 0xFF, 0xC0, 0x07, 0xDF, 0x80, 0x1F, 0xBF, 0x00, 0x3F, 0x3F, 0x00, 0x7E, 0x7E, 0x01, 0xF8, 0xFF,
  0x07, 0xF0, 0xFF, 0xFF, 0xC0, 0xFF, 0xFF, 0x80, 0xFF, 0xFE, 0x00, 0xFF, 0xF8, 0x00, 0x7F, 0xC0, 0x00, 0x3E, 0x00, 0x00, 0x7C, 0x00, 0x00, 0xF8,
  0x00, 0x01, 0xF0, 0x00, 0x03, 0xFF, 0xC0, 0x03, 0xFF, 0x80, 0x07, 0xFF, 0x00, 0x03, 0xFE, 0x00, 0xFF, 0xFE, 0x07, 0xFF, 0xFC, 0x3F, 0xFF, 0xF1,
  0xFF, 0xFF, 0xCF, 0xFF, 0xFE, 0x7C, 0x03, 0xFB, 0xE0, 0x0F, 0xDF, 0x00, 0x7E, 0xF8, 0x03, 0xF7, 0xC0, 0x1F, 0xBE, 0x00, 0xFD, 0xF0, 0x07, 0xEF,
  0x80, 0x3F, 0x7C, 0x03, 0xFB, 0xFF, 0xFF, 0x9F, 0xFF, 0xFC, 0xFF, 0xFF, 0xC7, 0xFF, 0xF8, 0x3F, 0xFF, 0x81, 0xF0, 0xFC, 0x0F, 0x87, 0xF0, 0x7C,
  0x1F, 0x83, 0xE0, 0xFE, 0x1F, 0x03, 0xF0, 0xF8, 0x1F, 0xC7, 0xC0, 0x7E, 0x3E, 0x03, 0xF9, 0xF0, 0x0F, 0xCF, 0x80, 0x7F, 0x7C, 0x01, 0xFB, 0xE0,
  0x0F, 0xE0, 0x01, 0xFF, 0x00, 0x1F, 0xFF, 0x00, 0xFF, 0xFF, 0x07, 0xFF, 0xFE, 0x3F, 0xFF, 0xFD, 0xFE, 0x07, 0xE7, 0xE0, 0x07, 0x1F, 0x80, 0x08,
  0x7E, 0x00, 0x01, 0xF8, 0x00, 0x07, 0xE0, 0x00, 0x1F, 0xC0, 0x00, 0x7F, 0xC0, 0x00, 0xFF, 0xF8, 0x03, 0xFF, 0xFC, 0x07, 0xFF, 0xF8, 0x0F, 0xFF,
  0xF0, 0x07, 0xFF, 0xE0, 0x01, 0xFF, 0xC0, 0x00, 0x7F, 0x00, 0x00, 0xFC, 0x00, 0x03, 0xF0, 0x00, 0x0F, 0xC0, 0x00, 0x3F, 0x30, 0x00, 0xFD, 0xF0,
  0x07, 0xFF, 0xF0, 0x3F, 0xBF, 0xFF, 0xFE, 0x7F, 0xFF, 0xF0, 0xFF, 0xFF, 0x80, 0xFF, 0xFC, 0x00, 0x7F, 0x80, 0xFF, 0xFF, 0xFF, 0xFF, 0xFF, 0xFF,
  0xFF, 0xFF, 0xFF, 0xFF, 0xFF, 0xFF, 0xFF, 0xFF, 0xFF, 0x00, 0x7E, 0x00, 0x00, 0x7E, 0x00, 0x00, 0x7E, 0x00, 0x00, 0x7E, 0x00, 0x00, 0x7E, 0x00,
  0x00, 0x7E, 0x00, 0x00, 0x7E, 0x00, 0x00, 0x7E, 0x00, 0x00, 0x7E, 0x00, 0x00, 0x7E, 0x00, 0x00, 0x7E, 0x00, 0x00, 0x7E, 0x00, 0x00, 0x7E, 0x00,
  0x00, 0x7E, 0x00, 0x00, 0x7E, 0x00, 0x00, 0x7E, 0x00, 0x00, 0x7E, 0x00, 0x00, 0x7E, 0x00, 0x00, 0x7E, 0x00, 0x00, 0x7E, 0x00, 0x00, 0x7E, 0x00,
  0x00, 0x7E, 0x00, 0x00, 0x7E, 0x00, 0x00, 0x7E, 0x00, 0x00, 0x7E, 0x00, 0x00, 0x7E, 0x00, 0xF8, 0x01, 0xFF, 0xC0, 0x0F, 0xFE, 0x00, 0x7F, 0xF0,
  0x03, 0xFF, 0x80, 0x1F, 0xFC, 0x00, 0xFF, 0xE0, 0x07, 0xFF, 0x00, 0x3F, 0xF8, 0x01, 0xFF, 0xC0, 0x0F, 0xFE, 0x00, 0x7F, 0xF0, 0x03, 0xFF, 0x80,
  0x1F, 0xFC, 0x00, 0xFF, 0xE0, 0x07, 0xFF, 0x00, 0x3F, 0xF8, 0x01, 0xFF, 0xC0, 0x0F, 0xFE, 0x00, 0x7F, 0xF0, 0x03, 0xFF, 0xC0, 0x1F, 0xFE, 0x00,
  0xFF, 0xF0, 0x07, 0xDF, 0x80, 0x3E, 0xFC, 0x03, 0xF7, 0xF0, 0x1F, 0x9F, 0xC1, 0xFC, 0xFF, 0xFF, 0xC3, 0xFF, 0xFE, 0x1F, 0xFF, 0xE0, 0x3F, 0xFE,
  0x00, 0x7F, 0xC0, 0xFC, 0x00, 0x3F, 0xFE, 0x00, 0x1F, 0xBF, 0x80, 0x0F, 0xCF, 0xC0, 0x07, 0xE7, 0xE0, 0x03, 0xE3, 0xF0, 0x03, 0xF0, 0xFC, 0x01,
  0xF8, 0x7E, 0x00, 0xFC, 0x3F, 0x00, 0x7C, 0x1F, 0x80, 0x7E, 0x07, 0xE0, 0x3F, 0x03, 0xF0, 0x1F, 0x81, 0xF8, 0x0F, 0x80, 0xFC, 0x0F, 0xC0, 0x3F,
  0x07, 0xE0, 0x1F, 0x83, 0xE0, 0x0F, 0xC1, 0xF0, 0x07, 0xE1, 0xF8, 0x01, 0xF8, 0xFC, 0x00, 0xFC, 0x7C, 0x00, 0x7E, 0x3E, 0x00, 0x1F, 0x3F, 0x00,
  0x0F, 0x9F, 0x80, 0x07, 0xEF, 0x80, 0x03, 0xF7, 0xC0, 0x00, 0xFF, 0xE0, 0x00, 0x7F, 0xE0, 0x00, 0x3F, 0xF0, 0x00, 0x1F, 0xF8, 0x00, 0x07, 0xFC,
  0x00, 0x03, 0xFC, 0x00, 0xF8, 0x00, 0x0F, 0xFC, 0x00, 0x07, 0xFE, 0x00, 0x03, 0xDF, 0x00, 0x01, 0xEF, 0x80, 0x00, 0xF7, 0xC0, 0x00, 0x7B, 0xE0,
  0x00, 0x7D, 0xF0, 0x7C, 0x3E, 0xF8, 0x7E, 0x1F, 0x7C, 0x3F, 0x0F, 0xBE, 0x1F, 0xC7, 0xCF, 0x0F, 0xE3, 0xE7, 0x87, 0xF1, 0xF3, 0xC3, 0xF8, 0xF9,
  0xF3, 0xDC, 0x7C, 0xF9, 0xEE, 0x3E, 0x7C, 0xF7, 0x9F, 0x3E, 0x73, 0xCF, 0x1F, 0x39, 0xE7, 0x8F, 0x9C, 0xF3, 0xC7, 0xDE, 0x79, 0xE3, 0xEF, 0x1C,
  0xF1, 0xF7, 0x8F, 0x78, 0xFB, 0x87, 0xBC, 0x7D, 0xC3, 0xFE, 0x3F, 0xE1, 0xFF, 0x0F, 0xF0, 0xFF, 0x87, 0xF8, 0x3F, 0xC3, 0xFC, 0x1F, 0xE1, 0xFE,
  0x0F, 0xF0, 0xFE, 0x07, 0xF8, 0xFE, 0x00, 0x3F, 0x7F, 0x00, 0x7E, 0x3F, 0x00, 0x7E, 0x3F, 0x80, 0xFC, 0x1F, 0x80, 0xFC, 0x1F, 0xC1, 0xF8, 0x0F,
  0xC1, 0xF8, 0x0F, 0xE3, 0xF0, 0x07, 0xE3, 0xF0, 0x03, 0xF7, 0xE0, 0x03, 0xFF, 0xC0, 0x01, 0xFF, 0xC0, 0x01, 0xFF, 0x80, 0x00, 0xFF, 0x80, 0x00,
  0xFF, 0x00, 0x00, 0xFF, 0x00, 0x00, 0xFF, 0x80, 0x01, 0xFF, 0x80, 0x01, 0xFF, 0xC0, 0x03, 0xFF, 0xC0, 0x03, 0xE7, 0xE0, 0x07, 0xE7, 0xE0, 0x0F,
  0xC3, 0xF0, 0x0F, 0xC3, 0xF8, 0x1F, 0x81, 0xF8, 0x1F, 0x81, 0xFC, 0x3F, 0x00, 0xFC, 0x3F, 0x00, 0xFE, 0x7E, 0x00, 0x7E, 0xFE, 0x00, 0x7F, 0xFC,
  0x00, 0x3F, 0xFC, 0x00, 0x1F, 0xFE, 0x00, 0x1F, 0x9F, 0x80, 0x0F, 0xCF, 0xC0, 0x0F, 0xC3, 0xF0, 0x07, 0xE1, 0xF8, 0x07, 0xE0, 0x7E, 0x03, 0xF0,
  0x3F, 0x03, 0xF0, 0x0F, 0xC1, 0xF8, 0x07, 0xE1, 0xF8, 0x01, 0xF8, 0xFC, 0x00, 0xFC, 0x7C, 0x00, 0x3E, 0x7E, 0x00, 0x1F, 0xBE, 0x00, 0x07, 0xFF,
  0x00, 0x03, 0xFF, 0x00, 0x00, 0xFF, 0x80, 0x00, 0x7F, 0x80, 0x00, 0x1F, 0xC0, 0x00, 0x0F, 0xC0, 0x00, 0x07, 0xE0, 0x00, 0x03, 0xF0, 0x00, 0x01,
  0xF8, 0x00, 0x00, 0xFC, 0x00, 0x00, 0x7E, 0x00, 0x00, 0x3F, 0x00, 0x00, 0x1F, 0x80, 0x00, 0x0F, 0xC0, 0x00, 0x07, 0xE0, 0x00, 0x03, 0xF0, 0x00,
  0x01, 0xF8, 0x00, 0x7F, 0xFF, 0xFD, 0xFF, 0xFF, 0xF7, 0xFF, 0xFF, 0xDF, 0xFF, 0xFF, 0x7F, 0xFF, 0xFC, 0x00, 0x07, 0xF0, 0x00, 0x3F, 0x80, 0x00,
  0xFC, 0x00, 0x07, 0xE0, 0x00, 0x3F, 0x80, 0x01, 0xFC, 0x00, 0x07, 0xE0, 0x00, 0x3F, 0x00, 0x01, 0xFC, 0x00, 0x0F, 0xE0, 0x00, 0x3F, 0x00, 0x01,
  0xF8, 0x00, 0x0F, 0xE0, 0x00, 0x7F, 0x00, 0x01, 0xF8, 0x00, 0x0F, 0xE0, 0x00, 0x7F, 0x00, 0x03, 0xF8, 0x00, 0x0F, 0xC0, 0x00, 0x7F, 0x00, 0x03,
  0xF8, 0x00, 0x0F, 0xFF, 0xFF, 0xFF, 0xFF, 0xFF, 0xFF, 0xFF, 0xFF, 0xFF, 0xFF, 0xFF, 0xFF, 0xFF, 0xC0, 0xFF, 0xFF, 0xFF, 0xFF, 0xFF, 0xFF, 0xFF,
  0x00, 0x78, 0x03, 0xC0, 0x1E, 0x00, 0xF0, 0x07, 0x80, 0x3C, 0x01, 0xE0, 0x0F, 0x00, 0x78, 0x03, 0xC0, 0x1E, 0x00, 0xF0, 0x07, 0x80, 0x3C, 0x01,
  0xE0, 0x0F, 0x00, 0x78, 0x03, 0xC0, 0x1E, 0x00, 0xF0, 0x07, 0x80, 0x3C, 0x01, 0xE0, 0x0F, 0x00, 0x78, 0x03, 0xC0, 0x1E, 0x00, 0xF0, 0x07, 0x80,
  0x3C, 0x01, 0xFF, 0xFF, 0xFF, 0xFF, 0xFF, 0xFF, 0xE0, 0xF8, 0x00, 0x1F, 0x00, 0x03, 0xE0, 0x00, 0x3E, 0x00, 0x07, 0xC0, 0x00, 0xFC, 0x00, 0x0F,
  0x80, 0x01, 0xF0, 0x00, 0x1F, 0x00, 0x03, 0xE0, 0x00, 0x7C, 0x00, 0x07, 0xC0, 0x00, 0xF8, 0x00, 0x1F, 0x00, 0x01, 0xF0, 0x00, 0x3E, 0x00, 0x03,
  0xE0, 0x00, 0x7C, 0x00, 0x0F, 0x80, 0x00, 0xF8, 0x00, 0x1F, 0x00, 0x03, 0xE0, 0x00, 0x3E, 0x00, 0x07, 0xC0, 0x00, 0x7C, 0x00, 0x0F, 0x80, 0x01,
  0xF0, 0x00, 0x1F, 0x00, 0x03, 0xE0, 0x00, 0x7C, 0x00, 0x07, 0xC0, 0x00, 0xF8, 0x00, 0x1F, 0x80, 0x01, 0xF0, 0x00, 0x3E, 0x00, 0x03, 0xE0, 0x00,
  0x7C, 0x00, 0x0F, 0x80, 0x00, 0xF8, 0xFF, 0xFF, 0xFF, 0xFF, 0xFF, 0xFF, 0xFF, 0x00, 0x7C, 0x01, 0xF0, 0x07, 0xC0, 0x1F, 0x00, 0x7C, 0x01, 0xF0,
  0x07, 0xC0, 0x1F, 0x00, 0x7C, 0x01, 0xF0, 0x07, 0xC0, 0x1F, 0x00, 0x7C, 0x01, 0xF0, 0x07, 0xC0, 0x1F, 0x00, 0x7C, 0x01, 0xF0, 0x07, 0xC0, 0x1F,
  0x00, 0x7C, 0x01, 0xF0, 0x07, 0xC0, 0x1F, 0x00, 0x7C, 0x01, 0xF0, 0x07, 0xC0, 0x1F, 0x00, 0x7C, 0x01, 0xF0, 0x07, 0xFF, 0xFF, 0xFF, 0xFF, 0xFF,
  0xFF, 0xFF, 0xC0, 0x00, 0xFC, 0x00, 0x03, 0xFC, 0x00, 0x07, 0xF8, 0x00, 0x1F, 0xF8, 0x00, 0x3F, 0xF0, 0x00, 0xFF, 0xF0, 0x01, 0xF3, 0xE0, 0x07,
  0xE7, 0xE0, 0x0F, 0x87, 0xC0, 0x3F, 0x0F, 0xC0, 0x7C, 0x0F, 0x81, 0xF8, 0x1F, 0x83, 0xE0, 0x1F, 0x0F, 0xC0, 0x3F, 0x1F, 0x00, 0x3E, 0x7E, 0x00,
  0x7E, 0xF8, 0x00, 0x7D, 0xF0, 0x00, 0xFD, 0xC0, 0x00, 0xE0, 0xFF, 0xFF, 0xFF, 0xFF, 0xFF, 0xFF, 0xFF, 0xFF, 0xFF, 0xFF, 0xFF, 0xFF, 0xFF, 0x80,
  0x08, 0x1E, 0x3F, 0x0F, 0xC3, 0xE1, 0xF8, 0x7C, 0x1F, 0x07, 0x83, 0x00, 0x03, 0xF8, 0x00, 0x7F, 0xFC, 0x03, 0xFF, 0xF8, 0x1F, 0xFF, 0xF0, 0xFC,
  0x0F, 0xC0, 0xE0, 0x1F, 0x81, 0x00, 0x7E, 0x00, 0x01, 0xF8, 0x00, 0x03, 0xE0, 0x00, 0x0F, 0x80, 0x7F, 0xFE, 0x0F, 0xFF, 0xF8, 0x7F, 0xFF, 0xE3,
  0xFF, 0xFF, 0x8F, 0xE0, 0x3E, 0x3E, 0x00, 0xF8, 0xF8, 0x03, 0xE3, 0xE0, 0x1F, 0x8F, 0x80, 0x7E, 0x3F, 0x07, 0xFF, 0xFF, 0xFB, 0xFD, 0xFF, 0xE7,
  0xF3, 0xFF, 0x0F, 0xC3, 0xF0, 0x00, 0xFC, 0x00, 0x07, 0xE0, 0x00, 0x3F, 0x00, 0x01, 0xF8, 0x00, 0x0F, 0xC0, 0x00, 0x7E, 0x00, 0x03, 0xF0, 0x00,
  0x1F, 0x80, 0x00, 0xFC, 0x00, 0x07, 0xE0, 0x00, 0x3F, 0x0F, 0xC1, 0xF9, 0xFF, 0x8F, 0xDF, 0xFE, 0x7E, 0xFF, 0xF3, 0xFC, 0x1F, 0xDF, 0xC0, 0x7E,
  0xFC, 0x01, 0xFF, 0xE0, 0x0F, 0xFF, 0x00, 0x7F, 0xF8, 0x03, 0xFF, 0xC0, 0x0F, 0xFE, 0x00, 0x7F, 0xF0, 0x03, 0xFF, 0x80, 0x1F, 0xFC, 0x01, 0xFF,
  0xE0, 0x0F, 0xFF, 0x00, 0x7F, 0xF8, 0x03, 0xFF, 0xE0, 0x3F, 0x7F, 0x83, 0xFB, 0xF7, 0xFF, 0x9F, 0xBF, 0xFC, 0xFC, 0xFF, 0xC0, 0x01, 0xF8, 0x00,
  0x00, 0xFE, 0x00, 0x7F, 0xF8, 0x0F, 0xFF, 0xC1, 0xFF, 0xFE, 0x3F, 0x87, 0xF7, 0xE0, 0x1E, 0x7E, 0x01, 0x87, 0xC0, 0x00, 0xFC, 0x00, 0x0F, 0xC0,
  0x00, 0xFC, 0x00, 0x0F, 0xC0, 0x00, 0xFC, 0x00, 0x0F, 0xC0, 0x00, 0xFC, 0x00, 0x0F, 0xC0, 0x00, 0x7C, 0x00, 0x07, 0xE0, 0x0C, 0x7E, 0x01, 0xE3,
  0xF8, 0x7F, 0x1F, 0xFF, 0xF0, 0xFF, 0xFE, 0x07, 0xFF, 0x80, 0x0F, 0xE0, 0x00, 0x00, 0xF8, 0x00, 0x07, 0xC0, 0x00, 0x3E, 0x00, 0x01, 0xF0, 0x00,
  0x0F, 0x80, 0x00, 0x7C, 0x00, 0x03, 0xE0, 0x00, 0x1F, 0x00, 0x00, 0xF8, 0x00, 0x07, 0xC0, 0xF8, 0x3E, 0x1F, 0xF1, 0xF1, 0xFF, 0xCF, 0x9F, 0xFF,
  0x7D, 0xFE, 0x1F, 0xEF, 0xC0, 0x3F, 0x7E, 0x01, 0xFF, 0xE0, 0x07, 0xFF, 0x00, 0x3F, 0xF8, 0x01, 0xFF, 0xC0, 0x0F, 0xFE, 0x00, 0x7F, 0xF0, 0x03,
  0xFF, 0x80, 0x1F, 0xFC, 0x00, 0xFF, 0xE0, 0x07, 0xFF, 0x00, 0x3E, 0xFC, 0x03, 0xF7, 0xE0, 0x1F, 0xBF, 0xC3, 0xFC, 0xFF, 0xFB, 0xE3, 0xFF, 0x9F,
  0x0F, 0xF8, 0xF8, 0x1F, 0x00, 0x00, 0x00, 0xFE, 0x00, 0x0F, 0xFE, 0x00, 0xFF, 0xFC, 0x07, 0xFF, 0xF8, 0x3F, 0x83, 0xF0, 0xFC, 0x07, 0xE7, 0xE0,
  0x0F, 0x9F, 0x00, 0x3E, 0x7C, 0x00, 0xFD, 0xF0, 0x03, 0xF7, 0xFF, 0xFF, 0xFF, 0xFF, 0xFF, 0xFF, 0xFF, 0xFD, 0xFF, 0xFF, 0xF7, 0xC0, 0x00, 0x1F,
  0x00, 0x00, 0x7C, 0x00, 0x01, 0xF8, 0x00, 0x83, 0xF0, 0x07, 0x0F, 0xE0, 0x7E, 0x1F, 0xFF, 0xF8, 0x3F, 0xFF, 0xC0, 0x3F, 0xFC, 0x00, 0x3F, 0xC0,
  0x00, 0x1F, 0xF8, 0x03, 0xFF, 0xC0, 0x3F, 0xFE, 0x01, 0xFF, 0xF0, 0x1F, 0x80, 0x00, 0xFC, 0x00, 0x07, 0xE0, 0x00, 0x3F, 0x00, 0x01, 0xF8, 0x00,
  0x0F, 0xC0, 0x3F, 0xFF, 0xFF, 0xFF, 0xFF, 0xFF, 0xFF, 0xFF, 0xFF, 0xFF, 0xFC, 0x07, 0xE0, 0x00, 0x3F, 0x00, 0x01, 0xF8, 0x00, 0x0F, 0xC0, 0x00,
  0x7E, 0x00, 0x03, 0xF0, 0x00, 0x1F, 0x80, 0x00, 0xFC, 0x00, 0x07, 0xE0, 0x00, 0x3F, 0x00, 0x01, 0xF8, 0x00, 0x0F, 0xC0, 0x00, 0x7E, 0x00, 0x03,
  0xF0, 0x00, 0x1F, 0x80, 0x7F, 0xFF, 0xFB, 0xFF, 0xFF, 0xDF, 0xFF, 0xFE, 0xFF, 0xFF, 0xF0, 0x00, 0x00, 0xFC, 0x00, 0x03, 0xF8, 0x00, 0x07, 0xF0,
  0x0F, 0xFF, 0xE0, 0x7F, 0xF8, 0x01, 0xFF, 0xF8, 0x07, 0xFF, 0xF8, 0x1F, 0xC3, 0xF8, 0x3E, 0x01, 0xF0, 0x7C, 0x03, 0xE1, 0xF8, 0x07, 0xE3, 0xF0,
  0x0F, 0xC3, 0xE0, 0x1F, 0x07, 0xC0, 0x3E, 0x0F, 0xE1, 0xFC, 0x0F, 0xFF, 0xF0, 0x0F, 0xFF, 0xC0, 0x0F, 0xFF, 0x00, 0x3F, 0xF8, 0x00, 0xE0, 0x00,
  0x03, 0xC0, 0x00, 0x07, 0xC0, 0x00, 0x0F, 0xFF, 0xF8, 0x1F, 0xFF, 0xFC, 0x1F, 0xFF, 0xFC, 0x1F, 0xFF, 0xFC, 0xFF, 0xFF, 0xFB, 0xE0, 0x03, 0xFF,
  0x80, 0x03, 0xFF, 0x00, 0x07, 0xFF, 0x00, 0x1F, 0xBF, 0xFF, 0xFE, 0x7F, 0xFF, 0xFC, 0x3F, 0xFF, 0xE0, 0x1F, 0xFE, 0x00, 0xFC, 0x00, 0x0F, 0xC0,
  0x00, 0xFC, 0x00, 0x0F, 0xC0, 0x00, 0xFC, 0x00, 0x0F, 0xC0, 0x00, 0xFC, 0x00, 0x0F, 0xC0, 0x00, 0xFC, 0x00, 0x0F, 0xC0, 0x00, 0xFC, 0x3F, 0x0F,
  0xC7, 0xF8, 0xFC, 0xFF, 0xCF, 0xDF, 0xFE, 0xFF, 0x07, 0xFF, 0xE0, 0x3F, 0xFC, 0x03, 0xFF, 0xC0, 0x1F, 0xFC, 0x01, 0xFF, 0xC0, 0x1F, 0xFC, 0x01,
  0xFF, 0xC0, 0x1F, 0xFC, 0x01, 0xFF, 0xC0, 0x1F, 0xFC, 0x01, 0xFF, 0xC0, 0x1F, 0xFC, 0x01, 0xFF, 0xC0, 0x1F, 0xFC, 0x01, 0xFF, 0xC0, 0x1F, 0xFC,
  0x01, 0xFF, 0xC0, 0x1F, 0xFC, 0x01, 0xF0, 0x00, 0xF8, 0x00, 0x1F, 0xC0, 0x01, 0xFC, 0x00, 0x1F, 0xC0, 0x01, 0xFC, 0x00, 0x1F, 0xC0, 0x00, 0xF8,
  0x00, 0x00, 0x00, 0x00, 0x00, 0x00, 0x00, 0x00, 0x00, 0x00, 0x0F, 0xFF, 0x80, 0xFF, 0xF8, 0x0F, 0xFF, 0x80, 0xFF, 0xF8, 0x00, 0x0F, 0x80, 0x00,
  0xF8, 0x00, 0x0F, 0x80, 0x00, 0xF8, 0x00, 0x0F, 0x80, 0x00, 0xF8, 0x00, 0x0F, 0x80, 0x00, 0xF8, 0x00, 0x0F, 0x80, 0x00, 0xF8, 0x00, 0x0F, 0x80,
  0x00, 0xF8, 0x00, 0x0F, 0x80, 0x00, 0xF8, 0x00, 0x0F, 0x80, 0xFF, 0xFF, 0xFF, 0xFF, 0xFF, 0xFF, 0xFF, 0xFF, 0xFF, 0xFF, 0x00, 0x3E, 0x00, 0x7F,
  0x00, 0x7F, 0x00, 0x7F, 0x00, 0x7F, 0x00, 0x7F, 0x00, 0x3E, 0x00, 0x00, 0x00, 0x00, 0x00, 0x00, 0x00, 0x00, 0xFF, 0xFE, 0xFF, 0xFE, 0xFF, 0xFE,
  0xFF, 0xFE, 0x00, 0x3E, 0x00, 0x3E, 0x00, 0x3E, 0x00, 0x3E, 0x00, 0x3E, 0x00, 0x3E, 0x00, 0x3E, 0x00, 0x3E, 0x00, 0x3E, 0x00, 0x3E, 0x00, 0x3E,
  0x00, 0x3E, 0x00, 0x3E, 0x00, 0x3E, 0x00, 0x3E, 0x00, 0x3E, 0x00, 0x3E, 0x00, 0x3E, 0x00, 0x3E, 0x00, 0x3E, 0x00, 0x3E, 0x00, 0x3E, 0x00, 0x3E,
  0x00, 0x3E, 0xFF, 0xFE, 0xFF, 0xFC, 0xFF, 0xF8, 0xFF, 0xF0, 0xFC, 0x00, 0x03, 0xF0, 0x00, 0x0F, 0xC0, 0x00, 0x3F, 0x00, 0x00, 0xFC, 0x00, 0x03,
  0xF0, 0x00, 0x0F, 0xC0, 0x00, 0x3F, 0x00, 0x00, 0xFC, 0x00, 0x03, 0xF0, 0x00, 0x0F, 0xC0, 0x1F, 0xBF, 0x00, 0xFC, 0xFC, 0x07, 0xE3, 0xF0, 0x3F,
  0x0F, 0xC1, 0xF8, 0x3F, 0x0F, 0xC0, 0xFC, 0x7E, 0x03, 0xF3, 0xF0, 0x0F, 0xDF, 0x80, 0x3F, 0xFE, 0x00, 0xFF, 0xFC, 0x03, 0xFF, 0xF0, 0x0F, 0xFF,
  0xE0, 0x3F, 0x8F, 0xC0, 0xFC, 0x3F, 0x83, 0xF0, 0x7E, 0x0F, 0xC0, 0xFC, 0x3F, 0x03, 0xF8, 0xFC, 0x07, 0xE3, 0xF0, 0x0F, 0xCF, 0xC0, 0x3F, 0xBF,
  0x00, 0x7F, 0xFC, 0x00, 0xFC, 0xFF, 0xF8, 0x0F, 0xFF, 0x80, 0xFF, 0xF8, 0x0F, 0xFF, 0x80, 0x01, 0xF8, 0x00, 0x1F, 0x80, 0x01, 0xF8, 0x00, 0x1F,
  0x80, 0x01, 0xF8, 0x00, 0x1F, 0x80, 0x01, 0xF8, 0x00, 0x1F, 0x80, 0x01, 0xF8, 0x00, 0x1F, 0x80, 0x01, 0xF8, 0x00, 0x1F, 0x80, 0x01, 0xF8, 0x00,
  0x1F, 0x80, 0x01, 0xF8, 0x00, 0x1F, 0x80, 0x01, 0xF8, 0x00, 0x1F, 0x80, 0x01, 0xF8, 0x00, 0x1F, 0x80, 0x01, 0xF8, 0x00, 0x1F, 0x80, 0x01, 0xF8,
  0x00, 0x1F, 0x80, 0x01, 0xF8, 0x0F, 0xFF, 0xFF, 0xFF, 0xFF, 0xFF, 0xFF, 0xFF, 0xFF, 0xFF, 0xF0, 0xF1, 0xE0, 0xF1, 0xE7, 0xE3, 0xF3, 0xDF, 0xCF,
  0xF7, 0xFF, 0xFF, 0xEF, 0x8F, 0xC7, 0xFF, 0x0F, 0x87, 0xFC, 0x1F, 0x0F, 0xF8, 0x3E, 0x1F, 0xF0, 0x7C, 0x3F, 0xE0, 0xF8, 0x7F, 0xC1, 0xF0, 0xFF,
  0x83, 0xE1, 0xFF, 0x07, 0xC3, 0xFE, 0x0F, 0x87, 0xFC, 0x1F, 0x0F, 0xF8, 0x3E, 0x1F, 0xF0, 0x7C, 0x3F, 0xE0, 0xF8, 0x7F, 0xC1, 0xF0, 0xFF, 0x83,
  0xE1, 0xFF, 0x07, 0xC3, 0xFE, 0x0F, 0x87, 0xFC, 0x1F, 0x0F, 0x80, 0xFC, 0x3F, 0x0F, 0xC7, 0xF8, 0xFC, 0xFF, 0xCF, 0xDF, 0xFE, 0xFF, 0x07, 0xFF,
  0xE0, 0x3F, 0xFC, 0x03, 0xFF, 0xC0, 0x1F, 0xFC, 0x01, 0xFF, 0xC0, 0x1F, 0xFC, 0x01, 0xFF, 0xC0, 0x1F, 0xFC, 0x01, 0xFF, 0xC0, 0x1F, 0xFC, 0x01,
  0xFF, 0xC0, 0x1F, 0xFC, 0x01, 0xFF, 0xC0, 0x1F, 0xFC, 0x01, 0xFF, 0xC0, 0x1F, 0xFC, 0x01, 0xFF, 0xC0, 0x1F, 0xFC, 0x01, 0xF0, 0x00, 0xFE, 0x00,
  0x1F, 0xFE, 0x00, 0xFF, 0xFC, 0x07, 0xFF, 0xF8, 0x3F, 0x83, 0xF0, 0xF8, 0x07, 0xE7, 0xE0, 0x0F, 0x9F, 0x00, 0x3F, 0x7C, 0x00, 0xFF, 0xF0, 0x03,
  0xFF, 0xC0, 0x0F, 0xFF, 0x00, 0x3F, 0xFC, 0x00, 0xFF, 0xF0, 0x03, 0xFF, 0xC0, 0x0F, 0xDF, 0x00, 0x3F, 0x7C, 0x00, 0xFD, 0xF8, 0x03, 0xE3, 0xE0,
  0x1F, 0x8F, 0xE0, 0xFC, 0x1F, 0xFF, 0xE0, 0x3F, 0xFF, 0x00, 0x7F, 0xF8, 0x00, 0x3F, 0x80, 0xFC, 0x3F, 0x07, 0xE7, 0xFE, 0x3F, 0x7F, 0xF9, 0xFB,
  0xFF, 0xCF, 0xF0, 0x7F, 0x7F, 0x01, 0xFB, 0xF0, 0x07, 0xFF, 0x80, 0x3F, 0xFC, 0x01, 0xFF, 0xE0, 0x0F, 0xFF, 0x00, 0x3F, 0xF8, 0x01, 0xFF, 0xC0,
  0x0F, 0xFE, 0x00, 0x7F, 0xF0, 0x07, 0xFF, 0x80, 0x3F, 0xFC, 0x01, 0xFF, 0xE0, 0x0F, 0xFF, 0x80, 0xFD, 0xFE, 0x0F, 0xEF, 0xDF, 0xFE, 0x7E, 0xFF,
  0xF3, 0xF3, 0xFF, 0x1F, 0x87, 0xE0, 0xFC, 0x00, 0x07, 0xE0, 0x00, 0x3F, 0x00, 0x01, 0xF8, 0x00, 0x0F, 0xC0, 0x00, 0x7E, 0x00, 0x03, 0xF0, 0x00,
  0x1F, 0x80, 0x00, 0x03, 0xE0, 0xF8, 0x7F, 0xC7, 0xC7, 0xFF, 0x3E, 0x7F, 0xFD, 0xF7, 0xF8, 0x7F, 0xBF, 0x00, 0xFD, 0xF8, 0x07, 0xFF, 0x80, 0x1F,
  0xFC, 0x00, 0xFF, 0xE0, 0x07, 0xFF, 0x00, 0x3F, 0xF8, 0x01, 0xFF, 0xC0, 0x0F, 0xFE, 0x00, 0x7F, 0xF0, 0x03, 0xFF, 0x80, 0x1F, 0xFC, 0x00, 0xFB,
  0xF0, 0x0F, 0xDF, 0x80, 0x7E, 0xFF, 0x0F, 0xF3, 0xFF, 0xEF, 0x8F, 0xFE, 0x7C, 0x3F, 0xE3, 0xE0, 0x7C, 0x1F, 0x00, 0x00, 0xF8, 0x00, 0x07, 0xC0,
  0x00, 0x3E, 0x00, 0x01, 0xF0, 0x00, 0x0F, 0x80, 0x00, 0x7C, 0x00, 0x03, 0xE0, 0x00, 0x1F, 0xFF, 0xF0, 0x7F, 0xFF, 0xC7, 0xFF, 0xFF, 0x3F, 0xFF,
  0xFD, 0xFF, 0x03, 0xF7, 0xFC, 0x0F, 0xF8, 0x00, 0x3F, 0x80, 0x00, 0xFC, 0x00, 0x03, 0xF0, 0x00, 0x0F, 0xC0, 0x00, 0x3F, 0x00, 0x00, 0xFC, 0x00,
  0x03, 0xF0, 0x00, 0x0F, 0xC0, 0x00, 0x3F, 0x00, 0x00, 0xFC, 0x00, 0x03, 0xF0, 0x00, 0x0F, 0xC0, 0x00, 0x3F, 0x00, 0x3F, 0xFF, 0xF8, 0xFF, 0xFF,
  0xE3, 0xFF, 0xFF, 0x8F, 0xFF, 0xFE, 0x00, 0x03, 0xFE, 0x00, 0xFF, 0xF8, 0x1F, 0xFF, 0xE3, 0xFF, 0xFF, 0x7F, 0x03, 0xE7, 0xC0, 0x0C, 0x7C, 0x00,
  0x07, 0xC0, 0x00, 0x7E, 0x00, 0x07, 0xFF, 0x00, 0x7F, 0xFF, 0x03, 0xFF, 0xFC, 0x1F, 0xFF, 0xE0, 0x3F, 0xFF, 0x00, 0x1F, 0xF0, 0x00, 0x3F, 0x00,
  0x01, 0xF3, 0x00, 0x1F, 0x78, 0x03, 0xFF, 0xE0, 0x7F, 0xFF, 0xFF, 0xE7, 0xFF, 0xFC, 0x1F, 0xFF, 0x80, 0x3F, 0xC0, 0x01, 0xF0, 0x00, 0x0F, 0x80,
  0x00, 0x7C, 0x00, 0x03, 0xE0, 0x00, 0x1F, 0x00, 0x00, 0xF8, 0x00, 0x07, 0xC0, 0x00, 0x7E, 0x00, 0xFF, 0xFF, 0xFF, 0xFF, 0xFF, 0xFF, 0xFF, 0xFF,
  0xFF, 0xFF, 0xF0, 0x3F, 0x00, 0x01, 0xF8, 0x00, 0x0F, 0xC0, 0x00, 0x7E, 0x00, 0x03, 0xF0, 0x00, 0x1F, 0x80, 0x00, 0xFC, 0x00, 0x07, 0xE0, 0x00,
  0x3F, 0x00, 0x01, 0xF8, 0x00, 0x0F, 0xC0, 0x00, 0x7E, 0x00, 0x03, 0xF0, 0x00, 0x1F, 0x80, 0x00, 0x7C, 0x00, 0x03, 0xFF, 0xF0, 0x1F, 0xFF, 0x80,
  0x7F, 0xFC, 0x00, 0xFF, 0xE0, 0xFC, 0x03, 0xFF, 0xC0, 0x3F, 0xFC, 0x03, 0xFF, 0xC0, 0x3F, 0xFC, 0x03, 0xFF, 0xC0, 0x3F, 0xFC, 0x03, 0xFF, 0xC0,
  0x3F, 0xFC, 0x03, 0xFF, 0xC0, 0x3F, 0xFC, 0x03, 0xFF, 0xC0, 0x3F, 0xFC, 0x03, 0xFF, 0xC0, 0x3F, 0xFC, 0x03, 0xFF, 0xC0, 0x3F, 0xFC, 0x03, 0xFF,
  0xC0, 0x3F, 0x7E, 0x03, 0xF7, 0xF0, 0xFF, 0x7F, 0xFB, 0xF3, 0xFF, 0xBF, 0x1F, 0xF3, 0xF0, 0x7C, 0x00, 0xFC, 0x00, 0x7F, 0xF8, 0x00, 0xF9, 0xF0,
  0x03, 0xF3, 0xF0, 0x07, 0xC7, 0xE0, 0x0F, 0x87, 0xC0, 0x3F, 0x0F, 0xC0, 0x7C, 0x1F, 0x80, 0xF8, 0x1F, 0x03, 0xF0, 0x3F, 0x07, 0xC0, 0x7E, 0x0F,
  0x80, 0x7C, 0x1F, 0x00, 0xF8, 0x7C, 0x01, 0xF8, 0xF8, 0x01, 0xF1, 0xF0, 0x03, 0xE7, 0xC0, 0x03, 0xEF, 0x80, 0x07, 0xDF, 0x00, 0x0F, 0xFC, 0x00,
  0x0F, 0xF8, 0x00, 0x1F, 0xE0, 0x00, 0x3F, 0xC0, 0x00, 0x3F, 0x80, 0x00, 0xF0, 0x3E, 0x0F, 0xF8, 0x3F, 0x07, 0xFE, 0x1F, 0x83, 0xDF, 0x0F, 0xC1,
  0xEF, 0x87, 0xF0, 0xF7, 0xC3, 0xF8, 0x7B, 0xE1, 0xFC, 0x3C, 0xF0, 0xEE, 0x1E, 0x78, 0xF7, 0x1F, 0x3C, 0x73, 0x8F, 0x9E, 0x39, 0xE7, 0x8F, 0x9C,
  0xF3, 0xC7, 0xCE, 0x79, 0xE3, 0xE7, 0x1C, 0xF1, 0xF7, 0x8E, 0x78, 0x7B, 0xC7, 0x3C, 0x3D, 0xC3, 0xDE, 0x1E, 0xE1, 0xFF, 0x0F, 0x70, 0xFF, 0x07,
  0xF8, 0x3F, 0x83, 0xFC, 0x1F, 0xC1, 0xFE, 0x0F, 0xE0, 0xFE, 0x07, 0xF0, 0xFE, 0x00, 0xFC, 0xFC, 0x03, 0xF0, 0xFC, 0x07, 0xE1, 0xFC, 0x1F, 0x81,
  0xF8, 0x7E, 0x01, 0xF8, 0xF8, 0x01, 0xFB, 0xF0, 0x03, 0xFF, 0xC0, 0x03, 0xFF, 0x00, 0x03, 0xFE, 0x00, 0x07, 0xF8, 0x00, 0x07, 0xF0, 0x00, 0x1F,
  0xE0, 0x00, 0x7F, 0xE0, 0x00, 0xFF, 0xE0, 0x03, 0xFF, 0xE0, 0x0F, 0xCF, 0xC0, 0x3F, 0x0F, 0xC0, 0x7E, 0x1F, 0xC1, 0xF8, 0x1F, 0x87, 0xE0, 0x1F,
  0x8F, 0xC0, 0x3F, 0xBF, 0x00, 0x3F, 0x80, 0xFC, 0x00, 0x3F, 0x7E, 0x00, 0x3F, 0x7E, 0x00, 0x7E, 0x3F, 0x00, 0x7E, 0x3F, 0x00, 0x7C, 0x3F, 0x00,
  0xFC, 0x1F, 0x80, 0xFC, 0x1F, 0x80, 0xF8, 0x0F, 0x81, 0xF8, 0x0F, 0xC1, 0xF0, 0x0F, 0xC1, 0xF0, 0x07, 0xC3, 0xF0, 0x07, 0xE3, 0xE0, 0x03, 0xE3,
  0xE0, 0x03, 0xE7, 0xC0, 0x01, 0xF7, 0xC0, 0x01, 0xF7, 0xC0, 0x01, 0xFF, 0x80, 0x00, 0xFF, 0x80, 0x00, 0xFF, 0x00, 0x00, 0x7F, 0x00, 0x00, 0x7F,
  0x00, 0x00, 0x7E, 0x00, 0x00, 0x7E, 0x00, 0x00, 0x7C, 0x00, 0x00, 0x7C, 0x00, 0x00, 0xFC, 0x00, 0x00, 0xF8, 0x00, 0x3F, 0xF8, 0x00, 0x3F, 0xF0,
  0x00, 0x3F, 0xE0, 0x00, 0x3F, 0x80, 0x00, 0x7F, 0xFF, 0xF7, 0xFF, 0xFF, 0x7F, 0xFF, 0xF7, 0xFF, 0xFF, 0x00, 0x07, 0xF0, 0x00, 0xFE, 0x00, 0x1F,
  0xC0, 0x03, 0xF8, 0x00, 0x7F, 0x00, 0x0F, 0xE0, 0x00, 0xFC, 0x00, 0x1F, 0x80, 0x03, 0xF0, 0x00, 0x7F, 0x00, 0x0F, 0xE0, 0x01, 0xFC, 0x00, 0x3F,
  0x80, 0x07, 0xF0, 0x00, 0xFE, 0x00, 0x0F, 0xFF, 0xFF, 0xFF, 0xFF, 0xFF, 0xFF, 0xFF, 0xFF, 0xFF, 0xF0, 0x00, 0xFF, 0xC0, 0xFF, 0xF0, 0x3F, 0xFC,
  0x1F, 0xFF, 0x07, 0xC0, 0x01, 0xF0, 0x00, 0x7C, 0x00, 0x1F, 0x00, 0x03, 0xC0, 0x00, 0xF8, 0x00, 0x1F, 0x00, 0x03, 0xC0, 0x00, 0xF8, 0x00, 0x1F,
  0x00, 0x07, 0xC0, 0x01, 0xF0, 0x00, 0xF8, 0x3F, 0xFC, 0x0F, 0xFC, 0x03, 0xFF, 0x00, 0xFF, 0xF0, 0x00, 0x7E, 0x00, 0x07, 0xC0, 0x01, 0xF0, 0x00,
  0x7C, 0x00, 0x1E, 0x00, 0x0F, 0x80, 0x07, 0xC0, 0x03, 0xE0, 0x00, 0xF8, 0x00, 0x3C, 0x00, 0x1F, 0x00, 0x07, 0xC0, 0x01, 0xF0, 0x00, 0x7C, 0x00,
  0x1F, 0xFF, 0x03, 0xFF, 0xC0, 0xFF, 0xF0, 0x0F, 0xFC, 0xFF, 0xFF, 0xFF, 0xFF, 0xFF, 0xFF, 0xFF, 0xFF, 0xFF, 0xFF, 0xFF, 0xFF, 0xFF, 0xFF, 0xFF,
  0xFF, 0xFF, 0xFF, 0xFF, 0xFF, 0xFF, 0xFF, 0xFF, 0xFF, 0xE0, 0xFF, 0xE0, 0x3F, 0xFC, 0x0F, 0xFF, 0x83, 0xFF, 0xE0, 0x00, 0xF8, 0x00, 0x3E, 0x00,
  0x0F, 0x80, 0x03, 0xE0, 0x00, 0xF8, 0x00, 0x7C, 0x00, 0x1F, 0x00, 0x0F, 0x80, 0x07, 0xC0, 0x01, 0xE0, 0x00, 0x78, 0x00, 0x1F, 0x00, 0x07, 0xE0,
  0x00, 0xFF, 0xF0, 0x0F, 0xFC, 0x03, 0xFF, 0x03, 0xFF, 0xC1, 0xF8, 0x00, 0x7C, 0x00, 0x1E, 0x00, 0x07, 0x80, 0x01, 0xF0, 0x00, 0x3E, 0x00, 0x0F,
  0x80, 0x01, 0xF0, 0x00, 0x3C, 0x00, 0x0F, 0x80, 0x03, 0xE0, 0x00, 0xF8, 0x00, 0x3E, 0x00, 0x0F, 0x83, 0xFF, 0xE0, 0xFF, 0xF8, 0x3F, 0xFC, 0x0F,
  0xFE, 0x00, 0x07, 0x80, 0x38, 0x7F, 0x80, 0xF3, 0xFF, 0x03, 0xDF, 0xFE, 0x0F, 0x7C, 0xFC, 0x7D, 0xE1, 0xF1, 0xEF, 0x83, 0xFF, 0xBC, 0x0F, 0xFC,
  0xF0, 0x1F, 0xE1, 0xC0, 0x1F, 0x00,
};
const GFXglyph PlexIdM_Glyphs[] PROGMEM = {
  {0, 0, 0, 26, 0, 0},  // 0x20 ' '
  {0, 8, 31, 26, 9, -31},  // 0x21 '!'
  {31, 14, 14, 26, 6, -33},  // 0x22 '"'
  {56, 26, 31, 26, 0, -31},  // 0x23 '#'
  {157, 23, 40, 26, 2, -36},  // 0x24 '$'
  {272, 25, 32, 26, 1, -31},  // 0x25 '%'
  {372, 25, 32, 26, 1, -31},  // 0x26 '&'
  {472, 5, 14, 26, 11, -33},  // 0x27 "'"
  {481, 14, 39, 26, 8, -33},  // 0x28 '('
  {550, 14, 39, 26, 4, -33},  // 0x29 ')'
  {619, 23, 22, 26, 2, -24},  // 0x2A '*'
  {683, 21, 20, 26, 3, -23},  // 0x2B '+'
  {736, 10, 14, 26, 8, -7},  // 0x2C ','
  {754, 14, 5, 26, 6, -16},  // 0x2D '-'
  {763, 8, 8, 26, 9, -8},  // 0x2E '.'
  {771, 19, 39, 26, 4, -33},  // 0x2F '/'
  {864, 23, 32, 26, 2, -31},  // 0x30 '0'
  {956, 23, 31, 26, 2, -31},  // 0x31 '1'
  {1046, 22, 31, 26, 2, -31},  // 0x32 '2'
  {1132, 22, 32, 26, 2, -31},  // 0x33 '3'
  {1220, 24, 31, 26, 1, -31},  // 0x34 '4'
  {1313, 21, 32, 26, 3, -31},  // 0x35 '5'
  {1397, 23, 32, 26, 2, -31},  // 0x36 '6'
  {1489, 22, 31, 26, 2, -31},  // 0x37 '7'
  {1575, 23, 32, 26, 2, -31},  // 0x38 '8'
  {1667, 22, 31, 26, 2, -31},  // 0x39 '9'
  {1753, 8, 24, 26, 9, -24},  // 0x3A ':'
  {1777, 10, 31, 26, 8, -24},  // 0x3B ';'
  {1816, 19, 26, 26, 4, -26},  // 0x3C '<'
  {1878, 21, 13, 26, 3, -20},  // 0x3D '='
  {1913, 19, 26, 26, 4, -26},  // 0x3E '>'
  {1975, 20, 31, 26, 3, -31},  // 0x3F '?'
  {2053, 22, 36, 26, 2, -31},  // 0x40 '@'
  {2152, 25, 31, 26, 1, -31},  // 0x41 'A'
  {2249, 20, 31, 26, 4, -31},  // 0x42 'B'
  {2327, 22, 32, 26, 2, -31},  // 0x43 'C'
  {2415, 22, 31, 26, 3, -31},  // 0x44 'D'
  {2501, 19, 31, 26, 4, -31},  // 0x45 'E'
  {2575, 20, 31, 26, 4, -31},  // 0x46 'F'
  {2653, 22, 32, 26, 2, -31},  // 0x47 'G'
  {2741, 20, 31, 26, 3, -31},  // 0x48 'H'
  {2819, 20, 31, 26, 3, -31},  // 0x49 'I'
  {2897, 20, 32, 26, 2, -31},  // 0x4A 'J'
  {2977, 23, 31, 26, 3, -31},  // 0x4B 'K'
  {3067, 20, 31, 26, 4, -31},  // 0x4C 'L'
  {3145, 22, 31, 26, 2, -31},  // 0x4D 'M'
  {3231, 20, 31, 26, 3, -31},  // 0x4E 'N'
  {3309, 23, 32, 26, 2, -31},  // 0x4F 'O'
  {3401, 20, 31, 26, 4, -31},  // 0x50 'P'
  {3479, 23, 39, 26, 2, -31},  // 0x51 'Q'
  {3592, 21, 31, 26, 4, -31},  // 0x52 'R'
  {3674, 22, 32, 26, 2, -31},  // 0x53 'S'
  {3762, 24, 31, 26, 1, -31},  // 0x54 'T'
  {3855, 21, 32, 26, 3, -31},  // 0x55 'U'
  {3939, 25, 31, 26, 1, -31},  // 0x56 'V'
  {4036, 25, 31, 26, 1, -31},  // 0x57 'W'
  {4133, 24, 31, 26, 1, -31},  // 0x58 'X'
  {4226, 25, 31, 26, 1, -31},  // 0x59 'Y'
  {4323, 22, 31, 26, 2, -31},  // 0x5A 'Z'
  {4409, 13, 39, 26, 9, -33},  // 0x5B '['
  {4473, 19, 39, 26, 4, -33},  // 0x5C '\\'
  {4566, 14, 39, 26, 4, -33},  // 0x5D ']'
  {4635, 23, 19, 26, 2, -31},  // 0x5E '^'
  {4690, 21, 5, 26, 3, 3},  // 0x5F '_'
  {4704, 9, 10, 26, 7, -35},  // 0x60 '`'
  {4716, 22, 24, 26, 3, -23},  // 0x61 'a'
  {4782, 21, 34, 26, 3, -33},  // 0x62 'b'
  {4872, 20, 24, 26, 3, -23},  // 0x63 'c'
  {4932, 21, 34, 26, 2, -33},  // 0x64 'd'
  {5022, 22, 24, 26, 2, -23},  // 0x65 'e'
  {5088, 21, 33, 26, 3, -33},  // 0x66 'f'
  {5175, 23, 35, 26, 2, -26},  // 0x67 'g'
  {5276, 20, 33, 26, 3, -33},  // 0x68 'h'
  {5359, 20, 34, 26, 4, -34},  // 0x69 'i'
  {5444, 16, 43, 26, 4, -34},  // 0x6A 'j'
  {5530, 22, 33, 26, 3, -33},  // 0x6B 'k'
  {5621, 20, 33, 26, 3, -33},  // 0x6C 'l'
  {5704, 23, 23, 26, 2, -23},  // 0x6D 'm'
  {5771, 20, 23, 26, 3, -23},  // 0x6E 'n'
  {5829, 22, 24, 26, 2, -23},  // 0x6F 'o'
  {5895, 21, 32, 26, 3, -23},  // 0x70 'p'
  {5979, 21, 32, 26, 2, -23},  // 0x71 'q'
  {6063, 22, 23, 26, 3, -23},  // 0x72 'r'
  {6127, 20, 24, 26, 3, -23},  // 0x73 's'
  {6187, 21, 31, 26, 2, -31},  // 0x74 't'
  {6269, 20, 24, 26, 3, -23},  // 0x75 'u'
  {6329, 23, 23, 26, 2, -23},  // 0x76 'v'
  {6396, 25, 23, 26, 1, -23},  // 0x77 'w'
  {6468, 23, 23, 26, 2, -23},  // 0x78 'x'
  {6535, 24, 32, 26, 1, -23},  // 0x79 'y'
  {6631, 20, 23, 26, 3, -23},  // 0x7A 'z'
  {6689, 18, 39, 26, 4, -33},  // 0x7B '{'
  {6777, 5, 39, 26, 11, -33},  // 0x7C '|'
  {6802, 18, 39, 26, 4, -33},  // 0x7D '}'
  {6890, 22, 10, 26, 2, -19},  // 0x7E '~'
};
const GFXfont PlexIdM PROGMEM = {(uint8_t*)PlexIdM_Bitmaps, (GFXglyph*)PlexIdM_Glyphs, 0x20, 0x7E, 59};

const uint8_t PlexIdS_Bitmaps[] PROGMEM = {
  0xFF, 0xFF, 0xFF, 0xFD, 0xEE, 0x73, 0x9C, 0x62, 0x00, 0x00, 0x77, 0xFF, 0xFF, 0xB8, 0xF1, 0xFE, 0x3F, 0xC7, 0xF8, 0xFF, 0x1F, 0xE3, 0xFC, 0x7F,
  0x8F, 0xF1, 0xFE, 0x3C, 0x01, 0xC7, 0x00, 0x38, 0xE0, 0x0F, 0x1C, 0x01, 0xE7, 0x80, 0x38, 0xE0, 0x07, 0x1C, 0x0F, 0xE3, 0xF9, 0xFC, 0x7F, 0x3F,
  0x9F, 0xE0, 0xE3, 0xC0, 0x1C, 0x70, 0x03, 0x8E, 0x00, 0x71, 0xC1, 0xFE, 0x3F, 0xBF, 0xCF, 0xF7, 0xF1, 0xFE, 0x0E, 0x38, 0x01, 0xC7, 0x00, 0x38,
  0xE0, 0x0F, 0x3C, 0x01, 0xE7, 0x80, 0x38, 0xE0, 0x00, 0x03, 0x80, 0x03, 0x80, 0x03, 0x80, 0x0F, 0xF0, 0x3F, 0xFC, 0x7F, 0xFE, 0xF9, 0x9E, 0xF1,
  0x8C, 0xF1, 0x80, 0xF1, 0x80, 0xF1, 0x80, 0xFF, 0x80, 0x7F, 0xC0, 0x3F, 0xF8, 0x0F, 0xFC, 0x01, 0xFE, 0x01, 0x9F, 0x01, 0x8F, 0x01, 0x8F, 0x01,
  0x8F, 0x61, 0x8F, 0xF9, 0x9E, 0xFF, 0xFC, 0x7F, 0xF8, 0x0F, 0xE0, 0x03, 0x80, 0x03, 0x80, 0x03, 0x80, 0x1F, 0x00, 0xE7, 0xF0, 0x39, 0xFF, 0x07,
  0x38, 0xE1, 0xCE, 0x1C, 0x39, 0xC3, 0x8E, 0x38, 0x71, 0xC3, 0x8E, 0x70, 0x7F, 0xCE, 0x07, 0xF3, 0x80, 0x7C, 0x00, 0x00, 0x07, 0x80, 0x73, 0xF8,
  0x1E, 0x7F, 0x83, 0x9E, 0x78, 0xF3, 0x87, 0x1C, 0x70, 0xE7, 0x8E, 0x1C, 0xE1, 0xE7, 0xBC, 0x1F, 0xE7, 0x03, 0xFD, 0xE0, 0x1E, 0x00, 0x07, 0xC0,
  0x0F, 0xF8, 0x0F, 0xFE, 0x07, 0x8F, 0x07, 0x83, 0x03, 0xC0, 0x00, 0xE0, 0x00, 0x78, 0x00, 0x3E, 0x00, 0x0F, 0x00, 0x07, 0xC3, 0xEF, 0xF1, 0xF7,
  0xBC, 0xFF, 0x9F, 0x73, 0xC7, 0xF9, 0xC1, 0xF8, 0xF0, 0x7C, 0x78, 0x3E, 0x3E, 0x1F, 0x8F, 0xF9, 0xE7, 0xFC, 0xF8, 0xF8, 0x3C, 0xFF, 0xFF, 0xFF,
  0xFC, 0x03, 0xC1, 0xE0, 0xF0, 0x78, 0x1C, 0x0E, 0x07, 0x81, 0xC0, 0x70, 0x3C, 0x0F, 0x03, 0x80, 0xE0, 0x38, 0x0E, 0x03, 0x80, 0xE0, 0x3C, 0x0F,
  0x01, 0xC0, 0x70, 0x1E, 0x03, 0x80, 0x70, 0x1E, 0x03, 0xC0, 0x78, 0x0F, 0xF0, 0x1E, 0x03, 0xC0, 0x78, 0x0F, 0x01, 0xC0, 0x78, 0x0E, 0x03, 0x80,
  0xF0, 0x1C, 0x07, 0x01, 0xC0, 0x70, 0x1C, 0x07, 0x01, 0xC0, 0x70, 0x3C, 0x0E, 0x03, 0x81, 0xE0, 0x70, 0x3C, 0x1E, 0x0F, 0x07, 0x83, 0xC0, 0x01,
  0xC0, 0x00, 0xE0, 0x00, 0x70, 0x00, 0x38, 0x04, 0x1C, 0x13, 0xCE, 0x7F, 0xFF, 0xFE, 0xFF, 0xFE, 0x0F, 0xF8, 0x01, 0xF8, 0x01, 0xFC, 0x01, 0xFF,
  0x01, 0xF3, 0xC0, 0xF1, 0xF0, 0x70, 0x78, 0x10, 0x10, 0x03, 0x80, 0x07, 0x00, 0x0E, 0x00, 0x1C, 0x00, 0x38, 0x00, 0x70, 0x3F, 0xFF, 0xFF, 0xFF,
  0xFF, 0xFE, 0x07, 0x00, 0x0E, 0x00, 0x1C, 0x00, 0x38, 0x00, 0x70, 0x00, 0xE0, 0x00, 0x7E, 0xF9, 0xF3, 0xE7, 0x8F, 0x3C, 0x78, 0xE1, 0xC0, 0xFF,
  0xFF, 0xFF, 0xFC, 0x7B, 0xEF, 0xFF, 0xF9, 0xE0, 0x00, 0x3C, 0x01, 0xE0, 0x07, 0x80, 0x1C, 0x00, 0xF0, 0x03, 0xC0, 0x0E, 0x00, 0x78, 0x01, 0xE0,
  0x0F, 0x00, 0x3C, 0x00, 0xE0, 0x07, 0x80, 0x1E, 0x00, 0x70, 0x03, 0xC0, 0x0E, 0x00, 0x78, 0x01, 0xE0, 0x07, 0x00, 0x3C, 0x00, 0xF0, 0x03, 0x80,
  0x1E, 0x00, 0x70, 0x03, 0xC0, 0x0F, 0x00, 0x38, 0x00, 0x03, 0xF0, 0x07, 0xFE, 0x07, 0xFF, 0x87, 0xC3, 0xC7, 0x80, 0xF3, 0xC0, 0x79, 0xE0, 0x1F,
  0xF0, 0x0F, 0xF0, 0x07, 0xF8, 0xE3, 0xFC, 0x79, 0xFE, 0x3C, 0xFF, 0x1C, 0x7F, 0x80, 0x3F, 0xE0, 0x1E, 0xF0, 0x0F, 0x78, 0x0F, 0x3C, 0x07, 0x8F,
  0x87, 0x83, 0xFF, 0xC0, 0xFF, 0xC0, 0x1F, 0x80, 0x07, 0xF0, 0x03, 0xF8, 0x03, 0xFC, 0x03, 0xDE, 0x03, 0xEF, 0x03, 0xE7, 0x83, 0xE3, 0xC0, 0xE1,
  0xE0, 0x30, 0xF0, 0x00, 0x78, 0x00, 0x3C, 0x00, 0x1E, 0x00, 0x0F, 0x00, 0x07, 0x80, 0x03, 0xC0, 0x01, 0xE0, 0x00, 0xF0, 0x00, 0x78, 0x00, 0x3C,
  0x07, 0xFF, 0xF3, 0xFF, 0xF9, 0xFF, 0xFC, 0x0F, 0xE0, 0x3F, 0xF8, 0x7F, 0xFC, 0xF8, 0x7C, 0xF0, 0x3E, 0x60, 0x3E, 0x00, 0x1E, 0x00, 0x3E, 0x00,
  0x3E, 0x00, 0x3C, 0x00, 0x7C, 0x00, 0xF8, 0x01, 0xF0, 0x03, 0xE0, 0x07, 0x80, 0x1F, 0x00, 0x3E, 0x00, 0x7C, 0x00, 0xF8, 0x00, 0xFF, 0xFF, 0xFF,
  0xFF, 0xFF, 0xFF, 0x07, 0xF0, 0x1F, 0xFC, 0x3F, 0xFE, 0x7C, 0x3F, 0x38, 0x1F, 0x00, 0x0F, 0x00, 0x0F, 0x00, 0x1E, 0x00, 0x3E, 0x07, 0xFC, 0x07,
  0xF0, 0x07, 0xFC, 0x00, 0x3E, 0x00, 0x1F, 0x00, 0x0F, 0x00, 0x0F, 0x20, 0x0F, 0x70, 0x1F, 0xFC, 0x3F, 0x7F, 0xFE, 0x3F, 0xFC, 0x0F, 0xF0, 0x00,
  0x7C, 0x00, 0x7E, 0x00, 0x7F, 0x00, 0x3F, 0x80, 0x3F, 0xC0, 0x1D, 0xE0, 0x1C, 0xF0, 0x1E, 0x78, 0x0E, 0x3C, 0x0F, 0x1E, 0x0F, 0x0F, 0x07, 0x07,
  0x87, 0x83, 0xC7, 0x81, 0xE3, 0xC0, 0xF1, 0xFF, 0xFF, 0xFF, 0xFF, 0xFF, 0xFF, 0xC0, 0x0F, 0x00, 0x07, 0x80, 0x03, 0xC0, 0x01, 0xE0, 0x7F, 0xFE,
  0x7F, 0xFE, 0x7F, 0xFE, 0x70, 0x00, 0x70, 0x00, 0x70, 0x00, 0x70, 0x00, 0x70, 0x00, 0x71, 0xF0, 0x77, 0xF8, 0x7F, 0xFC, 0xF8, 0x3E, 0x10, 0x1E,
  0x00, 0x1F, 0x00, 0x1F, 0x00, 0x1F, 0x20, 0x1F, 0x70, 0x1E, 0xF8, 0x3E, 0x7F, 0xFC, 0x3F, 0xF8, 0x0F, 0xE0, 0x00, 0xFC, 0x00, 0xF8, 0x00, 0xF8,
  0x00, 0xF8, 0x00, 0xF8, 0x00, 0xF8, 0x00, 0xF8, 0x00, 0x78, 0x00, 0x7C, 0xF8, 0x3D, 0xFF, 0x1F, 0xFF, 0xCF, 0xC3, 0xE7, 0x80, 0xFF, 0xC0, 0x7D,
  0xE0, 0x1E, 0xF0, 0x0F, 0x78, 0x0F, 0xBC, 0x07, 0x8F, 0x87, 0xC3, 0xFF, 0xC0, 0xFF, 0xC0, 0x1F, 0x80, 0xFF, 0xFF, 0xFF, 0xFF, 0xFF, 0xFF, 0x00,
  0xFE, 0x01, 0xFC, 0x07, 0xF8, 0x0F, 0x00, 0x3E, 0x00, 0x78, 0x00, 0xF0, 0x03, 0xE0, 0x07, 0x80, 0x1F, 0x00, 0x3C, 0x00, 0xF8, 0x01, 0xE0, 0x03,
  0xC0, 0x0F, 0x80, 0x1E, 0x00, 0x7C, 0x00, 0xF0, 0x01, 0xE0, 0x00, 0x07, 0xF0, 0x0F, 0xFE, 0x0F, 0xFF, 0x8F, 0x83, 0xE7, 0x80, 0xF3, 0xC0, 0x79,
  0xE0, 0x3C, 0xF0, 0x1E, 0x3C, 0x1E, 0x0F, 0xFE, 0x03, 0xFE, 0x03, 0xFF, 0xC7, 0xC1, 0xF3, 0xC0, 0x7B, 0xE0, 0x3F, 0xF0, 0x1F, 0xF8, 0x0F, 0xBC,
  0x07, 0xDF, 0x07, 0xC7, 0xFF, 0xC1, 0xFF, 0xC0, 0x3F, 0x80, 0x07, 0xF0, 0x0F, 0xFE, 0x0F, 0xFF, 0x8F, 0x83, 0xC7, 0x80, 0xF3, 0xC0, 0x7B, 0xE0,
  0x3F, 0xF0, 0x1F, 0xF8, 0x0F, 0xBC, 0x07, 0xDF, 0x07, 0xE7, 0xFF, 0xE1, 0xFE, 0xF0, 0x7C, 0xF8, 0x00, 0x78, 0x00, 0x7C, 0x00, 0x3C, 0x00, 0x3C,
  0x00, 0x3E, 0x00, 0x7E, 0x00, 0x7E, 0x00, 0x7C, 0x00, 0x7B, 0xEF, 0xFF, 0xF9, 0xE0, 0x00, 0x00, 0x00, 0x1E, 0xFB, 0xFF, 0xFE, 0x78, 0x3C, 0xF9,
  0xFB, 0xF7, 0xC7, 0x80, 0x00, 0x00, 0x00, 0x00, 0x07, 0xEF, 0x9F, 0x3E, 0x78, 0xF3, 0xC7, 0x8E, 0x1C, 0x00, 0x00, 0x18, 0x03, 0xC0, 0x7E, 0x0F,
  0xE1, 0xFE, 0x1F, 0xC3, 0xF8, 0x1F, 0x00, 0xF0, 0x07, 0xC0, 0x3F, 0x80, 0x7F, 0x01, 0xFE, 0x03, 0xF8, 0x07, 0xE0, 0x0F, 0x00, 0x18, 0xFF, 0xFF,
  0xFF, 0xFF, 0xFF, 0xF8, 0x00, 0x00, 0x00, 0x00, 0x00, 0x00, 0x00, 0x7F, 0xFF, 0xFF, 0xFF, 0xFF, 0xFC, 0x80, 0x06, 0x00, 0x3C, 0x01, 0xF8, 0x07,
  0xF0, 0x0F, 0xE0, 0x3F, 0xC0, 0x7F, 0x00, 0xF8, 0x01, 0xC0, 0x3E, 0x07, 0xF0, 0xFF, 0x0F, 0xE1, 0xFC, 0x1F, 0x80, 0xF0, 0x06, 0x00, 0x20, 0x00,
  0x0F, 0xE0, 0x7F, 0xF1, 0xFF, 0xF3, 0xC3, 0xEF, 0x03, 0xE6, 0x07, 0xC0, 0x0F, 0x80, 0x1E, 0x00, 0xFC, 0x0F, 0xE0, 0x1F, 0x00, 0x3C, 0x00, 0x78,
  0x00, 0x00, 0x00, 0x00, 0x00, 0x00, 0x07, 0x80, 0x1F, 0x80, 0x3F, 0x00, 0x7E, 0x00, 0xFC, 0x00, 0xF0, 0x00, 0x03, 0xF0, 0x0F, 0xFC, 0x1F, 0xFE,
  0x3C, 0x1E, 0x38, 0x07, 0x78, 0x07, 0x70, 0xF7, 0x71, 0xFF, 0x71, 0xFF, 0x73, 0xC7, 0x73, 0x87, 0xF3, 0x87, 0xF3, 0x87, 0xF3, 0x87, 0xF3, 0x87,
  0x73, 0xC7, 0x71, 0xFF, 0x71, 0xFF, 0x70, 0xF7, 0x70, 0x00, 0x78, 0x00, 0x3C, 0x00, 0x3E, 0x00, 0x1F, 0xF8, 0x0F, 0xF8, 0x03, 0xF8, 0x03, 0xF0,
  0x01, 0xFC, 0x00, 0x7F, 0x00, 0x1F, 0xE0, 0x0F, 0xF8, 0x03, 0xDE, 0x00, 0xF7, 0x80, 0x38, 0xF0, 0x1E, 0x3C, 0x07, 0x8F, 0x01, 0xE3, 0xE0, 0xF0,
  0x78, 0x3C, 0x1E, 0x0F, 0xFF, 0x83, 0xFF, 0xF1, 0xFF, 0xFC, 0x78, 0x0F, 0x1E, 0x03, 0xEF, 0x80, 0xFB, 0xC0, 0x1E, 0xF0, 0x07, 0xBC, 0x01, 0xF0,
  0xFF, 0xC1, 0xFF, 0xE3, 0xFF, 0xE7, 0x83, 0xEF, 0x07, 0xDE, 0x07, 0xBC, 0x0F, 0x78, 0x3E, 0xF0, 0x79, 0xFF, 0xE3, 0xFF, 0x87, 0xFF, 0xCF, 0x07,
  0xDE, 0x07, 0xBC, 0x0F, 0xF8, 0x1F, 0xF0, 0x3F, 0xE0, 0x7B, 0xC1, 0xF7, 0xFF, 0xCF, 0xFF, 0x9F, 0xFC, 0x00, 0x07, 0xE0, 0x3F, 0xF0, 0xFF, 0xF3,
  0xE1, 0xF7, 0x81, 0xFF, 0x01, 0xFC, 0x02, 0x78, 0x00, 0xF0, 0x01, 0xE0, 0x03, 0xC0, 0x07, 0x80, 0x0F, 0x00, 0x1E, 0x00, 0x3C, 0x00, 0x78, 0x00,
  0xF8, 0x0E, 0xF0, 0x3D, 0xF0, 0xF9, 0xFF, 0xE1, 0xFF, 0x80, 0xFC, 0x00, 0xFF, 0xC0, 0xFF, 0xF0, 0xFF, 0xF8, 0xF0, 0x7C, 0xF0, 0x3E, 0xF0, 0x1E,
  0xF0, 0x1E, 0xF0, 0x1F, 0xF0, 0x1F, 0xF0, 0x1F, 0xF0, 0x1F, 0xF0, 0x1F, 0xF0, 0x1F, 0xF0, 0x1F, 0xF0, 0x1F, 0xF0, 0x1E, 0xF0, 0x1E, 0xF0, 0x3E,
  0xF0, 0x7C, 0xFF, 0xF8, 0xFF, 0xF0, 0xFF, 0xC0, 0xFF, 0xFF, 0xFF, 0xFF, 0xFF, 0xFC, 0x00, 0xF0, 0x03, 0xC0, 0x0F, 0x00, 0x3C, 0x00, 0xF0, 0x03,
  0xFF, 0xEF, 0xFF, 0xBF, 0xFE, 0xF0, 0x03, 0xC0, 0x0F, 0x00, 0x3C, 0x00, 0xF0, 0x03, 0xC0, 0x0F, 0x00, 0x3F, 0xFF, 0xFF, 0xFF, 0xFF, 0xF0, 0xFF,
  0xFF, 0xFF, 0xFF, 0xFF, 0xFC, 0x00, 0xF0, 0x03, 0xC0, 0x0F, 0x00, 0x3C, 0x00, 0xF0, 0x03, 0xFF, 0xEF, 0xFF, 0xBF, 0xFE, 0xF0, 0x03, 0xC0, 0x0F,
  0x00, 0x3C, 0x00, 0xF0, 0x03, 0xC0, 0x0F, 0x00, 0x3C, 0x00, 0xF0, 0x03, 0xC0, 0x00, 0x03, 0xF0, 0x0F, 0xFC, 0x1F, 0xFE, 0x3E, 0x3E, 0x7C, 0x1F,
  0x78, 0x0F, 0x78, 0x00, 0x78, 0x00, 0xF8, 0x00, 0xF8, 0x00, 0xF8, 0xFF, 0xF8, 0xFF, 0xF8, 0xFF, 0xF8, 0x0F, 0x78, 0x0F, 0x78, 0x0F, 0x78, 0x0F,
  0x7C, 0x0F, 0x3E, 0x1F, 0x3F, 0xFF, 0x1F, 0xEF, 0x07, 0x8F, 0xF0, 0x1F, 0xE0, 0x3F, 0xC0, 0x7F, 0x80, 0xFF, 0x01, 0xFE, 0x03, 0xFC, 0x07, 0xF8,
  0x0F, 0xF0, 0x1F, 0xE0, 0x3F, 0xFF, 0xFF, 0xFF, 0xFF, 0xFF, 0xFE, 0x03, 0xFC, 0x07, 0xF8, 0x0F, 0xF0, 0x1F, 0xE0, 0x3F, 0xC0, 0x7F, 0x80, 0xFF,
  0x01, 0xFE, 0x03, 0xC0, 0xFF, 0xFF, 0xFF, 0xFF, 0xFF, 0xF8, 0x1E, 0x00, 0x3C, 0x00, 0x78, 0x00, 0xF0, 0x01, 0xE0, 0x03, 0xC0, 0x07, 0x80, 0x0F,
  0x00, 0x1E, 0x00, 0x3C, 0x00, 0x78, 0x00, 0xF0, 0x01, 0xE0, 0x03, 0xC0, 0x07, 0x80, 0x0F, 0x07, 0xFF, 0xFF, 0xFF, 0xFF, 0xFF, 0xC0, 0x3F, 0xFC,
  0xFF, 0xF3, 0xFF, 0xC0, 0x0F, 0x00, 0x3C, 0x00, 0xF0, 0x03, 0xC0, 0x0F, 0x00, 0x3C, 0x00, 0xF0, 0x03, 0xC0, 0x0F, 0x00, 0x3C, 0x00, 0xF0, 0x03,
  0xC0, 0x0F, 0xF0, 0x3F, 0xC1, 0xFF, 0x87, 0x9F, 0xFE, 0x3F, 0xF0, 0x3F, 0x00, 0xF8, 0x0F, 0x7C, 0x0F, 0xBE, 0x0F, 0x9F, 0x0F, 0x8F, 0x87, 0x87,
  0xC7, 0xC3, 0xE7, 0xC1, 0xF7, 0xC0, 0xFB, 0xC0, 0x7F, 0xE0, 0x3F, 0xF0, 0x1F, 0xFC, 0x0F, 0xFF, 0x07, 0xEF, 0x83, 0xE3, 0xE1, 0xF0, 0xF0, 0xF8,
  0x7C, 0x7C, 0x1E, 0x3E, 0x0F, 0x9F, 0x03, 0xEF, 0x81, 0xF7, 0xC0, 0x7C, 0xF0, 0x03, 0xC0, 0x0F, 0x00, 0x3C, 0x00, 0xF0, 0x03, 0xC0, 0x0F, 0x00,
  0x3C, 0x00, 0xF0, 0x03, 0xC0, 0x0F, 0x00, 0x3C, 0x00, 0xF0, 0x03, 0xC0, 0x0F, 0x00, 0x3C, 0x00, 0xF0, 0x03, 0xC0, 0x0F, 0x00, 0x3F, 0xFF, 0xFF,
  0xFF, 0xFF, 0xF0, 0xF8, 0x1F, 0xF8, 0x3F, 0xF8, 0x3F, 0xFC, 0x3F, 0xFC, 0x7F, 0xFE, 0x7F, 0xEE, 0x7F, 0xEE, 0xEF, 0xEF, 0xEF, 0xE7, 0xCF, 0xE7,
  0xCF, 0xE3, 0xCF, 0xE3, 0x8F, 0xE3, 0x8F, 0xE1, 0x8F, 0xE1, 0x0F, 0xE0, 0x0F, 0xE0, 0x0F, 0xE0, 0x0F, 0xE0, 0x0F, 0xE0, 0x0F, 0xE0, 0x0F, 0xF8,
  0x1F, 0xF8, 0x3F, 0xF0, 0x7F, 0xF0, 0xFF, 0xE1, 0xFF, 0xC3, 0xFF, 0xC7, 0xFF, 0x8F, 0xF7, 0x1F, 0xEF, 0x3F, 0xCE, 0x7F, 0x9E, 0xFF, 0x3D, 0xFE,
  0x3B, 0xFC, 0x7F, 0xF8, 0xFF, 0xF0, 0xFF, 0xE1, 0xFF, 0xC1, 0xFF, 0x83, 0xFF, 0x07, 0xFE, 0x07, 0xC0, 0x03, 0xF0, 0x07, 0xFE, 0x07, 0xFF, 0x87,
  0xC3, 0xC7, 0xC0, 0xF3, 0xC0, 0x79, 0xE0, 0x3F, 0xF0, 0x1F, 0xF8, 0x07, 0xFC, 0x03, 0xFE, 0x01, 0xFF, 0x00, 0xFF, 0x80, 0x7F, 0xC0, 0x3F, 0xE0,
  0x1E, 0xF0, 0x1F, 0x78, 0x0F, 0x3E, 0x07, 0x8F, 0x87, 0x83, 0xFF, 0xC0, 0xFF, 0xC0, 0x1F, 0x80, 0xFF, 0xE1, 0xFF, 0xF3, 0xFF, 0xF7, 0x83, 0xEF,
  0x03, 0xFE, 0x07, 0xFC, 0x0F, 0xF8, 0x1F, 0xF0, 0x3F, 0xE0, 0xFB, 0xFF, 0xF7, 0xFF, 0xCF, 0xFE, 0x1E, 0x00, 0x3C, 0x00, 0x78, 0x00, 0xF0, 0x01,
  0xE0, 0x03, 0xC0, 0x07, 0x80, 0x0F, 0x00, 0x1E, 0x00, 0x00, 0x03, 0xF0, 0x07, 0xFE, 0x07, 0xFF, 0x87, 0xC3, 0xC7, 0xC0, 0xF3, 0xC0, 0x79, 0xE0,
  0x3F, 0xF0, 0x1F, 0xF8, 0x07, 0xFC, 0x03, 0xFE, 0x01, 0xFF, 0x00, 0xFF, 0x80, 0x7F, 0xC0, 0x3F, 0xE0, 0x1E, 0xF0, 0x1F, 0x78, 0x0F, 0x3E, 0x07,
  0x8F, 0x87, 0x87, 0xFF, 0xC1, 0xFF, 0xC0, 0x3F, 0x80, 0x07, 0x00, 0x03, 0x80, 0x01, 0xC0, 0x00, 0xFF, 0x80, 0x3F, 0xC0, 0x0F, 0xE0, 0xFF, 0xE1,
  0xFF, 0xF3, 0xFF, 0xF7, 0x83, 0xEF, 0x03, 0xDE, 0x07, 0xFC, 0x0F, 0xF8, 0x1F, 0xF0, 0x3F, 0xE0, 0xFB, 0xFF, 0xF7, 0xFF, 0xCF, 0xFE, 0x1E, 0x3C,
  0x3C, 0x78, 0x78, 0xF8, 0xF0, 0xF1, 0xE1, 0xF3, 0xC1, 0xE7, 0x83, 0xEF, 0x03, 0xDE, 0x07, 0xC0, 0x07, 0xF0, 0x0F, 0xFF, 0x0F, 0xFF, 0xC7, 0xC3,
  0xE7, 0xC0, 0x63, 0xC0, 0x01, 0xE0, 0x00, 0xF8, 0x00, 0x7E, 0x00, 0x1F, 0xF0, 0x07, 0xFF, 0x01, 0xFF, 0xC0, 0x07, 0xF0, 0x00, 0x78, 0x00, 0x3E,
  0x00, 0x1F, 0x20, 0x0F, 0xB8, 0x07, 0xBF, 0x07, 0xCF, 0xFF, 0xC3, 0xFF, 0xC0, 0x3F, 0x80, 0xFF, 0xFF, 0xFF, 0xFF, 0xFF, 0xFF, 0xE0, 0x3C, 0x00,
  0x1E, 0x00, 0x0F, 0x00, 0x07, 0x80, 0x03, 0xC0, 0x01, 0xE0, 0x00, 0xF0, 0x00, 0x78, 0x00, 0x3C, 0x00, 0x1E, 0x00, 0x0F, 0x00, 0x07, 0x80, 0x03,
  0xC0, 0x01, 0xE0, 0x00, 0xF0, 0x00, 0x78, 0x00, 0x3C, 0x00, 0x1E, 0x00, 0x0F, 0x00, 0xF0, 0x1F, 0xE0, 0x3F, 0xC0, 0x7F, 0x80, 0xFF, 0x01, 0xFE,
  0x03, 0xFC, 0x07, 0xF8, 0x0F, 0xF0, 0x1F, 0xE0, 0x3F, 0xC0, 0x7F, 0x80, 0xFF, 0x01, 0xFE, 0x03, 0xFC, 0x07, 0xF8, 0x0F, 0xF0, 0x1F, 0xF0, 0x3D,
  0xF0, 0xF3, 0xFF, 0xE3, 0xFF, 0x81, 0xFC, 0x00, 0xF0, 0x07, 0xFE, 0x01, 0xEF, 0x80, 0x79, 0xE0, 0x3E, 0x78, 0x0F, 0x1F, 0x03, 0xC7, 0xC0, 0xF0,
  0xF0, 0x7C, 0x3C, 0x1E, 0x0F, 0x87, 0x83, 0xE1, 0xE0, 0x78, 0xF0, 0x1E, 0x3C, 0x07, 0xCF, 0x00, 0xF3, 0xC0, 0x3D, 0xE0, 0x0F, 0x78, 0x03, 0xFE,
  0x00, 0x7F, 0x80, 0x1F, 0xC0, 0x07, 0xF0, 0x00, 0xFC, 0x00, 0xE0, 0x03, 0xF8, 0x00, 0xFE, 0x00, 0x3B, 0x80, 0x0E, 0xE0, 0x03, 0xB8, 0x78, 0xEF,
  0x3E, 0x3B, 0xCF, 0x8E, 0xF3, 0xE3, 0xBC, 0xF8, 0xEF, 0x37, 0x3B, 0xCD, 0xDE, 0xF7, 0x77, 0xBD, 0xDD, 0xE7, 0x73, 0x79, 0xDC, 0xDE, 0x76, 0x3F,
  0x1F, 0x8F, 0xC7, 0xE3, 0xF1, 0xF8, 0xFC, 0x7E, 0x3F, 0x1F, 0x87, 0xC0, 0xF8, 0x07, 0xBC, 0x07, 0xDF, 0x03, 0xC7, 0xC3, 0xC3, 0xE3, 0xE0, 0xF9,
  0xE0, 0x3D, 0xF0, 0x1F, 0xF0, 0x07, 0xF0, 0x03, 0xF8, 0x00, 0xF8, 0x00, 0x7E, 0x00, 0x7F, 0x00, 0x7F, 0xC0, 0x3D, 0xE0, 0x3C, 0xF8, 0x1E, 0x3E,
  0x1E, 0x0F, 0x1F, 0x07, 0xCF, 0x01, 0xEF, 0x80, 0xFF, 0x80, 0x3C, 0xF0, 0x07, 0xFE, 0x01, 0xE7, 0x80, 0xF9, 0xF0, 0x3C, 0x3C, 0x1F, 0x0F, 0x87,
  0x81, 0xE3, 0xE0, 0x78, 0xF0, 0x0F, 0x7C, 0x03, 0xDE, 0x00, 0x7F, 0x80, 0x1F, 0xC0, 0x03, 0xF0, 0x00, 0xF8, 0x00, 0x1E, 0x00, 0x07, 0x80, 0x01,
  0xE0, 0x00, 0x78, 0x00, 0x1E, 0x00, 0x07, 0x80, 0x01, 0xE0, 0x00, 0x78, 0x00, 0xFF, 0xFE, 0xFF, 0xFE, 0xFF, 0xFE, 0x00, 0x3E, 0x00, 0x3C, 0x00,
  0x7C, 0x00, 0xF8, 0x01, 0xF0, 0x01, 0xF0, 0x03, 0xE0, 0x07, 0xC0, 0x07, 0x80, 0x0F, 0x80, 0x1F, 0x00, 0x1E, 0x00, 0x3E, 0x00, 0x7C, 0x00, 0xF8,
  0x00, 0xF8, 0x00, 0xFF, 0xFF, 0xFF, 0xFF, 0xFF, 0xFF, 0xFF, 0xFF, 0xFF, 0xFF, 0xC0, 0xF0, 0x3C, 0x0F, 0x03, 0xC0, 0xF0, 0x3C, 0x0F, 0x03, 0xC0,
  0xF0, 0x3C, 0x0F, 0x03, 0xC0, 0xF0, 0x3C, 0x0F, 0x03, 0xC0, 0xF0, 0x3C, 0x0F, 0x03, 0xC0, 0xF0, 0x3F, 0xFF, 0xFF, 0xFF, 0xE0, 0x03, 0xC0, 0x0F,
  0x00, 0x1C, 0x00, 0x78, 0x00, 0xE0, 0x03, 0xC0, 0x0F, 0x00, 0x1C, 0x00, 0x78, 0x01, 0xE0, 0x03, 0x80, 0x0F, 0x00, 0x1C, 0x00, 0x78, 0x01, 0xE0,
  0x03, 0x80, 0x0F, 0x00, 0x3C, 0x00, 0x78, 0x01, 0xE0, 0x03, 0x80, 0x0F, 0x00, 0x3C, 0x00, 0x70, 0x01, 0xE0, 0x07, 0x80, 0x0F, 0xFF, 0xFF, 0xFF,
  0xFC, 0x07, 0x01, 0xC0, 0x70, 0x1C, 0x07, 0x01, 0xC0, 0x70, 0x1C, 0x07, 0x01, 0xC0, 0x70, 0x1C, 0x07, 0x01, 0xC0, 0x70, 0x1C, 0x07, 0x01, 0xC0,
  0x70, 0x1C, 0x07, 0x01, 0xFF, 0xFF, 0xFF, 0xFF, 0x03, 0xE0, 0x01, 0xF8, 0x01, 0xFC, 0x00, 0xFF, 0x00, 0xF7, 0x80, 0x71, 0xE0, 0x78, 0xF0, 0x38,
  0x3C, 0x3C, 0x1E, 0x1C, 0x07, 0x9E, 0x03, 0xCE, 0x00, 0xFF, 0x00, 0x79, 0x00, 0x18, 0xFF, 0xFF, 0xFF, 0xFF, 0xFF, 0xF8, 0x67, 0x3C, 0xE7, 0x9C,
  0x40, 0x0F, 0xC0, 0x3F, 0xF0, 0x7F, 0xF8, 0x78, 0x7C, 0x20, 0x3C, 0x00, 0x3C, 0x00, 0x3C, 0x1F, 0xFC, 0x7F, 0xFC, 0xFF, 0xFC, 0xF8, 0x3C, 0xF0,
  0x3C, 0xF0, 0x3C, 0xF8, 0x7C, 0xFF, 0xFF, 0x7F, 0x9F, 0x1F, 0x0F, 0xF0, 0x00, 0xF0, 0x00, 0xF0, 0x00, 0xF0, 0x00, 0xF0, 0x00, 0xF0, 0x00, 0xF0,
  0x00, 0xF1, 0xF0, 0xF3, 0xF8, 0xF7, 0xFC, 0xFC, 0x3E, 0xF8, 0x1E, 0xF0, 0x1E, 0xF0, 0x1F, 0xF0, 0x1F, 0xF0, 0x1F, 0xF0, 0x1F, 0xF0, 0x1F, 0xF0,
  0x1E, 0xF8, 0x1E, 0xFC, 0x3E, 0xF7, 0xFC, 0xF3, 0xF8, 0xF1, 0xF0, 0x07, 0xE0, 0x3F, 0xF0, 0xFF, 0xF3, 0xE1, 0xF7, 0x81, 0x8F, 0x00, 0x3E, 0x00,
  0x78, 0x00, 0xF0, 0x01, 0xE0, 0x03, 0xE0, 0x03, 0xC0, 0x07, 0x81, 0xCF, 0x87, 0xCF, 0xFF, 0x0F, 0xFC, 0x07, 0xE0, 0x00, 0x0F, 0x00, 0x0F, 0x00,
  0x0F, 0x00, 0x0F, 0x00, 0x0F, 0x00, 0x0F, 0x00, 0x0F, 0x0F, 0x8F, 0x1F, 0xCF, 0x3F, 0xEF, 0x7C, 0x3F, 0x78, 0x0F, 0x78, 0x0F, 0x78, 0x0F, 0xF8,
  0x0F, 0xF8, 0x0F, 0xF8, 0x0F, 0x78, 0x0F, 0x78, 0x0F, 0x78, 0x0F, 0x7C, 0x3F, 0x3F, 0xEF, 0x1F, 0xCF, 0x0F, 0x8F, 0x07, 0xC0, 0x3F, 0xE0, 0xFF,
  0xE3, 0xE1, 0xE7, 0x81, 0xFE, 0x03, 0xFC, 0x07, 0xFF, 0xFF, 0xFF, 0xFF, 0xFF, 0xFF, 0xC0, 0x07, 0x80, 0x07, 0x80, 0x8F, 0x83, 0x8F, 0xFF, 0x8F,
  0xFC, 0x07, 0xE0, 0x00, 0xFF, 0x03, 0xFF, 0x03, 0xFF, 0x03, 0xC0, 0x07, 0xC0, 0x07, 0xC0, 0x07, 0xC0, 0xFF, 0xFF, 0xFF, 0xFF, 0xFF, 0xFF, 0x07,
  0xC0, 0x07, 0xC0, 0x07, 0xC0, 0x07, 0xC0, 0x07, 0xC0, 0x07, 0xC0, 0x07, 0xC0, 0x07, 0xC0, 0x07, 0xC0, 0x07, 0xC0, 0x07, 0xC0, 0xFF, 0xFE, 0xFF,
  0xFE, 0xFF, 0xFE, 0x00, 0x1F, 0x00, 0x1F, 0x0F, 0xFF, 0x3F, 0xF0, 0x7F, 0xF8, 0x78, 0x7C, 0x78, 0x3C, 0x70, 0x3C, 0x78, 0x3C, 0x78, 0x7C, 0x7F,
  0xFC, 0x3F, 0xF8, 0x1F, 0xE0, 0x30, 0x00, 0x70, 0x00, 0x7F, 0xF8, 0x7F, 0xFE, 0x3F, 0xFF, 0x30, 0x0F, 0xE0, 0x07, 0xE0, 0x0F, 0xF0, 0x1F, 0xFF,
  0xFF, 0x7F, 0xFE, 0x1F, 0xF0, 0xF8, 0x01, 0xF0, 0x03, 0xE0, 0x07, 0xC0, 0x0F, 0x80, 0x1F, 0x00, 0x3E, 0x00, 0x7C, 0xF8, 0xFB, 0xF9, 0xFF, 0xFB,
  0xF1, 0xFF, 0xC1, 0xFF, 0x81, 0xFF, 0x03, 0xFE, 0x07, 0xFC, 0x0F, 0xF8, 0x1F, 0xF0, 0x3F, 0xE0, 0x7F, 0xC0, 0xFF, 0x81, 0xFF, 0x03, 0xFE, 0x07,
  0xFC, 0x0F, 0x03, 0x80, 0x0F, 0x80, 0x1F, 0x00, 0x3E, 0x00, 0x38, 0x00, 0x00, 0x00, 0x00, 0x00, 0x00, 0xFF, 0xC1, 0xFF, 0x83, 0xFF, 0x00, 0x1E,
  0x00, 0x3C, 0x00, 0x78, 0x00, 0xF0, 0x01, 0xE0, 0x03, 0xC0, 0x07, 0x80, 0x0F, 0x00, 0x1E, 0x00, 0x3C, 0x00, 0x78, 0x3F, 0xFF, 0xFF, 0xFF, 0xFF,
  0xFE, 0x01, 0xE0, 0x3E, 0x03, 0xF0, 0x3E, 0x01, 0xE0, 0x00, 0x00, 0x00, 0x00, 0xFF, 0xEF, 0xFE, 0xFF, 0xE0, 0x1E, 0x01, 0xE0, 0x1E, 0x01, 0xE0,
  0x1E, 0x01, 0xE0, 0x1E, 0x01, 0xE0, 0x1E, 0x01, 0xE0, 0x1E, 0x01, 0xE0, 0x1E, 0x01, 0xE0, 0x1E, 0x01, 0xE0, 0x1E, 0xFF, 0xEF, 0xFC, 0xFF, 0x80,
  0xF8, 0x00, 0xF8, 0x00, 0xF8, 0x00, 0xF8, 0x00, 0xF8, 0x00, 0xF8, 0x00, 0xF8, 0x00, 0xF8, 0x1E, 0xF8, 0x3E, 0xF8, 0x7C, 0xF8, 0xF8, 0xF9, 0xF0,
  0xFB, 0xE0, 0xFF, 0xC0, 0xFF, 0xC0, 0xFF, 0xE0, 0xFD, 0xE0, 0xF9, 0xF0, 0xF8, 0xF8, 0xF8, 0x7C, 0xF8, 0x7C, 0xF8, 0x3E, 0xF8, 0x1F, 0xF8, 0x1F,
  0xFF, 0xC1, 0xFF, 0x83, 0xFF, 0x00, 0x1E, 0x00, 0x3C, 0x00, 0x78, 0x00, 0xF0, 0x01, 0xE0, 0x03, 0xC0, 0x07, 0x80, 0x0F, 0x00, 0x1E, 0x00, 0x3C,
  0x00, 0x78, 0x00, 0xF0, 0x01, 0xE0, 0x03, 0xC0, 0x07, 0x80, 0x0F, 0x00, 0x1E, 0x00, 0x3C, 0x1F, 0xFF, 0xFF, 0xFF, 0xFF, 0xFF, 0xF7, 0x0E, 0x7F,
  0xCF, 0xBF, 0xFF, 0xFE, 0x7C, 0xFF, 0x1C, 0x3F, 0x8E, 0x1F, 0xC7, 0x0F, 0xE3, 0x87, 0xF1, 0xC3, 0xF8, 0xE1, 0xFC, 0x70, 0xFE, 0x38, 0x7F, 0x1C,
  0x3F, 0x8E, 0x1F, 0xC7, 0x0F, 0xE3, 0x87, 0xF1, 0xC3, 0x80, 0xF9, 0xF1, 0xF7, 0xF3, 0xFF, 0xF7, 0xE3, 0xFF, 0x83, 0xFF, 0x03, 0xFE, 0x07, 0xFC,
  0x0F, 0xF8, 0x1F, 0xF0, 0x3F, 0xE0, 0x7F, 0xC0, 0xFF, 0x81, 0xFF, 0x03, 0xFE, 0x07, 0xFC, 0x0F, 0xF8, 0x1E, 0x07, 0xE0, 0x1F, 0xF8, 0x3F, 0xFC,
  0x7C, 0x3C, 0xF8, 0x1E, 0xF0, 0x1E, 0xF0, 0x1E, 0xF0, 0x1F, 0xF0, 0x1F, 0xF0, 0x1F, 0xF0, 0x1E, 0xF0, 0x1E, 0xF8, 0x1E, 0x7C, 0x3C, 0x3F, 0xFC,
  0x1F, 0xF8, 0x07, 0xE0, 0xF1, 0xF0, 0xF3, 0xF8, 0xF7, 0xFC, 0xFC, 0x3E, 0xF8, 0x1E, 0xF0, 0x1E, 0xF0, 0x1F, 0xF0, 0x1F, 0xF0, 0x1F, 0xF0, 0x1F,
  0xF0, 0x1F, 0xF0, 0x1E, 0xF8, 0x1E, 0xFC, 0x3E, 0xF7, 0xFC, 0xF3, 0xF8, 0xF1, 0xF0, 0xF0, 0x00, 0xF0, 0x00, 0xF0, 0x00, 0xF0, 0x00, 0xF0, 0x00,
  0xF0, 0x00, 0x0F, 0x8F, 0x1F, 0xCF, 0x3F, 0xEF, 0x7C, 0x3F, 0x78, 0x0F, 0x78, 0x0F, 0x78, 0x0F, 0xF8, 0x0F, 0xF8, 0x0F, 0xF8, 0x0F, 0x78, 0x0F,
  0x78, 0x0F, 0x78, 0x0F, 0x7C, 0x3F, 0x3F, 0xEF, 0x1F, 0xCF, 0x0F, 0x8F, 0x00, 0x0F, 0x00, 0x0F, 0x00, 0x0F, 0x00, 0x0F, 0x00, 0x0F, 0x00, 0x0F,
  0xFF, 0x8F, 0xFF, 0x9F, 0xFF, 0xBF, 0x0F, 0xE0, 0x0F, 0x80, 0x0F, 0x80, 0x0F, 0x80, 0x0F, 0x80, 0x0F, 0x80, 0x0F, 0x80, 0x0F, 0x80, 0x0F, 0x80,
  0x0F, 0x80, 0x0F, 0x80, 0xFF, 0xFC, 0xFF, 0xFC, 0xFF, 0xFC, 0x0F, 0xE0, 0x7F, 0xF1, 0xFF, 0xF3, 0xE1, 0xE7, 0x80, 0x8F, 0x00, 0x1E, 0x00, 0x3F,
  0xE0, 0x3F, 0xF8, 0x1F, 0xF8, 0x01, 0xF8, 0x00, 0xF6, 0x01, 0xFF, 0x07, 0xFF, 0xFF, 0x1F, 0xFC, 0x0F, 0xE0, 0x07, 0x80, 0x07, 0x80, 0x07, 0x80,
  0x07, 0x80, 0x07, 0x80, 0xFF, 0xFF, 0xFF, 0xFF, 0xFF, 0xFF, 0x07, 0x80, 0x07, 0x80, 0x07, 0x80, 0x07, 0x80, 0x07, 0x80, 0x07, 0x80, 0x07, 0x80,
  0x07, 0x80, 0x07, 0x80, 0x07, 0x80, 0x07, 0x80, 0x03, 0xFF, 0x03, 0xFF, 0x01, 0xFF, 0xF0, 0x1F, 0xE0, 0x3F, 0xC0, 0x7F, 0x80, 0xFF, 0x01, 0xFE,
  0x03, 0xFC, 0x07, 0xF8, 0x0F, 0xF0, 0x1F, 0xE0, 0x3F, 0xC0, 0x7F, 0x80, 0xFF, 0x83, 0xEF, 0x8F, 0xDF, 0xFF, 0x9F, 0xCF, 0x1F, 0x1E, 0xF8, 0x07,
  0xBC, 0x07, 0x9E, 0x03, 0xCF, 0x81, 0xE3, 0xC1, 0xE1, 0xE0, 0xF0, 0xF0, 0x78, 0x3C, 0x38, 0x1E, 0x3C, 0x07, 0x1E, 0x03, 0xCE, 0x01, 0xEF, 0x00,
  0x77, 0x80, 0x3F, 0x80, 0x1F, 0xC0, 0x07, 0xE0, 0x03, 0xE0, 0x00, 0xE1, 0xE3, 0xF8, 0x78, 0xFE, 0x3E, 0x3B, 0x8F, 0x8E, 0xE3, 0xE3, 0xB8, 0xD8,
  0xEF, 0x37, 0x3B, 0xCD, 0xCE, 0x77, 0x73, 0x9D, 0xCC, 0xE7, 0x73, 0x71, 0xD8, 0xDC, 0x76, 0x3F, 0x1F, 0x8F, 0xC7, 0xE3, 0xF1, 0xF8, 0xFC, 0x7E,
  0x1F, 0x00, 0x78, 0x0F, 0x3E, 0x0F, 0x8F, 0x87, 0x83, 0xC7, 0x80, 0xF7, 0xC0, 0x7F, 0xC0, 0x1F, 0xC0, 0x07, 0xC0, 0x03, 0xE0, 0x03, 0xF8, 0x01,
  0xFE, 0x01, 0xEF, 0x01, 0xE7, 0xC0, 0xF1, 0xF0, 0xF0, 0x78, 0xF0, 0x3E, 0xF8, 0x0F, 0x80, 0xF0, 0x07, 0xBC, 0x03, 0xDE, 0x03, 0xCF, 0x81, 0xE3,
  0xC1, 0xE1, 0xE0, 0xF0, 0x78, 0x78, 0x3C, 0x78, 0x1E, 0x3C, 0x07, 0x9C, 0x03, 0xDE, 0x00, 0xEF, 0x00, 0x7F, 0x00, 0x3F, 0x80, 0x0F, 0x80, 0x07,
  0xC0, 0x03, 0xE0, 0x01, 0xE0, 0x00, 0xF0, 0x00, 0x70, 0x07, 0xF8, 0x03, 0xF8, 0x01, 0xF8, 0x00, 0x7F, 0xFE, 0xFF, 0xFD, 0xFF, 0xF8, 0x03, 0xE0,
  0x07, 0x80, 0x1F, 0x00, 0x7C, 0x01, 0xF0, 0x07, 0xC0, 0x1F, 0x00, 0x7C, 0x01, 0xF0, 0x07, 0xC0, 0x0F, 0x00, 0x3F, 0xFF, 0xFF, 0xFF, 0xFF, 0xFE,
  0x07, 0xF8, 0x7F, 0xC3, 0xFE, 0x1C, 0x00, 0xE0, 0x07, 0x00, 0x3C, 0x00, 0xE0, 0x03, 0x80, 0x1E, 0x00, 0xF0, 0x07, 0x8F, 0xF8, 0x7F, 0x03, 0xFE,
  0x00, 0x78, 0x03, 0xC0, 0x1E, 0x00, 0xE0, 0x0F, 0x00, 0x70, 0x07, 0x00, 0x38, 0x01, 0xC0, 0x0E, 0x00, 0x7F, 0xC3, 0xFE, 0x0F, 0xF0, 0xFF, 0xFF,
  0xFF, 0xFF, 0xFF, 0xFF, 0xFF, 0xFF, 0xFF, 0xFF, 0xF0, 0xFF, 0x07, 0xFC, 0x3F, 0xE0, 0x07, 0x00, 0x38, 0x01, 0xC0, 0x0E, 0x00, 0xE0, 0x0E, 0x00,
  0xF0, 0x07, 0x80, 0x1E, 0x00, 0xFF, 0x81, 0xFC, 0x3F, 0xE1, 0xE0, 0x1E, 0x00, 0xF0, 0x03, 0x80, 0x1E, 0x00, 0x78, 0x01, 0xC0, 0x0E, 0x00, 0x70,
  0x03, 0x87, 0xFC, 0x3F, 0xE1, 0xFE, 0x00, 0x0E, 0x03, 0x1F, 0xC1, 0xCF, 0xE1, 0xEF, 0x78, 0xE7, 0x1E, 0x73, 0x87, 0xF3, 0xC1, 0xF8, 0xC0, 0x78,
};
const GFXglyph PlexIdS_Glyphs[] PROGMEM = {
  {0, 0, 0, 19, 0, 0},  // 0x20 ' '
  {0, 5, 22, 19, 7, -22},  // 0x21 '!'
  {14, 11, 10, 19, 4, -24},  // 0x22 '"'
  {28, 19, 22, 19, 0, -22},  // 0x23 '#'
  {81, 16, 28, 19, 2, -25},  // 0x24 '$'
  {137, 19, 22, 19, 0, -22},  // 0x25 '%'
  {190, 17, 22, 19, 1, -22},  // 0x26 '&'
  {237, 3, 10, 19, 8, -24},  // 0x27 "'"
  {241, 10, 28, 19, 6, -24},  // 0x28 '('
  {276, 10, 28, 19, 3, -24},  // 0x29 ')'
  {311, 17, 16, 19, 1, -18},  // 0x2A '*'
  {345, 15, 15, 19, 2, -17},  // 0x2B '+'
  {374, 7, 10, 19, 6, -5},  // 0x2C ','
  {383, 10, 3, 19, 5, -11},  // 0x2D '-'
  {387, 6, 6, 19, 7, -6},  // 0x2E '.'
  {392, 14, 28, 19, 3, -24},  // 0x2F '/'
  {441, 17, 22, 19, 1, -22},  // 0x30 '0'
  {488, 17, 22, 19, 1, -22},  // 0x31 '1'
  {535, 16, 22, 19, 2, -22},  // 0x32 '2'
  {579, 16, 22, 19, 1, -22},  // 0x33 '3'
  {623, 17, 22, 19, 1, -22},  // 0x34 '4'
  {670, 16, 22, 19, 2, -22},  // 0x35 '5'
  {714, 17, 22, 19, 1, -22},  // 0x36 '6'
  {761, 15, 22, 19, 2, -22},  // 0x37 '7'
  {803, 17, 22, 19, 1, -22},  // 0x38 '8'
  {850, 17, 22, 19, 1, -22},  // 0x39 '9'
  {897, 6, 17, 19, 7, -17},  // 0x3A ':'
  {910, 7, 22, 19, 6, -17},  // 0x3B ';'
  {930, 13, 17, 19, 3, -18},  // 0x3C '<'
  {958, 15, 10, 19, 2, -15},  // 0x3D '='
  {977, 13, 19, 19, 3, -19},  // 0x3E '>'
  {1008, 15, 22, 19, 2, -22},  // 0x3F '?'
  {1050, 16, 26, 19, 1, -22},  // 0x40 '@'
  {1102, 18, 22, 19, 1, -22},  // 0x41 'A'
  {1152, 15, 22, 19, 3, -22},  // 0x42 'B'
  {1194, 15, 22, 19, 2, -22},  // 0x43 'C'
  {1236, 16, 22, 19, 2, -22},  // 0x44 'D'
  {1280, 14, 22, 19, 3, -22},  // 0x45 'E'
  {1319, 14, 22, 19, 3, -22},  // 0x46 'F'
  {1358, 16, 22, 19, 1, -22},  // 0x47 'G'
  {1402, 15, 22, 19, 2, -22},  // 0x48 'H'
  {1444, 15, 22, 19, 2, -22},  // 0x49 'I'
  {1486, 14, 22, 19, 2, -22},  // 0x4A 'J'
  {1525, 17, 22, 19, 2, -22},  // 0x4B 'K'
  {1572, 14, 22, 19, 3, -22},  // 0x4C 'L'
  {1611, 16, 22, 19, 2, -22},  // 0x4D 'M'
  {1655, 15, 22, 19, 2, -22},  // 0x4E 'N'
  {1697, 17, 22, 19, 1, -22},  // 0x4F 'O'
  {1744, 15, 22, 19, 3, -22},  // 0x50 'P'
  {1786, 17, 28, 19, 1, -22},  // 0x51 'Q'
  {1846, 15, 22, 19, 3, -22},  // 0x52 'R'
  {1888, 17, 22, 19, 1, -22},  // 0x53 'S'
  {1935, 17, 22, 19, 1, -22},  // 0x54 'T'
  {1982, 15, 22, 19, 2, -22},  // 0x55 'U'
  {2024, 18, 22, 19, 1, -22},  // 0x56 'V'
  {2074, 18, 22, 19, 1, -22},  // 0x57 'W'
  {2124, 17, 22, 19, 1, -22},  // 0x58 'X'
  {2171, 18, 22, 19, 1, -22},  // 0x59 'Y'
  {2221, 16, 22, 19, 2, -22},  // 0x5A 'Z'
  {2265, 10, 28, 19, 6, -24},  // 0x5B '['
  {2300, 14, 28, 19, 3, -24},  // 0x5C '\\'
  {2349, 10, 28, 19, 3, -24},  // 0x5D ']'
  {2384, 17, 14, 19, 1, -22},  // 0x5E '^'
  {2414, 15, 3, 19, 2, 3},  // 0x5F '_'
  {2420, 5, 7, 19, 6, -25},  // 0x60 '`'
  {2425, 16, 17, 19, 2, -17},  // 0x61 'a'
  {2459, 16, 24, 19, 2, -24},  // 0x62 'b'
  {2507, 15, 17, 19, 2, -17},  // 0x63 'c'
  {2539, 16, 24, 19, 1, -24},  // 0x64 'd'
  {2587, 15, 17, 19, 2, -17},  // 0x65 'e'
  {2619, 16, 24, 19, 2, -24},  // 0x66 'f'
  {2667, 16, 25, 19, 2, -19},  // 0x67 'g'
  {2717, 15, 24, 19, 2, -24},  // 0x68 'h'
  {2762, 15, 25, 19, 3, -25},  // 0x69 'i'
  {2809, 12, 31, 19, 3, -25},  // 0x6A 'j'
  {2856, 16, 24, 19, 2, -24},  // 0x6B 'k'
  {2904, 15, 24, 19, 2, -24},  // 0x6C 'l'
  {2949, 17, 17, 19, 1, -17},  // 0x6D 'm'
  {2986, 15, 17, 19, 2, -17},  // 0x6E 'n'
  {3018, 16, 17, 19, 2, -17},  // 0x6F 'o'
  {3052, 16, 23, 19, 2, -17},  // 0x70 'p'
  {3098, 16, 23, 19, 1, -17},  // 0x71 'q'
  {3144, 16, 17, 19, 2, -17},  // 0x72 'r'
  {3178, 15, 17, 19, 2, -17},  // 0x73 's'
  {3210, 16, 22, 19, 1, -22},  // 0x74 't'
  {3254, 15, 17, 19, 2, -17},  // 0x75 'u'
  {3286, 17, 17, 19, 1, -17},  // 0x76 'v'
  {3323, 18, 17, 19, 1, -17},  // 0x77 'w'
  {3362, 17, 17, 19, 1, -17},  // 0x78 'x'
  {3399, 17, 23, 19, 1, -17},  // 0x79 'y'
  {3448, 15, 17, 19, 2, -17},  // 0x7A 'z'
  {3480, 13, 28, 19, 3, -24},  // 0x7B '{'
  {3526, 3, 28, 19, 8, -24},  // 0x7C '|'
  {3537, 13, 28, 19, 3, -24},  // 0x7D '}'
  {3583, 17, 8, 19, 1, -14},  // 0x7E '~'
};
const GFXfont PlexIdS PROGMEM = {(uint8_t*)PlexIdS_Bitmaps, (GFXglyph*)PlexIdS_Glyphs, 0x20, 0x7E, 42};

#else
const uint8_t PlexTitle_Bitmaps[] PROGMEM = {
  0xFB, 0xEF, 0xBE, 0xFB, 0xE7, 0x9E, 0x79, 0xE7, 0x9E, 0x78, 0xC3, 0x0C, 0x00, 0x07, 0xBF, 0xFF, 0xFF, 0xDE, 0xF1, 0xFE, 0x3F, 0xC7, 0xF8, 0xFF,
  0x1F, 0xE3, 0xFC, 0x7F, 0x8F, 0xF1, 0xFE, 0x3F, 0xC7, 0x80, 0x03, 0x83, 0x80, 0x70, 0x70, 0x0C, 0x0C, 0x03, 0x83, 0x80, 0x70, 0x70, 0x0E, 0x0E,
  0x0F, 0xFF, 0xF9, 0xFF, 0xFF, 0x3F, 0xFF, 0xE0, 0xC0, 0xC0, 0x38, 0x38, 0x07, 0x07, 0x00, 0xE0, 0xE0, 0x1C, 0x1C, 0x03, 0x83, 0x87, 0xFF, 0xFE,
  0xFF, 0xFF, 0xDF, 0xFF, 0xF8, 0x70, 0x70, 0x0E, 0x0E, 0x01, 0xC1, 0xC0, 0x38, 0x38, 0x06, 0x0E, 0x01, 0xC1, 0xC0, 0x01, 0xC0, 0x01, 0xC0, 0x01,
  0xC0, 0x0F, 0xF0, 0x1F, 0xFC, 0x3F, 0xFE, 0x7F, 0xFF, 0x7D, 0xDE, 0x79, 0xC0, 0x79, 0xC0, 0x7D, 0xC0, 0x7F, 0xC0, 0x7F, 0xF0, 0x3F, 0xFC, 0x0F,
  0xFE, 0x01, 0xFF, 0x01, 0xDF, 0x01, 0xCF, 0x01, 0xCF, 0x31, 0xCF, 0x79, 0xDF, 0xFF, 0xFF, 0x7F, 0xFE, 0x3F, 0xFC, 0x0F, 0xF0, 0x01, 0xC0, 0x01,
  0xC0, 0x01, 0xC0, 0x1F, 0x00, 0x3C, 0x0F, 0xF0, 0x0F, 0x83, 0xFF, 0x01, 0xE0, 0x79, 0xE0, 0x78, 0x0F, 0x1E, 0x0F, 0x01, 0xE3, 0xC3, 0xC0, 0x3C,
  0x78, 0xF0, 0x07, 0x8F, 0x1E, 0x00, 0xF1, 0xE7, 0x80, 0x1E, 0x78, 0xF0, 0x03, 0xFF, 0x3C, 0x00, 0x3F, 0xCF, 0x1F, 0x83, 0xF1, 0xE7, 0xF8, 0x00,
  0x79, 0xFF, 0x80, 0x1F, 0x3C, 0xF0, 0x03, 0xC7, 0x1E, 0x00, 0xF1, 0xE3, 0xC0, 0x1E, 0x3C, 0x7C, 0x07, 0x87, 0x8F, 0x01, 0xE0, 0x71, 0xE0, 0x3C,
  0x0F, 0x3C, 0x0F, 0x01, 0xFF, 0x81, 0xE0, 0x1F, 0xE0, 0x78, 0x01, 0xF8, 0x03, 0xF0, 0x00, 0x7F, 0xE0, 0x07, 0xFF, 0x00, 0x3F, 0xFC, 0x03, 0xE3,
  0xE0, 0x1F, 0x0F, 0x00, 0xF8, 0x78, 0x03, 0xC7, 0xC0, 0x1F, 0x7C, 0x00, 0x7F, 0xC0, 0x03, 0xFC, 0x00, 0x1F, 0xC3, 0xE1, 0xFF, 0x1F, 0x1F, 0xF8,
  0xF9, 0xF3, 0xEF, 0xCF, 0x9F, 0xF8, 0x78, 0x7F, 0xC7, 0xC1, 0xFC, 0x1F, 0x07, 0xE0, 0xF8, 0x3F, 0x87, 0xFF, 0x7C, 0x1F, 0xF9, 0xF0, 0xFF, 0x8F,
  0xC1, 0xF8, 0x3F, 0xFF, 0xFF, 0xFF, 0xFF, 0xFF, 0xF0, 0x07, 0x87, 0xC7, 0xC3, 0xC3, 0xE1, 0xE1, 0xF0, 0xF0, 0x78, 0x3C, 0x3E, 0x1F, 0x0F, 0x87,
  0x83, 0xC1, 0xE0, 0xF0, 0x78, 0x3E, 0x1F, 0x0F, 0x83, 0xC1, 0xE0, 0xF0, 0x7C, 0x1E, 0x0F, 0x83, 0xC1, 0xF0, 0x7C, 0x1E, 0xF0, 0x3C, 0x0F, 0x07,
  0xC1, 0xE0, 0xF8, 0x3C, 0x1E, 0x0F, 0x87, 0xC1, 0xE0, 0xF0, 0x78, 0x3C, 0x1E, 0x0F, 0x07, 0x83, 0xC1, 0xE0, 0xF0, 0x78, 0x7C, 0x3E, 0x1E, 0x0F,
  0x0F, 0x87, 0x87, 0xC3, 0xC3, 0xC3, 0xC0, 0x03, 0xE0, 0x01, 0xE0, 0x00, 0x70, 0x00, 0x38, 0x06, 0x1C, 0x33, 0xCE, 0x7B, 0xFF, 0xFF, 0xFF, 0xFF,
  0x0F, 0xF8, 0x01, 0xF0, 0x01, 0xFC, 0x01, 0xEF, 0x01, 0xE3, 0xC1, 0xF1, 0xF0, 0x70, 0x70, 0x18, 0x30, 0x03, 0x80, 0x1E, 0x00, 0x78, 0x01, 0xE0,
  0x07, 0x80, 0x1E, 0x0F, 0xFF, 0xFF, 0xFF, 0xFF, 0xFF, 0xFF, 0xF0, 0x78, 0x01, 0xE0, 0x07, 0x80, 0x1E, 0x00, 0x78, 0x00, 0xE0, 0x7B, 0xEF, 0xFF,
  0xF9, 0xE3, 0x9C, 0x73, 0x80, 0xFF, 0xFF, 0xFF, 0xFF, 0xFF, 0xF8, 0x7B, 0xEF, 0xFF, 0xF9, 0xE0, 0x00, 0x78, 0x03, 0xC0, 0x1C, 0x01, 0xE0, 0x0F,
  0x00, 0x78, 0x07, 0x80, 0x3C, 0x01, 0xE0, 0x1E, 0x00, 0xF0, 0x07, 0x80, 0x78, 0x03, 0xC0, 0x1E, 0x00, 0xE0, 0x0F, 0x00, 0x78, 0x03, 0xC0, 0x3C,
  0x01, 0xE0, 0x0F, 0x00, 0xF0, 0x07, 0x80, 0x3C, 0x03, 0xC0, 0x1E, 0x00, 0xF0, 0x07, 0x00, 0x78, 0x00, 0x07, 0xE0, 0x1F, 0xF8, 0x3F, 0xFC, 0x3F,
  0xFE, 0x7C, 0x3E, 0x7C, 0x1F, 0x78, 0x1F, 0xF8, 0x1F, 0xF8, 0x1F, 0xF8, 0x1F, 0xF8, 0x1F, 0xF8, 0x1F, 0xF8, 0x1F, 0xF8, 0x1F, 0xF8, 0x1F, 0xF8,
  0x1F, 0xF8, 0x1F, 0x78, 0x1F, 0x7C, 0x1F, 0x7C, 0x3E, 0x3F, 0xFE, 0x3F, 0xFC, 0x1F, 0xF8, 0x07, 0xE0, 0x0F, 0xF0, 0x1F, 0xF0, 0x1F, 0xF0, 0x3F,
  0xF0, 0x7D, 0xF0, 0xF9, 0xF0, 0x71, 0xF0, 0x11, 0xF0, 0x01, 0xF0, 0x01, 0xF0, 0x01, 0xF0, 0x01, 0xF0, 0x01, 0xF0, 0x01, 0xF0, 0x01, 0xF0, 0x01,
  0xF0, 0x01, 0xF0, 0x01, 0xF0, 0x01, 0xF0, 0x01, 0xF0, 0x3F, 0xFF, 0x3F, 0xFF, 0x3F, 0xFF, 0x3F, 0xFF, 0x07, 0xF0, 0x1F, 0xF8, 0x3F, 0xFC, 0x7F,
  0xFE, 0x7C, 0x7E, 0xF8, 0x3E, 0x38, 0x3F, 0x00, 0x3E, 0x00, 0x3E, 0x00, 0x3E, 0x00, 0x3E, 0x00, 0x7C, 0x00, 0xF8, 0x01, 0xF8, 0x03, 0xF0, 0x07,
  0xE0, 0x0F, 0xC0, 0x1F, 0x00, 0x3E, 0x00, 0x7C, 0x00, 0x7F, 0xFF, 0x7F, 0xFF, 0x7F, 0xFF, 0x7F, 0xFF, 0x07, 0xE0, 0x1F, 0xF8, 0x7F, 0xFC, 0x7F,
  0xFE, 0x78, 0x7E, 0x30, 0x3E, 0x00, 0x3E, 0x00, 0x3E, 0x00, 0x3E, 0x00, 0x7C, 0x07, 0xF8, 0x07, 0xF0, 0x07, 0xF8, 0x07, 0xFC, 0x00, 0x7E, 0x00,
  0x3E, 0x00, 0x1F, 0x20, 0x1F, 0x70, 0x3E, 0xF8, 0x7E, 0xFF, 0xFE, 0x7F, 0xFC, 0x3F, 0xF8, 0x0F, 0xE0, 0x01, 0xFC, 0x01, 0xFC, 0x03, 0xFC, 0x03,
  0xFC, 0x07, 0x7C, 0x07, 0x7C, 0x0E, 0x7C, 0x0E, 0x7C, 0x1E, 0x7C, 0x1C, 0x7C, 0x3C, 0x7C, 0x38, 0x7C, 0x78, 0x7C, 0x70, 0x7C, 0xF0, 0x7C, 0xFF,
  0xFF, 0xFF, 0xFF, 0xFF, 0xFF, 0xFF, 0xFF, 0x00, 0x7C, 0x00, 0x7C, 0x00, 0x7C, 0x00, 0x7C, 0x00, 0x7C, 0x7F, 0xFC, 0xFF, 0xF9, 0xFF, 0xF7, 0xFF,
  0xEF, 0x00, 0x1E, 0x00, 0x3C, 0x00, 0x78, 0x00, 0xF1, 0xF1, 0xE7, 0xF3, 0xDF, 0xF7, 0xFF, 0xFF, 0x87, 0xE6, 0x07, 0xC0, 0x0F, 0x80, 0x1F, 0x00,
  0x3E, 0x40, 0x7D, 0xC0, 0xFF, 0xC3, 0xFF, 0xFF, 0xCF, 0xFF, 0x8F, 0xFC, 0x07, 0xF0, 0x01, 0xFC, 0x03, 0xF8, 0x07, 0xE0, 0x0F, 0xC0, 0x1F, 0x80,
  0x1F, 0x00, 0x3E, 0x00, 0x3E, 0x00, 0x7C, 0xF8, 0x7D, 0xFC, 0x7B, 0xFE, 0xFF, 0xFF, 0xFE, 0x3F, 0xFC, 0x1F, 0xF8, 0x1F, 0xF8, 0x1F, 0xF8, 0x1F,
  0xF8, 0x1F, 0x7C, 0x1F, 0x7E, 0x3F, 0x7F, 0xFE, 0x3F, 0xFE, 0x1F, 0xFC, 0x07, 0xF0, 0xFF, 0xFF, 0xFF, 0xFF, 0xFF, 0xFF, 0xFF, 0xFF, 0x03, 0xFE,
  0x07, 0xBC, 0x1F, 0x78, 0x3E, 0xF0, 0x78, 0x01, 0xF0, 0x03, 0xE0, 0x0F, 0x80, 0x1F, 0x00, 0x3E, 0x00, 0xF8, 0x01, 0xF0, 0x03, 0xE0, 0x0F, 0x80,
  0x1F, 0x00, 0x3E, 0x00, 0xF8, 0x01, 0xF0, 0x03, 0xE0, 0x0F, 0x80, 0x07, 0xF0, 0x1F, 0xFC, 0x3F, 0xFC, 0x7F, 0xFE, 0x7C, 0x3E, 0x7C, 0x1F, 0x78,
  0x1F, 0x78, 0x1E, 0x7C, 0x1E, 0x3C, 0x3E, 0x1F, 0xFC, 0x0F, 0xF0, 0x1F, 0xF8, 0x3F, 0xFE, 0x7C, 0x3F, 0xF8, 0x1F, 0xF8, 0x1F, 0xF8, 0x1F, 0xF8,
  0x1F, 0xFC, 0x3F, 0x7F, 0xFE, 0x3F, 0xFE, 0x1F, 0xFC, 0x07, 0xF0, 0x07, 0xE0, 0x1F, 0xF8, 0x3F, 0xFC, 0x7F, 0xFE, 0x7C, 0x3E, 0xF8, 0x1F, 0xF8,
  0x1F, 0xF8, 0x1F, 0xF8, 0x1F, 0xF8, 0x1F, 0xF8, 0x1F, 0xFC, 0x3F, 0x7F, 0xFF, 0x7F, 0xDF, 0x3F, 0x9E, 0x1F, 0x3E, 0x00, 0x3E, 0x00, 0x7C, 0x00,
  0xFC, 0x01, 0xF8, 0x03, 0xF0, 0x07, 0xE0, 0x0F, 0xC0, 0x1F, 0x80, 0x79, 0xFF, 0xFF, 0x7D, 0xE0, 0x00, 0x00, 0x00, 0x00, 0x01, 0xE7, 0xFF, 0xFD,
  0xF7, 0x80, 0x79, 0xFF, 0xFF, 0x7D, 0xE0, 0x00, 0x00, 0x00, 0x00, 0x01, 0xE7, 0xFF, 0xFD, 0xF7, 0xCE, 0x39, 0xCE, 0x00, 0x00, 0x30, 0x07, 0x01,
  0xF0, 0x3F, 0x0F, 0xE1, 0xFC, 0x7F, 0x0F, 0xE0, 0xF8, 0x0F, 0x80, 0xFE, 0x07, 0xF0, 0x1F, 0xC0, 0xFE, 0x03, 0xF0, 0x1F, 0x00, 0x70, 0x03, 0xFF,
  0xFF, 0xFF, 0xFF, 0xFF, 0xFF, 0xFF, 0x00, 0x00, 0x00, 0x00, 0x00, 0x3F, 0xFF, 0xFF, 0xFF, 0xFF, 0xFF, 0xFF, 0xC0, 0x80, 0x0C, 0x00, 0xF0, 0x0F,
  0x80, 0xFE, 0x07, 0xF0, 0x3F, 0x80, 0xFE, 0x03, 0xF0, 0x1F, 0x01, 0xF0, 0x3F, 0x0F, 0xE3, 0xF8, 0x7F, 0x0F, 0xE0, 0xF8, 0x0F, 0x00, 0xC0, 0x08,
  0x00, 0x1F, 0xC0, 0xFF, 0xC7, 0xFF, 0x3F, 0xFE, 0xF8, 0xFB, 0xC3, 0xF0, 0x07, 0xC0, 0x1F, 0x00, 0xF8, 0x07, 0xE0, 0xFF, 0x03, 0xF8, 0x0F, 0xC0,
  0x3C, 0x00, 0xF0, 0x03, 0xC0, 0x00, 0x00, 0x00, 0x00, 0xF0, 0x07, 0xE0, 0x1F, 0x80, 0x7E, 0x01, 0xF8, 0x03, 0xC0, 0x00, 0xFF, 0x00, 0x03, 0xFF,
  0xC0, 0x0F, 0xFF, 0xF0, 0x1F, 0x81, 0xF8, 0x3E, 0x00, 0x3C, 0x38, 0x00, 0x1E, 0x78, 0x00, 0x0E, 0x70, 0x73, 0x8E, 0xF1, 0xFB, 0x87, 0xE1, 0xFF,
  0x87, 0xE3, 0xC7, 0x87, 0xE3, 0xC3, 0x87, 0xE3, 0xC3, 0x87, 0xE3, 0xC3, 0x87, 0xE3, 0xC3, 0x87, 0xE3, 0xC3, 0x87, 0xE3, 0xC3, 0x87, 0xE3, 0xC7,
  0xCE, 0xE1, 0xFF, 0xFE, 0xF1, 0xF9, 0xFC, 0x70, 0x70, 0xF8, 0x78, 0x00, 0x00, 0x38, 0x00, 0x00, 0x3E, 0x00, 0x00, 0x1F, 0x80, 0x00, 0x0F, 0xFF,
  0xC0, 0x03, 0xFF, 0xC0, 0x00, 0xFF, 0xC0, 0x03, 0xF8, 0x00, 0x7F, 0x00, 0x0F, 0xE0, 0x03, 0xFE, 0x00, 0x7F, 0xC0, 0x0F, 0x78, 0x01, 0xEF, 0x00,
  0x7D, 0xF0, 0x0F, 0x3E, 0x01, 0xE3, 0xC0, 0x7C, 0x7C, 0x0F, 0x8F, 0x81, 0xE1, 0xF0, 0x3C, 0x1E, 0x0F, 0xFF, 0xE1, 0xFF, 0xFC, 0x3F, 0xFF, 0x87,
  0xFF, 0xF9, 0xF0, 0x1F, 0x3C, 0x03, 0xE7, 0x80, 0x3D, 0xF0, 0x07, 0xFE, 0x00, 0xFF, 0x80, 0x1F, 0xFF, 0xF8, 0x7F, 0xFF, 0x3F, 0xFF, 0xDF, 0xFF,
  0xEF, 0x81, 0xF7, 0xC0, 0xFB, 0xE0, 0x7D, 0xF0, 0x3E, 0xF8, 0x1F, 0x7C, 0x0F, 0xBF, 0xFF, 0x9F, 0xFF, 0x0F, 0xFF, 0xE7, 0xFF, 0xFB, 0xE0, 0x3F,
  0xF0, 0x1F, 0xF8, 0x0F, 0xFC, 0x07, 0xFE, 0x03, 0xFF, 0x01, 0xFF, 0xFF, 0xFF, 0xFF, 0xFB, 0xFF, 0xF9, 0xFF, 0xF8, 0x03, 0xF0, 0x07, 0xFE, 0x0F,
  0xFF, 0x87, 0xFF, 0xE7, 0xE1, 0xFB, 0xE0, 0x7F, 0xE0, 0x19, 0xF0, 0x00, 0xF8, 0x00, 0x7C, 0x00, 0x3E, 0x00, 0x1F, 0x00, 0x0F, 0x80, 0x07, 0xC0,
  0x03, 0xE0, 0x01, 0xF0, 0x00, 0xF8, 0x00, 0x7C, 0x03, 0x1F, 0x03, 0xEF, 0xC3, 0xF3, 0xFF, 0xF1, 0xFF, 0xF0, 0x7F, 0xF0, 0x07, 0xE0, 0xFF, 0xF0,
  0x3F, 0xFF, 0x0F, 0xFF, 0xE3, 0xFF, 0xFC, 0xF8, 0x1F, 0x3E, 0x03, 0xEF, 0x80, 0xFB, 0xE0, 0x1E, 0xF8, 0x07, 0xFE, 0x01, 0xFF, 0x80, 0x7F, 0xE0,
  0x1F, 0xF8, 0x07, 0xFE, 0x01, 0xFF, 0x80, 0x7F, 0xE0, 0x1F, 0xF8, 0x07, 0xBE, 0x03, 0xEF, 0x80, 0xFB, 0xE0, 0x7C, 0xFF, 0xFF, 0x3F, 0xFF, 0x8F,
  0xFF, 0xC3, 0xFF, 0xC0, 0xFF, 0xFF, 0xFF, 0xFF, 0xFF, 0xFF, 0xFF, 0xFF, 0x80, 0x1F, 0x00, 0x3E, 0x00, 0x7C, 0x00, 0xF8, 0x01, 0xF0, 0x03, 0xFF,
  0xF7, 0xFF, 0xEF, 0xFF, 0xDF, 0xFF, 0xBE, 0x00, 0x7C, 0x00, 0xF8, 0x01, 0xF0, 0x03, 0xE0, 0x07, 0xC0, 0x0F, 0xFF, 0xFF, 0xFF, 0xFF, 0xFF, 0xFF,
  0xFF, 0xFF, 0xFF, 0xFF, 0xFF, 0xFF, 0xFF, 0xFF, 0xFF, 0x80, 0x1F, 0x00, 0x3E, 0x00, 0x7C, 0x00, 0xF8, 0x01, 0xF0, 0x03, 0xFF, 0xE7, 0xFF, 0xCF,
  0xFF, 0x9F, 0xFF, 0x3E, 0x00, 0x7C, 0x00, 0xF8, 0x01, 0xF0, 0x03, 0xE0, 0x07, 0xC0, 0x0F, 0x80, 0x1F, 0x00, 0x3E, 0x00, 0x7C, 0x00, 0x03, 0xF0,
  0x03, 0xFF, 0x03, 0xFF, 0xF0, 0xFF, 0xFC, 0x7E, 0x1F, 0x9F, 0x03, 0xEF, 0x80, 0x63, 0xE0, 0x00, 0xF8, 0x00, 0x3E, 0x00, 0x0F, 0x80, 0x03, 0xE1,
  0xFF, 0xF8, 0x7F, 0xFE, 0x1F, 0xFF, 0x87, 0xFF, 0xE0, 0x1F, 0xF8, 0x07, 0xFE, 0x01, 0xF7, 0xC0, 0x7D, 0xF8, 0x7F, 0x3F, 0xFB, 0xCF, 0xFE, 0xF1,
  0xFF, 0x3C, 0x1F, 0x8F, 0xF8, 0x07, 0xFE, 0x01, 0xFF, 0x80, 0x7F, 0xE0, 0x1F, 0xF8, 0x07, 0xFE, 0x01, 0xFF, 0x80, 0x7F, 0xE0, 0x1F, 0xF8, 0x07,
  0xFE, 0x01, 0xFF, 0xFF, 0xFF, 0xFF, 0xFF, 0xFF, 0xFF, 0xFF, 0xFF, 0xFF, 0x80, 0x7F, 0xE0, 0x1F, 0xF8, 0x07, 0xFE, 0x01, 0xFF, 0x80, 0x7F, 0xE0,
  0x1F, 0xF8, 0x07, 0xFE, 0x01, 0xFF, 0x80, 0x7F, 0xE0, 0x1F, 0xFF, 0xFF, 0xFF, 0xFF, 0xFF, 0x3E, 0x0F, 0x83, 0xE0, 0xF8, 0x3E, 0x0F, 0x83, 0xE0,
  0xF8, 0x3E, 0x0F, 0x83, 0xE0, 0xF8, 0x3E, 0x0F, 0x83, 0xE0, 0xF8, 0xFF, 0xFF, 0xFF, 0xFF, 0xFF, 0x1F, 0xFC, 0x7F, 0xF1, 0xFF, 0xC7, 0xFF, 0x00,
  0x7C, 0x01, 0xF0, 0x07, 0xC0, 0x1F, 0x00, 0x7C, 0x01, 0xF0, 0x07, 0xC0, 0x1F, 0x00, 0x7C, 0x01, 0xF0, 0x07, 0xC0, 0x1F, 0x00, 0x7D, 0xC1, 0xFF,
  0x87, 0xFE, 0x3F, 0x7F, 0xF9, 0xFF, 0xE3, 0xFF, 0x03, 0xF0, 0xF8, 0x07, 0xDF, 0x01, 0xF3, 0xE0, 0x7E, 0x7C, 0x0F, 0x8F, 0x83, 0xE1, 0xF0, 0xFC,
  0x3E, 0x1F, 0x07, 0xC7, 0xC0, 0xF9, 0xF0, 0x1F, 0x3E, 0x03, 0xEF, 0xC0, 0x7F, 0xF8, 0x0F, 0xFF, 0x81, 0xFF, 0xF0, 0x3F, 0x9F, 0x07, 0xE3, 0xE0,
  0xFC, 0x3E, 0x1F, 0x07, 0xE3, 0xE0, 0x7C, 0x7C, 0x0F, 0xCF, 0x80, 0xF9, 0xF0, 0x1F, 0xBE, 0x01, 0xF7, 0xC0, 0x3F, 0xF8, 0x07, 0xC0, 0x3E, 0x01,
  0xF0, 0x0F, 0x80, 0x7C, 0x03, 0xE0, 0x1F, 0x00, 0xF8, 0x07, 0xC0, 0x3E, 0x01, 0xF0, 0x0F, 0x80, 0x7C, 0x03, 0xE0, 0x1F, 0x00, 0xF8, 0x07, 0xC0,
  0x3E, 0x01, 0xF0, 0x0F, 0xFF, 0xFF, 0xFF, 0xFF, 0xFF, 0xFF, 0xFC, 0x01, 0xFF, 0xE0, 0x0F, 0xFF, 0x80, 0x7F, 0xFC, 0x07, 0xFF, 0xE0, 0x3F, 0xFF,
  0x83, 0xFF, 0xFC, 0x1F, 0xFF, 0xF1, 0xFF, 0xFB, 0x8E, 0xFF, 0xDC, 0x77, 0xFE, 0xF7, 0xBF, 0xF3, 0xB9, 0xFF, 0x9F, 0xCF, 0xFC, 0x7C, 0x7F, 0xE3,
  0xE3, 0xFF, 0x0F, 0x1F, 0xF8, 0x70, 0xFF, 0xC3, 0x87, 0xFE, 0x08, 0x3F, 0xF0, 0x01, 0xFF, 0x80, 0x0F, 0xFC, 0x00, 0x7F, 0xE0, 0x03, 0xFF, 0x00,
  0x1F, 0xFC, 0x07, 0xFF, 0x01, 0xFF, 0xE0, 0x7F, 0xF8, 0x1F, 0xFF, 0x07, 0xFF, 0xC1, 0xFF, 0xF8, 0x7F, 0xFE, 0x1F, 0xFB, 0xC7, 0xFE, 0xF1, 0xFF,
  0xBC, 0x7F, 0xE7, 0x9F, 0xF9, 0xE7, 0xFE, 0x3D, 0xFF, 0x8F, 0x7F, 0xE1, 0xEF, 0xF8, 0x7F, 0xFE, 0x0F, 0xFF, 0x83, 0xFF, 0xE0, 0x7F, 0xF8, 0x1F,
  0xFE, 0x07, 0xFF, 0x80, 0xFF, 0xE0, 0x3F, 0x03, 0xF0, 0x07, 0xFF, 0x03, 0xFF, 0xE0, 0xFF, 0xFC, 0x7E, 0x1F, 0x9F, 0x03, 0xEF, 0x80, 0x7F, 0xE0,
  0x1F, 0xF8, 0x07, 0xFE, 0x01, 0xFF, 0x80, 0x7F, 0xE0, 0x1F, 0xF8, 0x07, 0xFE, 0x01, 0xFF, 0x80, 0x7F, 0xE0, 0x1F, 0xF8, 0x07, 0xFE, 0x01, 0xF7,
  0xC0, 0xF9, 0xF8, 0x7E, 0x3F, 0xFF, 0x0F, 0xFF, 0x81, 0xFF, 0xC0, 0x0F, 0xC0, 0xFF, 0xF8, 0x7F, 0xFF, 0x3F, 0xFF, 0xDF, 0xFF, 0xEF, 0x81, 0xFF,
  0xC0, 0x7F, 0xE0, 0x3F, 0xF0, 0x1F, 0xF8, 0x0F, 0xFC, 0x07, 0xFE, 0x07, 0xFF, 0xFF, 0xEF, 0xFF, 0xF7, 0xFF, 0xF3, 0xFF, 0xE1, 0xF0, 0x00, 0xF8,
  0x00, 0x7C, 0x00, 0x3E, 0x00, 0x1F, 0x00, 0x0F, 0x80, 0x07, 0xC0, 0x03, 0xE0, 0x01, 0xF0, 0x00, 0x03, 0xF0, 0x03, 0xFF, 0x03, 0xFF, 0xE0, 0xFF,
  0xFC, 0x7E, 0x1F, 0x9F, 0x03, 0xEF, 0x80, 0x7F, 0xE0, 0x1F, 0xF8, 0x07, 0xFE, 0x01, 0xFF, 0x80, 0x7F, 0xE0, 0x1F, 0xF8, 0x07, 0xFE, 0x01, 0xFF,
  0x80, 0x7F, 0xE0, 0x1F, 0xF8, 0x07, 0xFE, 0x01, 0xFF, 0xC0, 0xF9, 0xF8, 0x7E, 0x7F, 0xFF, 0x0F, 0xFF, 0xC1, 0xFF, 0xE0, 0x1F, 0xE0, 0x01, 0xE0,
  0x00, 0x78, 0x00, 0x1F, 0xE0, 0x07, 0xF8, 0x00, 0xFE, 0x00, 0x1F, 0x80, 0xFF, 0xF8, 0x7F, 0xFF, 0x3F, 0xFF, 0xDF, 0xFF, 0xEF, 0x81, 0xFF, 0xC0,
  0x7F, 0xE0, 0x3F, 0xF0, 0x1F, 0xF8, 0x0F, 0xFC, 0x07, 0xFE, 0x07, 0xFF, 0xFF, 0xEF, 0xFF, 0xF7, 0xFF, 0xF3, 0xFF, 0xF1, 0xF0, 0xF8, 0xF8, 0x7C,
  0x7C, 0x3E, 0x3E, 0x0F, 0x9F, 0x07, 0xCF, 0x81, 0xF7, 0xC0, 0xFB, 0xE0, 0x7F, 0xF0, 0x1F, 0x07, 0xF0, 0x0F, 0xFE, 0x0F, 0xFF, 0xCF, 0xFF, 0xE7,
  0xE1, 0xE3, 0xE0, 0x21, 0xF0, 0x00, 0xF8, 0x00, 0x7C, 0x00, 0x3F, 0xC0, 0x0F, 0xFE, 0x07, 0xFF, 0x80, 0xFF, 0xE0, 0x1F, 0xF8, 0x00, 0xFC, 0x00,
  0x3F, 0x00, 0x0F, 0x80, 0x07, 0xCC, 0x07, 0xCF, 0x87, 0xEF, 0xFF, 0xF3, 0xFF, 0xF0, 0xFF, 0xF0, 0x0F, 0xE0, 0xFF, 0xFF, 0xFF, 0xFF, 0xFF, 0xFF,
  0xFF, 0xFF, 0x03, 0xC0, 0x03, 0xC0, 0x03, 0xC0, 0x03, 0xC0, 0x03, 0xC0, 0x03, 0xC0, 0x03, 0xC0, 0x03, 0xC0, 0x03, 0xC0, 0x03, 0xC0, 0x03, 0xC0,
  0x03, 0xC0, 0x03, 0xC0, 0x03, 0xC0, 0x03, 0xC0, 0x03, 0xC0, 0x03, 0xC0, 0x03, 0xC0, 0x03, 0xC0, 0x03, 0xC0, 0xF8, 0x0F, 0xFC, 0x07, 0xFE, 0x03,
  0xFF, 0x01, 0xFF, 0x80, 0xFF, 0xC0, 0x7F, 0xE0, 0x3F, 0xF0, 0x1F, 0xF8, 0x0F, 0xFC, 0x07, 0xFE, 0x03, 0xFF, 0x01, 0xFF, 0x80, 0xFF, 0xC0, 0x7F,
  0xE0, 0x3F, 0xF0, 0x1F, 0xF8, 0x0F, 0xFC, 0x07, 0xDF, 0x03, 0xEF, 0xC3, 0xF7, 0xFF, 0xF1, 0xFF, 0xF8, 0x7F, 0xF8, 0x0F, 0xF0, 0xF8, 0x03, 0xFF,
  0x00, 0x7B, 0xE0, 0x1F, 0x7C, 0x03, 0xE7, 0xC0, 0x7C, 0xF8, 0x0F, 0x1F, 0x03, 0xE1, 0xE0, 0x7C, 0x3E, 0x0F, 0x87, 0xC1, 0xE0, 0xF8, 0x7C, 0x0F,
  0x0F, 0x81, 0xF1, 0xE0, 0x3E, 0x3C, 0x03, 0xCF, 0x80, 0x79, 0xF0, 0x0F, 0xBC, 0x01, 0xF7, 0x80, 0x1E, 0xF0, 0x03, 0xFC, 0x00, 0x7F, 0x80, 0x07,
  0xF0, 0x00, 0xFE, 0x00, 0x1F, 0x80, 0xF8, 0x1F, 0x81, 0xFF, 0x81, 0xF8, 0x1F, 0xF8, 0x1F, 0x81, 0xF7, 0x81, 0xF8, 0x1E, 0x78, 0x1F, 0xC1, 0xE7,
  0xC3, 0xFC, 0x1E, 0x7C, 0x3F, 0xC3, 0xE7, 0xC3, 0x9C, 0x3E, 0x3C, 0x39, 0xE3, 0xC3, 0xC3, 0x9E, 0x3C, 0x3C, 0x79, 0xE3, 0xC3, 0xE7, 0x9E, 0x3C,
  0x3E, 0x79, 0xE7, 0xC1, 0xE7, 0x0F, 0x78, 0x1E, 0x70, 0xF7, 0x81, 0xEF, 0x0F, 0x78, 0x1E, 0xF0, 0xF7, 0x81, 0xEF, 0x0F, 0x78, 0x0F, 0xE0, 0x7F,
  0x00, 0xFE, 0x07, 0xF0, 0x0F, 0xE0, 0x7F, 0x00, 0xFE, 0x07, 0xF0, 0x0F, 0xE0, 0x7E, 0x00, 0x7C, 0x03, 0xE0, 0xFC, 0x07, 0xEF, 0x80, 0xF9, 0xF8,
  0x3F, 0x1F, 0x07, 0xC3, 0xF1, 0xF0, 0x3E, 0x3E, 0x07, 0xEF, 0x80, 0x7D, 0xF0, 0x0F, 0xFC, 0x00, 0xFF, 0x80, 0x0F, 0xE0, 0x01, 0xFC, 0x00, 0x3F,
  0x80, 0x0F, 0xF0, 0x01, 0xFF, 0x00, 0x7F, 0xF0, 0x0F, 0x3E, 0x03, 0xE7, 0xE0, 0x78, 0x7C, 0x1F, 0x0F, 0xC7, 0xC0, 0xF8, 0xF8, 0x1F, 0xBE, 0x01,
  0xF7, 0xC0, 0x3F, 0xFC, 0x03, 0xEF, 0x80, 0x7D, 0xF8, 0x1F, 0x1F, 0x03, 0xE3, 0xE0, 0xF8, 0x3E, 0x1F, 0x07, 0xC3, 0xC0, 0x7C, 0xF8, 0x0F, 0x9E,
  0x00, 0xFF, 0xC0, 0x1F, 0xF0, 0x01, 0xFE, 0x00, 0x3F, 0x80, 0x03, 0xF0, 0x00, 0x7E, 0x00, 0x0F, 0x80, 0x01, 0xF0, 0x00, 0x3E, 0x00, 0x07, 0xC0,
  0x00, 0xF8, 0x00, 0x1F, 0x00, 0x03, 0xE0, 0x00, 0x7C, 0x00, 0x0F, 0x80, 0x7F, 0xFF, 0x7F, 0xFF, 0x7F, 0xFF, 0x7F, 0xFF, 0x00, 0x3F, 0x00, 0x3E,
  0x00, 0x7E, 0x00, 0xFC, 0x00, 0xF8, 0x01, 0xF8, 0x03, 0xF0, 0x03, 0xE0, 0x07, 0xE0, 0x0F, 0xC0, 0x0F, 0x80, 0x1F, 0x80, 0x3F, 0x00, 0x3E, 0x00,
  0x7E, 0x00, 0xFC, 0x00, 0xFF, 0xFF, 0xFF, 0xFF, 0xFF, 0xFF, 0xFF, 0xFF, 0xFF, 0xFF, 0xFF, 0x8F, 0x1E, 0x3C, 0x78, 0xF1, 0xE3, 0xC7, 0x8F, 0x1E,
  0x3C, 0x78, 0xF1, 0xE3, 0xC7, 0x8F, 0x1E, 0x3C, 0x78, 0xF1, 0xE3, 0xC7, 0x8F, 0xFF, 0xFF, 0x80, 0xF0, 0x03, 0x80, 0x1E, 0x00, 0xF0, 0x07, 0x80,
  0x1E, 0x00, 0xF0, 0x07, 0x80, 0x1E, 0x00, 0xF0, 0x07, 0x80, 0x1E, 0x00, 0xF0, 0x07, 0x80, 0x1C, 0x00, 0xF0, 0x07, 0x80, 0x3C, 0x00, 0xF0, 0x07,
  0x80, 0x3C, 0x00, 0xF0, 0x07, 0x80, 0x3C, 0x00, 0xF0, 0x07, 0x80, 0x3C, 0x00, 0xE0, 0x07, 0x80, 0x3C, 0xFF, 0xFF, 0xF8, 0xF1, 0xE3, 0xC7, 0x8F,
  0x1E, 0x3C, 0x78, 0xF1, 0xE3, 0xC7, 0x8F, 0x1E, 0x3C, 0x78, 0xF1, 0xE3, 0xC7, 0x8F, 0x1E, 0x3C, 0x78, 0xFF, 0xFF, 0xFF, 0x80, 0x03, 0xC0, 0x07,
  0xE0, 0x07, 0xF0, 0x0F, 0xF0, 0x0F, 0xF8, 0x1F, 0xF8, 0x1E, 0x7C, 0x3E, 0x7C, 0x3C, 0x3E, 0x7C, 0x3E, 0x78, 0x1F, 0xF8, 0x1F, 0x70, 0x0E, 0x10,
  0x08, 0xFF, 0xFF, 0xFF, 0xFF, 0xFF, 0xFF, 0xFF, 0xF0, 0x33, 0xCF, 0xBE, 0x78, 0xF1, 0xC6, 0x0F, 0xE0, 0x3F, 0xF0, 0x7F, 0xF8, 0x7F, 0xFC, 0x38,
  0x7C, 0x00, 0x7C, 0x00, 0x7C, 0x0F, 0xFC, 0x3F, 0xFC, 0x7F, 0xFC, 0xF8, 0x7C, 0xF8, 0x7C, 0xF8, 0x7C, 0xF8, 0xFC, 0xFF, 0xFF, 0x7F, 0xBF, 0x7F,
  0x3F, 0x3E, 0x1F, 0xF8, 0x01, 0xF0, 0x03, 0xE0, 0x07, 0xC0, 0x0F, 0x80, 0x1F, 0x00, 0x3E, 0x00, 0x7C, 0x78, 0xFB, 0xF9, 0xF7, 0xFB, 0xFF, 0xFF,
  0xE3, 0xFF, 0x83, 0xFF, 0x07, 0xFE, 0x0F, 0xFC, 0x1F, 0xF8, 0x3F, 0xF0, 0x7F, 0xE0, 0xFF, 0xC1, 0xFF, 0xC7, 0xFF, 0xFF, 0xFE, 0xFF, 0x7D, 0xFC,
  0xF8, 0xF0, 0x07, 0xC0, 0x7F, 0xC3, 0xFF, 0x9F, 0xFE, 0x7C, 0x7F, 0xE0, 0xEF, 0x80, 0x3E, 0x00, 0xF8, 0x03, 0xE0, 0x0F, 0x80, 0x3E, 0x00, 0xF8,
  0x39, 0xF1, 0xF7, 0xFF, 0xCF, 0xFE, 0x1F, 0xF0, 0x1F, 0x00, 0x00, 0x1F, 0x00, 0x1F, 0x00, 0x1F, 0x00, 0x1F, 0x00, 0x1F, 0x00, 0x1F, 0x00, 0x1F,
  0x0F, 0x1F, 0x3F, 0x9F, 0x3F, 0xDF, 0x7F, 0xFF, 0x7C, 0x3F, 0x7C, 0x1F, 0xF8, 0x1F, 0xF8, 0x1F, 0xF8, 0x1F, 0xF8, 0x1F, 0xF8, 0x1F, 0xF8, 0x1F,
  0x7C, 0x1F, 0x7C, 0x3F, 0x7F, 0xFF, 0x3F, 0xDF, 0x3F, 0x9F, 0x0F, 0x1F, 0x07, 0xE0, 0x3F, 0xF0, 0xFF, 0xE3, 0xFF, 0xE7, 0xC7, 0xFF, 0x07, 0xFE,
  0x0F, 0xFF, 0xFF, 0xFF, 0xFF, 0xFF, 0xFF, 0xE0, 0x07, 0xC0, 0x0F, 0x80, 0x8F, 0x83, 0x9F, 0xFF, 0x9F, 0xFE, 0x1F, 0xF8, 0x0F, 0xC0, 0x0F, 0xC7,
  0xF3, 0xFC, 0xFF, 0x3E, 0x0F, 0x83, 0xE3, 0xFF, 0xFF, 0xFF, 0xFF, 0xFC, 0xF8, 0x3E, 0x0F, 0x83, 0xE0, 0xF8, 0x3E, 0x0F, 0x83, 0xE0, 0xF8, 0x3E,
  0x0F, 0x83, 0xE0, 0xF8, 0x3E, 0x00, 0x00, 0x1E, 0x00, 0x3E, 0x00, 0x3E, 0x0F, 0xFE, 0x3F, 0xF0, 0x7F, 0xF8, 0x7C, 0x7C, 0x78, 0x3C, 0xF8, 0x3C,
  0xF8, 0x3C, 0x78, 0x3C, 0x7C, 0x7C, 0x7F, 0xF8, 0x3F, 0xF8, 0x1F, 0xE0, 0x70, 0x00, 0xF0, 0x00, 0xFF, 0xF8, 0x7F, 0xFE, 0x7F, 0xFF, 0x1F, 0xFF,
  0x60, 0x1F, 0xE0, 0x0F, 0xE0, 0x1F, 0xF0, 0x1F, 0xFF, 0xFE, 0x7F, 0xFC, 0x1F, 0xF0, 0xF8, 0x03, 0xE0, 0x0F, 0x80, 0x3E, 0x00, 0xF8, 0x03, 0xE0,
  0x0F, 0x80, 0x3E, 0x3C, 0xFB, 0xFB, 0xEF, 0xFF, 0xFF, 0xFF, 0x1F, 0xF8, 0x7F, 0xE0, 0xFF, 0x83, 0xFE, 0x0F, 0xF8, 0x3F, 0xE0, 0xFF, 0x83, 0xFE,
  0x0F, 0xF8, 0x3F, 0xE0, 0xFF, 0x83, 0xFE, 0x0F, 0xF8, 0x3C, 0x77, 0xFF, 0xF7, 0x00, 0x1F, 0xFF, 0xFF, 0xFF, 0xFF, 0xFF, 0xFF, 0xFF, 0xFF, 0xFF,
  0xFF, 0xF8, 0x1C, 0x7C, 0xF9, 0xF1, 0xC0, 0x00, 0x1F, 0x3E, 0x7C, 0xF9, 0xF3, 0xE7, 0xCF, 0x9F, 0x3E, 0x7C, 0xF9, 0xF3, 0xE7, 0xCF, 0x9F, 0x3E,
  0x7C, 0xF9, 0xFF, 0xFF, 0xFF, 0x7C, 0xF8, 0x01, 0xF0, 0x03, 0xE0, 0x07, 0xC0, 0x0F, 0x80, 0x1F, 0x00, 0x3E, 0x00, 0x7C, 0x1F, 0xF8, 0x7D, 0xF1,
  0xFB, 0xE3, 0xE7, 0xCF, 0x8F, 0xBE, 0x1F, 0x7C, 0x3F, 0xF0, 0x7F, 0xF0, 0xFF, 0xE1, 0xFF, 0xE3, 0xF7, 0xC7, 0xC7, 0xCF, 0x8F, 0x9F, 0x0F, 0xBE,
  0x1F, 0x7C, 0x1F, 0xF8, 0x3E, 0xF9, 0xF3, 0xE7, 0xCF, 0x9F, 0x3E, 0x7C, 0xF9, 0xF3, 0xE7, 0xCF, 0x9F, 0x3E, 0x7C, 0xF9, 0xF3, 0xE7, 0xCF, 0x9F,
  0xFF, 0xBF, 0x3E, 0xF8, 0xF0, 0x78, 0xFB, 0xF9, 0xFC, 0xFB, 0xF9, 0xFE, 0xFF, 0xFF, 0xFE, 0xFC, 0x7E, 0x3E, 0xF8, 0x7C, 0x1F, 0xF8, 0x7C, 0x1F,
  0xF8, 0x7C, 0x1F, 0xF8, 0x7C, 0x1F, 0xF8, 0x7C, 0x1F, 0xF8, 0x7C, 0x1F, 0xF8, 0x7C, 0x1F, 0xF8, 0x7C, 0x1F, 0xF8, 0x7C, 0x1F, 0xF8, 0x7C, 0x1F,
  0xF8, 0x7C, 0x1F, 0xF8, 0x7C, 0x1F, 0xF8, 0x7C, 0x1F, 0xF8, 0xF3, 0xEF, 0xEF, 0xBF, 0xFF, 0xFF, 0xFC, 0x7F, 0xE1, 0xFF, 0x83, 0xFE, 0x0F, 0xF8,
  0x3F, 0xE0, 0xFF, 0x83, 0xFE, 0x0F, 0xF8, 0x3F, 0xE0, 0xFF, 0x83, 0xFE, 0x0F, 0xF8, 0x3F, 0xE0, 0xF0, 0x07, 0xE0, 0x3F, 0xE0, 0xFF, 0xE3, 0xFF,
  0xE7, 0xC7, 0xFF, 0x07, 0xFE, 0x0F, 0xFC, 0x1F, 0xF8, 0x3F, 0xF0, 0x7F, 0xE0, 0xFF, 0xC1, 0xFF, 0x83, 0xEF, 0x8F, 0xDF, 0xFF, 0x1F, 0xFC, 0x1F,
  0xF8, 0x0F, 0xC0, 0xF8, 0xF1, 0xF7, 0xF3, 0xEF, 0xF7, 0xFF, 0xFF, 0xC7, 0xFF, 0x07, 0xFE, 0x0F, 0xFC, 0x1F, 0xF8, 0x3F, 0xF0, 0x7F, 0xE0, 0xFF,
  0xC1, 0xFF, 0x83, 0xFF, 0x8F, 0xFF, 0xFF, 0xFD, 0xFE, 0xFB, 0xF9, 0xF1, 0xE3, 0xE0, 0x07, 0xC0, 0x0F, 0x80, 0x1F, 0x00, 0x3E, 0x00, 0x7C, 0x00,
  0xF8, 0x00, 0x0F, 0x1F, 0x3F, 0x9F, 0x3F, 0xDF, 0x7F, 0xFF, 0x7C, 0x3F, 0x7C, 0x1F, 0xF8, 0x1F, 0xF8, 0x1F, 0xF8, 0x1F, 0xF8, 0x1F, 0xF8, 0x1F,
  0xF8, 0x1F, 0x7C, 0x1F, 0x7C, 0x3F, 0x7F, 0xFF, 0x3F, 0xDF, 0x3F, 0x9F, 0x0F, 0x1F, 0x00, 0x1F, 0x00, 0x1F, 0x00, 0x1F, 0x00, 0x1F, 0x00, 0x1F,
  0x00, 0x1F, 0x00, 0x1F, 0xF9, 0xFE, 0xFF, 0xBF, 0xFF, 0xFC, 0x3E, 0x0F, 0x83, 0xE0, 0xF8, 0x3E, 0x0F, 0x83, 0xE0, 0xF8, 0x3E, 0x0F, 0x83, 0xE0,
  0xF8, 0x3E, 0x00, 0x0F, 0xC0, 0xFF, 0xC7, 0xFF, 0x9F, 0xFC, 0xF8, 0x63, 0xE0, 0x0F, 0xC0, 0x1F, 0xF0, 0x7F, 0xF0, 0xFF, 0xE0, 0xFF, 0x80, 0x3E,
  0x20, 0x7D, 0xC1, 0xEF, 0xFF, 0xBF, 0xFE, 0x7F, 0xF0, 0x3F, 0x00, 0x1E, 0x0F, 0x83, 0xE0, 0xF8, 0x3E, 0x3F, 0xFF, 0xFF, 0xFF, 0xFF, 0xCF, 0x83,
  0xE0, 0xF8, 0x3E, 0x0F, 0x83, 0xE0, 0xF8, 0x3E, 0x0F, 0x83, 0xE0, 0xFE, 0x3F, 0x87, 0xE0, 0xF8, 0xF8, 0x3F, 0xE0, 0xFF, 0x83, 0xFE, 0x0F, 0xF8,
  0x3F, 0xE0, 0xFF, 0x83, 0xFE, 0x0F, 0xF8, 0x3F, 0xE0, 0xFF, 0x83, 0xFE, 0x0F, 0xF8, 0x7F, 0xF3, 0xFF, 0xFF, 0xDF, 0xEF, 0x7F, 0x3C, 0x78, 0xF0,
  0xF8, 0x0F, 0x78, 0x0F, 0x7C, 0x1F, 0x7C, 0x1F, 0x7C, 0x1E, 0x3C, 0x1E, 0x3E, 0x3E, 0x3E, 0x3C, 0x1E, 0x3C, 0x1E, 0x3C, 0x1F, 0x7C, 0x1F, 0x78,
  0x0F, 0x78, 0x0F, 0x78, 0x0F, 0xF0, 0x07, 0xF0, 0x07, 0xF0, 0x07, 0xF0, 0xF0, 0x7C, 0x0F, 0xF0, 0x7E, 0x0F, 0xF8, 0x7E, 0x1F, 0xF8, 0x7E, 0x1E,
  0xF8, 0x7E, 0x1E, 0x78, 0xEF, 0x1E, 0x78, 0xEF, 0x1E, 0x7C, 0xE7, 0x3C, 0x7C, 0xE7, 0x3C, 0x3D, 0xE7, 0x3C, 0x3D, 0xE7, 0xBC, 0x3D, 0xC7, 0xBC,
  0x3D, 0xC7, 0xB8, 0x1F, 0xC3, 0xF8, 0x1F, 0xC3, 0xF8, 0x1F, 0xC3, 0xF8, 0x1F, 0x83, 0xF0, 0x0F, 0x81, 0xF0, 0xF8, 0x3F, 0xF0, 0x7D, 0xF1, 0xF3,
  0xE3, 0xE3, 0xEF, 0x83, 0xFE, 0x07, 0xFC, 0x07, 0xF0, 0x0F, 0xE0, 0x1F, 0xC0, 0x3F, 0x80, 0xFF, 0x81, 0xFF, 0x07, 0xDF, 0x1F, 0x1F, 0x3E, 0x3E,
  0xF8, 0x3F, 0xF0, 0x7C, 0xF8, 0x0F, 0xBC, 0x07, 0x9F, 0x07, 0xCF, 0x83, 0xE3, 0xC1, 0xE1, 0xE0, 0xF0, 0xF8, 0xF8, 0x3C, 0x78, 0x1E, 0x3C, 0x0F,
  0x9E, 0x07, 0xDE, 0x01, 0xEF, 0x00, 0xF7, 0x80, 0x7B, 0xC0, 0x1F, 0xC0, 0x0F, 0xE0, 0x07, 0xF0, 0x01, 0xF0, 0x00, 0xF8, 0x00, 0x7C, 0x00, 0x3C,
  0x01, 0xFE, 0x00, 0xFF, 0x00, 0x7F, 0x00, 0x3F, 0x00, 0x00, 0xFF, 0xFB, 0xFF, 0xEF, 0xFF, 0xBF, 0xFE, 0x00, 0xF8, 0x07, 0xC0, 0x3E, 0x01, 0xF8,
  0x07, 0xC0, 0x3E, 0x01, 0xF0, 0x0F, 0x80, 0x7E, 0x01, 0xF0, 0x0F, 0xFF, 0xFF, 0xFF, 0xFF, 0xFF, 0xFF, 0xF0, 0x0F, 0x8F, 0xC7, 0xE3, 0xC1, 0xE0,
  0xF0, 0x78, 0x3C, 0x1E, 0x0F, 0x07, 0x87, 0xC7, 0xC7, 0xE3, 0xE1, 0x80, 0xF8, 0x7E, 0x1F, 0x07, 0xC1, 0xE0, 0xF0, 0x78, 0x3C, 0x1E, 0x0F, 0x07,
  0x83, 0xC1, 0xF8, 0xFC, 0x3E, 0xFF, 0xFF, 0xFF, 0xFF, 0xFF, 0xFF, 0xFF, 0xFF, 0xFF, 0xFF, 0xFF, 0xFF, 0xFF, 0xFF, 0xFF, 0xF0, 0xFC, 0x3F, 0x8F,
  0xE0, 0x78, 0x1E, 0x07, 0x81, 0xE0, 0x78, 0x1E, 0x07, 0x81, 0xE0, 0x78, 0x1F, 0x07, 0xF0, 0x7C, 0x07, 0x07, 0xC7, 0xF1, 0xF0, 0x78, 0x1E, 0x07,
  0x81, 0xE0, 0x78, 0x1E, 0x07, 0x81, 0xE0, 0x78, 0xFE, 0x3F, 0x8F, 0xC0, 0x3C, 0x01, 0xFF, 0x1B, 0xFF, 0xF7, 0xFF, 0xF4, 0x3F, 0xC0, 0x1F, 0x00,
};
const GFXglyph PlexTitle_Glyphs[] PROGMEM = {
  {0, 0, 0, 7, 0, 0},  // 0x20 ' '
  {0, 6, 24, 10, 2, -24},  // 0x21 '!'
  {18, 11, 11, 15, 2, -25},  // 0x22 '"'
  {34, 19, 24, 19, 0, -24},  // 0x23 '#'
  {91, 16, 28, 18, 1, -26},  // 0x24 '$'
  {147, 27, 24, 30, 2, -24},  // 0x25 '%'
  {228, 21, 24, 22, 1, -24},  // 0x26 '&'
  {291, 4, 11, 8, 2, -25},  // 0x27 "'"
  {297, 9, 31, 10, 1, -26},  // 0x28 '('
  {332, 9, 31, 10, 0, -26},  // 0x29 ')'
  {367, 17, 16, 19, 1, -25},  // 0x2A '*'
  {401, 14, 16, 18, 2, -18},  // 0x2B '+'
  {429, 6, 10, 10, 2, -6},  // 0x2C ','
  {437, 9, 5, 12, 2, -13},  // 0x2D '-'
  {443, 6, 6, 10, 2, -6},  // 0x2E '.'
  {448, 13, 30, 14, 0, -25},  // 0x2F '/'
  {497, 16, 24, 18, 1, -24},  // 0x30 '0'
  {545, 16, 24, 18, 1, -24},  // 0x31 '1'
  {593, 16, 24, 18, 1, -24},  // 0x32 '2'
  {641, 16, 24, 18, 1, -24},  // 0x33 '3'
  {689, 16, 24, 18, 1, -24},  // 0x34 '4'
  {737, 15, 24, 18, 2, -24},  // 0x35 '5'
  {782, 16, 24, 18, 1, -24},  // 0x36 '6'
  {830, 15, 24, 18, 2, -24},  // 0x37 '7'
  {875, 16, 24, 18, 1, -24},  // 0x38 '8'
  {923, 16, 24, 18, 1, -24},  // 0x39 '9'
  {971, 6, 19, 10, 2, -19},  // 0x3A ':'
  {986, 6, 23, 10, 2, -19},  // 0x3B ';'
  {1004, 12, 18, 18, 3, -19},  // 0x3C '<'
  {1031, 14, 11, 18, 2, -16},  // 0x3D '='
  {1051, 12, 20, 18, 3, -20},  // 0x3E '>'
  {1081, 14, 24, 15, 1, -24},  // 0x3F '?'
  {1123, 24, 28, 28, 2, -24},  // 0x40 '@'
  {1207, 19, 24, 21, 1, -24},  // 0x41 'A'
  {1264, 17, 24, 20, 2, -24},  // 0x42 'B'
  {1315, 17, 24, 20, 2, -24},  // 0x43 'C'
  {1366, 18, 24, 21, 2, -24},  // 0x44 'D'
  {1420, 15, 24, 19, 2, -24},  // 0x45 'E'
  {1465, 15, 24, 18, 2, -24},  // 0x46 'F'
  {1510, 18, 24, 22, 2, -24},  // 0x47 'G'
  {1564, 18, 24, 22, 2, -24},  // 0x48 'H'
  {1618, 10, 24, 14, 2, -24},  // 0x49 'I'
  {1648, 14, 24, 17, 1, -24},  // 0x4A 'J'
  {1690, 19, 24, 21, 2, -24},  // 0x4B 'K'
  {1747, 13, 24, 16, 2, -24},  // 0x4C 'L'
  {1786, 21, 24, 25, 2, -24},  // 0x4D 'M'
  {1849, 18, 24, 22, 2, -24},  // 0x4E 'N'
  {1903, 18, 24, 22, 2, -24},  // 0x4F 'O'
  {1957, 17, 24, 20, 2, -24},  // 0x50 'P'
  {2008, 18, 30, 22, 2, -24},  // 0x51 'Q'
  {2076, 17, 24, 21, 2, -24},  // 0x52 'R'
  {2127, 17, 24, 19, 1, -24},  // 0x53 'S'
  {2178, 16, 24, 18, 1, -24},  // 0x54 'T'
  {2226, 17, 24, 21, 2, -24},  // 0x55 'U'
  {2277, 19, 24, 20, 1, -24},  // 0x56 'V'
  {2334, 28, 24, 30, 1, -24},  // 0x57 'W'
  {2418, 19, 24, 21, 1, -24},  // 0x58 'X'
  {2475, 19, 24, 20, 0, -24},  // 0x59 'Y'
  {2532, 16, 24, 19, 1, -24},  // 0x5A 'Z'
  {2580, 7, 31, 10, 2, -26},  // 0x5B '['
  {2608, 13, 30, 14, 1, -25},  // 0x5C '\\'
  {2657, 7, 31, 10, 1, -26},  // 0x5D ']'
  {2685, 16, 14, 18, 1, -24},  // 0x5E '^'
  {2713, 15, 4, 17, 1, 2},  // 0x5F '_'
  {2721, 6, 8, 18, 5, -28},  // 0x60 '`'
  {2727, 16, 18, 18, 1, -18},  // 0x61 'a'
  {2763, 15, 25, 19, 2, -25},  // 0x62 'b'
  {2810, 14, 18, 16, 1, -18},  // 0x63 'c'
  {2842, 16, 25, 19, 1, -25},  // 0x64 'd'
  {2892, 15, 18, 17, 1, -18},  // 0x65 'e'
  {2926, 10, 25, 12, 1, -25},  // 0x66 'f'
  {2958, 16, 28, 17, 1, -21},  // 0x67 'g'
  {3014, 14, 25, 18, 2, -25},  // 0x68 'h'
  {3058, 5, 25, 9, 2, -25},  // 0x69 'i'
  {3074, 7, 32, 9, 0, -25},  // 0x6A 'j'
  {3102, 15, 25, 18, 2, -25},  // 0x6B 'k'
  {3149, 7, 25, 9, 2, -25},  // 0x6C 'l'
  {3171, 24, 18, 27, 2, -18},  // 0x6D 'm'
  {3225, 14, 18, 18, 2, -18},  // 0x6E 'n'
  {3257, 15, 18, 17, 1, -18},  // 0x6F 'o'
  {3291, 15, 25, 19, 2, -18},  // 0x70 'p'
  {3338, 16, 25, 19, 1, -18},  // 0x71 'q'
  {3388, 10, 18, 12, 2, -18},  // 0x72 'r'
  {3411, 14, 18, 15, 1, -18},  // 0x73 's'
  {3443, 10, 23, 12, 1, -23},  // 0x74 't'
  {3472, 14, 18, 18, 2, -18},  // 0x75 'u'
  {3504, 16, 18, 17, 0, -18},  // 0x76 'v'
  {3540, 24, 18, 26, 1, -18},  // 0x77 'w'
  {3594, 15, 18, 17, 1, -18},  // 0x78 'x'
  {3628, 17, 25, 17, 0, -18},  // 0x79 'y'
  {3682, 14, 18, 16, 1, -18},  // 0x7A 'z'
  {3714, 9, 31, 11, 1, -26},  // 0x7B '{'
  {3749, 4, 31, 13, 4, -26},  // 0x7C '|'
  {3765, 10, 31, 11, 1, -26},  // 0x7D '}'
  {3804, 15, 6, 18, 2, -13},  // 0x7E '~'
};
const GFXfont PlexTitle PROGMEM = {(uint8_t*)PlexTitle_Bitmaps, (GFXglyph*)PlexTitle_Glyphs, 0x20, 0x7E, 45};

const uint8_t PlexBody_Bitmaps[] PROGMEM = {
  0xFF, 0xFF, 0xC3, 0xF0, 0xDE, 0xF7, 0xBD, 0xEC, 0x08, 0xC0, 0x8C, 0x18, 0xC1, 0x88, 0x7F, 0xF3, 0x9C, 0x11, 0x81, 0x18, 0x31, 0x8F, 0xFE, 0x31,
  0x02, 0x10, 0x23, 0x02, 0x30, 0x0C, 0x03, 0x01, 0xF1, 0xFE, 0x6D, 0xB3, 0x0E, 0xC1, 0xF0, 0x3E, 0x03, 0xE0, 0xDC, 0x33, 0x0C, 0xFB, 0x77, 0xF8,
  0xF8, 0x0C, 0x03, 0x00, 0x38, 0x0C, 0x36, 0x0C, 0x31, 0x86, 0x18, 0xC6, 0x0C, 0x66, 0x06, 0x33, 0x01, 0xB3, 0x38, 0x73, 0x36, 0x03, 0x31, 0x81,
  0x98, 0xC1, 0x8C, 0x61, 0x86, 0x30, 0xC1, 0xB0, 0xC0, 0x70, 0x1E, 0x03, 0xF8, 0x31, 0x83, 0x18, 0x33, 0x83, 0xF0, 0x1C, 0x73, 0xE7, 0x67, 0x6E,
  0x3E, 0xE1, 0xCE, 0x1E, 0x7F, 0xE3, 0xE3, 0xFF, 0xF0, 0x18, 0xCC, 0xC6, 0x33, 0x18, 0xC6, 0x30, 0x86, 0x31, 0x86, 0x18, 0xC0, 0xC3, 0x0C, 0x61,
  0x8C, 0x63, 0x18, 0xC6, 0x31, 0x8C, 0xC6, 0x66, 0x00, 0x18, 0x18, 0x99, 0xFF, 0x3C, 0x3C, 0x76, 0x66, 0x0C, 0x03, 0x00, 0xC0, 0x30, 0xFF, 0xFF,
  0xF0, 0xC0, 0x30, 0x0C, 0x03, 0x00, 0x7D, 0xB5, 0x00, 0xFF, 0xF0, 0x7D, 0x80, 0x02, 0x0C, 0x18, 0x20, 0xC1, 0x83, 0x0C, 0x18, 0x30, 0xC1, 0x83,
  0x04, 0x18, 0x30, 0x41, 0x80, 0x1E, 0x1F, 0xE6, 0x1B, 0x87, 0xC0, 0xF0, 0x3C, 0x0F, 0x03, 0xC0, 0xF0, 0x3E, 0x1D, 0x86, 0x3F, 0x07, 0x80, 0x1E,
  0x0F, 0x87, 0x63, 0x98, 0xC6, 0x01, 0x80, 0x60, 0x18, 0x06, 0x01, 0x80, 0x60, 0x18, 0x7F, 0xDF, 0xF0, 0x1E, 0x1F, 0xC6, 0x39, 0x06, 0x01, 0x80,
  0x60, 0x38, 0x1C, 0x0E, 0x07, 0x03, 0x81, 0x80, 0xFF, 0xFF, 0xF0, 0x3E, 0x3F, 0xB8, 0xE0, 0x30, 0x18, 0x1C, 0x78, 0x3E, 0x03, 0x80, 0xC0, 0x78,
  0x77, 0xF1, 0xF0, 0x07, 0x03, 0xC0, 0xF0, 0x6C, 0x1B, 0x0C, 0xC6, 0x31, 0x8C, 0xC3, 0x3F, 0xFF, 0xFC, 0x0C, 0x03, 0x00, 0xC0, 0xFF, 0x7F, 0xB0,
  0x18, 0x0C, 0x06, 0xE3, 0xFD, 0x86, 0x03, 0x81, 0xC0, 0xF8, 0x6F, 0xF1, 0xE0, 0x0E, 0x07, 0x03, 0x80, 0xC0, 0x70, 0x1B, 0x8F, 0xFB, 0x87, 0xE1,
  0xF0, 0x3E, 0x1D, 0x86, 0x7F, 0x87, 0x80, 0xFF, 0xFF, 0xFC, 0x1F, 0x06, 0xC3, 0x80, 0xC0, 0x30, 0x18, 0x06, 0x03, 0x80, 0xC0, 0x70, 0x18, 0x06,
  0x00, 0x3F, 0x1F, 0xE6, 0x1B, 0x87, 0x61, 0x98, 0x63, 0xF0, 0xFC, 0x61, 0xB0, 0x3C, 0x0F, 0x87, 0x7F, 0x8F, 0xC0, 0x1E, 0x1F, 0xE6, 0x1B, 0x87,
  0xC0, 0xF8, 0x7E, 0x1D, 0xFF, 0x1D, 0x80, 0xE0, 0x30, 0x1C, 0x0E, 0x07, 0x00, 0xDF, 0x00, 0x00, 0xDF, 0x00, 0xDF, 0x00, 0x00, 0xDF, 0x6D, 0x00,
  0x01, 0x03, 0x0F, 0x1C, 0x70, 0xE0, 0xE0, 0x70, 0x1C, 0x0F, 0x03, 0x01, 0xFF, 0xFF, 0xF0, 0x00, 0x00, 0xFF, 0xFF, 0xF0, 0x80, 0xC0, 0xF0, 0x38,
  0x0E, 0x07, 0x07, 0x0E, 0x38, 0xF0, 0xC0, 0x80, 0x3C, 0xFE, 0xC7, 0x83, 0x03, 0x0E, 0x3C, 0x38, 0x30, 0x00, 0x00, 0x38, 0x38, 0x38, 0x07, 0xE0,
  0x1E, 0x78, 0x30, 0x0C, 0x20, 0x06, 0x63, 0xA2, 0x47, 0xE3, 0xCC, 0x23, 0xCC, 0x23, 0xCC, 0x23, 0xCC, 0x62, 0x47, 0xF6, 0x63, 0x9C, 0x60, 0x00,
  0x30, 0x00, 0x1E, 0x00, 0x07, 0xF8, 0x0E, 0x00, 0xF0, 0x1F, 0x01, 0xB0, 0x1B, 0x83, 0x18, 0x31, 0x83, 0x1C, 0x7F, 0xC7, 0xFC, 0x60, 0xEC, 0x06,
  0xC0, 0x6C, 0x07, 0xFF, 0x3F, 0xEC, 0x1B, 0x07, 0xC1, 0xBF, 0xCF, 0xFB, 0x07, 0xC0, 0xF0, 0x3C, 0x0F, 0x07, 0xFF, 0xBF, 0xC0, 0x0F, 0x07, 0xF9,
  0xC3, 0xB0, 0x2E, 0x01, 0xC0, 0x38, 0x07, 0x00, 0xE0, 0x1C, 0x01, 0x81, 0xB8, 0x73, 0xFC, 0x1E, 0x00, 0xFE, 0x1F, 0xF3, 0x0E, 0x60, 0x6C, 0x0D,
  0x81, 0xB0, 0x3E, 0x07, 0xC0, 0xD8, 0x1B, 0x03, 0x60, 0xCF, 0xF9, 0xFC, 0x00, 0xFF, 0xFF, 0xF0, 0x18, 0x0C, 0x07, 0xFB, 0xFD, 0x80, 0xC0, 0x60,
  0x30, 0x18, 0x0F, 0xFF, 0xFC, 0xFF, 0xFF, 0xC0, 0xC0, 0xC0, 0xC0, 0xFF, 0xFF, 0xC0, 0xC0, 0xC0, 0xC0, 0xC0, 0xC0, 0x0F, 0x83, 0xFC, 0x70, 0xE6,
  0x06, 0xE0, 0x0E, 0x00, 0xE1, 0xFE, 0x1F, 0xE0, 0x7E, 0x07, 0x60, 0x77, 0x0F, 0x3F, 0xF0, 0xF3, 0xC0, 0xF8, 0x1F, 0x03, 0xE0, 0x7C, 0x0F, 0xFF,
  0xFF, 0xFE, 0x07, 0xC0, 0xF8, 0x1F, 0x03, 0xE0, 0x7C, 0x0F, 0x81, 0xC0, 0xFF, 0xF3, 0x0C, 0x30, 0xC3, 0x0C, 0x30, 0xC3, 0x0C, 0xFF, 0xF0, 0x7F,
  0x7F, 0x03, 0x03, 0x03, 0x03, 0x03, 0x03, 0x03, 0x03, 0xC3, 0xC7, 0xFE, 0x3C, 0xC1, 0xD8, 0x33, 0x0C, 0x63, 0x8C, 0xE1, 0xB8, 0x37, 0x07, 0xF0,
  0xE6, 0x18, 0xE3, 0x0E, 0x60, 0xCC, 0x1D, 0x81, 0xC0, 0xC0, 0xC0, 0xC0, 0xC0, 0xC0, 0xC0, 0xC0, 0xC0, 0xC0, 0xC0, 0xC0, 0xC0, 0xFF, 0xFF, 0xE0,
  0x3F, 0x03, 0xFC, 0x1F, 0xE1, 0xFD, 0x8F, 0xEC, 0xDF, 0x36, 0xF9, 0xE7, 0xC7, 0x3E, 0x31, 0xF0, 0x0F, 0x80, 0x7C, 0x03, 0xE0, 0x1C, 0xE0, 0xFC,
  0x1F, 0xC3, 0xF8, 0x7D, 0x8F, 0xB1, 0xF3, 0x3E, 0x77, 0xC6, 0xF8, 0xFF, 0x0F, 0xE0, 0xFC, 0x1F, 0x81, 0xC0, 0x0F, 0x83, 0xFC, 0x70, 0xE6, 0x06,
  0xE0, 0x7E, 0x03, 0xE0, 0x3E, 0x03, 0xE0, 0x3E, 0x07, 0x60, 0x67, 0x0E, 0x3F, 0xC0, 0xF8, 0xFF, 0x3F, 0xEC, 0x1F, 0x07, 0xC1, 0xF0, 0x7F, 0xFB,
  0xFC, 0xC0, 0x30, 0x0C, 0x03, 0x00, 0xC0, 0x30, 0x00, 0x0F, 0x83, 0xFC, 0x70, 0xE6, 0x06, 0xE0, 0x7E, 0x03, 0xE0, 0x3E, 0x03, 0xE0, 0x3E, 0x03,
  0x60, 0x77, 0x0E, 0x3F, 0xC1, 0xF8, 0x06, 0x00, 0x78, 0x03, 0x80, 0xFF, 0x3F, 0xEC, 0x1B, 0x07, 0xC1, 0xF0, 0x7C, 0x1B, 0xFE, 0xFF, 0x31, 0xCC,
  0x33, 0x0E, 0xC1, 0xB0, 0x70, 0x1F, 0x1F, 0xE6, 0x1B, 0x80, 0xE0, 0x1C, 0x07, 0xF0, 0x7E, 0x01, 0xC0, 0x34, 0x0F, 0x87, 0x7F, 0x8F, 0x80, 0xFF,
  0xFF, 0xFC, 0x18, 0x03, 0x00, 0x60, 0x0C, 0x01, 0x80, 0x30, 0x06, 0x00, 0xC0, 0x18, 0x03, 0x00, 0x60, 0x0C, 0x00, 0xC0, 0xF0, 0x3C, 0x0F, 0x03,
  0xC0, 0xF0, 0x3C, 0x0F, 0x03, 0xC0, 0xF0, 0x3C, 0x1F, 0x86, 0x7F, 0x8F, 0xC0, 0xC0, 0x78, 0x1F, 0x03, 0x70, 0x66, 0x1C, 0xC3, 0x1C, 0x61, 0x8C,
  0x33, 0x07, 0x60, 0x6C, 0x0F, 0x01, 0xE0, 0x1C, 0x00, 0xC1, 0xC1, 0xE0, 0xE1, 0xF0, 0xF0, 0xDC, 0x78, 0x66, 0x36, 0x33, 0x13, 0x19, 0x99, 0x98,
  0xCC, 0xCC, 0x76, 0x36, 0x1A, 0x1B, 0x0F, 0x0F, 0x07, 0x87, 0x83, 0xC1, 0xC0, 0xC0, 0xE0, 0xE0, 0xEC, 0x19, 0xC7, 0x18, 0xC3, 0xB0, 0x3E, 0x03,
  0x80, 0x70, 0x1F, 0x07, 0x60, 0xC6, 0x30, 0xEE, 0x0D, 0x81, 0xC0, 0xE0, 0x77, 0x06, 0x30, 0xE3, 0x8C, 0x19, 0xC1, 0xD8, 0x0F, 0x00, 0xF0, 0x06,
  0x00, 0x60, 0x06, 0x00, 0x60, 0x06, 0x00, 0x60, 0xFF, 0xFF, 0xF0, 0x18, 0x0E, 0x07, 0x01, 0x80, 0xC0, 0x70, 0x38, 0x0C, 0x06, 0x03, 0x80, 0xFF,
  0xFF, 0xF0, 0xFF, 0x6D, 0xB6, 0xDB, 0x6D, 0xB6, 0xFC, 0xC1, 0x81, 0x03, 0x06, 0x0C, 0x0C, 0x18, 0x30, 0x30, 0x60, 0xC0, 0x81, 0x83, 0x02, 0x06,
  0x0C, 0xFF, 0x33, 0x33, 0x33, 0x33, 0x33, 0x33, 0x33, 0xFF, 0x0C, 0x07, 0x81, 0xE0, 0xCC, 0x33, 0x98, 0x6E, 0x1F, 0x03, 0xFF, 0xFF, 0xF0, 0xD9,
  0xB0, 0x3C, 0x3F, 0x90, 0xC0, 0x67, 0xF7, 0x1B, 0x0D, 0x86, 0xFF, 0xBC, 0xC0, 0xC0, 0x60, 0x30, 0x18, 0x0C, 0x06, 0xF3, 0xFD, 0x86, 0xC3, 0xE0,
  0xF0, 0x78, 0x7C, 0x37, 0xFB, 0x78, 0x3E, 0x7F, 0xE3, 0xC0, 0xC0, 0xC0, 0xC0, 0xE3, 0x7F, 0x3E, 0x01, 0x80, 0xC0, 0x60, 0x30, 0x19, 0xED, 0xFF,
  0xC3, 0xC1, 0xE0, 0xF0, 0x78, 0x3E, 0x1B, 0xFC, 0xF6, 0x3E, 0x3F, 0xB8, 0x7C, 0x3F, 0xFE, 0x03, 0x01, 0xC2, 0x7F, 0x1F, 0x00, 0x3B, 0xD8, 0xC6,
  0x7F, 0xEC, 0x63, 0x18, 0xC6, 0x31, 0x80, 0x01, 0x80, 0xE3, 0xE1, 0xFC, 0xE3, 0x30, 0xCE, 0x31, 0xFC, 0x3E, 0x10, 0x0F, 0xF1, 0xFE, 0xC1, 0xF0,
  0x7F, 0xF9, 0xFC, 0xC0, 0xC0, 0xC0, 0xC0, 0xC0, 0xDE, 0xFF, 0xC7, 0xC3, 0xC3, 0xC3, 0xC3, 0xC3, 0xC3, 0xC3, 0x7D, 0x00, 0xDB, 0x6D, 0xB6, 0xD8,
  0x37, 0x20, 0x03, 0x33, 0x33, 0x33, 0x33, 0x33, 0x3F, 0xE0, 0xC0, 0xC0, 0xC0, 0xC0, 0xC0, 0xC7, 0xCE, 0xCC, 0xD8, 0xF8, 0xFC, 0xCC, 0xC6, 0xC7,
  0xC3, 0xDB, 0x6D, 0xB6, 0xDB, 0x6D, 0xF8, 0xDC, 0x7B, 0xFB, 0xFC, 0x70, 0xF0, 0xC3, 0xC3, 0x0F, 0x0C, 0x3C, 0x30, 0xF0, 0xC3, 0xC3, 0x0F, 0x0C,
  0x30, 0xDE, 0xFF, 0xC7, 0xC3, 0xC3, 0xC3, 0xC3, 0xC3, 0xC3, 0xC3, 0x3E, 0x3F, 0xB8, 0xF8, 0x3C, 0x1E, 0x0F, 0x07, 0xC7, 0x7F, 0x1F, 0x00, 0xDE,
  0x7F, 0xB0, 0xD8, 0x7C, 0x1E, 0x0F, 0x0F, 0x86, 0xFF, 0x6F, 0x30, 0x18, 0x0C, 0x06, 0x00, 0x3D, 0xBF, 0xF8, 0x78, 0x3C, 0x1E, 0x0F, 0x07, 0xC3,
  0x7F, 0x9E, 0xC0, 0x60, 0x30, 0x18, 0x0C, 0xDF, 0xF9, 0x8C, 0x63, 0x18, 0xC6, 0x00, 0x3C, 0xFE, 0xC2, 0xC0, 0x7C, 0x3F, 0x03, 0xC3, 0xFE, 0x7C,
  0x61, 0x86, 0x3F, 0xF9, 0x86, 0x18, 0x61, 0x86, 0x1E, 0x38, 0xE1, 0xF0, 0xF8, 0x7C, 0x3E, 0x1F, 0x0F, 0x86, 0xC7, 0x7F, 0x9E, 0xC0, 0xE0, 0xD8,
  0x66, 0x18, 0xC6, 0x33, 0x0C, 0xC1, 0xB0, 0x78, 0x1E, 0x03, 0x80, 0xC3, 0x0F, 0x0C, 0x3C, 0x78, 0xD9, 0xE2, 0x64, 0x99, 0xB3, 0x66, 0xCD, 0x8F,
  0x3C, 0x38, 0x70, 0xE1, 0xC0, 0xC3, 0xB1, 0x9D, 0x87, 0xC1, 0xC0, 0xE0, 0xF8, 0xCC, 0xE3, 0x61, 0xC0, 0xE0, 0xD8, 0x66, 0x18, 0xC6, 0x33, 0x0C,
  0xC1, 0xB0, 0x78, 0x1E, 0x03, 0x80, 0xC0, 0x30, 0x38, 0x0E, 0x00, 0xFF, 0xFF, 0x06, 0x0C, 0x18, 0x38, 0x70, 0xE0, 0xFF, 0xFF, 0x1C, 0xF3, 0x0C,
  0x30, 0xC3, 0x0C, 0xE3, 0x83, 0x0C, 0x30, 0xC3, 0x0C, 0x3C, 0x70, 0xFF, 0xFF, 0xC0, 0xE3, 0xC3, 0x0C, 0x30, 0xC3, 0x0C, 0x1C, 0x73, 0x0C, 0x30,
  0xC3, 0x0C, 0xF3, 0x80, 0x70, 0x3F, 0x00, 0xFC, 0x0E,
};
const GFXglyph PlexBody_Glyphs[] PROGMEM = {
  {0, 0, 0, 5, 0, 0},  // 0x20 ' '
  {0, 2, 14, 6, 2, -14},  // 0x21 '!'
  {4, 5, 6, 9, 2, -15},  // 0x22 '"'
  {8, 12, 14, 14, 1, -14},  // 0x23 '#'
  {29, 10, 18, 12, 1, -16},  // 0x24 '$'
  {52, 17, 14, 19, 1, -14},  // 0x25 '%'
  {82, 12, 14, 14, 1, -14},  // 0x26 '&'
  {103, 2, 6, 5, 2, -15},  // 0x27 "'"
  {105, 5, 18, 7, 1, -15},  // 0x28 '('
  {117, 5, 18, 7, 0, -15},  // 0x29 ')'
  {129, 8, 8, 10, 1, -15},  // 0x2A '*'
  {137, 10, 10, 12, 1, -11},  // 0x2B '+'
  {150, 3, 6, 6, 1, -3},  // 0x2C ','
  {153, 6, 2, 8, 1, -7},  // 0x2D '-'
  {155, 3, 3, 6, 1, -3},  // 0x2E '.'
  {157, 7, 18, 8, 0, -15},  // 0x2F '/'
  {173, 10, 14, 12, 1, -14},  // 0x30 '0'
  {191, 10, 14, 12, 1, -14},  // 0x31 '1'
  {209, 10, 14, 12, 1, -14},  // 0x32 '2'
  {227, 9, 14, 12, 1, -14},  // 0x33 '3'
  {243, 10, 14, 12, 1, -14},  // 0x34 '4'
  {261, 9, 14, 12, 2, -14},  // 0x35 '5'
  {277, 10, 14, 12, 1, -14},  // 0x36 '6'
  {295, 10, 14, 12, 1, -14},  // 0x37 '7'
  {313, 10, 14, 12, 1, -14},  // 0x38 '8'
  {331, 10, 14, 12, 1, -14},  // 0x39 '9'
  {349, 3, 11, 6, 2, -11},  // 0x3A ':'
  {354, 3, 14, 6, 2, -11},  // 0x3B ';'
  {360, 8, 12, 12, 2, -12},  // 0x3C '<'
  {372, 10, 6, 12, 1, -9},  // 0x3D '='
  {380, 8, 12, 12, 2, -12},  // 0x3E '>'
  {392, 8, 14, 10, 1, -14},  // 0x3F '?'
  {406, 16, 16, 18, 1, -14},  // 0x40 '@'
  {438, 12, 14, 13, 1, -14},  // 0x41 'A'
  {459, 10, 14, 13, 2, -14},  // 0x42 'B'
  {477, 11, 14, 13, 1, -14},  // 0x43 'C'
  {497, 11, 14, 14, 2, -14},  // 0x44 'D'
  {517, 9, 14, 12, 2, -14},  // 0x45 'E'
  {533, 8, 14, 11, 2, -14},  // 0x46 'F'
  {547, 12, 14, 14, 1, -14},  // 0x47 'G'
  {568, 11, 14, 14, 2, -14},  // 0x48 'H'
  {588, 6, 14, 8, 1, -14},  // 0x49 'I'
  {599, 8, 14, 11, 1, -14},  // 0x4A 'J'
  {613, 11, 14, 13, 2, -14},  // 0x4B 'K'
  {633, 8, 14, 10, 2, -14},  // 0x4C 'L'
  {647, 13, 14, 16, 2, -14},  // 0x4D 'M'
  {670, 11, 14, 14, 2, -14},  // 0x4E 'N'
  {690, 12, 14, 14, 1, -14},  // 0x4F 'O'
  {711, 10, 14, 13, 2, -14},  // 0x50 'P'
  {729, 12, 17, 14, 1, -14},  // 0x51 'Q'
  {755, 10, 14, 13, 2, -14},  // 0x52 'R'
  {773, 10, 14, 12, 1, -14},  // 0x53 'S'
  {791, 11, 14, 12, 0, -14},  // 0x54 'T'
  {811, 10, 14, 14, 2, -14},  // 0x55 'U'
  {829, 11, 14, 13, 1, -14},  // 0x56 'V'
  {849, 17, 14, 19, 1, -14},  // 0x57 'W'
  {879, 11, 14, 13, 1, -14},  // 0x58 'X'
  {899, 12, 14, 12, 0, -14},  // 0x59 'Y'
  {920, 10, 14, 12, 1, -14},  // 0x5A 'Z'
  {938, 3, 18, 6, 2, -15},  // 0x5B '['
  {945, 7, 18, 8, 1, -15},  // 0x5C '\\'
  {961, 4, 18, 6, 1, -15},  // 0x5D ']'
  {970, 10, 8, 12, 1, -14},  // 0x5E '^'
  {980, 10, 2, 11, 1, 2},  // 0x5F '_'
  {983, 3, 4, 12, 4, -15},  // 0x60 '`'
  {985, 9, 10, 11, 1, -10},  // 0x61 'a'
  {997, 9, 15, 12, 2, -15},  // 0x62 'b'
  {1014, 8, 10, 10, 1, -10},  // 0x63 'c'
  {1024, 9, 15, 12, 1, -15},  // 0x64 'd'
  {1041, 9, 10, 11, 1, -10},  // 0x65 'e'
  {1053, 5, 15, 7, 1, -15},  // 0x66 'f'
  {1063, 10, 16, 11, 1, -12},  // 0x67 'g'
  {1083, 8, 15, 12, 2, -15},  // 0x68 'h'
  {1098, 3, 15, 5, 1, -15},  // 0x69 'i'
  {1104, 4, 19, 5, 0, -15},  // 0x6A 'j'
  {1114, 8, 15, 11, 2, -15},  // 0x6B 'k'
  {1129, 3, 15, 6, 2, -15},  // 0x6C 'l'
  {1135, 14, 10, 18, 2, -10},  // 0x6D 'm'
  {1153, 8, 10, 12, 2, -10},  // 0x6E 'n'
  {1163, 9, 10, 11, 1, -10},  // 0x6F 'o'
  {1175, 9, 14, 12, 2, -10},  // 0x70 'p'
  {1191, 9, 14, 12, 1, -10},  // 0x71 'q'
  {1207, 5, 10, 8, 2, -10},  // 0x72 'r'
  {1214, 8, 10, 10, 1, -10},  // 0x73 's'
  {1224, 6, 13, 7, 1, -13},  // 0x74 't'
  {1234, 9, 10, 12, 1, -10},  // 0x75 'u'
  {1246, 10, 10, 10, 0, -10},  // 0x76 'v'
  {1259, 14, 10, 16, 1, -10},  // 0x77 'w'
  {1277, 9, 10, 11, 1, -10},  // 0x78 'x'
  {1289, 10, 14, 10, 0, -10},  // 0x79 'y'
  {1307, 8, 10, 10, 1, -10},  // 0x7A 'z'
  {1317, 6, 18, 7, 0, -15},  // 0x7B '{'
  {1331, 1, 18, 7, 3, -15},  // 0x7C '|'
  {1334, 6, 18, 7, 1, -15},  // 0x7D '}'
  {1348, 10, 4, 12, 1, -8},  // 0x7E '~'
};
const GFXfont PlexBody PROGMEM = {(uint8_t*)PlexBody_Bitmaps, (GFXglyph*)PlexBody_Glyphs, 0x20, 0x7E, 27};

const uint8_t PlexLabel_Bitmaps[] PROGMEM = {
  0xDB, 0x6C, 0x86, 0xF8, 0xDE, 0xF7, 0xB9, 0x00, 0x12, 0x16, 0x36, 0x77, 0x34, 0x34, 0xEF, 0x2C, 0x6C, 0x6C, 0x10, 0xFB, 0x56, 0x8D, 0x0E, 0x0F,
  0x0B, 0x17, 0x2F, 0xE0, 0x80, 0x71, 0xD3, 0xD6, 0xD6, 0x70, 0x06, 0x2D, 0x69, 0x4D, 0xC6, 0x3C, 0x64, 0x60, 0x60, 0x30, 0x73, 0xDE, 0xCE, 0xEE,
  0x73, 0xFF, 0x40, 0x19, 0x98, 0xC4, 0x23, 0x08, 0x43, 0x18, 0x61, 0x80, 0xC4, 0x62, 0x33, 0x33, 0x32, 0x64, 0xC0, 0x30, 0x63, 0xFF, 0xE7, 0x8D,
  0x93, 0x00, 0x10, 0x60, 0xC7, 0xF3, 0x06, 0x04, 0x00, 0x76, 0x6C, 0xF0, 0xDF, 0x00, 0x0C, 0x30, 0xC6, 0x18, 0x43, 0x0C, 0x21, 0x86, 0x10, 0xC0,
  0x3C, 0x66, 0x63, 0xFB, 0xFB, 0xE3, 0xE3, 0x63, 0x66, 0x3C, 0x79, 0xB2, 0x60, 0xC1, 0x83, 0x06, 0x0C, 0x19, 0xFC, 0x79, 0x98, 0x30, 0x60, 0xC3,
  0x0C, 0x30, 0xC1, 0xFC, 0xF9, 0x98, 0x38, 0x63, 0x81, 0x81, 0x87, 0xCD, 0xF0, 0x0E, 0x1E, 0x1E, 0x36, 0x66, 0x66, 0xC6, 0xFF, 0x06, 0x06, 0xFD,
  0x83, 0x06, 0xC8, 0xC0, 0xC1, 0x83, 0xCC, 0xF0, 0x38, 0xE1, 0x86, 0x0F, 0xD9, 0xF1, 0xE3, 0xCC, 0xF0, 0xFF, 0x1E, 0x30, 0x61, 0xC3, 0x06, 0x1C,
  0x30, 0xE0, 0x79, 0x9B, 0x1E, 0x67, 0x99, 0xB1, 0xE3, 0xCC, 0xF0, 0x79, 0x9B, 0x1E, 0x3C, 0xEF, 0xC3, 0x0E, 0x38, 0xE0, 0xDF, 0x01, 0xBE, 0x67,
  0x60, 0x00, 0x76, 0x6C, 0x04, 0x77, 0xB8, 0xE1, 0xE1, 0xC1, 0xFE, 0x00, 0x07, 0xF0, 0x83, 0x87, 0x87, 0x1D, 0xEE, 0x20, 0x7B, 0x30, 0xC7, 0x38,
  0xC0, 0x0C, 0x30, 0xC0, 0x79, 0x9A, 0x1C, 0xFB, 0x76, 0xED, 0xDB, 0x9F, 0x81, 0x01, 0xC0, 0x1C, 0x3C, 0x3C, 0x36, 0x26, 0x66, 0x7E, 0x63, 0xC3,
  0xC3, 0xF9, 0x9B, 0x36, 0x6F, 0x99, 0xB1, 0xE3, 0xCD, 0xF8, 0x7D, 0x9F, 0x06, 0x0C, 0x18, 0x30, 0x60, 0xCE, 0xF8, 0xF9, 0x9B, 0x1E, 0x3C, 0x78,
  0xF1, 0xE3, 0xCD, 0xF0, 0xFF, 0x0C, 0x30, 0xFF, 0x0C, 0x30, 0xC3, 0xF0, 0xFF, 0x83, 0x06, 0x0F, 0xD8, 0x30, 0x60, 0xC1, 0x80, 0x79, 0x9B, 0x06,
  0x0C, 0x1B, 0xF1, 0xE3, 0xCE, 0xFC, 0xCF, 0x9F, 0x3E, 0x7F, 0xF9, 0xF3, 0xE7, 0xCF, 0x9C, 0xFC, 0xC3, 0x0C, 0x30, 0xC3, 0x0C, 0x33, 0xF0, 0x7C,
  0x30, 0xC3, 0x0C, 0x30, 0xC3, 0xCD, 0xE0, 0xC7, 0x9B, 0x76, 0xCF, 0x9F, 0x37, 0x66, 0xCF, 0x8C, 0xC1, 0x83, 0x06, 0x0C, 0x18, 0x30, 0x60, 0xC1,
  0xFC, 0xCF, 0xDF, 0xBF, 0xFB, 0x76, 0xE5, 0xC3, 0x87, 0x0C, 0xE7, 0xCF, 0x9F, 0xBF, 0x7A, 0xF7, 0xEF, 0xCF, 0x9C, 0x3C, 0x66, 0x63, 0xE3, 0xE3,
  0xE3, 0xE3, 0x63, 0x66, 0x3C, 0xFD, 0x9B, 0x1E, 0x3C, 0xDF, 0xB0, 0x60, 0xC1, 0x80, 0x3C, 0x66, 0x63, 0x63, 0xE3, 0xE3, 0x63, 0x63, 0x66, 0x3C,
  0x18, 0x0E, 0xFD, 0x9B, 0x1E, 0x3C, 0xFF, 0xB6, 0x66, 0xCD, 0x8C, 0x7D, 0x8B, 0x06, 0x07, 0x03, 0x81, 0x83, 0x8D, 0xF0, 0xFF, 0x18, 0x18, 0x18,
  0x18, 0x18, 0x18, 0x18, 0x18, 0x18, 0xC7, 0x8F, 0x1E, 0x3C, 0x78, 0xF1, 0xE6, 0xCC, 0xF0, 0xE3, 0x63, 0x67, 0x66, 0x66, 0x36, 0x36, 0x3C, 0x3C,
  0x1C, 0xC3, 0xC3, 0xDB, 0xDB, 0xDF, 0xDF, 0x77, 0x77, 0x77, 0x67, 0x63, 0x66, 0x36, 0x3C, 0x1C, 0x1C, 0x3C, 0x76, 0x66, 0xE3, 0xE3, 0x67, 0x76,
  0x3E, 0x3C, 0x1C, 0x18, 0x18, 0x18, 0x18, 0xFE, 0x18, 0x70, 0xC3, 0x86, 0x18, 0x70, 0xC1, 0xFC, 0xF8, 0x88, 0x88, 0x88, 0x88, 0x88, 0xF0, 0xC1,
  0x06, 0x18, 0x20, 0xC3, 0x04, 0x18, 0x60, 0xC3, 0x0C, 0xF8, 0xC6, 0x31, 0x8C, 0x63, 0x18, 0xC6, 0x3F, 0x80, 0x38, 0xF1, 0xB6, 0x6C, 0xD0, 0xC0,
  0xFE, 0xCC, 0x80, 0x78, 0x98, 0x33, 0xEC, 0xD9, 0xBD, 0x80, 0xC1, 0x83, 0x06, 0xEC, 0xD8, 0xF1, 0xE3, 0xCD, 0xF8, 0x3F, 0x1C, 0x30, 0xC3, 0x13,
  0xC0, 0x0E, 0x1C, 0x3B, 0xFC, 0xF9, 0xF3, 0xE7, 0xCE, 0xFC, 0x79, 0x9B, 0x1F, 0xFC, 0x18, 0x9F, 0x00, 0x1E, 0x60, 0xC7, 0xF3, 0x06, 0x0C, 0x18,
  0x31, 0xF8, 0x06, 0xF3, 0x36, 0x6C, 0xCF, 0x30, 0x7E, 0x87, 0x8F, 0xF0, 0xC1, 0x83, 0x06, 0xEC, 0xD9, 0xF3, 0xE7, 0xCF, 0x9C, 0x18, 0x30, 0x07,
  0xC1, 0x83, 0x06, 0x0C, 0x19, 0xFC, 0x18, 0xC1, 0xF1, 0x8C, 0x63, 0x18, 0xC6, 0x3F, 0x00, 0xC1, 0x83, 0x06, 0x6D, 0x9E, 0x3E, 0x6C, 0xCD, 0x9C,
  0xF0, 0xC3, 0x0C, 0x30, 0xC3, 0x0C, 0x33, 0xF0, 0xF6, 0xDB, 0xDB, 0xDB, 0xDB, 0xDB, 0xDB, 0xDD, 0x9B, 0x3E, 0x7C, 0xF9, 0xF3, 0x80, 0x79, 0x9B,
  0x1E, 0x3C, 0x79, 0x9E, 0x00, 0xDD, 0x9B, 0x1E, 0x3C, 0x79, 0xBF, 0x60, 0xC1, 0x80, 0x7F, 0x9F, 0x3E, 0x7C, 0xF9, 0xDF, 0x87, 0x0E, 0x1C, 0xF6,
  0x60, 0xC1, 0x83, 0x06, 0x3F, 0x00, 0x7F, 0x1C, 0x1E, 0x0F, 0x37, 0x80, 0x30, 0xC3, 0x3F, 0x30, 0xC3, 0x0C, 0x30, 0xF0, 0xCF, 0x3C, 0xF3, 0xCF,
  0x37, 0xC0, 0xC7, 0x9B, 0x33, 0x66, 0x8F, 0x0E, 0x00, 0xD9, 0xD9, 0xDB, 0x5F, 0x77, 0x77, 0x67, 0xCE, 0xD9, 0xE1, 0xC7, 0x9D, 0xB3, 0x80, 0xE3,
  0x67, 0x66, 0x36, 0x3C, 0x3C, 0x18, 0x18, 0x18, 0x70, 0xFC, 0x31, 0x8C, 0x73, 0x8F, 0xC0, 0x3C, 0xC3, 0x0C, 0x18, 0x6F, 0x06, 0x18, 0xC3, 0x0C,
  0x3C, 0xFF, 0xFF, 0xFF, 0xC0, 0xF0, 0x61, 0x8C, 0x30, 0xC1, 0xCC, 0x30, 0xC1, 0x86, 0xF0, 0x67, 0x6E, 0x70,
};
const GFXglyph PlexLabel_Glyphs[] PROGMEM = {
  {0, 0, 0, 10, 0, 0},  // 0x20 ' '
  {0, 3, 10, 10, 3, -10},  // 0x21 '!'
  {4, 5, 5, 10, 2, -10},  // 0x22 '"'
  {8, 8, 10, 10, 0, -10},  // 0x23 '#'
  {18, 7, 12, 10, 1, -11},  // 0x24 '$'
  {29, 8, 10, 10, 0, -10},  // 0x25 '%'
  {39, 8, 10, 10, 0, -10},  // 0x26 '&'
  {49, 2, 5, 10, 3, -10},  // 0x27 "'"
  {51, 5, 13, 10, 2, -11},  // 0x28 '('
  {60, 4, 13, 10, 2, -11},  // 0x29 ')'
  {67, 7, 7, 10, 1, -8},  // 0x2A '*'
  {74, 7, 7, 10, 1, -8},  // 0x2B '+'
  {81, 4, 4, 10, 2, -2},  // 0x2C ','
  {83, 4, 1, 10, 2, -5},  // 0x2D '-'
  {84, 3, 3, 10, 3, -3},  // 0x2E '.'
  {86, 6, 13, 10, 1, -11},  // 0x2F '/'
  {96, 8, 10, 10, 0, -10},  // 0x30 '0'
  {106, 7, 10, 10, 1, -10},  // 0x31 '1'
  {115, 7, 10, 10, 1, -10},  // 0x32 '2'
  {124, 7, 10, 10, 1, -10},  // 0x33 '3'
  {133, 8, 10, 10, 0, -10},  // 0x34 '4'
  {143, 7, 10, 10, 1, -10},  // 0x35 '5'
  {152, 7, 10, 10, 1, -10},  // 0x36 '6'
  {161, 7, 10, 10, 1, -10},  // 0x37 '7'
  {170, 7, 10, 10, 1, -10},  // 0x38 '8'
  {179, 7, 10, 10, 1, -10},  // 0x39 '9'
  {188, 3, 8, 10, 3, -8},  // 0x3A ':'
  {191, 4, 10, 10, 2, -8},  // 0x3B ';'
  {196, 6, 8, 10, 1, -8},  // 0x3C '<'
  {202, 7, 4, 10, 1, -6},  // 0x3D '='
  {206, 6, 8, 10, 1, -8},  // 0x3E '>'
  {212, 6, 10, 10, 1, -10},  // 0x3F '?'
  {220, 7, 12, 10, 1, -10},  // 0x40 '@'
  {231, 8, 10, 10, 0, -10},  // 0x41 'A'
  {241, 7, 10, 10, 1, -10},  // 0x42 'B'
  {250, 7, 10, 10, 1, -10},  // 0x43 'C'
  {259, 7, 10, 10, 1, -10},  // 0x44 'D'
  {268, 6, 10, 10, 1, -10},  // 0x45 'E'
  {276, 7, 10, 10, 1, -10},  // 0x46 'F'
  {285, 7, 10, 10, 1, -10},  // 0x47 'G'
  {294, 7, 10, 10, 1, -10},  // 0x48 'H'
  {303, 6, 10, 10, 1, -10},  // 0x49 'I'
  {311, 6, 10, 10, 1, -10},  // 0x4A 'J'
  {319, 7, 10, 10, 1, -10},  // 0x4B 'K'
  {328, 7, 10, 10, 1, -10},  // 0x4C 'L'
  {337, 7, 10, 10, 1, -10},  // 0x4D 'M'
  {346, 7, 10, 10, 1, -10},  // 0x4E 'N'
  {355, 8, 10, 10, 0, -10},  // 0x4F 'O'
  {365, 7, 10, 10, 1, -10},  // 0x50 'P'
  {374, 8, 12, 10, 0, -10},  // 0x51 'Q'
  {386, 7, 10, 10, 1, -10},  // 0x52 'R'
  {395, 7, 10, 10, 1, -10},  // 0x53 'S'
  {404, 8, 10, 10, 0, -10},  // 0x54 'T'
  {414, 7, 10, 10, 1, -10},  // 0x55 'U'
  {423, 8, 10, 10, 0, -10},  // 0x56 'V'
  {433, 8, 10, 10, 0, -10},  // 0x57 'W'
  {443, 8, 10, 10, 0, -10},  // 0x58 'X'
  {453, 8, 10, 10, 0, -10},  // 0x59 'Y'
  {463, 7, 10, 10, 1, -10},  // 0x5A 'Z'
  {472, 4, 13, 10, 3, -11},  // 0x5B '['
  {479, 6, 13, 10, 1, -11},  // 0x5C '\\'
  {489, 5, 13, 10, 1, -11},  // 0x5D ']'
  {498, 7, 6, 10, 1, -10},  // 0x5E '^'
  {504, 7, 1, 10, 1, 1},  // 0x5F '_'
  {505, 3, 3, 10, 2, -11},  // 0x60 '`'
  {507, 7, 7, 10, 1, -7},  // 0x61 'a'
  {514, 7, 10, 10, 1, -10},  // 0x62 'b'
  {523, 6, 7, 10, 1, -7},  // 0x63 'c'
  {529, 7, 10, 10, 1, -10},  // 0x64 'd'
  {538, 7, 7, 10, 1, -7},  // 0x65 'e'
  {545, 7, 10, 10, 1, -10},  // 0x66 'f'
  {554, 7, 11, 10, 1, -8},  // 0x67 'g'
  {564, 7, 10, 10, 1, -10},  // 0x68 'h'
  {573, 7, 10, 10, 1, -10},  // 0x69 'i'
  {582, 5, 13, 10, 1, -10},  // 0x6A 'j'
  {591, 7, 10, 10, 1, -10},  // 0x6B 'k'
  {600, 6, 10, 10, 1, -10},  // 0x6C 'l'
  {608, 8, 7, 10, 0, -7},  // 0x6D 'm'
  {615, 7, 7, 10, 1, -7},  // 0x6E 'n'
  {622, 7, 7, 10, 1, -7},  // 0x6F 'o'
  {629, 7, 10, 10, 1, -7},  // 0x70 'p'
  {638, 7, 10, 10, 1, -7},  // 0x71 'q'
  {647, 7, 7, 10, 1, -7},  // 0x72 'r'
  {654, 6, 7, 10, 1, -7},  // 0x73 's'
  {660, 6, 10, 10, 1, -10},  // 0x74 't'
  {668, 6, 7, 10, 1, -7},  // 0x75 'u'
  {674, 7, 7, 10, 1, -7},  // 0x76 'v'
  {681, 8, 7, 10, 0, -7},  // 0x77 'w'
  {688, 7, 7, 10, 1, -7},  // 0x78 'x'
  {695, 8, 10, 10, 0, -7},  // 0x79 'y'
  {705, 6, 7, 10, 1, -7},  // 0x7A 'z'
  {711, 6, 13, 10, 1, -11},  // 0x7B '{'
  {721, 2, 13, 10, 3, -11},  // 0x7C '|'
  {725, 6, 13, 10, 1, -11},  // 0x7D '}'
  {735, 7, 3, 10, 1, -6},  // 0x7E '~'
};
const GFXfont PlexLabel PROGMEM = {(uint8_t*)PlexLabel_Bitmaps, (GFXglyph*)PlexLabel_Glyphs, 0x20, 0x7E, 19};

const uint8_t PlexIdL_Bitmaps[] PROGMEM = {
  0xF7, 0xBD, 0xEF, 0x79, 0xCE, 0x73, 0x08, 0x40, 0x00, 0x0E, 0xFF, 0xFE, 0xE0, 0xE3, 0xF1, 0xF8, 0xFC, 0x7E, 0x3F, 0x1F, 0x8F, 0xC7, 0xE3, 0x80,
  0x03, 0x9C, 0x03, 0x9C, 0x03, 0x1C, 0x07, 0x1C, 0x07, 0x1C, 0x07, 0x38, 0x7F, 0x3F, 0x7F, 0x3F, 0x7E, 0x3F, 0x0E, 0x38, 0x0E, 0x30, 0xFE, 0x7E,
  0xFE, 0x7E, 0xFE, 0x7E, 0x1C, 0x70, 0x1C, 0x70, 0x1C, 0xE0, 0x1C, 0xE0, 0x1C, 0xE0, 0x1C, 0xE0, 0x03, 0x80, 0x07, 0x00, 0x0E, 0x00, 0x7F, 0x03,
  0xFF, 0x87, 0xFF, 0x9E, 0xEF, 0x39, 0xC4, 0x73, 0x80, 0xE7, 0x01, 0xEE, 0x03, 0xFC, 0x03, 0xFF, 0x01, 0xFF, 0x80, 0xFF, 0x01, 0xCF, 0x03, 0x9E,
  0x07, 0x3D, 0x8E, 0x7F, 0xDD, 0xE7, 0xFF, 0xC7, 0xFF, 0x03, 0xF8, 0x01, 0xC0, 0x03, 0x80, 0x07, 0x00, 0x1E, 0x03, 0x7F, 0x07, 0x7F, 0x06, 0xE3,
  0x8E, 0xE3, 0x8C, 0xE3, 0x9C, 0xE3, 0x98, 0x7F, 0x38, 0x7F, 0x38, 0x1E, 0x00, 0x00, 0x3C, 0x0E, 0x7E, 0x0E, 0xFF, 0x1C, 0xE7, 0x1C, 0xC3, 0x38,
  0xC3, 0x38, 0xE7, 0x70, 0xFF, 0x70, 0x7E, 0xE0, 0x3C, 0x07, 0xC0, 0x1F, 0xE0, 0x1F, 0xF0, 0x3C, 0x70, 0x38, 0x20, 0x38, 0x00, 0x3C, 0x00, 0x1C,
  0x00, 0x0E, 0x1F, 0x1F, 0x1F, 0x3F, 0x9F, 0x7B, 0xDC, 0x71, 0xDC, 0x71, 0xFC, 0xF0, 0xF8, 0x70, 0x78, 0x78, 0x7C, 0x7F, 0xDE, 0x3F, 0x8E, 0x1F,
  0x0F, 0xFF, 0xFF, 0xFF, 0xE0, 0x07, 0x87, 0x87, 0x83, 0x83, 0x81, 0xC1, 0xC0, 0xE0, 0x70, 0x70, 0x38, 0x1C, 0x0E, 0x07, 0x03, 0x81, 0xC0, 0x70,
  0x38, 0x1C, 0x07, 0x03, 0x80, 0xE0, 0x78, 0x1E, 0x07, 0x80, 0xE0, 0x38, 0x0E, 0x03, 0x80, 0xE0, 0x70, 0x1C, 0x0E, 0x07, 0x03, 0x80, 0xE0, 0x70,
  0x38, 0x1C, 0x0E, 0x0E, 0x07, 0x03, 0x81, 0xC1, 0xC0, 0xE0, 0xE0, 0xE0, 0xE0, 0xE0, 0x00, 0x03, 0x80, 0x07, 0x00, 0x0E, 0x00, 0x1C, 0x07, 0x39,
  0xDF, 0xFF, 0xFF, 0xFF, 0x0F, 0xF8, 0x07, 0xC0, 0x1F, 0xC0, 0x7B, 0xC1, 0xE3, 0x83, 0x87, 0x83, 0x06, 0x00, 0x07, 0x00, 0x38, 0x01, 0xC0, 0x0E,
  0x00, 0x70, 0x7F, 0xFF, 0xFF, 0xFF, 0xFF, 0x07, 0x00, 0x38, 0x01, 0xC0, 0x0E, 0x00, 0x70, 0x00, 0x3D, 0xF7, 0x9E, 0x79, 0xCF, 0x38, 0xE0, 0xFF,
  0xFF, 0xFF, 0xE0, 0x77, 0xFF, 0xF7, 0x00, 0x00, 0x70, 0x07, 0x00, 0xF0, 0x0E, 0x00, 0xE0, 0x1E, 0x01, 0xC0, 0x1C, 0x03, 0x80, 0x38, 0x03, 0x80,
  0x70, 0x07, 0x00, 0xF0, 0x0E, 0x00, 0xE0, 0x1E, 0x01, 0xC0, 0x1C, 0x03, 0x80, 0x38, 0x07, 0x80, 0x70, 0x07, 0x00, 0xF0, 0x00, 0x07, 0xC0, 0x3F,
  0xE0, 0xFF, 0xE3, 0xE3, 0xC7, 0x83, 0xCE, 0x03, 0xBC, 0x07, 0x78, 0x0F, 0xF3, 0x9F, 0xE7, 0x3F, 0xCE, 0x7F, 0x9C, 0xFF, 0x01, 0xFE, 0x03, 0x9C,
  0x07, 0x3C, 0x1E, 0x78, 0x78, 0x7F, 0xF0, 0x7F, 0xC0, 0x3E, 0x00, 0x07, 0xE0, 0x1F, 0xC0, 0x7F, 0x81, 0xEF, 0x07, 0xDE, 0x1F, 0x3C, 0x1C, 0x78,
  0x30, 0xF0, 0x21, 0xE0, 0x03, 0xC0, 0x07, 0x80, 0x0F, 0x00, 0x1E, 0x00, 0x3C, 0x00, 0x78, 0x00, 0xF0, 0x01, 0xE0, 0x7F, 0xFC, 0xFF, 0xF9, 0xFF,
  0xF0, 0x0F, 0xC0, 0x7F, 0xC7, 0xFF, 0x9E, 0x1E, 0xF0, 0x3C, 0xC0, 0xF0, 0x03, 0xC0, 0x0F, 0x00, 0x78, 0x01, 0xE0, 0x0F, 0x00, 0x78, 0x07, 0xC0,
  0x3E, 0x01, 0xF0, 0x0F, 0x00, 0x78, 0x01, 0xFF, 0xF7, 0xFF, 0xDF, 0xFF, 0x0F, 0xC0, 0xFF, 0xC7, 0xFF, 0x9E, 0x1F, 0x30, 0x3C, 0x00, 0xF0, 0x03,
  0xC0, 0x1E, 0x07, 0xF0, 0x1F, 0x80, 0x7F, 0x00, 0x1E, 0x00, 0x3C, 0x00, 0xF0, 0x03, 0xD8, 0x0F, 0xF8, 0x7D, 0xFF, 0xE3, 0xFF, 0x03, 0xF0, 0x01,
  0xF0, 0x03, 0xE0, 0x0F, 0xC0, 0x1F, 0x80, 0x77, 0x01, 0xCE, 0x03, 0x9C, 0x0E, 0x38, 0x3C, 0x70, 0x70, 0xE1, 0xC1, 0xC3, 0x83, 0x8E, 0x07, 0x1F,
  0xFF, 0xFF, 0xFF, 0xFF, 0xFF, 0x00, 0x70, 0x00, 0xE0, 0x01, 0xC0, 0x03, 0x80, 0x7F, 0xF9, 0xFF, 0xE7, 0xFF, 0x9C, 0x00, 0x60, 0x03, 0x80, 0x0E,
  0x00, 0x39, 0xF0, 0xEF, 0xF3, 0xFF, 0xEF, 0x0F, 0x80, 0x1E, 0x00, 0x3C, 0x00, 0xF0, 0x03, 0x98, 0x1E, 0xF0, 0xFB, 0xFF, 0xC7, 0xFE, 0x07, 0xE0,
  0x01, 0xF0, 0x07, 0x80, 0x3E, 0x00, 0x78, 0x01, 0xE0, 0x07, 0x80, 0x0F, 0x00, 0x3C, 0xF0, 0x7F, 0xF8, 0xFF, 0xFB, 0xF1, 0xF7, 0xC1, 0xEF, 0x01,
  0xFE, 0x03, 0xDC, 0x07, 0xBC, 0x1E, 0x7C, 0x7C, 0x7F, 0xF0, 0x7F, 0xC0, 0x3E, 0x00, 0xFF, 0xFF, 0xFF, 0xFF, 0xFF, 0xC0, 0xFE, 0x07, 0xF0, 0x3B,
  0x83, 0xC0, 0x1E, 0x01, 0xE0, 0x0F, 0x00, 0x70, 0x07, 0x80, 0x3C, 0x03, 0xC0, 0x1E, 0x00, 0xE0, 0x0F, 0x00, 0x78, 0x07, 0x80, 0x3C, 0x00, 0x0F,
  0xE0, 0x7F, 0xE1, 0xFF, 0xE3, 0xC3, 0xE7, 0x03, 0xCE, 0x03, 0x9C, 0x0F, 0x1C, 0x3C, 0x1F, 0xF0, 0x1F, 0xC0, 0xFF, 0xE3, 0xC1, 0xEF, 0x03, 0xDE,
  0x03, 0xFC, 0x07, 0xF8, 0x1E, 0x78, 0x7C, 0xFF, 0xF8, 0xFF, 0xE0, 0x7F, 0x00, 0x0F, 0xC0, 0x7F, 0xC3, 0xFF, 0x9E, 0x1F, 0x70, 0x3F, 0xC0, 0x7F,
  0x01, 0xFC, 0x07, 0xF0, 0x3D, 0xE1, 0xF7, 0xFF, 0xCF, 0xEF, 0x0F, 0x3C, 0x01, 0xE0, 0x07, 0x80, 0x3C, 0x01, 0xE0, 0x0F, 0x00, 0xF8, 0x07, 0xC0,
  0x77, 0xFF, 0xF7, 0x00, 0x00, 0x00, 0x1D, 0xFF, 0xFD, 0xC0, 0x39, 0xF7, 0xDF, 0x38, 0x00, 0x00, 0x00, 0x03, 0xDF, 0x79, 0xE7, 0x9C, 0xF3, 0x8E,
  0x00, 0x00, 0x30, 0x0F, 0x03, 0xF0, 0xFE, 0x1F, 0x87, 0xE0, 0xF8, 0x0F, 0x00, 0xF8, 0x07, 0xE0, 0x1F, 0x80, 0xFE, 0x03, 0xF0, 0x0F, 0x00, 0x30,
  0xFF, 0xFF, 0xFF, 0xFF, 0xFE, 0x00, 0x00, 0x00, 0x00, 0x03, 0xFF, 0xFF, 0xFF, 0xFF, 0xF8, 0x80, 0x0E, 0x00, 0xF8, 0x07, 0xE0, 0x3F, 0x00, 0xFC,
  0x03, 0xF0, 0x0F, 0x00, 0x70, 0x0F, 0x03, 0xF0, 0xFC, 0x3F, 0x07, 0xE0, 0xF8, 0x0E, 0x00, 0x80, 0x00, 0x1F, 0x81, 0xFF, 0x1F, 0xFD, 0xE1, 0xEE,
  0x07, 0x80, 0x3C, 0x01, 0xC0, 0x1E, 0x03, 0xF0, 0x7F, 0x03, 0xE0, 0x1C, 0x00, 0xE0, 0x00, 0x00, 0x00, 0x01, 0xE0, 0x1F, 0x00, 0xF8, 0x07, 0xC0,
  0x1E, 0x00, 0x07, 0xC0, 0x7F, 0xC3, 0xFF, 0x8E, 0x0F, 0x70, 0x1D, 0xC0, 0x76, 0x1C, 0xF8, 0xFF, 0xE3, 0xFF, 0x9C, 0x7E, 0x70, 0xF9, 0xC3, 0xE7,
  0x0F, 0x9C, 0x7E, 0x7F, 0xD8, 0xFB, 0x61, 0xCD, 0xC0, 0x07, 0x80, 0x0F, 0x00, 0x3F, 0xF0, 0x7F, 0xC0, 0x7F, 0x00, 0x03, 0xE0, 0x07, 0xE0, 0x07,
  0xF0, 0x07, 0xF0, 0x07, 0x70, 0x0F, 0x70, 0x0E, 0x78, 0x0E, 0x78, 0x0E, 0x38, 0x1E, 0x3C, 0x1C, 0x3C, 0x1C, 0x3C, 0x3F, 0xFC, 0x3F, 0xFE, 0x3F,
  0xFE, 0x38, 0x1E, 0x78, 0x0F, 0x78, 0x0F, 0x70, 0x0F, 0xF0, 0x0F, 0xFF, 0xC7, 0xFF, 0x3F, 0xFD, 0xE1, 0xFF, 0x07, 0xF8, 0x3F, 0xC1, 0xFE, 0x1E,
  0xFF, 0xE7, 0xFE, 0x3F, 0xFD, 0xE0, 0xFF, 0x07, 0xF8, 0x1F, 0xC0, 0xFE, 0x0F, 0xF0, 0x7F, 0xFF, 0xFF, 0xFD, 0xFF, 0x80, 0x07, 0xE0, 0x7F, 0xC3,
  0xFF, 0x8F, 0x0F, 0x78, 0x3D, 0xE0, 0x77, 0x00, 0x1C, 0x00, 0xF0, 0x03, 0xC0, 0x0F, 0x00, 0x3C, 0x00, 0x70, 0x01, 0xC0, 0x07, 0x81, 0xDE, 0x0F,
  0x3C, 0x3C, 0xFF, 0xE1, 0xFF, 0x01, 0xF8, 0xFF, 0x83, 0xFF, 0x8F, 0xFF, 0x3C, 0x3C, 0xF0, 0x7B, 0xC1, 0xEF, 0x03, 0xBC, 0x0E, 0xF0, 0x3F, 0xC0,
  0xFF, 0x03, 0xFC, 0x0F, 0xF0, 0x3B, 0xC0, 0xEF, 0x07, 0xBC, 0x1E, 0xF0, 0xF3, 0xFF, 0xCF, 0xFE, 0x3F, 0xE0, 0xFF, 0xFF, 0xFF, 0xFF, 0xFF, 0xE0,
  0x0F, 0x00, 0x78, 0x03, 0xC0, 0x1E, 0x00, 0xFF, 0xF7, 0xFF, 0xBF, 0xFD, 0xE0, 0x0F, 0x00, 0x78, 0x03, 0xC0, 0x1E, 0x00, 0xF0, 0x07, 0xFF, 0xFF,
  0xFF, 0xFF, 0xF0, 0xFF, 0xFF, 0xFF, 0xFF, 0xFF, 0xE0, 0x0F, 0x00, 0x78, 0x03, 0xC0, 0x1E, 0x00, 0xFF, 0xF7, 0xFF, 0xBF, 0xFD, 0xE0, 0x0F, 0x00,
  0x78, 0x03, 0xC0, 0x1E, 0x00, 0xF0, 0x07, 0x80, 0x3C, 0x01, 0xE0, 0x00, 0x07, 0xC0, 0x7F, 0xC3, 0xFF, 0x9F, 0x1E, 0x78, 0x3D, 0xC0, 0xEF, 0x00,
  0x3C, 0x00, 0xF0, 0x03, 0xC7, 0xFF, 0x1F, 0xFC, 0x7F, 0xF0, 0x1F, 0xC0, 0x77, 0x01, 0xDE, 0x0F, 0x7C, 0x7C, 0xFF, 0x71, 0xFD, 0xC3, 0xC7, 0xF0,
  0x7F, 0x83, 0xFC, 0x1F, 0xE0, 0xFF, 0x07, 0xF8, 0x3F, 0xC1, 0xFE, 0x0F, 0xFF, 0xFF, 0xFF, 0xFF, 0xFF, 0xE0, 0xFF, 0x07, 0xF8, 0x3F, 0xC1, 0xFE,
  0x0F, 0xF0, 0x7F, 0x83, 0xFC, 0x1F, 0xE0, 0xF0, 0xFF, 0xFF, 0xFF, 0xFF, 0xFE, 0x0E, 0x00, 0x70, 0x03, 0x80, 0x1C, 0x00, 0xE0, 0x07, 0x00, 0x38,
  0x01, 0xC0, 0x0E, 0x00, 0x70, 0x03, 0x80, 0x1C, 0x00, 0xE0, 0x07, 0x07, 0xFF, 0xFF, 0xFF, 0xFF, 0xF0, 0x3F, 0xF3, 0xFF, 0x3F, 0xF0, 0x0F, 0x00,
  0xF0, 0x0F, 0x00, 0xF0, 0x0F, 0x00, 0xF0, 0x0F, 0x00, 0xF0, 0x0F, 0x00, 0xF0, 0x0F, 0x60, 0xFE, 0x0F, 0xF1, 0xFF, 0xFE, 0x7F, 0xC1, 0xF8, 0xF0,
  0x3F, 0xC1, 0xEF, 0x0F, 0xBC, 0x3C, 0xF1, 0xE3, 0xCF, 0x0F, 0x3C, 0x3D, 0xE0, 0xFF, 0x03, 0xFE, 0x0F, 0xF8, 0x3F, 0xF0, 0xFB, 0xE3, 0xC7, 0x8F,
  0x0F, 0x3C, 0x3C, 0xF0, 0x7B, 0xC1, 0xEF, 0x03, 0xFC, 0x0F, 0xE0, 0x0E, 0x00, 0xE0, 0x0E, 0x00, 0xE0, 0x0E, 0x00, 0xE0, 0x0E, 0x00, 0xE0, 0x0E,
  0x00, 0xE0, 0x0E, 0x00, 0xE0, 0x0E, 0x00, 0xE0, 0x0E, 0x00, 0xE0, 0x0F, 0xFF, 0xFF, 0xFF, 0xFF, 0xF8, 0x3F, 0xE0, 0xFF, 0xC7, 0xFF, 0x1F, 0xFC,
  0x7F, 0xFB, 0xFE, 0xEF, 0xF9, 0xF7, 0xE7, 0xDF, 0x9E, 0x7F, 0x39, 0xFC, 0xE7, 0xF3, 0x1F, 0xC4, 0x7F, 0x01, 0xFC, 0x07, 0xF0, 0x1F, 0xC0, 0x7F,
  0x01, 0xFC, 0x07, 0xF8, 0x3F, 0xC1, 0xFE, 0x0F, 0xF8, 0x7F, 0xC3, 0xFE, 0x1F, 0xB8, 0xFD, 0xC7, 0xEE, 0x3F, 0x39, 0xF9, 0xCF, 0xCE, 0x7E, 0x3B,
  0xF1, 0xDF, 0x8F, 0xFC, 0x3F, 0xE1, 0xFF, 0x07, 0xF8, 0x3F, 0xC1, 0xF0, 0x07, 0xC0, 0x3F, 0xE0, 0xFF, 0xE3, 0xE3, 0xC7, 0x83, 0xCE, 0x03, 0xBC,
  0x07, 0x78, 0x0F, 0xF0, 0x1F, 0xE0, 0x3F, 0xC0, 0x7F, 0x80, 0xFF, 0x01, 0xFE, 0x03, 0x9C, 0x07, 0x3C, 0x1E, 0x7C, 0x78, 0x7F, 0xF0, 0x7F, 0xC0,
  0x3E, 0x00, 0xFF, 0xC3, 0xFF, 0xCF, 0xFF, 0xBC, 0x1E, 0xF0, 0x7B, 0xC0, 0xFF, 0x03, 0xFC, 0x1E, 0xF0, 0x7B, 0xFF, 0xEF, 0xFF, 0x3F, 0xF0, 0xF0,
  0x03, 0xC0, 0x0F, 0x00, 0x3C, 0x00, 0xF0, 0x03, 0xC0, 0x0F, 0x00, 0x3C, 0x00, 0x07, 0xC0, 0x3F, 0xE0, 0xFF, 0xE3, 0xE3, 0xC7, 0x83, 0xCE, 0x03,
  0xBC, 0x07, 0x78, 0x0F, 0xF0, 0x1F, 0xE0, 0x3F, 0xC0, 0x7F, 0x80, 0xFF, 0x01, 0xFE, 0x03, 0xDC, 0x07, 0x3C, 0x1E, 0x7C, 0x7C, 0x7F, 0xF0, 0x7F,
  0xC0, 0x7F, 0x00, 0x38, 0x00, 0x70, 0x00, 0xFE, 0x01, 0xFC, 0x01, 0xF8, 0xFF, 0xC3, 0xFF, 0xCF, 0xFF, 0xBC, 0x1E, 0xF0, 0x7B, 0xC0, 0xFF, 0x03,
  0xBC, 0x1E, 0xF0, 0x7B, 0xFF, 0xEF, 0xFF, 0x3F, 0xF0, 0xF3, 0xC3, 0xC7, 0x8F, 0x1E, 0x3C, 0x3C, 0xF0, 0xF3, 0xC1, 0xEF, 0x07, 0xBC, 0x0F, 0x0F,
  0xE0, 0x7F, 0xE3, 0xFF, 0xDF, 0x0F, 0x78, 0x09, 0xC0, 0x07, 0x80, 0x1F, 0x00, 0x7F, 0xC0, 0xFF, 0xC0, 0xFF, 0x80, 0x3F, 0x00, 0x3C, 0x00, 0x70,
  0x01, 0xD8, 0x0F, 0xF8, 0x7D, 0xFF, 0xE3, 0xFF, 0x03, 0xF0, 0xFF, 0xFF, 0xFF, 0xFF, 0xFF, 0xF8, 0x1C, 0x00, 0x38, 0x00, 0x70, 0x00, 0xE0, 0x01,
  0xC0, 0x03, 0x80, 0x07, 0x00, 0x0E, 0x00, 0x1C, 0x00, 0x38, 0x00, 0x70, 0x00, 0xE0, 0x01, 0xC0, 0x03, 0x80, 0x07, 0x00, 0x0E, 0x00, 0x1C, 0x00,
  0xE0, 0x7F, 0x03, 0xF8, 0x1F, 0xC0, 0xFE, 0x07, 0xF0, 0x3F, 0x81, 0xFC, 0x0F, 0xE0, 0x7F, 0x03, 0xF8, 0x1F, 0xC0, 0xFE, 0x07, 0xF0, 0x3F, 0xC1,
  0xFE, 0x0F, 0xF8, 0xF3, 0xFF, 0x8F, 0xF8, 0x3F, 0x80, 0xF0, 0x1F, 0xE0, 0x3F, 0xC0, 0x7F, 0x80, 0xE7, 0x83, 0xCF, 0x07, 0x9E, 0x0F, 0x3C, 0x1C,
  0x3C, 0x78, 0x78, 0xF0, 0xF1, 0xE0, 0xE3, 0x81, 0xCF, 0x03, 0xDE, 0x07, 0xB8, 0x07, 0x70, 0x0F, 0xE0, 0x1F, 0xC0, 0x3F, 0x00, 0x3E, 0x00, 0xE0,
  0x0F, 0xC0, 0x1F, 0x80, 0x3F, 0x00, 0x7E, 0x00, 0xFC, 0x71, 0xF9, 0xE3, 0xF3, 0xE7, 0xE7, 0xCF, 0xCF, 0x9F, 0x9B, 0x3F, 0x36, 0x7E, 0xEC, 0xDD,
  0xDD, 0xBB, 0x3F, 0x3E, 0x3E, 0x7C, 0x7C, 0xF8, 0xF9, 0xF1, 0xF3, 0xE3, 0xE0, 0xF0, 0x1E, 0xF0, 0x79, 0xE0, 0xF1, 0xE3, 0xC3, 0xC7, 0x83, 0xDE,
  0x07, 0xB8, 0x07, 0xF0, 0x0F, 0xC0, 0x0F, 0x80, 0x1F, 0x00, 0x7F, 0x00, 0xFE, 0x03, 0xDE, 0x0F, 0x3C, 0x1E, 0x3C, 0x78, 0x78, 0xF0, 0x7B, 0xC0,
  0xFF, 0x80, 0xF0, 0xF8, 0x0F, 0x78, 0x0F, 0x78, 0x1E, 0x3C, 0x1E, 0x3C, 0x3C, 0x1E, 0x3C, 0x1E, 0x38, 0x0F, 0x78, 0x0F, 0x70, 0x07, 0xF0, 0x07,
  0xE0, 0x03, 0xE0, 0x03, 0xC0, 0x01, 0xC0, 0x01, 0xC0, 0x01, 0xC0, 0x01, 0xC0, 0x01, 0xC0, 0x01, 0xC0, 0x01, 0xC0, 0x7F, 0xFD, 0xFF, 0xF7, 0xFF,
  0xC0, 0x0F, 0x00, 0x78, 0x03, 0xC0, 0x0F, 0x00, 0x78, 0x03, 0xC0, 0x1F, 0x00, 0x78, 0x03, 0xC0, 0x1F, 0x00, 0x78, 0x03, 0xC0, 0x1E, 0x00, 0x78,
  0x03, 0xFF, 0xFF, 0xFF, 0xFF, 0xFF, 0xFF, 0xFF, 0xFF, 0xFC, 0x0E, 0x07, 0x03, 0x81, 0xC0, 0xE0, 0x70, 0x38, 0x1C, 0x0E, 0x07, 0x03, 0x81, 0xC0,
  0xE0, 0x70, 0x38, 0x1C, 0x0E, 0x07, 0x03, 0xFF, 0xFF, 0xFF, 0x80, 0xF0, 0x07, 0x00, 0x70, 0x07, 0x80, 0x38, 0x03, 0x80, 0x1C, 0x01, 0xC0, 0x1E,
  0x00, 0xE0, 0x0E, 0x00, 0xF0, 0x07, 0x00, 0x70, 0x03, 0x80, 0x38, 0x03, 0x80, 0x1C, 0x01, 0xC0, 0x1E, 0x00, 0xE0, 0x0E, 0x00, 0xF0, 0x07, 0x00,
  0x70, 0xFF, 0xFF, 0xFF, 0x07, 0x07, 0x07, 0x07, 0x07, 0x07, 0x07, 0x07, 0x07, 0x07, 0x07, 0x07, 0x07, 0x07, 0x07, 0x07, 0x07, 0x07, 0x07, 0xFF,
  0xFF, 0xFF, 0x07, 0xC0, 0x0F, 0x80, 0x3F, 0x80, 0x7F, 0x01, 0xEF, 0x03, 0x8E, 0x0F, 0x1E, 0x1C, 0x1C, 0x78, 0x3C, 0xE0, 0x3B, 0xC0, 0x7B, 0x00,
  0x60, 0xFF, 0xFF, 0xFF, 0xFF, 0xFE, 0x67, 0x3C, 0xE3, 0x88, 0x1F, 0x81, 0xFF, 0x8F, 0xFF, 0x3C, 0x3C, 0x00, 0xF0, 0x01, 0xC3, 0xFF, 0x1F, 0xFC,
  0xF0, 0x73, 0x83, 0xCF, 0x0F, 0x3F, 0xFF, 0xFF, 0x7C, 0xF8, 0xF0, 0xF0, 0x03, 0xC0, 0x0F, 0x00, 0x3C, 0x00, 0xF0, 0x03, 0xC0, 0x0F, 0x00, 0x3C,
  0xF0, 0xFF, 0xF3, 0xFF, 0xEF, 0x8F, 0xBC, 0x1E, 0xF0, 0x3B, 0xC0, 0xFF, 0x03, 0xFC, 0x0E, 0xF0, 0x7B, 0xE3, 0xEF, 0xFF, 0xBF, 0xFC, 0xF3, 0xC0,
  0x0F, 0xC1, 0xFF, 0x1F, 0xFC, 0xF0, 0xEF, 0x02, 0x78, 0x03, 0xC0, 0x1E, 0x00, 0xF0, 0x07, 0x81, 0x1E, 0x1E, 0xFF, 0xE3, 0xFE, 0x07, 0xE0, 0x00,
  0x3C, 0x00, 0xF0, 0x03, 0xC0, 0x0F, 0x00, 0x3C, 0x00, 0xF0, 0x03, 0xC7, 0xCF, 0x3F, 0xBD, 0xFF, 0xF7, 0x87, 0xDC, 0x0F, 0xF0, 0x3F, 0xC0, 0xFF,
  0x03, 0xFC, 0x0F, 0x70, 0x3D, 0xE1, 0xF7, 0xFF, 0xCF, 0xEF, 0x1F, 0x3C, 0x0F, 0x81, 0xFF, 0x1F, 0xFD, 0xF1, 0xFF, 0x07, 0xF0, 0x1F, 0xFF, 0xFF,
  0xFF, 0xE0, 0x07, 0x80, 0x3E, 0x08, 0xFF, 0xE3, 0xFF, 0x07, 0xE0, 0x01, 0xF8, 0x3F, 0xC1, 0xFE, 0x0E, 0x00, 0x70, 0x03, 0x80, 0x1C, 0x1F, 0xFF,
  0xFF, 0xFF, 0xFF, 0xC1, 0xC0, 0x0E, 0x00, 0x70, 0x03, 0x80, 0x1C, 0x00, 0xE0, 0x07, 0x00, 0x38, 0x3F, 0xFF, 0xFF, 0xFF, 0xFF, 0x80, 0x00, 0x3C,
  0x01, 0xF0, 0x07, 0xC7, 0xF0, 0x3F, 0xE1, 0xFF, 0xCF, 0x0F, 0x3C, 0x1C, 0xF0, 0x73, 0xC3, 0xC7, 0xFF, 0x0F, 0xF8, 0x3F, 0x81, 0x80, 0x0E, 0x00,
  0x1F, 0xFC, 0x3F, 0xF9, 0xFF, 0xFE, 0x03, 0xF8, 0x0F, 0xFF, 0xFF, 0xFF, 0xE3, 0xFE, 0x00, 0xF0, 0x07, 0x80, 0x3C, 0x01, 0xE0, 0x0F, 0x00, 0x78,
  0x03, 0xC0, 0x1E, 0x78, 0xF7, 0xF7, 0xFF, 0xBE, 0x3F, 0xE0, 0xFF, 0x07, 0xF8, 0x3F, 0xC1, 0xFE, 0x0F, 0xF0, 0x7F, 0x83, 0xFC, 0x1F, 0xE0, 0xFF,
  0x07, 0x80, 0x07, 0x00, 0x7C, 0x03, 0xE0, 0x0E, 0x00, 0x00, 0x00, 0x00, 0x00, 0x1F, 0xE0, 0xFF, 0x07, 0xF8, 0x03, 0xC0, 0x1E, 0x00, 0xF0, 0x07,
  0x80, 0x3C, 0x01, 0xE0, 0x0F, 0x00, 0x78, 0x3F, 0xFF, 0xFF, 0xFF, 0xFF, 0x80, 0x03, 0x81, 0xF0, 0x7C, 0x0E, 0x00, 0x00, 0x00, 0x03, 0xFE, 0xFF,
  0xBF, 0xE0, 0x38, 0x0E, 0x03, 0x80, 0xE0, 0x38, 0x0E, 0x03, 0x80, 0xE0, 0x38, 0x0E, 0x03, 0x80, 0xE0, 0x38, 0x0E, 0xFF, 0xBF, 0xCF, 0xE0, 0xF0,
  0x03, 0xC0, 0x0F, 0x00, 0x3C, 0x00, 0xF0, 0x03, 0xC0, 0x0F, 0x00, 0x3C, 0x1E, 0xF0, 0xF3, 0xC7, 0x8F, 0x3C, 0x3D, 0xE0, 0xFF, 0x03, 0xFE, 0x0F,
  0xF8, 0x3C, 0xF0, 0xF1, 0xE3, 0xC3, 0xCF, 0x0F, 0x3C, 0x1E, 0xF0, 0x3C, 0xFF, 0x07, 0xF8, 0x3F, 0xC0, 0x0E, 0x00, 0x70, 0x03, 0x80, 0x1C, 0x00,
  0xE0, 0x07, 0x00, 0x38, 0x01, 0xC0, 0x0E, 0x00, 0x70, 0x03, 0x80, 0x1C, 0x00, 0xE0, 0x07, 0x00, 0x38, 0x3F, 0xFF, 0xFF, 0xFF, 0xFF, 0x80, 0xE6,
  0x39, 0xDE, 0xFB, 0xFF, 0xFF, 0x3C, 0xFE, 0x38, 0xFC, 0x71, 0xF8, 0xE3, 0xF1, 0xC7, 0xE3, 0x8F, 0xC7, 0x1F, 0x8E, 0x3F, 0x1C, 0x7E, 0x38, 0xFC,
  0x71, 0xC0, 0xF3, 0xC7, 0xBF, 0xBF, 0xFD, 0xF1, 0xFF, 0x07, 0xF8, 0x3F, 0xC1, 0xFE, 0x0F, 0xF0, 0x7F, 0x83, 0xFC, 0x1F, 0xE0, 0xFF, 0x07, 0xF8,
  0x3C, 0x07, 0xC0, 0x7F, 0xC3, 0xFF, 0x9E, 0x1F, 0x70, 0x3F, 0xC0, 0x7F, 0x01, 0xFC, 0x07, 0xF0, 0x1D, 0xC0, 0xF7, 0x87, 0xCF, 0xFE, 0x1F, 0xF0,
  0x3F, 0x00, 0xF3, 0xC3, 0xFF, 0xCF, 0xFF, 0xBE, 0x3E, 0xF0, 0x7B, 0xC0, 0xEF, 0x03, 0xFC, 0x0F, 0xF0, 0x3B, 0xC1, 0xEF, 0x8F, 0xBF, 0xFE, 0xFF,
  0xF3, 0xCF, 0x0F, 0x00, 0x3C, 0x00, 0xF0, 0x03, 0xC0, 0x0F, 0x00, 0x3C, 0x00, 0x1F, 0x3C, 0xFE, 0xF7, 0xFF, 0xDE, 0x1F, 0x70, 0x3F, 0xC0, 0xFF,
  0x03, 0xFC, 0x0F, 0xF0, 0x3D, 0xC0, 0xF7, 0x87, 0xDF, 0xFF, 0x3F, 0xBC, 0x7C, 0xF0, 0x03, 0xC0, 0x0F, 0x00, 0x3C, 0x00, 0xF0, 0x03, 0xC0, 0x0F,
  0xFE, 0x3F, 0xF9, 0xFF, 0xEF, 0xC3, 0xE0, 0x0F, 0x00, 0x38, 0x00, 0xE0, 0x03, 0x80, 0x0E, 0x00, 0x38, 0x00, 0xE0, 0x3F, 0xFC, 0xFF, 0xF3, 0xFF,
  0xC0, 0x1F, 0xC1, 0xFF, 0x9F, 0xFD, 0xE0, 0x4F, 0x00, 0x7F, 0xC1, 0xFF, 0x87, 0xFE, 0x07, 0xF8, 0x03, 0xD8, 0x1F, 0xFF, 0xE7, 0xFE, 0x0F, 0xE0,
  0x07, 0x00, 0x1C, 0x00, 0x70, 0x01, 0xC0, 0x07, 0x00, 0x3C, 0x0F, 0xFF, 0xFF, 0xFF, 0xFF, 0xFC, 0x3C, 0x00, 0xF0, 0x03, 0xC0, 0x0F, 0x00, 0x3C,
  0x00, 0xF0, 0x03, 0xC0, 0x0F, 0x00, 0x1F, 0xF0, 0x7F, 0xC0, 0xFF, 0xF0, 0x7F, 0x83, 0xFC, 0x1F, 0xE0, 0xFF, 0x07, 0xF8, 0x3F, 0xC1, 0xFE, 0x0F,
  0xF0, 0x7F, 0x83, 0xFE, 0x3E, 0xFF, 0xF7, 0xF7, 0x9F, 0x3C, 0xF0, 0x1E, 0xE0, 0x39, 0xE0, 0xF3, 0xC1, 0xC3, 0x83, 0x87, 0x8F, 0x0F, 0x1C, 0x0E,
  0x38, 0x1E, 0xF0, 0x1D, 0xC0, 0x3B, 0x80, 0x7E, 0x00, 0x7C, 0x00, 0xF8, 0x00, 0xE1, 0xC7, 0x71, 0xC7, 0x73, 0xE7, 0x73, 0xE7, 0x73, 0xE7, 0x73,
  0x67, 0x73, 0x67, 0x77, 0x66, 0x36, 0x76, 0x36, 0x7E, 0x3E, 0x3E, 0x3E, 0x3E, 0x3E, 0x3E, 0x3E, 0x3E, 0x78, 0x3D, 0xE0, 0xE3, 0xC7, 0x87, 0xBC,
  0x0F, 0xE0, 0x3F, 0x00, 0x7C, 0x01, 0xF0, 0x0F, 0xE0, 0x7F, 0xC1, 0xCF, 0x0F, 0x1E, 0x78, 0x3F, 0xC0, 0xF0, 0xF0, 0x1F, 0xE0, 0x39, 0xE0, 0xF3,
  0xC1, 0xE3, 0x83, 0x87, 0x8F, 0x0F, 0x1C, 0x0E, 0x38, 0x1E, 0xF0, 0x1D, 0xC0, 0x3F, 0x80, 0x3E, 0x00, 0x7C, 0x00, 0xF0, 0x00, 0xE0, 0x03, 0xC0,
  0x07, 0x00, 0xFE, 0x01, 0xF8, 0x03, 0xE0, 0x00, 0xFF, 0xFF, 0xFF, 0xFF, 0xFE, 0x01, 0xE0, 0x1E, 0x01, 0xE0, 0x1E, 0x01, 0xE0, 0x3E, 0x03, 0xE0,
  0x3E, 0x01, 0xFF, 0xFF, 0xFF, 0xFF, 0xFC, 0x0F, 0xE3, 0xFC, 0x7F, 0x8E, 0x01, 0xC0, 0x38, 0x03, 0x80, 0x70, 0x07, 0x00, 0xE0, 0x1C, 0x7F, 0x0F,
  0xC1, 0xFE, 0x01, 0xC0, 0x38, 0x07, 0x01, 0xC0, 0x38, 0x0E, 0x01, 0xC0, 0x38, 0x07, 0xF8, 0xFF, 0x0F, 0xE0, 0xFF, 0xFF, 0xFF, 0xFF, 0xFF, 0xFF,
  0xFF, 0xFF, 0xFF, 0xE0, 0xFE, 0x1F, 0xE3, 0xFC, 0x03, 0x80, 0x70, 0x0E, 0x03, 0x80, 0x60, 0x1C, 0x03, 0x00, 0x70, 0x0F, 0xF0, 0x7E, 0x3F, 0xC7,
  0x00, 0xC0, 0x1C, 0x01, 0x80, 0x38, 0x03, 0x80, 0x70, 0x0E, 0x3F, 0xC7, 0xF8, 0xFE, 0x00, 0x1E, 0x0C, 0xFC, 0x37, 0xF8, 0xDD, 0xE7, 0x63, 0xFF,
  0x87, 0xE6, 0x0F, 0x00,
};
const GFXglyph PlexIdL_Glyphs[] PROGMEM = {
  {0, 0, 0, 17, 0, 0},  // 0x20 ' '
  {0, 5, 20, 17, 6, -20},  // 0x21 '!'
  {13, 9, 9, 17, 4, -21},  // 0x22 '"'
  {24, 16, 20, 17, 0, -20},  // 0x23 '#'
  {64, 15, 26, 17, 1, -23},  // 0x24 '$'
  {113, 16, 20, 17, 0, -20},  // 0x25 '%'
  {153, 16, 20, 17, 0, -20},  // 0x26 '&'
  {193, 3, 9, 17, 7, -21},  // 0x27 "'"
  {197, 9, 25, 17, 5, -21},  // 0x28 '('
  {226, 9, 25, 17, 3, -21},  // 0x29 ')'
  {255, 15, 14, 17, 1, -15},  // 0x2A '*'
  {282, 13, 13, 17, 2, -15},  // 0x2B '+'
  {304, 6, 9, 17, 5, -5},  // 0x2C ','
  {311, 9, 3, 17, 4, -10},  // 0x2D '-'
  {315, 5, 5, 17, 6, -5},  // 0x2E '.'
  {319, 12, 25, 17, 2, -21},  // 0x2F '/'
  {357, 15, 20, 17, 1, -20},  // 0x30 '0'
  {395, 15, 20, 17, 1, -20},  // 0x31 '1'
  {433, 14, 20, 17, 1, -20},  // 0x32 '2'
  {468, 14, 20, 17, 1, -20},  // 0x33 '3'
  {503, 15, 20, 17, 1, -20},  // 0x34 '4'
  {541, 14, 20, 17, 2, -20},  // 0x35 '5'
  {576, 15, 20, 17, 1, -20},  // 0x36 '6'
  {614, 13, 20, 17, 2, -20},  // 0x37 '7'
  {647, 15, 20, 17, 1, -20},  // 0x38 '8'
  {685, 14, 20, 17, 1, -20},  // 0x39 '9'
  {720, 5, 15, 17, 6, -15},  // 0x3A ':'
  {730, 6, 19, 17, 5, -15},  // 0x3B ';'
  {745, 12, 15, 17, 2, -16},  // 0x3C '<'
  {768, 13, 9, 17, 2, -13},  // 0x3D '='
  {783, 12, 17, 17, 2, -17},  // 0x3E '>'
  {809, 13, 20, 17, 2, -20},  // 0x3F '?'
  {842, 14, 23, 17, 1, -20},  // 0x40 '@'
  {883, 16, 20, 17, 0, -20},  // 0x41 'A'
  {923, 13, 20, 17, 2, -20},  // 0x42 'B'
  {956, 14, 20, 17, 1, -20},  // 0x43 'C'
  {991, 14, 20, 17, 2, -20},  // 0x44 'D'
  {1026, 13, 20, 17, 2, -20},  // 0x45 'E'
  {1059, 13, 20, 17, 2, -20},  // 0x46 'F'
  {1092, 14, 20, 17, 1, -20},  // 0x47 'G'
  {1127, 13, 20, 17, 2, -20},  // 0x48 'H'
  {1160, 13, 20, 17, 2, -20},  // 0x49 'I'
  {1193, 12, 20, 17, 2, -20},  // 0x4A 'J'
  {1223, 14, 20, 17, 2, -20},  // 0x4B 'K'
  {1258, 12, 20, 17, 3, -20},  // 0x4C 'L'
  {1288, 14, 20, 17, 1, -20},  // 0x4D 'M'
  {1323, 13, 20, 17, 2, -20},  // 0x4E 'N'
  {1356, 15, 20, 17, 1, -20},  // 0x4F 'O'
  {1394, 14, 20, 17, 2, -20},  // 0x50 'P'
  {1429, 15, 25, 17, 1, -20},  // 0x51 'Q'
  {1476, 14, 20, 17, 2, -20},  // 0x52 'R'
  {1511, 14, 20, 17, 1, -20},  // 0x53 'S'
  {1546, 15, 20, 17, 1, -20},  // 0x54 'T'
  {1584, 13, 20, 17, 2, -20},  // 0x55 'U'
  {1617, 15, 20, 17, 1, -20},  // 0x56 'V'
  {1655, 15, 20, 17, 1, -20},  // 0x57 'W'
  {1693, 15, 20, 17, 1, -20},  // 0x58 'X'
  {1731, 16, 20, 17, 0, -20},  // 0x59 'Y'
  {1771, 14, 20, 17, 1, -20},  // 0x5A 'Z'
  {1806, 9, 25, 17, 5, -21},  // 0x5B '['
  {1835, 12, 25, 17, 2, -21},  // 0x5C '\\'
  {1873, 8, 25, 17, 3, -21},  // 0x5D ']'
  {1898, 15, 12, 17, 1, -20},  // 0x5E '^'
  {1921, 13, 3, 17, 2, 2},  // 0x5F '_'
  {1926, 5, 6, 17, 5, -22},  // 0x60 '`'
  {1930, 14, 14, 17, 2, -14},  // 0x61 'a'
  {1955, 14, 21, 17, 2, -21},  // 0x62 'b'
  {1992, 13, 14, 17, 2, -14},  // 0x63 'c'
  {2015, 14, 21, 17, 1, -21},  // 0x64 'd'
  {2052, 13, 14, 17, 2, -14},  // 0x65 'e'
  {2075, 13, 21, 17, 2, -21},  // 0x66 'f'
  {2110, 14, 23, 17, 2, -17},  // 0x67 'g'
  {2151, 13, 21, 17, 2, -21},  // 0x68 'h'
  {2186, 13, 21, 17, 3, -21},  // 0x69 'i'
  {2221, 10, 27, 17, 3, -21},  // 0x6A 'j'
  {2255, 14, 21, 17, 2, -21},  // 0x6B 'k'
  {2292, 13, 21, 17, 2, -21},  // 0x6C 'l'
  {2327, 15, 14, 17, 1, -14},  // 0x6D 'm'
  {2354, 13, 14, 17, 2, -14},  // 0x6E 'n'
  {2377, 14, 14, 17, 1, -14},  // 0x6F 'o'
  {2402, 14, 20, 17, 2, -14},  // 0x70 'p'
  {2437, 14, 20, 17, 1, -14},  // 0x71 'q'
  {2472, 14, 14, 17, 2, -14},  // 0x72 'r'
  {2497, 13, 14, 17, 2, -14},  // 0x73 's'
  {2520, 14, 20, 17, 1, -20},  // 0x74 't'
  {2555, 13, 14, 17, 2, -14},  // 0x75 'u'
  {2578, 15, 14, 17, 1, -14},  // 0x76 'v'
  {2605, 16, 14, 17, 0, -14},  // 0x77 'w'
  {2633, 14, 14, 17, 1, -14},  // 0x78 'x'
  {2658, 15, 20, 17, 1, -14},  // 0x79 'y'
  {2696, 13, 14, 17, 2, -14},  // 0x7A 'z'
  {2719, 11, 25, 17, 3, -21},  // 0x7B '{'
  {2754, 3, 25, 17, 7, -21},  // 0x7C '|'
  {2764, 11, 25, 17, 3, -21},  // 0x7D '}'
  {2799, 14, 7, 17, 1, -12},  // 0x7E '~'
};
const GFXfont PlexIdL PROGMEM = {(uint8_t*)PlexIdL_Bitmaps, (GFXglyph*)PlexIdL_Glyphs, 0x20, 0x7E, 37};

const uint8_t PlexIdM_Bitmaps[] PROGMEM = {
  0xEE, 0xEE, 0xEE, 0x64, 0x40, 0x0E, 0xFF, 0xE0, 0xE7, 0xCF, 0x9F, 0x3E, 0x7C, 0xF9, 0x80, 0x06, 0x60, 0x73, 0x03, 0xB8, 0x19, 0xC7, 0xCF, 0xBE,
  0x7C, 0x73, 0x03, 0x98, 0x19, 0xC7, 0xCF, 0xBE, 0x7C, 0x33, 0x03, 0x98, 0x1D, 0xC0, 0xCE, 0x00, 0x06, 0x00, 0xC0, 0x7E, 0x3F, 0xF7, 0x6D, 0xCC,
  0x39, 0x83, 0xB0, 0x7E, 0x07, 0xF8, 0x1F, 0x83, 0x70, 0x66, 0x8C, 0xF9, 0xBF, 0xFE, 0x3F, 0x00, 0xC0, 0x18, 0x00, 0x38, 0x1B, 0xE1, 0xB9, 0x9D,
  0x8C, 0xCC, 0x6E, 0x73, 0x61, 0xF0, 0x07, 0x1C, 0x01, 0xF0, 0xDC, 0xC6, 0xC6, 0x66, 0x33, 0x39, 0xB0, 0xFB, 0x83, 0x80, 0x0F, 0x01, 0xFC, 0x0E,
  0x70, 0x60, 0x03, 0x00, 0x1C, 0x00, 0x70, 0x07, 0xCF, 0x7E, 0x7B, 0x3B, 0x38, 0xF9, 0xC3, 0x87, 0x1E, 0x3F, 0xB8, 0x78, 0xE0, 0xFF, 0xFF, 0xF8,
  0x0E, 0x38, 0xE1, 0x87, 0x0C, 0x18, 0x70, 0xC1, 0x83, 0x06, 0x0E, 0x0C, 0x18, 0x38, 0x30, 0x70, 0x70, 0x70, 0xE0, 0xE0, 0xE0, 0xC0, 0xC1, 0x83,
  0x83, 0x06, 0x0C, 0x18, 0x30, 0x61, 0xC3, 0x06, 0x18, 0x71, 0xC7, 0x00, 0x0E, 0x01, 0xC0, 0x38, 0x67, 0x3F, 0xFE, 0xFF, 0x87, 0xC0, 0xF8, 0x3B,
  0x8E, 0x38, 0xC2, 0x00, 0x0E, 0x01, 0xC0, 0x38, 0x07, 0x0F, 0xFF, 0xFF, 0xC3, 0x80, 0x70, 0x0E, 0x01, 0xC0, 0x7B, 0x9C, 0xEE, 0x73, 0x00, 0xFF,
  0xFC, 0xEF, 0xFE, 0x01, 0x81, 0xC0, 0xE0, 0x60, 0x70, 0x30, 0x18, 0x1C, 0x0C, 0x06, 0x07, 0x03, 0x03, 0x81, 0xC0, 0xC0, 0xE0, 0x70, 0x30, 0x38,
  0x18, 0x00, 0x1F, 0x07, 0xF9, 0xC7, 0x70, 0x7E, 0x0F, 0xC1, 0xF9, 0xBF, 0x77, 0xE6, 0xFC, 0x1F, 0x83, 0xF0, 0x77, 0x1C, 0x7F, 0x87, 0xC0, 0x1F,
  0x03, 0xF0, 0x3F, 0x07, 0x70, 0xE7, 0x04, 0x70, 0x07, 0x00, 0x70, 0x07, 0x00, 0x70, 0x07, 0x00, 0x70, 0x07, 0x07, 0xFF, 0x7F, 0xF0, 0x1F, 0x0F,
  0xFB, 0xC7, 0x30, 0xF0, 0x0E, 0x03, 0xC0, 0x70, 0x1C, 0x07, 0x01, 0xC0, 0x70, 0x1C, 0x0F, 0x01, 0xFF, 0xFF, 0xF8, 0x1F, 0x0F, 0xF9, 0xC7, 0x00,
  0x70, 0x0E, 0x03, 0x87, 0xE0, 0xFC, 0x01, 0xC0, 0x1C, 0x03, 0xA0, 0x7E, 0x1C, 0xFF, 0x8F, 0xC0, 0x03, 0x80, 0x78, 0x0F, 0x80, 0xD8, 0x19, 0x83,
  0x98, 0x31, 0x87, 0x18, 0xE1, 0x8C, 0x18, 0xFF, 0xFF, 0xFF, 0x01, 0x80, 0x18, 0x01, 0x80, 0x7F, 0xCF, 0xF9, 0x80, 0x30, 0x06, 0x00, 0xCF, 0x1B,
  0xF3, 0x8F, 0x00, 0xE0, 0x1C, 0x03, 0xB0, 0x7F, 0x1E, 0xFF, 0x87, 0xC0, 0x07, 0x81, 0xC0, 0x70, 0x1C, 0x07, 0x00, 0xEF, 0x3F, 0xF7, 0x8F, 0xE0,
  0xFC, 0x1F, 0x83, 0xF0, 0x77, 0x1E, 0x7F, 0x87, 0xC0, 0xFF, 0xFF, 0xFF, 0x83, 0xF0, 0x7E, 0x1C, 0x03, 0x80, 0xE0, 0x1C, 0x07, 0x00, 0xE0, 0x1C,
  0x07, 0x00, 0xE0, 0x38, 0x07, 0x00, 0x1F, 0x0F, 0xF9, 0xC7, 0xF0, 0x76, 0x0E, 0xE3, 0x8F, 0xE1, 0xFC, 0x71, 0xFC, 0x1F, 0x83, 0xF0, 0x7F, 0x1E,
  0xFF, 0x87, 0xC0, 0x1F, 0x0F, 0xF9, 0xC7, 0x70, 0x7E, 0x0F, 0xC1, 0xF8, 0x3F, 0x8F, 0x7F, 0xE7, 0xD8, 0x07, 0x01, 0xC0, 0x70, 0x1E, 0x0F, 0x00,
  0xEF, 0xFE, 0x00, 0x00, 0xEF, 0xFE, 0x73, 0xDE, 0xE0, 0x00, 0x00, 0x7B, 0x9C, 0xEE, 0x73, 0x00, 0x00, 0x80, 0xC1, 0xE3, 0xE7, 0xC7, 0x83, 0x81,
  0xE0, 0x7C, 0x0F, 0x81, 0xE0, 0x30, 0x08, 0xFF, 0xFF, 0xFC, 0x00, 0x00, 0x00, 0x01, 0xFF, 0xFF, 0xF8, 0x80, 0x70, 0x3C, 0x0F, 0x81, 0xF0, 0x3C,
  0x0E, 0x0F, 0x1F, 0x3E, 0x3C, 0x1C, 0x08, 0x00, 0x3E, 0x7F, 0xF8, 0xF8, 0x70, 0x38, 0x3C, 0x7C, 0x38, 0x18, 0x00, 0x00, 0x03, 0x83, 0xC1, 0xE0,
  0x70, 0x1F, 0x07, 0xF9, 0xC3, 0x30, 0x3E, 0x77, 0x9F, 0xF3, 0x1E, 0x63, 0xCC, 0x79, 0x8F, 0x31, 0xE7, 0xFE, 0x76, 0xC0, 0x1C, 0x01, 0xFC, 0x0F,
  0x80, 0x0F, 0x80, 0x7C, 0x03, 0xE0, 0x1B, 0x81, 0xDC, 0x0E, 0xE0, 0x63, 0x07, 0x1C, 0x38, 0xE1, 0xFF, 0x0F, 0xFC, 0xE0, 0xE7, 0x07, 0x38, 0x3F,
  0x80, 0xE0, 0xFF, 0x3F, 0xEE, 0x3B, 0x87, 0xE1, 0xF8, 0xEF, 0xF3, 0xFE, 0xE3, 0xF8, 0x7E, 0x1F, 0x87, 0xE3, 0xFF, 0xEF, 0xF0, 0x1F, 0x07, 0xF9,
  0xC7, 0xB8, 0x7E, 0x01, 0xC0, 0x38, 0x07, 0x00, 0xE0, 0x1C, 0x03, 0x80, 0x38, 0x77, 0x1E, 0x7F, 0x87, 0xE0, 0xFE, 0x3F, 0xCC, 0x3B, 0x07, 0xC1,
  0xF0, 0x7C, 0x1F, 0x07, 0xC1, 0xF0, 0x7C, 0x1F, 0x07, 0xC3, 0xBF, 0xCF, 0xE0, 0xFF, 0xFF, 0xFE, 0x03, 0x80, 0xE0, 0x38, 0x0F, 0xFB, 0xFE, 0xE0,
  0x38, 0x0E, 0x03, 0x80, 0xE0, 0x3F, 0xFF, 0xFC, 0xFF, 0xFF, 0xFE, 0x03, 0x80, 0xE0, 0x38, 0x0F, 0xFB, 0xFE, 0xE0, 0x38, 0x0E, 0x03, 0x80, 0xE0,
  0x38, 0x0E, 0x00, 0x1F, 0x07, 0xF9, 0xC7, 0x30, 0x7E, 0x01, 0xC0, 0x38, 0x07, 0x3F, 0xE7, 0xFC, 0x1F, 0x83, 0xF0, 0x77, 0x1E, 0xFF, 0xC7, 0xB8,
  0xE0, 0xFC, 0x1F, 0x83, 0xF0, 0x7E, 0x0F, 0xC1, 0xFF, 0xFF, 0xFF, 0xE0, 0xFC, 0x1F, 0x83, 0xF0, 0x7E, 0x0F, 0xC1, 0xF8, 0x38, 0xFF, 0xFF, 0xC7,
  0x03, 0x81, 0xC0, 0xE0, 0x70, 0x38, 0x1C, 0x0E, 0x07, 0x03, 0x81, 0xC7, 0xFF, 0xFE, 0x3F, 0xCF, 0xF0, 0x1C, 0x07, 0x01, 0xC0, 0x70, 0x1C, 0x07,
  0x01, 0xC0, 0x70, 0x1F, 0x87, 0x73, 0xDF, 0xE1, 0xF0, 0xC1, 0xF8, 0x7B, 0x0E, 0x63, 0x8C, 0xE1, 0x9C, 0x3F, 0x07, 0xF0, 0xFE, 0x1C, 0xE3, 0x9E,
  0x61, 0xCC, 0x3D, 0x83, 0xB0, 0x38, 0xE0, 0x38, 0x0E, 0x03, 0x80, 0xE0, 0x38, 0x0E, 0x03, 0x80, 0xE0, 0x38, 0x0E, 0x03, 0x80, 0xE0, 0x3F, 0xFF,
  0xFC, 0xF0, 0xFE, 0x3F, 0xE7, 0xFD, 0xFF, 0xBF, 0xBE, 0xFB, 0x9F, 0x73, 0xE6, 0x7C, 0x8F, 0x81, 0xF0, 0x3E, 0x07, 0xC0, 0xF8, 0x18, 0xF0, 0xFF,
  0x1F, 0xE3, 0xFC, 0x7F, 0xCF, 0xD9, 0xFB, 0x3F, 0x77, 0xE6, 0xFC, 0xFF, 0x9F, 0xF1, 0xFE, 0x3F, 0xC3, 0xF8, 0x78, 0x1F, 0x07, 0xF9, 0xC7, 0x70,
  0x7E, 0x0F, 0xC1, 0xF8, 0x3F, 0x07, 0xE0, 0xFC, 0x1F, 0x83, 0xF0, 0x77, 0x1C, 0x7F, 0x87, 0xC0, 0xFF, 0x3F, 0xEE, 0x1F, 0x87, 0xE1, 0xF8, 0x7E,
  0x1F, 0xFE, 0xFF, 0x38, 0x0E, 0x03, 0x80, 0xE0, 0x38, 0x0E, 0x00, 0x1F, 0x07, 0xF9, 0xC7, 0x70, 0x7E, 0x0F, 0xC1, 0xF8, 0x3F, 0x07, 0xE0, 0xFC,
  0x1F, 0x83, 0xF0, 0x77, 0x1C, 0x7F, 0x87, 0xC0, 0x70, 0x0E, 0x00, 0xF8, 0x0F, 0x00, 0xFF, 0x3F, 0xEE, 0x1F, 0x87, 0xE1, 0xF8, 0x7E, 0x1F, 0xFE,
  0xFF, 0x39, 0xCE, 0x73, 0x8E, 0xE3, 0xB8, 0x7E, 0x1C, 0x1F, 0x8F, 0xFD, 0xC3, 0x70, 0x0E, 0x00, 0xE0, 0x1F, 0x81, 0xFE, 0x03, 0xE0, 0x1C, 0x03,
  0xA0, 0x7E, 0x1E, 0xFF, 0x8F, 0xC0, 0xFF, 0xFF, 0xFF, 0x0E, 0x00, 0xE0, 0x0E, 0x00, 0xE0, 0x0E, 0x00, 0xE0, 0x0E, 0x00, 0xE0, 0x0E, 0x00, 0xE0,
  0x0E, 0x00, 0xE0, 0x0E, 0x00, 0xE0, 0xFC, 0x1F, 0x83, 0xF0, 0x7E, 0x0F, 0xC1, 0xF8, 0x3F, 0x07, 0xE0, 0xFC, 0x1F, 0x83, 0xB0, 0x77, 0x1C, 0xFF,
  0x87, 0xC0, 0xE0, 0x7E, 0x0E, 0xE0, 0xEE, 0x0E, 0x70, 0xE7, 0x1C, 0x71, 0xC7, 0x1C, 0x39, 0x83, 0xB8, 0x3B, 0x81, 0xB8, 0x1F, 0x01, 0xF0, 0x1F,
  0x00, 0xE0, 0x3F, 0x01, 0xD8, 0x0E, 0xCE, 0x76, 0x73, 0x33, 0x99, 0x9E, 0xCC, 0xB6, 0x6D, 0xB3, 0x6D, 0x9B, 0x6C, 0xF9, 0xE7, 0xCF, 0x3C, 0x79,
  0xE3, 0xC0, 0xE0, 0xEF, 0x0E, 0x71, 0xC3, 0x9C, 0x3B, 0x81, 0xF0, 0x1F, 0x00, 0xF0, 0x1F, 0x01, 0xF8, 0x3B, 0x87, 0x1C, 0x71, 0xCE, 0x0E, 0xE0,
  0xF0, 0xF0, 0x3B, 0x83, 0x9E, 0x1C, 0x71, 0xC3, 0x8E, 0x0E, 0xE0, 0x77, 0x01, 0xF0, 0x0F, 0x80, 0x38, 0x01, 0xC0, 0x0E, 0x00, 0x70, 0x03, 0x80,
  0x1C, 0x00, 0xFF, 0xFF, 0xFC, 0x07, 0x80, 0xE0, 0x38, 0x0F, 0x01, 0xC0, 0x70, 0x1C, 0x07, 0x80, 0xE0, 0x38, 0x0F, 0x01, 0xFF, 0xFF, 0xF8, 0xFF,
  0xFF, 0x87, 0x0E, 0x1C, 0x38, 0x70, 0xE1, 0xC3, 0x87, 0x0E, 0x1C, 0x38, 0x70, 0xE1, 0xC3, 0xFF, 0xF0, 0xC0, 0x70, 0x18, 0x0E, 0x07, 0x01, 0x80,
  0xE0, 0x70, 0x18, 0x0E, 0x03, 0x01, 0x80, 0xE0, 0x30, 0x18, 0x0E, 0x03, 0x01, 0xC0, 0xE0, 0x30, 0xFF, 0xFC, 0x18, 0x30, 0x60, 0xC1, 0x83, 0x06,
  0x0C, 0x18, 0x30, 0x60, 0xC1, 0x83, 0x06, 0x0F, 0xFF, 0xF0, 0x0E, 0x03, 0xE0, 0x7C, 0x1D, 0xC3, 0x18, 0xE3, 0x98, 0x37, 0x07, 0xC0, 0x68, 0x08,
  0xFF, 0xFF, 0xFC, 0x4E, 0xE7, 0x20, 0x1F, 0x0F, 0xF1, 0x87, 0x00, 0xE0, 0x1C, 0x7F, 0x9F, 0xF7, 0x0E, 0xE1, 0xCF, 0xDC, 0xF3, 0x80, 0xC0, 0x30,
  0x0C, 0x03, 0x00, 0xC0, 0x33, 0xCD, 0xFB, 0x8F, 0xC1, 0xF0, 0x7C, 0x1F, 0x07, 0xC1, 0xF8, 0xFD, 0xFB, 0x3C, 0x1F, 0x8F, 0xF7, 0x0D, 0xC0, 0x60,
  0x38, 0x06, 0x01, 0xC0, 0x70, 0xCF, 0xF1, 0xF8, 0x00, 0xE0, 0x1C, 0x03, 0x80, 0x70, 0x0E, 0x79, 0xDF, 0xBB, 0x8F, 0xE0, 0xFC, 0x1F, 0x83, 0xF0,
  0x7E, 0x0E, 0xE3, 0xDF, 0xB9, 0xE7, 0x1F, 0x07, 0xF9, 0xC7, 0x30, 0x7F, 0xFF, 0xFF, 0xF8, 0x03, 0x00, 0x70, 0xC7, 0xF8, 0x7C, 0x00, 0x07, 0xE0,
  0xFC, 0x38, 0x07, 0x00, 0xE1, 0xFF, 0xFF, 0xF8, 0x70, 0x0E, 0x01, 0xC0, 0x38, 0x07, 0x00, 0xE0, 0x1C, 0x1F, 0xFB, 0xFF, 0x00, 0xE0, 0x0E, 0x1F,
  0x83, 0xFC, 0x71, 0xC6, 0x0C, 0x71, 0xC7, 0xF8, 0x3F, 0x02, 0x00, 0x60, 0x07, 0xFC, 0x3F, 0xE6, 0x07, 0xE0, 0x7F, 0xFE, 0x3F, 0xC0, 0xC0, 0x30,
  0x0C, 0x03, 0x00, 0xC0, 0x33, 0xCD, 0xFB, 0x8E, 0xE1, 0xF0, 0x7C, 0x1F, 0x07, 0xC1, 0xF0, 0x7C, 0x1F, 0x07, 0x0E, 0x03, 0x80, 0xE0, 0x00, 0x00,
  0x3F, 0x8F, 0xE0, 0x38, 0x0E, 0x03, 0x80, 0xE0, 0x38, 0x0E, 0x03, 0x8F, 0xFF, 0xFF, 0x07, 0x0F, 0x07, 0x00, 0x00, 0xFF, 0xFF, 0x07, 0x07, 0x07,
  0x07, 0x07, 0x07, 0x07, 0x07, 0x07, 0x07, 0x07, 0xFE, 0xFC, 0xE0, 0x38, 0x0E, 0x03, 0x80, 0xE0, 0x38, 0x7E, 0x3B, 0x9C, 0xEE, 0x3F, 0x0F, 0xE3,
  0xB8, 0xE7, 0x38, 0xEE, 0x3F, 0x87, 0xFC, 0x3F, 0x01, 0xC0, 0x70, 0x1C, 0x07, 0x01, 0xC0, 0x70, 0x1C, 0x07, 0x01, 0xC0, 0x70, 0x1C, 0x07, 0x0F,
  0xFF, 0xFF, 0xDC, 0xDF, 0xBF, 0x39, 0xE7, 0x3C, 0xE7, 0x9C, 0xF3, 0x9E, 0x73, 0xCE, 0x79, 0xCF, 0x39, 0x80, 0xCF, 0x37, 0xEE, 0x3B, 0x87, 0xC1,
  0xF0, 0x7C, 0x1F, 0x07, 0xC1, 0xF0, 0x7C, 0x1C, 0x1F, 0x07, 0xF9, 0xC7, 0x70, 0x7E, 0x0F, 0xC1, 0xF8, 0x3F, 0x07, 0x71, 0xC7, 0xF8, 0x7C, 0x00,
  0xCF, 0x37, 0xEE, 0x3F, 0x07, 0xC1, 0xF0, 0x7C, 0x1F, 0x07, 0xE3, 0xF7, 0xEC, 0xF3, 0x00, 0xC0, 0x30, 0x0C, 0x00, 0x3C, 0xEF, 0xDD, 0xC7, 0xF0,
  0x7E, 0x0F, 0xC1, 0xF8, 0x3F, 0x07, 0x71, 0xEF, 0xDC, 0xF3, 0x80, 0x70, 0x0E, 0x01, 0xC0, 0x38, 0xF9, 0xFE, 0xF3, 0x80, 0xE0, 0x38, 0x0E, 0x03,
  0x80, 0xE0, 0x38, 0x3F, 0xEF, 0xF8, 0x3F, 0x1F, 0xEE, 0x1B, 0x80, 0xFE, 0x1F, 0xE0, 0xFC, 0x07, 0xC3, 0xBF, 0xE3, 0xE0, 0x1C, 0x03, 0x80, 0x70,
  0x0E, 0x0F, 0xFF, 0xFF, 0xC7, 0x00, 0xE0, 0x1C, 0x03, 0x80, 0x70, 0x0E, 0x01, 0xC0, 0x1F, 0xC1, 0xF8, 0xC1, 0xF0, 0x7C, 0x1F, 0x07, 0xC1, 0xF0,
  0x7C, 0x1F, 0x07, 0xE3, 0xFF, 0xF7, 0x9C, 0xE0, 0xFC, 0x1D, 0xC3, 0x38, 0xE3, 0x1C, 0x73, 0x0E, 0xE0, 0xDC, 0x1F, 0x03, 0xE0, 0x38, 0x00, 0xE7,
  0x1B, 0x39, 0xD9, 0xCE, 0xCF, 0x66, 0x5B, 0x36, 0xD9, 0xB6, 0xCD, 0xB6, 0x7C, 0xF1, 0xC7, 0x8E, 0x3C, 0xF0, 0xEE, 0x38, 0xEE, 0x0F, 0xC1, 0xF0,
  0x1C, 0x07, 0xC1, 0xDC, 0x3B, 0xCE, 0x3B, 0x83, 0x80, 0xE0, 0x7C, 0x1D, 0xC3, 0x38, 0xE3, 0x1C, 0x73, 0x0E, 0xE0, 0xF8, 0x1F, 0x01, 0xE0, 0x38,
  0x07, 0x00, 0xC0, 0xF8, 0x1E, 0x00, 0xFF, 0xBF, 0xE0, 0x38, 0x1C, 0x0E, 0x07, 0x03, 0x81, 0xC0, 0xE0, 0x3F, 0xFF, 0xFC, 0x0F, 0x8F, 0xC6, 0x03,
  0x01, 0x80, 0xE0, 0x38, 0x0C, 0x0E, 0x7E, 0x3F, 0x01, 0xC0, 0x60, 0x70, 0x70, 0x30, 0x18, 0x0C, 0x07, 0xE1, 0xF0, 0xFF, 0xFF, 0xFF, 0xFF, 0xFF,
  0xFF, 0xFF, 0xF0, 0xFC, 0x7E, 0x03, 0x81, 0x80, 0xC0, 0xE0, 0x60, 0x70, 0x18, 0x0F, 0xC7, 0xE3, 0x03, 0x80, 0xC0, 0x70, 0x18, 0x0C, 0x07, 0x3F,
  0x1F, 0x80, 0x38, 0x6F, 0x8F, 0xBB, 0xE3, 0xEC, 0x38,
};
const GFXglyph PlexIdM_Glyphs[] PROGMEM = {
  {0, 0, 0, 13, 0, 0},  // 0x20 ' '
  {0, 4, 15, 13, 5, -15},  // 0x21 '!'
  {8, 7, 7, 13, 3, -16},  // 0x22 '"'
  {15, 13, 15, 13, 0, -15},  // 0x23 '#'
  {40, 11, 19, 13, 1, -17},  // 0x24 '$'
  {67, 13, 15, 13, 0, -15},  // 0x25 '%'
  {92, 13, 15, 13, 0, -15},  // 0x26 '&'
  {117, 3, 7, 13, 5, -16},  // 0x27 "'"
  {120, 7, 20, 13, 4, -17},  // 0x28 '('
  {138, 7, 20, 13, 2, -17},  // 0x29 ')'
  {156, 11, 11, 13, 1, -12},  // 0x2A '*'
  {172, 11, 10, 13, 1, -12},  // 0x2B '+'
  {186, 5, 7, 13, 4, -4},  // 0x2C ','
  {191, 7, 2, 13, 3, -8},  // 0x2D '-'
  {193, 4, 4, 13, 5, -4},  // 0x2E '.'
  {195, 9, 20, 13, 2, -17},  // 0x2F '/'
  {218, 11, 15, 13, 1, -15},  // 0x30 '0'
  {239, 12, 15, 13, 1, -15},  // 0x31 '1'
  {262, 11, 15, 13, 1, -15},  // 0x32 '2'
  {283, 11, 15, 13, 1, -15},  // 0x33 '3'
  {304, 12, 15, 13, 1, -15},  // 0x34 '4'
  {327, 11, 15, 13, 1, -15},  // 0x35 '5'
  {348, 11, 15, 13, 1, -15},  // 0x36 '6'
  {369, 11, 15, 13, 1, -15},  // 0x37 '7'
  {390, 11, 15, 13, 1, -15},  // 0x38 '8'
  {411, 11, 15, 13, 1, -15},  // 0x39 '9'
  {432, 4, 12, 13, 5, -12},  // 0x3A ':'
  {438, 5, 15, 13, 4, -12},  // 0x3B ';'
  {448, 9, 13, 13, 2, -13},  // 0x3C '<'
  {463, 11, 7, 13, 1, -10},  // 0x3D '='
  {473, 9, 13, 13, 2, -13},  // 0x3E '>'
  {488, 9, 15, 13, 2, -15},  // 0x3F '?'
  {505, 11, 17, 13, 1, -15},  // 0x40 '@'
  {529, 13, 15, 13, 0, -15},  // 0x41 'A'
  {554, 10, 15, 13, 2, -15},  // 0x42 'B'
  {573, 11, 15, 13, 1, -15},  // 0x43 'C'
  {594, 10, 15, 13, 2, -15},  // 0x44 'D'
  {613, 10, 15, 13, 2, -15},  // 0x45 'E'
  {632, 10, 15, 13, 2, -15},  // 0x46 'F'
  {651, 11, 15, 13, 1, -15},  // 0x47 'G'
  {672, 11, 15, 13, 1, -15},  // 0x48 'H'
  {693, 9, 15, 13, 2, -15},  // 0x49 'I'
  {710, 10, 15, 13, 1, -15},  // 0x4A 'J'
  {729, 11, 15, 13, 2, -15},  // 0x4B 'K'
  {750, 10, 15, 13, 2, -15},  // 0x4C 'L'
  {769, 11, 15, 13, 1, -15},  // 0x4D 'M'
  {790, 11, 15, 13, 1, -15},  // 0x4E 'N'
  {811, 11, 15, 13, 1, -15},  // 0x4F 'O'
  {832, 10, 15, 13, 2, -15},  // 0x50 'P'
  {851, 11, 19, 13, 1, -15},  // 0x51 'Q'
  {878, 10, 15, 13, 2, -15},  // 0x52 'R'
  {897, 11, 15, 13, 1, -15},  // 0x53 'S'
  {918, 12, 15, 13, 1, -15},  // 0x54 'T'
  {941, 11, 15, 13, 1, -15},  // 0x55 'U'
  {962, 12, 15, 13, 1, -15},  // 0x56 'V'
  {985, 13, 15, 13, 0, -15},  // 0x57 'W'
  {1010, 12, 15, 13, 1, -15},  // 0x58 'X'
  {1033, 13, 15, 13, 0, -15},  // 0x59 'Y'
  {1058, 11, 15, 13, 1, -15},  // 0x5A 'Z'
  {1079, 7, 20, 13, 4, -17},  // 0x5B '['
  {1097, 9, 20, 13, 2, -17},  // 0x5C '\\'
  {1120, 7, 20, 13, 2, -17},  // 0x5D ']'
  {1138, 11, 10, 13, 1, -15},  // 0x5E '^'
  {1152, 11, 2, 13, 1, 2},  // 0x5F '_'
  {1155, 4, 5, 13, 4, -18},  // 0x60 '`'
  {1158, 11, 11, 13, 1, -11},  // 0x61 'a'
  {1174, 10, 16, 13, 2, -16},  // 0x62 'b'
  {1194, 10, 11, 13, 1, -11},  // 0x63 'c'
  {1208, 11, 16, 13, 1, -16},  // 0x64 'd'
  {1230, 11, 11, 13, 1, -11},  // 0x65 'e'
  {1246, 11, 16, 13, 1, -16},  // 0x66 'f'
  {1268, 12, 17, 13, 1, -13},  // 0x67 'g'
  {1294, 10, 16, 13, 2, -16},  // 0x68 'h'
  {1314, 10, 16, 13, 2, -16},  // 0x69 'i'
  {1334, 8, 20, 13, 2, -16},  // 0x6A 'j'
  {1354, 10, 16, 13, 2, -16},  // 0x6B 'k'
  {1374, 10, 16, 13, 2, -16},  // 0x6C 'l'
  {1394, 11, 11, 13, 1, -11},  // 0x6D 'm'
  {1410, 10, 11, 13, 2, -11},  // 0x6E 'n'
  {1424, 11, 11, 13, 1, -11},  // 0x6F 'o'
  {1440, 10, 15, 13, 2, -11},  // 0x70 'p'
  {1459, 11, 15, 13, 1, -11},  // 0x71 'q'
  {1480, 10, 11, 13, 2, -11},  // 0x72 'r'
  {1494, 10, 11, 13, 2, -11},  // 0x73 's'
  {1508, 11, 15, 13, 1, -15},  // 0x74 't'
  {1529, 10, 11, 13, 2, -11},  // 0x75 'u'
  {1543, 11, 11, 13, 1, -11},  // 0x76 'v'
  {1559, 13, 11, 13, 0, -11},  // 0x77 'w'
  {1577, 11, 11, 13, 1, -11},  // 0x78 'x'
  {1593, 11, 15, 13, 1, -11},  // 0x79 'y'
  {1614, 10, 11, 13, 2, -11},  // 0x7A 'z'
  {1628, 9, 20, 13, 2, -17},  // 0x7B '{'
  {1651, 3, 20, 13, 5, -17},  // 0x7C '|'
  {1659, 9, 20, 13, 2, -17},  // 0x7D '}'
  {1682, 11, 5, 13, 1, -9},  // 0x7E '~'
};
const GFXfont PlexIdM PROGMEM = {(uint8_t*)PlexIdM_Bitmaps, (GFXglyph*)PlexIdM_Glyphs, 0x20, 0x7E, 30};

const uint8_t PlexIdS_Bitmaps[] PROGMEM = {
  0x6D, 0xB6, 0x90, 0x7D, 0x80, 0xCE, 0x73, 0x9C, 0x80, 0x1B, 0x0D, 0x86, 0xCE, 0x77, 0x39, 0xB3, 0xDF, 0xEF, 0x36, 0x12, 0x09, 0x00, 0x18, 0x18,
  0x3C, 0xFE, 0xDA, 0xD8, 0xF8, 0x7E, 0x1F, 0x1B, 0xDB, 0xFE, 0x7C, 0x18, 0x18, 0x70, 0xFC, 0xF6, 0xDB, 0x4F, 0x83, 0x98, 0x1E, 0x69, 0x24, 0xB3,
  0xF0, 0xC0, 0x3C, 0x3F, 0x19, 0x8C, 0x03, 0x1B, 0xDD, 0xFD, 0x9E, 0xE7, 0x3F, 0x8E, 0x60, 0xFF, 0xC0, 0x19, 0x98, 0x8C, 0x63, 0x18, 0xC6, 0x10,
  0xC3, 0x0C, 0xC3, 0x08, 0x61, 0x0C, 0x63, 0x18, 0x8C, 0x46, 0x60, 0x18, 0x18, 0x9B, 0xFF, 0x3C, 0x3C, 0x6E, 0x44, 0x18, 0x18, 0x18, 0xFF, 0xFF,
  0x18, 0x18, 0x18, 0x6F, 0x6C, 0xFF, 0xC0, 0x7D, 0x80, 0x06, 0x0C, 0x10, 0x60, 0xC3, 0x06, 0x0C, 0x30, 0x60, 0x83, 0x06, 0x18, 0x00, 0x3C, 0x7E,
  0xC7, 0xC3, 0xC3, 0xDB, 0xDB, 0xC3, 0xC7, 0x7E, 0x3C, 0x3C, 0x7C, 0xFC, 0xCC, 0xCC, 0x0C, 0x0C, 0x0C, 0x0C, 0xFF, 0xFF, 0x3C, 0x7E, 0xC6, 0x06,
  0x06, 0x0E, 0x1C, 0x38, 0x60, 0xFF, 0xFF, 0x3C, 0xFE, 0xC6, 0x06, 0x3C, 0x3E, 0x06, 0x07, 0xC7, 0xFE, 0x7C, 0x07, 0x07, 0x87, 0xC3, 0x63, 0x31,
  0x19, 0x0D, 0xFF, 0xFF, 0x81, 0x80, 0xC0, 0x7E, 0xFE, 0xC0, 0xDC, 0xFE, 0xC7, 0x03, 0x03, 0xC7, 0xFE, 0x3C, 0x1C, 0x30, 0x60, 0x7C, 0xFE, 0xE7,
  0xC3, 0xC3, 0xE7, 0x7E, 0x3C, 0xFF, 0xFF, 0xC6, 0xC6, 0x06, 0x0C, 0x0C, 0x18, 0x18, 0x38, 0x30, 0x7C, 0xFE, 0xC7, 0xC6, 0x7C, 0x7E, 0xC7, 0xC3,
  0xC7, 0xFE, 0x3C, 0x3C, 0x7E, 0xC7, 0xC3, 0xC3, 0xC7, 0xFE, 0x7E, 0x0C, 0x1C, 0x30, 0x7D, 0x80, 0x1F, 0x60, 0x7D, 0x80, 0x1B, 0xDB, 0x00, 0x02,
  0x1C, 0xF3, 0x8E, 0x0E, 0x0F, 0x07, 0x02, 0xFF, 0xFF, 0x00, 0x00, 0xFF, 0xFF, 0x81, 0xC0, 0xE0, 0x70, 0x61, 0xCE, 0x70, 0x80, 0x3C, 0xFF, 0x18,
  0x30, 0xE7, 0x0C, 0x00, 0x38, 0x70, 0xE0, 0x3C, 0x7E, 0xC2, 0xDF, 0x9F, 0x93, 0x93, 0x93, 0x9F, 0xDF, 0xE0, 0x7C, 0x3C, 0x1C, 0x0F, 0x07, 0x86,
  0xC3, 0x71, 0x99, 0xCC, 0xFE, 0x7F, 0xB0, 0xF8, 0x60, 0xFC, 0xFE, 0xC6, 0xC6, 0xFC, 0xFE, 0xC7, 0xC3, 0xC7, 0xFE, 0xFC, 0x3C, 0x7E, 0xE7, 0xC2,
  0xC0, 0xC0, 0xC0, 0xC2, 0xE7, 0x7E, 0x3C, 0xFC, 0xFE, 0xC6, 0xC3, 0xC3, 0xC3, 0xC3, 0xC3, 0xC6, 0xFE, 0xFC, 0xFF, 0xFF, 0x06, 0x0F, 0xFF, 0xF0,
  0x60, 0xC1, 0xFF, 0xF8, 0xFF, 0xFF, 0xC0, 0xC0, 0xFE, 0xFE, 0xC0, 0xC0, 0xC0, 0xC0, 0xC0, 0x3C, 0x7E, 0xE6, 0xC2, 0xC0, 0xCF, 0xCF, 0xC3, 0xE7,
  0x7F, 0x7B, 0xC7, 0xC7, 0xC7, 0xC7, 0xFF, 0xFF, 0xC7, 0xC7, 0xC7, 0xC7, 0xC7, 0xFF, 0xFC, 0x60, 0xC1, 0x83, 0x06, 0x0C, 0x19, 0xFF, 0xF8, 0x7E,
  0xFC, 0x18, 0x30, 0x60, 0xC1, 0x83, 0xC6, 0xFC, 0xE0, 0xC3, 0xC6, 0xCC, 0xDC, 0xF8, 0xF8, 0xFC, 0xCE, 0xC6, 0xC7, 0xC3, 0xC1, 0x83, 0x06, 0x0C,
  0x18, 0x30, 0x60, 0xC1, 0xFF, 0xF8, 0xC7, 0xE7, 0xEF, 0xFF, 0xFB, 0xDB, 0xD3, 0xC3, 0xC3, 0xC3, 0xC3, 0xE3, 0xE3, 0xF3, 0xF3, 0xD3, 0xDB, 0xDB,
  0xCF, 0xCF, 0xCF, 0xC7, 0x3C, 0x7E, 0xE7, 0xC3, 0xC3, 0xC3, 0xC3, 0xC3, 0xE7, 0x7E, 0x3C, 0xFC, 0xFE, 0xC7, 0xC3, 0xC7, 0xFE, 0xFC, 0xC0, 0xC0,
  0xC0, 0xC0, 0x3C, 0x7E, 0xE7, 0xC3, 0xC3, 0xC3, 0xC3, 0xC3, 0xE7, 0x7E, 0x3C, 0x18, 0x1E, 0x0E, 0xFC, 0xFE, 0xC7, 0xC3, 0xC7, 0xFE, 0xFC, 0xCC,
  0xCE, 0xC6, 0xC7, 0x3C, 0xFE, 0xC2, 0xC0, 0xF8, 0x7E, 0x0F, 0x03, 0xC7, 0xFE, 0x7C, 0xFF, 0xFF, 0xC3, 0x01, 0x80, 0xC0, 0x60, 0x30, 0x18, 0x0C,
  0x06, 0x03, 0x00, 0xC3, 0xC3, 0xC3, 0xC3, 0xC3, 0xC3, 0xC3, 0xC7, 0xE6, 0x7E, 0x7C, 0xE1, 0xB0, 0xD8, 0x6C, 0x63, 0x31, 0x98, 0xDC, 0x6C, 0x1E,
  0x0F, 0x07, 0x00, 0xC0, 0xE0, 0xF0, 0x69, 0xB4, 0xDA, 0xED, 0x76, 0xEF, 0x77, 0xB9, 0xDC, 0xE0, 0xC3, 0xE6, 0x66, 0x7C, 0x3C, 0x38, 0x3C, 0x6C,
  0x66, 0xC7, 0xC3, 0xE1, 0xB1, 0xDC, 0xC6, 0x63, 0xE0, 0xF0, 0x70, 0x18, 0x0C, 0x06, 0x03, 0x00, 0xFF, 0xFF, 0x06, 0x0E, 0x1C, 0x38, 0x30, 0x60,
  0xC0, 0xFF, 0xFF, 0xFF, 0xF1, 0x8C, 0x63, 0x18, 0xC6, 0x31, 0x8F, 0xFC, 0xC0, 0xC1, 0x81, 0x03, 0x06, 0x06, 0x0C, 0x18, 0x18, 0x30, 0x20, 0x60,
  0xC0, 0xFF, 0xC2, 0x10, 0x84, 0x21, 0x08, 0x42, 0x1F, 0xFC, 0x38, 0x3C, 0x6C, 0x66, 0xC6, 0xC3, 0x83, 0xFF, 0xFF, 0xF4, 0x3C, 0x7E, 0x46, 0x7E,
  0xC6, 0xC6, 0xFF, 0x73, 0xC0, 0xC0, 0xC0, 0xC0, 0xDC, 0xFE, 0xC7, 0xC3, 0xC3, 0xC7, 0xFE, 0xDC, 0x3C, 0xFF, 0x9E, 0x0C, 0x1C, 0xDF, 0x9E, 0x07,
  0x07, 0x07, 0x07, 0x77, 0xFF, 0xC7, 0xC7, 0xC7, 0xC7, 0xFF, 0x77, 0x3C, 0x7E, 0xC7, 0xFF, 0xC0, 0xE2, 0x7E, 0x3C, 0x0F, 0x1F, 0x18, 0x18, 0xFF,
  0xFF, 0x18, 0x18, 0x18, 0x18, 0xFE, 0xFE, 0x03, 0x07, 0x3C, 0x7E, 0xC6, 0xFE, 0x7C, 0x40, 0xFE, 0x7F, 0xC3, 0xFF, 0x7E, 0xC1, 0x83, 0x06, 0x0D,
  0xDF, 0xF9, 0xE3, 0xC7, 0x8F, 0x1E, 0x30, 0x30, 0x60, 0x07, 0x8F, 0x06, 0x0C, 0x18, 0x31, 0xFF, 0xF8, 0x0C, 0x30, 0x3F, 0xFC, 0x30, 0xC3, 0x0C,
  0x30, 0xC3, 0x7D, 0xE0, 0xC0, 0xC0, 0xC0, 0xC0, 0xC6, 0xCC, 0xD8, 0xF8, 0xFC, 0xCC, 0xC6, 0xC3, 0xF9, 0xF0, 0x60, 0xC1, 0x83, 0x06, 0x0C, 0x18,
  0x33, 0xFF, 0xF0, 0xB6, 0xFF, 0x9B, 0x9B, 0x9B, 0x9B, 0x9B, 0x9B, 0xDD, 0xFF, 0x9E, 0x3C, 0x78, 0xF1, 0xE3, 0x3C, 0x7E, 0xC7, 0xC3, 0xC3, 0xC7,
  0x7E, 0x3C, 0xDC, 0xFE, 0xC7, 0xC3, 0xC3, 0xC7, 0xFE, 0xDC, 0xC0, 0xC0, 0xC0, 0x77, 0xFF, 0xC7, 0xC7, 0xC7, 0xC7, 0xFF, 0x77, 0x07, 0x07, 0x07,
  0xF3, 0xF7, 0x38, 0x30, 0x30, 0x30, 0xFE, 0xFE, 0x3C, 0xFF, 0x83, 0xE7, 0xE0, 0xFF, 0xBE, 0x30, 0x60, 0xC7, 0xFF, 0xE6, 0x0C, 0x18, 0x30, 0x7C,
  0x78, 0xC7, 0x8F, 0x1E, 0x3C, 0x7C, 0xFF, 0xBB, 0xC3, 0xC6, 0x66, 0x66, 0x6C, 0x3C, 0x3C, 0x38, 0xCC, 0xE6, 0x53, 0x6B, 0xB5, 0x5A, 0xBD, 0xCE,
  0xE6, 0xC6, 0x66, 0x3C, 0x38, 0x38, 0x7C, 0x66, 0xC7, 0xC3, 0xC7, 0x66, 0x66, 0x6C, 0x3C, 0x38, 0x18, 0x38, 0xF0, 0xE0, 0xFF, 0xFC, 0x38, 0xE3,
  0x0C, 0x3F, 0xFF, 0x3D, 0xF6, 0x08, 0x10, 0x4F, 0x3C, 0x10, 0x42, 0x18, 0x7C, 0xF0, 0xFF, 0xFF, 0xFF, 0xF0, 0xF3, 0xC1, 0x0C, 0x21, 0x83, 0xCF,
  0x60, 0x83, 0x04, 0xF3, 0xC0, 0x73, 0xFB, 0xDE, 0x8E,
};
const GFXglyph PlexIdS_Glyphs[] PROGMEM = {
  {0, 0, 0, 10, 0, 0},  // 0x20 ' '
  {0, 3, 11, 10, 3, -11},  // 0x21 '!'
  {5, 5, 5, 10, 2, -12},  // 0x22 '"'
  {9, 9, 11, 10, 0, -11},  // 0x23 '#'
  {22, 8, 15, 10, 1, -13},  // 0x24 '$'
  {37, 9, 11, 10, 0, -11},  // 0x25 '%'
  {50, 9, 11, 10, 0, -11},  // 0x26 '&'
  {63, 2, 5, 10, 4, -12},  // 0x27 "'"
  {65, 5, 14, 10, 3, -12},  // 0x28 '('
  {74, 5, 14, 10, 2, -12},  // 0x29 ')'
  {83, 8, 8, 10, 1, -9},  // 0x2A '*'
  {91, 8, 8, 10, 1, -9},  // 0x2B '+'
  {99, 3, 5, 10, 3, -3},  // 0x2C ','
  {101, 5, 2, 10, 2, -6},  // 0x2D '-'
  {103, 3, 3, 10, 3, -3},  // 0x2E '.'
  {105, 7, 14, 10, 1, -12},  // 0x2F '/'
  {118, 8, 11, 10, 1, -11},  // 0x30 '0'
  {129, 8, 11, 10, 1, -11},  // 0x31 '1'
  {140, 8, 11, 10, 1, -11},  // 0x32 '2'
  {151, 8, 11, 10, 1, -11},  // 0x33 '3'
  {162, 9, 11, 10, 0, -11},  // 0x34 '4'
  {175, 8, 11, 10, 1, -11},  // 0x35 '5'
  {186, 8, 11, 10, 1, -11},  // 0x36 '6'
  {197, 8, 11, 10, 1, -11},  // 0x37 '7'
  {208, 8, 11, 10, 1, -11},  // 0x38 '8'
  {219, 8, 11, 10, 1, -11},  // 0x39 '9'
  {230, 3, 9, 10, 3, -9},  // 0x3A ':'
  {234, 3, 11, 10, 3, -9},  // 0x3B ';'
  {239, 7, 9, 10, 1, -9},  // 0x3C '<'
  {247, 8, 6, 10, 1, -8},  // 0x3D '='
  {253, 7, 9, 10, 1, -9},  // 0x3E '>'
  {261, 7, 11, 10, 1, -11},  // 0x3F '?'
  {271, 8, 13, 10, 1, -11},  // 0x40 '@'
  {284, 9, 11, 10, 0, -11},  // 0x41 'A'
  {297, 8, 11, 10, 1, -11},  // 0x42 'B'
  {308, 8, 11, 10, 1, -11},  // 0x43 'C'
  {319, 8, 11, 10, 1, -11},  // 0x44 'D'
  {330, 7, 11, 10, 1, -11},  // 0x45 'E'
  {340, 8, 11, 10, 1, -11},  // 0x46 'F'
  {351, 8, 11, 10, 1, -11},  // 0x47 'G'
  {362, 8, 11, 10, 1, -11},  // 0x48 'H'
  {373, 7, 11, 10, 1, -11},  // 0x49 'I'
  {383, 7, 11, 10, 1, -11},  // 0x4A 'J'
  {393, 8, 11, 10, 1, -11},  // 0x4B 'K'
  {404, 7, 11, 10, 2, -11},  // 0x4C 'L'
  {414, 8, 11, 10, 1, -11},  // 0x4D 'M'
  {425, 8, 11, 10, 1, -11},  // 0x4E 'N'
  {436, 8, 11, 10, 1, -11},  // 0x4F 'O'
  {447, 8, 11, 10, 1, -11},  // 0x50 'P'
  {458, 8, 14, 10, 1, -11},  // 0x51 'Q'
  {472, 8, 11, 10, 1, -11},  // 0x52 'R'
  {483, 8, 11, 10, 1, -11},  // 0x53 'S'
  {494, 9, 11, 10, 0, -11},  // 0x54 'T'
  {507, 8, 11, 10, 1, -11},  // 0x55 'U'
  {518, 9, 11, 10, 0, -11},  // 0x56 'V'
  {531, 9, 11, 10, 0, -11},  // 0x57 'W'
  {544, 8, 11, 10, 1, -11},  // 0x58 'X'
  {555, 9, 11, 10, 0, -11},  // 0x59 'Y'
  {568, 8, 11, 10, 1, -11},  // 0x5A 'Z'
  {579, 5, 14, 10, 3, -12},  // 0x5B '['
  {588, 7, 14, 10, 1, -12},  // 0x5C '\\'
  {601, 5, 14, 10, 1, -12},  // 0x5D ']'
  {610, 8, 7, 10, 1, -11},  // 0x5E '^'
  {617, 8, 2, 10, 1, 1},  // 0x5F '_'
  {619, 2, 3, 10, 3, -12},  // 0x60 '`'
  {620, 8, 8, 10, 1, -8},  // 0x61 'a'
  {628, 8, 12, 10, 1, -12},  // 0x62 'b'
  {640, 7, 8, 10, 1, -8},  // 0x63 'c'
  {647, 8, 12, 10, 1, -12},  // 0x64 'd'
  {659, 8, 8, 10, 1, -8},  // 0x65 'e'
  {667, 8, 12, 10, 1, -12},  // 0x66 'f'
  {679, 8, 13, 10, 1, -10},  // 0x67 'g'
  {692, 7, 12, 10, 1, -12},  // 0x68 'h'
  {703, 7, 11, 10, 2, -11},  // 0x69 'i'
  {713, 6, 14, 10, 1, -11},  // 0x6A 'j'
  {724, 8, 12, 10, 1, -12},  // 0x6B 'k'
  {736, 7, 12, 10, 1, -12},  // 0x6C 'l'
  {747, 8, 8, 10, 1, -8},  // 0x6D 'm'
  {755, 7, 8, 10, 1, -8},  // 0x6E 'n'
  {762, 8, 8, 10, 1, -8},  // 0x6F 'o'
  {770, 8, 11, 10, 1, -8},  // 0x70 'p'
  {781, 8, 11, 10, 1, -8},  // 0x71 'q'
  {792, 8, 8, 10, 1, -8},  // 0x72 'r'
  {800, 7, 8, 10, 1, -8},  // 0x73 's'
  {807, 7, 11, 10, 1, -11},  // 0x74 't'
  {817, 7, 8, 10, 1, -8},  // 0x75 'u'
  {824, 8, 8, 10, 1, -8},  // 0x76 'v'
  {832, 9, 8, 10, 0, -8},  // 0x77 'w'
  {841, 8, 8, 10, 1, -8},  // 0x78 'x'
  {849, 8, 11, 10, 1, -8},  // 0x79 'y'
  {860, 7, 8, 10, 1, -8},  // 0x7A 'z'
  {867, 6, 14, 10, 2, -12},  // 0x7B '{'
  {878, 2, 14, 10, 4, -12},  // 0x7C '|'
  {882, 6, 14, 10, 2, -12},  // 0x7D '}'
  {893, 8, 4, 10, 1, -7},  // 0x7E '~'
};
const GFXfont PlexIdS PROGMEM = {(uint8_t*)PlexIdS_Bitmaps, (GFXglyph*)PlexIdS_Glyphs, 0x20, 0x7E, 22};

#endif
