solid OpenSCAD_Model
  facet normal 0 0 1
    outer loop
      vertex -38.1470476127563 -57.885185434277325 4.5
      vertex -37.82528091751033 -59.514702397365404 4.5
      vertex -37.82631548055013 -57.82138784656547 4.5
    endloop
  endfacet
  facet normal 0 0 1
    outer loop
      vertex -38.1470476127563 -57.885185434277325 4.5
      vertex -38.456708580912725 -57.99030116872178 4.5
      vertex -38.101040764008566 -59.69895923599143 4.5
    endloop
  endfacet
  facet normal 0 0 1
    outer loop
      vertex -37.82631548055013 -57.82138784656547 4.5
      vertex -37.61094726338705 -59.45727186783226 4.5
      vertex -37.5 -57.8 4.5
    endloop
  endfacet
  facet normal 0 0 1
    outer loop
      vertex -37.5 -57.8 4.5
      vertex -37.38905273661295 -59.45727186783226 4.5
      vertex -37.17368451944987 -57.82138784656547 4.5
    endloop
  endfacet
  facet normal 0 0 1
    outer loop
      vertex -37.82631548055013 -57.82138784656547 4.5
      vertex -37.82528091751033 -59.514702397365404 4.5
      vertex -37.71999618833714 -59.47896304765429 4.5
    endloop
  endfacet
  facet normal 0 0 1
    outer loop
      vertex -37.82631548055013 -57.82138784656547 4.5
      vertex -37.71999618833714 -59.47896304765429 4.5
      vertex -37.61094726338705 -59.45727186783226 4.5
    endloop
  endfacet
  facet normal 0 0 1
    outer loop
      vertex -37.5 -57.8 4.5
      vertex -37.61094726338705 -59.45727186783226 4.5
      vertex -37.5 -59.449999999999996 4.5
    endloop
  endfacet
  facet normal 0 0 1
    outer loop
      vertex -37.5 -57.8 4.5
      vertex -37.5 -59.449999999999996 4.5
      vertex -37.38905273661295 -59.45727186783226 4.5
    endloop
  endfacet
  facet normal 0 0 1
    outer loop
      vertex -37.17368451944987 -57.82138784656547 4.5
      vertex -37.38905273661295 -59.45727186783226 4.5
      vertex -37.28000381166286 -59.47896304765429 4.5
    endloop
  endfacet
  facet normal 0 0 1
    outer loop
      vertex -37.17368451944987 -57.82138784656547 4.5
      vertex -37.17471908248967 -59.514702397365404 4.5
      vertex -37.075 -59.563878406783225 4.5
    endloop
  endfacet
  facet normal 0 0 1
    outer loop
      vertex -37.17368451944987 -57.82138784656547 4.5
      vertex -37.28000381166286 -59.47896304765429 4.5
      vertex -37.17471908248967 -59.514702397365404 4.5
    endloop
  endfacet
  facet normal 0 0 1
    outer loop
      vertex -37.17368451944987 -57.82138784656547 4.5
      vertex -36.98255278534259 -59.625649660752444 4.5
      vertex -36.8529523872437 -57.885185434277325 4.5
    endloop
  endfacet
  facet normal 0 0 1
    outer loop
      vertex -36.8529523872437 -57.885185434277325 4.5
      vertex -36.71470239736541 -59.97471908248967 4.5
      vertex -36.543291419087275 -57.99030116872178 4.5
    endloop
  endfacet
  facet normal 0 0 1
    outer loop
      vertex -39.48338335072809 -58.7780964274782 4.5
      vertex -39.6650635094611 -59.05 4.5
      vertex -39.48338335072809 -61.8219035725218 4.5
    endloop
  endfacet
  facet normal 0 0 1
    outer loop
      vertex -39.48338335072809 -58.7780964274782 4.5
      vertex -39.26776695296637 -62.067766952966366 4.5
      vertex -39.26776695296637 -58.53223304703363 4.5
    endloop
  endfacet
  facet normal 0 0 1
    outer loop
      vertex -39.0219035725218 -58.31661664927191 4.5
      vertex -39.26776695296637 -58.53223304703363 4.5
      vertex -39.0219035725218 -62.28338335072809 4.5
    endloop
  endfacet
  facet normal 0 0 1
    outer loop
      vertex -39.0219035725218 -58.31661664927191 4.5
      vertex -38.75 -62.465063509461096 4.5
      vertex -38.75 -58.1349364905389 4.5
    endloop
  endfacet
  facet normal 0 0 1
    outer loop
      vertex -38.75 -58.1349364905389 4.5
      vertex -38.456708580912725 -62.609698831278216 4.5
      vertex -38.456708580912725 -57.99030116872178 4.5
    endloop
  endfacet
  facet normal 0 0 1
    outer loop
      vertex -39.91481456572267 -59.652952387243694 4.5
      vertex -39.978612153434526 -59.97368451944987 4.5
      vertex -39.91481456572267 -60.9470476127563 4.5
    endloop
  endfacet
  facet normal 0 0 1
    outer loop
      vertex -39.80969883127822 -59.34329141908727 4.5
      vertex -39.6650635094611 -61.55 4.5
      vertex -39.6650635094611 -59.05 4.5
    endloop
  endfacet
  facet normal 0 0 1
    outer loop
      vertex -39.80969883127822 -59.34329141908727 4.5
      vertex -39.91481456572267 -59.652952387243694 4.5
      vertex -39.80969883127822 -61.25670858091272 4.5
    endloop
  endfacet
  facet normal 0 0 1
    outer loop
      vertex -39.978612153434526 -59.97368451944987 4.5
      vertex -40 -60.3 4.5
      vertex -39.978612153434526 -60.626315480550126 4.5
    endloop
  endfacet
  facet normal 0 0 1
    outer loop
      vertex -39.978612153434526 -59.97368451944987 4.5
      vertex -39.978612153434526 -60.626315480550126 4.5
      vertex -39.91481456572267 -60.9470476127563 4.5
    endloop
  endfacet
  facet normal 0 0 1
    outer loop
      vertex -39.91481456572267 -59.652952387243694 4.5
      vertex -39.91481456572267 -60.9470476127563 4.5
      vertex -39.80969883127822 -61.25670858091272 4.5
    endloop
  endfacet
  facet normal 0 0 1
    outer loop
      vertex -39.80969883127822 -59.34329141908727 4.5
      vertex -39.80969883127822 -61.25670858091272 4.5
      vertex -39.6650635094611 -61.55 4.5
    endloop
  endfacet
  facet normal 0 0 1
    outer loop
      vertex -39.6650635094611 -59.05 4.5
      vertex -39.6650635094611 -61.55 4.5
      vertex -39.48338335072809 -61.8219035725218 4.5
    endloop
  endfacet
  facet normal 0 0 1
    outer loop
      vertex -39.48338335072809 -58.7780964274782 4.5
      vertex -39.48338335072809 -61.8219035725218 4.5
      vertex -39.26776695296637 -62.067766952966366 4.5
    endloop
  endfacet
  facet normal 0 0 1
    outer loop
      vertex -39.26776695296637 -58.53223304703363 4.5
      vertex -39.26776695296637 -62.067766952966366 4.5
      vertex -39.0219035725218 -62.28338335072809 4.5
    endloop
  endfacet
  facet normal 0 0 1
    outer loop
      vertex -39.0219035725218 -58.31661664927191 4.5
      vertex -39.0219035725218 -62.28338335072809 4.5
      vertex -38.75 -62.465063509461096 4.5
    endloop
  endfacet
  facet normal 0 0 1
    outer loop
      vertex -38.75 -58.1349364905389 4.5
      vertex -38.75 -62.465063509461096 4.5
      vertex -38.456708580912725 -62.609698831278216 4.5
    endloop
  endfacet
  facet normal 0 0 1
    outer loop
      vertex -38.456708580912725 -57.99030116872178 4.5
      vertex -38.17435033924755 -59.78255278534259 4.5
      vertex -38.101040764008566 -59.69895923599143 4.5
    endloop
  endfacet
  facet normal 0 0 1
    outer loop
      vertex -38.456708580912725 -57.99030116872178 4.5
      vertex -38.342728132167736 -60.18905273661295 4.5
      vertex -38.32103695234571 -60.080003811662856 4.5
    endloop
  endfacet
  facet normal 0 0 1
    outer loop
      vertex -38.456708580912725 -57.99030116872178 4.5
      vertex -38.28529760263459 -59.97471908248967 4.5
      vertex -38.23612159321677 -59.875 4.5
    endloop
  endfacet
  facet normal 0 0 1
    outer loop
      vertex -38.456708580912725 -57.99030116872178 4.5
      vertex -38.23612159321677 -59.875 4.5
      vertex -38.17435033924755 -59.78255278534259 4.5
    endloop
  endfacet
  facet normal 0 0 1
    outer loop
      vertex -38.456708580912725 -57.99030116872178 4.5
      vertex -38.32103695234571 -60.080003811662856 4.5
      vertex -38.28529760263459 -59.97471908248967 4.5
    endloop
  endfacet
  facet normal 0 0 1
    outer loop
      vertex -38.1470476127563 -57.885185434277325 4.5
      vertex -38.01744721465741 -59.625649660752444 4.5
      vertex -37.925 -59.563878406783225 4.5
    endloop
  endfacet
  facet normal 0 0 1
    outer loop
      vertex -38.1470476127563 -57.885185434277325 4.5
      vertex -38.101040764008566 -59.69895923599143 4.5
      vertex -38.01744721465741 -59.625649660752444 4.5
    endloop
  endfacet
  facet normal 0 0 1
    outer loop
      vertex -38.1470476127563 -57.885185434277325 4.5
      vertex -37.925 -59.563878406783225 4.5
      vertex -37.82528091751033 -59.514702397365404 4.5
    endloop
  endfacet
  facet normal 0 0 1
    outer loop
      vertex -38.456708580912725 -57.99030116872178 4.5
      vertex -38.35 -60.3 4.5
      vertex -38.342728132167736 -60.18905273661295 4.5
    endloop
  endfacet
  facet normal 0 0 1
    outer loop
      vertex -37.17368451944987 -57.82138784656547 4.5
      vertex -37.075 -59.563878406783225 4.5
      vertex -36.98255278534259 -59.625649660752444 4.5
    endloop
  endfacet
  facet normal 0 0 1
    outer loop
      vertex -38.456708580912725 -57.99030116872178 4.5
      vertex -38.456708580912725 -62.609698831278216 4.5
      vertex -38.35 -60.3 4.5
    endloop
  endfacet
  facet normal 0 0 1
    outer loop
      vertex -36.8529523872437 -57.885185434277325 4.5
      vertex -36.98255278534259 -59.625649660752444 4.5
      vertex -36.898959235991434 -59.69895923599143 4.5
    endloop
  endfacet
  facet normal 0 0 1
    outer loop
      vertex -36.8529523872437 -57.885185434277325 4.5
      vertex -36.898959235991434 -59.69895923599143 4.5
      vertex -36.82564966075245 -59.78255278534259 4.5
    endloop
  endfacet
  facet normal 0 0 1
    outer loop
      vertex -36.8529523872437 -57.885185434277325 4.5
      vertex -36.82564966075245 -59.78255278534259 4.5
      vertex -36.76387840678323 -59.875 4.5
    endloop
  endfacet
  facet normal 0 0 1
    outer loop
      vertex -36.8529523872437 -57.885185434277325 4.5
      vertex -36.76387840678323 -59.875 4.5
      vertex -36.71470239736541 -59.97471908248967 4.5
    endloop
  endfacet
  facet normal 0 0 1
    outer loop
      vertex -36.543291419087275 -57.99030116872178 4.5
      vertex -36.71470239736541 -59.97471908248967 4.5
      vertex -36.67896304765429 -60.080003811662856 4.5
    endloop
  endfacet
  facet normal 0 0 1
    outer loop
      vertex -36.543291419087275 -57.99030116872178 4.5
      vertex -36.67896304765429 -60.080003811662856 4.5
      vertex -36.657271867832264 -60.18905273661295 4.5
    endloop
  endfacet
  facet normal 0 0 1
    outer loop
      vertex -36.543291419087275 -57.99030116872178 4.5
      vertex -36.657271867832264 -60.18905273661295 4.5
      vertex -36.65 -60.3 4.5
    endloop
  endfacet
  facet normal 0 0 1
    outer loop
      vertex -36.543291419087275 -57.99030116872178 4.5
      vertex -36.25 -62.465063509461096 4.5
      vertex -36.25 -58.1349364905389 4.5
    endloop
  endfacet
  facet normal 0 0 1
    outer loop
      vertex -36.25 -58.1349364905389 4.5
      vertex -35.9780964274782 -62.28338335072809 4.5
      vertex -35.9780964274782 -58.31661664927191 4.5
    endloop
  endfacet
  facet normal 0 0 1
    outer loop
      vertex -35.9780964274782 -58.31661664927191 4.5
      vertex -35.73223304703363 -62.067766952966366 4.5
      vertex -35.73223304703363 -58.53223304703363 4.5
    endloop
  endfacet
  facet normal 0 0 1
    outer loop
      vertex -35.73223304703363 -58.53223304703363 4.5
      vertex -35.51661664927191 -61.8219035725218 4.5
      vertex -35.51661664927191 -58.7780964274782 4.5
    endloop
  endfacet
  facet normal 0 0 1
    outer loop
      vertex -36.543291419087275 -57.99030116872178 4.5
      vertex -36.65 -60.3 4.5
      vertex -36.543291419087275 -62.609698831278216 4.5
    endloop
  endfacet
  facet normal 0 0 1
    outer loop
      vertex -35.9780964274782 -58.31661664927191 4.5
      vertex -35.9780964274782 -62.28338335072809 4.5
      vertex -35.73223304703363 -62.067766952966366 4.5
    endloop
  endfacet
  facet normal 0 0 1
    outer loop
      vertex -35.73223304703363 -58.53223304703363 4.5
      vertex -35.73223304703363 -62.067766952966366 4.5
      vertex -35.51661664927191 -61.8219035725218 4.5
    endloop
  endfacet
  facet normal 0 0 1
    outer loop
      vertex -38.456708580912725 -62.609698831278216 4.5
      vertex -38.342728132167736 -60.410947263387044 4.5
      vertex -38.35 -60.3 4.5
    endloop
  endfacet
  facet normal 0 0 1
    outer loop
      vertex -38.456708580912725 -62.609698831278216 4.5
      vertex -38.32103695234571 -60.51999618833714 4.5
      vertex -38.342728132167736 -60.410947263387044 4.5
    endloop
  endfacet
  facet normal 0 0 1
    outer loop
      vertex -38.456708580912725 -62.609698831278216 4.5
      vertex -38.28529760263459 -60.625280917510324 4.5
      vertex -38.32103695234571 -60.51999618833714 4.5
    endloop
  endfacet
  facet normal 0 0 1
    outer loop
      vertex -38.1470476127563 -62.71481456572267 4.5
      vertex -38.23612159321677 -60.724999999999994 4.5
      vertex -38.28529760263459 -60.625280917510324 4.5
    endloop
  endfacet
  facet normal 0 0 1
    outer loop
      vertex -38.1470476127563 -62.71481456572267 4.5
      vertex -38.17435033924755 -60.817447214657406 4.5
      vertex -38.23612159321677 -60.724999999999994 4.5
    endloop
  endfacet
  facet normal 0 0 1
    outer loop
      vertex -38.1470476127563 -62.71481456572267 4.5
      vertex -38.101040764008566 -60.90104076400856 4.5
      vertex -38.17435033924755 -60.817447214657406 4.5
    endloop
  endfacet
  facet normal 0 0 1
    outer loop
      vertex -38.1470476127563 -62.71481456572267 4.5
      vertex -38.01744721465741 -60.97435033924755 4.5
      vertex -38.101040764008566 -60.90104076400856 4.5
    endloop
  endfacet
  facet normal 0 0 1
    outer loop
      vertex -37.82631548055013 -62.77861215343452 4.5
      vertex -37.925 -61.03612159321677 4.5
      vertex -38.01744721465741 -60.97435033924755 4.5
    endloop
  endfacet
  facet normal 0 0 1
    outer loop
      vertex -37.82631548055013 -62.77861215343452 4.5
      vertex -37.82528091751033 -61.08529760263459 4.5
      vertex -37.925 -61.03612159321677 4.5
    endloop
  endfacet
  facet normal 0 0 1
    outer loop
      vertex -37.82631548055013 -62.77861215343452 4.5
      vertex -37.71999618833714 -61.121036952345705 4.5
      vertex -37.82528091751033 -61.08529760263459 4.5
    endloop
  endfacet
  facet normal 0 0 1
    outer loop
      vertex -37.82631548055013 -62.77861215343452 4.5
      vertex -37.61094726338705 -61.14272813216773 4.5
      vertex -37.71999618833714 -61.121036952345705 4.5
    endloop
  endfacet
  facet normal 0 0 1
    outer loop
      vertex -37.5 -62.8 4.5
      vertex -37.5 -61.15 4.5
      vertex -37.61094726338705 -61.14272813216773 4.5
    endloop
  endfacet
  facet normal 0 0 1
    outer loop
      vertex -37.5 -62.8 4.5
      vertex -37.38905273661295 -61.14272813216773 4.5
      vertex -37.5 -61.15 4.5
    endloop
  endfacet
  facet normal 0 0 1
    outer loop
      vertex -37.17368451944987 -62.77861215343452 4.5
      vertex -37.17471908248967 -61.08529760263459 4.5
      vertex -37.28000381166286 -61.121036952345705 4.5
    endloop
  endfacet
  facet normal 0 0 1
    outer loop
      vertex -37.17368451944987 -62.77861215343452 4.5
      vertex -37.28000381166286 -61.121036952345705 4.5
      vertex -37.38905273661295 -61.14272813216773 4.5
    endloop
  endfacet
  facet normal 0 0 1
    outer loop
      vertex -38.456708580912725 -62.609698831278216 4.5
      vertex -38.1470476127563 -62.71481456572267 4.5
      vertex -38.28529760263459 -60.625280917510324 4.5
    endloop
  endfacet
  facet normal 0 0 1
    outer loop
      vertex -38.1470476127563 -62.71481456572267 4.5
      vertex -37.82631548055013 -62.77861215343452 4.5
      vertex -38.01744721465741 -60.97435033924755 4.5
    endloop
  endfacet
  facet normal 0 0 1
    outer loop
      vertex -37.82631548055013 -62.77861215343452 4.5
      vertex -37.5 -62.8 4.5
      vertex -37.61094726338705 -61.14272813216773 4.5
    endloop
  endfacet
  facet normal 0 0 1
    outer loop
      vertex -37.5 -62.8 4.5
      vertex -37.17368451944987 -62.77861215343452 4.5
      vertex -37.38905273661295 -61.14272813216773 4.5
    endloop
  endfacet
  facet normal 0 0 1
    outer loop
      vertex -36.543291419087275 -62.609698831278216 4.5
      vertex -36.76387840678323 -60.724999999999994 4.5
      vertex -36.82564966075245 -60.817447214657406 4.5
    endloop
  endfacet
  facet normal 0 0 1
    outer loop
      vertex -36.543291419087275 -62.609698831278216 4.5
      vertex -36.65 -60.3 4.5
      vertex -36.657271867832264 -60.410947263387044 4.5
    endloop
  endfacet
  facet normal 0 0 1
    outer loop
      vertex -36.543291419087275 -57.99030116872178 4.5
      vertex -36.543291419087275 -62.609698831278216 4.5
      vertex -36.25 -62.465063509461096 4.5
    endloop
  endfacet
  facet normal 0 0 1
    outer loop
      vertex -36.543291419087275 -62.609698831278216 4.5
      vertex -36.67896304765429 -60.51999618833714 4.5
      vertex -36.71470239736541 -60.625280917510324 4.5
    endloop
  endfacet
  facet normal 0 0 1
    outer loop
      vertex -36.543291419087275 -62.609698831278216 4.5
      vertex -36.657271867832264 -60.410947263387044 4.5
      vertex -36.67896304765429 -60.51999618833714 4.5
    endloop
  endfacet
  facet normal 0 0 1
    outer loop
      vertex -36.543291419087275 -62.609698831278216 4.5
      vertex -36.71470239736541 -60.625280917510324 4.5
      vertex -36.76387840678323 -60.724999999999994 4.5
    endloop
  endfacet
  facet normal 0 0 1
    outer loop
      vertex -36.8529523872437 -62.71481456572267 4.5
      vertex -36.898959235991434 -60.90104076400856 4.5
      vertex -36.98255278534259 -60.97435033924755 4.5
    endloop
  endfacet
  facet normal 0 0 1
    outer loop
      vertex -36.8529523872437 -62.71481456572267 4.5
      vertex -36.98255278534259 -60.97435033924755 4.5
      vertex -37.075 -61.03612159321677 4.5
    endloop
  endfacet
  facet normal 0 0 1
    outer loop
      vertex -36.8529523872437 -62.71481456572267 4.5
      vertex -37.075 -61.03612159321677 4.5
      vertex -37.17471908248967 -61.08529760263459 4.5
    endloop
  endfacet
  facet normal 0 0 1
    outer loop
      vertex -36.543291419087275 -62.609698831278216 4.5
      vertex -36.82564966075245 -60.817447214657406 4.5
      vertex -36.898959235991434 -60.90104076400856 4.5
    endloop
  endfacet
  facet normal 0 0 1
    outer loop
      vertex -36.25 -58.1349364905389 4.5
      vertex -36.25 -62.465063509461096 4.5
      vertex -35.9780964274782 -62.28338335072809 4.5
    endloop
  endfacet
  facet normal 0 0 1
    outer loop
      vertex -36.8529523872437 -62.71481456572267 4.5
      vertex -36.543291419087275 -62.609698831278216 4.5
      vertex -36.898959235991434 -60.90104076400856 4.5
    endloop
  endfacet
  facet normal 0 0 1
    outer loop
      vertex -37.17368451944987 -62.77861215343452 4.5
      vertex -36.8529523872437 -62.71481456572267 4.5
      vertex -37.17471908248967 -61.08529760263459 4.5
    endloop
  endfacet
  facet normal -0.7518398074789757 0.6593458151000708 0
    outer loop
      vertex -39.48338335072809 -58.7780964274782 4.5
      vertex -39.26776695296637 -58.53223304703363 4.5
      vertex -39.48338335072809 -58.7780964274782 2
    endloop
  endfacet
  facet normal -0.8314696123025439 0.5555702330196043 9.978667353979184e-19
    outer loop
      vertex -39.48338335072809 -58.7780964274782 4.5
      vertex -39.6650635094611 -59.05 2
      vertex -39.6650635094611 -59.05 4.5
    endloop
  endfacet
  facet normal -0.6593458151000708 0.7518398074789757 -1.2626349901085232e-18
    outer loop
      vertex -39.0219035725218 -58.31661664927191 4.5
      vertex -39.26776695296637 -58.53223304703363 2
      vertex -39.26776695296637 -58.53223304703363 4.5
    endloop
  endfacet
  facet normal -0.5555702330196043 0.8314696123025439 0
    outer loop
      vertex -39.0219035725218 -58.31661664927191 4.5
      vertex -38.75 -58.1349364905389 4.5
      vertex -39.0219035725218 -58.31661664927191 2
    endloop
  endfacet
  facet normal -0.4422886902190004 0.8968727415326887 0
    outer loop
      vertex -38.75 -58.1349364905389 4.5
      vertex -38.456708580912725 -57.99030116872178 4.5
      vertex -38.75 -58.1349364905389 2
    endloop
  endfacet
  facet normal -0.321439465303161 0.9469301294951059 -2.500253253381553e-18
    outer loop
      vertex -38.1470476127563 -57.885185434277325 4.5
      vertex -38.456708580912725 -57.99030116872178 2
      vertex -38.456708580912725 -57.99030116872178 4.5
    endloop
  endfacet
  facet normal -0.19509032201612206 0.9807852804032317 0
    outer loop
      vertex -38.1470476127563 -57.885185434277325 4.5
      vertex -37.82631548055013 -57.82138784656547 4.5
      vertex -38.1470476127563 -57.885185434277325 2
    endloop
  endfacet
  facet normal -0.06540312923014453 0.9978589232386035 0
    outer loop
      vertex -37.82631548055013 -57.82138784656547 4.5
      vertex -37.5 -57.8 4.5
      vertex -37.82631548055013 -57.82138784656547 2
    endloop
  endfacet
  facet normal 0.06540312923014453 0.9978589232386035 0
    outer loop
      vertex -37.5 -57.8 4.5
      vertex -37.17368451944987 -57.82138784656547 4.5
      vertex -37.5 -57.8 2
    endloop
  endfacet
  facet normal 0.19509032201612206 0.9807852804032317 0
    outer loop
      vertex -37.17368451944987 -57.82138784656547 4.5
      vertex -36.8529523872437 -57.885185434277325 4.5
      vertex -37.17368451944987 -57.82138784656547 2
    endloop
  endfacet
  facet normal 0.321439465303161 0.9469301294951059 0
    outer loop
      vertex -36.8529523872437 -57.885185434277325 4.5
      vertex -36.543291419087275 -57.99030116872178 4.5
      vertex -36.8529523872437 -57.885185434277325 2
    endloop
  endfacet
  facet normal 0.4422886902190004 0.8968727415326887 0
    outer loop
      vertex -36.543291419087275 -57.99030116872178 4.5
      vertex -36.25 -58.1349364905389 4.5
      vertex -36.543291419087275 -57.99030116872178 2
    endloop
  endfacet
  facet normal 0.5555702330196043 0.8314696123025439 0
    outer loop
      vertex -36.25 -58.1349364905389 4.5
      vertex -35.9780964274782 -58.31661664927191 4.5
      vertex -36.25 -58.1349364905389 2
    endloop
  endfacet
  facet normal 0.6593458151000708 0.7518398074789757 0
    outer loop
      vertex -35.9780964274782 -58.31661664927191 4.5
      vertex -35.73223304703363 -58.53223304703363 4.5
      vertex -35.9780964274782 -58.31661664927191 2
    endloop
  endfacet
  facet normal 0.7518398074789757 0.6593458151000708 0
    outer loop
      vertex -35.73223304703363 -58.53223304703363 4.5
      vertex -35.51661664927191 -58.7780964274782 4.5
      vertex -35.73223304703363 -58.53223304703363 2
    endloop
  endfacet
  facet normal -0.8968727415326887 0.4422886902190004 0
    outer loop
      vertex -39.80969883127822 -59.34329141908727 4.5
      vertex -39.6650635094611 -59.05 4.5
      vertex -39.80969883127822 -59.34329141908727 2
    endloop
  endfacet
  facet normal -0.9469301294951059 0.321439465303161 -2.500253253381553e-18
    outer loop
      vertex -39.80969883127822 -59.34329141908727 4.5
      vertex -39.91481456572267 -59.652952387243694 2
      vertex -39.91481456572267 -59.652952387243694 4.5
    endloop
  endfacet
  facet normal -0.9807852804032317 0.19509032201612206 5.100683010144182e-19
    outer loop
      vertex -39.91481456572267 -59.652952387243694 4.5
      vertex -39.978612153434526 -59.97368451944987 2
      vertex -39.978612153434526 -59.97368451944987 4.5
    endloop
  endfacet
  facet normal -0.9978589232386035 0.06540312923014453 2.3774332076076e-19
    outer loop
      vertex -39.978612153434526 -59.97368451944987 4.5
      vertex -40 -60.3 2
      vertex -40 -60.3 4.5
    endloop
  endfacet
  facet normal -0.9978589232386035 -0.06540312923014453 -2.3774332076076e-19
    outer loop
      vertex -40 -60.3 4.5
      vertex -39.978612153434526 -60.626315480550126 2
      vertex -39.978612153434526 -60.626315480550126 4.5
    endloop
  endfacet
  facet normal -0.9807852804032317 -0.19509032201612206 -5.100683010144182e-19
    outer loop
      vertex -39.978612153434526 -60.626315480550126 4.5
      vertex -39.91481456572267 -60.9470476127563 2
      vertex -39.91481456572267 -60.9470476127563 4.5
    endloop
  endfacet
  facet normal -0.9469301294951059 -0.321439465303161 2.500253253381553e-18
    outer loop
      vertex -39.91481456572267 -60.9470476127563 4.5
      vertex -39.80969883127822 -61.25670858091272 2
      vertex -39.80969883127822 -61.25670858091272 4.5
    endloop
  endfacet
  facet normal -0.8968727415326887 -0.4422886902190004 3.0435733453361666e-18
    outer loop
      vertex -39.80969883127822 -61.25670858091272 4.5
      vertex -39.6650635094611 -61.55 2
      vertex -39.6650635094611 -61.55 4.5
    endloop
  endfacet
  facet normal -0.8314696123025439 -0.5555702330196043 -9.978667353979184e-19
    outer loop
      vertex -39.6650635094611 -61.55 4.5
      vertex -39.48338335072809 -61.8219035725218 2
      vertex -39.48338335072809 -61.8219035725218 4.5
    endloop
  endfacet
  facet normal -0.7518398074789757 -0.6593458151000708 1.2626349901085232e-18
    outer loop
      vertex -39.48338335072809 -61.8219035725218 4.5
      vertex -39.26776695296637 -62.067766952966366 2
      vertex -39.26776695296637 -62.067766952966366 4.5
    endloop
  endfacet
  facet normal -0.6593458151000708 -0.7518398074789757 1.2626349901085232e-18
    outer loop
      vertex -39.26776695296637 -62.067766952966366 4.5
      vertex -39.0219035725218 -62.28338335072809 2
      vertex -39.0219035725218 -62.28338335072809 4.5
    endloop
  endfacet
  facet normal -0.5555702330196043 -0.8314696123025439 -9.978667353979184e-19
    outer loop
      vertex -39.0219035725218 -62.28338335072809 4.5
      vertex -38.75 -62.465063509461096 2
      vertex -38.75 -62.465063509461096 4.5
    endloop
  endfacet
  facet normal -0.4422886902190004 -0.8968727415326887 3.0435733453361666e-18
    outer loop
      vertex -38.75 -62.465063509461096 4.5
      vertex -38.456708580912725 -62.609698831278216 2
      vertex -38.456708580912725 -62.609698831278216 4.5
    endloop
  endfacet
  facet normal -0.321439465303161 -0.9469301294951059 2.500253253381553e-18
    outer loop
      vertex -38.456708580912725 -62.609698831278216 4.5
      vertex -38.1470476127563 -62.71481456572267 2
      vertex -38.1470476127563 -62.71481456572267 4.5
    endloop
  endfacet
  facet normal -0.19509032201612206 -0.9807852804032317 -5.100683010144182e-19
    outer loop
      vertex -38.1470476127563 -62.71481456572267 4.5
      vertex -37.82631548055013 -62.77861215343452 2
      vertex -37.82631548055013 -62.77861215343452 4.5
    endloop
  endfacet
  facet normal -0.06540312923014453 -0.9978589232386035 -2.3774332076076e-19
    outer loop
      vertex -37.82631548055013 -62.77861215343452 4.5
      vertex -37.5 -62.8 2
      vertex -37.5 -62.8 4.5
    endloop
  endfacet
  facet normal 0.06540312923014453 -0.9978589232386035 2.3774332076076e-19
    outer loop
      vertex -37.5 -62.8 4.5
      vertex -37.17368451944987 -62.77861215343452 2
      vertex -37.17368451944987 -62.77861215343452 4.5
    endloop
  endfacet
  facet normal 0.7518398074789757 -0.6593458151000708 -1.2626349901085232e-18
    outer loop
      vertex -35.73223304703363 -62.067766952966366 4.5
      vertex -35.51661664927191 -61.8219035725218 2
      vertex -35.51661664927191 -61.8219035725218 4.5
    endloop
  endfacet
  facet normal 0.19509032201612206 -0.9807852804032317 0
    outer loop
      vertex -37.17368451944987 -62.77861215343452 4.5
      vertex -37.17368451944987 -62.77861215343452 2
      vertex -36.8529523872437 -62.71481456572267 4.5
    endloop
  endfacet
  facet normal 0.321439465303161 -0.9469301294951059 -2.500253253381553e-18
    outer loop
      vertex -36.8529523872437 -62.71481456572267 4.5
      vertex -36.543291419087275 -62.609698831278216 2
      vertex -36.543291419087275 -62.609698831278216 4.5
    endloop
  endfacet
  facet normal 0.4422886902190004 -0.8968727415326887 -3.0435733453361666e-18
    outer loop
      vertex -36.543291419087275 -62.609698831278216 4.5
      vertex -36.25 -62.465063509461096 2
      vertex -36.25 -62.465063509461096 4.5
    endloop
  endfacet
  facet normal 0.5555702330196043 -0.8314696123025439 0
    outer loop
      vertex -35.9780964274782 -62.28338335072809 4.5
      vertex -36.25 -62.465063509461096 4.5
      vertex -35.9780964274782 -62.28338335072809 2
    endloop
  endfacet
  facet normal 0.6593458151000708 -0.7518398074789757 -1.2626349901085232e-18
    outer loop
      vertex -35.9780964274782 -62.28338335072809 4.5
      vertex -35.73223304703363 -62.067766952966366 2
      vertex -35.73223304703363 -62.067766952966366 4.5
    endloop
  endfacet
  facet normal 0 0 1
    outer loop
      vertex -35.51661664927191 -58.7780964274782 4.5
      vertex -35.3349364905389 -61.55 4.5
      vertex -35.3349364905389 -59.05 4.5
    endloop
  endfacet
  facet normal 0 0 1
    outer loop
      vertex -35.3349364905389 -59.05 4.5
      vertex -35.19030116872178 -61.25670858091272 4.5
      vertex -35.19030116872178 -59.34329141908727 4.5
    endloop
  endfacet
  facet normal 0 0 1
    outer loop
      vertex -35.19030116872178 -59.34329141908727 4.5
      vertex -35.08518543427733 -60.9470476127563 4.5
      vertex -35.08518543427733 -59.652952387243694 4.5
    endloop
  endfacet
  facet normal 0 0 1
    outer loop
      vertex -35.08518543427733 -59.652952387243694 4.5
      vertex -35.021387846565474 -60.626315480550126 4.5
      vertex -35.021387846565474 -59.97368451944987 4.5
    endloop
  endfacet
  facet normal 0 0 1
    outer loop
      vertex -35.08518543427733 -59.652952387243694 4.5
      vertex -35.08518543427733 -60.9470476127563 4.5
      vertex -35.021387846565474 -60.626315480550126 4.5
    endloop
  endfacet
  facet normal 0 0 1
    outer loop
      vertex -35.021387846565474 -59.97368451944987 4.5
      vertex -35.021387846565474 -60.626315480550126 4.5
      vertex -35 -60.3 4.5
    endloop
  endfacet
  facet normal 0 0 1
    outer loop
      vertex -35.3349364905389 -59.05 4.5
      vertex -35.3349364905389 -61.55 4.5
      vertex -35.19030116872178 -61.25670858091272 4.5
    endloop
  endfacet
  facet normal 0 0 1
    outer loop
      vertex -35.51661664927191 -58.7780964274782 4.5
      vertex -35.51661664927191 -61.8219035725218 4.5
      vertex -35.3349364905389 -61.55 4.5
    endloop
  endfacet
  facet normal 0 0 1
    outer loop
      vertex -35.19030116872178 -59.34329141908727 4.5
      vertex -35.19030116872178 -61.25670858091272 4.5
      vertex -35.08518543427733 -60.9470476127563 4.5
    endloop
  endfacet
  facet normal 0.8314696123025439 0.5555702330196043 0
    outer loop
      vertex -35.51661664927191 -58.7780964274782 4.5
      vertex -35.3349364905389 -59.05 4.5
      vertex -35.51661664927191 -58.7780964274782 2
    endloop
  endfacet
  facet normal 0.8968727415326887 0.4422886902190004 0
    outer loop
      vertex -35.3349364905389 -59.05 4.5
      vertex -35.19030116872178 -59.34329141908727 4.5
      vertex -35.3349364905389 -59.05 2
    endloop
  endfacet
  facet normal 0.9469301294951059 0.321439465303161 0
    outer loop
      vertex -35.19030116872178 -59.34329141908727 4.5
      vertex -35.08518543427733 -59.652952387243694 4.5
      vertex -35.19030116872178 -59.34329141908727 2
    endloop
  endfacet
  facet normal 0.9807852804032317 0.19509032201612206 0
    outer loop
      vertex -35.08518543427733 -59.652952387243694 4.5
      vertex -35.021387846565474 -59.97368451944987 4.5
      vertex -35.08518543427733 -59.652952387243694 2
    endloop
  endfacet
  facet normal 0.9978589232386035 0.06540312923014453 0
    outer loop
      vertex -35.021387846565474 -59.97368451944987 4.5
      vertex -35 -60.3 4.5
      vertex -35.021387846565474 -59.97368451944987 2
    endloop
  endfacet
  facet normal 0.9978589232386035 -0.06540312923014453 0
    outer loop
      vertex -35 -60.3 4.5
      vertex -35.021387846565474 -60.626315480550126 4.5
      vertex -35 -60.3 2
    endloop
  endfacet
  facet normal 0.9807852804032317 -0.19509032201612206 0
    outer loop
      vertex -35.021387846565474 -60.626315480550126 4.5
      vertex -35.08518543427733 -60.9470476127563 4.5
      vertex -35.021387846565474 -60.626315480550126 2
    endloop
  endfacet
  facet normal 0.8968727415326887 -0.4422886902190004 0
    outer loop
      vertex -35.19030116872178 -61.25670858091272 4.5
      vertex -35.3349364905389 -61.55 4.5
      vertex -35.19030116872178 -61.25670858091272 2
    endloop
  endfacet
  facet normal 0.9469301294951059 -0.321439465303161 0
    outer loop
      vertex -35.08518543427733 -60.9470476127563 4.5
      vertex -35.19030116872178 -61.25670858091272 4.5
      vertex -35.08518543427733 -60.9470476127563 2
    endloop
  endfacet
  facet normal 0.8314696123025439 -0.5555702330196043 0
    outer loop
      vertex -35.3349364905389 -61.55 4.5
      vertex -35.51661664927191 -61.8219035725218 4.5
      vertex -35.3349364905389 -61.55 2
    endloop
  endfacet
  facet normal -0.7518398074789757 0.6593458151000708 0
    outer loop
      vertex -39.26776695296637 -58.53223304703363 4.5
      vertex -39.26776695296637 -58.53223304703363 2
      vertex -39.48338335072809 -58.7780964274782 2
    endloop
  endfacet
  facet normal -0.8314696123025439 0.5555702330196043 0
    outer loop
      vertex -39.48338335072809 -58.7780964274782 4.5
      vertex -39.48338335072809 -58.7780964274782 2
      vertex -39.6650635094611 -59.05 2
    endloop
  endfacet
  facet normal -0.6593458151000708 0.7518398074789757 0
    outer loop
      vertex -39.0219035725218 -58.31661664927191 4.5
      vertex -39.0219035725218 -58.31661664927191 2
      vertex -39.26776695296637 -58.53223304703363 2
    endloop
  endfacet
  facet normal -0.5555702330196043 0.8314696123025439 0
    outer loop
      vertex -38.75 -58.1349364905389 4.5
      vertex -38.75 -58.1349364905389 2
      vertex -39.0219035725218 -58.31661664927191 2
    endloop
  endfacet
  facet normal -0.4422886902190004 0.8968727415326887 0
    outer loop
      vertex -38.456708580912725 -57.99030116872178 4.5
      vertex -38.456708580912725 -57.99030116872178 2
      vertex -38.75 -58.1349364905389 2
    endloop
  endfacet
  facet normal -0.321439465303161 0.9469301294951059 0
    outer loop
      vertex -38.1470476127563 -57.885185434277325 4.5
      vertex -38.1470476127563 -57.885185434277325 2
      vertex -38.456708580912725 -57.99030116872178 2
    endloop
  endfacet
  facet normal -0.19509032201612206 0.9807852804032317 0
    outer loop
      vertex -37.82631548055013 -57.82138784656547 4.5
      vertex -37.82631548055013 -57.82138784656547 2
      vertex -38.1470476127563 -57.885185434277325 2
    endloop
  endfacet
  facet normal -0.06540312923014453 0.9978589232386035 0
    outer loop
      vertex -37.5 -57.8 4.5
      vertex -37.5 -57.8 2
      vertex -37.82631548055013 -57.82138784656547 2
    endloop
  endfacet
  facet normal 0.06540312923014453 0.9978589232386035 0
    outer loop
      vertex -37.17368451944987 -57.82138784656547 4.5
      vertex -37.17368451944987 -57.82138784656547 2
      vertex -37.5 -57.8 2
    endloop
  endfacet
  facet normal 0.19509032201612206 0.9807852804032317 0
    outer loop
      vertex -36.8529523872437 -57.885185434277325 4.5
      vertex -36.8529523872437 -57.885185434277325 2
      vertex -37.17368451944987 -57.82138784656547 2
    endloop
  endfacet
  facet normal 0.321439465303161 0.9469301294951059 0
    outer loop
      vertex -36.543291419087275 -57.99030116872178 4.5
      vertex -36.543291419087275 -57.99030116872178 2
      vertex -36.8529523872437 -57.885185434277325 2
    endloop
  endfacet
  facet normal 0.4422886902190004 0.8968727415326887 0
    outer loop
      vertex -36.25 -58.1349364905389 4.5
      vertex -36.25 -58.1349364905389 2
      vertex -36.543291419087275 -57.99030116872178 2
    endloop
  endfacet
  facet normal 0.5555702330196043 0.8314696123025439 0
    outer loop
      vertex -35.9780964274782 -58.31661664927191 4.5
      vertex -35.9780964274782 -58.31661664927191 2
      vertex -36.25 -58.1349364905389 2
    endloop
  endfacet
  facet normal 0.6593458151000708 0.7518398074789757 0
    outer loop
      vertex -35.73223304703363 -58.53223304703363 4.5
      vertex -35.73223304703363 -58.53223304703363 2
      vertex -35.9780964274782 -58.31661664927191 2
    endloop
  endfacet
  facet normal 0.7518398074789757 0.6593458151000708 0
    outer loop
      vertex -35.51661664927191 -58.7780964274782 4.5
      vertex -35.51661664927191 -58.7780964274782 2
      vertex -35.73223304703363 -58.53223304703363 2
    endloop
  endfacet
  facet normal -0.8968727415326887 0.4422886902190004 0
    outer loop
      vertex -39.6650635094611 -59.05 4.5
      vertex -39.6650635094611 -59.05 2
      vertex -39.80969883127822 -59.34329141908727 2
    endloop
  endfacet
  facet normal -0.9469301294951059 0.321439465303161 0
    outer loop
      vertex -39.80969883127822 -59.34329141908727 4.5
      vertex -39.80969883127822 -59.34329141908727 2
      vertex -39.91481456572267 -59.652952387243694 2
    endloop
  endfacet
  facet normal -0.9807852804032317 0.19509032201612206 0
    outer loop
      vertex -39.91481456572267 -59.652952387243694 4.5
      vertex -39.91481456572267 -59.652952387243694 2
      vertex -39.978612153434526 -59.97368451944987 2
    endloop
  endfacet
  facet normal -0.9978589232386035 0.06540312923014453 0
    outer loop
      vertex -39.978612153434526 -59.97368451944987 4.5
      vertex -39.978612153434526 -59.97368451944987 2
      vertex -40 -60.3 2
    endloop
  endfacet
  facet normal -0.9978589232386035 -0.06540312923014453 0
    outer loop
      vertex -40 -60.3 4.5
      vertex -40 -60.3 2
      vertex -39.978612153434526 -60.626315480550126 2
    endloop
  endfacet
  facet normal -0.9807852804032317 -0.19509032201612206 0
    outer loop
      vertex -39.978612153434526 -60.626315480550126 4.5
      vertex -39.978612153434526 -60.626315480550126 2
      vertex -39.91481456572267 -60.9470476127563 2
    endloop
  endfacet
  facet normal -0.9469301294951059 -0.321439465303161 0
    outer loop
      vertex -39.91481456572267 -60.9470476127563 4.5
      vertex -39.91481456572267 -60.9470476127563 2
      vertex -39.80969883127822 -61.25670858091272 2
    endloop
  endfacet
  facet normal -0.8968727415326887 -0.4422886902190004 0
    outer loop
      vertex -39.80969883127822 -61.25670858091272 4.5
      vertex -39.80969883127822 -61.25670858091272 2
      vertex -39.6650635094611 -61.55 2
    endloop
  endfacet
  facet normal -0.8314696123025439 -0.5555702330196043 0
    outer loop
      vertex -39.6650635094611 -61.55 4.5
      vertex -39.6650635094611 -61.55 2
      vertex -39.48338335072809 -61.8219035725218 2
    endloop
  endfacet
  facet normal -0.7518398074789757 -0.6593458151000708 0
    outer loop
      vertex -39.48338335072809 -61.8219035725218 4.5
      vertex -39.48338335072809 -61.8219035725218 2
      vertex -39.26776695296637 -62.067766952966366 2
    endloop
  endfacet
  facet normal -0.6593458151000708 -0.7518398074789757 0
    outer loop
      vertex -39.26776695296637 -62.067766952966366 4.5
      vertex -39.26776695296637 -62.067766952966366 2
      vertex -39.0219035725218 -62.28338335072809 2
    endloop
  endfacet
  facet normal -0.5555702330196043 -0.8314696123025439 0
    outer loop
      vertex -39.0219035725218 -62.28338335072809 4.5
      vertex -39.0219035725218 -62.28338335072809 2
      vertex -38.75 -62.465063509461096 2
    endloop
  endfacet
  facet normal -0.4422886902190004 -0.8968727415326887 0
    outer loop
      vertex -38.75 -62.465063509461096 4.5
      vertex -38.75 -62.465063509461096 2
      vertex -38.456708580912725 -62.609698831278216 2
    endloop
  endfacet
  facet normal -0.321439465303161 -0.9469301294951059 0
    outer loop
      vertex -38.456708580912725 -62.609698831278216 4.5
      vertex -38.456708580912725 -62.609698831278216 2
      vertex -38.1470476127563 -62.71481456572267 2
    endloop
  endfacet
  facet normal -0.19509032201612206 -0.9807852804032317 0
    outer loop
      vertex -38.1470476127563 -62.71481456572267 4.5
      vertex -38.1470476127563 -62.71481456572267 2
      vertex -37.82631548055013 -62.77861215343452 2
    endloop
  endfacet
  facet normal -0.06540312923014453 -0.9978589232386035 0
    outer loop
      vertex -37.82631548055013 -62.77861215343452 4.5
      vertex -37.82631548055013 -62.77861215343452 2
      vertex -37.5 -62.8 2
    endloop
  endfacet
  facet normal 0.06540312923014453 -0.9978589232386035 0
    outer loop
      vertex -37.5 -62.8 4.5
      vertex -37.5 -62.8 2
      vertex -37.17368451944987 -62.77861215343452 2
    endloop
  endfacet
  facet normal 0.19509032201612206 -0.9807852804032317 0
    outer loop
      vertex -36.8529523872437 -62.71481456572267 4.5
      vertex -37.17368451944987 -62.77861215343452 2
      vertex -36.8529523872437 -62.71481456572267 2
    endloop
  endfacet
  facet normal 0.321439465303161 -0.9469301294951059 0
    outer loop
      vertex -36.8529523872437 -62.71481456572267 4.5
      vertex -36.8529523872437 -62.71481456572267 2
      vertex -36.543291419087275 -62.609698831278216 2
    endloop
  endfacet
  facet normal 0.4422886902190004 -0.8968727415326887 0
    outer loop
      vertex -36.543291419087275 -62.609698831278216 4.5
      vertex -36.543291419087275 -62.609698831278216 2
      vertex -36.25 -62.465063509461096 2
    endloop
  endfacet
  facet normal 0.5555702330196043 -0.8314696123025439 0
    outer loop
      vertex -36.25 -62.465063509461096 4.5
      vertex -36.25 -62.465063509461096 2
      vertex -35.9780964274782 -62.28338335072809 2
    endloop
  endfacet
  facet normal 0.7518398074789757 -0.6593458151000708 0
    outer loop
      vertex -35.73223304703363 -62.067766952966366 4.5
      vertex -35.73223304703363 -62.067766952966366 2
      vertex -35.51661664927191 -61.8219035725218 2
    endloop
  endfacet
  facet normal 0.6593458151000708 -0.7518398074789757 0
    outer loop
      vertex -35.9780964274782 -62.28338335072809 4.5
      vertex -35.9780964274782 -62.28338335072809 2
      vertex -35.73223304703363 -62.067766952966366 2
    endloop
  endfacet
  facet normal 0.8314696123025439 0.5555702330196043 0
    outer loop
      vertex -35.3349364905389 -59.05 4.5
      vertex -35.3349364905389 -59.05 2
      vertex -35.51661664927191 -58.7780964274782 2
    endloop
  endfacet
  facet normal 0.8968727415326887 0.4422886902190004 0
    outer loop
      vertex -35.19030116872178 -59.34329141908727 4.5
      vertex -35.19030116872178 -59.34329141908727 2
      vertex -35.3349364905389 -59.05 2
    endloop
  endfacet
  facet normal 0.9469301294951059 0.321439465303161 0
    outer loop
      vertex -35.08518543427733 -59.652952387243694 4.5
      vertex -35.08518543427733 -59.652952387243694 2
      vertex -35.19030116872178 -59.34329141908727 2
    endloop
  endfacet
  facet normal 0.9807852804032317 0.19509032201612206 0
    outer loop
      vertex -35.021387846565474 -59.97368451944987 4.5
      vertex -35.021387846565474 -59.97368451944987 2
      vertex -35.08518543427733 -59.652952387243694 2
    endloop
  endfacet
  facet normal 0.9978589232386035 0.06540312923014453 0
    outer loop
      vertex -35 -60.3 4.5
      vertex -35 -60.3 2
      vertex -35.021387846565474 -59.97368451944987 2
    endloop
  endfacet
  facet normal 0.9978589232386035 -0.06540312923014453 0
    outer loop
      vertex -35.021387846565474 -60.626315480550126 4.5
      vertex -35.021387846565474 -60.626315480550126 2
      vertex -35 -60.3 2
    endloop
  endfacet
  facet normal 0.9807852804032317 -0.19509032201612206 0
    outer loop
      vertex -35.08518543427733 -60.9470476127563 4.5
      vertex -35.08518543427733 -60.9470476127563 2
      vertex -35.021387846565474 -60.626315480550126 2
    endloop
  endfacet
  facet normal 0.9469301294951059 -0.321439465303161 0
    outer loop
      vertex -35.19030116872178 -61.25670858091272 4.5
      vertex -35.19030116872178 -61.25670858091272 2
      vertex -35.08518543427733 -60.9470476127563 2
    endloop
  endfacet
  facet normal 0.8968727415326887 -0.4422886902190004 0
    outer loop
      vertex -35.3349364905389 -61.55 4.5
      vertex -35.3349364905389 -61.55 2
      vertex -35.19030116872178 -61.25670858091272 2
    endloop
  endfacet
  facet normal 0.8314696123025439 -0.5555702330196043 0
    outer loop
      vertex -35.51661664927191 -61.8219035725218 4.5
      vertex -35.51661664927191 -61.8219035725218 2
      vertex -35.3349364905389 -61.55 2
    endloop
  endfacet
  facet normal 0 0 1
    outer loop
      vertex -38.75 -22.1349364905389 4.5
      vertex -38.456708580912725 -26.609698831278216 4.5
      vertex -38.456708580912725 -21.99030116872178 4.5
    endloop
  endfacet
  facet normal 0 0 1
    outer loop
      vertex -38.456708580912725 -21.99030116872178 4.5
      vertex -38.101040764008566 -23.69895923599143 4.5
      vertex -38.1470476127563 -21.885185434277325 4.5
    endloop
  endfacet
  facet normal 0 0 1
    outer loop
      vertex -37.82631548055013 -21.82138784656547 4.5
      vertex -38.1470476127563 -21.885185434277325 4.5
      vertex -37.82528091751033 -23.514702397365404 4.5
    endloop
  endfacet
  facet normal 0 0 1
    outer loop
      vertex -37.82631548055013 -21.82138784656547 4.5
      vertex -37.61094726338705 -23.457271867832258 4.5
      vertex -37.5 -21.799999999999997 4.5
    endloop
  endfacet
  facet normal 0 0 1
    outer loop
      vertex -37.5 -21.799999999999997 4.5
      vertex -37.38905273661295 -23.457271867832258 4.5
      vertex -37.17368451944987 -21.82138784656547 4.5
    endloop
  endfacet
  facet normal 0 0 1
    outer loop
      vertex -38.1470476127563 -21.885185434277325 4.5
      vertex -38.01744721465741 -23.625649660752448 4.5
      vertex -37.925 -23.563878406783225 4.5
    endloop
  endfacet
  facet normal 0 0 1
    outer loop
      vertex -38.1470476127563 -21.885185434277325 4.5
      vertex -38.101040764008566 -23.69895923599143 4.5
      vertex -38.01744721465741 -23.625649660752448 4.5
    endloop
  endfacet
  facet normal 0 0 1
    outer loop
      vertex -38.1470476127563 -21.885185434277325 4.5
      vertex -37.925 -23.563878406783225 4.5
      vertex -37.82528091751033 -23.514702397365404 4.5
    endloop
  endfacet
  facet normal 0 0 1
    outer loop
      vertex -38.456708580912725 -21.99030116872178 4.5
      vertex -38.23612159321677 -23.874999999999996 4.5
      vertex -38.17435033924755 -23.782552785342585 4.5
    endloop
  endfacet
  facet normal 0 0 1
    outer loop
      vertex -38.456708580912725 -21.99030116872178 4.5
      vertex -38.17435033924755 -23.782552785342585 4.5
      vertex -38.101040764008566 -23.69895923599143 4.5
    endloop
  endfacet
  facet normal 0 0 1
    outer loop
      vertex -38.456708580912725 -21.99030116872178 4.5
      vertex -38.28529760263459 -23.97471908248967 4.5
      vertex -38.23612159321677 -23.874999999999996 4.5
    endloop
  endfacet
  facet normal 0 0 1
    outer loop
      vertex -38.456708580912725 -21.99030116872178 4.5
      vertex -38.342728132167736 -24.189052736612954 4.5
      vertex -38.32103695234571 -24.080003811662856 4.5
    endloop
  endfacet
  facet normal 0 0 1
    outer loop
      vertex -38.456708580912725 -21.99030116872178 4.5
      vertex -38.35 -24.299999999999997 4.5
      vertex -38.342728132167736 -24.189052736612954 4.5
    endloop
  endfacet
  facet normal 0 0 1
    outer loop
      vertex -38.456708580912725 -21.99030116872178 4.5
      vertex -38.32103695234571 -24.080003811662856 4.5
      vertex -38.28529760263459 -23.97471908248967 4.5
    endloop
  endfacet
  facet normal 0 0 1
    outer loop
      vertex -37.82631548055013 -21.82138784656547 4.5
      vertex -37.82528091751033 -23.514702397365404 4.5
      vertex -37.71999618833714 -23.47896304765429 4.5
    endloop
  endfacet
  facet normal 0 0 1
    outer loop
      vertex -37.82631548055013 -21.82138784656547 4.5
      vertex -37.71999618833714 -23.47896304765429 4.5
      vertex -37.61094726338705 -23.457271867832258 4.5
    endloop
  endfacet
  facet normal 0 0 1
    outer loop
      vertex -37.5 -21.799999999999997 4.5
      vertex -37.61094726338705 -23.457271867832258 4.5
      vertex -37.5 -23.449999999999996 4.5
    endloop
  endfacet
  facet normal 0 0 1
    outer loop
      vertex -37.5 -21.799999999999997 4.5
      vertex -37.5 -23.449999999999996 4.5
      vertex -37.38905273661295 -23.457271867832258 4.5
    endloop
  endfacet
  facet normal 0 0 1
    outer loop
      vertex -37.17368451944987 -21.82138784656547 4.5
      vertex -37.38905273661295 -23.457271867832258 4.5
      vertex -37.28000381166286 -23.47896304765429 4.5
    endloop
  endfacet
  facet normal 0 0 1
    outer loop
      vertex -37.17368451944987 -21.82138784656547 4.5
      vertex -37.17471908248967 -23.514702397365404 4.5
      vertex -37.075 -23.563878406783225 4.5
    endloop
  endfacet
  facet normal 0 0 1
    outer loop
      vertex -37.17368451944987 -21.82138784656547 4.5
      vertex -37.28000381166286 -23.47896304765429 4.5
      vertex -37.17471908248967 -23.514702397365404 4.5
    endloop
  endfacet
  facet normal 0 0 1
    outer loop
      vertex -37.17368451944987 -21.82138784656547 4.5
      vertex -37.075 -23.563878406783225 4.5
      vertex -36.98255278534259 -23.625649660752448 4.5
    endloop
  endfacet
  facet normal 0 0 1
    outer loop
      vertex -37.17368451944987 -21.82138784656547 4.5
      vertex -36.98255278534259 -23.625649660752448 4.5
      vertex -36.8529523872437 -21.885185434277325 4.5
    endloop
  endfacet
  facet normal 0 0 1
    outer loop
      vertex -36.8529523872437 -21.885185434277325 4.5
      vertex -36.71470239736541 -23.97471908248967 4.5
      vertex -36.543291419087275 -21.99030116872178 4.5
    endloop
  endfacet
  facet normal 0 0 1
    outer loop
      vertex -36.8529523872437 -21.885185434277325 4.5
      vertex -36.98255278534259 -23.625649660752448 4.5
      vertex -36.898959235991434 -23.69895923599143 4.5
    endloop
  endfacet
  facet normal 0 0 1
    outer loop
      vertex -36.8529523872437 -21.885185434277325 4.5
      vertex -36.898959235991434 -23.69895923599143 4.5
      vertex -36.82564966075245 -23.782552785342585 4.5
    endloop
  endfacet
  facet normal 0 0 1
    outer loop
      vertex -36.8529523872437 -21.885185434277325 4.5
      vertex -36.82564966075245 -23.782552785342585 4.5
      vertex -36.76387840678323 -23.874999999999996 4.5
    endloop
  endfacet
  facet normal 0 0 1
    outer loop
      vertex -36.8529523872437 -21.885185434277325 4.5
      vertex -36.76387840678323 -23.874999999999996 4.5
      vertex -36.71470239736541 -23.97471908248967 4.5
    endloop
  endfacet
  facet normal 0 0 1
    outer loop
      vertex -36.543291419087275 -21.99030116872178 4.5
      vertex -36.71470239736541 -23.97471908248967 4.5
      vertex -36.67896304765429 -24.080003811662856 4.5
    endloop
  endfacet
  facet normal 0 0 1
    outer loop
      vertex -36.543291419087275 -21.99030116872178 4.5
      vertex -36.67896304765429 -24.080003811662856 4.5
      vertex -36.657271867832264 -24.189052736612954 4.5
    endloop
  endfacet
  facet normal 0 0 1
    outer loop
      vertex -36.543291419087275 -21.99030116872178 4.5
      vertex -36.657271867832264 -24.189052736612954 4.5
      vertex -36.65 -24.299999999999997 4.5
    endloop
  endfacet
  facet normal 0 0 1
    outer loop
      vertex -36.543291419087275 -21.99030116872178 4.5
      vertex -36.25 -26.465063509461093 4.5
      vertex -36.25 -22.1349364905389 4.5
    endloop
  endfacet
  facet normal 0 0 1
    outer loop
      vertex -36.25 -22.1349364905389 4.5
      vertex -35.9780964274782 -26.283383350728084 4.5
      vertex -35.9780964274782 -22.31661664927191 4.5
    endloop
  endfacet
  facet normal -0.4422886902190092 0.8968727415326845 0
    outer loop
      vertex -38.75 -22.1349364905389 4.5
      vertex -38.456708580912725 -21.99030116872178 4.5
      vertex -38.75 -22.1349364905389 2
    endloop
  endfacet
  facet normal -0.5555702330196043 0.8314696123025439 0
    outer loop
      vertex -39.0219035725218 -22.31661664927191 4.5
      vertex -38.75 -22.1349364905389 4.5
      vertex -39.0219035725218 -22.31661664927191 2
    endloop
  endfacet
  facet normal -0.6593458151000647 0.751839807478981 -2.6153662628967414e-19
    outer loop
      vertex -39.0219035725218 -22.31661664927191 4.5
      vertex -39.26776695296637 -22.53223304703363 2
      vertex -39.26776695296637 -22.53223304703363 4.5
    endloop
  endfacet
  facet normal -0.7518398074789757 0.6593458151000708 -1.2626349901085232e-18
    outer loop
      vertex -39.26776695296637 -22.53223304703363 4.5
      vertex -39.48338335072809 -22.778096427478197 2
      vertex -39.48338335072809 -22.778096427478197 4.5
    endloop
  endfacet
  facet normal -0.8314696123025439 0.5555702330196043 9.978667353979184e-19
    outer loop
      vertex -39.48338335072809 -22.778096427478197 4.5
      vertex -39.6650635094611 -23.049999999999997 2
      vertex -39.6650635094611 -23.049999999999997 4.5
    endloop
  endfacet
  facet normal -0.8968727415326887 0.4422886902190004 -3.0435733453361666e-18
    outer loop
      vertex -39.6650635094611 -23.049999999999997 4.5
      vertex -39.80969883127822 -23.343291419087272 2
      vertex -39.80969883127822 -23.343291419087272 4.5
    endloop
  endfacet
  facet normal -0.9469301294951059 0.321439465303161 -2.500253253381553e-18
    outer loop
      vertex -39.80969883127822 -23.343291419087272 4.5
      vertex -39.91481456572267 -23.652952387243694 2
      vertex -39.91481456572267 -23.652952387243694 4.5
    endloop
  endfacet
  facet normal -0.321439465303161 0.9469301294951059 0
    outer loop
      vertex -38.456708580912725 -21.99030116872178 4.5
      vertex -38.1470476127563 -21.885185434277325 4.5
      vertex -38.456708580912725 -21.99030116872178 2
    endloop
  endfacet
  facet normal -0.19509032201612206 0.9807852804032317 5.100683010144182e-19
    outer loop
      vertex -37.82631548055013 -21.82138784656547 4.5
      vertex -38.1470476127563 -21.885185434277325 2
      vertex -38.1470476127563 -21.885185434277325 4.5
    endloop
  endfacet
  facet normal -0.06540312923014453 0.9978589232386035 0
    outer loop
      vertex -37.82631548055013 -21.82138784656547 4.5
      vertex -37.5 -21.799999999999997 4.5
      vertex -37.82631548055013 -21.82138784656547 2
    endloop
  endfacet
  facet normal 0.06540312923014453 0.9978589232386035 0
    outer loop
      vertex -37.5 -21.799999999999997 4.5
      vertex -37.17368451944987 -21.82138784656547 4.5
      vertex -37.5 -21.799999999999997 2
    endloop
  endfacet
  facet normal 0.19509032201612206 0.9807852804032317 0
    outer loop
      vertex -37.17368451944987 -21.82138784656547 4.5
      vertex -36.8529523872437 -21.885185434277325 4.5
      vertex -37.17368451944987 -21.82138784656547 2
    endloop
  endfacet
  facet normal 0.321439465303161 0.9469301294951059 0
    outer loop
      vertex -36.8529523872437 -21.885185434277325 4.5
      vertex -36.543291419087275 -21.99030116872178 4.5
      vertex -36.8529523872437 -21.885185434277325 2
    endloop
  endfacet
  facet normal 0.4422886902190092 0.8968727415326845 0
    outer loop
      vertex -36.543291419087275 -21.99030116872178 4.5
      vertex -36.25 -22.1349364905389 4.5
      vertex -36.543291419087275 -21.99030116872178 2
    endloop
  endfacet
  facet normal 0.5555702330196043 0.8314696123025439 0
    outer loop
      vertex -36.25 -22.1349364905389 4.5
      vertex -35.9780964274782 -22.31661664927191 4.5
      vertex -36.25 -22.1349364905389 2
    endloop
  endfacet
  facet normal 0.6593458151000647 0.751839807478981 0
    outer loop
      vertex -35.9780964274782 -22.31661664927191 4.5
      vertex -35.73223304703363 -22.53223304703363 4.5
      vertex -35.9780964274782 -22.31661664927191 2
    endloop
  endfacet
  facet normal 0.7518398074789757 0.6593458151000708 0
    outer loop
      vertex -35.73223304703363 -22.53223304703363 4.5
      vertex -35.51661664927191 -22.778096427478197 4.5
      vertex -35.73223304703363 -22.53223304703363 2
    endloop
  endfacet
  facet normal 0 0 1
    outer loop
      vertex -39.6650635094611 -23.049999999999997 4.5
      vertex -39.80969883127822 -23.343291419087272 4.5
      vertex -39.6650635094611 -25.549999999999997 4.5
    endloop
  endfacet
  facet normal 0 0 1
    outer loop
      vertex -39.26776695296637 -22.53223304703363 4.5
      vertex -39.48338335072809 -22.778096427478197 4.5
      vertex -39.26776695296637 -26.067766952966366 4.5
    endloop
  endfacet
  facet normal 0 0 1
    outer loop
      vertex -39.48338335072809 -22.778096427478197 4.5
      vertex -39.6650635094611 -23.049999999999997 4.5
      vertex -39.48338335072809 -25.821903572521798 4.5
    endloop
  endfacet
  facet normal 0 0 1
    outer loop
      vertex -39.91481456572267 -23.652952387243694 4.5
      vertex -39.978612153434526 -23.97368451944987 4.5
      vertex -39.91481456572267 -24.9470476127563 4.5
    endloop
  endfacet
  facet normal 0 0 1
    outer loop
      vertex -39.978612153434526 -23.97368451944987 4.5
      vertex -40 -24.299999999999997 4.5
      vertex -39.978612153434526 -24.626315480550126 4.5
    endloop
  endfacet
  facet normal 0 0 1
    outer loop
      vertex -39.80969883127822 -23.343291419087272 4.5
      vertex -39.91481456572267 -23.652952387243694 4.5
      vertex -39.80969883127822 -25.256708580912722 4.5
    endloop
  endfacet
  facet normal 0 0 1
    outer loop
      vertex -39.978612153434526 -23.97368451944987 4.5
      vertex -39.978612153434526 -24.626315480550126 4.5
      vertex -39.91481456572267 -24.9470476127563 4.5
    endloop
  endfacet
  facet normal 0 0 1
    outer loop
      vertex -39.0219035725218 -22.31661664927191 4.5
      vertex -39.26776695296637 -22.53223304703363 4.5
      vertex -39.0219035725218 -26.283383350728084 4.5
    endloop
  endfacet
  facet normal 0 0 1
    outer loop
      vertex -39.0219035725218 -22.31661664927191 4.5
      vertex -38.75 -26.465063509461093 4.5
      vertex -38.75 -22.1349364905389 4.5
    endloop
  endfacet
  facet normal 0 0 1
    outer loop
      vertex -39.91481456572267 -23.652952387243694 4.5
      vertex -39.91481456572267 -24.9470476127563 4.5
      vertex -39.80969883127822 -25.256708580912722 4.5
    endloop
  endfacet
  facet normal 0 0 1
    outer loop
      vertex -39.80969883127822 -23.343291419087272 4.5
      vertex -39.80969883127822 -25.256708580912722 4.5
      vertex -39.6650635094611 -25.549999999999997 4.5
    endloop
  endfacet
  facet normal 0 0 1
    outer loop
      vertex -39.6650635094611 -23.049999999999997 4.5
      vertex -39.6650635094611 -25.549999999999997 4.5
      vertex -39.48338335072809 -25.821903572521798 4.5
    endloop
  endfacet
  facet normal 0 0 1
    outer loop
      vertex -39.48338335072809 -22.778096427478197 4.5
      vertex -39.48338335072809 -25.821903572521798 4.5
      vertex -39.26776695296637 -26.067766952966366 4.5
    endloop
  endfacet
  facet normal 0 0 1
    outer loop
      vertex -39.26776695296637 -22.53223304703363 4.5
      vertex -39.26776695296637 -26.067766952966366 4.5
      vertex -39.0219035725218 -26.283383350728084 4.5
    endloop
  endfacet
  facet normal 0 0 1
    outer loop
      vertex -39.0219035725218 -22.31661664927191 4.5
      vertex -39.0219035725218 -26.283383350728084 4.5
      vertex -38.75 -26.465063509461093 4.5
    endloop
  endfacet
  facet normal 0 0 1
    outer loop
      vertex -38.75 -22.1349364905389 4.5
      vertex -38.75 -26.465063509461093 4.5
      vertex -38.456708580912725 -26.609698831278216 4.5
    endloop
  endfacet
  facet normal 0 0 1
    outer loop
      vertex -38.456708580912725 -21.99030116872178 4.5
      vertex -38.456708580912725 -26.609698831278216 4.5
      vertex -38.35 -24.299999999999997 4.5
    endloop
  endfacet
  facet normal 0 0 1
    outer loop
      vertex -38.456708580912725 -26.609698831278216 4.5
      vertex -38.32103695234571 -24.51999618833714 4.5
      vertex -38.342728132167736 -24.41094726338704 4.5
    endloop
  endfacet
  facet normal 0 0 1
    outer loop
      vertex -38.456708580912725 -26.609698831278216 4.5
      vertex -38.342728132167736 -24.41094726338704 4.5
      vertex -38.35 -24.299999999999997 4.5
    endloop
  endfacet
  facet normal 0 0 1
    outer loop
      vertex -38.456708580912725 -26.609698831278216 4.5
      vertex -38.28529760263459 -24.625280917510324 4.5
      vertex -38.32103695234571 -24.51999618833714 4.5
    endloop
  endfacet
  facet normal 0 0 1
    outer loop
      vertex -38.1470476127563 -26.71481456572267 4.5
      vertex -38.23612159321677 -24.724999999999998 4.5
      vertex -38.28529760263459 -24.625280917510324 4.5
    endloop
  endfacet
  facet normal 0 0 1
    outer loop
      vertex -38.1470476127563 -26.71481456572267 4.5
      vertex -38.17435033924755 -24.81744721465741 4.5
      vertex -38.23612159321677 -24.724999999999998 4.5
    endloop
  endfacet
  facet normal 0 0 1
    outer loop
      vertex -38.1470476127563 -26.71481456572267 4.5
      vertex -38.101040764008566 -24.901040764008563 4.5
      vertex -38.17435033924755 -24.81744721465741 4.5
    endloop
  endfacet
  facet normal 0 0 1
    outer loop
      vertex -38.1470476127563 -26.71481456572267 4.5
      vertex -38.01744721465741 -24.974350339247547 4.5
      vertex -38.101040764008566 -24.901040764008563 4.5
    endloop
  endfacet
  facet normal 0 0 1
    outer loop
      vertex -36.543291419087275 -21.99030116872178 4.5
      vertex -36.65 -24.299999999999997 4.5
      vertex -36.543291419087275 -26.609698831278216 4.5
    endloop
  endfacet
  facet normal 0 0 1
    outer loop
      vertex -35.9780964274782 -22.31661664927191 4.5
      vertex -35.73223304703363 -26.067766952966366 4.5
      vertex -35.73223304703363 -22.53223304703363 4.5
    endloop
  endfacet
  facet normal 0 0 1
    outer loop
      vertex -35.73223304703363 -22.53223304703363 4.5
      vertex -35.51661664927191 -25.821903572521798 4.5
      vertex -35.51661664927191 -22.778096427478197 4.5
    endloop
  endfacet
  facet normal 0 0 1
    outer loop
      vertex -36.543291419087275 -21.99030116872178 4.5
      vertex -36.543291419087275 -26.609698831278216 4.5
      vertex -36.25 -26.465063509461093 4.5
    endloop
  endfacet
  facet normal 0 0 1
    outer loop
      vertex -36.8529523872437 -26.71481456572267 4.5
      vertex -36.898959235991434 -24.901040764008563 4.5
      vertex -36.98255278534259 -24.974350339247547 4.5
    endloop
  endfacet
  facet normal 0 0 1
    outer loop
      vertex -36.543291419087275 -26.609698831278216 4.5
      vertex -36.76387840678323 -24.724999999999998 4.5
      vertex -36.82564966075245 -24.81744721465741 4.5
    endloop
  endfacet
  facet normal 0 0 1
    outer loop
      vertex -36.543291419087275 -26.609698831278216 4.5
      vertex -36.82564966075245 -24.81744721465741 4.5
      vertex -36.898959235991434 -24.901040764008563 4.5
    endloop
  endfacet
  facet normal 0 0 1
    outer loop
      vertex -36.543291419087275 -26.609698831278216 4.5
      vertex -36.657271867832264 -24.41094726338704 4.5
      vertex -36.67896304765429 -24.51999618833714 4.5
    endloop
  endfacet
  facet normal 0 0 1
    outer loop
      vertex -36.543291419087275 -26.609698831278216 4.5
      vertex -36.65 -24.299999999999997 4.5
      vertex -36.657271867832264 -24.41094726338704 4.5
    endloop
  endfacet
  facet normal 0 0 1
    outer loop
      vertex -36.543291419087275 -26.609698831278216 4.5
      vertex -36.67896304765429 -24.51999618833714 4.5
      vertex -36.71470239736541 -24.625280917510324 4.5
    endloop
  endfacet
  facet normal 0 0 1
    outer loop
      vertex -36.543291419087275 -26.609698831278216 4.5
      vertex -36.71470239736541 -24.625280917510324 4.5
      vertex -36.76387840678323 -24.724999999999998 4.5
    endloop
  endfacet
  facet normal 0 0 1
    outer loop
      vertex -36.25 -22.1349364905389 4.5
      vertex -36.25 -26.465063509461093 4.5
      vertex -35.9780964274782 -26.283383350728084 4.5
    endloop
  endfacet
  facet normal 0 0 1
    outer loop
      vertex -35.73223304703363 -22.53223304703363 4.5
      vertex -35.73223304703363 -26.067766952966366 4.5
      vertex -35.51661664927191 -25.821903572521798 4.5
    endloop
  endfacet
  facet normal 0 0 1
    outer loop
      vertex -35.9780964274782 -22.31661664927191 4.5
      vertex -35.9780964274782 -26.283383350728084 4.5
      vertex -35.73223304703363 -26.067766952966366 4.5
    endloop
  endfacet
  facet normal 0 0 1
    outer loop
      vertex -38.456708580912725 -26.609698831278216 4.5
      vertex -38.1470476127563 -26.71481456572267 4.5
      vertex -38.28529760263459 -24.625280917510324 4.5
    endloop
  endfacet
  facet normal 0 0 1
    outer loop
      vertex -37.82631548055013 -26.778612153434523 4.5
      vertex -37.925 -25.03612159321677 4.5
      vertex -38.01744721465741 -24.974350339247547 4.5
    endloop
  endfacet
  facet normal 0 0 1
    outer loop
      vertex -37.82631548055013 -26.778612153434523 4.5
      vertex -37.82528091751033 -25.08529760263459 4.5
      vertex -37.925 -25.03612159321677 4.5
    endloop
  endfacet
  facet normal 0 0 1
    outer loop
      vertex -38.1470476127563 -26.71481456572267 4.5
      vertex -37.82631548055013 -26.778612153434523 4.5
      vertex -38.01744721465741 -24.974350339247547 4.5
    endloop
  endfacet
  facet normal 0 0 1
    outer loop
      vertex -37.82631548055013 -26.778612153434523 4.5
      vertex -37.71999618833714 -25.121036952345705 4.5
      vertex -37.82528091751033 -25.08529760263459 4.5
    endloop
  endfacet
  facet normal 0 0 1
    outer loop
      vertex -37.82631548055013 -26.778612153434523 4.5
      vertex -37.61094726338705 -25.142728132167736 4.5
      vertex -37.71999618833714 -25.121036952345705 4.5
    endloop
  endfacet
  facet normal 0 0 1
    outer loop
      vertex -37.5 -26.799999999999997 4.5
      vertex -37.5 -25.15 4.5
      vertex -37.61094726338705 -25.142728132167736 4.5
    endloop
  endfacet
  facet normal 0 0 1
    outer loop
      vertex -37.5 -26.799999999999997 4.5
      vertex -37.38905273661295 -25.142728132167736 4.5
      vertex -37.5 -25.15 4.5
    endloop
  endfacet
  facet normal 0 0 1
    outer loop
      vertex -37.17368451944987 -26.778612153434523 4.5
      vertex -37.28000381166286 -25.121036952345705 4.5
      vertex -37.38905273661295 -25.142728132167736 4.5
    endloop
  endfacet
  facet normal 0 0 1
    outer loop
      vertex -37.17368451944987 -26.778612153434523 4.5
      vertex -37.17471908248967 -25.08529760263459 4.5
      vertex -37.28000381166286 -25.121036952345705 4.5
    endloop
  endfacet
  facet normal 0 0 1
    outer loop
      vertex -37.82631548055013 -26.778612153434523 4.5
      vertex -37.5 -26.799999999999997 4.5
      vertex -37.61094726338705 -25.142728132167736 4.5
    endloop
  endfacet
  facet normal 0 0 1
    outer loop
      vertex -37.5 -26.799999999999997 4.5
      vertex -37.17368451944987 -26.778612153434523 4.5
      vertex -37.38905273661295 -25.142728132167736 4.5
    endloop
  endfacet
  facet normal 0 0 1
    outer loop
      vertex -36.8529523872437 -26.71481456572267 4.5
      vertex -36.98255278534259 -24.974350339247547 4.5
      vertex -37.075 -25.03612159321677 4.5
    endloop
  endfacet
  facet normal 0 0 1
    outer loop
      vertex -36.8529523872437 -26.71481456572267 4.5
      vertex -37.075 -25.03612159321677 4.5
      vertex -37.17471908248967 -25.08529760263459 4.5
    endloop
  endfacet
  facet normal 0 0 1
    outer loop
      vertex -37.17368451944987 -26.778612153434523 4.5
      vertex -36.8529523872437 -26.71481456572267 4.5
      vertex -37.17471908248967 -25.08529760263459 4.5
    endloop
  endfacet
  facet normal 0 0 1
    outer loop
      vertex -36.8529523872437 -26.71481456572267 4.5
      vertex -36.543291419087275 -26.609698831278216 4.5
      vertex -36.898959235991434 -24.901040764008563 4.5
    endloop
  endfacet
  facet normal -0.9807852804032317 0.19509032201612206 5.100683010144182e-19
    outer loop
      vertex -39.91481456572267 -23.652952387243694 4.5
      vertex -39.978612153434526 -23.97368451944987 2
      vertex -39.978612153434526 -23.97368451944987 4.5
    endloop
  endfacet
  facet normal -0.9978589232386035 0.06540312923014453 2.3774332076076e-19
    outer loop
      vertex -39.978612153434526 -23.97368451944987 4.5
      vertex -40 -24.299999999999997 2
      vertex -40 -24.299999999999997 4.5
    endloop
  endfacet
  facet normal -0.9978589232386035 -0.06540312923014453 -2.3774332076076e-19
    outer loop
      vertex -40 -24.299999999999997 4.5
      vertex -39.978612153434526 -24.626315480550126 2
      vertex -39.978612153434526 -24.626315480550126 4.5
    endloop
  endfacet
  facet normal -0.9807852804032317 -0.19509032201612206 -5.100683010144182e-19
    outer loop
      vertex -39.978612153434526 -24.626315480550126 4.5
      vertex -39.91481456572267 -24.9470476127563 2
      vertex -39.91481456572267 -24.9470476127563 4.5
    endloop
  endfacet
  facet normal -0.9469301294951059 -0.321439465303161 2.500253253381553e-18
    outer loop
      vertex -39.91481456572267 -24.9470476127563 4.5
      vertex -39.80969883127822 -25.256708580912722 2
      vertex -39.80969883127822 -25.256708580912722 4.5
    endloop
  endfacet
  facet normal -0.8968727415326887 -0.4422886902190004 3.0435733453361666e-18
    outer loop
      vertex -39.80969883127822 -25.256708580912722 4.5
      vertex -39.6650635094611 -25.549999999999997 2
      vertex -39.6650635094611 -25.549999999999997 4.5
    endloop
  endfacet
  facet normal -0.8314696123025439 -0.5555702330196043 -9.978667353979184e-19
    outer loop
      vertex -39.6650635094611 -25.549999999999997 4.5
      vertex -39.48338335072809 -25.821903572521798 2
      vertex -39.48338335072809 -25.821903572521798 4.5
    endloop
  endfacet
  facet normal -0.7518398074789757 -0.6593458151000708 1.2626349901085232e-18
    outer loop
      vertex -39.48338335072809 -25.821903572521798 4.5
      vertex -39.26776695296637 -26.067766952966366 2
      vertex -39.26776695296637 -26.067766952966366 4.5
    endloop
  endfacet
  facet normal -0.6593458151000647 -0.751839807478981 2.6153662628967414e-19
    outer loop
      vertex -39.26776695296637 -26.067766952966366 4.5
      vertex -39.0219035725218 -26.283383350728084 2
      vertex -39.0219035725218 -26.283383350728084 4.5
    endloop
  endfacet
  facet normal -0.5555702330196043 -0.8314696123025439 -9.978667353979184e-19
    outer loop
      vertex -39.0219035725218 -26.283383350728084 4.5
      vertex -38.75 -26.465063509461093 2
      vertex -38.75 -26.465063509461093 4.5
    endloop
  endfacet
  facet normal -0.4422886902190092 -0.8968727415326845 1.641376363531933e-18
    outer loop
      vertex -38.75 -26.465063509461093 4.5
      vertex -38.456708580912725 -26.609698831278216 2
      vertex -38.456708580912725 -26.609698831278216 4.5
    endloop
  endfacet
  facet normal -0.321439465303161 -0.9469301294951059 2.500253253381553e-18
    outer loop
      vertex -38.456708580912725 -26.609698831278216 4.5
      vertex -38.1470476127563 -26.71481456572267 2
      vertex -38.1470476127563 -26.71481456572267 4.5
    endloop
  endfacet
  facet normal -0.19509032201612206 -0.9807852804032317 -5.100683010144182e-19
    outer loop
      vertex -38.1470476127563 -26.71481456572267 4.5
      vertex -37.82631548055013 -26.778612153434523 2
      vertex -37.82631548055013 -26.778612153434523 4.5
    endloop
  endfacet
  facet normal -0.06540312923014453 -0.9978589232386035 -2.3774332076076e-19
    outer loop
      vertex -37.82631548055013 -26.778612153434523 4.5
      vertex -37.5 -26.799999999999997 2
      vertex -37.5 -26.799999999999997 4.5
    endloop
  endfacet
  facet normal 0.06540312923014453 -0.9978589232386035 2.3774332076076e-19
    outer loop
      vertex -37.5 -26.799999999999997 4.5
      vertex -37.17368451944987 -26.778612153434523 2
      vertex -37.17368451944987 -26.778612153434523 4.5
    endloop
  endfacet
  facet normal 0.4422886902190092 -0.8968727415326845 0
    outer loop
      vertex -36.25 -26.465063509461093 4.5
      vertex -36.543291419087275 -26.609698831278216 4.5
      vertex -36.25 -26.465063509461093 2
    endloop
  endfacet
  facet normal 0.7518398074789757 -0.6593458151000708 -1.2626349901085232e-18
    outer loop
      vertex -35.73223304703363 -26.067766952966366 4.5
      vertex -35.51661664927191 -25.821903572521798 2
      vertex -35.51661664927191 -25.821903572521798 4.5
    endloop
  endfacet
  facet normal 0.5555702330196043 -0.8314696123025439 0
    outer loop
      vertex -35.9780964274782 -26.283383350728084 4.5
      vertex -36.25 -26.465063509461093 4.5
      vertex -35.9780964274782 -26.283383350728084 2
    endloop
  endfacet
  facet normal 0.6593458151000647 -0.751839807478981 -2.6153662628967414e-19
    outer loop
      vertex -35.9780964274782 -26.283383350728084 4.5
      vertex -35.73223304703363 -26.067766952966366 2
      vertex -35.73223304703363 -26.067766952966366 4.5
    endloop
  endfacet
  facet normal 0.19509032201612206 -0.9807852804032317 5.100683010144182e-19
    outer loop
      vertex -37.17368451944987 -26.778612153434523 4.5
      vertex -36.8529523872437 -26.71481456572267 2
      vertex -36.8529523872437 -26.71481456572267 4.5
    endloop
  endfacet
  facet normal 0.321439465303161 -0.9469301294951059 -2.500253253381553e-18
    outer loop
      vertex -36.8529523872437 -26.71481456572267 4.5
      vertex -36.543291419087275 -26.609698831278216 2
      vertex -36.543291419087275 -26.609698831278216 4.5
    endloop
  endfacet
  facet normal 0.8314696123025439 0.5555702330196043 0
    outer loop
      vertex -35.51661664927191 -22.778096427478197 4.5
      vertex -35.3349364905389 -23.049999999999997 4.5
      vertex -35.51661664927191 -22.778096427478197 2
    endloop
  endfacet
  facet normal 0.8968727415326887 0.4422886902190004 0
    outer loop
      vertex -35.3349364905389 -23.049999999999997 4.5
      vertex -35.19030116872178 -23.343291419087272 4.5
      vertex -35.3349364905389 -23.049999999999997 2
    endloop
  endfacet
  facet normal 0.9469301294951059 0.321439465303161 0
    outer loop
      vertex -35.19030116872178 -23.343291419087272 4.5
      vertex -35.08518543427733 -23.652952387243694 4.5
      vertex -35.19030116872178 -23.343291419087272 2
    endloop
  endfacet
  facet normal 0 0 1
    outer loop
      vertex -35.51661664927191 -22.778096427478197 4.5
      vertex -35.3349364905389 -25.549999999999997 4.5
      vertex -35.3349364905389 -23.049999999999997 4.5
    endloop
  endfacet
  facet normal 0 0 1
    outer loop
      vertex -35.3349364905389 -23.049999999999997 4.5
      vertex -35.19030116872178 -25.256708580912722 4.5
      vertex -35.19030116872178 -23.343291419087272 4.5
    endloop
  endfacet
  facet normal 0 0 1
    outer loop
      vertex -35.19030116872178 -23.343291419087272 4.5
      vertex -35.08518543427733 -24.9470476127563 4.5
      vertex -35.08518543427733 -23.652952387243694 4.5
    endloop
  endfacet
  facet normal 0 0 1
    outer loop
      vertex -35.08518543427733 -23.652952387243694 4.5
      vertex -35.021387846565474 -24.626315480550126 4.5
      vertex -35.021387846565474 -23.97368451944987 4.5
    endloop
  endfacet
  facet normal 0 0 1
    outer loop
      vertex -35.021387846565474 -23.97368451944987 4.5
      vertex -35.021387846565474 -24.626315480550126 4.5
      vertex -35 -24.299999999999997 4.5
    endloop
  endfacet
  facet normal 0 0 1
    outer loop
      vertex -35.08518543427733 -23.652952387243694 4.5
      vertex -35.08518543427733 -24.9470476127563 4.5
      vertex -35.021387846565474 -24.626315480550126 4.5
    endloop
  endfacet
  facet normal 0 0 1
    outer loop
      vertex -35.19030116872178 -23.343291419087272 4.5
      vertex -35.19030116872178 -25.256708580912722 4.5
      vertex -35.08518543427733 -24.9470476127563 4.5
    endloop
  endfacet
  facet normal 0 0 1
    outer loop
      vertex -35.51661664927191 -22.778096427478197 4.5
      vertex -35.51661664927191 -25.821903572521798 4.5
      vertex -35.3349364905389 -25.549999999999997 4.5
    endloop
  endfacet
  facet normal 0 0 1
    outer loop
      vertex -35.3349364905389 -23.049999999999997 4.5
      vertex -35.3349364905389 -25.549999999999997 4.5
      vertex -35.19030116872178 -25.256708580912722 4.5
    endloop
  endfacet
  facet normal 0.9807852804032317 0.19509032201612206 0
    outer loop
      vertex -35.08518543427733 -23.652952387243694 4.5
      vertex -35.021387846565474 -23.97368451944987 4.5
      vertex -35.08518543427733 -23.652952387243694 2
    endloop
  endfacet
  facet normal 0.9978589232386035 0.06540312923014453 0
    outer loop
      vertex -35.021387846565474 -23.97368451944987 4.5
      vertex -35 -24.299999999999997 4.5
      vertex -35.021387846565474 -23.97368451944987 2
    endloop
  endfacet
  facet normal 0.9978589232386035 -0.06540312923014453 0
    outer loop
      vertex -35 -24.299999999999997 4.5
      vertex -35.021387846565474 -24.626315480550126 4.5
      vertex -35 -24.299999999999997 2
    endloop
  endfacet
  facet normal 0.9807852804032317 -0.19509032201612206 0
    outer loop
      vertex -35.021387846565474 -24.626315480550126 4.5
      vertex -35.08518543427733 -24.9470476127563 4.5
      vertex -35.021387846565474 -24.626315480550126 2
    endloop
  endfacet
  facet normal 0.9469301294951059 -0.321439465303161 0
    outer loop
      vertex -35.08518543427733 -24.9470476127563 4.5
      vertex -35.19030116872178 -25.256708580912722 4.5
      vertex -35.08518543427733 -24.9470476127563 2
    endloop
  endfacet
  facet normal 0.8968727415326887 -0.4422886902190004 -3.0435733453361666e-18
    outer loop
      vertex -35.3349364905389 -25.549999999999997 4.5
      vertex -35.19030116872178 -25.256708580912722 2
      vertex -35.19030116872178 -25.256708580912722 4.5
    endloop
  endfacet
  facet normal 0.8314696123025439 -0.5555702330196043 0
    outer loop
      vertex -35.3349364905389 -25.549999999999997 4.5
      vertex -35.51661664927191 -25.821903572521798 4.5
      vertex -35.3349364905389 -25.549999999999997 2
    endloop
  endfacet
  facet normal -0.4422886902190092 0.8968727415326845 0
    outer loop
      vertex -38.456708580912725 -21.99030116872178 4.5
      vertex -38.456708580912725 -21.99030116872178 2
      vertex -38.75 -22.1349364905389 2
    endloop
  endfacet
  facet normal -0.6593458151000647 0.751839807478981 0
    outer loop
      vertex -39.0219035725218 -22.31661664927191 4.5
      vertex -39.0219035725218 -22.31661664927191 2
      vertex -39.26776695296637 -22.53223304703363 2
    endloop
  endfacet
  facet normal -0.5555702330196043 0.8314696123025439 0
    outer loop
      vertex -38.75 -22.1349364905389 4.5
      vertex -38.75 -22.1349364905389 2
      vertex -39.0219035725218 -22.31661664927191 2
    endloop
  endfacet
  facet normal -0.7518398074789757 0.6593458151000708 0
    outer loop
      vertex -39.26776695296637 -22.53223304703363 4.5
      vertex -39.26776695296637 -22.53223304703363 2
      vertex -39.48338335072809 -22.778096427478197 2
    endloop
  endfacet
  facet normal -0.8314696123025439 0.5555702330196043 0
    outer loop
      vertex -39.48338335072809 -22.778096427478197 4.5
      vertex -39.48338335072809 -22.778096427478197 2
      vertex -39.6650635094611 -23.049999999999997 2
    endloop
  endfacet
  facet normal -0.8968727415326887 0.4422886902190004 0
    outer loop
      vertex -39.6650635094611 -23.049999999999997 4.5
      vertex -39.6650635094611 -23.049999999999997 2
      vertex -39.80969883127822 -23.343291419087272 2
    endloop
  endfacet
  facet normal -0.9469301294951059 0.321439465303161 0
    outer loop
      vertex -39.80969883127822 -23.343291419087272 4.5
      vertex -39.80969883127822 -23.343291419087272 2
      vertex -39.91481456572267 -23.652952387243694 2
    endloop
  endfacet
  facet normal -0.321439465303161 0.9469301294951059 0
    outer loop
      vertex -38.1470476127563 -21.885185434277325 4.5
      vertex -38.1470476127563 -21.885185434277325 2
      vertex -38.456708580912725 -21.99030116872178 2
    endloop
  endfacet
  facet normal -0.19509032201612206 0.9807852804032317 0
    outer loop
      vertex -37.82631548055013 -21.82138784656547 4.5
      vertex -37.82631548055013 -21.82138784656547 2
      vertex -38.1470476127563 -21.885185434277325 2
    endloop
  endfacet
  facet normal -0.06540312923014453 0.9978589232386035 0
    outer loop
      vertex -37.5 -21.799999999999997 4.5
      vertex -37.5 -21.799999999999997 2
      vertex -37.82631548055013 -21.82138784656547 2
    endloop
  endfacet
  facet normal 0.06540312923014453 0.9978589232386035 0
    outer loop
      vertex -37.17368451944987 -21.82138784656547 4.5
      vertex -37.17368451944987 -21.82138784656547 2
      vertex -37.5 -21.799999999999997 2
    endloop
  endfacet
  facet normal 0.19509032201612206 0.9807852804032317 0
    outer loop
      vertex -36.8529523872437 -21.885185434277325 4.5
      vertex -36.8529523872437 -21.885185434277325 2
      vertex -37.17368451944987 -21.82138784656547 2
    endloop
  endfacet
  facet normal 0.321439465303161 0.9469301294951059 0
    outer loop
      vertex -36.543291419087275 -21.99030116872178 4.5
      vertex -36.543291419087275 -21.99030116872178 2
      vertex -36.8529523872437 -21.885185434277325 2
    endloop
  endfacet
  facet normal 0.4422886902190092 0.8968727415326845 0
    outer loop
      vertex -36.25 -22.1349364905389 4.5
      vertex -36.25 -22.1349364905389 2
      vertex -36.543291419087275 -21.99030116872178 2
    endloop
  endfacet
  facet normal 0.5555702330196043 0.8314696123025439 0
    outer loop
      vertex -35.9780964274782 -22.31661664927191 4.5
      vertex -35.9780964274782 -22.31661664927191 2
      vertex -36.25 -22.1349364905389 2
    endloop
  endfacet
  facet normal 0.6593458151000647 0.751839807478981 0
    outer loop
      vertex -35.73223304703363 -22.53223304703363 4.5
      vertex -35.73223304703363 -22.53223304703363 2
      vertex -35.9780964274782 -22.31661664927191 2
    endloop
  endfacet
  facet normal 0.7518398074789757 0.6593458151000708 0
    outer loop
      vertex -35.51661664927191 -22.778096427478197 4.5
      vertex -35.51661664927191 -22.778096427478197 2
      vertex -35.73223304703363 -22.53223304703363 2
    endloop
  endfacet
  facet normal -0.9807852804032317 0.19509032201612206 0
    outer loop
      vertex -39.91481456572267 -23.652952387243694 4.5
      vertex -39.91481456572267 -23.652952387243694 2
      vertex -39.978612153434526 -23.97368451944987 2
    endloop
  endfacet
  facet normal -0.9978589232386035 0.06540312923014453 0
    outer loop
      vertex -39.978612153434526 -23.97368451944987 4.5
      vertex -39.978612153434526 -23.97368451944987 2
      vertex -40 -24.299999999999997 2
    endloop
  endfacet
  facet normal -0.9978589232386035 -0.06540312923014453 0
    outer loop
      vertex -40 -24.299999999999997 4.5
      vertex -40 -24.299999999999997 2
      vertex -39.978612153434526 -24.626315480550126 2
    endloop
  endfacet
  facet normal -0.9807852804032317 -0.19509032201612206 0
    outer loop
      vertex -39.978612153434526 -24.626315480550126 4.5
      vertex -39.978612153434526 -24.626315480550126 2
      vertex -39.91481456572267 -24.9470476127563 2
    endloop
  endfacet
  facet normal -0.9469301294951059 -0.321439465303161 0
    outer loop
      vertex -39.91481456572267 -24.9470476127563 4.5
      vertex -39.91481456572267 -24.9470476127563 2
      vertex -39.80969883127822 -25.256708580912722 2
    endloop
  endfacet
  facet normal -0.8968727415326887 -0.4422886902190004 0
    outer loop
      vertex -39.80969883127822 -25.256708580912722 4.5
      vertex -39.80969883127822 -25.256708580912722 2
      vertex -39.6650635094611 -25.549999999999997 2
    endloop
  endfacet
  facet normal -0.8314696123025439 -0.5555702330196043 0
    outer loop
      vertex -39.6650635094611 -25.549999999999997 4.5
      vertex -39.6650635094611 -25.549999999999997 2
      vertex -39.48338335072809 -25.821903572521798 2
    endloop
  endfacet
  facet normal -0.7518398074789757 -0.6593458151000708 0
    outer loop
      vertex -39.48338335072809 -25.821903572521798 4.5
      vertex -39.48338335072809 -25.821903572521798 2
      vertex -39.26776695296637 -26.067766952966366 2
    endloop
  endfacet
  facet normal -0.6593458151000647 -0.751839807478981 0
    outer loop
      vertex -39.26776695296637 -26.067766952966366 4.5
      vertex -39.26776695296637 -26.067766952966366 2
      vertex -39.0219035725218 -26.283383350728084 2
    endloop
  endfacet
  facet normal -0.5555702330196043 -0.8314696123025439 0
    outer loop
      vertex -39.0219035725218 -26.283383350728084 4.5
      vertex -39.0219035725218 -26.283383350728084 2
      vertex -38.75 -26.465063509461093 2
    endloop
  endfacet
  facet normal -0.4422886902190092 -0.8968727415326845 0
    outer loop
      vertex -38.75 -26.465063509461093 4.5
      vertex -38.75 -26.465063509461093 2
      vertex -38.456708580912725 -26.609698831278216 2
    endloop
  endfacet
  facet normal -0.321439465303161 -0.9469301294951059 0
    outer loop
      vertex -38.456708580912725 -26.609698831278216 4.5
      vertex -38.456708580912725 -26.609698831278216 2
      vertex -38.1470476127563 -26.71481456572267 2
    endloop
  endfacet
  facet normal -0.19509032201612206 -0.9807852804032317 0
    outer loop
      vertex -38.1470476127563 -26.71481456572267 4.5
      vertex -38.1470476127563 -26.71481456572267 2
      vertex -37.82631548055013 -26.778612153434523 2
    endloop
  endfacet
  facet normal -0.06540312923014453 -0.9978589232386035 0
    outer loop
      vertex -37.82631548055013 -26.778612153434523 4.5
      vertex -37.82631548055013 -26.778612153434523 2
      vertex -37.5 -26.799999999999997 2
    endloop
  endfacet
  facet normal 0.06540312923014453 -0.9978589232386035 0
    outer loop
      vertex -37.5 -26.799999999999997 4.5
      vertex -37.5 -26.799999999999997 2
      vertex -37.17368451944987 -26.778612153434523 2
    endloop
  endfacet
  facet normal 0.7518398074789757 -0.6593458151000708 0
    outer loop
      vertex -35.73223304703363 -26.067766952966366 4.5
      vertex -35.73223304703363 -26.067766952966366 2
      vertex -35.51661664927191 -25.821903572521798 2
    endloop
  endfacet
  facet normal 0.5555702330196043 -0.8314696123025439 0
    outer loop
      vertex -36.25 -26.465063509461093 4.5
      vertex -36.25 -26.465063509461093 2
      vertex -35.9780964274782 -26.283383350728084 2
    endloop
  endfacet
  facet normal 0.6593458151000647 -0.751839807478981 0
    outer loop
      vertex -35.9780964274782 -26.283383350728084 4.5
      vertex -35.9780964274782 -26.283383350728084 2
      vertex -35.73223304703363 -26.067766952966366 2
    endloop
  endfacet
  facet normal 0.19509032201612206 -0.9807852804032317 0
    outer loop
      vertex -37.17368451944987 -26.778612153434523 4.5
      vertex -37.17368451944987 -26.778612153434523 2
      vertex -36.8529523872437 -26.71481456572267 2
    endloop
  endfacet
  facet normal 0.321439465303161 -0.9469301294951059 0
    outer loop
      vertex -36.8529523872437 -26.71481456572267 4.5
      vertex -36.8529523872437 -26.71481456572267 2
      vertex -36.543291419087275 -26.609698831278216 2
    endloop
  endfacet
  facet normal 0.4422886902190092 -0.8968727415326845 0
    outer loop
      vertex -36.543291419087275 -26.609698831278216 4.5
      vertex -36.543291419087275 -26.609698831278216 2
      vertex -36.25 -26.465063509461093 2
    endloop
  endfacet
  facet normal 0.8314696123025439 0.5555702330196043 0
    outer loop
      vertex -35.3349364905389 -23.049999999999997 4.5
      vertex -35.3349364905389 -23.049999999999997 2
      vertex -35.51661664927191 -22.778096427478197 2
    endloop
  endfacet
  facet normal 0.8968727415326887 0.4422886902190004 0
    outer loop
      vertex -35.19030116872178 -23.343291419087272 4.5
      vertex -35.19030116872178 -23.343291419087272 2
      vertex -35.3349364905389 -23.049999999999997 2
    endloop
  endfacet
  facet normal 0.9469301294951059 0.321439465303161 0
    outer loop
      vertex -35.08518543427733 -23.652952387243694 4.5
      vertex -35.08518543427733 -23.652952387243694 2
      vertex -35.19030116872178 -23.343291419087272 2
    endloop
  endfacet
  facet normal 0.9807852804032317 0.19509032201612206 0
    outer loop
      vertex -35.021387846565474 -23.97368451944987 4.5
      vertex -35.021387846565474 -23.97368451944987 2
      vertex -35.08518543427733 -23.652952387243694 2
    endloop
  endfacet
  facet normal 0.9978589232386035 0.06540312923014453 0
    outer loop
      vertex -35 -24.299999999999997 4.5
      vertex -35 -24.299999999999997 2
      vertex -35.021387846565474 -23.97368451944987 2
    endloop
  endfacet
  facet normal 0.9978589232386035 -0.06540312923014453 0
    outer loop
      vertex -35.021387846565474 -24.626315480550126 4.5
      vertex -35.021387846565474 -24.626315480550126 2
      vertex -35 -24.299999999999997 2
    endloop
  endfacet
  facet normal 0.9807852804032317 -0.19509032201612206 0
    outer loop
      vertex -35.08518543427733 -24.9470476127563 4.5
      vertex -35.08518543427733 -24.9470476127563 2
      vertex -35.021387846565474 -24.626315480550126 2
    endloop
  endfacet
  facet normal 0.8968727415326887 -0.4422886902190004 0
    outer loop
      vertex -35.3349364905389 -25.549999999999997 4.5
      vertex -35.3349364905389 -25.549999999999997 2
      vertex -35.19030116872178 -25.256708580912722 2
    endloop
  endfacet
  facet normal 0.9469301294951059 -0.321439465303161 0
    outer loop
      vertex -35.19030116872178 -25.256708580912722 4.5
      vertex -35.19030116872178 -25.256708580912722 2
      vertex -35.08518543427733 -24.9470476127563 2
    endloop
  endfacet
  facet normal 0.8314696123025439 -0.5555702330196043 0
    outer loop
      vertex -35.51661664927191 -25.821903572521798 4.5
      vertex -35.51661664927191 -25.821903572521798 2
      vertex -35.3349364905389 -25.549999999999997 2
    endloop
  endfacet
  facet normal 0 0 1
    outer loop
      vertex 35.51661664927191 -58.7780964274782 4.5
      vertex 35.3349364905389 -59.05 4.5
      vertex 35.51661664927191 -61.8219035725218 4.5
    endloop
  endfacet
  facet normal 0 0 1
    outer loop
      vertex 35.08518543427733 -59.652952387243694 4.5
      vertex 35.021387846565474 -59.97368451944987 4.5
      vertex 35.08518543427733 -60.9470476127563 4.5
    endloop
  endfacet
  facet normal 0 0 1
    outer loop
      vertex 35.19030116872178 -59.34329141908727 4.5
      vertex 35.08518543427733 -59.652952387243694 4.5
      vertex 35.19030116872178 -61.25670858091272 4.5
    endloop
  endfacet
  facet normal 0 0 1
    outer loop
      vertex 35.021387846565474 -59.97368451944987 4.5
      vertex 35 -60.3 4.5
      vertex 35.021387846565474 -60.626315480550126 4.5
    endloop
  endfacet
  facet normal 0 0 1
    outer loop
      vertex 35.19030116872178 -59.34329141908727 4.5
      vertex 35.3349364905389 -61.55 4.5
      vertex 35.3349364905389 -59.05 4.5
    endloop
  endfacet
  facet normal 0 0 1
    outer loop
      vertex 35.021387846565474 -59.97368451944987 4.5
      vertex 35.021387846565474 -60.626315480550126 4.5
      vertex 35.08518543427733 -60.9470476127563 4.5
    endloop
  endfacet
  facet normal 0 0 1
    outer loop
      vertex 35.08518543427733 -59.652952387243694 4.5
      vertex 35.08518543427733 -60.9470476127563 4.5
      vertex 35.19030116872178 -61.25670858091272 4.5
    endloop
  endfacet
  facet normal 0 0 1
    outer loop
      vertex 35.19030116872178 -59.34329141908727 4.5
      vertex 35.19030116872178 -61.25670858091272 4.5
      vertex 35.3349364905389 -61.55 4.5
    endloop
  endfacet
  facet normal 0 0 1
    outer loop
      vertex 35.3349364905389 -59.05 4.5
      vertex 35.3349364905389 -61.55 4.5
      vertex 35.51661664927191 -61.8219035725218 4.5
    endloop
  endfacet
  facet normal -0.8314696123025439 0.5555702330196043 9.978667353979184e-19
    outer loop
      vertex 35.51661664927191 -58.7780964274782 4.5
      vertex 35.3349364905389 -59.05 2
      vertex 35.3349364905389 -59.05 4.5
    endloop
  endfacet
  facet normal -0.8968727415326887 0.4422886902190004 0
    outer loop
      vertex 35.19030116872178 -59.34329141908727 4.5
      vertex 35.3349364905389 -59.05 4.5
      vertex 35.19030116872178 -59.34329141908727 2
    endloop
  endfacet
  facet normal -0.9469301294951059 0.321439465303161 -2.500253253381553e-18
    outer loop
      vertex 35.19030116872178 -59.34329141908727 4.5
      vertex 35.08518543427733 -59.652952387243694 2
      vertex 35.08518543427733 -59.652952387243694 4.5
    endloop
  endfacet
  facet normal -0.9807852804032317 0.19509032201612206 5.100683010144182e-19
    outer loop
      vertex 35.08518543427733 -59.652952387243694 4.5
      vertex 35.021387846565474 -59.97368451944987 2
      vertex 35.021387846565474 -59.97368451944987 4.5
    endloop
  endfacet
  facet normal -0.9978589232386035 0.06540312923014453 2.3774332076076e-19
    outer loop
      vertex 35.021387846565474 -59.97368451944987 4.5
      vertex 35 -60.3 2
      vertex 35 -60.3 4.5
    endloop
  endfacet
  facet normal -0.9978589232386035 -0.06540312923014453 -2.3774332076076e-19
    outer loop
      vertex 35 -60.3 4.5
      vertex 35.021387846565474 -60.626315480550126 2
      vertex 35.021387846565474 -60.626315480550126 4.5
    endloop
  endfacet
  facet normal -0.9807852804032317 -0.19509032201612206 -5.100683010144182e-19
    outer loop
      vertex 35.021387846565474 -60.626315480550126 4.5
      vertex 35.08518543427733 -60.9470476127563 2
      vertex 35.08518543427733 -60.9470476127563 4.5
    endloop
  endfacet
  facet normal -0.9469301294951059 -0.321439465303161 2.500253253381553e-18
    outer loop
      vertex 35.08518543427733 -60.9470476127563 4.5
      vertex 35.19030116872178 -61.25670858091272 2
      vertex 35.19030116872178 -61.25670858091272 4.5
    endloop
  endfacet
  facet normal -0.8968727415326887 -0.4422886902190004 3.0435733453361666e-18
    outer loop
      vertex 35.19030116872178 -61.25670858091272 4.5
      vertex 35.3349364905389 -61.55 2
      vertex 35.3349364905389 -61.55 4.5
    endloop
  endfacet
  facet normal -0.8314696123025439 -0.5555702330196043 -9.978667353979184e-19
    outer loop
      vertex 35.3349364905389 -61.55 4.5
      vertex 35.51661664927191 -61.8219035725218 2
      vertex 35.51661664927191 -61.8219035725218 4.5
    endloop
  endfacet
  facet normal 0 0 1
    outer loop
      vertex 36.8529523872437 -57.885185434277325 4.5
      vertex 37.17471908248967 -59.514702397365404 4.5
      vertex 37.17368451944987 -57.82138784656547 4.5
    endloop
  endfacet
  facet normal 0 0 1
    outer loop
      vertex 36.8529523872437 -57.885185434277325 4.5
      vertex 36.543291419087275 -57.99030116872178 4.5
      vertex 36.898959235991434 -59.69895923599143 4.5
    endloop
  endfacet
  facet normal 0 0 1
    outer loop
      vertex 37.17368451944987 -57.82138784656547 4.5
      vertex 37.38905273661295 -59.45727186783226 4.5
      vertex 37.5 -57.8 4.5
    endloop
  endfacet
  facet normal 0 0 1
    outer loop
      vertex 37.5 -57.8 4.5
      vertex 37.61094726338705 -59.45727186783226 4.5
      vertex 37.82631548055013 -57.82138784656547 4.5
    endloop
  endfacet
  facet normal 0 0 1
    outer loop
      vertex 37.17368451944987 -57.82138784656547 4.5
      vertex 37.17471908248967 -59.514702397365404 4.5
      vertex 37.28000381166286 -59.47896304765429 4.5
    endloop
  endfacet
  facet normal 0 0 1
    outer loop
      vertex 37.17368451944987 -57.82138784656547 4.5
      vertex 37.28000381166286 -59.47896304765429 4.5
      vertex 37.38905273661295 -59.45727186783226 4.5
    endloop
  endfacet
  facet normal 0 0 1
    outer loop
      vertex 37.5 -57.8 4.5
      vertex 37.38905273661295 -59.45727186783226 4.5
      vertex 37.5 -59.449999999999996 4.5
    endloop
  endfacet
  facet normal 0 0 1
    outer loop
      vertex 37.5 -57.8 4.5
      vertex 37.5 -59.449999999999996 4.5
      vertex 37.61094726338705 -59.45727186783226 4.5
    endloop
  endfacet
  facet normal 0 0 1
    outer loop
      vertex 37.82631548055013 -57.82138784656547 4.5
      vertex 37.61094726338705 -59.45727186783226 4.5
      vertex 37.71999618833714 -59.47896304765429 4.5
    endloop
  endfacet
  facet normal 0 0 1
    outer loop
      vertex 37.82631548055013 -57.82138784656547 4.5
      vertex 37.71999618833714 -59.47896304765429 4.5
      vertex 37.82528091751033 -59.514702397365404 4.5
    endloop
  endfacet
  facet normal 0 0 1
    outer loop
      vertex 37.82631548055013 -57.82138784656547 4.5
      vertex 38.01744721465741 -59.625649660752444 4.5
      vertex 38.1470476127563 -57.885185434277325 4.5
    endloop
  endfacet
  facet normal 0 0 1
    outer loop
      vertex 37.82631548055013 -57.82138784656547 4.5
      vertex 37.82528091751033 -59.514702397365404 4.5
      vertex 37.925 -59.563878406783225 4.5
    endloop
  endfacet
  facet normal 0 0 1
    outer loop
      vertex 38.1470476127563 -57.885185434277325 4.5
      vertex 38.28529760263459 -59.97471908248967 4.5
      vertex 38.456708580912725 -57.99030116872178 4.5
    endloop
  endfacet
  facet normal 0 0 1
    outer loop
      vertex 35.51661664927191 -58.7780964274782 4.5
      vertex 35.73223304703363 -62.067766952966366 4.5
      vertex 35.73223304703363 -58.53223304703363 4.5
    endloop
  endfacet
  facet normal 0 0 1
    outer loop
      vertex 35.9780964274782 -58.31661664927191 4.5
      vertex 35.73223304703363 -58.53223304703363 4.5
      vertex 35.9780964274782 -62.28338335072809 4.5
    endloop
  endfacet
  facet normal 0 0 1
    outer loop
      vertex 36.25 -58.1349364905389 4.5
      vertex 35.9780964274782 -58.31661664927191 4.5
      vertex 36.25 -62.465063509461096 4.5
    endloop
  endfacet
  facet normal 0 0 1
    outer loop
      vertex 36.543291419087275 -57.99030116872178 4.5
      vertex 36.71470239736541 -59.97471908248967 4.5
      vertex 36.76387840678323 -59.875 4.5
    endloop
  endfacet
  facet normal 0 0 1
    outer loop
      vertex 36.543291419087275 -57.99030116872178 4.5
      vertex 36.67896304765429 -60.080003811662856 4.5
      vertex 36.71470239736541 -59.97471908248967 4.5
    endloop
  endfacet
  facet normal 0 0 1
    outer loop
      vertex 36.543291419087275 -57.99030116872178 4.5
      vertex 36.657271867832264 -60.18905273661295 4.5
      vertex 36.67896304765429 -60.080003811662856 4.5
    endloop
  endfacet
  facet normal 0 0 1
    outer loop
      vertex 36.543291419087275 -57.99030116872178 4.5
      vertex 36.82564966075245 -59.78255278534259 4.5
      vertex 36.898959235991434 -59.69895923599143 4.5
    endloop
  endfacet
  facet normal 0 0 1
    outer loop
      vertex 36.8529523872437 -57.885185434277325 4.5
      vertex 36.98255278534259 -59.625649660752444 4.5
      vertex 37.075 -59.563878406783225 4.5
    endloop
  endfacet
  facet normal 0 0 1
    outer loop
      vertex 36.8529523872437 -57.885185434277325 4.5
      vertex 37.075 -59.563878406783225 4.5
      vertex 37.17471908248967 -59.514702397365404 4.5
    endloop
  endfacet
  facet normal 0 0 1
    outer loop
      vertex 36.8529523872437 -57.885185434277325 4.5
      vertex 36.898959235991434 -59.69895923599143 4.5
      vertex 36.98255278534259 -59.625649660752444 4.5
    endloop
  endfacet
  facet normal 0 0 1
    outer loop
      vertex 36.543291419087275 -57.99030116872178 4.5
      vertex 36.76387840678323 -59.875 4.5
      vertex 36.82564966075245 -59.78255278534259 4.5
    endloop
  endfacet
  facet normal 0 0 1
    outer loop
      vertex 36.25 -58.1349364905389 4.5
      vertex 36.543291419087275 -62.609698831278216 4.5
      vertex 36.543291419087275 -57.99030116872178 4.5
    endloop
  endfacet
  facet normal 0 0 1
    outer loop
      vertex 36.543291419087275 -57.99030116872178 4.5
      vertex 36.65 -60.3 4.5
      vertex 36.657271867832264 -60.18905273661295 4.5
    endloop
  endfacet
  facet normal 0 0 1
    outer loop
      vertex 35.51661664927191 -58.7780964274782 4.5
      vertex 35.51661664927191 -61.8219035725218 4.5
      vertex 35.73223304703363 -62.067766952966366 4.5
    endloop
  endfacet
  facet normal 0 0 1
    outer loop
      vertex 36.543291419087275 -57.99030116872178 4.5
      vertex 36.543291419087275 -62.609698831278216 4.5
      vertex 36.65 -60.3 4.5
    endloop
  endfacet
  facet normal 0 0 1
    outer loop
      vertex 37.82631548055013 -57.82138784656547 4.5
      vertex 37.925 -59.563878406783225 4.5
      vertex 38.01744721465741 -59.625649660752444 4.5
    endloop
  endfacet
  facet normal 0 0 1
    outer loop
      vertex 38.1470476127563 -57.885185434277325 4.5
      vertex 38.01744721465741 -59.625649660752444 4.5
      vertex 38.101040764008566 -59.69895923599143 4.5
    endloop
  endfacet
  facet normal 0 0 1
    outer loop
      vertex 38.1470476127563 -57.885185434277325 4.5
      vertex 38.101040764008566 -59.69895923599143 4.5
      vertex 38.17435033924755 -59.78255278534259 4.5
    endloop
  endfacet
  facet normal 0 0 1
    outer loop
      vertex 38.1470476127563 -57.885185434277325 4.5
      vertex 38.17435033924755 -59.78255278534259 4.5
      vertex 38.23612159321677 -59.875 4.5
    endloop
  endfacet
  facet normal 0 0 1
    outer loop
      vertex 38.1470476127563 -57.885185434277325 4.5
      vertex 38.23612159321677 -59.875 4.5
      vertex 38.28529760263459 -59.97471908248967 4.5
    endloop
  endfacet
  facet normal 0 0 1
    outer loop
      vertex 38.456708580912725 -57.99030116872178 4.5
      vertex 38.28529760263459 -59.97471908248967 4.5
      vertex 38.32103695234571 -60.080003811662856 4.5
    endloop
  endfacet
  facet normal 0 0 1
    outer loop
      vertex 38.456708580912725 -57.99030116872178 4.5
      vertex 38.32103695234571 -60.080003811662856 4.5
      vertex 38.342728132167736 -60.18905273661295 4.5
    endloop
  endfacet
  facet normal 0 0 1
    outer loop
      vertex 38.456708580912725 -57.99030116872178 4.5
      vertex 38.342728132167736 -60.18905273661295 4.5
      vertex 38.35 -60.3 4.5
    endloop
  endfacet
  facet normal 0 0 1
    outer loop
      vertex 38.456708580912725 -57.99030116872178 4.5
      vertex 38.35 -60.3 4.5
      vertex 38.456708580912725 -62.609698831278216 4.5
    endloop
  endfacet
  facet normal 0 0 1
    outer loop
      vertex 35.73223304703363 -58.53223304703363 4.5
      vertex 35.73223304703363 -62.067766952966366 4.5
      vertex 35.9780964274782 -62.28338335072809 4.5
    endloop
  endfacet
  facet normal 0 0 1
    outer loop
      vertex 35.9780964274782 -58.31661664927191 4.5
      vertex 35.9780964274782 -62.28338335072809 4.5
      vertex 36.25 -62.465063509461096 4.5
    endloop
  endfacet
  facet normal 0 0 1
    outer loop
      vertex 36.25 -58.1349364905389 4.5
      vertex 36.25 -62.465063509461096 4.5
      vertex 36.543291419087275 -62.609698831278216 4.5
    endloop
  endfacet
  facet normal 0 0 1
    outer loop
      vertex 36.543291419087275 -62.609698831278216 4.5
      vertex 36.657271867832264 -60.410947263387044 4.5
      vertex 36.65 -60.3 4.5
    endloop
  endfacet
  facet normal 0 0 1
    outer loop
      vertex 36.543291419087275 -62.609698831278216 4.5
      vertex 36.71470239736541 -60.625280917510324 4.5
      vertex 36.67896304765429 -60.51999618833714 4.5
    endloop
  endfacet
  facet normal 0 0 1
    outer loop
      vertex 36.543291419087275 -62.609698831278216 4.5
      vertex 36.67896304765429 -60.51999618833714 4.5
      vertex 36.657271867832264 -60.410947263387044 4.5
    endloop
  endfacet
  facet normal 0 0 1
    outer loop
      vertex 36.8529523872437 -62.71481456572267 4.5
      vertex 36.76387840678323 -60.724999999999994 4.5
      vertex 36.71470239736541 -60.625280917510324 4.5
    endloop
  endfacet
  facet normal 0 0 1
    outer loop
      vertex 36.8529523872437 -62.71481456572267 4.5
      vertex 36.82564966075245 -60.817447214657406 4.5
      vertex 36.76387840678323 -60.724999999999994 4.5
    endloop
  endfacet
  facet normal 0 0 1
    outer loop
      vertex 36.8529523872437 -62.71481456572267 4.5
      vertex 36.898959235991434 -60.90104076400856 4.5
      vertex 36.82564966075245 -60.817447214657406 4.5
    endloop
  endfacet
  facet normal 0 0 1
    outer loop
      vertex 36.8529523872437 -62.71481456572267 4.5
      vertex 36.98255278534259 -60.97435033924755 4.5
      vertex 36.898959235991434 -60.90104076400856 4.5
    endloop
  endfacet
  facet normal 0 0 1
    outer loop
      vertex 36.543291419087275 -62.609698831278216 4.5
      vertex 36.8529523872437 -62.71481456572267 4.5
      vertex 36.71470239736541 -60.625280917510324 4.5
    endloop
  endfacet
  facet normal 0 0 1
    outer loop
      vertex 36.8529523872437 -62.71481456572267 4.5
      vertex 37.17368451944987 -62.77861215343452 4.5
      vertex 36.98255278534259 -60.97435033924755 4.5
    endloop
  endfacet
  facet normal 0 0 1
    outer loop
      vertex 37.17368451944987 -62.77861215343452 4.5
      vertex 37.075 -61.03612159321677 4.5
      vertex 36.98255278534259 -60.97435033924755 4.5
    endloop
  endfacet
  facet normal 0 0 1
    outer loop
      vertex 37.17368451944987 -62.77861215343452 4.5
      vertex 37.17471908248967 -61.08529760263459 4.5
      vertex 37.075 -61.03612159321677 4.5
    endloop
  endfacet
  facet normal 0 0 1
    outer loop
      vertex 37.17368451944987 -62.77861215343452 4.5
      vertex 37.28000381166286 -61.121036952345705 4.5
      vertex 37.17471908248967 -61.08529760263459 4.5
    endloop
  endfacet
  facet normal 0 0 1
    outer loop
      vertex 37.17368451944987 -62.77861215343452 4.5
      vertex 37.38905273661295 -61.14272813216773 4.5
      vertex 37.28000381166286 -61.121036952345705 4.5
    endloop
  endfacet
  facet normal 0 0 1
    outer loop
      vertex 37.82631548055013 -62.77861215343452 4.5
      vertex 37.82528091751033 -61.08529760263459 4.5
      vertex 37.71999618833714 -61.121036952345705 4.5
    endloop
  endfacet
  facet normal 0 0 1
    outer loop
      vertex 37.5 -62.8 4.5
      vertex 37.5 -61.15 4.5
      vertex 37.38905273661295 -61.14272813216773 4.5
    endloop
  endfacet
  facet normal 0 0 1
    outer loop
      vertex 37.5 -62.8 4.5
      vertex 37.61094726338705 -61.14272813216773 4.5
      vertex 37.5 -61.15 4.5
    endloop
  endfacet
  facet normal 0 0 1
    outer loop
      vertex 37.82631548055013 -62.77861215343452 4.5
      vertex 37.71999618833714 -61.121036952345705 4.5
      vertex 37.61094726338705 -61.14272813216773 4.5
    endloop
  endfacet
  facet normal 0 0 1
    outer loop
      vertex 38.456708580912725 -62.609698831278216 4.5
      vertex 38.35 -60.3 4.5
      vertex 38.342728132167736 -60.410947263387044 4.5
    endloop
  endfacet
  facet normal 0 0 1
    outer loop
      vertex 38.456708580912725 -62.609698831278216 4.5
      vertex 38.32103695234571 -60.51999618833714 4.5
      vertex 38.28529760263459 -60.625280917510324 4.5
    endloop
  endfacet
  facet normal 0 0 1
    outer loop
      vertex 38.456708580912725 -62.609698831278216 4.5
      vertex 38.28529760263459 -60.625280917510324 4.5
      vertex 38.23612159321677 -60.724999999999994 4.5
    endloop
  endfacet
  facet normal 0 0 1
    outer loop
      vertex 38.456708580912725 -62.609698831278216 4.5
      vertex 38.23612159321677 -60.724999999999994 4.5
      vertex 38.17435033924755 -60.817447214657406 4.5
    endloop
  endfacet
  facet normal 0 0 1
    outer loop
      vertex 38.456708580912725 -62.609698831278216 4.5
      vertex 38.342728132167736 -60.410947263387044 4.5
      vertex 38.32103695234571 -60.51999618833714 4.5
    endloop
  endfacet
  facet normal 0 0 1
    outer loop
      vertex 38.1470476127563 -62.71481456572267 4.5
      vertex 37.925 -61.03612159321677 4.5
      vertex 37.82528091751033 -61.08529760263459 4.5
    endloop
  endfacet
  facet normal 0 0 1
    outer loop
      vertex 38.1470476127563 -62.71481456572267 4.5
      vertex 38.101040764008566 -60.90104076400856 4.5
      vertex 38.01744721465741 -60.97435033924755 4.5
    endloop
  endfacet
  facet normal 0 0 1
    outer loop
      vertex 38.1470476127563 -62.71481456572267 4.5
      vertex 38.01744721465741 -60.97435033924755 4.5
      vertex 37.925 -61.03612159321677 4.5
    endloop
  endfacet
  facet normal 0 0 1
    outer loop
      vertex 38.456708580912725 -62.609698831278216 4.5
      vertex 38.17435033924755 -60.817447214657406 4.5
      vertex 38.101040764008566 -60.90104076400856 4.5
    endloop
  endfacet
  facet normal 0 0 1
    outer loop
      vertex 37.17368451944987 -62.77861215343452 4.5
      vertex 37.5 -62.8 4.5
      vertex 37.38905273661295 -61.14272813216773 4.5
    endloop
  endfacet
  facet normal 0 0 1
    outer loop
      vertex 37.5 -62.8 4.5
      vertex 37.82631548055013 -62.77861215343452 4.5
      vertex 37.61094726338705 -61.14272813216773 4.5
    endloop
  endfacet
  facet normal 0 0 1
    outer loop
      vertex 37.82631548055013 -62.77861215343452 4.5
      vertex 38.1470476127563 -62.71481456572267 4.5
      vertex 37.82528091751033 -61.08529760263459 4.5
    endloop
  endfacet
  facet normal 0 0 1
    outer loop
      vertex 38.1470476127563 -62.71481456572267 4.5
      vertex 38.456708580912725 -62.609698831278216 4.5
      vertex 38.101040764008566 -60.90104076400856 4.5
    endloop
  endfacet
  facet normal 0 0 1
    outer loop
      vertex 38.456708580912725 -57.99030116872178 4.5
      vertex 38.75 -62.465063509461096 4.5
      vertex 38.75 -58.1349364905389 4.5
    endloop
  endfacet
  facet normal 0 0 1
    outer loop
      vertex 38.75 -58.1349364905389 4.5
      vertex 39.0219035725218 -62.28338335072809 4.5
      vertex 39.0219035725218 -58.31661664927191 4.5
    endloop
  endfacet
  facet normal 0 0 1
    outer loop
      vertex 39.0219035725218 -58.31661664927191 4.5
      vertex 39.26776695296637 -62.067766952966366 4.5
      vertex 39.26776695296637 -58.53223304703363 4.5
    endloop
  endfacet
  facet normal 0 0 1
    outer loop
      vertex 39.26776695296637 -58.53223304703363 4.5
      vertex 39.48338335072809 -61.8219035725218 4.5
      vertex 39.48338335072809 -58.7780964274782 4.5
    endloop
  endfacet
  facet normal 0 0 1
    outer loop
      vertex 39.48338335072809 -58.7780964274782 4.5
      vertex 39.6650635094611 -61.55 4.5
      vertex 39.6650635094611 -59.05 4.5
    endloop
  endfacet
  facet normal 0 0 1
    outer loop
      vertex 39.6650635094611 -59.05 4.5
      vertex 39.80969883127822 -61.25670858091272 4.5
      vertex 39.80969883127822 -59.34329141908727 4.5
    endloop
  endfacet
  facet normal 0 0 1
    outer loop
      vertex 39.0219035725218 -58.31661664927191 4.5
      vertex 39.0219035725218 -62.28338335072809 4.5
      vertex 39.26776695296637 -62.067766952966366 4.5
    endloop
  endfacet
  facet normal 0 0 1
    outer loop
      vertex 39.80969883127822 -59.34329141908727 4.5
      vertex 39.91481456572267 -60.9470476127563 4.5
      vertex 39.91481456572267 -59.652952387243694 4.5
    endloop
  endfacet
  facet normal 0 0 1
    outer loop
      vertex 39.91481456572267 -59.652952387243694 4.5
      vertex 39.978612153434526 -60.626315480550126 4.5
      vertex 39.978612153434526 -59.97368451944987 4.5
    endloop
  endfacet
  facet normal 0 0 1
    outer loop
      vertex 39.978612153434526 -59.97368451944987 4.5
      vertex 39.978612153434526 -60.626315480550126 4.5
      vertex 40 -60.3 4.5
    endloop
  endfacet
  facet normal 0 0 1
    outer loop
      vertex 39.91481456572267 -59.652952387243694 4.5
      vertex 39.91481456572267 -60.9470476127563 4.5
      vertex 39.978612153434526 -60.626315480550126 4.5
    endloop
  endfacet
  facet normal 0 0 1
    outer loop
      vertex 39.26776695296637 -58.53223304703363 4.5
      vertex 39.26776695296637 -62.067766952966366 4.5
      vertex 39.48338335072809 -61.8219035725218 4.5
    endloop
  endfacet
  facet normal 0 0 1
    outer loop
      vertex 39.48338335072809 -58.7780964274782 4.5
      vertex 39.48338335072809 -61.8219035725218 4.5
      vertex 39.6650635094611 -61.55 4.5
    endloop
  endfacet
  facet normal 0 0 1
    outer loop
      vertex 39.80969883127822 -59.34329141908727 4.5
      vertex 39.80969883127822 -61.25670858091272 4.5
      vertex 39.91481456572267 -60.9470476127563 4.5
    endloop
  endfacet
  facet normal 0 0 1
    outer loop
      vertex 39.6650635094611 -59.05 4.5
      vertex 39.6650635094611 -61.55 4.5
      vertex 39.80969883127822 -61.25670858091272 4.5
    endloop
  endfacet
  facet normal 0 0 1
    outer loop
      vertex 38.456708580912725 -57.99030116872178 4.5
      vertex 38.456708580912725 -62.609698831278216 4.5
      vertex 38.75 -62.465063509461096 4.5
    endloop
  endfacet
  facet normal 0 0 1
    outer loop
      vertex 38.75 -58.1349364905389 4.5
      vertex 38.75 -62.465063509461096 4.5
      vertex 39.0219035725218 -62.28338335072809 4.5
    endloop
  endfacet
  facet normal -0.321439465303161 0.9469301294951059 -2.500253253381553e-18
    outer loop
      vertex 36.8529523872437 -57.885185434277325 4.5
      vertex 36.543291419087275 -57.99030116872178 2
      vertex 36.543291419087275 -57.99030116872178 4.5
    endloop
  endfacet
  facet normal -0.19509032201612206 0.9807852804032317 0
    outer loop
      vertex 36.8529523872437 -57.885185434277325 4.5
      vertex 37.17368451944987 -57.82138784656547 4.5
      vertex 36.8529523872437 -57.885185434277325 2
    endloop
  endfacet
  facet normal -0.6593458151000708 0.7518398074789757 -1.2626349901085232e-18
    outer loop
      vertex 35.9780964274782 -58.31661664927191 4.5
      vertex 35.73223304703363 -58.53223304703363 2
      vertex 35.73223304703363 -58.53223304703363 4.5
    endloop
  endfacet
  facet normal -0.5555702330196043 0.8314696123025439 9.978667353979184e-19
    outer loop
      vertex 36.25 -58.1349364905389 4.5
      vertex 35.9780964274782 -58.31661664927191 2
      vertex 35.9780964274782 -58.31661664927191 4.5
    endloop
  endfacet
  facet normal -0.7518398074789757 0.6593458151000708 0
    outer loop
      vertex 35.51661664927191 -58.7780964274782 4.5
      vertex 35.73223304703363 -58.53223304703363 4.5
      vertex 35.51661664927191 -58.7780964274782 2
    endloop
  endfacet
  facet normal -0.4422886902190004 0.8968727415326887 0
    outer loop
      vertex 36.25 -58.1349364905389 4.5
      vertex 36.543291419087275 -57.99030116872178 4.5
      vertex 36.25 -58.1349364905389 2
    endloop
  endfacet
  facet normal -0.06540312923014453 0.9978589232386035 0
    outer loop
      vertex 37.17368451944987 -57.82138784656547 4.5
      vertex 37.5 -57.8 4.5
      vertex 37.17368451944987 -57.82138784656547 2
    endloop
  endfacet
  facet normal 0.06540312923014453 0.9978589232386035 0
    outer loop
      vertex 37.5 -57.8 4.5
      vertex 37.82631548055013 -57.82138784656547 4.5
      vertex 37.5 -57.8 2
    endloop
  endfacet
  facet normal 0.19509032201612206 0.9807852804032317 0
    outer loop
      vertex 37.82631548055013 -57.82138784656547 4.5
      vertex 38.1470476127563 -57.885185434277325 4.5
      vertex 37.82631548055013 -57.82138784656547 2
    endloop
  endfacet
  facet normal 0.321439465303161 0.9469301294951059 0
    outer loop
      vertex 38.1470476127563 -57.885185434277325 4.5
      vertex 38.456708580912725 -57.99030116872178 4.5
      vertex 38.1470476127563 -57.885185434277325 2
    endloop
  endfacet
  facet normal 0.4422886902190004 0.8968727415326887 0
    outer loop
      vertex 38.456708580912725 -57.99030116872178 4.5
      vertex 38.75 -58.1349364905389 4.5
      vertex 38.456708580912725 -57.99030116872178 2
    endloop
  endfacet
  facet normal 0.5555702330196043 0.8314696123025439 0
    outer loop
      vertex 38.75 -58.1349364905389 4.5
      vertex 39.0219035725218 -58.31661664927191 4.5
      vertex 38.75 -58.1349364905389 2
    endloop
  endfacet
  facet normal 0.6593458151000708 0.7518398074789757 0
    outer loop
      vertex 39.0219035725218 -58.31661664927191 4.5
      vertex 39.26776695296637 -58.53223304703363 4.5
      vertex 39.0219035725218 -58.31661664927191 2
    endloop
  endfacet
  facet normal 0.7518398074789757 0.6593458151000708 0
    outer loop
      vertex 39.26776695296637 -58.53223304703363 4.5
      vertex 39.48338335072809 -58.7780964274782 4.5
      vertex 39.26776695296637 -58.53223304703363 2
    endloop
  endfacet
  facet normal 0.8314696123025439 0.5555702330196043 0
    outer loop
      vertex 39.48338335072809 -58.7780964274782 4.5
      vertex 39.6650635094611 -59.05 4.5
      vertex 39.48338335072809 -58.7780964274782 2
    endloop
  endfacet
  facet normal -0.7518398074789757 -0.6593458151000708 1.2626349901085232e-18
    outer loop
      vertex 35.51661664927191 -61.8219035725218 4.5
      vertex 35.73223304703363 -62.067766952966366 2
      vertex 35.73223304703363 -62.067766952966366 4.5
    endloop
  endfacet
  facet normal -0.6593458151000708 -0.7518398074789757 1.2626349901085232e-18
    outer loop
      vertex 35.73223304703363 -62.067766952966366 4.5
      vertex 35.9780964274782 -62.28338335072809 2
      vertex 35.9780964274782 -62.28338335072809 4.5
    endloop
  endfacet
  facet normal -0.5555702330196043 -0.8314696123025439 -9.978667353979184e-19
    outer loop
      vertex 35.9780964274782 -62.28338335072809 4.5
      vertex 36.25 -62.465063509461096 2
      vertex 36.25 -62.465063509461096 4.5
    endloop
  endfacet
  facet normal -0.4422886902190004 -0.8968727415326887 3.0435733453361666e-18
    outer loop
      vertex 36.25 -62.465063509461096 4.5
      vertex 36.543291419087275 -62.609698831278216 2
      vertex 36.543291419087275 -62.609698831278216 4.5
    endloop
  endfacet
  facet normal -0.321439465303161 -0.9469301294951059 2.500253253381553e-18
    outer loop
      vertex 36.543291419087275 -62.609698831278216 4.5
      vertex 36.8529523872437 -62.71481456572267 2
      vertex 36.8529523872437 -62.71481456572267 4.5
    endloop
  endfacet
  facet normal -0.19509032201612206 -0.9807852804032317 -5.100683010144182e-19
    outer loop
      vertex 36.8529523872437 -62.71481456572267 4.5
      vertex 37.17368451944987 -62.77861215343452 2
      vertex 37.17368451944987 -62.77861215343452 4.5
    endloop
  endfacet
  facet normal -0.06540312923014453 -0.9978589232386035 -2.3774332076076e-19
    outer loop
      vertex 37.17368451944987 -62.77861215343452 4.5
      vertex 37.5 -62.8 2
      vertex 37.5 -62.8 4.5
    endloop
  endfacet
  facet normal 0.06540312923014453 -0.9978589232386035 2.3774332076076e-19
    outer loop
      vertex 37.5 -62.8 4.5
      vertex 37.82631548055013 -62.77861215343452 2
      vertex 37.82631548055013 -62.77861215343452 4.5
    endloop
  endfacet
  facet normal 0.19509032201612206 -0.9807852804032317 5.100683010144182e-19
    outer loop
      vertex 37.82631548055013 -62.77861215343452 4.5
      vertex 38.1470476127563 -62.71481456572267 2
      vertex 38.1470476127563 -62.71481456572267 4.5
    endloop
  endfacet
  facet normal 0.321439465303161 -0.9469301294951059 -2.500253253381553e-18
    outer loop
      vertex 38.1470476127563 -62.71481456572267 4.5
      vertex 38.456708580912725 -62.609698831278216 2
      vertex 38.456708580912725 -62.609698831278216 4.5
    endloop
  endfacet
  facet normal 0.8968727415326887 0.4422886902190004 0
    outer loop
      vertex 39.6650635094611 -59.05 4.5
      vertex 39.80969883127822 -59.34329141908727 4.5
      vertex 39.6650635094611 -59.05 2
    endloop
  endfacet
  facet normal 0.9469301294951059 0.321439465303161 0
    outer loop
      vertex 39.80969883127822 -59.34329141908727 4.5
      vertex 39.91481456572267 -59.652952387243694 4.5
      vertex 39.80969883127822 -59.34329141908727 2
    endloop
  endfacet
  facet normal 0.9807852804032317 0.19509032201612206 0
    outer loop
      vertex 39.91481456572267 -59.652952387243694 4.5
      vertex 39.978612153434526 -59.97368451944987 4.5
      vertex 39.91481456572267 -59.652952387243694 2
    endloop
  endfacet
  facet normal 0.9978589232386035 0.06540312923014453 0
    outer loop
      vertex 39.978612153434526 -59.97368451944987 4.5
      vertex 40 -60.3 4.5
      vertex 39.978612153434526 -59.97368451944987 2
    endloop
  endfacet
  facet normal 0.9978589232386035 -0.06540312923014453 0
    outer loop
      vertex 40 -60.3 4.5
      vertex 39.978612153434526 -60.626315480550126 4.5
      vertex 40 -60.3 2
    endloop
  endfacet
  facet normal 0.9807852804032317 -0.19509032201612206 0
    outer loop
      vertex 39.978612153434526 -60.626315480550126 4.5
      vertex 39.91481456572267 -60.9470476127563 4.5
      vertex 39.978612153434526 -60.626315480550126 2
    endloop
  endfacet
  facet normal 0.9469301294951059 -0.321439465303161 0
    outer loop
      vertex 39.91481456572267 -60.9470476127563 4.5
      vertex 39.80969883127822 -61.25670858091272 4.5
      vertex 39.91481456572267 -60.9470476127563 2
    endloop
  endfacet
  facet normal 0.8968727415326887 -0.4422886902190004 0
    outer loop
      vertex 39.80969883127822 -61.25670858091272 4.5
      vertex 39.6650635094611 -61.55 4.5
      vertex 39.80969883127822 -61.25670858091272 2
    endloop
  endfacet
  facet normal 0.8314696123025439 -0.5555702330196043 0
    outer loop
      vertex 39.6650635094611 -61.55 4.5
      vertex 39.48338335072809 -61.8219035725218 4.5
      vertex 39.6650635094611 -61.55 2
    endloop
  endfacet
  facet normal 0.7518398074789757 -0.6593458151000708 0
    outer loop
      vertex 39.48338335072809 -61.8219035725218 4.5
      vertex 39.26776695296637 -62.067766952966366 4.5
      vertex 39.48338335072809 -61.8219035725218 2
    endloop
  endfacet
  facet normal 0.6593458151000708 -0.7518398074789757 0
    outer loop
      vertex 39.26776695296637 -62.067766952966366 4.5
      vertex 39.0219035725218 -62.28338335072809 4.5
      vertex 39.26776695296637 -62.067766952966366 2
    endloop
  endfacet
  facet normal 0.5555702330196043 -0.8314696123025439 0
    outer loop
      vertex 39.0219035725218 -62.28338335072809 4.5
      vertex 38.75 -62.465063509461096 4.5
      vertex 39.0219035725218 -62.28338335072809 2
    endloop
  endfacet
  facet normal 0.4422886902190004 -0.8968727415326887 -3.0435733453361666e-18
    outer loop
      vertex 38.456708580912725 -62.609698831278216 4.5
      vertex 38.75 -62.465063509461096 2
      vertex 38.75 -62.465063509461096 4.5
    endloop
  endfacet
  facet normal -0.8314696123025439 0.5555702330196043 0
    outer loop
      vertex 35.51661664927191 -58.7780964274782 4.5
      vertex 35.51661664927191 -58.7780964274782 2
      vertex 35.3349364905389 -59.05 2
    endloop
  endfacet
  facet normal -0.9469301294951059 0.321439465303161 0
    outer loop
      vertex 35.19030116872178 -59.34329141908727 4.5
      vertex 35.19030116872178 -59.34329141908727 2
      vertex 35.08518543427733 -59.652952387243694 2
    endloop
  endfacet
  facet normal -0.8968727415326887 0.4422886902190004 0
    outer loop
      vertex 35.3349364905389 -59.05 4.5
      vertex 35.3349364905389 -59.05 2
      vertex 35.19030116872178 -59.34329141908727 2
    endloop
  endfacet
  facet normal -0.9807852804032317 0.19509032201612206 0
    outer loop
      vertex 35.08518543427733 -59.652952387243694 4.5
      vertex 35.08518543427733 -59.652952387243694 2
      vertex 35.021387846565474 -59.97368451944987 2
    endloop
  endfacet
  facet normal -0.9978589232386035 0.06540312923014453 0
    outer loop
      vertex 35.021387846565474 -59.97368451944987 4.5
      vertex 35.021387846565474 -59.97368451944987 2
      vertex 35 -60.3 2
    endloop
  endfacet
  facet normal -0.9978589232386035 -0.06540312923014453 0
    outer loop
      vertex 35 -60.3 4.5
      vertex 35 -60.3 2
      vertex 35.021387846565474 -60.626315480550126 2
    endloop
  endfacet
  facet normal -0.9807852804032317 -0.19509032201612206 0
    outer loop
      vertex 35.021387846565474 -60.626315480550126 4.5
      vertex 35.021387846565474 -60.626315480550126 2
      vertex 35.08518543427733 -60.9470476127563 2
    endloop
  endfacet
  facet normal -0.9469301294951059 -0.321439465303161 0
    outer loop
      vertex 35.08518543427733 -60.9470476127563 4.5
      vertex 35.08518543427733 -60.9470476127563 2
      vertex 35.19030116872178 -61.25670858091272 2
    endloop
  endfacet
  facet normal -0.8968727415326887 -0.4422886902190004 0
    outer loop
      vertex 35.19030116872178 -61.25670858091272 4.5
      vertex 35.19030116872178 -61.25670858091272 2
      vertex 35.3349364905389 -61.55 2
    endloop
  endfacet
  facet normal -0.8314696123025439 -0.5555702330196043 0
    outer loop
      vertex 35.3349364905389 -61.55 4.5
      vertex 35.3349364905389 -61.55 2
      vertex 35.51661664927191 -61.8219035725218 2
    endloop
  endfacet
  facet normal -0.321439465303161 0.9469301294951059 0
    outer loop
      vertex 36.8529523872437 -57.885185434277325 4.5
      vertex 36.8529523872437 -57.885185434277325 2
      vertex 36.543291419087275 -57.99030116872178 2
    endloop
  endfacet
  facet normal -0.19509032201612206 0.9807852804032317 0
    outer loop
      vertex 37.17368451944987 -57.82138784656547 4.5
      vertex 37.17368451944987 -57.82138784656547 2
      vertex 36.8529523872437 -57.885185434277325 2
    endloop
  endfacet
  facet normal -0.6593458151000708 0.7518398074789757 0
    outer loop
      vertex 35.9780964274782 -58.31661664927191 4.5
      vertex 35.9780964274782 -58.31661664927191 2
      vertex 35.73223304703363 -58.53223304703363 2
    endloop
  endfacet
  facet normal -0.5555702330196043 0.8314696123025439 0
    outer loop
      vertex 36.25 -58.1349364905389 4.5
      vertex 36.25 -58.1349364905389 2
      vertex 35.9780964274782 -58.31661664927191 2
    endloop
  endfacet
  facet normal -0.7518398074789757 0.6593458151000708 0
    outer loop
      vertex 35.73223304703363 -58.53223304703363 4.5
      vertex 35.73223304703363 -58.53223304703363 2
      vertex 35.51661664927191 -58.7780964274782 2
    endloop
  endfacet
  facet normal -0.4422886902190004 0.8968727415326887 0
    outer loop
      vertex 36.543291419087275 -57.99030116872178 4.5
      vertex 36.543291419087275 -57.99030116872178 2
      vertex 36.25 -58.1349364905389 2
    endloop
  endfacet
  facet normal -0.06540312923014453 0.9978589232386035 0
    outer loop
      vertex 37.5 -57.8 4.5
      vertex 37.5 -57.8 2
      vertex 37.17368451944987 -57.82138784656547 2
    endloop
  endfacet
  facet normal 0.06540312923014453 0.9978589232386035 0
    outer loop
      vertex 37.82631548055013 -57.82138784656547 4.5
      vertex 37.82631548055013 -57.82138784656547 2
      vertex 37.5 -57.8 2
    endloop
  endfacet
  facet normal 0.19509032201612206 0.9807852804032317 0
    outer loop
      vertex 38.1470476127563 -57.885185434277325 4.5
      vertex 38.1470476127563 -57.885185434277325 2
      vertex 37.82631548055013 -57.82138784656547 2
    endloop
  endfacet
  facet normal 0.321439465303161 0.9469301294951059 0
    outer loop
      vertex 38.456708580912725 -57.99030116872178 4.5
      vertex 38.456708580912725 -57.99030116872178 2
      vertex 38.1470476127563 -57.885185434277325 2
    endloop
  endfacet
  facet normal 0.4422886902190004 0.8968727415326887 0
    outer loop
      vertex 38.75 -58.1349364905389 4.5
      vertex 38.75 -58.1349364905389 2
      vertex 38.456708580912725 -57.99030116872178 2
    endloop
  endfacet
  facet normal 0.5555702330196043 0.8314696123025439 0
    outer loop
      vertex 39.0219035725218 -58.31661664927191 4.5
      vertex 39.0219035725218 -58.31661664927191 2
      vertex 38.75 -58.1349364905389 2
    endloop
  endfacet
  facet normal 0.6593458151000708 0.7518398074789757 0
    outer loop
      vertex 39.26776695296637 -58.53223304703363 4.5
      vertex 39.26776695296637 -58.53223304703363 2
      vertex 39.0219035725218 -58.31661664927191 2
    endloop
  endfacet
  facet normal 0.7518398074789757 0.6593458151000708 0
    outer loop
      vertex 39.48338335072809 -58.7780964274782 4.5
      vertex 39.48338335072809 -58.7780964274782 2
      vertex 39.26776695296637 -58.53223304703363 2
    endloop
  endfacet
  facet normal 0.8314696123025439 0.5555702330196043 0
    outer loop
      vertex 39.6650635094611 -59.05 4.5
      vertex 39.6650635094611 -59.05 2
      vertex 39.48338335072809 -58.7780964274782 2
    endloop
  endfacet
  facet normal -0.7518398074789757 -0.6593458151000708 0
    outer loop
      vertex 35.51661664927191 -61.8219035725218 4.5
      vertex 35.51661664927191 -61.8219035725218 2
      vertex 35.73223304703363 -62.067766952966366 2
    endloop
  endfacet
  facet normal -0.6593458151000708 -0.7518398074789757 0
    outer loop
      vertex 35.73223304703363 -62.067766952966366 4.5
      vertex 35.73223304703363 -62.067766952966366 2
      vertex 35.9780964274782 -62.28338335072809 2
    endloop
  endfacet
  facet normal -0.5555702330196043 -0.8314696123025439 0
    outer loop
      vertex 35.9780964274782 -62.28338335072809 4.5
      vertex 35.9780964274782 -62.28338335072809 2
      vertex 36.25 -62.465063509461096 2
    endloop
  endfacet
  facet normal -0.4422886902190004 -0.8968727415326887 0
    outer loop
      vertex 36.25 -62.465063509461096 4.5
      vertex 36.25 -62.465063509461096 2
      vertex 36.543291419087275 -62.609698831278216 2
    endloop
  endfacet
  facet normal -0.321439465303161 -0.9469301294951059 0
    outer loop
      vertex 36.543291419087275 -62.609698831278216 4.5
      vertex 36.543291419087275 -62.609698831278216 2
      vertex 36.8529523872437 -62.71481456572267 2
    endloop
  endfacet
  facet normal -0.19509032201612206 -0.9807852804032317 0
    outer loop
      vertex 36.8529523872437 -62.71481456572267 4.5
      vertex 36.8529523872437 -62.71481456572267 2
      vertex 37.17368451944987 -62.77861215343452 2
    endloop
  endfacet
  facet normal -0.06540312923014453 -0.9978589232386035 0
    outer loop
      vertex 37.17368451944987 -62.77861215343452 4.5
      vertex 37.17368451944987 -62.77861215343452 2
      vertex 37.5 -62.8 2
    endloop
  endfacet
  facet normal 0.06540312923014453 -0.9978589232386035 0
    outer loop
      vertex 37.5 -62.8 4.5
      vertex 37.5 -62.8 2
      vertex 37.82631548055013 -62.77861215343452 2
    endloop
  endfacet
  facet normal 0.19509032201612206 -0.9807852804032317 0
    outer loop
      vertex 37.82631548055013 -62.77861215343452 4.5
      vertex 37.82631548055013 -62.77861215343452 2
      vertex 38.1470476127563 -62.71481456572267 2
    endloop
  endfacet
  facet normal 0.321439465303161 -0.9469301294951059 0
    outer loop
      vertex 38.1470476127563 -62.71481456572267 4.5
      vertex 38.1470476127563 -62.71481456572267 2
      vertex 38.456708580912725 -62.609698831278216 2
    endloop
  endfacet
  facet normal 0.8968727415326887 0.4422886902190004 0
    outer loop
      vertex 39.80969883127822 -59.34329141908727 4.5
      vertex 39.80969883127822 -59.34329141908727 2
      vertex 39.6650635094611 -59.05 2
    endloop
  endfacet
  facet normal 0.9469301294951059 0.321439465303161 0
    outer loop
      vertex 39.91481456572267 -59.652952387243694 4.5
      vertex 39.91481456572267 -59.652952387243694 2
      vertex 39.80969883127822 -59.34329141908727 2
    endloop
  endfacet
  facet normal 0.9807852804032317 0.19509032201612206 0
    outer loop
      vertex 39.978612153434526 -59.97368451944987 4.5
      vertex 39.978612153434526 -59.97368451944987 2
      vertex 39.91481456572267 -59.652952387243694 2
    endloop
  endfacet
  facet normal 0.9978589232386035 0.06540312923014453 0
    outer loop
      vertex 40 -60.3 4.5
      vertex 40 -60.3 2
      vertex 39.978612153434526 -59.97368451944987 2
    endloop
  endfacet
  facet normal 0.9978589232386035 -0.06540312923014453 0
    outer loop
      vertex 39.978612153434526 -60.626315480550126 4.5
      vertex 39.978612153434526 -60.626315480550126 2
      vertex 40 -60.3 2
    endloop
  endfacet
  facet normal 0.9807852804032317 -0.19509032201612206 0
    outer loop
      vertex 39.91481456572267 -60.9470476127563 4.5
      vertex 39.91481456572267 -60.9470476127563 2
      vertex 39.978612153434526 -60.626315480550126 2
    endloop
  endfacet
  facet normal 0.9469301294951059 -0.321439465303161 0
    outer loop
      vertex 39.80969883127822 -61.25670858091272 4.5
      vertex 39.80969883127822 -61.25670858091272 2
      vertex 39.91481456572267 -60.9470476127563 2
    endloop
  endfacet
  facet normal 0.8314696123025439 -0.5555702330196043 0
    outer loop
      vertex 39.48338335072809 -61.8219035725218 4.5
      vertex 39.48338335072809 -61.8219035725218 2
      vertex 39.6650635094611 -61.55 2
    endloop
  endfacet
  facet normal 0.8968727415326887 -0.4422886902190004 0
    outer loop
      vertex 39.6650635094611 -61.55 4.5
      vertex 39.6650635094611 -61.55 2
      vertex 39.80969883127822 -61.25670858091272 2
    endloop
  endfacet
  facet normal 0.5555702330196043 -0.8314696123025439 0
    outer loop
      vertex 38.75 -62.465063509461096 4.5
      vertex 38.75 -62.465063509461096 2
      vertex 39.0219035725218 -62.28338335072809 2
    endloop
  endfacet
  facet normal 0.6593458151000708 -0.7518398074789757 0
    outer loop
      vertex 39.0219035725218 -62.28338335072809 4.5
      vertex 39.0219035725218 -62.28338335072809 2
      vertex 39.26776695296637 -62.067766952966366 2
    endloop
  endfacet
  facet normal 0.4422886902190004 -0.8968727415326887 0
    outer loop
      vertex 38.456708580912725 -62.609698831278216 4.5
      vertex 38.456708580912725 -62.609698831278216 2
      vertex 38.75 -62.465063509461096 2
    endloop
  endfacet
  facet normal 0.7518398074789757 -0.6593458151000708 0
    outer loop
      vertex 39.26776695296637 -62.067766952966366 4.5
      vertex 39.26776695296637 -62.067766952966366 2
      vertex 39.48338335072809 -61.8219035725218 2
    endloop
  endfacet
  facet normal -0.8314696123025439 0.5555702330196043 9.978667353979184e-19
    outer loop
      vertex 35.51661664927191 -22.778096427478197 4.5
      vertex 35.3349364905389 -23.049999999999997 2
      vertex 35.3349364905389 -23.049999999999997 4.5
    endloop
  endfacet
  facet normal -0.9469301294951059 0.321439465303161 -2.500253253381553e-18
    outer loop
      vertex 35.19030116872178 -23.343291419087272 4.5
      vertex 35.08518543427733 -23.652952387243694 2
      vertex 35.08518543427733 -23.652952387243694 4.5
    endloop
  endfacet
  facet normal -0.8968727415326887 0.4422886902190004 -3.0435733453361666e-18
    outer loop
      vertex 35.3349364905389 -23.049999999999997 4.5
      vertex 35.19030116872178 -23.343291419087272 2
      vertex 35.19030116872178 -23.343291419087272 4.5
    endloop
  endfacet
  facet normal 0 0 1
    outer loop
      vertex 35.3349364905389 -23.049999999999997 4.5
      vertex 35.19030116872178 -23.343291419087272 4.5
      vertex 35.3349364905389 -25.549999999999997 4.5
    endloop
  endfacet
  facet normal 0 0 1
    outer loop
      vertex 35.51661664927191 -22.778096427478197 4.5
      vertex 35.3349364905389 -23.049999999999997 4.5
      vertex 35.51661664927191 -25.821903572521798 4.5
    endloop
  endfacet
  facet normal 0 0 1
    outer loop
      vertex 35.021387846565474 -23.97368451944987 4.5
      vertex 35 -24.299999999999997 4.5
      vertex 35.021387846565474 -24.626315480550126 4.5
    endloop
  endfacet
  facet normal 0 0 1
    outer loop
      vertex 35.19030116872178 -23.343291419087272 4.5
      vertex 35.08518543427733 -23.652952387243694 4.5
      vertex 35.19030116872178 -25.256708580912722 4.5
    endloop
  endfacet
  facet normal 0 0 1
    outer loop
      vertex 35.08518543427733 -23.652952387243694 4.5
      vertex 35.021387846565474 -23.97368451944987 4.5
      vertex 35.08518543427733 -24.9470476127563 4.5
    endloop
  endfacet
  facet normal 0 0 1
    outer loop
      vertex 35.021387846565474 -23.97368451944987 4.5
      vertex 35.021387846565474 -24.626315480550126 4.5
      vertex 35.08518543427733 -24.9470476127563 4.5
    endloop
  endfacet
  facet normal 0 0 1
    outer loop
      vertex 35.08518543427733 -23.652952387243694 4.5
      vertex 35.08518543427733 -24.9470476127563 4.5
      vertex 35.19030116872178 -25.256708580912722 4.5
    endloop
  endfacet
  facet normal 0 0 1
    outer loop
      vertex 35.19030116872178 -23.343291419087272 4.5
      vertex 35.19030116872178 -25.256708580912722 4.5
      vertex 35.3349364905389 -25.549999999999997 4.5
    endloop
  endfacet
  facet normal 0 0 1
    outer loop
      vertex 35.3349364905389 -23.049999999999997 4.5
      vertex 35.3349364905389 -25.549999999999997 4.5
      vertex 35.51661664927191 -25.821903572521798 4.5
    endloop
  endfacet
  facet normal -0.9807852804032317 0.19509032201612206 5.100683010144182e-19
    outer loop
      vertex 35.08518543427733 -23.652952387243694 4.5
      vertex 35.021387846565474 -23.97368451944987 2
      vertex 35.021387846565474 -23.97368451944987 4.5
    endloop
  endfacet
  facet normal -0.9978589232386035 0.06540312923014453 2.3774332076076e-19
    outer loop
      vertex 35.021387846565474 -23.97368451944987 4.5
      vertex 35 -24.299999999999997 2
      vertex 35 -24.299999999999997 4.5
    endloop
  endfacet
  facet normal -0.9978589232386035 -0.06540312923014453 -2.3774332076076e-19
    outer loop
      vertex 35 -24.299999999999997 4.5
      vertex 35.021387846565474 -24.626315480550126 2
      vertex 35.021387846565474 -24.626315480550126 4.5
    endloop
  endfacet
  facet normal -0.9807852804032317 -0.19509032201612206 -5.100683010144182e-19
    outer loop
      vertex 35.021387846565474 -24.626315480550126 4.5
      vertex 35.08518543427733 -24.9470476127563 2
      vertex 35.08518543427733 -24.9470476127563 4.5
    endloop
  endfacet
  facet normal -0.9469301294951059 -0.321439465303161 2.500253253381553e-18
    outer loop
      vertex 35.08518543427733 -24.9470476127563 4.5
      vertex 35.19030116872178 -25.256708580912722 2
      vertex 35.19030116872178 -25.256708580912722 4.5
    endloop
  endfacet
  facet normal -0.8968727415326887 -0.4422886902190004 3.0435733453361666e-18
    outer loop
      vertex 35.19030116872178 -25.256708580912722 4.5
      vertex 35.3349364905389 -25.549999999999997 2
      vertex 35.3349364905389 -25.549999999999997 4.5
    endloop
  endfacet
  facet normal -0.8314696123025439 -0.5555702330196043 -9.978667353979184e-19
    outer loop
      vertex 35.3349364905389 -25.549999999999997 4.5
      vertex 35.51661664927191 -25.821903572521798 2
      vertex 35.51661664927191 -25.821903572521798 4.5
    endloop
  endfacet
  facet normal 0 0 1
    outer loop
      vertex 36.543291419087275 -21.99030116872178 4.5
      vertex 36.898959235991434 -23.69895923599143 4.5
      vertex 36.8529523872437 -21.885185434277325 4.5
    endloop
  endfacet
  facet normal 0 0 1
    outer loop
      vertex 36.8529523872437 -21.885185434277325 4.5
      vertex 37.17471908248967 -23.514702397365404 4.5
      vertex 37.17368451944987 -21.82138784656547 4.5
    endloop
  endfacet
  facet normal 0 0 1
    outer loop
      vertex 36.8529523872437 -21.885185434277325 4.5
      vertex 36.98255278534259 -23.625649660752448 4.5
      vertex 37.075 -23.563878406783225 4.5
    endloop
  endfacet
  facet normal 0 0 1
    outer loop
      vertex 36.8529523872437 -21.885185434277325 4.5
      vertex 37.075 -23.563878406783225 4.5
      vertex 37.17471908248967 -23.514702397365404 4.5
    endloop
  endfacet
  facet normal 0 0 1
    outer loop
      vertex 36.8529523872437 -21.885185434277325 4.5
      vertex 36.898959235991434 -23.69895923599143 4.5
      vertex 36.98255278534259 -23.625649660752448 4.5
    endloop
  endfacet
  facet normal 0 0 1
    outer loop
      vertex 36.543291419087275 -21.99030116872178 4.5
      vertex 36.71470239736541 -23.97471908248967 4.5
      vertex 36.76387840678323 -23.874999999999996 4.5
    endloop
  endfacet
  facet normal 0 0 1
    outer loop
      vertex 36.25 -22.1349364905389 4.5
      vertex 36.543291419087275 -26.609698831278216 4.5
      vertex 36.543291419087275 -21.99030116872178 4.5
    endloop
  endfacet
  facet normal 0 0 1
    outer loop
      vertex 36.543291419087275 -21.99030116872178 4.5
      vertex 36.67896304765429 -24.080003811662856 4.5
      vertex 36.71470239736541 -23.97471908248967 4.5
    endloop
  endfacet
  facet normal 0 0 1
    outer loop
      vertex 36.543291419087275 -21.99030116872178 4.5
      vertex 36.657271867832264 -24.189052736612954 4.5
      vertex 36.67896304765429 -24.080003811662856 4.5
    endloop
  endfacet
  facet normal 0 0 1
    outer loop
      vertex 36.543291419087275 -21.99030116872178 4.5
      vertex 36.65 -24.299999999999997 4.5
      vertex 36.657271867832264 -24.189052736612954 4.5
    endloop
  endfacet
  facet normal 0 0 1
    outer loop
      vertex 36.543291419087275 -21.99030116872178 4.5
      vertex 36.76387840678323 -23.874999999999996 4.5
      vertex 36.82564966075245 -23.782552785342585 4.5
    endloop
  endfacet
  facet normal 0 0 1
    outer loop
      vertex 36.543291419087275 -21.99030116872178 4.5
      vertex 36.82564966075245 -23.782552785342585 4.5
      vertex 36.898959235991434 -23.69895923599143 4.5
    endloop
  endfacet
  facet normal 0 0 1
    outer loop
      vertex 37.17368451944987 -21.82138784656547 4.5
      vertex 37.38905273661295 -23.457271867832258 4.5
      vertex 37.5 -21.799999999999997 4.5
    endloop
  endfacet
  facet normal 0 0 1
    outer loop
      vertex 37.5 -21.799999999999997 4.5
      vertex 37.61094726338705 -23.457271867832258 4.5
      vertex 37.82631548055013 -21.82138784656547 4.5
    endloop
  endfacet
  facet normal 0 0 1
    outer loop
      vertex 37.82631548055013 -21.82138784656547 4.5
      vertex 38.01744721465741 -23.625649660752448 4.5
      vertex 38.1470476127563 -21.885185434277325 4.5
    endloop
  endfacet
  facet normal 0 0 1
    outer loop
      vertex 37.17368451944987 -21.82138784656547 4.5
      vertex 37.17471908248967 -23.514702397365404 4.5
      vertex 37.28000381166286 -23.47896304765429 4.5
    endloop
  endfacet
  facet normal 0 0 1
    outer loop
      vertex 37.17368451944987 -21.82138784656547 4.5
      vertex 37.28000381166286 -23.47896304765429 4.5
      vertex 37.38905273661295 -23.457271867832258 4.5
    endloop
  endfacet
  facet normal 0 0 1
    outer loop
      vertex 37.5 -21.799999999999997 4.5
      vertex 37.38905273661295 -23.457271867832258 4.5
      vertex 37.5 -23.449999999999996 4.5
    endloop
  endfacet
  facet normal 0 0 1
    outer loop
      vertex 37.5 -21.799999999999997 4.5
      vertex 37.5 -23.449999999999996 4.5
      vertex 37.61094726338705 -23.457271867832258 4.5
    endloop
  endfacet
  facet normal 0 0 1
    outer loop
      vertex 37.82631548055013 -21.82138784656547 4.5
      vertex 37.61094726338705 -23.457271867832258 4.5
      vertex 37.71999618833714 -23.47896304765429 4.5
    endloop
  endfacet
  facet normal 0 0 1
    outer loop
      vertex 37.82631548055013 -21.82138784656547 4.5
      vertex 37.71999618833714 -23.47896304765429 4.5
      vertex 37.82528091751033 -23.514702397365404 4.5
    endloop
  endfacet
  facet normal 0 0 1
    outer loop
      vertex 37.82631548055013 -21.82138784656547 4.5
      vertex 37.82528091751033 -23.514702397365404 4.5
      vertex 37.925 -23.563878406783225 4.5
    endloop
  endfacet
  facet normal 0 0 1
    outer loop
      vertex 37.82631548055013 -21.82138784656547 4.5
      vertex 37.925 -23.563878406783225 4.5
      vertex 38.01744721465741 -23.625649660752448 4.5
    endloop
  endfacet
  facet normal 0 0 1
    outer loop
      vertex 38.1470476127563 -21.885185434277325 4.5
      vertex 38.01744721465741 -23.625649660752448 4.5
      vertex 38.101040764008566 -23.69895923599143 4.5
    endloop
  endfacet
  facet normal 0 0 1
    outer loop
      vertex 38.1470476127563 -21.885185434277325 4.5
      vertex 38.28529760263459 -23.97471908248967 4.5
      vertex 38.456708580912725 -21.99030116872178 4.5
    endloop
  endfacet
  facet normal 0 0 1
    outer loop
      vertex 38.1470476127563 -21.885185434277325 4.5
      vertex 38.101040764008566 -23.69895923599143 4.5
      vertex 38.17435033924755 -23.782552785342585 4.5
    endloop
  endfacet
  facet normal 0 0 1
    outer loop
      vertex 38.1470476127563 -21.885185434277325 4.5
      vertex 38.17435033924755 -23.782552785342585 4.5
      vertex 38.23612159321677 -23.874999999999996 4.5
    endloop
  endfacet
  facet normal 0 0 1
    outer loop
      vertex 38.1470476127563 -21.885185434277325 4.5
      vertex 38.23612159321677 -23.874999999999996 4.5
      vertex 38.28529760263459 -23.97471908248967 4.5
    endloop
  endfacet
  facet normal 0 0 1
    outer loop
      vertex 38.456708580912725 -21.99030116872178 4.5
      vertex 38.28529760263459 -23.97471908248967 4.5
      vertex 38.32103695234571 -24.080003811662856 4.5
    endloop
  endfacet
  facet normal 0 0 1
    outer loop
      vertex 38.456708580912725 -21.99030116872178 4.5
      vertex 38.32103695234571 -24.080003811662856 4.5
      vertex 38.342728132167736 -24.189052736612954 4.5
    endloop
  endfacet
  facet normal 0 0 1
    outer loop
      vertex 38.456708580912725 -21.99030116872178 4.5
      vertex 38.342728132167736 -24.189052736612954 4.5
      vertex 38.35 -24.299999999999997 4.5
    endloop
  endfacet
  facet normal 0 0 1
    outer loop
      vertex 38.456708580912725 -21.99030116872178 4.5
      vertex 38.75 -26.465063509461093 4.5
      vertex 38.75 -22.1349364905389 4.5
    endloop
  endfacet
  facet normal 0 0 1
    outer loop
      vertex 38.75 -22.1349364905389 4.5
      vertex 39.0219035725218 -26.283383350728084 4.5
      vertex 39.0219035725218 -22.31661664927191 4.5
    endloop
  endfacet
  facet normal -0.6593458151000647 0.751839807478981 0
    outer loop
      vertex 35.73223304703363 -22.53223304703363 4.5
      vertex 35.9780964274782 -22.31661664927191 4.5
      vertex 35.73223304703363 -22.53223304703363 2
    endloop
  endfacet
  facet normal -0.5555702330196043 0.8314696123025439 0
    outer loop
      vertex 35.9780964274782 -22.31661664927191 4.5
      vertex 36.25 -22.1349364905389 4.5
      vertex 35.9780964274782 -22.31661664927191 2
    endloop
  endfacet
  facet normal -0.4422886902190092 0.8968727415326845 0
    outer loop
      vertex 36.25 -22.1349364905389 4.5
      vertex 36.543291419087275 -21.99030116872178 4.5
      vertex 36.25 -22.1349364905389 2
    endloop
  endfacet
  facet normal -0.321439465303161 0.9469301294951059 0
    outer loop
      vertex 36.543291419087275 -21.99030116872178 4.5
      vertex 36.8529523872437 -21.885185434277325 4.5
      vertex 36.543291419087275 -21.99030116872178 2
    endloop
  endfacet
  facet normal -0.19509032201612206 0.9807852804032317 0
    outer loop
      vertex 36.8529523872437 -21.885185434277325 4.5
      vertex 37.17368451944987 -21.82138784656547 4.5
      vertex 36.8529523872437 -21.885185434277325 2
    endloop
  endfacet
  facet normal -0.7518398074789757 0.6593458151000708 0
    outer loop
      vertex 35.51661664927191 -22.778096427478197 4.5
      vertex 35.73223304703363 -22.53223304703363 4.5
      vertex 35.51661664927191 -22.778096427478197 2
    endloop
  endfacet
  facet normal -0.06540312923014453 0.9978589232386035 0
    outer loop
      vertex 37.17368451944987 -21.82138784656547 4.5
      vertex 37.5 -21.799999999999997 4.5
      vertex 37.17368451944987 -21.82138784656547 2
    endloop
  endfacet
  facet normal 0.06540312923014453 0.9978589232386035 0
    outer loop
      vertex 37.5 -21.799999999999997 4.5
      vertex 37.82631548055013 -21.82138784656547 4.5
      vertex 37.5 -21.799999999999997 2
    endloop
  endfacet
  facet normal 0.19509032201612206 0.9807852804032317 0
    outer loop
      vertex 37.82631548055013 -21.82138784656547 4.5
      vertex 38.1470476127563 -21.885185434277325 4.5
      vertex 37.82631548055013 -21.82138784656547 2
    endloop
  endfacet
  facet normal 0.321439465303161 0.9469301294951059 0
    outer loop
      vertex 38.1470476127563 -21.885185434277325 4.5
      vertex 38.456708580912725 -21.99030116872178 4.5
      vertex 38.1470476127563 -21.885185434277325 2
    endloop
  endfacet
  facet normal 0.4422886902190092 0.8968727415326845 0
    outer loop
      vertex 38.456708580912725 -21.99030116872178 4.5
      vertex 38.75 -22.1349364905389 4.5
      vertex 38.456708580912725 -21.99030116872178 2
    endloop
  endfacet
  facet normal 0.5555702330196043 0.8314696123025439 0
    outer loop
      vertex 38.75 -22.1349364905389 4.5
      vertex 39.0219035725218 -22.31661664927191 4.5
      vertex 38.75 -22.1349364905389 2
    endloop
  endfacet
  facet normal 0.6593458151000647 0.751839807478981 0
    outer loop
      vertex 39.0219035725218 -22.31661664927191 4.5
      vertex 39.26776695296637 -22.53223304703363 4.5
      vertex 39.0219035725218 -22.31661664927191 2
    endloop
  endfacet
  facet normal 0.7518398074789757 0.6593458151000708 0
    outer loop
      vertex 39.26776695296637 -22.53223304703363 4.5
      vertex 39.48338335072809 -22.778096427478197 4.5
      vertex 39.26776695296637 -22.53223304703363 2
    endloop
  endfacet
  facet normal 0.8314696123025439 0.5555702330196043 0
    outer loop
      vertex 39.48338335072809 -22.778096427478197 4.5
      vertex 39.6650635094611 -23.049999999999997 4.5
      vertex 39.48338335072809 -22.778096427478197 2
    endloop
  endfacet
  facet normal 0.8968727415326887 0.4422886902190004 0
    outer loop
      vertex 39.6650635094611 -23.049999999999997 4.5
      vertex 39.80969883127822 -23.343291419087272 4.5
      vertex 39.6650635094611 -23.049999999999997 2
    endloop
  endfacet
  facet normal 0.9469301294951059 0.321439465303161 0
    outer loop
      vertex 39.80969883127822 -23.343291419087272 4.5
      vertex 39.91481456572267 -23.652952387243694 4.5
      vertex 39.80969883127822 -23.343291419087272 2
    endloop
  endfacet
  facet normal 0 0 1
    outer loop
      vertex 35.51661664927191 -22.778096427478197 4.5
      vertex 35.73223304703363 -26.067766952966366 4.5
      vertex 35.73223304703363 -22.53223304703363 4.5
    endloop
  endfacet
  facet normal 0 0 1
    outer loop
      vertex 35.73223304703363 -22.53223304703363 4.5
      vertex 35.9780964274782 -26.283383350728084 4.5
      vertex 35.9780964274782 -22.31661664927191 4.5
    endloop
  endfacet
  facet normal 0 0 1
    outer loop
      vertex 35.9780964274782 -22.31661664927191 4.5
      vertex 36.25 -26.465063509461093 4.5
      vertex 36.25 -22.1349364905389 4.5
    endloop
  endfacet
  facet normal 0 0 1
    outer loop
      vertex 36.543291419087275 -21.99030116872178 4.5
      vertex 36.543291419087275 -26.609698831278216 4.5
      vertex 36.65 -24.299999999999997 4.5
    endloop
  endfacet
  facet normal 0 0 1
    outer loop
      vertex 35.51661664927191 -22.778096427478197 4.5
      vertex 35.51661664927191 -25.821903572521798 4.5
      vertex 35.73223304703363 -26.067766952966366 4.5
    endloop
  endfacet
  facet normal 0 0 1
    outer loop
      vertex 35.73223304703363 -22.53223304703363 4.5
      vertex 35.73223304703363 -26.067766952966366 4.5
      vertex 35.9780964274782 -26.283383350728084 4.5
    endloop
  endfacet
  facet normal 0 0 1
    outer loop
      vertex 35.9780964274782 -22.31661664927191 4.5
      vertex 35.9780964274782 -26.283383350728084 4.5
      vertex 36.25 -26.465063509461093 4.5
    endloop
  endfacet
  facet normal 0 0 1
    outer loop
      vertex 36.25 -22.1349364905389 4.5
      vertex 36.25 -26.465063509461093 4.5
      vertex 36.543291419087275 -26.609698831278216 4.5
    endloop
  endfacet
  facet normal 0 0 1
    outer loop
      vertex 36.543291419087275 -26.609698831278216 4.5
      vertex 36.67896304765429 -24.51999618833714 4.5
      vertex 36.657271867832264 -24.41094726338704 4.5
    endloop
  endfacet
  facet normal 0 0 1
    outer loop
      vertex 36.543291419087275 -26.609698831278216 4.5
      vertex 36.657271867832264 -24.41094726338704 4.5
      vertex 36.65 -24.299999999999997 4.5
    endloop
  endfacet
  facet normal 0 0 1
    outer loop
      vertex 36.543291419087275 -26.609698831278216 4.5
      vertex 36.71470239736541 -24.625280917510324 4.5
      vertex 36.67896304765429 -24.51999618833714 4.5
    endloop
  endfacet
  facet normal 0 0 1
    outer loop
      vertex 36.8529523872437 -26.71481456572267 4.5
      vertex 36.76387840678323 -24.724999999999998 4.5
      vertex 36.71470239736541 -24.625280917510324 4.5
    endloop
  endfacet
  facet normal 0 0 1
    outer loop
      vertex 36.8529523872437 -26.71481456572267 4.5
      vertex 36.82564966075245 -24.81744721465741 4.5
      vertex 36.76387840678323 -24.724999999999998 4.5
    endloop
  endfacet
  facet normal 0 0 1
    outer loop
      vertex 36.8529523872437 -26.71481456572267 4.5
      vertex 36.898959235991434 -24.901040764008563 4.5
      vertex 36.82564966075245 -24.81744721465741 4.5
    endloop
  endfacet
  facet normal 0 0 1
    outer loop
      vertex 36.8529523872437 -26.71481456572267 4.5
      vertex 36.98255278534259 -24.974350339247547 4.5
      vertex 36.898959235991434 -24.901040764008563 4.5
    endloop
  endfacet
  facet normal 0 0 1
    outer loop
      vertex 38.456708580912725 -21.99030116872178 4.5
      vertex 38.35 -24.299999999999997 4.5
      vertex 38.456708580912725 -26.609698831278216 4.5
    endloop
  endfacet
  facet normal 0 0 1
    outer loop
      vertex 38.1470476127563 -26.71481456572267 4.5
      vertex 38.101040764008566 -24.901040764008563 4.5
      vertex 38.01744721465741 -24.974350339247547 4.5
    endloop
  endfacet
  facet normal 0 0 1
    outer loop
      vertex 38.456708580912725 -26.609698831278216 4.5
      vertex 38.32103695234571 -24.51999618833714 4.5
      vertex 38.28529760263459 -24.625280917510324 4.5
    endloop
  endfacet
  facet normal 0 0 1
    outer loop
      vertex 38.456708580912725 -26.609698831278216 4.5
      vertex 38.342728132167736 -24.41094726338704 4.5
      vertex 38.32103695234571 -24.51999618833714 4.5
    endloop
  endfacet
  facet normal 0 0 1
    outer loop
      vertex 38.456708580912725 -26.609698831278216 4.5
      vertex 38.35 -24.299999999999997 4.5
      vertex 38.342728132167736 -24.41094726338704 4.5
    endloop
  endfacet
  facet normal 0 0 1
    outer loop
      vertex 38.456708580912725 -26.609698831278216 4.5
      vertex 38.28529760263459 -24.625280917510324 4.5
      vertex 38.23612159321677 -24.724999999999998 4.5
    endloop
  endfacet
  facet normal 0 0 1
    outer loop
      vertex 38.456708580912725 -26.609698831278216 4.5
      vertex 38.23612159321677 -24.724999999999998 4.5
      vertex 38.17435033924755 -24.81744721465741 4.5
    endloop
  endfacet
  facet normal 0 0 1
    outer loop
      vertex 38.456708580912725 -26.609698831278216 4.5
      vertex 38.17435033924755 -24.81744721465741 4.5
      vertex 38.101040764008566 -24.901040764008563 4.5
    endloop
  endfacet
  facet normal 0 0 1
    outer loop
      vertex 36.543291419087275 -26.609698831278216 4.5
      vertex 36.8529523872437 -26.71481456572267 4.5
      vertex 36.71470239736541 -24.625280917510324 4.5
    endloop
  endfacet
  facet normal 0 0 1
    outer loop
      vertex 36.8529523872437 -26.71481456572267 4.5
      vertex 37.17368451944987 -26.778612153434523 4.5
      vertex 36.98255278534259 -24.974350339247547 4.5
    endloop
  endfacet
  facet normal 0 0 1
    outer loop
      vertex 37.17368451944987 -26.778612153434523 4.5
      vertex 37.075 -25.03612159321677 4.5
      vertex 36.98255278534259 -24.974350339247547 4.5
    endloop
  endfacet
  facet normal 0 0 1
    outer loop
      vertex 37.17368451944987 -26.778612153434523 4.5
      vertex 37.17471908248967 -25.08529760263459 4.5
      vertex 37.075 -25.03612159321677 4.5
    endloop
  endfacet
  facet normal 0 0 1
    outer loop
      vertex 37.17368451944987 -26.778612153434523 4.5
      vertex 37.28000381166286 -25.121036952345705 4.5
      vertex 37.17471908248967 -25.08529760263459 4.5
    endloop
  endfacet
  facet normal 0 0 1
    outer loop
      vertex 37.17368451944987 -26.778612153434523 4.5
      vertex 37.38905273661295 -25.142728132167736 4.5
      vertex 37.28000381166286 -25.121036952345705 4.5
    endloop
  endfacet
  facet normal 0 0 1
    outer loop
      vertex 37.5 -26.799999999999997 4.5
      vertex 37.5 -25.15 4.5
      vertex 37.38905273661295 -25.142728132167736 4.5
    endloop
  endfacet
  facet normal 0 0 1
    outer loop
      vertex 37.5 -26.799999999999997 4.5
      vertex 37.61094726338705 -25.142728132167736 4.5
      vertex 37.5 -25.15 4.5
    endloop
  endfacet
  facet normal 0 0 1
    outer loop
      vertex 37.82631548055013 -26.778612153434523 4.5
      vertex 37.82528091751033 -25.08529760263459 4.5
      vertex 37.71999618833714 -25.121036952345705 4.5
    endloop
  endfacet
  facet normal 0 0 1
    outer loop
      vertex 37.82631548055013 -26.778612153434523 4.5
      vertex 37.71999618833714 -25.121036952345705 4.5
      vertex 37.61094726338705 -25.142728132167736 4.5
    endloop
  endfacet
  facet normal 0 0 1
    outer loop
      vertex 37.17368451944987 -26.778612153434523 4.5
      vertex 37.5 -26.799999999999997 4.5
      vertex 37.38905273661295 -25.142728132167736 4.5
    endloop
  endfacet
  facet normal 0 0 1
    outer loop
      vertex 37.5 -26.799999999999997 4.5
      vertex 37.82631548055013 -26.778612153434523 4.5
      vertex 37.61094726338705 -25.142728132167736 4.5
    endloop
  endfacet
  facet normal 0 0 1
    outer loop
      vertex 38.1470476127563 -26.71481456572267 4.5
      vertex 37.925 -25.03612159321677 4.5
      vertex 37.82528091751033 -25.08529760263459 4.5
    endloop
  endfacet
  facet normal 0 0 1
    outer loop
      vertex 38.1470476127563 -26.71481456572267 4.5
      vertex 38.01744721465741 -24.974350339247547 4.5
      vertex 37.925 -25.03612159321677 4.5
    endloop
  endfacet
  facet normal 0 0 1
    outer loop
      vertex 37.82631548055013 -26.778612153434523 4.5
      vertex 38.1470476127563 -26.71481456572267 4.5
      vertex 37.82528091751033 -25.08529760263459 4.5
    endloop
  endfacet
  facet normal 0 0 1
    outer loop
      vertex 38.1470476127563 -26.71481456572267 4.5
      vertex 38.456708580912725 -26.609698831278216 4.5
      vertex 38.101040764008566 -24.901040764008563 4.5
    endloop
  endfacet
  facet normal 0 0 1
    outer loop
      vertex 39.0219035725218 -22.31661664927191 4.5
      vertex 39.26776695296637 -26.067766952966366 4.5
      vertex 39.26776695296637 -22.53223304703363 4.5
    endloop
  endfacet
  facet normal 0 0 1
    outer loop
      vertex 39.26776695296637 -22.53223304703363 4.5
      vertex 39.48338335072809 -25.821903572521798 4.5
      vertex 39.48338335072809 -22.778096427478197 4.5
    endloop
  endfacet
  facet normal 0 0 1
    outer loop
      vertex 39.48338335072809 -22.778096427478197 4.5
      vertex 39.6650635094611 -25.549999999999997 4.5
      vertex 39.6650635094611 -23.049999999999997 4.5
    endloop
  endfacet
  facet normal 0 0 1
    outer loop
      vertex 39.6650635094611 -23.049999999999997 4.5
      vertex 39.80969883127822 -25.256708580912722 4.5
      vertex 39.80969883127822 -23.343291419087272 4.5
    endloop
  endfacet
  facet normal 0 0 1
    outer loop
      vertex 39.80969883127822 -23.343291419087272 4.5
      vertex 39.91481456572267 -24.9470476127563 4.5
      vertex 39.91481456572267 -23.652952387243694 4.5
    endloop
  endfacet
  facet normal 0 0 1
    outer loop
      vertex 39.91481456572267 -23.652952387243694 4.5
      vertex 39.978612153434526 -24.626315480550126 4.5
      vertex 39.978612153434526 -23.97368451944987 4.5
    endloop
  endfacet
  facet normal 0 0 1
    outer loop
      vertex 39.978612153434526 -23.97368451944987 4.5
      vertex 39.978612153434526 -24.626315480550126 4.5
      vertex 40 -24.299999999999997 4.5
    endloop
  endfacet
  facet normal 0 0 1
    outer loop
      vertex 39.80969883127822 -23.343291419087272 4.5
      vertex 39.80969883127822 -25.256708580912722 4.5
      vertex 39.91481456572267 -24.9470476127563 4.5
    endloop
  endfacet
  facet normal 0 0 1
    outer loop
      vertex 39.91481456572267 -23.652952387243694 4.5
      vertex 39.91481456572267 -24.9470476127563 4.5
      vertex 39.978612153434526 -24.626315480550126 4.5
    endloop
  endfacet
  facet normal 0 0 1
    outer loop
      vertex 38.456708580912725 -21.99030116872178 4.5
      vertex 38.456708580912725 -26.609698831278216 4.5
      vertex 38.75 -26.465063509461093 4.5
    endloop
  endfacet
  facet normal 0 0 1
    outer loop
      vertex 38.75 -22.1349364905389 4.5
      vertex 38.75 -26.465063509461093 4.5
      vertex 39.0219035725218 -26.283383350728084 4.5
    endloop
  endfacet
  facet normal 0 0 1
    outer loop
      vertex 39.0219035725218 -22.31661664927191 4.5
      vertex 39.0219035725218 -26.283383350728084 4.5
      vertex 39.26776695296637 -26.067766952966366 4.5
    endloop
  endfacet
  facet normal 0 0 1
    outer loop
      vertex 39.26776695296637 -22.53223304703363 4.5
      vertex 39.26776695296637 -26.067766952966366 4.5
      vertex 39.48338335072809 -25.821903572521798 4.5
    endloop
  endfacet
  facet normal 0 0 1
    outer loop
      vertex 39.48338335072809 -22.778096427478197 4.5
      vertex 39.48338335072809 -25.821903572521798 4.5
      vertex 39.6650635094611 -25.549999999999997 4.5
    endloop
  endfacet
  facet normal 0 0 1
    outer loop
      vertex 39.6650635094611 -23.049999999999997 4.5
      vertex 39.6650635094611 -25.549999999999997 4.5
      vertex 39.80969883127822 -25.256708580912722 4.5
    endloop
  endfacet
  facet normal -0.7518398074789757 -0.6593458151000708 1.2626349901085232e-18
    outer loop
      vertex 35.51661664927191 -25.821903572521798 4.5
      vertex 35.73223304703363 -26.067766952966366 2
      vertex 35.73223304703363 -26.067766952966366 4.5
    endloop
  endfacet
  facet normal -0.6593458151000647 -0.751839807478981 2.6153662628967414e-19
    outer loop
      vertex 35.73223304703363 -26.067766952966366 4.5
      vertex 35.9780964274782 -26.283383350728084 2
      vertex 35.9780964274782 -26.283383350728084 4.5
    endloop
  endfacet
  facet normal -0.5555702330196043 -0.8314696123025439 -9.978667353979184e-19
    outer loop
      vertex 35.9780964274782 -26.283383350728084 4.5
      vertex 36.25 -26.465063509461093 2
      vertex 36.25 -26.465063509461093 4.5
    endloop
  endfacet
  facet normal -0.4422886902190092 -0.8968727415326845 1.641376363531933e-18
    outer loop
      vertex 36.25 -26.465063509461093 4.5
      vertex 36.543291419087275 -26.609698831278216 2
      vertex 36.543291419087275 -26.609698831278216 4.5
    endloop
  endfacet
  facet normal -0.321439465303161 -0.9469301294951059 2.500253253381553e-18
    outer loop
      vertex 36.543291419087275 -26.609698831278216 4.5
      vertex 36.8529523872437 -26.71481456572267 2
      vertex 36.8529523872437 -26.71481456572267 4.5
    endloop
  endfacet
  facet normal -0.19509032201612206 -0.9807852804032317 -5.100683010144182e-19
    outer loop
      vertex 36.8529523872437 -26.71481456572267 4.5
      vertex 37.17368451944987 -26.778612153434523 2
      vertex 37.17368451944987 -26.778612153434523 4.5
    endloop
  endfacet
  facet normal -0.06540312923014453 -0.9978589232386035 -2.3774332076076e-19
    outer loop
      vertex 37.17368451944987 -26.778612153434523 4.5
      vertex 37.5 -26.799999999999997 2
      vertex 37.5 -26.799999999999997 4.5
    endloop
  endfacet
  facet normal 0.06540312923014453 -0.9978589232386035 2.3774332076076e-19
    outer loop
      vertex 37.5 -26.799999999999997 4.5
      vertex 37.82631548055013 -26.778612153434523 2
      vertex 37.82631548055013 -26.778612153434523 4.5
    endloop
  endfacet
  facet normal 0.19509032201612206 -0.9807852804032317 5.100683010144182e-19
    outer loop
      vertex 37.82631548055013 -26.778612153434523 4.5
      vertex 38.1470476127563 -26.71481456572267 2
      vertex 38.1470476127563 -26.71481456572267 4.5
    endloop
  endfacet
  facet normal 0.321439465303161 -0.9469301294951059 -2.500253253381553e-18
    outer loop
      vertex 38.1470476127563 -26.71481456572267 4.5
      vertex 38.456708580912725 -26.609698831278216 2
      vertex 38.456708580912725 -26.609698831278216 4.5
    endloop
  endfacet
  facet normal 0.9807852804032317 0.19509032201612206 0
    outer loop
      vertex 39.91481456572267 -23.652952387243694 4.5
      vertex 39.978612153434526 -23.97368451944987 4.5
      vertex 39.91481456572267 -23.652952387243694 2
    endloop
  endfacet
  facet normal 0.9978589232386035 0.06540312923014453 0
    outer loop
      vertex 39.978612153434526 -23.97368451944987 4.5
      vertex 40 -24.299999999999997 4.5
      vertex 39.978612153434526 -23.97368451944987 2
    endloop
  endfacet
  facet normal 0.9978589232386035 -0.06540312923014453 0
    outer loop
      vertex 40 -24.299999999999997 4.5
      vertex 39.978612153434526 -24.626315480550126 4.5
      vertex 40 -24.299999999999997 2
    endloop
  endfacet
  facet normal 0.9807852804032317 -0.19509032201612206 0
    outer loop
      vertex 39.978612153434526 -24.626315480550126 4.5
      vertex 39.91481456572267 -24.9470476127563 4.5
      vertex 39.978612153434526 -24.626315480550126 2
    endloop
  endfacet
  facet normal 0.9469301294951059 -0.321439465303161 0
    outer loop
      vertex 39.91481456572267 -24.9470476127563 4.5
      vertex 39.80969883127822 -25.256708580912722 4.5
      vertex 39.91481456572267 -24.9470476127563 2
    endloop
  endfacet
  facet normal 0.8968727415326887 -0.4422886902190004 -3.0435733453361666e-18
    outer loop
      vertex 39.6650635094611 -25.549999999999997 4.5
      vertex 39.80969883127822 -25.256708580912722 2
      vertex 39.80969883127822 -25.256708580912722 4.5
    endloop
  endfacet
  facet normal 0.4422886902190092 -0.8968727415326845 -1.641376363531933e-18
    outer loop
      vertex 38.456708580912725 -26.609698831278216 4.5
      vertex 38.75 -26.465063509461093 2
      vertex 38.75 -26.465063509461093 4.5
    endloop
  endfacet
  facet normal 0.6593458151000647 -0.751839807478981 -2.6153662628967414e-19
    outer loop
      vertex 39.0219035725218 -26.283383350728084 4.5
      vertex 39.26776695296637 -26.067766952966366 2
      vertex 39.26776695296637 -26.067766952966366 4.5
    endloop
  endfacet
  facet normal 0.5555702330196043 -0.8314696123025439 9.978667353979184e-19
    outer loop
      vertex 38.75 -26.465063509461093 4.5
      vertex 39.0219035725218 -26.283383350728084 2
      vertex 39.0219035725218 -26.283383350728084 4.5
    endloop
  endfacet
  facet normal 0.8314696123025439 -0.5555702330196043 0
    outer loop
      vertex 39.6650635094611 -25.549999999999997 4.5
      vertex 39.48338335072809 -25.821903572521798 4.5
      vertex 39.6650635094611 -25.549999999999997 2
    endloop
  endfacet
  facet normal 0.7518398074789757 -0.6593458151000708 -1.2626349901085232e-18
    outer loop
      vertex 39.26776695296637 -26.067766952966366 4.5
      vertex 39.48338335072809 -25.821903572521798 2
      vertex 39.48338335072809 -25.821903572521798 4.5
    endloop
  endfacet
  facet normal -0.8314696123025439 0.5555702330196043 0
    outer loop
      vertex 35.51661664927191 -22.778096427478197 4.5
      vertex 35.51661664927191 -22.778096427478197 2
      vertex 35.3349364905389 -23.049999999999997 2
    endloop
  endfacet
  facet normal -0.9469301294951059 0.321439465303161 0
    outer loop
      vertex 35.19030116872178 -23.343291419087272 4.5
      vertex 35.19030116872178 -23.343291419087272 2
      vertex 35.08518543427733 -23.652952387243694 2
    endloop
  endfacet
  facet normal -0.8968727415326887 0.4422886902190004 0
    outer loop
      vertex 35.3349364905389 -23.049999999999997 4.5
      vertex 35.3349364905389 -23.049999999999997 2
      vertex 35.19030116872178 -23.343291419087272 2
    endloop
  endfacet
  facet normal -0.9807852804032317 0.19509032201612206 0
    outer loop
      vertex 35.08518543427733 -23.652952387243694 4.5
      vertex 35.08518543427733 -23.652952387243694 2
      vertex 35.021387846565474 -23.97368451944987 2
    endloop
  endfacet
  facet normal -0.9978589232386035 0.06540312923014453 0
    outer loop
      vertex 35.021387846565474 -23.97368451944987 4.5
      vertex 35.021387846565474 -23.97368451944987 2
      vertex 35 -24.299999999999997 2
    endloop
  endfacet
  facet normal -0.9978589232386035 -0.06540312923014453 0
    outer loop
      vertex 35 -24.299999999999997 4.5
      vertex 35 -24.299999999999997 2
      vertex 35.021387846565474 -24.626315480550126 2
    endloop
  endfacet
  facet normal -0.9807852804032317 -0.19509032201612206 0
    outer loop
      vertex 35.021387846565474 -24.626315480550126 4.5
      vertex 35.021387846565474 -24.626315480550126 2
      vertex 35.08518543427733 -24.9470476127563 2
    endloop
  endfacet
  facet normal -0.9469301294951059 -0.321439465303161 0
    outer loop
      vertex 35.08518543427733 -24.9470476127563 4.5
      vertex 35.08518543427733 -24.9470476127563 2
      vertex 35.19030116872178 -25.256708580912722 2
    endloop
  endfacet
  facet normal -0.8968727415326887 -0.4422886902190004 0
    outer loop
      vertex 35.19030116872178 -25.256708580912722 4.5
      vertex 35.19030116872178 -25.256708580912722 2
      vertex 35.3349364905389 -25.549999999999997 2
    endloop
  endfacet
  facet normal -0.8314696123025439 -0.5555702330196043 0
    outer loop
      vertex 35.3349364905389 -25.549999999999997 4.5
      vertex 35.3349364905389 -25.549999999999997 2
      vertex 35.51661664927191 -25.821903572521798 2
    endloop
  endfacet
  facet normal -0.6593458151000647 0.751839807478981 0
    outer loop
      vertex 35.9780964274782 -22.31661664927191 4.5
      vertex 35.9780964274782 -22.31661664927191 2
      vertex 35.73223304703363 -22.53223304703363 2
    endloop
  endfacet
  facet normal -0.5555702330196043 0.8314696123025439 0
    outer loop
      vertex 36.25 -22.1349364905389 4.5
      vertex 36.25 -22.1349364905389 2
      vertex 35.9780964274782 -22.31661664927191 2
    endloop
  endfacet
  facet normal -0.4422886902190092 0.8968727415326845 0
    outer loop
      vertex 36.543291419087275 -21.99030116872178 4.5
      vertex 36.543291419087275 -21.99030116872178 2
      vertex 36.25 -22.1349364905389 2
    endloop
  endfacet
  facet normal -0.19509032201612206 0.9807852804032317 0
    outer loop
      vertex 37.17368451944987 -21.82138784656547 4.5
      vertex 37.17368451944987 -21.82138784656547 2
      vertex 36.8529523872437 -21.885185434277325 2
    endloop
  endfacet
  facet normal -0.321439465303161 0.9469301294951059 0
    outer loop
      vertex 36.8529523872437 -21.885185434277325 4.5
      vertex 36.8529523872437 -21.885185434277325 2
      vertex 36.543291419087275 -21.99030116872178 2
    endloop
  endfacet
  facet normal -0.7518398074789757 0.6593458151000708 0
    outer loop
      vertex 35.73223304703363 -22.53223304703363 4.5
      vertex 35.73223304703363 -22.53223304703363 2
      vertex 35.51661664927191 -22.778096427478197 2
    endloop
  endfacet
  facet normal -0.06540312923014453 0.9978589232386035 0
    outer loop
      vertex 37.5 -21.799999999999997 4.5
      vertex 37.5 -21.799999999999997 2
      vertex 37.17368451944987 -21.82138784656547 2
    endloop
  endfacet
  facet normal 0.06540312923014453 0.9978589232386035 0
    outer loop
      vertex 37.82631548055013 -21.82138784656547 4.5
      vertex 37.82631548055013 -21.82138784656547 2
      vertex 37.5 -21.799999999999997 2
    endloop
  endfacet
  facet normal 0.19509032201612206 0.9807852804032317 0
    outer loop
      vertex 38.1470476127563 -21.885185434277325 4.5
      vertex 38.1470476127563 -21.885185434277325 2
      vertex 37.82631548055013 -21.82138784656547 2
    endloop
  endfacet
  facet normal 0.321439465303161 0.9469301294951059 0
    outer loop
      vertex 38.456708580912725 -21.99030116872178 4.5
      vertex 38.456708580912725 -21.99030116872178 2
      vertex 38.1470476127563 -21.885185434277325 2
    endloop
  endfacet
  facet normal 0.4422886902190092 0.8968727415326845 0
    outer loop
      vertex 38.75 -22.1349364905389 4.5
      vertex 38.75 -22.1349364905389 2
      vertex 38.456708580912725 -21.99030116872178 2
    endloop
  endfacet
  facet normal 0.5555702330196043 0.8314696123025439 0
    outer loop
      vertex 39.0219035725218 -22.31661664927191 4.5
      vertex 39.0219035725218 -22.31661664927191 2
      vertex 38.75 -22.1349364905389 2
    endloop
  endfacet
  facet normal 0.6593458151000647 0.751839807478981 0
    outer loop
      vertex 39.26776695296637 -22.53223304703363 4.5
      vertex 39.26776695296637 -22.53223304703363 2
      vertex 39.0219035725218 -22.31661664927191 2
    endloop
  endfacet
  facet normal 0.7518398074789757 0.6593458151000708 0
    outer loop
      vertex 39.48338335072809 -22.778096427478197 4.5
      vertex 39.48338335072809 -22.778096427478197 2
      vertex 39.26776695296637 -22.53223304703363 2
    endloop
  endfacet
  facet normal 0.8314696123025439 0.5555702330196043 0
    outer loop
      vertex 39.6650635094611 -23.049999999999997 4.5
      vertex 39.6650635094611 -23.049999999999997 2
      vertex 39.48338335072809 -22.778096427478197 2
    endloop
  endfacet
  facet normal 0.8968727415326887 0.4422886902190004 0
    outer loop
      vertex 39.80969883127822 -23.343291419087272 4.5
      vertex 39.80969883127822 -23.343291419087272 2
      vertex 39.6650635094611 -23.049999999999997 2
    endloop
  endfacet
  facet normal 0.9469301294951059 0.321439465303161 0
    outer loop
      vertex 39.91481456572267 -23.652952387243694 4.5
      vertex 39.91481456572267 -23.652952387243694 2
      vertex 39.80969883127822 -23.343291419087272 2
    endloop
  endfacet
  facet normal -0.7518398074789757 -0.6593458151000708 0
    outer loop
      vertex 35.51661664927191 -25.821903572521798 4.5
      vertex 35.51661664927191 -25.821903572521798 2
      vertex 35.73223304703363 -26.067766952966366 2
    endloop
  endfacet
  facet normal -0.6593458151000647 -0.751839807478981 0
    outer loop
      vertex 35.73223304703363 -26.067766952966366 4.5
      vertex 35.73223304703363 -26.067766952966366 2
      vertex 35.9780964274782 -26.283383350728084 2
    endloop
  endfacet
  facet normal -0.5555702330196043 -0.8314696123025439 0
    outer loop
      vertex 35.9780964274782 -26.283383350728084 4.5
      vertex 35.9780964274782 -26.283383350728084 2
      vertex 36.25 -26.465063509461093 2
    endloop
  endfacet
  facet normal -0.4422886902190092 -0.8968727415326845 0
    outer loop
      vertex 36.25 -26.465063509461093 4.5
      vertex 36.25 -26.465063509461093 2
      vertex 36.543291419087275 -26.609698831278216 2
    endloop
  endfacet
  facet normal -0.321439465303161 -0.9469301294951059 0
    outer loop
      vertex 36.543291419087275 -26.609698831278216 4.5
      vertex 36.543291419087275 -26.609698831278216 2
      vertex 36.8529523872437 -26.71481456572267 2
    endloop
  endfacet
  facet normal -0.19509032201612206 -0.9807852804032317 0
    outer loop
      vertex 36.8529523872437 -26.71481456572267 4.5
      vertex 36.8529523872437 -26.71481456572267 2
      vertex 37.17368451944987 -26.778612153434523 2
    endloop
  endfacet
  facet normal -0.06540312923014453 -0.9978589232386035 0
    outer loop
      vertex 37.17368451944987 -26.778612153434523 4.5
      vertex 37.17368451944987 -26.778612153434523 2
      vertex 37.5 -26.799999999999997 2
    endloop
  endfacet
  facet normal 0.06540312923014453 -0.9978589232386035 0
    outer loop
      vertex 37.5 -26.799999999999997 4.5
      vertex 37.5 -26.799999999999997 2
      vertex 37.82631548055013 -26.778612153434523 2
    endloop
  endfacet
  facet normal 0.19509032201612206 -0.9807852804032317 0
    outer loop
      vertex 37.82631548055013 -26.778612153434523 4.5
      vertex 37.82631548055013 -26.778612153434523 2
      vertex 38.1470476127563 -26.71481456572267 2
    endloop
  endfacet
  facet normal 0.321439465303161 -0.9469301294951059 0
    outer loop
      vertex 38.1470476127563 -26.71481456572267 4.5
      vertex 38.1470476127563 -26.71481456572267 2
      vertex 38.456708580912725 -26.609698831278216 2
    endloop
  endfacet
  facet normal 0.9807852804032317 0.19509032201612206 0
    outer loop
      vertex 39.978612153434526 -23.97368451944987 4.5
      vertex 39.978612153434526 -23.97368451944987 2
      vertex 39.91481456572267 -23.652952387243694 2
    endloop
  endfacet
  facet normal 0.9978589232386035 0.06540312923014453 0
    outer loop
      vertex 40 -24.299999999999997 4.5
      vertex 40 -24.299999999999997 2
      vertex 39.978612153434526 -23.97368451944987 2
    endloop
  endfacet
  facet normal 0.9978589232386035 -0.06540312923014453 0
    outer loop
      vertex 39.978612153434526 -24.626315480550126 4.5
      vertex 39.978612153434526 -24.626315480550126 2
      vertex 40 -24.299999999999997 2
    endloop
  endfacet
  facet normal 0.9807852804032317 -0.19509032201612206 0
    outer loop
      vertex 39.91481456572267 -24.9470476127563 4.5
      vertex 39.91481456572267 -24.9470476127563 2
      vertex 39.978612153434526 -24.626315480550126 2
    endloop
  endfacet
  facet normal 0.9469301294951059 -0.321439465303161 0
    outer loop
      vertex 39.80969883127822 -25.256708580912722 4.5
      vertex 39.80969883127822 -25.256708580912722 2
      vertex 39.91481456572267 -24.9470476127563 2
    endloop
  endfacet
  facet normal 0.8968727415326887 -0.4422886902190004 0
    outer loop
      vertex 39.6650635094611 -25.549999999999997 4.5
      vertex 39.6650635094611 -25.549999999999997 2
      vertex 39.80969883127822 -25.256708580912722 2
    endloop
  endfacet
  facet normal 0.5555702330196043 -0.8314696123025439 0
    outer loop
      vertex 38.75 -26.465063509461093 4.5
      vertex 38.75 -26.465063509461093 2
      vertex 39.0219035725218 -26.283383350728084 2
    endloop
  endfacet
  facet normal 0.6593458151000647 -0.751839807478981 0
    outer loop
      vertex 39.0219035725218 -26.283383350728084 4.5
      vertex 39.0219035725218 -26.283383350728084 2
      vertex 39.26776695296637 -26.067766952966366 2
    endloop
  endfacet
  facet normal 0.8314696123025439 -0.5555702330196043 0
    outer loop
      vertex 39.48338335072809 -25.821903572521798 4.5
      vertex 39.48338335072809 -25.821903572521798 2
      vertex 39.6650635094611 -25.549999999999997 2
    endloop
  endfacet
  facet normal 0.7518398074789757 -0.6593458151000708 0
    outer loop
      vertex 39.26776695296637 -26.067766952966366 4.5
      vertex 39.26776695296637 -26.067766952966366 2
      vertex 39.48338335072809 -25.821903572521798 2
    endloop
  endfacet
  facet normal 0.4422886902190092 -0.8968727415326845 0
    outer loop
      vertex 38.456708580912725 -26.609698831278216 4.5
      vertex 38.456708580912725 -26.609698831278216 2
      vertex 38.75 -26.465063509461093 2
    endloop
  endfacet
  facet normal 0 0 1
    outer loop
      vertex -84 57.5 13.2
      vertex -84 47.5 13.2
      vertex -82 55.5 13.2
    endloop
  endfacet
  facet normal 0 0 1
    outer loop
      vertex -84 57.5 13.2
      vertex -82 55.5 13.2
      vertex -74 57.5 13.2
    endloop
  endfacet
  facet normal 0 0 1
    outer loop
      vertex -82 55.5 13.2
      vertex -74 55.5 13.2
      vertex -74 57.5 13.2
    endloop
  endfacet
  facet normal 0 0 1
    outer loop
      vertex -84 47.5 13.2
      vertex -82 47.5 13.2
      vertex -82 55.5 13.2
    endloop
  endfacet
  facet normal -1 0 0
    outer loop
      vertex -84 57.5 13.2
      vertex -84 57.5 2
      vertex -84 47.5 13.2
    endloop
  endfacet
  facet normal 0 -1 0
    outer loop
      vertex -84 47.5 13.2
      vertex -84 47.5 2
      vertex -82 47.5 13.2
    endloop
  endfacet
  facet normal 0 1 0
    outer loop
      vertex -84 57.5 13.2
      vertex -74 57.5 13.2
      vertex -74 57.5 2
    endloop
  endfacet
  facet normal 0 -1 0
    outer loop
      vertex -82 55.5 13.2
      vertex -82 55.5 2
      vertex -74 55.5 13.2
    endloop
  endfacet
  facet normal 1 0 0
    outer loop
      vertex -74 57.5 13.2
      vertex -74 55.5 13.2
      vertex -74 55.5 2
    endloop
  endfacet
  facet normal 1 0 0
    outer loop
      vertex -82 55.5 13.2
      vertex -82 47.5 13.2
      vertex -82 47.5 2
    endloop
  endfacet
  facet normal -1 0 0
    outer loop
      vertex -84 47.5 13.2
      vertex -84 57.5 2
      vertex -84 47.5 2
    endloop
  endfacet
  facet normal 0 1 0
    outer loop
      vertex -84 57.5 13.2
      vertex -74 57.5 2
      vertex -84 57.5 2
    endloop
  endfacet
  facet normal 0 -1 0
    outer loop
      vertex -74 55.5 13.2
      vertex -82 55.5 2
      vertex -74 55.5 2
    endloop
  endfacet
  facet normal 1 0 0
    outer loop
      vertex -74 57.5 13.2
      vertex -74 55.5 2
      vertex -74 57.5 2
    endloop
  endfacet
  facet normal 1 0 0
    outer loop
      vertex -82 55.5 13.2
      vertex -82 47.5 2
      vertex -82 55.5 2
    endloop
  endfacet
  facet normal 0 -1 0
    outer loop
      vertex -82 47.5 13.2
      vertex -84 47.5 2
      vertex -82 47.5 2
    endloop
  endfacet
  facet normal 0 0 1
    outer loop
      vertex -84 -42.5 13.2
      vertex -82 -50.5 13.2
      vertex -82 -42.5 13.2
    endloop
  endfacet
  facet normal 0 0 1
    outer loop
      vertex -84 -42.5 13.2
      vertex -84 -52.5 13.2
      vertex -82 -50.5 13.2
    endloop
  endfacet
  facet normal 0 0 1
    outer loop
      vertex -84 -52.5 13.2
      vertex -74 -52.5 13.2
      vertex -82 -50.5 13.2
    endloop
  endfacet
  facet normal 0 0 1
    outer loop
      vertex -82 -50.5 13.2
      vertex -74 -52.5 13.2
      vertex -74 -50.5 13.2
    endloop
  endfacet
  facet normal -1 0 0
    outer loop
      vertex -84 -42.5 13.2
      vertex -84 -42.5 2
      vertex -84 -52.5 13.2
    endloop
  endfacet
  facet normal 0 1 0
    outer loop
      vertex -84 -42.5 13.2
      vertex -82 -42.5 13.2
      vertex -82 -42.5 2
    endloop
  endfacet
  facet normal 1 0 0
    outer loop
      vertex -82 -42.5 13.2
      vertex -82 -50.5 13.2
      vertex -82 -50.5 2
    endloop
  endfacet
  facet normal 0 -1 0
    outer loop
      vertex -84 -52.5 13.2
      vertex -84 -52.5 2
      vertex -74 -52.5 13.2
    endloop
  endfacet
  facet normal 0 1 0
    outer loop
      vertex -82 -50.5 13.2
      vertex -74 -50.5 13.2
      vertex -74 -50.5 2
    endloop
  endfacet
  facet normal 1 0 0
    outer loop
      vertex -74 -50.5 13.2
      vertex -74 -52.5 13.2
      vertex -74 -52.5 2
    endloop
  endfacet
  facet normal 0 1 0
    outer loop
      vertex -84 -42.5 13.2
      vertex -82 -42.5 2
      vertex -84 -42.5 2
    endloop
  endfacet
  facet normal 1 0 0
    outer loop
      vertex -82 -42.5 13.2
      vertex -82 -50.5 2
      vertex -82 -42.5 2
    endloop
  endfacet
  facet normal -1 0 0
    outer loop
      vertex -84 -52.5 13.2
      vertex -84 -42.5 2
      vertex -84 -52.5 2
    endloop
  endfacet
  facet normal 0 1 0
    outer loop
      vertex -82 -50.5 13.2
      vertex -74 -50.5 2
      vertex -82 -50.5 2
    endloop
  endfacet
  facet normal 0 -1 0
    outer loop
      vertex -74 -52.5 13.2
      vertex -84 -52.5 2
      vertex -74 -52.5 2
    endloop
  endfacet
  facet normal 1 0 0
    outer loop
      vertex -74 -50.5 13.2
      vertex -74 -52.5 2
      vertex -74 -50.5 2
    endloop
  endfacet
  facet normal 0 0 1
    outer loop
      vertex 74 57.5 13.2
      vertex 74 55.5 13.2
      vertex 82 55.5 13.2
    endloop
  endfacet
  facet normal 0 0 1
    outer loop
      vertex 74 57.5 13.2
      vertex 82 55.5 13.2
      vertex 84 57.5 13.2
    endloop
  endfacet
  facet normal 0 0 1
    outer loop
      vertex 82 55.5 13.2
      vertex 82 47.5 13.2
      vertex 84 47.5 13.2
    endloop
  endfacet
  facet normal 0 0 1
    outer loop
      vertex 82 55.5 13.2
      vertex 84 47.5 13.2
      vertex 84 57.5 13.2
    endloop
  endfacet
  facet normal -1 0 0
    outer loop
      vertex 74 57.5 13.2
      vertex 74 57.5 2
      vertex 74 55.5 13.2
    endloop
  endfacet
  facet normal 0 -1 0
    outer loop
      vertex 74 55.5 13.2
      vertex 74 55.5 2
      vertex 82 55.5 13.2
    endloop
  endfacet
  facet normal 0 1 0
    outer loop
      vertex 74 57.5 13.2
      vertex 84 57.5 13.2
      vertex 84 57.5 2
    endloop
  endfacet
  facet normal -1 0 0
    outer loop
      vertex 82 55.5 13.2
      vertex 82 55.5 2
      vertex 82 47.5 13.2
    endloop
  endfacet
  facet normal 0 -1 0
    outer loop
      vertex 82 47.5 13.2
      vertex 82 47.5 2
      vertex 84 47.5 13.2
    endloop
  endfacet
  facet normal 1 0 0
    outer loop
      vertex 84 57.5 13.2
      vertex 84 47.5 13.2
      vertex 84 47.5 2
    endloop
  endfacet
  facet normal -1 0 0
    outer loop
      vertex 74 55.5 13.2
      vertex 74 57.5 2
      vertex 74 55.5 2
    endloop
  endfacet
  facet normal 0 1 0
    outer loop
      vertex 74 57.5 13.2
      vertex 84 57.5 2
      vertex 74 57.5 2
    endloop
  endfacet
  facet normal 0 -1 0
    outer loop
      vertex 82 55.5 13.2
      vertex 74 55.5 2
      vertex 82 55.5 2
    endloop
  endfacet
  facet normal -1 0 0
    outer loop
      vertex 82 47.5 13.2
      vertex 82 55.5 2
      vertex 82 47.5 2
    endloop
  endfacet
  facet normal 1 0 0
    outer loop
      vertex 84 57.5 13.2
      vertex 84 47.5 2
      vertex 84 57.5 2
    endloop
  endfacet
  facet normal 0 -1 0
    outer loop
      vertex 84 47.5 13.2
      vertex 82 47.5 2
      vertex 84 47.5 2
    endloop
  endfacet
  facet normal 0 0 1
    outer loop
      vertex 82 -42.5 13.2
      vertex 82 -50.5 13.2
      vertex 84 -42.5 13.2
    endloop
  endfacet
  facet normal 0 0 1
    outer loop
      vertex 74 -50.5 13.2
      vertex 74 -52.5 13.2
      vertex 82 -50.5 13.2
    endloop
  endfacet
  facet normal 0 0 1
    outer loop
      vertex 74 -52.5 13.2
      vertex 84 -52.5 13.2
      vertex 82 -50.5 13.2
    endloop
  endfacet
  facet normal 0 0 1
    outer loop
      vertex 84 -42.5 13.2
      vertex 82 -50.5 13.2
      vertex 84 -52.5 13.2
    endloop
  endfacet
  facet normal -1 0 0
    outer loop
      vertex 82 -42.5 13.2
      vertex 82 -42.5 2
      vertex 82 -50.5 13.2
    endloop
  endfacet
  facet normal 0 1 0
    outer loop
      vertex 82 -42.5 13.2
      vertex 84 -42.5 13.2
      vertex 84 -42.5 2
    endloop
  endfacet
  facet normal -1 0 0
    outer loop
      vertex 74 -50.5 13.2
      vertex 74 -50.5 2
      vertex 74 -52.5 13.2
    endloop
  endfacet
  facet normal 0 1 0
    outer loop
      vertex 74 -50.5 13.2
      vertex 82 -50.5 13.2
      vertex 82 -50.5 2
    endloop
  endfacet
  facet normal 0 -1 0
    outer loop
      vertex 74 -52.5 13.2
      vertex 74 -52.5 2
      vertex 84 -52.5 13.2
    endloop
  endfacet
  facet normal 1 0 0
    outer loop
      vertex 84 -42.5 13.2
      vertex 84 -52.5 13.2
      vertex 84 -52.5 2
    endloop
  endfacet
  facet normal 0 1 0
    outer loop
      vertex 82 -42.5 13.2
      vertex 84 -42.5 2
      vertex 82 -42.5 2
    endloop
  endfacet
  facet normal 1 0 0
    outer loop
      vertex 84 -42.5 13.2
      vertex 84 -52.5 2
      vertex 84 -42.5 2
    endloop
  endfacet
  facet normal 0 1 0
    outer loop
      vertex 74 -50.5 13.2
      vertex 82 -50.5 2
      vertex 74 -50.5 2
    endloop
  endfacet
  facet normal -1 0 0
    outer loop
      vertex 74 -52.5 13.2
      vertex 74 -50.5 2
      vertex 74 -52.5 2
    endloop
  endfacet
  facet normal -1 0 0
    outer loop
      vertex 82 -50.5 13.2
      vertex 82 -42.5 2
      vertex 82 -50.5 2
    endloop
  endfacet
  facet normal 0 -1 0
    outer loop
      vertex 84 -52.5 13.2
      vertex 74 -52.5 2
      vertex 84 -52.5 2
    endloop
  endfacet
  facet normal 0 0 1
    outer loop
      vertex -84 8.5 13.2
      vertex -84 -3.5 13.2
      vertex -82 8.5 13.2
    endloop
  endfacet
  facet normal 0 0 1
    outer loop
      vertex -82 8.5 13.2
      vertex -84 -3.5 13.2
      vertex -82 -3.5 13.2
    endloop
  endfacet
  facet normal 0 1 0
    outer loop
      vertex -84 8.5 13.2
      vertex -82 8.5 13.2
      vertex -84 8.5 2
    endloop
  endfacet
  facet normal -1 0 0
    outer loop
      vertex -84 8.5 13.2
      vertex -84 -3.5 2
      vertex -84 -3.5 13.2
    endloop
  endfacet
  facet normal 1 0 0
    outer loop
      vertex -82 8.5 13.2
      vertex -82 -3.5 13.2
      vertex -82 8.5 2
    endloop
  endfacet
  facet normal -1 0 0
    outer loop
      vertex -84 8.5 13.2
      vertex -84 8.5 2
      vertex -84 -3.5 2
    endloop
  endfacet
  facet normal 0 1 0
    outer loop
      vertex -82 8.5 13.2
      vertex -82 8.5 2
      vertex -84 8.5 2
    endloop
  endfacet
  facet normal 1 0 0
    outer loop
      vertex -82 8.5 2
      vertex -82 -3.5 13.2
      vertex -82 -3.5 2
    endloop
  endfacet
  facet normal 0 -1 0
    outer loop
      vertex -84 -3.5 13.2
      vertex -82 -3.5 2
      vertex -82 -3.5 13.2
    endloop
  endfacet
  facet normal 0 -1 0
    outer loop
      vertex -84 -3.5 13.2
      vertex -84 -3.5 2
      vertex -82 -3.5 2
    endloop
  endfacet
  facet normal 0 0 1
    outer loop
      vertex 82 8.5 13.2
      vertex 82 -3.5 13.2
      vertex 84 8.5 13.2
    endloop
  endfacet
  facet normal 0 0 1
    outer loop
      vertex 84 8.5 13.2
      vertex 82 -3.5 13.2
      vertex 84 -3.5 13.2
    endloop
  endfacet
  facet normal 0 1 0
    outer loop
      vertex 82 8.5 13.2
      vertex 84 8.5 13.2
      vertex 82 8.5 2
    endloop
  endfacet
  facet normal -1 0 0
    outer loop
      vertex 82 8.5 13.2
      vertex 82 -3.5 2
      vertex 82 -3.5 13.2
    endloop
  endfacet
  facet normal 1 0 0
    outer loop
      vertex 84 8.5 13.2
      vertex 84 -3.5 13.2
      vertex 84 8.5 2
    endloop
  endfacet
  facet normal -1 0 0
    outer loop
      vertex 82 8.5 13.2
      vertex 82 8.5 2
      vertex 82 -3.5 2
    endloop
  endfacet
  facet normal 0 1 0
    outer loop
      vertex 84 8.5 13.2
      vertex 84 8.5 2
      vertex 82 8.5 2
    endloop
  endfacet
  facet normal 1 0 0
    outer loop
      vertex 84 8.5 2
      vertex 84 -3.5 13.2
      vertex 84 -3.5 2
    endloop
  endfacet
  facet normal 0 -1 0
    outer loop
      vertex 82 -3.5 13.2
      vertex 84 -3.5 2
      vertex 84 -3.5 13.2
    endloop
  endfacet
  facet normal 0 -1 0
    outer loop
      vertex 82 -3.5 13.2
      vertex 82 -3.5 2
      vertex 84 -3.5 2
    endloop
  endfacet
  facet normal 0 0 1
    outer loop
      vertex -94.87274066358805 62.30705523490906 2
      vertex -94.89315588772297 62.20442095398903 2
      vertex -91.15 60.75 2
    endloop
  endfacet
  facet normal 0 0 1
    outer loop
      vertex -94.89315588772297 62.20442095398903 2
      vertex -94.89999999850988 62.100000001490116 2
      vertex -91.14016159057988 60.59989487894694 2
    endloop
  endfacet
  facet normal 0 0 1
    outer loop
      vertex -94.87274066358805 62.30705523490906 2
      vertex -90.575 61.7459292143521 2
      vertex -90.44008594721986 61.81246146238798 2
    endloop
  endfacet
  facet normal 0 0 1
    outer loop
      vertex -94.87274066358805 62.30705523490906 2
      vertex -91.06246146238799 61.190085947219856 2
      vertex -90.9959292143521 61.325 2
    endloop
  endfacet
  facet normal 0 0 1
    outer loop
      vertex -94.87274066358805 62.30705523490906 2
      vertex -91.11081470023242 61.0476419018679 2
      vertex -91.06246146238799 61.190085947219856 2
    endloop
  endfacet
  facet normal 0 0 1
    outer loop
      vertex -94.87274066358805 62.30705523490906 2
      vertex -90.81317279836453 61.563172798364526 2
      vertex -90.70007564336002 61.66235634133492 2
    endloop
  endfacet
  facet normal 0 0 1
    outer loop
      vertex -94.87274066358805 62.30705523490906 2
      vertex -90.9959292143521 61.325 2
      vertex -90.91235634133493 61.45007564336003 2
    endloop
  endfacet
  facet normal 0 0 1
    outer loop
      vertex -94.87274066358805 62.30705523490906 2
      vertex -90.91235634133493 61.45007564336003 2
      vertex -90.81317279836453 61.563172798364526 2
    endloop
  endfacet
  facet normal 0 0 1
    outer loop
      vertex -94.87274066358805 62.30705523490906 2
      vertex -90.70007564336002 61.66235634133492 2
      vertex -90.575 61.7459292143521 2
    endloop
  endfacet
  facet normal 0 0 1
    outer loop
      vertex -94.87274066358805 62.30705523490906 2
      vertex -91.15 60.75 2
      vertex -91.14016159057988 60.90010512105306 2
    endloop
  endfacet
  facet normal 0 0 1
    outer loop
      vertex -94.87274066358805 62.30705523490906 2
      vertex -91.14016159057988 60.90010512105306 2
      vertex -91.11081470023242 61.0476419018679 2
    endloop
  endfacet
  facet normal 0 0 1
    outer loop
      vertex -94.89315588772297 62.20442095398903 2
      vertex -91.14016159057988 60.59989487894694 2
      vertex -91.15 60.75 2
    endloop
  endfacet
  facet normal 0 0 1
    outer loop
      vertex -94.89999999850988 62.100000001490116 2
      vertex -91.11081470023242 60.4523580981321 2
      vertex -91.14016159057988 60.59989487894694 2
    endloop
  endfacet
  facet normal 0 0 1
    outer loop
      vertex -94.89999999850988 62.100000001490116 2
      vertex -91.06246146238799 60.309914052780144 2
      vertex -91.11081470023242 60.4523580981321 2
    endloop
  endfacet
  facet normal 0 0 1
    outer loop
      vertex -94.89999999850988 62.100000001490116 2
      vertex -90.9959292143521 60.175 2
      vertex -91.06246146238799 60.309914052780144 2
    endloop
  endfacet
  facet normal 0 0 1
    outer loop
      vertex -94.87274066358805 62.30705523490906 2
      vertex -90.44008594721986 61.81246146238798 2
      vertex -90.2976419018679 61.86081470023243 2
    endloop
  endfacet
  facet normal 0 0 1
    outer loop
      vertex -94.87274066358805 62.30705523490906 2
      vertex -90.2976419018679 61.86081470023243 2
      vertex -90.15010512105306 61.89016159057988 2
    endloop
  endfacet
  facet normal 0 0 1
    outer loop
      vertex -94.87274066358805 62.30705523490906 2
      vertex -90 61.9 2
      vertex -89.84989487894694 61.89016159057988 2
    endloop
  endfacet
  facet normal 0 0 1
    outer loop
      vertex -94.87274066358805 62.30705523490906 2
      vertex -90.15010512105306 61.89016159057988 2
      vertex -90 61.9 2
    endloop
  endfacet
  facet normal 0 0 1
    outer loop
      vertex -94.89999999850988 62.100000001490116 2
      vertex -84 47.5 2
      vertex -90.9959292143521 60.175 2
    endloop
  endfacet
  facet normal 0 0 1
    outer loop
      vertex -84 57.5 2
      vertex -89.29992435663998 59.83764365866508 2
      vertex -89.425 59.7540707856479 2
    endloop
  endfacet
  facet normal 0 0 1
    outer loop
      vertex -84 57.5 2
      vertex -89.18682720163547 59.936827201635474 2
      vertex -89.29992435663998 59.83764365866508 2
    endloop
  endfacet
  facet normal 0 0 1
    outer loop
      vertex -84 57.5 2
      vertex -88.85983840942012 60.90010512105306 2
      vertex -88.85 60.75 2
    endloop
  endfacet
  facet normal 0 0 1
    outer loop
      vertex -84 57.5 2
      vertex -88.85 60.75 2
      vertex -88.85983840942012 60.59989487894694 2
    endloop
  endfacet
  facet normal 0 0 1
    outer loop
      vertex -84 57.5 2
      vertex -88.85983840942012 60.59989487894694 2
      vertex -88.88918529976758 60.4523580981321 2
    endloop
  endfacet
  facet normal 0 0 1
    outer loop
      vertex -84 57.5 2
      vertex -89.0040707856479 60.175 2
      vertex -89.08764365866507 60.04992435663997 2
    endloop
  endfacet
  facet normal 0 0 1
    outer loop
      vertex -84 57.5 2
      vertex -88.93753853761201 60.309914052780144 2
      vertex -89.0040707856479 60.175 2
    endloop
  endfacet
  facet normal 0 0 1
    outer loop
      vertex -84 57.5 2
      vertex -88.88918529976758 60.4523580981321 2
      vertex -88.93753853761201 60.309914052780144 2
    endloop
  endfacet
  facet normal 0 0 1
    outer loop
      vertex -84 57.5 2
      vertex -89.08764365866507 60.04992435663997 2
      vertex -89.18682720163547 59.936827201635474 2
    endloop
  endfacet
  facet normal 0 0 1
    outer loop
      vertex -74 57.5 2
      vertex -89.29992435663998 61.66235634133492 2
      vertex -89.18682720163547 61.563172798364526 2
    endloop
  endfacet
  facet normal 0 0 1
    outer loop
      vertex -74 57.5 2
      vertex -89.425 61.7459292143521 2
      vertex -89.29992435663998 61.66235634133492 2
    endloop
  endfacet
  facet normal 0 0 1
    outer loop
      vertex -74 57.5 2
      vertex -89.08764365866507 61.45007564336003 2
      vertex -89.0040707856479 61.325 2
    endloop
  endfacet
  facet normal 0 0 1
    outer loop
      vertex -74 57.5 2
      vertex -89.18682720163547 61.563172798364526 2
      vertex -89.08764365866507 61.45007564336003 2
    endloop
  endfacet
  facet normal 0 0 1
    outer loop
      vertex -74 57.5 2
      vertex -89.0040707856479 61.325 2
      vertex -88.93753853761201 61.190085947219856 2
    endloop
  endfacet
  facet normal 0 0 1
    outer loop
      vertex -74 57.5 2
      vertex -88.93753853761201 61.190085947219856 2
      vertex -88.88918529976758 61.0476419018679 2
    endloop
  endfacet
  facet normal 0 0 1
    outer loop
      vertex -74 57.5 2
      vertex -88.88918529976758 61.0476419018679 2
      vertex -88.85983840942012 60.90010512105306 2
    endloop
  endfacet
  facet normal 0 0 1
    outer loop
      vertex -84 47.5 2
      vertex -90.91235634133493 60.04992435663997 2
      vertex -90.9959292143521 60.175 2
    endloop
  endfacet
  facet normal 0 0 1
    outer loop
      vertex -84 47.5 2
      vertex -90.81317279836453 59.936827201635474 2
      vertex -90.91235634133493 60.04992435663997 2
    endloop
  endfacet
  facet normal 0 0 1
    outer loop
      vertex -84 47.5 2
      vertex -90.70007564336002 59.83764365866508 2
      vertex -90.81317279836453 59.936827201635474 2
    endloop
  endfacet
  facet normal 0 0 1
    outer loop
      vertex -84 47.5 2
      vertex -90.575 59.7540707856479 2
      vertex -90.70007564336002 59.83764365866508 2
    endloop
  endfacet
  facet normal 0 0 1
    outer loop
      vertex -84 47.5 2
      vertex -90.2976419018679 59.63918529976757 2
      vertex -90.44008594721986 59.68753853761202 2
    endloop
  endfacet
  facet normal 0 0 1
    outer loop
      vertex -84 47.5 2
      vertex -90.44008594721986 59.68753853761202 2
      vertex -90.575 59.7540707856479 2
    endloop
  endfacet
  facet normal 0 0 1
    outer loop
      vertex -84 47.5 2
      vertex -90 59.6 2
      vertex -90.15010512105306 59.60983840942012 2
    endloop
  endfacet
  facet normal 0 0 1
    outer loop
      vertex -84 47.5 2
      vertex -90.15010512105306 59.60983840942012 2
      vertex -90.2976419018679 59.63918529976757 2
    endloop
  endfacet
  facet normal 0 0 1
    outer loop
      vertex -84 47.5 2
      vertex -89.84989487894694 59.60983840942012 2
      vertex -90 59.6 2
    endloop
  endfacet
  facet normal 0 0 1
    outer loop
      vertex -84 47.5 2
      vertex -89.55991405278014 59.68753853761202 2
      vertex -89.7023580981321 59.63918529976757 2
    endloop
  endfacet
  facet normal 0 0 1
    outer loop
      vertex -84 47.5 2
      vertex -89.7023580981321 59.63918529976757 2
      vertex -89.84989487894694 59.60983840942012 2
    endloop
  endfacet
  facet normal 0 0 1
    outer loop
      vertex -84 47.5 2
      vertex -89.425 59.7540707856479 2
      vertex -89.55991405278014 59.68753853761202 2
    endloop
  endfacet
  facet normal 0 0 1
    outer loop
      vertex -84 57.5 2
      vertex -89.425 59.7540707856479 2
      vertex -84 47.5 2
    endloop
  endfacet
  facet normal 0 0 1
    outer loop
      vertex -94.89999999850988 62.100000001490116 2
      vertex -81.80000000298023 38.00000000298023 2
      vertex -84 47.5 2
    endloop
  endfacet
  facet normal 0 0 1
    outer loop
      vertex -84 57.5 2
      vertex -74 57.5 2
      vertex -88.85983840942012 60.90010512105306 2
    endloop
  endfacet
  facet normal -0.6593458520432712 0.7518397750806569 0
    outer loop
      vertex -94.66568542271852 62.665685422718525 2
      vertex -94.58700914680958 62.73468267172575 2
      vertex -94.66568542271852 62.665685422718525 0
    endloop
  endfacet
  facet normal -0.5555702466055247 0.831469603224722 0
    outer loop
      vertex -94.58700914680958 62.73468267172575 2
      vertex -94.5 62.79282032698393 2
      vertex -94.58700914680958 62.73468267172575 0
    endloop
  endfacet
  facet normal -0.896872755887627 0.4422886611100639 0
    outer loop
      vertex -94.79282032698393 62.5 2
      vertex -94.83910362422466 62.40614674985409 0
      vertex -94.83910362422466 62.40614674985409 2
    endloop
  endfacet
  facet normal -0.831469603224722 0.5555702466055247 0
    outer loop
      vertex -94.73468267172575 62.58700914680958 2
      vertex -94.79282032698393 62.5 0
      vertex -94.79282032698393 62.5 2
    endloop
  endfacet
  facet normal -0.7518397750806569 0.6593458520432712 0
    outer loop
      vertex -94.66568542271852 62.665685422718525 2
      vertex -94.73468267172575 62.58700914680958 0
      vertex -94.73468267172575 62.58700914680958 2
    endloop
  endfacet
  facet normal -0.4422886611100639 0.896872755887627 0
    outer loop
      vertex -94.5 62.79282032698393 2
      vertex -94.40614674985409 62.83910362422466 2
      vertex -94.5 62.79282032698393 0
    endloop
  endfacet
  facet normal -0.3214394875653658 0.9469301219381053 0
    outer loop
      vertex -94.40614674985409 62.83910362422466 2
      vertex -94.30705523490906 62.87274066358805 2
      vertex -94.40614674985409 62.83910362422466 0
    endloop
  endfacet
  facet normal -0.1950902883977413 0.9807852870903427 0
    outer loop
      vertex -94.30705523490906 62.87274066358805 2
      vertex -94.20442095398903 62.89315588772297 2
      vertex -94.30705523490906 62.87274066358805 0
    endloop
  endfacet
  facet normal -0.0654031289415513 0.9978589232575188 0
    outer loop
      vertex -94.20442095398903 62.89315588772297 2
      vertex -94.10000000149012 62.899999998509884 2
      vertex -94.20442095398903 62.89315588772297 0
    endloop
  endfacet
  facet normal -0.9469301219381053 0.3214394875653658 0
    outer loop
      vertex -94.87274066358805 62.30705523490906 2
      vertex -94.83910362422466 62.40614674985409 2
      vertex -94.87274066358805 62.30705523490906 0
    endloop
  endfacet
  facet normal -0.9807852870903427 0.1950902883977413 0
    outer loop
      vertex -94.87274066358805 62.30705523490906 2
      vertex -94.89315588772297 62.20442095398903 0
      vertex -94.89315588772297 62.20442095398903 2
    endloop
  endfacet
  facet normal -0.9978589232575188 0.0654031289415513 0
    outer loop
      vertex -94.89315588772297 62.20442095398903 2
      vertex -94.89999999850988 62.100000001490116 0
      vertex -94.89999999850988 62.100000001490116 2
    endloop
  endfacet
  facet normal -0.6593458520432712 0.7518397750806569 0
    outer loop
      vertex -94.58700914680958 62.73468267172575 2
      vertex -94.58700914680958 62.73468267172575 0
      vertex -94.66568542271852 62.665685422718525 0
    endloop
  endfacet
  facet normal -0.831469603224722 0.5555702466055247 0
    outer loop
      vertex -94.73468267172575 62.58700914680958 2
      vertex -94.73468267172575 62.58700914680958 0
      vertex -94.79282032698393 62.5 0
    endloop
  endfacet
  facet normal -0.896872755887627 0.4422886611100639 0
    outer loop
      vertex -94.79282032698393 62.5 2
      vertex -94.79282032698393 62.5 0
      vertex -94.83910362422466 62.40614674985409 0
    endloop
  endfacet
  facet normal -0.7518397750806569 0.6593458520432712 0
    outer loop
      vertex -94.66568542271852 62.665685422718525 2
      vertex -94.66568542271852 62.665685422718525 0
      vertex -94.73468267172575 62.58700914680958 0
    endloop
  endfacet
  facet normal -0.4422886611100639 0.896872755887627 0
    outer loop
      vertex -94.40614674985409 62.83910362422466 2
      vertex -94.40614674985409 62.83910362422466 0
      vertex -94.5 62.79282032698393 0
    endloop
  endfacet
  facet normal -0.5555702466055247 0.831469603224722 0
    outer loop
      vertex -94.5 62.79282032698393 2
      vertex -94.5 62.79282032698393 0
      vertex -94.58700914680958 62.73468267172575 0
    endloop
  endfacet
  facet normal -0.3214394875653658 0.9469301219381053 0
    outer loop
      vertex -94.30705523490906 62.87274066358805 2
      vertex -94.30705523490906 62.87274066358805 0
      vertex -94.40614674985409 62.83910362422466 0
    endloop
  endfacet
  facet normal -0.1950902883977413 0.9807852870903427 0
    outer loop
      vertex -94.20442095398903 62.89315588772297 2
      vertex -94.20442095398903 62.89315588772297 0
      vertex -94.30705523490906 62.87274066358805 0
    endloop
  endfacet
  facet normal -0.9469301219381053 0.3214394875653658 0
    outer loop
      vertex -94.83910362422466 62.40614674985409 2
      vertex -94.83910362422466 62.40614674985409 0
      vertex -94.87274066358805 62.30705523490906 0
    endloop
  endfacet
  facet normal -0.9978589232575188 0.0654031289415513 0
    outer loop
      vertex -94.89315588772297 62.20442095398903 2
      vertex -94.89315588772297 62.20442095398903 0
      vertex -94.89999999850988 62.100000001490116 0
    endloop
  endfacet
  facet normal -0.9807852870903427 0.1950902883977413 0
    outer loop
      vertex -94.87274066358805 62.30705523490906 2
      vertex -94.87274066358805 62.30705523490906 0
      vertex -94.89315588772297 62.20442095398903 0
    endloop
  endfacet
  facet normal -0.0654031289415513 0.9978589232575188 0
    outer loop
      vertex -94.10000000149012 62.899999998509884 2
      vertex -94.10000000149012 62.899999998509884 0
      vertex -94.20442095398903 62.89315588772297 0
    endloop
  endfacet
  facet normal 0 0 -1
    outer loop
      vertex -94.66568542271852 62.665685422718525 0
      vertex -94.58700914680958 62.73468267172575 0
      vertex -91.09509345794392 62.646757508195165 0
    endloop
  endfacet
  facet normal 0 0 -1
    outer loop
      vertex -94.73468267172575 62.58700914680958 0
      vertex -91.33330131671208 62.48759210558178 0
      vertex -94.79282032698393 62.5 0
    endloop
  endfacet
  facet normal 0 0 -1
    outer loop
      vertex -94.66568542271852 62.665685422718525 0
      vertex -91.33330131671208 62.48759210558178 0
      vertex -94.73468267172575 62.58700914680958 0
    endloop
  endfacet
  facet normal 0 0 -1
    outer loop
      vertex -94.79282032698393 62.5 0
      vertex -91.54869602029036 62.29869602029034 0
      vertex -94.83910362422466 62.40614674985409 0
    endloop
  endfacet
  facet normal 0 0 -1
    outer loop
      vertex -94.87274066358805 62.30705523490906 0
      vertex -94.83910362422466 62.40614674985409 0
      vertex -91.54869602029036 62.29869602029034 0
    endloop
  endfacet
  facet normal 0 0 -1
    outer loop
      vertex -94.87274066358805 62.30705523490906 0
      vertex -92.17144956320516 60.46412324161898 0
      vertex -94.89315588772297 62.20442095398903 0
    endloop
  endfacet
  facet normal 0 0 -1
    outer loop
      vertex -94.89315588772297 62.20442095398903 0
      vertex -92.11555810645648 60.183137913833875 0
      vertex -94.89999999850988 62.100000001490116 0
    endloop
  endfacet
  facet normal 0 0 -1
    outer loop
      vertex -94.5 62.79282032698393 0
      vertex -94.40614674985409 62.83910362422466 0
      vertex -90.83814824649308 62.773468863962805 0
    endloop
  endfacet
  facet normal 0 0 -1
    outer loop
      vertex -94.58700914680958 62.73468267172575 0
      vertex -94.5 62.79282032698393 0
      vertex -91.09509345794392 62.646757508195165 0
    endloop
  endfacet
  facet normal 0 0 -1
    outer loop
      vertex -94.40614674985409 62.83910362422466 0
      vertex -94.30705523490906 62.87274066358805 0
      vertex -90.83814824649308 62.773468863962805 0
    endloop
  endfacet
  facet normal 0 0 -1
    outer loop
      vertex -94.30705523490906 62.87274066358805 0
      vertex -94.20442095398903 62.89315588772297 0
      vertex -90.56686208616613 62.865558106456476 0
    endloop
  endfacet
  facet normal 0 0 -1
    outer loop
      vertex -94.20442095398903 62.89315588772297 0
      vertex -94.10000000149012 62.899999998509884 0
      vertex -90.56686208616613 62.865558106456476 0
    endloop
  endfacet
  facet normal 0 0 -1
    outer loop
      vertex -94.87274066358805 62.30705523490906 0
      vertex -91.54869602029036 62.29869602029034 0
      vertex -91.73759210558178 62.08330131671209 0
    endloop
  endfacet
  facet normal 0 0 -1
    outer loop
      vertex -94.87274066358805 62.30705523490906 0
      vertex -91.73759210558178 62.08330131671209 0
      vertex -91.89675750819518 61.845093457943925 0
    endloop
  endfacet
  facet normal 0 0 -1
    outer loop
      vertex -94.79282032698393 62.5 0
      vertex -91.33330131671208 62.48759210558178 0
      vertex -91.54869602029036 62.29869602029034 0
    endloop
  endfacet
  facet normal 0 0 -1
    outer loop
      vertex -94.66568542271852 62.665685422718525 0
      vertex -91.09509345794392 62.646757508195165 0
      vertex -91.33330131671208 62.48759210558178 0
    endloop
  endfacet
  facet normal 0 0 -1
    outer loop
      vertex -94.5 62.79282032698393 0
      vertex -90.83814824649308 62.773468863962805 0
      vertex -91.09509345794392 62.646757508195165 0
    endloop
  endfacet
  facet normal 0 0 -1
    outer loop
      vertex -94.87274066358805 62.30705523490906 0
      vertex -92.11555810645648 61.316862086166125 0
      vertex -92.17144956320516 61.03587675838102 0
    endloop
  endfacet
  facet normal 0 0 -1
    outer loop
      vertex -94.87274066358805 62.30705523490906 0
      vertex -91.89675750819518 61.845093457943925 0
      vertex -92.02346886396279 61.58814824649307 0
    endloop
  endfacet
  facet normal 0 0 -1
    outer loop
      vertex -94.87274066358805 62.30705523490906 0
      vertex -92.02346886396279 61.58814824649307 0
      vertex -92.11555810645648 61.316862086166125 0
    endloop
  endfacet
  facet normal 0 0 -1
    outer loop
      vertex -94.87274066358805 62.30705523490906 0
      vertex -92.17144956320516 61.03587675838102 0
      vertex -92.19018691588785 60.75 0
    endloop
  endfacet
  facet normal 0 0 -1
    outer loop
      vertex -94.87274066358805 62.30705523490906 0
      vertex -92.19018691588785 60.75 0
      vertex -92.17144956320516 60.46412324161898 0
    endloop
  endfacet
  facet normal 0 0 -1
    outer loop
      vertex -94.89315588772297 62.20442095398903 0
      vertex -92.17144956320516 60.46412324161898 0
      vertex -92.11555810645648 60.183137913833875 0
    endloop
  endfacet
  facet normal 0 0 -1
    outer loop
      vertex -94.89999999850988 62.100000001490116 0
      vertex -92.11555810645648 60.183137913833875 0
      vertex -92.02346886396279 59.91185175350693 0
    endloop
  endfacet
  facet normal 0 0 -1
    outer loop
      vertex -94.89999999850988 62.100000001490116 0
      vertex -92.02346886396279 59.91185175350693 0
      vertex -91.89675750819518 59.654906542056075 0
    endloop
  endfacet
  facet normal 0 0 -1
    outer loop
      vertex -94.30705523490906 62.87274066358805 0
      vertex -90.56686208616613 62.865558106456476 0
      vertex -90.83814824649308 62.773468863962805 0
    endloop
  endfacet
  facet normal 0 1 0
    outer loop
      vertex -94.10000000149012 62.899999998509884 0
      vertex -90.28305286961672 62.899999998509884 0.022046740755751415
      vertex -90.39371100206249 62.899999998509884 0
    endloop
  endfacet
  facet normal 0 0 -1
    outer loop
      vertex -94.10000000149012 62.899999998509884 0
      vertex -90.39371100206249 62.899999998509884 0
      vertex -90.56686208616613 62.865558106456476 0
    endloop
  endfacet
  facet normal 0 1 0
    outer loop
      vertex -94.10000000149012 62.899999998509884 0
      vertex -90 62.899999998509884 0.04095238247088062
      vertex -90.28305286961672 62.899999998509884 0.022046740755751415
    endloop
  endfacet
  facet normal 0 0 1
    outer loop
      vertex -94.89999999850988 62.100000001490116 2
      vertex -82 8.5 2
      vertex -81.80000000298023 38.00000000298023 2
    endloop
  endfacet
  facet normal 0 0 1
    outer loop
      vertex -84 47.5 2
      vertex -81.80000000298023 38.00000000298023 2
      vertex -82 47.5 2
    endloop
  endfacet
  facet normal 0 0 -1
    outer loop
      vertex -94.89999999850988 62.100000001490116 0
      vertex -91.89675750819518 59.654906542056075 0
      vertex -92.02346886396279 3.3381482464930725 0
    endloop
  endfacet
  facet normal 0 0 -1
    outer loop
      vertex -91.73759210558178 59.41669868328791 0
      vertex -91.89675750819518 3.5950934579439244 0
      vertex -91.89675750819518 59.654906542056075 0
    endloop
  endfacet
  facet normal 0 0 -1
    outer loop
      vertex -91.54869602029035 59.20130397970966 0
      vertex -91.73759210558178 3.83330131671209 0
      vertex -91.73759210558178 59.41669868328791 0
    endloop
  endfacet
  facet normal 0 0 -1
    outer loop
      vertex -91.33330131671208 59.01240789441822 0
      vertex -91.54869602029035 4.0486960202903495 0
      vertex -91.54869602029035 59.20130397970966 0
    endloop
  endfacet
  facet normal 0 0 -1
    outer loop
      vertex -91.09509345794392 58.853242491804835 0
      vertex -91.33330131671208 4.237592105581784 0
      vertex -91.33330131671208 59.01240789441822 0
    endloop
  endfacet
  facet normal 0 0 -1
    outer loop
      vertex -90.83814824649308 58.726531136037195 0
      vertex -91.09509345794392 4.396757508195169 0
      vertex -91.09509345794392 58.853242491804835 0
    endloop
  endfacet
  facet normal 0 0 -1
    outer loop
      vertex -90.56686208616613 58.634441893543524 0
      vertex -90.83814824649308 4.523468863962802 0
      vertex -90.83814824649308 58.726531136037195 0
    endloop
  endfacet
  facet normal 0 0 -1
    outer loop
      vertex -90.28587675838102 58.57855043679484 0
      vertex -90.56686208616613 4.6155581064564775 0
      vertex -90.56686208616613 58.634441893543524 0
    endloop
  endfacet
  facet normal 0 0 -1
    outer loop
      vertex -90 58.55981308411215 0
      vertex -90.28587675838102 4.671449563205162 0
      vertex -90.28587675838102 58.57855043679484 0
    endloop
  endfacet
  facet normal 0 0 -1
    outer loop
      vertex -90 58.55981308411215 0
      vertex -89.71412324161898 58.57855043679484 0
      vertex -90 4.690186915887849 0
    endloop
  endfacet
  facet normal 0 0 -1
    outer loop
      vertex -89.71412324161898 58.57855043679484 0
      vertex -89.43313791383387 58.634441893543524 0
      vertex -89.71412324161898 4.671449563205162 0
    endloop
  endfacet
  facet normal 0 0 1
    outer loop
      vertex -82 55.5 2
      vertex 1.6000000029802308 38.00000000298023 2
      vertex -74 55.5 2
    endloop
  endfacet
  facet normal 0 0 1
    outer loop
      vertex -82 55.5 2
      vertex -82 47.5 2
      vertex 1.6000000029802308 38.00000000298023 2
    endloop
  endfacet
  facet normal 0 0 1
    outer loop
      vertex -82 47.5 2
      vertex -81.80000000298023 38.00000000298023 2
      vertex 1.6000000029802308 38.00000000298023 2
    endloop
  endfacet
  facet normal 0 0 1
    outer loop
      vertex -94.89999999850988 62.100000001490116 2
      vertex -84 8.5 2
      vertex -82 8.5 2
    endloop
  endfacet
  facet normal 0 0 1
    outer loop
      vertex -94.89999999850988 62.100000001490116 2
      vertex -91.11081470023242 2.797641901867899 2
      vertex -91.06246146238799 2.940085947219853 2
    endloop
  endfacet
  facet normal 0 0 1
    outer loop
      vertex -94.89999999850988 62.100000001490116 2
      vertex -91.06246146238799 2.940085947219853 2
      vertex -90.9959292143521 3.075 2
    endloop
  endfacet
  facet normal 0 0 1
    outer loop
      vertex -94.89999999850988 62.100000001490116 2
      vertex -90.91235634133493 3.200075643360029 2
      vertex -90.81317279836453 3.31317279836453 2
    endloop
  endfacet
  facet normal 0 0 1
    outer loop
      vertex -94.89999999850988 62.100000001490116 2
      vertex -90.81317279836453 3.31317279836453 2
      vertex -90.70007564336002 3.4123563413349203 2
    endloop
  endfacet
  facet normal 0 0 1
    outer loop
      vertex -94.89999999850988 62.100000001490116 2
      vertex -90.70007564336002 3.4123563413349203 2
      vertex -90.575 3.4959292143521044 2
    endloop
  endfacet
  facet normal 0 0 1
    outer loop
      vertex -94.89999999850988 62.100000001490116 2
      vertex -90.575 3.4959292143521044 2
      vertex -90.44008594721986 3.5624614623879793 2
    endloop
  endfacet
  facet normal 0 0 1
    outer loop
      vertex -94.89999999850988 62.100000001490116 2
      vertex -90.9959292143521 3.075 2
      vertex -90.91235634133493 3.200075643360029 2
    endloop
  endfacet
  facet normal 0 0 1
    outer loop
      vertex -94.89999999850988 62.100000001490116 2
      vertex -91.14016159057988 2.650105121053059 2
      vertex -91.11081470023242 2.797641901867899 2
    endloop
  endfacet
  facet normal 0 0 1
    outer loop
      vertex -94.89999999850988 62.100000001490116 2
      vertex -91.15 2.5 2
      vertex -91.14016159057988 2.650105121053059 2
    endloop
  endfacet
  facet normal 0 0 1
    outer loop
      vertex -94.89999999850988 62.100000001490116 2
      vertex -90.2976419018679 3.6108147002324285 2
      vertex -90.15010512105306 3.640161590579882 2
    endloop
  endfacet
  facet normal 0 0 1
    outer loop
      vertex -94.89999999850988 62.100000001490116 2
      vertex -90.15010512105306 3.640161590579882 2
      vertex -90 3.65 2
    endloop
  endfacet
  facet normal 0 0 1
    outer loop
      vertex -94.89999999850988 62.100000001490116 2
      vertex -90 3.65 2
      vertex -89.84989487894694 3.640161590579882 2
    endloop
  endfacet
  facet normal 0 0 1
    outer loop
      vertex -94.89999999850988 62.100000001490116 2
      vertex -89.84989487894694 3.640161590579882 2
      vertex -89.7023580981321 3.6108147002324285 2
    endloop
  endfacet
  facet normal 0 0 1
    outer loop
      vertex -94.89999999850988 62.100000001490116 2
      vertex -90.44008594721986 3.5624614623879793 2
      vertex -90.2976419018679 3.6108147002324285 2
    endloop
  endfacet
  facet normal 0 0 1
    outer loop
      vertex -94.89999999850988 62.100000001490116 2
      vertex -89.7023580981321 3.6108147002324285 2
      vertex -89.55991405278014 3.5624614623879793 2
    endloop
  endfacet
  facet normal 0 0 1
    outer loop
      vertex -94.89999999850988 62.100000001490116 2
      vertex -89.55991405278014 3.5624614623879793 2
      vertex -89.425 3.4959292143521044 2
    endloop
  endfacet
  facet normal 0 0 1
    outer loop
      vertex -94.89999999850988 62.100000001490116 2
      vertex -89.425 3.4959292143521044 2
      vertex -89.29992435663998 3.4123563413349203 2
    endloop
  endfacet
  facet normal 0 0 1
    outer loop
      vertex -94.89999999850988 62.100000001490116 2
      vertex -89.29992435663998 3.4123563413349203 2
      vertex -89.18682720163547 3.31317279836453 2
    endloop
  endfacet
  facet normal 0 0 1
    outer loop
      vertex -94.89999999850988 62.100000001490116 2
      vertex -89.18682720163547 3.31317279836453 2
      vertex -89.08764365866507 3.200075643360029 2
    endloop
  endfacet
  facet normal 0 0 1
    outer loop
      vertex -94.89999999850988 62.100000001490116 2
      vertex -89.08764365866507 3.200075643360029 2
      vertex -84 -3.5 2
    endloop
  endfacet
  facet normal 0 0 1
    outer loop
      vertex -94.89999999850988 62.100000001490116 2
      vertex -84 -3.5 2
      vertex -84 8.5 2
    endloop
  endfacet
  facet normal -1 0 0
    outer loop
      vertex -94.89999999850988 62.100000001490116 2
      vertex -94.89999999850988 62.100000001490116 0
      vertex -94.89999999850988 -62.100000001490116 0
    endloop
  endfacet
  facet normal 0 0 -1
    outer loop
      vertex -94.89999999850988 62.100000001490116 0
      vertex -92.11555810645648 3.066862086166128 0
      vertex -92.17144956320516 2.78587675838102 0
    endloop
  endfacet
  facet normal 0 0 -1
    outer loop
      vertex -94.89999999850988 62.100000001490116 0
      vertex -92.02346886396279 3.3381482464930725 0
      vertex -92.11555810645648 3.066862086166128 0
    endloop
  endfacet
  facet normal 0 0 -1
    outer loop
      vertex -94.89999999850988 62.100000001490116 0
      vertex -92.17144956320516 2.78587675838102 0
      vertex -92.19018691588785 2.5 0
    endloop
  endfacet
  facet normal 0 0 -1
    outer loop
      vertex -91.89675750819518 59.654906542056075 0
      vertex -91.89675750819518 3.5950934579439244 0
      vertex -92.02346886396279 3.3381482464930725 0
    endloop
  endfacet
  facet normal 0 0 -1
    outer loop
      vertex -91.54869602029035 59.20130397970966 0
      vertex -91.54869602029035 4.0486960202903495 0
      vertex -91.73759210558178 3.83330131671209 0
    endloop
  endfacet
  facet normal 0 0 -1
    outer loop
      vertex -91.73759210558178 59.41669868328791 0
      vertex -91.73759210558178 3.83330131671209 0
      vertex -91.89675750819518 3.5950934579439244 0
    endloop
  endfacet
  facet normal 0 0 -1
    outer loop
      vertex -91.33330131671208 59.01240789441822 0
      vertex -91.33330131671208 4.237592105581784 0
      vertex -91.54869602029035 4.0486960202903495 0
    endloop
  endfacet
  facet normal 0 0 -1
    outer loop
      vertex -91.09509345794392 58.853242491804835 0
      vertex -91.09509345794392 4.396757508195169 0
      vertex -91.33330131671208 4.237592105581784 0
    endloop
  endfacet
  facet normal 0 0 -1
    outer loop
      vertex -90.83814824649308 58.726531136037195 0
      vertex -90.83814824649308 4.523468863962802 0
      vertex -91.09509345794392 4.396757508195169 0
    endloop
  endfacet
  facet normal 0 0 -1
    outer loop
      vertex -90.56686208616613 58.634441893543524 0
      vertex -90.56686208616613 4.6155581064564775 0
      vertex -90.83814824649308 4.523468863962802 0
    endloop
  endfacet
  facet normal 0 0 -1
    outer loop
      vertex -90.28587675838102 58.57855043679484 0
      vertex -90.28587675838102 4.671449563205162 0
      vertex -90.56686208616613 4.6155581064564775 0
    endloop
  endfacet
  facet normal 0 0 -1
    outer loop
      vertex -90 58.55981308411215 0
      vertex -90 4.690186915887849 0
      vertex -90.28587675838102 4.671449563205162 0
    endloop
  endfacet
  facet normal 0 0 -1
    outer loop
      vertex -89.71412324161898 58.57855043679484 0
      vertex -89.71412324161898 4.671449563205162 0
      vertex -90 4.690186915887849 0
    endloop
  endfacet
  facet normal 0 0 -1
    outer loop
      vertex -89.43313791383387 58.634441893543524 0
      vertex -89.43313791383387 4.6155581064564775 0
      vertex -89.71412324161898 4.671449563205162 0
    endloop
  endfacet
  facet normal 0 0 -1
    outer loop
      vertex -89.43313791383387 58.634441893543524 0
      vertex -89.16185175350692 4.523468863962802 0
      vertex -89.43313791383387 4.6155581064564775 0
    endloop
  endfacet
  facet normal 0 0 -1
    outer loop
      vertex -89.43313791383387 58.634441893543524 0
      vertex -88.90490654205608 4.396757508195169 0
      vertex -89.16185175350692 4.523468863962802 0
    endloop
  endfacet
  facet normal 0 0 -1
    outer loop
      vertex -89.43313791383387 58.634441893543524 0
      vertex -88.66669868328792 4.237592105581784 0
      vertex -88.90490654205608 4.396757508195169 0
    endloop
  endfacet
  facet normal 0 0 -1
    outer loop
      vertex -89.43313791383387 58.634441893543524 0
      vertex -88.45130397970965 4.0486960202903495 0
      vertex -88.66669868328792 4.237592105581784 0
    endloop
  endfacet
  facet normal 0 0 -1
    outer loop
      vertex -89.43313791383387 58.634441893543524 0
      vertex -88.26240789441822 3.83330131671209 0
      vertex -88.45130397970965 4.0486960202903495 0
    endloop
  endfacet
  facet normal 0 0 -1
    outer loop
      vertex -89.43313791383387 58.634441893543524 0
      vertex -88.10324249180482 3.5950934579439244 0
      vertex -88.26240789441822 3.83330131671209 0
    endloop
  endfacet
  facet normal 0 0 -1
    outer loop
      vertex -89.43313791383387 58.634441893543524 0
      vertex -87.97653113603721 3.3381482464930725 0
      vertex -88.10324249180482 3.5950934579439244 0
    endloop
  endfacet
  facet normal 0 0 -1
    outer loop
      vertex -89.43313791383387 58.634441893543524 0
      vertex -87.88444189354352 3.066862086166128 0
      vertex -87.97653113603721 3.3381482464930725 0
    endloop
  endfacet
  facet normal 0 0 -1
    outer loop
      vertex -89.43313791383387 58.634441893543524 0
      vertex -87.82855043679484 2.78587675838102 0
      vertex -87.88444189354352 3.066862086166128 0
    endloop
  endfacet
  facet normal 0 0 -1
    outer loop
      vertex -89.43313791383387 58.634441893543524 0
      vertex -87.80981308411215 2.5 0
      vertex -87.82855043679484 2.78587675838102 0
    endloop
  endfacet
  facet normal 0 0 1
    outer loop
      vertex -94.89999999850988 62.100000001490116 2
      vertex -94.89999999850988 -62.100000001490116 2
      vertex -91.15 2.5 2
    endloop
  endfacet
  facet normal 0 0 1
    outer loop
      vertex -84 -3.5 2
      vertex -89.08764365866507 3.200075643360029 2
      vertex -89.0040707856479 3.075 2
    endloop
  endfacet
  facet normal 0 0 1
    outer loop
      vertex -84 -3.5 2
      vertex -89.0040707856479 3.075 2
      vertex -88.93753853761201 2.940085947219853 2
    endloop
  endfacet
  facet normal 0 0 1
    outer loop
      vertex -84 -3.5 2
      vertex -88.93753853761201 2.940085947219853 2
      vertex -88.88918529976758 2.797641901867899 2
    endloop
  endfacet
  facet normal 0 0 1
    outer loop
      vertex -84 -3.5 2
      vertex -88.88918529976758 2.797641901867899 2
      vertex -88.85983840942012 2.650105121053059 2
    endloop
  endfacet
  facet normal 0 0 1
    outer loop
      vertex -84 -3.5 2
      vertex -88.85983840942012 2.650105121053059 2
      vertex -88.85 2.5 2
    endloop
  endfacet
  facet normal 0 0 1
    outer loop
      vertex -84 -3.5 2
      vertex -88.85 2.5 2
      vertex -88.85983840942012 2.349894878946941 2
    endloop
  endfacet
  facet normal 0 0 1
    outer loop
      vertex -84 -3.5 2
      vertex -88.88918529976758 2.202358098132101 2
      vertex -88.93753853761201 2.059914052780147 2
    endloop
  endfacet
  facet normal 0 0 1
    outer loop
      vertex -84 -3.5 2
      vertex -88.85983840942012 2.349894878946941 2
      vertex -88.88918529976758 2.202358098132101 2
    endloop
  endfacet
  facet normal 0 0 1
    outer loop
      vertex -84 -3.5 2
      vertex -88.93753853761201 2.059914052780147 2
      vertex -89.0040707856479 1.925 2
    endloop
  endfacet
  facet normal 0 0 1
    outer loop
      vertex -84 -3.5 2
      vertex -89.0040707856479 1.925 2
      vertex -89.08764365866507 1.7999243566399712 2
    endloop
  endfacet
  facet normal 0 0 1
    outer loop
      vertex -81.80000000298023 38.00000000298023 2
      vertex -82 8.5 2
      vertex -82 -3.5 2
    endloop
  endfacet
  facet normal 0 0 1
    outer loop
      vertex -81.80000000298023 38.00000000298023 2
      vertex -82 -3.5 2
      vertex -81.80000000298023 -20.40000000298023 2
    endloop
  endfacet
  facet normal 0 0 -1
    outer loop
      vertex -94.89999999850988 62.100000001490116 0
      vertex -92.19018691588785 2.5 0
      vertex -94.89999999850988 -62.100000001490116 0
    endloop
  endfacet
  facet normal 0 0 1
    outer loop
      vertex -94.87274066358805 62.30705523490906 2
      vertex -89.84989487894694 61.89016159057988 2
      vertex 74 57.5 2
    endloop
  endfacet
  facet normal 0 0 1
    outer loop
      vertex 74 57.5 2
      vertex -89.7023580981321 61.86081470023243 2
      vertex -89.55991405278014 61.81246146238798 2
    endloop
  endfacet
  facet normal 0 0 1
    outer loop
      vertex 74 57.5 2
      vertex -89.84989487894694 61.89016159057988 2
      vertex -89.7023580981321 61.86081470023243 2
    endloop
  endfacet
  facet normal 0 0 1
    outer loop
      vertex 74 57.5 2
      vertex -89.55991405278014 61.81246146238798 2
      vertex -89.425 61.7459292143521 2
    endloop
  endfacet
  facet normal 0 0 1
    outer loop
      vertex -94.66568542271852 62.665685422718525 2
      vertex -94.73468267172575 62.58700914680958 2
      vertex 94.83910362422466 62.40614674985409 2
    endloop
  endfacet
  facet normal 0 0 1
    outer loop
      vertex -94.73468267172575 62.58700914680958 2
      vertex -94.79282032698393 62.5 2
      vertex 94.87274066358805 62.30705523490906 2
    endloop
  endfacet
  facet normal 0 0 1
    outer loop
      vertex -94.30705523490906 62.87274066358805 2
      vertex 94.5 62.79282032698393 2
      vertex -94.20442095398903 62.89315588772297 2
    endloop
  endfacet
  facet normal 0 0 1
    outer loop
      vertex -94.40614674985409 62.83910362422466 2
      vertex 94.58700914680958 62.73468267172575 2
      vertex -94.30705523490906 62.87274066358805 2
    endloop
  endfacet
  facet normal 0 0 1
    outer loop
      vertex -94.5 62.79282032698393 2
      vertex 94.66568542271852 62.665685422718525 2
      vertex -94.40614674985409 62.83910362422466 2
    endloop
  endfacet
  facet normal 0 0 1
    outer loop
      vertex -94.58700914680958 62.73468267172575 2
      vertex 94.73468267172575 62.58700914680958 2
      vertex -94.5 62.79282032698393 2
    endloop
  endfacet
  facet normal 0 0 1
    outer loop
      vertex -94.20442095398903 62.89315588772297 2
      vertex 94.40614674985409 62.83910362422466 2
      vertex -94.10000000149012 62.899999998509884 2
    endloop
  endfacet
  facet normal 0 0 1
    outer loop
      vertex -94.66568542271852 62.665685422718525 2
      vertex 94.79282032698393 62.5 2
      vertex -94.58700914680958 62.73468267172575 2
    endloop
  endfacet
  facet normal 0 0 1
    outer loop
      vertex -94.79282032698393 62.5 2
      vertex -94.83910362422466 62.40614674985409 2
      vertex 94.89315588772297 62.20442095398903 2
    endloop
  endfacet
  facet normal 0 0 1
    outer loop
      vertex -94.87274066358805 62.30705523490906 2
      vertex 94.89999999850988 62.100000001490116 2
      vertex -94.83910362422466 62.40614674985409 2
    endloop
  endfacet
  facet normal 0 0 1
    outer loop
      vertex -74 57.5 2
      vertex 74 57.5 2
      vertex -89.425 61.7459292143521 2
    endloop
  endfacet
  facet normal 0 0 1
    outer loop
      vertex -74 57.5 2
      vertex -74 55.5 2
      vertex 74 57.5 2
    endloop
  endfacet
  facet normal 0 1 0
    outer loop
      vertex -94.10000000149012 62.899999998509884 2
      vertex 94.10000000149012 62.899999998509884 2
      vertex -94.10000000149012 62.899999998509884 0
    endloop
  endfacet
  facet normal 0 1 0
    outer loop
      vertex -94.10000000149012 62.899999998509884 0
      vertex 94.10000000149012 62.899999998509884 2
      vertex -90 62.899999998509884 0.04095238247088062
    endloop
  endfacet
  facet normal 0 0 -1
    outer loop
      vertex -89.60628899793751 62.899999998509884 0
      vertex 88.90490654205608 62.646757508195165 0
      vertex -89.43313791383387 62.865558106456476 0
    endloop
  endfacet
  facet normal 0 0 -1
    outer loop
      vertex -89.43313791383387 62.865558106456476 0
      vertex 88.66669868328792 62.48759210558178 0
      vertex -89.16185175350692 62.773468863962805 0
    endloop
  endfacet
  facet normal 0 0 -1
    outer loop
      vertex -89.16185175350692 62.773468863962805 0
      vertex 88.45130397970965 62.29869602029034 0
      vertex -88.90490654205608 62.646757508195165 0
    endloop
  endfacet
  facet normal 0 0 -1
    outer loop
      vertex -88.90490654205608 62.646757508195165 0
      vertex 88.26240789441822 62.08330131671209 0
      vertex -88.66669868328792 62.48759210558178 0
    endloop
  endfacet
  facet normal 0 1 0
    outer loop
      vertex 94.10000000149012 62.899999998509884 2
      vertex -89.71694713038328 62.899999998509884 0.022046740755751415
      vertex -90 62.899999998509884 0.04095238247088062
    endloop
  endfacet
  facet normal 0 1 0
    outer loop
      vertex 94.10000000149012 62.899999998509884 2
      vertex -89.60628899793751 62.899999998509884 0
      vertex -89.71694713038328 62.899999998509884 0.022046740755751415
    endloop
  endfacet
  facet normal 0 0 -1
    outer loop
      vertex -88.66669868328792 62.48759210558178 0
      vertex 88.26240789441822 62.08330131671209 0
      vertex -88.45130397970965 62.29869602029034 0
    endloop
  endfacet
  facet normal 0 0 -1
    outer loop
      vertex 88.26240789441822 62.08330131671209 0
      vertex -88.26240789441822 62.08330131671209 0
      vertex -88.45130397970965 62.29869602029034 0
    endloop
  endfacet
  facet normal 0 0 -1
    outer loop
      vertex -88.26240789441822 62.08330131671209 0
      vertex 88.10324249180482 61.845093457943925 0
      vertex -88.10324249180482 61.845093457943925 0
    endloop
  endfacet
  facet normal 0 0 -1
    outer loop
      vertex -88.10324249180482 61.845093457943925 0
      vertex 87.97653113603721 61.58814824649307 0
      vertex -87.97653113603721 61.58814824649307 0
    endloop
  endfacet
  facet normal 0 0 -1
    outer loop
      vertex -87.97653113603721 61.58814824649307 0
      vertex 87.88444189354352 61.316862086166125 0
      vertex -87.88444189354352 61.316862086166125 0
    endloop
  endfacet
  facet normal 0 0 -1
    outer loop
      vertex -87.82855043679484 61.03587675838102 0
      vertex -87.88444189354352 61.316862086166125 0
      vertex 87.82855043679484 61.03587675838102 0
    endloop
  endfacet
  facet normal 0 0 -1
    outer loop
      vertex -87.80981308411215 60.75 0
      vertex -87.82855043679484 61.03587675838102 0
      vertex 87.80981308411215 60.75 0
    endloop
  endfacet
  facet normal 0 0 -1
    outer loop
      vertex -87.80981308411215 60.75 0
      vertex 87.82855043679484 60.46412324161898 0
      vertex -87.82855043679484 60.46412324161898 0
    endloop
  endfacet
  facet normal 0 0 -1
    outer loop
      vertex -87.82855043679484 60.46412324161898 0
      vertex 87.88444189354352 60.183137913833875 0
      vertex -87.88444189354352 60.183137913833875 0
    endloop
  endfacet
  facet normal 0 0 1
    outer loop
      vertex -80.6 36.8 2
      vertex -37.5 -21.799999999999997 2
      vertex 0.3999999999999986 36.8 2
    endloop
  endfacet
  facet normal 0 0 -1
    outer loop
      vertex -88.66669868328792 59.01240789441822 0
      vertex -88.45130397970965 59.20130397970966 0
      vertex 88.10324249180482 -57.154906542056075 0
    endloop
  endfacet
  facet normal 0 0 -1
    outer loop
      vertex -88.90490654205608 58.853242491804835 0
      vertex -88.66669868328792 59.01240789441822 0
      vertex 88.10324249180482 -57.154906542056075 0
    endloop
  endfacet
  facet normal 0 0 -1
    outer loop
      vertex -89.16185175350692 58.726531136037195 0
      vertex -88.90490654205608 58.853242491804835 0
      vertex 87.97653113603721 -57.41185175350693 0
    endloop
  endfacet
  facet normal 0 0 -1
    outer loop
      vertex 87.88444189354352 -57.683137913833875 0
      vertex -89.43313791383387 58.634441893543524 0
      vertex -89.16185175350692 58.726531136037195 0
    endloop
  endfacet
  facet normal 0 0 -1
    outer loop
      vertex -88.10324249180482 59.654906542056075 0
      vertex -87.97653113603721 59.91185175350693 0
      vertex 88.10324249180482 -57.154906542056075 0
    endloop
  endfacet
  facet normal 0 0 -1
    outer loop
      vertex -87.97653113603721 59.91185175350693 0
      vertex -87.88444189354352 60.183137913833875 0
      vertex 88.10324249180482 -57.154906542056075 0
    endloop
  endfacet
  facet normal 0 0 -1
    outer loop
      vertex -88.45130397970965 59.20130397970966 0
      vertex -88.26240789441822 59.41669868328791 0
      vertex 88.10324249180482 -57.154906542056075 0
    endloop
  endfacet
  facet normal 0 0 -1
    outer loop
      vertex -88.26240789441822 59.41669868328791 0
      vertex -88.10324249180482 59.654906542056075 0
      vertex 88.10324249180482 -57.154906542056075 0
    endloop
  endfacet
  facet normal 0 0 -1
    outer loop
      vertex -89.43313791383387 58.634441893543524 0
      vertex 87.82855043679484 -57.96412324161898 0
      vertex -87.80981308411215 2.5 0
    endloop
  endfacet
  facet normal 0 0 1
    outer loop
      vertex -84 -3.5 2
      vertex -89.84989487894694 1.3598384094201181 2
      vertex -90 1.35 2
    endloop
  endfacet
  facet normal 0 0 1
    outer loop
      vertex -84 -3.5 2
      vertex -89.55991405278014 1.4375385376120204 2
      vertex -89.7023580981321 1.3891852997675715 2
    endloop
  endfacet
  facet normal 0 0 1
    outer loop
      vertex -84 -3.5 2
      vertex -89.18682720163547 1.6868272016354704 2
      vertex -89.29992435663998 1.5876436586650797 2
    endloop
  endfacet
  facet normal 0 0 1
    outer loop
      vertex -84 -3.5 2
      vertex -89.425 1.5040707856478956 2
      vertex -89.55991405278014 1.4375385376120204 2
    endloop
  endfacet
  facet normal 0 0 1
    outer loop
      vertex -84 -3.5 2
      vertex -89.29992435663998 1.5876436586650797 2
      vertex -89.425 1.5040707856478956 2
    endloop
  endfacet
  facet normal 0 0 1
    outer loop
      vertex -84 -3.5 2
      vertex -89.7023580981321 1.3891852997675715 2
      vertex -89.84989487894694 1.3598384094201181 2
    endloop
  endfacet
  facet normal 0 0 1
    outer loop
      vertex -84 -3.5 2
      vertex -89.08764365866507 1.7999243566399712 2
      vertex -89.18682720163547 1.6868272016354704 2
    endloop
  endfacet
  facet normal 0 0 1
    outer loop
      vertex -84 -3.5 2
      vertex -81.80000000298023 -20.40000000298023 2
      vertex -82 -3.5 2
    endloop
  endfacet
  facet normal 0 0 1
    outer loop
      vertex -94.89999999850988 -62.100000001490116 2
      vertex -91.14016159057988 2.349894878946941 2
      vertex -91.15 2.5 2
    endloop
  endfacet
  facet normal 0 0 1
    outer loop
      vertex -94.89999999850988 -62.100000001490116 2
      vertex -91.11081470023242 2.202358098132101 2
      vertex -91.14016159057988 2.349894878946941 2
    endloop
  endfacet
  facet normal 0 0 1
    outer loop
      vertex -94.89999999850988 -62.100000001490116 2
      vertex -91.06246146238799 2.059914052780147 2
      vertex -91.11081470023242 2.202358098132101 2
    endloop
  endfacet
  facet normal 0 0 1
    outer loop
      vertex -94.89999999850988 -62.100000001490116 2
      vertex -90.9959292143521 1.925 2
      vertex -91.06246146238799 2.059914052780147 2
    endloop
  endfacet
  facet normal 0 0 1
    outer loop
      vertex -94.89999999850988 -62.100000001490116 2
      vertex -90.91235634133493 1.7999243566399712 2
      vertex -90.9959292143521 1.925 2
    endloop
  endfacet
  facet normal 0 0 1
    outer loop
      vertex -94.89999999850988 -62.100000001490116 2
      vertex -90.81317279836453 1.6868272016354704 2
      vertex -90.91235634133493 1.7999243566399712 2
    endloop
  endfacet
  facet normal 0 0 1
    outer loop
      vertex -94.89999999850988 -62.100000001490116 2
      vertex -90.70007564336002 1.5876436586650797 2
      vertex -90.81317279836453 1.6868272016354704 2
    endloop
  endfacet
  facet normal 0 0 1
    outer loop
      vertex -94.89999999850988 -62.100000001490116 2
      vertex -90.575 1.5040707856478956 2
      vertex -90.70007564336002 1.5876436586650797 2
    endloop
  endfacet
  facet normal 0 0 1
    outer loop
      vertex -94.89999999850988 -62.100000001490116 2
      vertex -90.44008594721986 1.4375385376120204 2
      vertex -90.575 1.5040707856478956 2
    endloop
  endfacet
  facet normal 0 0 1
    outer loop
      vertex -94.89999999850988 -62.100000001490116 2
      vertex -90.2976419018679 1.3891852997675715 2
      vertex -90.44008594721986 1.4375385376120204 2
    endloop
  endfacet
  facet normal 0 0 1
    outer loop
      vertex -94.89999999850988 -62.100000001490116 2
      vertex -90.15010512105306 1.3598384094201181 2
      vertex -90.2976419018679 1.3891852997675715 2
    endloop
  endfacet
  facet normal 0 0 1
    outer loop
      vertex -94.89999999850988 -62.100000001490116 2
      vertex -90 1.35 2
      vertex -90.15010512105306 1.3598384094201181 2
    endloop
  endfacet
  facet normal 0 0 1
    outer loop
      vertex -84 -3.5 2
      vertex -90 1.35 2
      vertex -94.89999999850988 -62.100000001490116 2
    endloop
  endfacet
  facet normal 0 0 1
    outer loop
      vertex -84 -3.5 2
      vertex -94.89999999850988 -62.100000001490116 2
      vertex -81.80000000298023 -20.40000000298023 2
    endloop
  endfacet
  facet normal -1 0 0
    outer loop
      vertex -94.89999999850988 62.100000001490116 2
      vertex -94.89999999850988 -62.100000001490116 0
      vertex -94.89999999850988 -62.100000001490116 2
    endloop
  endfacet
  facet normal 0 0 -1
    outer loop
      vertex -92.02346886396279 1.6618517535069277 0
      vertex -92.11555810645648 -57.683137913833875 0
      vertex -92.11555810645648 1.933137913833872 0
    endloop
  endfacet
  facet normal 0 0 -1
    outer loop
      vertex -91.89675750819518 1.4049065420560753 0
      vertex -92.02346886396279 -57.41185175350693 0
      vertex -92.02346886396279 1.6618517535069277 0
    endloop
  endfacet
  facet normal 0 0 -1
    outer loop
      vertex -94.89999999850988 -62.100000001490116 0
      vertex -92.19018691588785 2.5 0
      vertex -92.17144956320516 2.21412324161898 0
    endloop
  endfacet
  facet normal 0 0 -1
    outer loop
      vertex -94.89999999850988 -62.100000001490116 0
      vertex -92.17144956320516 2.21412324161898 0
      vertex -92.11555810645648 1.933137913833872 0
    endloop
  endfacet
  facet normal 0 0 -1
    outer loop
      vertex -91.73759210558178 1.1666986832879105 0
      vertex -91.89675750819518 -57.154906542056075 0
      vertex -91.89675750819518 1.4049065420560753 0
    endloop
  endfacet
  facet normal 0 0 -1
    outer loop
      vertex -91.54869602029035 0.9513039797096512 0
      vertex -91.73759210558178 -56.91669868328791 0
      vertex -91.73759210558178 1.1666986832879105 0
    endloop
  endfacet
  facet normal 0 0 -1
    outer loop
      vertex -91.33330131671208 0.7624078944182163 0
      vertex -91.54869602029035 -56.70130397970966 0
      vertex -91.54869602029035 0.9513039797096512 0
    endloop
  endfacet
  facet normal 0 0 -1
    outer loop
      vertex -91.09509345794392 0.6032424918048311 0
      vertex -91.33330131671208 -56.51240789441822 0
      vertex -91.33330131671208 0.7624078944182163 0
    endloop
  endfacet
  facet normal 0 0 -1
    outer loop
      vertex -90.83814824649308 0.47653113603719716 0
      vertex -91.09509345794392 -56.353242491804835 0
      vertex -91.09509345794392 0.6032424918048311 0
    endloop
  endfacet
  facet normal 0 0 -1
    outer loop
      vertex -90.56686208616613 0.384441893543523 0
      vertex -90.83814824649308 -56.226531136037195 0
      vertex -90.83814824649308 0.47653113603719716 0
    endloop
  endfacet
  facet normal 0 0 -1
    outer loop
      vertex -90.28587675838102 0.3285504367948383 0
      vertex -90.56686208616613 -56.134441893543524 0
      vertex -90.56686208616613 0.384441893543523 0
    endloop
  endfacet
  facet normal 0 0 -1
    outer loop
      vertex -90 0.30981308411215086 0
      vertex -90.28587675838102 -56.07855043679484 0
      vertex -90.28587675838102 0.3285504367948383 0
    endloop
  endfacet
  facet normal 0 0 -1
    outer loop
      vertex -90 0.30981308411215086 0
      vertex -89.71412324161898 0.3285504367948383 0
      vertex -90 -56.05981308411215 0
    endloop
  endfacet
  facet normal 0 0 -1
    outer loop
      vertex -89.43313791383387 0.384441893543523 0
      vertex -89.16185175350692 0.47653113603719716 0
      vertex -89.43313791383387 -56.134441893543524 0
    endloop
  endfacet
  facet normal 0 0 -1
    outer loop
      vertex -89.71412324161898 0.3285504367948383 0
      vertex -89.43313791383387 0.384441893543523 0
      vertex -89.71412324161898 -56.07855043679484 0
    endloop
  endfacet
  facet normal 0 0 -1
    outer loop
      vertex -89.16185175350692 0.47653113603719716 0
      vertex -88.90490654205608 0.6032424918048311 0
      vertex -89.16185175350692 -56.226531136037195 0
    endloop
  endfacet
  facet normal 0 0 -1
    outer loop
      vertex -88.90490654205608 0.6032424918048311 0
      vertex -88.66669868328792 0.7624078944182163 0
      vertex -88.90490654205608 -56.353242491804835 0
    endloop
  endfacet
  facet normal 0 0 -1
    outer loop
      vertex -88.66669868328792 0.7624078944182163 0
      vertex -88.45130397970965 0.9513039797096512 0
      vertex -88.66669868328792 -56.51240789441822 0
    endloop
  endfacet
  facet normal 0 0 -1
    outer loop
      vertex -88.45130397970965 0.9513039797096512 0
      vertex -88.26240789441822 1.1666986832879105 0
      vertex -88.45130397970965 -56.70130397970966 0
    endloop
  endfacet
  facet normal 0 0 -1
    outer loop
      vertex -88.10324249180482 1.4049065420560753 0
      vertex -87.97653113603721 1.6618517535069277 0
      vertex -88.10324249180482 -57.154906542056075 0
    endloop
  endfacet
  facet normal 0 0 -1
    outer loop
      vertex -88.26240789441822 1.1666986832879105 0
      vertex -88.10324249180482 1.4049065420560753 0
      vertex -88.26240789441822 -56.91669868328791 0
    endloop
  endfacet
  facet normal 0 0 1
    outer loop
      vertex -80.6 36.8 2
      vertex -80.6 -19.2 2
      vertex -40.1 -19.2 2
    endloop
  endfacet
  facet normal 0 0 1
    outer loop
      vertex -80.6 36.8 2
      vertex -40.1 -19.2 2
      vertex -37.82631548055013 -21.82138784656547 2
    endloop
  endfacet
  facet normal 0 0 1
    outer loop
      vertex -80.6 36.8 2
      vertex -37.82631548055013 -21.82138784656547 2
      vertex -37.5 -21.799999999999997 2
    endloop
  endfacet
  facet normal 0 0 1
    outer loop
      vertex -81.80000000298023 -20.40000000298023 2
      vertex -39.6650635094611 -23.049999999999997 2
      vertex -39.48338335072809 -22.778096427478197 2
    endloop
  endfacet
  facet normal 0 0 1
    outer loop
      vertex -81.80000000298023 -20.40000000298023 2
      vertex -39.48338335072809 -22.778096427478197 2
      vertex -39.26776695296637 -22.53223304703363 2
    endloop
  endfacet
  facet normal 0 0 1
    outer loop
      vertex -81.80000000298023 -20.40000000298023 2
      vertex -39.80969883127822 -23.343291419087272 2
      vertex -39.6650635094611 -23.049999999999997 2
    endloop
  endfacet
  facet normal 0 0 1
    outer loop
      vertex -81.80000000298023 -20.40000000298023 2
      vertex -39.91481456572267 -23.652952387243694 2
      vertex -39.80969883127822 -23.343291419087272 2
    endloop
  endfacet
  facet normal 0 0 1
    outer loop
      vertex -81.80000000298023 -20.40000000298023 2
      vertex -39.978612153434526 -23.97368451944987 2
      vertex -39.91481456572267 -23.652952387243694 2
    endloop
  endfacet
  facet normal 0 0 1
    outer loop
      vertex -81.80000000298023 -20.40000000298023 2
      vertex -40 -24.299999999999997 2
      vertex -39.978612153434526 -23.97368451944987 2
    endloop
  endfacet
  facet normal 0 0 1
    outer loop
      vertex -81.80000000298023 -20.40000000298023 2
      vertex -38.1470476127563 -21.885185434277325 2
      vertex -40.1 -20.40000000298023 2
    endloop
  endfacet
  facet normal 0 0 1
    outer loop
      vertex -81.80000000298023 -20.40000000298023 2
      vertex -39.0219035725218 -22.31661664927191 2
      vertex -38.75 -22.1349364905389 2
    endloop
  endfacet
  facet normal 0 0 1
    outer loop
      vertex -81.80000000298023 -20.40000000298023 2
      vertex -38.75 -22.1349364905389 2
      vertex -38.456708580912725 -21.99030116872178 2
    endloop
  endfacet
  facet normal 0 0 1
    outer loop
      vertex -81.80000000298023 -20.40000000298023 2
      vertex -38.456708580912725 -21.99030116872178 2
      vertex -38.1470476127563 -21.885185434277325 2
    endloop
  endfacet
  facet normal 0 0 1
    outer loop
      vertex -81.80000000298023 -20.40000000298023 2
      vertex -39.26776695296637 -22.53223304703363 2
      vertex -39.0219035725218 -22.31661664927191 2
    endloop
  endfacet
  facet normal 0 0 1
    outer loop
      vertex -81.80000000298023 -20.40000000298023 2
      vertex -94.89999999850988 -62.100000001490116 2
      vertex -84 -42.5 2
    endloop
  endfacet
  facet normal 0 0 1
    outer loop
      vertex -81.80000000298023 -20.40000000298023 2
      vertex -84 -42.5 2
      vertex -82 -42.5 2
    endloop
  endfacet
  facet normal 0 0 1
    outer loop
      vertex -81.80000000298023 -20.40000000298023 2
      vertex -82 -42.5 2
      vertex -82 -50.5 2
    endloop
  endfacet
  facet normal 0 0 1
    outer loop
      vertex -81.80000000298023 -20.40000000298023 2
      vertex -82 -50.5 2
      vertex -74 -50.5 2
    endloop
  endfacet
  facet normal 0 0 -1
    outer loop
      vertex -91.89675750819518 1.4049065420560753 0
      vertex -91.89675750819518 -57.154906542056075 0
      vertex -92.02346886396279 -57.41185175350693 0
    endloop
  endfacet
  facet normal 0 0 -1
    outer loop
      vertex -92.02346886396279 1.6618517535069277 0
      vertex -92.02346886396279 -57.41185175350693 0
      vertex -92.11555810645648 -57.683137913833875 0
    endloop
  endfacet
  facet normal 0 0 -1
    outer loop
      vertex -94.89999999850988 -62.100000001490116 0
      vertex -92.11555810645648 1.933137913833872 0
      vertex -92.11555810645648 -57.683137913833875 0
    endloop
  endfacet
  facet normal 0 0 -1
    outer loop
      vertex -90.56686208616613 0.384441893543523 0
      vertex -90.56686208616613 -56.134441893543524 0
      vertex -90.83814824649308 -56.226531136037195 0
    endloop
  endfacet
  facet normal 0 0 -1
    outer loop
      vertex -90.28587675838102 0.3285504367948383 0
      vertex -90.28587675838102 -56.07855043679484 0
      vertex -90.56686208616613 -56.134441893543524 0
    endloop
  endfacet
  facet normal 0 0 -1
    outer loop
      vertex -90 0.30981308411215086 0
      vertex -90 -56.05981308411215 0
      vertex -90.28587675838102 -56.07855043679484 0
    endloop
  endfacet
  facet normal 0 0 -1
    outer loop
      vertex -89.71412324161898 0.3285504367948383 0
      vertex -89.71412324161898 -56.07855043679484 0
      vertex -90 -56.05981308411215 0
    endloop
  endfacet
  facet normal 0 0 -1
    outer loop
      vertex -89.43313791383387 0.384441893543523 0
      vertex -89.43313791383387 -56.134441893543524 0
      vertex -89.71412324161898 -56.07855043679484 0
    endloop
  endfacet
  facet normal 0 0 -1
    outer loop
      vertex -89.16185175350692 0.47653113603719716 0
      vertex -89.16185175350692 -56.226531136037195 0
      vertex -89.43313791383387 -56.134441893543524 0
    endloop
  endfacet
  facet normal 0 0 -1
    outer loop
      vertex -88.90490654205608 0.6032424918048311 0
      vertex -88.90490654205608 -56.353242491804835 0
      vertex -89.16185175350692 -56.226531136037195 0
    endloop
  endfacet
  facet normal 0 0 -1
    outer loop
      vertex -91.54869602029035 0.9513039797096512 0
      vertex -91.54869602029035 -56.70130397970966 0
      vertex -91.73759210558178 -56.91669868328791 0
    endloop
  endfacet
  facet normal 0 0 -1
    outer loop
      vertex -91.73759210558178 1.1666986832879105 0
      vertex -91.73759210558178 -56.91669868328791 0
      vertex -91.89675750819518 -57.154906542056075 0
    endloop
  endfacet
  facet normal 0 0 -1
    outer loop
      vertex -91.33330131671208 0.7624078944182163 0
      vertex -91.33330131671208 -56.51240789441822 0
      vertex -91.54869602029035 -56.70130397970966 0
    endloop
  endfacet
  facet normal 0 0 -1
    outer loop
      vertex -91.09509345794392 0.6032424918048311 0
      vertex -91.09509345794392 -56.353242491804835 0
      vertex -91.33330131671208 -56.51240789441822 0
    endloop
  endfacet
  facet normal 0 0 -1
    outer loop
      vertex -90.83814824649308 0.47653113603719716 0
      vertex -90.83814824649308 -56.226531136037195 0
      vertex -91.09509345794392 -56.353242491804835 0
    endloop
  endfacet
  facet normal 0 0 -1
    outer loop
      vertex -88.66669868328792 0.7624078944182163 0
      vertex -88.66669868328792 -56.51240789441822 0
      vertex -88.90490654205608 -56.353242491804835 0
    endloop
  endfacet
  facet normal 0 0 -1
    outer loop
      vertex -88.45130397970965 0.9513039797096512 0
      vertex -88.45130397970965 -56.70130397970966 0
      vertex -88.66669868328792 -56.51240789441822 0
    endloop
  endfacet
  facet normal 0 0 -1
    outer loop
      vertex -88.26240789441822 1.1666986832879105 0
      vertex -88.26240789441822 -56.91669868328791 0
      vertex -88.45130397970965 -56.70130397970966 0
    endloop
  endfacet
  facet normal 0 0 -1
    outer loop
      vertex -88.10324249180482 1.4049065420560753 0
      vertex -88.10324249180482 -57.154906542056075 0
      vertex -88.26240789441822 -56.91669868328791 0
    endloop
  endfacet
  facet normal 0 0 -1
    outer loop
      vertex -87.97653113603721 1.6618517535069277 0
      vertex -87.97653113603721 -57.41185175350693 0
      vertex -88.10324249180482 -57.154906542056075 0
    endloop
  endfacet
  facet normal 0 0 -1
    outer loop
      vertex -87.97653113603721 1.6618517535069277 0
      vertex -87.88444189354352 -57.683137913833875 0
      vertex -87.97653113603721 -57.41185175350693 0
    endloop
  endfacet
  facet normal 0 0 -1
    outer loop
      vertex -87.97653113603721 1.6618517535069277 0
      vertex -87.82855043679484 -57.96412324161898 0
      vertex -87.88444189354352 -57.683137913833875 0
    endloop
  endfacet
  facet normal 0 0 1
    outer loop
      vertex -84 -42.5 2
      vertex -94.89999999850988 -62.100000001490116 2
      vertex -91.06246146238799 -57.809914052780144 2
    endloop
  endfacet
  facet normal 0 0 1
    outer loop
      vertex -84 -42.5 2
      vertex -89.7023580981321 -57.13918529976757 2
      vertex -84 -52.5 2
    endloop
  endfacet
  facet normal 0 0 1
    outer loop
      vertex -84 -42.5 2
      vertex -90.9959292143521 -57.675 2
      vertex -90.91235634133493 -57.54992435663997 2
    endloop
  endfacet
  facet normal 0 0 1
    outer loop
      vertex -84 -42.5 2
      vertex -90.44008594721986 -57.18753853761202 2
      vertex -90.2976419018679 -57.13918529976757 2
    endloop
  endfacet
  facet normal 0 0 1
    outer loop
      vertex -84 -42.5 2
      vertex -90.575 -57.2540707856479 2
      vertex -90.44008594721986 -57.18753853761202 2
    endloop
  endfacet
  facet normal 0 0 1
    outer loop
      vertex -84 -42.5 2
      vertex -90.70007564336002 -57.33764365866508 2
      vertex -90.575 -57.2540707856479 2
    endloop
  endfacet
  facet normal 0 0 1
    outer loop
      vertex -84 -42.5 2
      vertex -90.81317279836453 -57.436827201635474 2
      vertex -90.70007564336002 -57.33764365866508 2
    endloop
  endfacet
  facet normal 0 0 1
    outer loop
      vertex -84 -42.5 2
      vertex -90.91235634133493 -57.54992435663997 2
      vertex -90.81317279836453 -57.436827201635474 2
    endloop
  endfacet
  facet normal 0 0 1
    outer loop
      vertex -84 -42.5 2
      vertex -91.06246146238799 -57.809914052780144 2
      vertex -90.9959292143521 -57.675 2
    endloop
  endfacet
  facet normal 0 0 1
    outer loop
      vertex -84 -42.5 2
      vertex -90.15010512105306 -57.10983840942012 2
      vertex -90 -57.1 2
    endloop
  endfacet
  facet normal 0 0 1
    outer loop
      vertex -84 -42.5 2
      vertex -90.2976419018679 -57.13918529976757 2
      vertex -90.15010512105306 -57.10983840942012 2
    endloop
  endfacet
  facet normal 0 0 1
    outer loop
      vertex -84 -42.5 2
      vertex -90 -57.1 2
      vertex -89.84989487894694 -57.10983840942012 2
    endloop
  endfacet
  facet normal 0 0 1
    outer loop
      vertex -84 -42.5 2
      vertex -89.84989487894694 -57.10983840942012 2
      vertex -89.7023580981321 -57.13918529976757 2
    endloop
  endfacet
  facet normal 0 0 1
    outer loop
      vertex -94.89999999850988 -62.100000001490116 2
      vertex -91.11081470023242 -57.9523580981321 2
      vertex -91.06246146238799 -57.809914052780144 2
    endloop
  endfacet
  facet normal 0 0 1
    outer loop
      vertex -94.89999999850988 -62.100000001490116 2
      vertex -91.14016159057988 -58.09989487894694 2
      vertex -91.11081470023242 -57.9523580981321 2
    endloop
  endfacet
  facet normal 0 0 1
    outer loop
      vertex -94.89999999850988 -62.100000001490116 2
      vertex -91.15 -58.25 2
      vertex -91.14016159057988 -58.09989487894694 2
    endloop
  endfacet
  facet normal 0 0 1
    outer loop
      vertex -94.89999999850988 -62.100000001490116 2
      vertex -91.11081470023242 -58.5476419018679 2
      vertex -91.14016159057988 -58.40010512105306 2
    endloop
  endfacet
  facet normal 0 0 1
    outer loop
      vertex -94.89999999850988 -62.100000001490116 2
      vertex -91.14016159057988 -58.40010512105306 2
      vertex -91.15 -58.25 2
    endloop
  endfacet
  facet normal 0 0 1
    outer loop
      vertex -94.89999999850988 -62.100000001490116 2
      vertex -91.06246146238799 -58.690085947219856 2
      vertex -91.11081470023242 -58.5476419018679 2
    endloop
  endfacet
  facet normal 0 0 1
    outer loop
      vertex -94.89999999850988 -62.100000001490116 2
      vertex -90.9959292143521 -58.825 2
      vertex -91.06246146238799 -58.690085947219856 2
    endloop
  endfacet
  facet normal 0 0 1
    outer loop
      vertex -94.89999999850988 -62.100000001490116 2
      vertex -90.91235634133493 -58.95007564336003 2
      vertex -90.9959292143521 -58.825 2
    endloop
  endfacet
  facet normal 0 0 1
    outer loop
      vertex -94.89999999850988 -62.100000001490116 2
      vertex -90.81317279836453 -59.063172798364526 2
      vertex -90.91235634133493 -58.95007564336003 2
    endloop
  endfacet
  facet normal 0 0 1
    outer loop
      vertex -94.89999999850988 -62.100000001490116 2
      vertex -90.70007564336002 -59.16235634133492 2
      vertex -90.81317279836453 -59.063172798364526 2
    endloop
  endfacet
  facet normal 0 0 1
    outer loop
      vertex -94.89999999850988 -62.100000001490116 2
      vertex -90.575 -59.2459292143521 2
      vertex -90.70007564336002 -59.16235634133492 2
    endloop
  endfacet
  facet normal 0 0 1
    outer loop
      vertex -94.89999999850988 -62.100000001490116 2
      vertex -90.44008594721986 -59.31246146238798 2
      vertex -90.575 -59.2459292143521 2
    endloop
  endfacet
  facet normal 0 0 1
    outer loop
      vertex -94.20442095398903 -62.89315588772297 2
      vertex -94.10000000149012 -62.899999998509884 2
      vertex -94.30705523490906 -62.87274066358805 2
    endloop
  endfacet
  facet normal 0 0 1
    outer loop
      vertex -94.89999999850988 -62.100000001490116 2
      vertex -90.2976419018679 -59.36081470023243 2
      vertex -90.44008594721986 -59.31246146238798 2
    endloop
  endfacet
  facet normal 0 0 1
    outer loop
      vertex -94.89999999850988 -62.100000001490116 2
      vertex -90.15010512105306 -59.39016159057988 2
      vertex -90.2976419018679 -59.36081470023243 2
    endloop
  endfacet
  facet normal 0 0 1
    outer loop
      vertex -94.89999999850988 -62.100000001490116 2
      vertex -89.84989487894694 -59.39016159057988 2
      vertex -90 -59.4 2
    endloop
  endfacet
  facet normal 0 0 1
    outer loop
      vertex -94.89999999850988 -62.100000001490116 2
      vertex -90 -59.4 2
      vertex -90.15010512105306 -59.39016159057988 2
    endloop
  endfacet
  facet normal 0 0 1
    outer loop
      vertex -94.89999999850988 -62.100000001490116 2
      vertex -89.55991405278014 -59.31246146238798 2
      vertex -89.7023580981321 -59.36081470023243 2
    endloop
  endfacet
  facet normal 0 0 1
    outer loop
      vertex -94.89999999850988 -62.100000001490116 2
      vertex -89.7023580981321 -59.36081470023243 2
      vertex -89.84989487894694 -59.39016159057988 2
    endloop
  endfacet
  facet normal 0 0 1
    outer loop
      vertex -94.89999999850988 -62.100000001490116 2
      vertex -89.425 -59.2459292143521 2
      vertex -89.55991405278014 -59.31246146238798 2
    endloop
  endfacet
  facet normal 0 0 1
    outer loop
      vertex -84 -52.5 2
      vertex -89.7023580981321 -57.13918529976757 2
      vertex -89.55991405278014 -57.18753853761202 2
    endloop
  endfacet
  facet normal 0 0 1
    outer loop
      vertex -84 -52.5 2
      vertex -89.55991405278014 -57.18753853761202 2
      vertex -89.425 -57.2540707856479 2
    endloop
  endfacet
  facet normal 0 0 1
    outer loop
      vertex -84 -52.5 2
      vertex -89.425 -57.2540707856479 2
      vertex -89.29992435663998 -57.33764365866508 2
    endloop
  endfacet
  facet normal 0 0 1
    outer loop
      vertex -84 -52.5 2
      vertex -89.29992435663998 -57.33764365866508 2
      vertex -89.18682720163547 -57.436827201635474 2
    endloop
  endfacet
  facet normal 0 0 1
    outer loop
      vertex -84 -52.5 2
      vertex -89.18682720163547 -57.436827201635474 2
      vertex -89.08764365866507 -57.54992435663997 2
    endloop
  endfacet
  facet normal 0 0 1
    outer loop
      vertex -84 -52.5 2
      vertex -89.08764365866507 -57.54992435663997 2
      vertex -89.0040707856479 -57.675 2
    endloop
  endfacet
  facet normal 0 0 1
    outer loop
      vertex -84 -52.5 2
      vertex -89.0040707856479 -57.675 2
      vertex -88.93753853761201 -57.809914052780144 2
    endloop
  endfacet
  facet normal 0 0 1
    outer loop
      vertex -84 -52.5 2
      vertex -88.93753853761201 -57.809914052780144 2
      vertex -88.88918529976758 -57.9523580981321 2
    endloop
  endfacet
  facet normal 0 0 1
    outer loop
      vertex -39.978612153434526 -59.97368451944987 2
      vertex -88.88918529976758 -57.9523580981321 2
      vertex -88.85983840942012 -58.09989487894694 2
    endloop
  endfacet
  facet normal 0 0 1
    outer loop
      vertex -39.978612153434526 -59.97368451944987 2
      vertex -88.85983840942012 -58.09989487894694 2
      vertex -88.85 -58.25 2
    endloop
  endfacet
  facet normal 0 0 1
    outer loop
      vertex -39.978612153434526 -59.97368451944987 2
      vertex -88.85 -58.25 2
      vertex -88.85983840942012 -58.40010512105306 2
    endloop
  endfacet
  facet normal 0 0 1
    outer loop
      vertex -94.89999999850988 -62.100000001490116 2
      vertex -39.978612153434526 -59.97368451944987 2
      vertex -89.425 -59.2459292143521 2
    endloop
  endfacet
  facet normal 0 0 1
    outer loop
      vertex -94.89999999850988 -62.100000001490116 2
      vertex -94.89315588772297 -62.20442095398903 2
      vertex -39.0219035725218 -62.28338335072809 2
    endloop
  endfacet
  facet normal 0 0 1
    outer loop
      vertex -94.89315588772297 -62.20442095398903 2
      vertex -94.87274066358805 -62.30705523490906 2
      vertex -38.75 -62.465063509461096 2
    endloop
  endfacet
  facet normal 0 0 1
    outer loop
      vertex -94.83910362422466 -62.40614674985409 2
      vertex -38.75 -62.465063509461096 2
      vertex -94.87274066358805 -62.30705523490906 2
    endloop
  endfacet
  facet normal 0 0 1
    outer loop
      vertex -94.83910362422466 -62.40614674985409 2
      vertex -94.79282032698393 -62.5 2
      vertex -38.456708580912725 -62.609698831278216 2
    endloop
  endfacet
  facet normal 0 0 1
    outer loop
      vertex -94.79282032698393 -62.5 2
      vertex -94.73468267172575 -62.58700914680958 2
      vertex -38.456708580912725 -62.609698831278216 2
    endloop
  endfacet
  facet normal 0 0 1
    outer loop
      vertex -94.73468267172575 -62.58700914680958 2
      vertex -94.66568542271852 -62.665685422718525 2
      vertex -38.1470476127563 -62.71481456572267 2
    endloop
  endfacet
  facet normal 0 0 1
    outer loop
      vertex -94.58700914680958 -62.73468267172575 2
      vertex -37.82631548055013 -62.77861215343452 2
      vertex -94.66568542271852 -62.665685422718525 2
    endloop
  endfacet
  facet normal 0 0 1
    outer loop
      vertex -94.58700914680958 -62.73468267172575 2
      vertex -94.5 -62.79282032698393 2
      vertex -37.82631548055013 -62.77861215343452 2
    endloop
  endfacet
  facet normal 0 0 1
    outer loop
      vertex -39.978612153434526 -59.97368451944987 2
      vertex -89.0040707856479 -58.825 2
      vertex -89.08764365866507 -58.95007564336003 2
    endloop
  endfacet
  facet normal 0 0 1
    outer loop
      vertex -39.978612153434526 -59.97368451944987 2
      vertex -89.08764365866507 -58.95007564336003 2
      vertex -89.18682720163547 -59.063172798364526 2
    endloop
  endfacet
  facet normal 0 0 1
    outer loop
      vertex -39.978612153434526 -59.97368451944987 2
      vertex -89.18682720163547 -59.063172798364526 2
      vertex -89.29992435663998 -59.16235634133492 2
    endloop
  endfacet
  facet normal 0 0 1
    outer loop
      vertex -39.978612153434526 -59.97368451944987 2
      vertex -89.29992435663998 -59.16235634133492 2
      vertex -89.425 -59.2459292143521 2
    endloop
  endfacet
  facet normal 0 0 1
    outer loop
      vertex -39.978612153434526 -59.97368451944987 2
      vertex -88.85983840942012 -58.40010512105306 2
      vertex -88.88918529976758 -58.5476419018679 2
    endloop
  endfacet
  facet normal 0 0 1
    outer loop
      vertex -39.978612153434526 -59.97368451944987 2
      vertex -88.88918529976758 -58.5476419018679 2
      vertex -88.93753853761201 -58.690085947219856 2
    endloop
  endfacet
  facet normal 0 0 1
    outer loop
      vertex -39.978612153434526 -59.97368451944987 2
      vertex -88.93753853761201 -58.690085947219856 2
      vertex -89.0040707856479 -58.825 2
    endloop
  endfacet
  facet normal -0.9807852870903427 -0.1950902883977413 0
    outer loop
      vertex -94.89315588772297 -62.20442095398903 2
      vertex -94.87274066358805 -62.30705523490906 0
      vertex -94.87274066358805 -62.30705523490906 2
    endloop
  endfacet
  facet normal -0.9978589232575188 -0.0654031289415513 0
    outer loop
      vertex -94.89999999850988 -62.100000001490116 2
      vertex -94.89315588772297 -62.20442095398903 0
      vertex -94.89315588772297 -62.20442095398903 2
    endloop
  endfacet
  facet normal -0.9469301219381053 -0.3214394875653658 0
    outer loop
      vertex -94.83910362422466 -62.40614674985409 2
      vertex -94.87274066358805 -62.30705523490906 2
      vertex -94.83910362422466 -62.40614674985409 0
    endloop
  endfacet
  facet normal -0.896872755887627 -0.4422886611100639 0
    outer loop
      vertex -94.83910362422466 -62.40614674985409 2
      vertex -94.79282032698393 -62.5 0
      vertex -94.79282032698393 -62.5 2
    endloop
  endfacet
  facet normal -0.831469603224722 -0.5555702466055247 0
    outer loop
      vertex -94.79282032698393 -62.5 2
      vertex -94.73468267172575 -62.58700914680958 0
      vertex -94.73468267172575 -62.58700914680958 2
    endloop
  endfacet
  facet normal -0.7518397750806569 -0.6593458520432712 0
    outer loop
      vertex -94.73468267172575 -62.58700914680958 2
      vertex -94.66568542271852 -62.665685422718525 0
      vertex -94.66568542271852 -62.665685422718525 2
    endloop
  endfacet
  facet normal -0.6593458520432712 -0.7518397750806569 0
    outer loop
      vertex -94.58700914680958 -62.73468267172575 2
      vertex -94.66568542271852 -62.665685422718525 2
      vertex -94.58700914680958 -62.73468267172575 0
    endloop
  endfacet
  facet normal -0.5555702466055247 -0.831469603224722 0
    outer loop
      vertex -94.58700914680958 -62.73468267172575 2
      vertex -94.5 -62.79282032698393 0
      vertex -94.5 -62.79282032698393 2
    endloop
  endfacet
  facet normal -0.4422886611100639 -0.896872755887627 0
    outer loop
      vertex -94.40614674985409 -62.83910362422466 2
      vertex -94.5 -62.79282032698393 2
      vertex -94.40614674985409 -62.83910362422466 0
    endloop
  endfacet
  facet normal -0.1950902883977413 -0.9807852870903427 0
    outer loop
      vertex -94.20442095398903 -62.89315588772297 2
      vertex -94.30705523490906 -62.87274066358805 2
      vertex -94.20442095398903 -62.89315588772297 0
    endloop
  endfacet
  facet normal -0.3214394875653658 -0.9469301219381053 0
    outer loop
      vertex -94.40614674985409 -62.83910362422466 2
      vertex -94.30705523490906 -62.87274066358805 0
      vertex -94.30705523490906 -62.87274066358805 2
    endloop
  endfacet
  facet normal -0.0654031289415513 -0.9978589232575188 0
    outer loop
      vertex -94.20442095398903 -62.89315588772297 2
      vertex -94.10000000149012 -62.899999998509884 0
      vertex -94.10000000149012 -62.899999998509884 2
    endloop
  endfacet
  facet normal -0.9978589232575188 -0.0654031289415513 0
    outer loop
      vertex -94.89999999850988 -62.100000001490116 2
      vertex -94.89999999850988 -62.100000001490116 0
      vertex -94.89315588772297 -62.20442095398903 0
    endloop
  endfacet
  facet normal -0.9807852870903427 -0.1950902883977413 0
    outer loop
      vertex -94.89315588772297 -62.20442095398903 2
      vertex -94.89315588772297 -62.20442095398903 0
      vertex -94.87274066358805 -62.30705523490906 0
    endloop
  endfacet
  facet normal -0.9469301219381053 -0.3214394875653658 0
    outer loop
      vertex -94.87274066358805 -62.30705523490906 2
      vertex -94.87274066358805 -62.30705523490906 0
      vertex -94.83910362422466 -62.40614674985409 0
    endloop
  endfacet
  facet normal -0.831469603224722 -0.5555702466055247 0
    outer loop
      vertex -94.79282032698393 -62.5 2
      vertex -94.79282032698393 -62.5 0
      vertex -94.73468267172575 -62.58700914680958 0
    endloop
  endfacet
  facet normal -0.896872755887627 -0.4422886611100639 0
    outer loop
      vertex -94.83910362422466 -62.40614674985409 2
      vertex -94.83910362422466 -62.40614674985409 0
      vertex -94.79282032698393 -62.5 0
    endloop
  endfacet
  facet normal -0.7518397750806569 -0.6593458520432712 0
    outer loop
      vertex -94.73468267172575 -62.58700914680958 2
      vertex -94.73468267172575 -62.58700914680958 0
      vertex -94.66568542271852 -62.665685422718525 0
    endloop
  endfacet
  facet normal -0.5555702466055247 -0.831469603224722 0
    outer loop
      vertex -94.58700914680958 -62.73468267172575 2
      vertex -94.58700914680958 -62.73468267172575 0
      vertex -94.5 -62.79282032698393 0
    endloop
  endfacet
  facet normal -0.6593458520432712 -0.7518397750806569 0
    outer loop
      vertex -94.66568542271852 -62.665685422718525 2
      vertex -94.66568542271852 -62.665685422718525 0
      vertex -94.58700914680958 -62.73468267172575 0
    endloop
  endfacet
  facet normal -0.3214394875653658 -0.9469301219381053 0
    outer loop
      vertex -94.40614674985409 -62.83910362422466 2
      vertex -94.40614674985409 -62.83910362422466 0
      vertex -94.30705523490906 -62.87274066358805 0
    endloop
  endfacet
  facet normal -0.4422886611100639 -0.896872755887627 0
    outer loop
      vertex -94.5 -62.79282032698393 2
      vertex -94.5 -62.79282032698393 0
      vertex -94.40614674985409 -62.83910362422466 0
    endloop
  endfacet
  facet normal -0.0654031289415513 -0.9978589232575188 0
    outer loop
      vertex -94.20442095398903 -62.89315588772297 2
      vertex -94.20442095398903 -62.89315588772297 0
      vertex -94.10000000149012 -62.899999998509884 0
    endloop
  endfacet
  facet normal -0.1950902883977413 -0.9807852870903427 0
    outer loop
      vertex -94.30705523490906 -62.87274066358805 2
      vertex -94.30705523490906 -62.87274066358805 0
      vertex -94.20442095398903 -62.89315588772297 0
    endloop
  endfacet
  facet normal 0 0 -1
    outer loop
      vertex -94.89999999850988 -62.100000001490116 0
      vertex -92.11555810645648 -57.683137913833875 0
      vertex -92.17144956320516 -57.96412324161898 0
    endloop
  endfacet
  facet normal 0 0 -1
    outer loop
      vertex -94.89999999850988 -62.100000001490116 0
      vertex -92.17144956320516 -57.96412324161898 0
      vertex -92.19018691588785 -58.25 0
    endloop
  endfacet
  facet normal 0 0 -1
    outer loop
      vertex -94.89999999850988 -62.100000001490116 0
      vertex -92.19018691588785 -58.25 0
      vertex -92.17144956320516 -58.53587675838102 0
    endloop
  endfacet
  facet normal 0 0 -1
    outer loop
      vertex -94.89999999850988 -62.100000001490116 0
      vertex -92.17144956320516 -58.53587675838102 0
      vertex -92.11555810645648 -58.816862086166125 0
    endloop
  endfacet
  facet normal 0 0 -1
    outer loop
      vertex -94.89999999850988 -62.100000001490116 0
      vertex -92.11555810645648 -58.816862086166125 0
      vertex -92.02346886396279 -59.08814824649307 0
    endloop
  endfacet
  facet normal 0 0 -1
    outer loop
      vertex -94.89999999850988 -62.100000001490116 0
      vertex -92.02346886396279 -59.08814824649307 0
      vertex -91.89675750819518 -59.345093457943925 0
    endloop
  endfacet
  facet normal 0 0 -1
    outer loop
      vertex -94.89999999850988 -62.100000001490116 0
      vertex -91.89675750819518 -59.345093457943925 0
      vertex -91.73759210558178 -59.58330131671209 0
    endloop
  endfacet
  facet normal 0 0 -1
    outer loop
      vertex -94.89999999850988 -62.100000001490116 0
      vertex -91.73759210558178 -59.58330131671209 0
      vertex -91.54869602029035 -59.79869602029034 0
    endloop
  endfacet
  facet normal 0 0 -1
    outer loop
      vertex -94.89999999850988 -62.100000001490116 0
      vertex -91.54869602029035 -59.79869602029034 0
      vertex -91.33330131671208 -59.98759210558178 0
    endloop
  endfacet
  facet normal 0 0 -1
    outer loop
      vertex -94.89999999850988 -62.100000001490116 0
      vertex -91.33330131671208 -59.98759210558178 0
      vertex -91.09509345794392 -60.146757508195165 0
    endloop
  endfacet
  facet normal 0 0 -1
    outer loop
      vertex -94.89999999850988 -62.100000001490116 0
      vertex -91.09509345794392 -60.146757508195165 0
      vertex -90.83814824649308 -60.273468863962805 0
    endloop
  endfacet
  facet normal 0 0 -1
    outer loop
      vertex -94.89999999850988 -62.100000001490116 0
      vertex -90.83814824649308 -60.273468863962805 0
      vertex -90.56686208616613 -60.365558106456476 0
    endloop
  endfacet
  facet normal 0 0 -1
    outer loop
      vertex -94.20442095398903 -62.89315588772297 0
      vertex -94.30705523490906 -62.87274066358805 0
      vertex -94.10000000149012 -62.899999998509884 0
    endloop
  endfacet
  facet normal 0 0 -1
    outer loop
      vertex -94.89999999850988 -62.100000001490116 0
      vertex -90.56686208616613 -60.365558106456476 0
      vertex -90.28587675838102 -60.42144956320516 0
    endloop
  endfacet
  facet normal 0 0 -1
    outer loop
      vertex -94.89999999850988 -62.100000001490116 0
      vertex -90.28587675838102 -60.42144956320516 0
      vertex -90 -60.44018691588785 0
    endloop
  endfacet
  facet normal 0 0 -1
    outer loop
      vertex -94.89999999850988 -62.100000001490116 0
      vertex -90 -60.44018691588785 0
      vertex -89.71412324161898 -60.42144956320516 0
    endloop
  endfacet
  facet normal 0 0 -1
    outer loop
      vertex -94.89999999850988 -62.100000001490116 0
      vertex -89.71412324161898 -60.42144956320516 0
      vertex -89.43313791383387 -60.365558106456476 0
    endloop
  endfacet
  facet normal 0 0 1
    outer loop
      vertex -81.80000000298023 -20.40000000298023 2
      vertex -74 -50.5 2
      vertex -40 -24.299999999999997 2
    endloop
  endfacet
  facet normal 0 0 1
    outer loop
      vertex -74 -50.5 2
      vertex -39.978612153434526 -24.626315480550126 2
      vertex -40 -24.299999999999997 2
    endloop
  endfacet
  facet normal 0 0 1
    outer loop
      vertex -74 -50.5 2
      vertex -39.91481456572267 -24.9470476127563 2
      vertex -39.978612153434526 -24.626315480550126 2
    endloop
  endfacet
  facet normal 0 0 1
    outer loop
      vertex -74 -50.5 2
      vertex -39.80969883127822 -25.256708580912722 2
      vertex -39.91481456572267 -24.9470476127563 2
    endloop
  endfacet
  facet normal 0 0 1
    outer loop
      vertex -74 -50.5 2
      vertex -39.6650635094611 -25.549999999999997 2
      vertex -39.80969883127822 -25.256708580912722 2
    endloop
  endfacet
  facet normal 0 0 1
    outer loop
      vertex -74 -50.5 2
      vertex -39.48338335072809 -25.821903572521798 2
      vertex -39.6650635094611 -25.549999999999997 2
    endloop
  endfacet
  facet normal 0 0 1
    outer loop
      vertex -74 -50.5 2
      vertex -39.26776695296637 -26.067766952966366 2
      vertex -39.48338335072809 -25.821903572521798 2
    endloop
  endfacet
  facet normal 0 0 1
    outer loop
      vertex -74 -50.5 2
      vertex -39.978612153434526 -59.97368451944987 2
      vertex -39.26776695296637 -26.067766952966366 2
    endloop
  endfacet
  facet normal 0 0 1
    outer loop
      vertex -84 -52.5 2
      vertex -39.978612153434526 -59.97368451944987 2
      vertex -74 -52.5 2
    endloop
  endfacet
  facet normal 0 0 1
    outer loop
      vertex -74 -50.5 2
      vertex -74 -52.5 2
      vertex -39.978612153434526 -59.97368451944987 2
    endloop
  endfacet
  facet normal 0 0 1
    outer loop
      vertex -84 -52.5 2
      vertex -88.88918529976758 -57.9523580981321 2
      vertex -39.978612153434526 -59.97368451944987 2
    endloop
  endfacet
  facet normal 0 0 1
    outer loop
      vertex -94.89999999850988 -62.100000001490116 2
      vertex -40 -60.3 2
      vertex -39.978612153434526 -59.97368451944987 2
    endloop
  endfacet
  facet normal 0 0 1
    outer loop
      vertex -94.89999999850988 -62.100000001490116 2
      vertex -39.978612153434526 -60.626315480550126 2
      vertex -40 -60.3 2
    endloop
  endfacet
  facet normal 0 0 1
    outer loop
      vertex -94.89999999850988 -62.100000001490116 2
      vertex -39.91481456572267 -60.9470476127563 2
      vertex -39.978612153434526 -60.626315480550126 2
    endloop
  endfacet
  facet normal 0 0 1
    outer loop
      vertex -94.89999999850988 -62.100000001490116 2
      vertex -39.80969883127822 -61.25670858091272 2
      vertex -39.91481456572267 -60.9470476127563 2
    endloop
  endfacet
  facet normal 0 0 1
    outer loop
      vertex -94.89999999850988 -62.100000001490116 2
      vertex -39.6650635094611 -61.55 2
      vertex -39.80969883127822 -61.25670858091272 2
    endloop
  endfacet
  facet normal 0 0 1
    outer loop
      vertex -94.89999999850988 -62.100000001490116 2
      vertex -39.48338335072809 -61.8219035725218 2
      vertex -39.6650635094611 -61.55 2
    endloop
  endfacet
  facet normal 0 0 1
    outer loop
      vertex -94.89999999850988 -62.100000001490116 2
      vertex -39.26776695296637 -62.067766952966366 2
      vertex -39.48338335072809 -61.8219035725218 2
    endloop
  endfacet
  facet normal 0 0 1
    outer loop
      vertex -94.89999999850988 -62.100000001490116 2
      vertex -39.0219035725218 -62.28338335072809 2
      vertex -39.26776695296637 -62.067766952966366 2
    endloop
  endfacet
  facet normal 0 0 1
    outer loop
      vertex -94.89315588772297 -62.20442095398903 2
      vertex -38.75 -62.465063509461096 2
      vertex -39.0219035725218 -62.28338335072809 2
    endloop
  endfacet
  facet normal 0 0 1
    outer loop
      vertex -94.83910362422466 -62.40614674985409 2
      vertex -38.456708580912725 -62.609698831278216 2
      vertex -38.75 -62.465063509461096 2
    endloop
  endfacet
  facet normal 0 0 1
    outer loop
      vertex -94.73468267172575 -62.58700914680958 2
      vertex -38.1470476127563 -62.71481456572267 2
      vertex -38.456708580912725 -62.609698831278216 2
    endloop
  endfacet
  facet normal 0 0 1
    outer loop
      vertex -94.66568542271852 -62.665685422718525 2
      vertex -37.82631548055013 -62.77861215343452 2
      vertex -38.1470476127563 -62.71481456572267 2
    endloop
  endfacet
  facet normal 0 0 1
    outer loop
      vertex -94.5 -62.79282032698393 2
      vertex -37.5 -62.8 2
      vertex -37.82631548055013 -62.77861215343452 2
    endloop
  endfacet
  facet normal 0 0 1
    outer loop
      vertex -40.1 -19.2 2
      vertex -40.1 -20.40000000298023 2
      vertex -37.82631548055013 -21.82138784656547 2
    endloop
  endfacet
  facet normal 0 0 1
    outer loop
      vertex -40.1 -20.40000000298023 2
      vertex -38.1470476127563 -21.885185434277325 2
      vertex -37.82631548055013 -21.82138784656547 2
    endloop
  endfacet
  facet normal 0 0 -1
    outer loop
      vertex 87.82855043679484 -57.96412324161898 0
      vertex -87.88444189354352 1.933137913833872 0
      vertex -87.82855043679484 2.21412324161898 0
    endloop
  endfacet
  facet normal 0 0 -1
    outer loop
      vertex 87.82855043679484 -57.96412324161898 0
      vertex -87.97653113603721 1.6618517535069277 0
      vertex -87.88444189354352 1.933137913833872 0
    endloop
  endfacet
  facet normal 0 0 -1
    outer loop
      vertex 87.82855043679484 -57.96412324161898 0
      vertex -87.82855043679484 2.21412324161898 0
      vertex -87.80981308411215 2.5 0
    endloop
  endfacet
  facet normal 0 0 1
    outer loop
      vertex -37.5 -21.799999999999997 2
      vertex -0.10000000000000142 -19.2 2
      vertex 0.3999999999999986 36.8 2
    endloop
  endfacet
  facet normal 0 0 1
    outer loop
      vertex -37.5 -21.799999999999997 2
      vertex -0.10000000000000142 -20.40000000298023 2
      vertex -0.10000000000000142 -19.2 2
    endloop
  endfacet
  facet normal 0 0 1
    outer loop
      vertex -37.5 -21.799999999999997 2
      vertex 1.6000000029802308 -20.40000000298023 2
      vertex -0.10000000000000142 -20.40000000298023 2
    endloop
  endfacet
  facet normal 0 0 1
    outer loop
      vertex -37.5 -21.799999999999997 2
      vertex -37.17368451944987 -21.82138784656547 2
      vertex 35.19030116872178 -23.343291419087272 2
    endloop
  endfacet
  facet normal 0 0 1
    outer loop
      vertex -37.17368451944987 -21.82138784656547 2
      vertex -36.8529523872437 -21.885185434277325 2
      vertex 35.19030116872178 -23.343291419087272 2
    endloop
  endfacet
  facet normal 0 0 1
    outer loop
      vertex -36.8529523872437 -21.885185434277325 2
      vertex -36.543291419087275 -21.99030116872178 2
      vertex 35.19030116872178 -23.343291419087272 2
    endloop
  endfacet
  facet normal 0 0 1
    outer loop
      vertex -36.543291419087275 -21.99030116872178 2
      vertex -36.25 -22.1349364905389 2
      vertex 35.19030116872178 -23.343291419087272 2
    endloop
  endfacet
  facet normal 0 0 1
    outer loop
      vertex -36.25 -22.1349364905389 2
      vertex -35.9780964274782 -22.31661664927191 2
      vertex 35.19030116872178 -23.343291419087272 2
    endloop
  endfacet
  facet normal 0 0 1
    outer loop
      vertex -35.9780964274782 -22.31661664927191 2
      vertex -35.73223304703363 -22.53223304703363 2
      vertex 35.19030116872178 -23.343291419087272 2
    endloop
  endfacet
  facet normal 0 0 1
    outer loop
      vertex -35.73223304703363 -22.53223304703363 2
      vertex -35.51661664927191 -22.778096427478197 2
      vertex 35.19030116872178 -23.343291419087272 2
    endloop
  endfacet
  facet normal 0 0 1
    outer loop
      vertex -35.51661664927191 -22.778096427478197 2
      vertex -35.3349364905389 -23.049999999999997 2
      vertex 35.19030116872178 -23.343291419087272 2
    endloop
  endfacet
  facet normal 0 0 1
    outer loop
      vertex -35.9780964274782 -26.283383350728084 2
      vertex 35 -24.299999999999997 2
      vertex -35.73223304703363 -26.067766952966366 2
    endloop
  endfacet
  facet normal 0 0 1
    outer loop
      vertex -35.3349364905389 -25.549999999999997 2
      vertex -35.51661664927191 -25.821903572521798 2
      vertex 35 -24.299999999999997 2
    endloop
  endfacet
  facet normal 0 0 1
    outer loop
      vertex -35.73223304703363 -26.067766952966366 2
      vertex 35 -24.299999999999997 2
      vertex -35.51661664927191 -25.821903572521798 2
    endloop
  endfacet
  facet normal 0 0 1
    outer loop
      vertex -35.3349364905389 -23.049999999999997 2
      vertex -35.19030116872178 -23.343291419087272 2
      vertex 35.19030116872178 -23.343291419087272 2
    endloop
  endfacet
  facet normal 0 0 1
    outer loop
      vertex -35.19030116872178 -23.343291419087272 2
      vertex -35.08518543427733 -23.652952387243694 2
      vertex 35.08518543427733 -23.652952387243694 2
    endloop
  endfacet
  facet normal 0 0 1
    outer loop
      vertex -37.5 -21.799999999999997 2
      vertex 35.19030116872178 -23.343291419087272 2
      vertex 1.6000000029802308 -20.40000000298023 2
    endloop
  endfacet
  facet normal 0 0 1
    outer loop
      vertex -35.08518543427733 -23.652952387243694 2
      vertex -35.021387846565474 -23.97368451944987 2
      vertex 35.021387846565474 -23.97368451944987 2
    endloop
  endfacet
  facet normal 0 0 1
    outer loop
      vertex -35.021387846565474 -23.97368451944987 2
      vertex -35 -24.299999999999997 2
      vertex 35 -24.299999999999997 2
    endloop
  endfacet
  facet normal 0 0 1
    outer loop
      vertex -35 -24.299999999999997 2
      vertex -35.021387846565474 -24.626315480550126 2
      vertex 35 -24.299999999999997 2
    endloop
  endfacet
  facet normal 0 0 1
    outer loop
      vertex -35.021387846565474 -24.626315480550126 2
      vertex -35.08518543427733 -24.9470476127563 2
      vertex 35 -24.299999999999997 2
    endloop
  endfacet
  facet normal 0 0 1
    outer loop
      vertex -35.08518543427733 -24.9470476127563 2
      vertex -35.19030116872178 -25.256708580912722 2
      vertex 35 -24.299999999999997 2
    endloop
  endfacet
  facet normal 0 0 1
    outer loop
      vertex -35.3349364905389 -25.549999999999997 2
      vertex 35 -24.299999999999997 2
      vertex -35.19030116872178 -25.256708580912722 2
    endloop
  endfacet
  facet normal 0 0 1
    outer loop
      vertex -39.26776695296637 -26.067766952966366 2
      vertex -39.26776695296637 -58.53223304703363 2
      vertex -39.0219035725218 -26.283383350728084 2
    endloop
  endfacet
  facet normal 0 0 1
    outer loop
      vertex -39.0219035725218 -26.283383350728084 2
      vertex -39.0219035725218 -58.31661664927191 2
      vertex -38.75 -26.465063509461093 2
    endloop
  endfacet
  facet normal 0 0 1
    outer loop
      vertex -38.75 -26.465063509461093 2
      vertex -38.75 -58.1349364905389 2
      vertex -38.456708580912725 -26.609698831278216 2
    endloop
  endfacet
  facet normal 0 0 1
    outer loop
      vertex -38.456708580912725 -26.609698831278216 2
      vertex -38.456708580912725 -57.99030116872178 2
      vertex -38.1470476127563 -26.71481456572267 2
    endloop
  endfacet
  facet normal 0 0 1
    outer loop
      vertex -38.1470476127563 -26.71481456572267 2
      vertex -38.1470476127563 -57.885185434277325 2
      vertex -37.82631548055013 -26.778612153434523 2
    endloop
  endfacet
  facet normal 0 0 1
    outer loop
      vertex -37.82631548055013 -26.778612153434523 2
      vertex -37.82631548055013 -57.82138784656547 2
      vertex -37.5 -26.799999999999997 2
    endloop
  endfacet
  facet normal 0 0 1
    outer loop
      vertex -37.5 -26.799999999999997 2
      vertex -37.5 -57.8 2
      vertex -37.17368451944987 -26.778612153434523 2
    endloop
  endfacet
  facet normal 0 0 1
    outer loop
      vertex -36.8529523872437 -26.71481456572267 2
      vertex -36.8529523872437 -57.885185434277325 2
      vertex -36.543291419087275 -26.609698831278216 2
    endloop
  endfacet
  facet normal 0 0 1
    outer loop
      vertex -37.17368451944987 -26.778612153434523 2
      vertex -37.17368451944987 -57.82138784656547 2
      vertex -36.8529523872437 -26.71481456572267 2
    endloop
  endfacet
  facet normal 0 0 1
    outer loop
      vertex -36.25 -26.465063509461093 2
      vertex -36.543291419087275 -26.609698831278216 2
      vertex -36.543291419087275 -57.99030116872178 2
    endloop
  endfacet
  facet normal 0 0 1
    outer loop
      vertex -35.9780964274782 -26.283383350728084 2
      vertex -36.25 -26.465063509461093 2
      vertex -36.25 -58.1349364905389 2
    endloop
  endfacet
  facet normal 0 0 -1
    outer loop
      vertex -87.97653113603721 1.6618517535069277 0
      vertex 87.82855043679484 -57.96412324161898 0
      vertex -87.82855043679484 -57.96412324161898 0
    endloop
  endfacet
  facet normal 0 0 1
    outer loop
      vertex -39.26776695296637 -26.067766952966366 2
      vertex -39.48338335072809 -58.7780964274782 2
      vertex -39.26776695296637 -58.53223304703363 2
    endloop
  endfacet
  facet normal 0 0 1
    outer loop
      vertex -39.26776695296637 -26.067766952966366 2
      vertex -39.80969883127822 -59.34329141908727 2
      vertex -39.6650635094611 -59.05 2
    endloop
  endfacet
  facet normal 0 0 1
    outer loop
      vertex -39.26776695296637 -26.067766952966366 2
      vertex -39.6650635094611 -59.05 2
      vertex -39.48338335072809 -58.7780964274782 2
    endloop
  endfacet
  facet normal 0 0 1
    outer loop
      vertex -38.75 -26.465063509461093 2
      vertex -39.0219035725218 -58.31661664927191 2
      vertex -38.75 -58.1349364905389 2
    endloop
  endfacet
  facet normal 0 0 1
    outer loop
      vertex -38.456708580912725 -26.609698831278216 2
      vertex -38.75 -58.1349364905389 2
      vertex -38.456708580912725 -57.99030116872178 2
    endloop
  endfacet
  facet normal 0 0 1
    outer loop
      vertex -39.0219035725218 -26.283383350728084 2
      vertex -39.26776695296637 -58.53223304703363 2
      vertex -39.0219035725218 -58.31661664927191 2
    endloop
  endfacet
  facet normal 0 0 1
    outer loop
      vertex -39.26776695296637 -26.067766952966366 2
      vertex -39.978612153434526 -59.97368451944987 2
      vertex -39.91481456572267 -59.652952387243694 2
    endloop
  endfacet
  facet normal 0 0 1
    outer loop
      vertex -39.26776695296637 -26.067766952966366 2
      vertex -39.91481456572267 -59.652952387243694 2
      vertex -39.80969883127822 -59.34329141908727 2
    endloop
  endfacet
  facet normal 0 0 1
    outer loop
      vertex -38.1470476127563 -26.71481456572267 2
      vertex -38.456708580912725 -57.99030116872178 2
      vertex -38.1470476127563 -57.885185434277325 2
    endloop
  endfacet
  facet normal 0 0 1
    outer loop
      vertex -37.82631548055013 -26.778612153434523 2
      vertex -38.1470476127563 -57.885185434277325 2
      vertex -37.82631548055013 -57.82138784656547 2
    endloop
  endfacet
  facet normal 0 0 1
    outer loop
      vertex -37.5 -26.799999999999997 2
      vertex -37.82631548055013 -57.82138784656547 2
      vertex -37.5 -57.8 2
    endloop
  endfacet
  facet normal 0 0 1
    outer loop
      vertex -37.17368451944987 -26.778612153434523 2
      vertex -37.5 -57.8 2
      vertex -37.17368451944987 -57.82138784656547 2
    endloop
  endfacet
  facet normal 0 0 1
    outer loop
      vertex -36.8529523872437 -26.71481456572267 2
      vertex -37.17368451944987 -57.82138784656547 2
      vertex -36.8529523872437 -57.885185434277325 2
    endloop
  endfacet
  facet normal 0 0 1
    outer loop
      vertex -36.543291419087275 -26.609698831278216 2
      vertex -36.8529523872437 -57.885185434277325 2
      vertex -36.543291419087275 -57.99030116872178 2
    endloop
  endfacet
  facet normal 0 0 1
    outer loop
      vertex -36.25 -26.465063509461093 2
      vertex -36.543291419087275 -57.99030116872178 2
      vertex -36.25 -58.1349364905389 2
    endloop
  endfacet
  facet normal 0 0 1
    outer loop
      vertex -35.9780964274782 -26.283383350728084 2
      vertex -36.25 -58.1349364905389 2
      vertex -35.9780964274782 -58.31661664927191 2
    endloop
  endfacet
  facet normal 0 0 1
    outer loop
      vertex -94.40614674985409 -62.83910362422466 2
      vertex 94.20442095398903 -62.89315588772297 2
      vertex -94.5 -62.79282032698393 2
    endloop
  endfacet
  facet normal 0 0 1
    outer loop
      vertex -94.40614674985409 -62.83910362422466 2
      vertex -94.30705523490906 -62.87274066358805 2
      vertex 94.10000000149012 -62.899999998509884 2
    endloop
  endfacet
  facet normal 0 0 1
    outer loop
      vertex -94.30705523490906 -62.87274066358805 2
      vertex -94.10000000149012 -62.899999998509884 2
      vertex 94.10000000149012 -62.899999998509884 2
    endloop
  endfacet
  facet normal 0 -1 0
    outer loop
      vertex -94.10000000149012 -62.899999998509884 2
      vertex -94.10000000149012 -62.899999998509884 0
      vertex 94.10000000149012 -62.899999998509884 0
    endloop
  endfacet
  facet normal 0 0 -1
    outer loop
      vertex -94.89999999850988 -62.100000001490116 0
      vertex -89.43313791383387 -60.365558106456476 0
      vertex 89.16185175350692 -60.273468863962805 0
    endloop
  endfacet
  facet normal 0 0 -1
    outer loop
      vertex -89.43313791383387 -60.365558106456476 0
      vertex -89.16185175350692 -60.273468863962805 0
      vertex 89.16185175350692 -60.273468863962805 0
    endloop
  endfacet
  facet normal 0 0 -1
    outer loop
      vertex -94.89999999850988 -62.100000001490116 0
      vertex 94.83910362422466 -62.40614674985409 0
      vertex -94.89315588772297 -62.20442095398903 0
    endloop
  endfacet
  facet normal 0 0 -1
    outer loop
      vertex -94.89315588772297 -62.20442095398903 0
      vertex 94.79282032698393 -62.5 0
      vertex -94.87274066358805 -62.30705523490906 0
    endloop
  endfacet
  facet normal 0 0 -1
    outer loop
      vertex -94.83910362422466 -62.40614674985409 0
      vertex -94.87274066358805 -62.30705523490906 0
      vertex 94.73468267172575 -62.58700914680958 0
    endloop
  endfacet
  facet normal 0 0 -1
    outer loop
      vertex -94.83910362422466 -62.40614674985409 0
      vertex 94.66568542271852 -62.665685422718525 0
      vertex -94.79282032698393 -62.5 0
    endloop
  endfacet
  facet normal 0 0 -1
    outer loop
      vertex -94.79282032698393 -62.5 0
      vertex 94.58700914680958 -62.73468267172575 0
      vertex -94.73468267172575 -62.58700914680958 0
    endloop
  endfacet
  facet normal 0 0 -1
    outer loop
      vertex -94.73468267172575 -62.58700914680958 0
      vertex 94.5 -62.79282032698393 0
      vertex -94.66568542271852 -62.665685422718525 0
    endloop
  endfacet
  facet normal 0 0 -1
    outer loop
      vertex -94.58700914680958 -62.73468267172575 0
      vertex -94.66568542271852 -62.665685422718525 0
      vertex 94.40614674985409 -62.83910362422466 0
    endloop
  endfacet
  facet normal 0 0 -1
    outer loop
      vertex -94.58700914680958 -62.73468267172575 0
      vertex 94.30705523490906 -62.87274066358805 0
      vertex -94.5 -62.79282032698393 0
    endloop
  endfacet
  facet normal 0 0 -1
    outer loop
      vertex -94.40614674985409 -62.83910362422466 0
      vertex -94.5 -62.79282032698393 0
      vertex 94.20442095398903 -62.89315588772297 0
    endloop
  endfacet
  facet normal 0 0 -1
    outer loop
      vertex -94.40614674985409 -62.83910362422466 0
      vertex 94.10000000149012 -62.899999998509884 0
      vertex -94.30705523490906 -62.87274066358805 0
    endloop
  endfacet
  facet normal 0 0 -1
    outer loop
      vertex -94.30705523490906 -62.87274066358805 0
      vertex 94.10000000149012 -62.899999998509884 0
      vertex -94.10000000149012 -62.899999998509884 0
    endloop
  endfacet
  facet normal 0 0 -1
    outer loop
      vertex -87.80981308411215 -58.25 0
      vertex -87.82855043679484 -57.96412324161898 0
      vertex 87.80981308411215 -58.25 0
    endloop
  endfacet
  facet normal 0 0 -1
    outer loop
      vertex -87.80981308411215 -58.25 0
      vertex 87.82855043679484 -58.53587675838102 0
      vertex -87.82855043679484 -58.53587675838102 0
    endloop
  endfacet
  facet normal 0 0 -1
    outer loop
      vertex -87.82855043679484 -58.53587675838102 0
      vertex 87.88444189354352 -58.816862086166125 0
      vertex -87.88444189354352 -58.816862086166125 0
    endloop
  endfacet
  facet normal 0 0 -1
    outer loop
      vertex -87.97653113603721 -59.08814824649307 0
      vertex -87.88444189354352 -58.816862086166125 0
      vertex 87.97653113603721 -59.08814824649307 0
    endloop
  endfacet
  facet normal 0 0 -1
    outer loop
      vertex -88.10324249180482 -59.345093457943925 0
      vertex -87.97653113603721 -59.08814824649307 0
      vertex 88.10324249180482 -59.345093457943925 0
    endloop
  endfacet
  facet normal 0 0 -1
    outer loop
      vertex -88.26240789441822 -59.58330131671209 0
      vertex -88.10324249180482 -59.345093457943925 0
      vertex 88.26240789441822 -59.58330131671209 0
    endloop
  endfacet
  facet normal 0 0 -1
    outer loop
      vertex -88.66669868328792 -59.98759210558178 0
      vertex -88.45130397970965 -59.79869602029034 0
      vertex 88.66669868328792 -59.98759210558178 0
    endloop
  endfacet
  facet normal 0 0 -1
    outer loop
      vertex -88.45130397970965 -59.79869602029034 0
      vertex -88.26240789441822 -59.58330131671209 0
      vertex 88.45130397970965 -59.79869602029034 0
    endloop
  endfacet
  facet normal 0 0 -1
    outer loop
      vertex -88.90490654205608 -60.146757508195165 0
      vertex -88.66669868328792 -59.98759210558178 0
      vertex 88.90490654205608 -60.146757508195165 0
    endloop
  endfacet
  facet normal 0 0 -1
    outer loop
      vertex -89.16185175350692 -60.273468863962805 0
      vertex -88.90490654205608 -60.146757508195165 0
      vertex 89.16185175350692 -60.273468863962805 0
    endloop
  endfacet
  facet normal 0 0 1
    outer loop
      vertex -35.9780964274782 -26.283383350728084 2
      vertex -35.9780964274782 -58.31661664927191 2
      vertex 35 -24.299999999999997 2
    endloop
  endfacet
  facet normal 0 0 1
    outer loop
      vertex -35.9780964274782 -58.31661664927191 2
      vertex -35.73223304703363 -58.53223304703363 2
      vertex 35 -24.299999999999997 2
    endloop
  endfacet
  facet normal 0 0 1
    outer loop
      vertex -35.73223304703363 -58.53223304703363 2
      vertex -35.51661664927191 -58.7780964274782 2
      vertex 35.51661664927191 -58.7780964274782 2
    endloop
  endfacet
  facet normal 0 0 1
    outer loop
      vertex -94.5 -62.79282032698393 2
      vertex 94.30705523490906 -62.87274066358805 2
      vertex -37.5 -62.8 2
    endloop
  endfacet
  facet normal 0 0 1
    outer loop
      vertex -35.9780964274782 -62.28338335072809 2
      vertex -36.25 -62.465063509461096 2
      vertex 36.543291419087275 -62.609698831278216 2
    endloop
  endfacet
  facet normal 0 0 1
    outer loop
      vertex -36.543291419087275 -62.609698831278216 2
      vertex 36.8529523872437 -62.71481456572267 2
      vertex -36.25 -62.465063509461096 2
    endloop
  endfacet
  facet normal 0 0 1
    outer loop
      vertex -37.17368451944987 -62.77861215343452 2
      vertex 37.5 -62.8 2
      vertex -36.8529523872437 -62.71481456572267 2
    endloop
  endfacet
  facet normal 0 0 1
    outer loop
      vertex -36.8529523872437 -62.71481456572267 2
      vertex 37.17368451944987 -62.77861215343452 2
      vertex -36.543291419087275 -62.609698831278216 2
    endloop
  endfacet
  facet normal 0 0 1
    outer loop
      vertex -35.51661664927191 -58.7780964274782 2
      vertex -35.3349364905389 -59.05 2
      vertex 35.3349364905389 -59.05 2
    endloop
  endfacet
  facet normal 0 0 1
    outer loop
      vertex -35.3349364905389 -59.05 2
      vertex -35.19030116872178 -59.34329141908727 2
      vertex 35.19030116872178 -59.34329141908727 2
    endloop
  endfacet
  facet normal 0 0 1
    outer loop
      vertex -35.19030116872178 -59.34329141908727 2
      vertex -35.08518543427733 -59.652952387243694 2
      vertex 35.08518543427733 -59.652952387243694 2
    endloop
  endfacet
  facet normal 0 0 1
    outer loop
      vertex -35.08518543427733 -59.652952387243694 2
      vertex -35.021387846565474 -59.97368451944987 2
      vertex 35.021387846565474 -59.97368451944987 2
    endloop
  endfacet
  facet normal 0 0 1
    outer loop
      vertex -35.021387846565474 -59.97368451944987 2
      vertex -35 -60.3 2
      vertex 35 -60.3 2
    endloop
  endfacet
  facet normal 0 0 1
    outer loop
      vertex -35 -60.3 2
      vertex -35.021387846565474 -60.626315480550126 2
      vertex 35.021387846565474 -60.626315480550126 2
    endloop
  endfacet
  facet normal 0 0 1
    outer loop
      vertex -35.021387846565474 -60.626315480550126 2
      vertex -35.08518543427733 -60.9470476127563 2
      vertex 35.08518543427733 -60.9470476127563 2
    endloop
  endfacet
  facet normal 0 0 1
    outer loop
      vertex -35.08518543427733 -60.9470476127563 2
      vertex -35.19030116872178 -61.25670858091272 2
      vertex 35.19030116872178 -61.25670858091272 2
    endloop
  endfacet
  facet normal 0 0 1
    outer loop
      vertex -35.19030116872178 -61.25670858091272 2
      vertex -35.3349364905389 -61.55 2
      vertex 35.3349364905389 -61.55 2
    endloop
  endfacet
  facet normal 0 0 1
    outer loop
      vertex -35.3349364905389 -61.55 2
      vertex -35.51661664927191 -61.8219035725218 2
      vertex 35.51661664927191 -61.8219035725218 2
    endloop
  endfacet
  facet normal 0 0 1
    outer loop
      vertex -35.73223304703363 -62.067766952966366 2
      vertex 35.73223304703363 -62.067766952966366 2
      vertex -35.51661664927191 -61.8219035725218 2
    endloop
  endfacet
  facet normal 0 0 1
    outer loop
      vertex -35.9780964274782 -62.28338335072809 2
      vertex 36.25 -62.465063509461096 2
      vertex -35.73223304703363 -62.067766952966366 2
    endloop
  endfacet
  facet normal 0 0 1
    outer loop
      vertex -74 55.5 2
      vertex 1.6000000029802308 38.00000000298023 2
      vertex 74 57.5 2
    endloop
  endfacet
  facet normal 0 0 1
    outer loop
      vertex -94.87274066358805 62.30705523490906 2
      vertex 74 57.5 2
      vertex 84 57.5 2
    endloop
  endfacet
  facet normal 0 0 1
    outer loop
      vertex -94.87274066358805 62.30705523490906 2
      vertex 84 57.5 2
      vertex 88.88918529976758 61.0476419018679 2
    endloop
  endfacet
  facet normal 0 0 1
    outer loop
      vertex -94.87274066358805 62.30705523490906 2
      vertex 89.425 61.7459292143521 2
      vertex 89.55991405278014 61.81246146238798 2
    endloop
  endfacet
  facet normal 0 0 1
    outer loop
      vertex -94.87274066358805 62.30705523490906 2
      vertex 89.55991405278014 61.81246146238798 2
      vertex 89.7023580981321 61.86081470023243 2
    endloop
  endfacet
  facet normal 0 0 1
    outer loop
      vertex -94.87274066358805 62.30705523490906 2
      vertex 89.0040707856479 61.325 2
      vertex 89.08764365866507 61.45007564336003 2
    endloop
  endfacet
  facet normal 0 0 1
    outer loop
      vertex -94.87274066358805 62.30705523490906 2
      vertex 89.08764365866507 61.45007564336003 2
      vertex 89.18682720163547 61.563172798364526 2
    endloop
  endfacet
  facet normal 0 0 1
    outer loop
      vertex -94.87274066358805 62.30705523490906 2
      vertex 88.93753853761201 61.190085947219856 2
      vertex 89.0040707856479 61.325 2
    endloop
  endfacet
  facet normal 0 0 1
    outer loop
      vertex -94.87274066358805 62.30705523490906 2
      vertex 88.88918529976758 61.0476419018679 2
      vertex 88.93753853761201 61.190085947219856 2
    endloop
  endfacet
  facet normal 0 0 1
    outer loop
      vertex -94.87274066358805 62.30705523490906 2
      vertex 89.18682720163547 61.563172798364526 2
      vertex 89.29992435663998 61.66235634133492 2
    endloop
  endfacet
  facet normal 0 0 1
    outer loop
      vertex -94.87274066358805 62.30705523490906 2
      vertex 89.29992435663998 61.66235634133492 2
      vertex 89.425 61.7459292143521 2
    endloop
  endfacet
  facet normal 0 0 1
    outer loop
      vertex -94.87274066358805 62.30705523490906 2
      vertex 89.7023580981321 61.86081470023243 2
      vertex 89.84989487894694 61.89016159057988 2
    endloop
  endfacet
  facet normal 0 0 1
    outer loop
      vertex -94.87274066358805 62.30705523490906 2
      vertex 89.84989487894694 61.89016159057988 2
      vertex 90 61.9 2
    endloop
  endfacet
  facet normal 0 0 1
    outer loop
      vertex -94.87274066358805 62.30705523490906 2
      vertex 90 61.9 2
      vertex 94.89999999850988 62.100000001490116 2
    endloop
  endfacet
  facet normal 0 0 1
    outer loop
      vertex -94.10000000149012 62.899999998509884 2
      vertex 94.30705523490906 62.87274066358805 2
      vertex 94.10000000149012 62.899999998509884 2
    endloop
  endfacet
  facet normal 0 0 1
    outer loop
      vertex -94.10000000149012 62.899999998509884 2
      vertex 94.40614674985409 62.83910362422466 2
      vertex 94.30705523490906 62.87274066358805 2
    endloop
  endfacet
  facet normal 0 0 1
    outer loop
      vertex -94.20442095398903 62.89315588772297 2
      vertex 94.5 62.79282032698393 2
      vertex 94.40614674985409 62.83910362422466 2
    endloop
  endfacet
  facet normal 0 0 1
    outer loop
      vertex -94.30705523490906 62.87274066358805 2
      vertex 94.58700914680958 62.73468267172575 2
      vertex 94.5 62.79282032698393 2
    endloop
  endfacet
  facet normal 0 0 1
    outer loop
      vertex -94.40614674985409 62.83910362422466 2
      vertex 94.66568542271852 62.665685422718525 2
      vertex 94.58700914680958 62.73468267172575 2
    endloop
  endfacet
  facet normal 0 0 1
    outer loop
      vertex -94.5 62.79282032698393 2
      vertex 94.73468267172575 62.58700914680958 2
      vertex 94.66568542271852 62.665685422718525 2
    endloop
  endfacet
  facet normal 0 0 1
    outer loop
      vertex -94.58700914680958 62.73468267172575 2
      vertex 94.79282032698393 62.5 2
      vertex 94.73468267172575 62.58700914680958 2
    endloop
  endfacet
  facet normal 0 0 1
    outer loop
      vertex -94.66568542271852 62.665685422718525 2
      vertex 94.83910362422466 62.40614674985409 2
      vertex 94.79282032698393 62.5 2
    endloop
  endfacet
  facet normal 0 0 1
    outer loop
      vertex -94.73468267172575 62.58700914680958 2
      vertex 94.87274066358805 62.30705523490906 2
      vertex 94.83910362422466 62.40614674985409 2
    endloop
  endfacet
  facet normal 0 0 1
    outer loop
      vertex -94.79282032698393 62.5 2
      vertex 94.89315588772297 62.20442095398903 2
      vertex 94.87274066358805 62.30705523490906 2
    endloop
  endfacet
  facet normal 0 0 1
    outer loop
      vertex -94.83910362422466 62.40614674985409 2
      vertex 94.89999999850988 62.100000001490116 2
      vertex 94.89315588772297 62.20442095398903 2
    endloop
  endfacet
  facet normal 0 0 -1
    outer loop
      vertex -89.43313791383387 62.865558106456476 0
      vertex 88.90490654205608 62.646757508195165 0
      vertex 88.66669868328792 62.48759210558178 0
    endloop
  endfacet
  facet normal 0 0 -1
    outer loop
      vertex -89.60628899793751 62.899999998509884 0
      vertex 89.16185175350692 62.773468863962805 0
      vertex 88.90490654205608 62.646757508195165 0
    endloop
  endfacet
  facet normal 0 0 -1
    outer loop
      vertex -89.16185175350692 62.773468863962805 0
      vertex 88.66669868328792 62.48759210558178 0
      vertex 88.45130397970965 62.29869602029034 0
    endloop
  endfacet
  facet normal 0 0 -1
    outer loop
      vertex -88.90490654205608 62.646757508195165 0
      vertex 88.45130397970965 62.29869602029034 0
      vertex 88.26240789441822 62.08330131671209 0
    endloop
  endfacet
  facet normal 0 0 -1
    outer loop
      vertex -88.26240789441822 62.08330131671209 0
      vertex 88.26240789441822 62.08330131671209 0
      vertex 88.10324249180482 61.845093457943925 0
    endloop
  endfacet
  facet normal 0 0 -1
    outer loop
      vertex -88.10324249180482 61.845093457943925 0
      vertex 88.10324249180482 61.845093457943925 0
      vertex 87.97653113603721 61.58814824649307 0
    endloop
  endfacet
  facet normal 0 0 -1
    outer loop
      vertex -87.97653113603721 61.58814824649307 0
      vertex 87.97653113603721 61.58814824649307 0
      vertex 87.88444189354352 61.316862086166125 0
    endloop
  endfacet
  facet normal 0 0 -1
    outer loop
      vertex -87.88444189354352 61.316862086166125 0
      vertex 87.88444189354352 61.316862086166125 0
      vertex 87.82855043679484 61.03587675838102 0
    endloop
  endfacet
  facet normal 0 0 -1
    outer loop
      vertex -87.82855043679484 61.03587675838102 0
      vertex 87.82855043679484 61.03587675838102 0
      vertex 87.80981308411215 60.75 0
    endloop
  endfacet
  facet normal 0 0 -1
    outer loop
      vertex -87.80981308411215 60.75 0
      vertex 87.80981308411215 60.75 0
      vertex 87.82855043679484 60.46412324161898 0
    endloop
  endfacet
  facet normal 0 0 -1
    outer loop
      vertex -87.82855043679484 60.46412324161898 0
      vertex 87.82855043679484 60.46412324161898 0
      vertex 87.88444189354352 60.183137913833875 0
    endloop
  endfacet
  facet normal 0 0 -1
    outer loop
      vertex -87.88444189354352 60.183137913833875 0
      vertex 87.88444189354352 60.183137913833875 0
      vertex 87.97653113603721 59.91185175350693 0
    endloop
  endfacet
  facet normal 0 0 -1
    outer loop
      vertex -87.88444189354352 60.183137913833875 0
      vertex 87.97653113603721 59.91185175350693 0
      vertex 88.10324249180482 59.654906542056075 0
    endloop
  endfacet
  facet normal 0 0 -1
    outer loop
      vertex -87.88444189354352 60.183137913833875 0
      vertex 88.10324249180482 59.654906542056075 0
      vertex 88.26240789441822 59.41669868328791 0
    endloop
  endfacet
  facet normal 0 0 -1
    outer loop
      vertex -87.88444189354352 60.183137913833875 0
      vertex 88.26240789441822 59.41669868328791 0
      vertex 88.45130397970965 59.20130397970966 0
    endloop
  endfacet
  facet normal 0 1 0
    outer loop
      vertex 94.10000000149012 62.899999998509884 2
      vertex 89.60628899793751 62.899999998509884 0
      vertex -89.60628899793751 62.899999998509884 0
    endloop
  endfacet
  facet normal 0 0 -1
    outer loop
      vertex -89.60628899793751 62.899999998509884 0
      vertex 89.60628899793751 62.899999998509884 0
      vertex 89.43313791383387 62.865558106456476 0
    endloop
  endfacet
  facet normal 0 0 -1
    outer loop
      vertex -89.60628899793751 62.899999998509884 0
      vertex 89.43313791383387 62.865558106456476 0
      vertex 89.16185175350692 62.773468863962805 0
    endloop
  endfacet
  facet normal 0 0 -1
    outer loop
      vertex -87.88444189354352 60.183137913833875 0
      vertex 88.45130397970965 59.20130397970966 0
      vertex 88.45130397970965 4.0486960202903495 0
    endloop
  endfacet
  facet normal 0 0 -1
    outer loop
      vertex -87.88444189354352 60.183137913833875 0
      vertex 88.45130397970965 4.0486960202903495 0
      vertex 88.26240789441822 3.83330131671209 0
    endloop
  endfacet
  facet normal 0 0 -1
    outer loop
      vertex -87.88444189354352 60.183137913833875 0
      vertex 88.10324249180482 3.5950934579439244 0
      vertex 87.97653113603721 3.3381482464930725 0
    endloop
  endfacet
  facet normal 0 0 -1
    outer loop
      vertex -87.88444189354352 60.183137913833875 0
      vertex 88.26240789441822 3.83330131671209 0
      vertex 88.10324249180482 3.5950934579439244 0
    endloop
  endfacet
  facet normal 0 0 -1
    outer loop
      vertex -87.88444189354352 60.183137913833875 0
      vertex 87.97653113603721 3.3381482464930725 0
      vertex 87.88444189354352 3.066862086166128 0
    endloop
  endfacet
  facet normal 0 0 -1
    outer loop
      vertex -87.88444189354352 60.183137913833875 0
      vertex 87.88444189354352 3.066862086166128 0
      vertex 87.82855043679484 2.78587675838102 0
    endloop
  endfacet
  facet normal 0 0 -1
    outer loop
      vertex -87.88444189354352 60.183137913833875 0
      vertex 87.82855043679484 2.78587675838102 0
      vertex 87.80981308411215 2.5 0
    endloop
  endfacet
  facet normal 0 0 1
    outer loop
      vertex 1.6000000029802308 38.00000000298023 2
      vertex 1.6000000029802308 -20.40000000298023 2
      vertex 82 8.5 2
    endloop
  endfacet
  facet normal 0 0 -1
    outer loop
      vertex -87.88444189354352 60.183137913833875 0
      vertex 87.80981308411215 2.5 0
      vertex 89.43313791383387 -56.134441893543524 0
    endloop
  endfacet
  facet normal 0 0 1
    outer loop
      vertex 1.6000000029802308 38.00000000298023 2
      vertex 74 55.5 2
      vertex 74 57.5 2
    endloop
  endfacet
  facet normal 0 0 1
    outer loop
      vertex 1.6000000029802308 38.00000000298023 2
      vertex 82 55.5 2
      vertex 74 55.5 2
    endloop
  endfacet
  facet normal 0 0 1
    outer loop
      vertex 1.6000000029802308 38.00000000298023 2
      vertex 82 47.5 2
      vertex 82 55.5 2
    endloop
  endfacet
  facet normal 0 0 1
    outer loop
      vertex 84 57.5 2
      vertex 88.85 60.75 2
      vertex 88.85983840942012 60.90010512105306 2
    endloop
  endfacet
  facet normal 0 0 1
    outer loop
      vertex 84 57.5 2
      vertex 88.85983840942012 60.90010512105306 2
      vertex 88.88918529976758 61.0476419018679 2
    endloop
  endfacet
  facet normal 0 0 1
    outer loop
      vertex 84 57.5 2
      vertex 88.85983840942012 60.59989487894694 2
      vertex 88.85 60.75 2
    endloop
  endfacet
  facet normal 0 0 1
    outer loop
      vertex 84 57.5 2
      vertex 88.88918529976758 60.4523580981321 2
      vertex 88.85983840942012 60.59989487894694 2
    endloop
  endfacet
  facet normal 0 0 1
    outer loop
      vertex 84 57.5 2
      vertex 88.93753853761201 60.309914052780144 2
      vertex 88.88918529976758 60.4523580981321 2
    endloop
  endfacet
  facet normal 0 0 1
    outer loop
      vertex 84 57.5 2
      vertex 89.08764365866507 60.04992435663997 2
      vertex 89.0040707856479 60.175 2
    endloop
  endfacet
  facet normal 0 0 1
    outer loop
      vertex 84 57.5 2
      vertex 89.0040707856479 60.175 2
      vertex 88.93753853761201 60.309914052780144 2
    endloop
  endfacet
  facet normal 0 0 1
    outer loop
      vertex 84 57.5 2
      vertex 89.18682720163547 59.936827201635474 2
      vertex 89.08764365866507 60.04992435663997 2
    endloop
  endfacet
  facet normal 0 0 1
    outer loop
      vertex 84 57.5 2
      vertex 89.29992435663998 59.83764365866508 2
      vertex 89.18682720163547 59.936827201635474 2
    endloop
  endfacet
  facet normal 0 0 1
    outer loop
      vertex 84 47.5 2
      vertex 89.425 59.7540707856479 2
      vertex 89.29992435663998 59.83764365866508 2
    endloop
  endfacet
  facet normal 0 0 1
    outer loop
      vertex 84 47.5 2
      vertex 89.55991405278014 59.68753853761202 2
      vertex 89.425 59.7540707856479 2
    endloop
  endfacet
  facet normal 0 0 1
    outer loop
      vertex 84 47.5 2
      vertex 89.7023580981321 59.63918529976757 2
      vertex 89.55991405278014 59.68753853761202 2
    endloop
  endfacet
  facet normal 0 0 1
    outer loop
      vertex 84 47.5 2
      vertex 89.84989487894694 59.60983840942012 2
      vertex 89.7023580981321 59.63918529976757 2
    endloop
  endfacet
  facet normal 0 0 1
    outer loop
      vertex 84 47.5 2
      vertex 90 59.6 2
      vertex 89.84989487894694 59.60983840942012 2
    endloop
  endfacet
  facet normal 0 0 1
    outer loop
      vertex 84 47.5 2
      vertex 90.15010512105306 59.60983840942012 2
      vertex 90 59.6 2
    endloop
  endfacet
  facet normal 0 0 1
    outer loop
      vertex 84 47.5 2
      vertex 90.2976419018679 59.63918529976757 2
      vertex 90.15010512105306 59.60983840942012 2
    endloop
  endfacet
  facet normal 0 0 1
    outer loop
      vertex 84 47.5 2
      vertex 90.91235634133493 60.04992435663997 2
      vertex 90.81317279836453 59.936827201635474 2
    endloop
  endfacet
  facet normal 0 0 1
    outer loop
      vertex 84 47.5 2
      vertex 90.44008594721986 59.68753853761202 2
      vertex 90.2976419018679 59.63918529976757 2
    endloop
  endfacet
  facet normal 0 0 1
    outer loop
      vertex 84 47.5 2
      vertex 90.575 59.7540707856479 2
      vertex 90.44008594721986 59.68753853761202 2
    endloop
  endfacet
  facet normal 0 0 1
    outer loop
      vertex 84 47.5 2
      vertex 90.81317279836453 59.936827201635474 2
      vertex 90.70007564336002 59.83764365866508 2
    endloop
  endfacet
  facet normal 0 0 1
    outer loop
      vertex 84 47.5 2
      vertex 90.70007564336002 59.83764365866508 2
      vertex 90.575 59.7540707856479 2
    endloop
  endfacet
  facet normal 0 0 1
    outer loop
      vertex 84 47.5 2
      vertex 90.9959292143521 60.175 2
      vertex 90.91235634133493 60.04992435663997 2
    endloop
  endfacet
  facet normal 0 0 1
    outer loop
      vertex 94.89999999850988 62.100000001490116 2
      vertex 90 61.9 2
      vertex 90.15010512105306 61.89016159057988 2
    endloop
  endfacet
  facet normal 0 0 1
    outer loop
      vertex 94.89999999850988 62.100000001490116 2
      vertex 90.2976419018679 61.86081470023243 2
      vertex 90.44008594721986 61.81246146238798 2
    endloop
  endfacet
  facet normal 0 0 1
    outer loop
      vertex 94.89999999850988 62.100000001490116 2
      vertex 90.15010512105306 61.89016159057988 2
      vertex 90.2976419018679 61.86081470023243 2
    endloop
  endfacet
  facet normal 0 0 1
    outer loop
      vertex 94.89999999850988 62.100000001490116 2
      vertex 90.575 61.7459292143521 2
      vertex 90.70007564336002 61.66235634133492 2
    endloop
  endfacet
  facet normal 0 0 1
    outer loop
      vertex 94.89999999850988 62.100000001490116 2
      vertex 90.44008594721986 61.81246146238798 2
      vertex 90.575 61.7459292143521 2
    endloop
  endfacet
  facet normal 0 0 1
    outer loop
      vertex 94.89999999850988 62.100000001490116 2
      vertex 90.81317279836453 61.563172798364526 2
      vertex 90.91235634133493 61.45007564336003 2
    endloop
  endfacet
  facet normal 0 0 1
    outer loop
      vertex 94.89999999850988 62.100000001490116 2
      vertex 90.70007564336002 61.66235634133492 2
      vertex 90.81317279836453 61.563172798364526 2
    endloop
  endfacet
  facet normal 0 0 1
    outer loop
      vertex 94.89999999850988 62.100000001490116 2
      vertex 90.91235634133493 61.45007564336003 2
      vertex 90.9959292143521 61.325 2
    endloop
  endfacet
  facet normal 0 0 1
    outer loop
      vertex 94.89999999850988 62.100000001490116 2
      vertex 91.06246146238799 61.190085947219856 2
      vertex 91.11081470023242 61.0476419018679 2
    endloop
  endfacet
  facet normal 0 0 1
    outer loop
      vertex 94.89999999850988 62.100000001490116 2
      vertex 90.9959292143521 61.325 2
      vertex 91.06246146238799 61.190085947219856 2
    endloop
  endfacet
  facet normal 0 0 1
    outer loop
      vertex 94.89999999850988 62.100000001490116 2
      vertex 91.11081470023242 61.0476419018679 2
      vertex 91.14016159057988 60.90010512105306 2
    endloop
  endfacet
  facet normal 0 0 1
    outer loop
      vertex 94.89999999850988 62.100000001490116 2
      vertex 91.14016159057988 60.90010512105306 2
      vertex 91.15 60.75 2
    endloop
  endfacet
  facet normal 0 0 1
    outer loop
      vertex 94.89999999850988 62.100000001490116 2
      vertex 91.15 60.75 2
      vertex 91.14016159057988 60.59989487894694 2
    endloop
  endfacet
  facet normal 0 0 1
    outer loop
      vertex 94.89999999850988 62.100000001490116 2
      vertex 91.14016159057988 60.59989487894694 2
      vertex 91.11081470023242 60.4523580981321 2
    endloop
  endfacet
  facet normal 0 0 1
    outer loop
      vertex 94.89999999850988 62.100000001490116 2
      vertex 91.11081470023242 60.4523580981321 2
      vertex 91.06246146238799 60.309914052780144 2
    endloop
  endfacet
  facet normal 0 0 1
    outer loop
      vertex 94.10000000149012 62.899999998509884 2
      vertex 94.30705523490906 62.87274066358805 2
      vertex 94.20442095398903 62.89315588772297 2
    endloop
  endfacet
  facet normal 0 0 1
    outer loop
      vertex 94.89999999850988 62.100000001490116 2
      vertex 91.06246146238799 60.309914052780144 2
      vertex 90.9959292143521 60.175 2
    endloop
  endfacet
  facet normal 0 0 1
    outer loop
      vertex 94.89999999850988 62.100000001490116 2
      vertex 90.9959292143521 60.175 2
      vertex 84 47.5 2
    endloop
  endfacet
  facet normal 0 0 1
    outer loop
      vertex 84 57.5 2
      vertex 84 47.5 2
      vertex 89.29992435663998 59.83764365866508 2
    endloop
  endfacet
  facet normal 0.0654031289415513 0.9978589232575188 0
    outer loop
      vertex 94.10000000149012 62.899999998509884 2
      vertex 94.20442095398903 62.89315588772297 2
      vertex 94.10000000149012 62.899999998509884 0
    endloop
  endfacet
  facet normal 0.1950902883977413 0.9807852870903427 0
    outer loop
      vertex 94.20442095398903 62.89315588772297 2
      vertex 94.30705523490906 62.87274066358805 2
      vertex 94.20442095398903 62.89315588772297 0
    endloop
  endfacet
  facet normal 0.3214394875653658 0.9469301219381053 0
    outer loop
      vertex 94.30705523490906 62.87274066358805 2
      vertex 94.40614674985409 62.83910362422466 2
      vertex 94.30705523490906 62.87274066358805 0
    endloop
  endfacet
  facet normal 0.4422886611100639 0.896872755887627 0
    outer loop
      vertex 94.40614674985409 62.83910362422466 2
      vertex 94.5 62.79282032698393 2
      vertex 94.40614674985409 62.83910362422466 0
    endloop
  endfacet
  facet normal 0.5555702466055247 0.831469603224722 0
    outer loop
      vertex 94.5 62.79282032698393 2
      vertex 94.58700914680958 62.73468267172575 2
      vertex 94.5 62.79282032698393 0
    endloop
  endfacet
  facet normal 0.6593458520432712 0.7518397750806569 0
    outer loop
      vertex 94.58700914680958 62.73468267172575 2
      vertex 94.66568542271852 62.665685422718525 2
      vertex 94.58700914680958 62.73468267172575 0
    endloop
  endfacet
  facet normal 0.7518397750806569 0.6593458520432712 0
    outer loop
      vertex 94.66568542271852 62.665685422718525 2
      vertex 94.73468267172575 62.58700914680958 2
      vertex 94.66568542271852 62.665685422718525 0
    endloop
  endfacet
  facet normal 0.831469603224722 0.5555702466055247 0
    outer loop
      vertex 94.73468267172575 62.58700914680958 2
      vertex 94.79282032698393 62.5 2
      vertex 94.73468267172575 62.58700914680958 0
    endloop
  endfacet
  facet normal 0.896872755887627 0.4422886611100639 0
    outer loop
      vertex 94.79282032698393 62.5 2
      vertex 94.83910362422466 62.40614674985409 2
      vertex 94.79282032698393 62.5 0
    endloop
  endfacet
  facet normal 0.9469301219381053 0.3214394875653658 0
    outer loop
      vertex 94.83910362422466 62.40614674985409 2
      vertex 94.87274066358805 62.30705523490906 2
      vertex 94.83910362422466 62.40614674985409 0
    endloop
  endfacet
  facet normal 0.9807852870903427 0.1950902883977413 0
    outer loop
      vertex 94.87274066358805 62.30705523490906 2
      vertex 94.89315588772297 62.20442095398903 2
      vertex 94.87274066358805 62.30705523490906 0
    endloop
  endfacet
  facet normal 0.9978589232575188 0.0654031289415513 0
    outer loop
      vertex 94.89315588772297 62.20442095398903 2
      vertex 94.89999999850988 62.100000001490116 2
      vertex 94.89315588772297 62.20442095398903 0
    endloop
  endfacet
  facet normal 0 1 0
    outer loop
      vertex 94.10000000149012 62.899999998509884 2
      vertex 89.71694713038328 62.899999998509884 0.022046740755751415
      vertex 89.60628899793751 62.899999998509884 0
    endloop
  endfacet
  facet normal 0 1 0
    outer loop
      vertex 94.10000000149012 62.899999998509884 2
      vertex 90 62.899999998509884 0.04095238247088062
      vertex 89.71694713038328 62.899999998509884 0.022046740755751415
    endloop
  endfacet
  facet normal 0 1 0
    outer loop
      vertex 94.10000000149012 62.899999998509884 2
      vertex 90.28305286961672 62.899999998509884 0.022046740755751415
      vertex 90 62.899999998509884 0.04095238247088062
    endloop
  endfacet
  facet normal 0 1 0
    outer loop
      vertex 94.10000000149012 62.899999998509884 2
      vertex 90.39371100206249 62.899999998509884 0
      vertex 90.28305286961672 62.899999998509884 0.022046740755751415
    endloop
  endfacet
  facet normal 0 1 0
    outer loop
      vertex 94.10000000149012 62.899999998509884 2
      vertex 94.10000000149012 62.899999998509884 0
      vertex 90.39371100206249 62.899999998509884 0
    endloop
  endfacet
  facet normal 0.1950902883977413 0.9807852870903427 0
    outer loop
      vertex 94.30705523490906 62.87274066358805 2
      vertex 94.30705523490906 62.87274066358805 0
      vertex 94.20442095398903 62.89315588772297 0
    endloop
  endfacet
  facet normal 0.0654031289415513 0.9978589232575188 0
    outer loop
      vertex 94.20442095398903 62.89315588772297 2
      vertex 94.20442095398903 62.89315588772297 0
      vertex 94.10000000149012 62.899999998509884 0
    endloop
  endfacet
  facet normal 0.3214394875653658 0.9469301219381053 0
    outer loop
      vertex 94.40614674985409 62.83910362422466 2
      vertex 94.40614674985409 62.83910362422466 0
      vertex 94.30705523490906 62.87274066358805 0
    endloop
  endfacet
  facet normal 0.4422886611100639 0.896872755887627 0
    outer loop
      vertex 94.5 62.79282032698393 2
      vertex 94.5 62.79282032698393 0
      vertex 94.40614674985409 62.83910362422466 0
    endloop
  endfacet
  facet normal 0.5555702466055247 0.831469603224722 0
    outer loop
      vertex 94.58700914680958 62.73468267172575 2
      vertex 94.58700914680958 62.73468267172575 0
      vertex 94.5 62.79282032698393 0
    endloop
  endfacet
  facet normal 0.6593458520432712 0.7518397750806569 0
    outer loop
      vertex 94.66568542271852 62.665685422718525 2
      vertex 94.66568542271852 62.665685422718525 0
      vertex 94.58700914680958 62.73468267172575 0
    endloop
  endfacet
  facet normal 0.7518397750806569 0.6593458520432712 0
    outer loop
      vertex 94.73468267172575 62.58700914680958 2
      vertex 94.73468267172575 62.58700914680958 0
      vertex 94.66568542271852 62.665685422718525 0
    endloop
  endfacet
  facet normal 0.831469603224722 0.5555702466055247 0
    outer loop
      vertex 94.79282032698393 62.5 2
      vertex 94.79282032698393 62.5 0
      vertex 94.73468267172575 62.58700914680958 0
    endloop
  endfacet
  facet normal 0.896872755887627 0.4422886611100639 0
    outer loop
      vertex 94.83910362422466 62.40614674985409 2
      vertex 94.83910362422466 62.40614674985409 0
      vertex 94.79282032698393 62.5 0
    endloop
  endfacet
  facet normal 0.9469301219381053 0.3214394875653658 0
    outer loop
      vertex 94.87274066358805 62.30705523490906 2
      vertex 94.87274066358805 62.30705523490906 0
      vertex 94.83910362422466 62.40614674985409 0
    endloop
  endfacet
  facet normal 0.9807852870903427 0.1950902883977413 0
    outer loop
      vertex 94.89315588772297 62.20442095398903 2
      vertex 94.89315588772297 62.20442095398903 0
      vertex 94.87274066358805 62.30705523490906 0
    endloop
  endfacet
  facet normal 0.9978589232575188 0.0654031289415513 0
    outer loop
      vertex 94.89999999850988 62.100000001490116 2
      vertex 94.89999999850988 62.100000001490116 0
      vertex 94.89315588772297 62.20442095398903 0
    endloop
  endfacet
  facet normal 0 0 -1
    outer loop
      vertex 94.30705523490906 62.87274066358805 0
      vertex 90.56686208616611 62.865558106456476 0
      vertex 90.39371100206249 62.899999998509884 0
    endloop
  endfacet
  facet normal 0 0 -1
    outer loop
      vertex 94.5 62.79282032698393 0
      vertex 90.83814824649308 62.773468863962805 0
      vertex 90.56686208616611 62.865558106456476 0
    endloop
  endfacet
  facet normal 0 0 -1
    outer loop
      vertex 94.66568542271852 62.665685422718525 0
      vertex 91.09509345794392 62.646757508195165 0
      vertex 90.83814824649308 62.773468863962805 0
    endloop
  endfacet
  facet normal 0 0 -1
    outer loop
      vertex 94.79282032698393 62.5 0
      vertex 91.33330131671208 62.48759210558178 0
      vertex 91.09509345794392 62.646757508195165 0
    endloop
  endfacet
  facet normal 0 0 -1
    outer loop
      vertex 94.87274066358805 62.30705523490906 0
      vertex 91.54869602029035 62.29869602029034 0
      vertex 91.33330131671208 62.48759210558178 0
    endloop
  endfacet
  facet normal 0 0 -1
    outer loop
      vertex 94.10000000149012 62.899999998509884 0
      vertex 94.30705523490906 62.87274066358805 0
      vertex 90.39371100206249 62.899999998509884 0
    endloop
  endfacet
  facet normal 0 0 -1
    outer loop
      vertex 94.30705523490906 62.87274066358805 0
      vertex 94.40614674985409 62.83910362422466 0
      vertex 90.56686208616611 62.865558106456476 0
    endloop
  endfacet
  facet normal 0 0 -1
    outer loop
      vertex 94.40614674985409 62.83910362422466 0
      vertex 94.5 62.79282032698393 0
      vertex 90.56686208616611 62.865558106456476 0
    endloop
  endfacet
  facet normal 0 0 -1
    outer loop
      vertex 94.5 62.79282032698393 0
      vertex 94.58700914680958 62.73468267172575 0
      vertex 90.83814824649308 62.773468863962805 0
    endloop
  endfacet
  facet normal 0 0 -1
    outer loop
      vertex 94.58700914680958 62.73468267172575 0
      vertex 94.66568542271852 62.665685422718525 0
      vertex 90.83814824649308 62.773468863962805 0
    endloop
  endfacet
  facet normal 0 0 -1
    outer loop
      vertex 94.89999999850988 62.100000001490116 0
      vertex 91.73759210558178 62.08330131671209 0
      vertex 91.54869602029035 62.29869602029034 0
    endloop
  endfacet
  facet normal 0 0 -1
    outer loop
      vertex 94.89999999850988 62.100000001490116 0
      vertex 91.89675750819518 61.845093457943925 0
      vertex 91.73759210558178 62.08330131671209 0
    endloop
  endfacet
  facet normal 0 0 -1
    outer loop
      vertex 94.89999999850988 62.100000001490116 0
      vertex 92.02346886396279 61.58814824649307 0
      vertex 91.89675750819518 61.845093457943925 0
    endloop
  endfacet
  facet normal 0 0 -1
    outer loop
      vertex 94.89999999850988 62.100000001490116 0
      vertex 92.11555810645648 61.316862086166125 0
      vertex 92.02346886396279 61.58814824649307 0
    endloop
  endfacet
  facet normal 0 0 -1
    outer loop
      vertex 94.89999999850988 62.100000001490116 0
      vertex 92.17144956320516 61.03587675838102 0
      vertex 92.11555810645648 61.316862086166125 0
    endloop
  endfacet
  facet normal 0 0 -1
    outer loop
      vertex 94.89999999850988 62.100000001490116 0
      vertex 92.19018691588785 60.75 0
      vertex 92.17144956320516 61.03587675838102 0
    endloop
  endfacet
  facet normal 0 0 -1
    outer loop
      vertex 94.66568542271852 62.665685422718525 0
      vertex 94.73468267172575 62.58700914680958 0
      vertex 91.09509345794392 62.646757508195165 0
    endloop
  endfacet
  facet normal 0 0 -1
    outer loop
      vertex 94.73468267172575 62.58700914680958 0
      vertex 94.79282032698393 62.5 0
      vertex 91.09509345794392 62.646757508195165 0
    endloop
  endfacet
  facet normal 0 0 -1
    outer loop
      vertex 94.79282032698393 62.5 0
      vertex 94.83910362422466 62.40614674985409 0
      vertex 91.33330131671208 62.48759210558178 0
    endloop
  endfacet
  facet normal 0 0 -1
    outer loop
      vertex 94.83910362422466 62.40614674985409 0
      vertex 94.87274066358805 62.30705523490906 0
      vertex 91.33330131671208 62.48759210558178 0
    endloop
  endfacet
  facet normal 0 0 -1
    outer loop
      vertex 94.87274066358805 62.30705523490906 0
      vertex 94.89315588772297 62.20442095398903 0
      vertex 91.54869602029035 62.29869602029034 0
    endloop
  endfacet
  facet normal 0 0 -1
    outer loop
      vertex 94.89315588772297 62.20442095398903 0
      vertex 94.89999999850988 62.100000001490116 0
      vertex 91.54869602029035 62.29869602029034 0
    endloop
  endfacet
  facet normal 0 0 -1
    outer loop
      vertex 94.10000000149012 62.899999998509884 0
      vertex 94.20442095398903 62.89315588772297 0
      vertex 94.30705523490906 62.87274066358805 0
    endloop
  endfacet
  facet normal 0 0 1
    outer loop
      vertex 82 47.5 2
      vertex 82 8.5 2
      vertex 84 47.5 2
    endloop
  endfacet
  facet normal 0 0 1
    outer loop
      vertex 94.89999999850988 62.100000001490116 2
      vertex 84 47.5 2
      vertex 82 8.5 2
    endloop
  endfacet
  facet normal 0 0 -1
    outer loop
      vertex 88.66669868328792 59.01240789441822 0
      vertex 88.45130397970965 4.0486960202903495 0
      vertex 88.45130397970965 59.20130397970966 0
    endloop
  endfacet
  facet normal 0 0 -1
    outer loop
      vertex 88.90490654205608 58.853242491804835 0
      vertex 88.66669868328792 4.237592105581784 0
      vertex 88.66669868328792 59.01240789441822 0
    endloop
  endfacet
  facet normal 0 0 -1
    outer loop
      vertex 92.02346886396279 59.91185175350693 0
      vertex 92.11555810645648 60.183137913833875 0
      vertex 89.43313791383387 4.6155581064564775 0
    endloop
  endfacet
  facet normal 0 0 -1
    outer loop
      vertex 91.89675750819518 59.654906542056075 0
      vertex 92.02346886396279 59.91185175350693 0
      vertex 89.43313791383387 4.6155581064564775 0
    endloop
  endfacet
  facet normal 0 0 -1
    outer loop
      vertex 92.19018691588785 60.75 0
      vertex 89.43313791383387 4.6155581064564775 0
      vertex 92.17144956320516 60.46412324161898 0
    endloop
  endfacet
  facet normal 0 0 -1
    outer loop
      vertex 92.17144956320516 60.46412324161898 0
      vertex 89.43313791383387 4.6155581064564775 0
      vertex 92.11555810645648 60.183137913833875 0
    endloop
  endfacet
  facet normal 0 0 -1
    outer loop
      vertex 89.16185175350692 58.726531136037195 0
      vertex 88.90490654205608 4.396757508195169 0
      vertex 88.90490654205608 58.853242491804835 0
    endloop
  endfacet
  facet normal 0 0 -1
    outer loop
      vertex 89.43313791383387 58.634441893543524 0
      vertex 89.16185175350692 4.523468863962802 0
      vertex 89.16185175350692 58.726531136037195 0
    endloop
  endfacet
  facet normal 0 0 -1
    outer loop
      vertex 89.71412324161898 58.57855043679484 0
      vertex 89.43313791383387 4.6155581064564775 0
      vertex 89.43313791383387 58.634441893543524 0
    endloop
  endfacet
  facet normal 0 0 -1
    outer loop
      vertex 90 58.55981308411215 0
      vertex 89.43313791383387 4.6155581064564775 0
      vertex 89.71412324161898 58.57855043679484 0
    endloop
  endfacet
  facet normal 0 0 -1
    outer loop
      vertex 90 58.55981308411215 0
      vertex 90.28587675838102 58.57855043679484 0
      vertex 89.43313791383387 4.6155581064564775 0
    endloop
  endfacet
  facet normal 0 0 -1
    outer loop
      vertex 90.28587675838102 58.57855043679484 0
      vertex 90.56686208616613 58.634441893543524 0
      vertex 89.43313791383387 4.6155581064564775 0
    endloop
  endfacet
  facet normal 0 0 -1
    outer loop
      vertex 90.56686208616613 58.634441893543524 0
      vertex 90.83814824649308 58.726531136037195 0
      vertex 89.43313791383387 4.6155581064564775 0
    endloop
  endfacet
  facet normal 0 0 -1
    outer loop
      vertex 91.09509345794392 58.853242491804835 0
      vertex 91.33330131671208 59.01240789441822 0
      vertex 89.43313791383387 4.6155581064564775 0
    endloop
  endfacet
  facet normal 0 0 -1
    outer loop
      vertex 91.33330131671208 59.01240789441822 0
      vertex 91.54869602029035 59.20130397970966 0
      vertex 89.43313791383387 4.6155581064564775 0
    endloop
  endfacet
  facet normal 0 0 -1
    outer loop
      vertex 91.54869602029035 59.20130397970966 0
      vertex 91.73759210558178 59.41669868328791 0
      vertex 89.43313791383387 4.6155581064564775 0
    endloop
  endfacet
  facet normal 0 0 -1
    outer loop
      vertex 91.73759210558178 59.41669868328791 0
      vertex 91.89675750819518 59.654906542056075 0
      vertex 89.43313791383387 4.6155581064564775 0
    endloop
  endfacet
  facet normal 0 0 -1
    outer loop
      vertex 90.83814824649308 58.726531136037195 0
      vertex 91.09509345794392 58.853242491804835 0
      vertex 89.43313791383387 4.6155581064564775 0
    endloop
  endfacet
  facet normal 0 0 -1
    outer loop
      vertex 94.89999999850988 62.100000001490116 0
      vertex 89.43313791383387 4.6155581064564775 0
      vertex 92.19018691588785 60.75 0
    endloop
  endfacet
  facet normal 0 0 1
    outer loop
      vertex 1.6000000029802308 38.00000000298023 2
      vertex 82 8.5 2
      vertex 82 47.5 2
    endloop
  endfacet
  facet normal 0 0 1
    outer loop
      vertex 94.89999999850988 62.100000001490116 2
      vertex 82 8.5 2
      vertex 84 8.5 2
    endloop
  endfacet
  facet normal 0 0 1
    outer loop
      vertex 94.89999999850988 62.100000001490116 2
      vertex 84 8.5 2
      vertex 89.7023580981321 3.6108147002324285 2
    endloop
  endfacet
  facet normal 0 0 1
    outer loop
      vertex 94.89999999850988 62.100000001490116 2
      vertex 89.7023580981321 3.6108147002324285 2
      vertex 89.84989487894694 3.640161590579882 2
    endloop
  endfacet
  facet normal 0 0 1
    outer loop
      vertex 94.89999999850988 62.100000001490116 2
      vertex 89.84989487894694 3.640161590579882 2
      vertex 90 3.65 2
    endloop
  endfacet
  facet normal 0 0 1
    outer loop
      vertex 94.89999999850988 62.100000001490116 2
      vertex 90 3.65 2
      vertex 90.15010512105306 3.640161590579882 2
    endloop
  endfacet
  facet normal 0 0 1
    outer loop
      vertex 94.89999999850988 62.100000001490116 2
      vertex 90.15010512105306 3.640161590579882 2
      vertex 90.2976419018679 3.6108147002324285 2
    endloop
  endfacet
  facet normal 0 0 1
    outer loop
      vertex 94.89999999850988 62.100000001490116 2
      vertex 90.2976419018679 3.6108147002324285 2
      vertex 90.44008594721986 3.5624614623879793 2
    endloop
  endfacet
  facet normal 0 0 1
    outer loop
      vertex 94.89999999850988 62.100000001490116 2
      vertex 90.44008594721986 3.5624614623879793 2
      vertex 90.575 3.4959292143521044 2
    endloop
  endfacet
  facet normal 0 0 1
    outer loop
      vertex 94.89999999850988 62.100000001490116 2
      vertex 90.575 3.4959292143521044 2
      vertex 90.70007564336002 3.4123563413349203 2
    endloop
  endfacet
  facet normal 0 0 1
    outer loop
      vertex 94.89999999850988 62.100000001490116 2
      vertex 90.70007564336002 3.4123563413349203 2
      vertex 90.81317279836453 3.31317279836453 2
    endloop
  endfacet
  facet normal 0 0 1
    outer loop
      vertex 94.89999999850988 62.100000001490116 2
      vertex 90.81317279836453 3.31317279836453 2
      vertex 90.91235634133493 3.200075643360029 2
    endloop
  endfacet
  facet normal 0 0 1
    outer loop
      vertex 94.89999999850988 62.100000001490116 2
      vertex 90.91235634133493 3.200075643360029 2
      vertex 90.9959292143521 3.075 2
    endloop
  endfacet
  facet normal 0 0 1
    outer loop
      vertex 94.89999999850988 62.100000001490116 2
      vertex 90.9959292143521 3.075 2
      vertex 91.06246146238799 2.940085947219853 2
    endloop
  endfacet
  facet normal 0 0 1
    outer loop
      vertex 94.89999999850988 62.100000001490116 2
      vertex 91.06246146238799 2.940085947219853 2
      vertex 91.11081470023242 2.797641901867899 2
    endloop
  endfacet
  facet normal 0 0 1
    outer loop
      vertex 94.89999999850988 62.100000001490116 2
      vertex 91.11081470023242 2.797641901867899 2
      vertex 91.14016159057988 2.650105121053059 2
    endloop
  endfacet
  facet normal 0 0 1
    outer loop
      vertex 94.89999999850988 62.100000001490116 2
      vertex 91.14016159057988 2.650105121053059 2
      vertex 91.15 2.5 2
    endloop
  endfacet
  facet normal 0 0 -1
    outer loop
      vertex 94.89999999850988 62.100000001490116 0
      vertex 89.71412324161898 4.671449563205162 0
      vertex 89.43313791383387 4.6155581064564775 0
    endloop
  endfacet
  facet normal 0 0 -1
    outer loop
      vertex 94.89999999850988 62.100000001490116 0
      vertex 90 4.690186915887849 0
      vertex 89.71412324161898 4.671449563205162 0
    endloop
  endfacet
  facet normal 0 0 -1
    outer loop
      vertex 94.89999999850988 62.100000001490116 0
      vertex 90.28587675838102 4.671449563205162 0
      vertex 90 4.690186915887849 0
    endloop
  endfacet
  facet normal 0 0 -1
    outer loop
      vertex 94.89999999850988 62.100000001490116 0
      vertex 90.56686208616613 4.6155581064564775 0
      vertex 90.28587675838102 4.671449563205162 0
    endloop
  endfacet
  facet normal 0 0 -1
    outer loop
      vertex 94.89999999850988 62.100000001490116 0
      vertex 90.83814824649308 4.523468863962802 0
      vertex 90.56686208616613 4.6155581064564775 0
    endloop
  endfacet
  facet normal 0 0 -1
    outer loop
      vertex 94.89999999850988 62.100000001490116 0
      vertex 91.09509345794392 4.396757508195169 0
      vertex 90.83814824649308 4.523468863962802 0
    endloop
  endfacet
  facet normal 1 0 0
    outer loop
      vertex 94.89999999850988 62.100000001490116 2
      vertex 94.89999999850988 -62.100000001490116 2
      vertex 94.89999999850988 62.100000001490116 0
    endloop
  endfacet
  facet normal 0 0 -1
    outer loop
      vertex 88.66669868328792 59.01240789441822 0
      vertex 88.66669868328792 4.237592105581784 0
      vertex 88.45130397970965 4.0486960202903495 0
    endloop
  endfacet
  facet normal 0 0 -1
    outer loop
      vertex 88.90490654205608 58.853242491804835 0
      vertex 88.90490654205608 4.396757508195169 0
      vertex 88.66669868328792 4.237592105581784 0
    endloop
  endfacet
  facet normal 0 0 -1
    outer loop
      vertex 89.16185175350692 58.726531136037195 0
      vertex 89.16185175350692 4.523468863962802 0
      vertex 88.90490654205608 4.396757508195169 0
    endloop
  endfacet
  facet normal 0 0 -1
    outer loop
      vertex 89.43313791383387 58.634441893543524 0
      vertex 89.43313791383387 4.6155581064564775 0
      vertex 89.16185175350692 4.523468863962802 0
    endloop
  endfacet
  facet normal 0 0 -1
    outer loop
      vertex 94.89999999850988 62.100000001490116 0
      vertex 91.33330131671208 4.237592105581784 0
      vertex 91.09509345794392 4.396757508195169 0
    endloop
  endfacet
  facet normal 0 0 -1
    outer loop
      vertex 94.89999999850988 62.100000001490116 0
      vertex 91.54869602029035 4.0486960202903495 0
      vertex 91.33330131671208 4.237592105581784 0
    endloop
  endfacet
  facet normal 0 0 -1
    outer loop
      vertex 94.89999999850988 62.100000001490116 0
      vertex 91.73759210558178 3.83330131671209 0
      vertex 91.54869602029035 4.0486960202903495 0
    endloop
  endfacet
  facet normal 0 0 -1
    outer loop
      vertex 94.89999999850988 62.100000001490116 0
      vertex 91.89675750819518 3.5950934579439244 0
      vertex 91.73759210558178 3.83330131671209 0
    endloop
  endfacet
  facet normal 0 0 -1
    outer loop
      vertex 94.89999999850988 62.100000001490116 0
      vertex 92.02346886396279 3.3381482464930725 0
      vertex 91.89675750819518 3.5950934579439244 0
    endloop
  endfacet
  facet normal 0 0 -1
    outer loop
      vertex 94.89999999850988 62.100000001490116 0
      vertex 92.11555810645648 3.066862086166128 0
      vertex 92.02346886396279 3.3381482464930725 0
    endloop
  endfacet
  facet normal 0 0 -1
    outer loop
      vertex 94.89999999850988 62.100000001490116 0
      vertex 92.17144956320516 2.78587675838102 0
      vertex 92.11555810645648 3.066862086166128 0
    endloop
  endfacet
  facet normal 0 0 -1
    outer loop
      vertex 94.89999999850988 62.100000001490116 0
      vertex 92.19018691588785 2.5 0
      vertex 92.17144956320516 2.78587675838102 0
    endloop
  endfacet
  facet normal 0 0 1
    outer loop
      vertex 84 8.5 2
      vertex 89.0040707856479 3.075 2
      vertex 89.08764365866507 3.200075643360029 2
    endloop
  endfacet
  facet normal 0 0 1
    outer loop
      vertex 84 8.5 2
      vertex 89.08764365866507 3.200075643360029 2
      vertex 89.18682720163547 3.31317279836453 2
    endloop
  endfacet
  facet normal 0 0 1
    outer loop
      vertex 84 8.5 2
      vertex 88.88918529976758 2.797641901867899 2
      vertex 88.93753853761201 2.940085947219853 2
    endloop
  endfacet
  facet normal 0 0 1
    outer loop
      vertex 84 8.5 2
      vertex 88.93753853761201 2.940085947219853 2
      vertex 89.0040707856479 3.075 2
    endloop
  endfacet
  facet normal 0 0 1
    outer loop
      vertex 84 8.5 2
      vertex 88.85 2.5 2
      vertex 88.85983840942012 2.650105121053059 2
    endloop
  endfacet
  facet normal 0 0 1
    outer loop
      vertex 84 8.5 2
      vertex 88.85983840942012 2.650105121053059 2
      vertex 88.88918529976758 2.797641901867899 2
    endloop
  endfacet
  facet normal 0 0 1
    outer loop
      vertex 84 8.5 2
      vertex 88.85983840942012 2.349894878946941 2
      vertex 88.85 2.5 2
    endloop
  endfacet
  facet normal 0 0 1
    outer loop
      vertex 84 8.5 2
      vertex 89.425 3.4959292143521044 2
      vertex 89.55991405278014 3.5624614623879793 2
    endloop
  endfacet
  facet normal 0 0 1
    outer loop
      vertex 84 8.5 2
      vertex 89.55991405278014 3.5624614623879793 2
      vertex 89.7023580981321 3.6108147002324285 2
    endloop
  endfacet
  facet normal 0 0 1
    outer loop
      vertex 84 8.5 2
      vertex 89.18682720163547 3.31317279836453 2
      vertex 89.29992435663998 3.4123563413349203 2
    endloop
  endfacet
  facet normal 0 0 1
    outer loop
      vertex 84 8.5 2
      vertex 89.29992435663998 3.4123563413349203 2
      vertex 89.425 3.4959292143521044 2
    endloop
  endfacet
  facet normal 0 0 1
    outer loop
      vertex 94.89999999850988 62.100000001490116 2
      vertex 91.15 2.5 2
      vertex 94.89999999850988 -62.100000001490116 2
    endloop
  endfacet
  facet normal 0 0 -1
    outer loop
      vertex 94.89999999850988 62.100000001490116 0
      vertex 94.89999999850988 -62.100000001490116 0
      vertex 92.19018691588785 2.5 0
    endloop
  endfacet
  facet normal 0 0 1
    outer loop
      vertex -0.10000000000000142 -19.2 2
      vertex 0.3999999999999986 -19.2 2
      vertex 0.3999999999999986 36.8 2
    endloop
  endfacet
  facet normal 0 0 1
    outer loop
      vertex -35.19030116872178 -23.343291419087272 2
      vertex 35.08518543427733 -23.652952387243694 2
      vertex 35.19030116872178 -23.343291419087272 2
    endloop
  endfacet
  facet normal 0 0 1
    outer loop
      vertex -35.08518543427733 -23.652952387243694 2
      vertex 35.021387846565474 -23.97368451944987 2
      vertex 35.08518543427733 -23.652952387243694 2
    endloop
  endfacet
  facet normal 0 0 1
    outer loop
      vertex -35.021387846565474 -23.97368451944987 2
      vertex 35 -24.299999999999997 2
      vertex 35.021387846565474 -23.97368451944987 2
    endloop
  endfacet
  facet normal 0 0 1
    outer loop
      vertex 82 8.5 2
      vertex 1.6000000029802308 -20.40000000298023 2
      vertex 36.543291419087275 -21.99030116872178 2
    endloop
  endfacet
  facet normal 0 0 1
    outer loop
      vertex 1.6000000029802308 -20.40000000298023 2
      vertex 35.9780964274782 -22.31661664927191 2
      vertex 36.25 -22.1349364905389 2
    endloop
  endfacet
  facet normal 0 0 1
    outer loop
      vertex 1.6000000029802308 -20.40000000298023 2
      vertex 36.25 -22.1349364905389 2
      vertex 36.543291419087275 -21.99030116872178 2
    endloop
  endfacet
  facet normal 0 0 1
    outer loop
      vertex 1.6000000029802308 -20.40000000298023 2
      vertex 35.73223304703363 -22.53223304703363 2
      vertex 35.9780964274782 -22.31661664927191 2
    endloop
  endfacet
  facet normal 0 0 1
    outer loop
      vertex 1.6000000029802308 -20.40000000298023 2
      vertex 35.3349364905389 -23.049999999999997 2
      vertex 35.51661664927191 -22.778096427478197 2
    endloop
  endfacet
  facet normal 0 0 1
    outer loop
      vertex 1.6000000029802308 -20.40000000298023 2
      vertex 35.51661664927191 -22.778096427478197 2
      vertex 35.73223304703363 -22.53223304703363 2
    endloop
  endfacet
  facet normal 0 0 1
    outer loop
      vertex 1.6000000029802308 -20.40000000298023 2
      vertex 35.19030116872178 -23.343291419087272 2
      vertex 35.3349364905389 -23.049999999999997 2
    endloop
  endfacet
  facet normal 0 0 -1
    outer loop
      vertex -87.88444189354352 60.183137913833875 0
      vertex 88.45130397970965 -56.70130397970966 0
      vertex 88.26240789441822 -56.91669868328791 0
    endloop
  endfacet
  facet normal 0 0 -1
    outer loop
      vertex -87.88444189354352 60.183137913833875 0
      vertex 88.26240789441822 -56.91669868328791 0
      vertex 88.10324249180482 -57.154906542056075 0
    endloop
  endfacet
  facet normal 0 0 -1
    outer loop
      vertex -88.90490654205608 58.853242491804835 0
      vertex 88.10324249180482 -57.154906542056075 0
      vertex 87.97653113603721 -57.41185175350693 0
    endloop
  endfacet
  facet normal 0 0 -1
    outer loop
      vertex -89.16185175350692 58.726531136037195 0
      vertex 87.97653113603721 -57.41185175350693 0
      vertex 87.88444189354352 -57.683137913833875 0
    endloop
  endfacet
  facet normal 0 0 -1
    outer loop
      vertex -89.43313791383387 58.634441893543524 0
      vertex 87.88444189354352 -57.683137913833875 0
      vertex 87.82855043679484 -57.96412324161898 0
    endloop
  endfacet
  facet normal 0 0 -1
    outer loop
      vertex -87.88444189354352 60.183137913833875 0
      vertex 88.66669868328792 -56.51240789441822 0
      vertex 88.45130397970965 -56.70130397970966 0
    endloop
  endfacet
  facet normal 0 0 -1
    outer loop
      vertex -87.88444189354352 60.183137913833875 0
      vertex 88.90490654205608 -56.353242491804835 0
      vertex 88.66669868328792 -56.51240789441822 0
    endloop
  endfacet
  facet normal 0 0 -1
    outer loop
      vertex -87.88444189354352 60.183137913833875 0
      vertex 89.43313791383387 -56.134441893543524 0
      vertex 89.16185175350692 -56.226531136037195 0
    endloop
  endfacet
  facet normal 0 0 -1
    outer loop
      vertex -87.88444189354352 60.183137913833875 0
      vertex 89.16185175350692 -56.226531136037195 0
      vertex 88.90490654205608 -56.353242491804835 0
    endloop
  endfacet
  facet normal 0 0 1
    outer loop
      vertex -35.73223304703363 -58.53223304703363 2
      vertex 35.021387846565474 -24.626315480550126 2
      vertex 35 -24.299999999999997 2
    endloop
  endfacet
  facet normal 0 0 1
    outer loop
      vertex -35.73223304703363 -58.53223304703363 2
      vertex 35.08518543427733 -24.9470476127563 2
      vertex 35.021387846565474 -24.626315480550126 2
    endloop
  endfacet
  facet normal 0 0 1
    outer loop
      vertex -35.73223304703363 -58.53223304703363 2
      vertex 35.19030116872178 -25.256708580912722 2
      vertex 35.08518543427733 -24.9470476127563 2
    endloop
  endfacet
  facet normal 0 0 1
    outer loop
      vertex -35.73223304703363 -58.53223304703363 2
      vertex 35.3349364905389 -25.549999999999997 2
      vertex 35.19030116872178 -25.256708580912722 2
    endloop
  endfacet
  facet normal 0 0 1
    outer loop
      vertex -35.73223304703363 -58.53223304703363 2
      vertex 35.51661664927191 -25.821903572521798 2
      vertex 35.3349364905389 -25.549999999999997 2
    endloop
  endfacet
  facet normal 0 0 1
    outer loop
      vertex -35.73223304703363 -58.53223304703363 2
      vertex 35.73223304703363 -26.067766952966366 2
      vertex 35.51661664927191 -25.821903572521798 2
    endloop
  endfacet
  facet normal 0 0 1
    outer loop
      vertex -35.73223304703363 -58.53223304703363 2
      vertex 35.9780964274782 -26.283383350728084 2
      vertex 35.73223304703363 -26.067766952966366 2
    endloop
  endfacet
  facet normal 0 0 1
    outer loop
      vertex -35.73223304703363 -58.53223304703363 2
      vertex 35.51661664927191 -58.7780964274782 2
      vertex 35.73223304703363 -58.53223304703363 2
    endloop
  endfacet
  facet normal 0 0 1
    outer loop
      vertex -35.51661664927191 -58.7780964274782 2
      vertex 35.3349364905389 -59.05 2
      vertex 35.51661664927191 -58.7780964274782 2
    endloop
  endfacet
  facet normal 0 0 1
    outer loop
      vertex -37.5 -62.8 2
      vertex 94.30705523490906 -62.87274066358805 2
      vertex -37.17368451944987 -62.77861215343452 2
    endloop
  endfacet
  facet normal 0 0 1
    outer loop
      vertex -35.3349364905389 -59.05 2
      vertex 35.19030116872178 -59.34329141908727 2
      vertex 35.3349364905389 -59.05 2
    endloop
  endfacet
  facet normal 0 0 1
    outer loop
      vertex -35.19030116872178 -59.34329141908727 2
      vertex 35.08518543427733 -59.652952387243694 2
      vertex 35.19030116872178 -59.34329141908727 2
    endloop
  endfacet
  facet normal 0 0 1
    outer loop
      vertex -35.08518543427733 -59.652952387243694 2
      vertex 35.021387846565474 -59.97368451944987 2
      vertex 35.08518543427733 -59.652952387243694 2
    endloop
  endfacet
  facet normal 0 0 1
    outer loop
      vertex -35.021387846565474 -59.97368451944987 2
      vertex 35 -60.3 2
      vertex 35.021387846565474 -59.97368451944987 2
    endloop
  endfacet
  facet normal 0 0 1
    outer loop
      vertex -35 -60.3 2
      vertex 35.021387846565474 -60.626315480550126 2
      vertex 35 -60.3 2
    endloop
  endfacet
  facet normal 0 0 1
    outer loop
      vertex -35.021387846565474 -60.626315480550126 2
      vertex 35.08518543427733 -60.9470476127563 2
      vertex 35.021387846565474 -60.626315480550126 2
    endloop
  endfacet
  facet normal 0 0 1
    outer loop
      vertex -35.08518543427733 -60.9470476127563 2
      vertex 35.19030116872178 -61.25670858091272 2
      vertex 35.08518543427733 -60.9470476127563 2
    endloop
  endfacet
  facet normal 0 0 1
    outer loop
      vertex -35.19030116872178 -61.25670858091272 2
      vertex 35.3349364905389 -61.55 2
      vertex 35.19030116872178 -61.25670858091272 2
    endloop
  endfacet
  facet normal 0 0 1
    outer loop
      vertex -35.3349364905389 -61.55 2
      vertex 35.51661664927191 -61.8219035725218 2
      vertex 35.3349364905389 -61.55 2
    endloop
  endfacet
  facet normal 0 0 1
    outer loop
      vertex -35.73223304703363 -58.53223304703363 2
      vertex 35.73223304703363 -58.53223304703363 2
      vertex 35.9780964274782 -26.283383350728084 2
    endloop
  endfacet
  facet normal 0 0 1
    outer loop
      vertex -35.51661664927191 -61.8219035725218 2
      vertex 35.73223304703363 -62.067766952966366 2
      vertex 35.51661664927191 -61.8219035725218 2
    endloop
  endfacet
  facet normal 0 0 1
    outer loop
      vertex -35.73223304703363 -62.067766952966366 2
      vertex 35.9780964274782 -62.28338335072809 2
      vertex 35.73223304703363 -62.067766952966366 2
    endloop
  endfacet
  facet normal 0 0 1
    outer loop
      vertex -35.73223304703363 -62.067766952966366 2
      vertex 36.25 -62.465063509461096 2
      vertex 35.9780964274782 -62.28338335072809 2
    endloop
  endfacet
  facet normal 0 0 1
    outer loop
      vertex -35.9780964274782 -62.28338335072809 2
      vertex 36.543291419087275 -62.609698831278216 2
      vertex 36.25 -62.465063509461096 2
    endloop
  endfacet
  facet normal 0 0 1
    outer loop
      vertex -36.25 -62.465063509461096 2
      vertex 36.8529523872437 -62.71481456572267 2
      vertex 36.543291419087275 -62.609698831278216 2
    endloop
  endfacet
  facet normal 0 0 1
    outer loop
      vertex -36.543291419087275 -62.609698831278216 2
      vertex 37.17368451944987 -62.77861215343452 2
      vertex 36.8529523872437 -62.71481456572267 2
    endloop
  endfacet
  facet normal 0 0 1
    outer loop
      vertex -36.8529523872437 -62.71481456572267 2
      vertex 37.5 -62.8 2
      vertex 37.17368451944987 -62.77861215343452 2
    endloop
  endfacet
  facet normal 0 0 1
    outer loop
      vertex 35.9780964274782 -26.283383350728084 2
      vertex 35.9780964274782 -58.31661664927191 2
      vertex 36.25 -26.465063509461093 2
    endloop
  endfacet
  facet normal 0 0 1
    outer loop
      vertex 36.25 -26.465063509461093 2
      vertex 36.25 -58.1349364905389 2
      vertex 36.543291419087275 -26.609698831278216 2
    endloop
  endfacet
  facet normal 0 0 1
    outer loop
      vertex 36.543291419087275 -26.609698831278216 2
      vertex 36.543291419087275 -57.99030116872178 2
      vertex 36.8529523872437 -26.71481456572267 2
    endloop
  endfacet
  facet normal 0 0 1
    outer loop
      vertex 36.8529523872437 -26.71481456572267 2
      vertex 36.8529523872437 -57.885185434277325 2
      vertex 37.17368451944987 -26.778612153434523 2
    endloop
  endfacet
  facet normal 0 0 1
    outer loop
      vertex 37.17368451944987 -26.778612153434523 2
      vertex 37.17368451944987 -57.82138784656547 2
      vertex 37.5 -26.799999999999997 2
    endloop
  endfacet
  facet normal 0 0 1
    outer loop
      vertex 37.5 -26.799999999999997 2
      vertex 37.5 -57.8 2
      vertex 37.82631548055013 -26.778612153434523 2
    endloop
  endfacet
  facet normal 0 0 1
    outer loop
      vertex 37.82631548055013 -26.778612153434523 2
      vertex 37.82631548055013 -57.82138784656547 2
      vertex 38.1470476127563 -26.71481456572267 2
    endloop
  endfacet
  facet normal 0 0 1
    outer loop
      vertex 38.1470476127563 -26.71481456572267 2
      vertex 38.1470476127563 -57.885185434277325 2
      vertex 38.456708580912725 -26.609698831278216 2
    endloop
  endfacet
  facet normal 0 0 1
    outer loop
      vertex 38.456708580912725 -26.609698831278216 2
      vertex 38.456708580912725 -57.99030116872178 2
      vertex 38.75 -26.465063509461093 2
    endloop
  endfacet
  facet normal 0 0 1
    outer loop
      vertex 38.75 -26.465063509461093 2
      vertex 38.75 -58.1349364905389 2
      vertex 39.0219035725218 -26.283383350728084 2
    endloop
  endfacet
  facet normal 0 0 1
    outer loop
      vertex 39.0219035725218 -26.283383350728084 2
      vertex 39.0219035725218 -58.31661664927191 2
      vertex 39.26776695296637 -26.067766952966366 2
    endloop
  endfacet
  facet normal 0 0 1
    outer loop
      vertex -94.40614674985409 -62.83910362422466 2
      vertex 94.10000000149012 -62.899999998509884 2
      vertex 94.20442095398903 -62.89315588772297 2
    endloop
  endfacet
  facet normal 0 0 1
    outer loop
      vertex -94.5 -62.79282032698393 2
      vertex 94.20442095398903 -62.89315588772297 2
      vertex 94.30705523490906 -62.87274066358805 2
    endloop
  endfacet
  facet normal 0 0 1
    outer loop
      vertex -37.17368451944987 -62.77861215343452 2
      vertex 94.40614674985409 -62.83910362422466 2
      vertex 37.5 -62.8 2
    endloop
  endfacet
  facet normal 0 0 1
    outer loop
      vertex 36.25 -26.465063509461093 2
      vertex 35.9780964274782 -58.31661664927191 2
      vertex 36.25 -58.1349364905389 2
    endloop
  endfacet
  facet normal 0 0 1
    outer loop
      vertex 35.9780964274782 -26.283383350728084 2
      vertex 35.73223304703363 -58.53223304703363 2
      vertex 35.9780964274782 -58.31661664927191 2
    endloop
  endfacet
  facet normal 0 0 1
    outer loop
      vertex 36.543291419087275 -26.609698831278216 2
      vertex 36.25 -58.1349364905389 2
      vertex 36.543291419087275 -57.99030116872178 2
    endloop
  endfacet
  facet normal 0 0 1
    outer loop
      vertex 36.8529523872437 -26.71481456572267 2
      vertex 36.543291419087275 -57.99030116872178 2
      vertex 36.8529523872437 -57.885185434277325 2
    endloop
  endfacet
  facet normal 0 0 1
    outer loop
      vertex 37.17368451944987 -26.778612153434523 2
      vertex 36.8529523872437 -57.885185434277325 2
      vertex 37.17368451944987 -57.82138784656547 2
    endloop
  endfacet
  facet normal 0 0 1
    outer loop
      vertex 37.5 -26.799999999999997 2
      vertex 37.17368451944987 -57.82138784656547 2
      vertex 37.5 -57.8 2
    endloop
  endfacet
  facet normal 0 0 1
    outer loop
      vertex 37.82631548055013 -26.778612153434523 2
      vertex 37.5 -57.8 2
      vertex 37.82631548055013 -57.82138784656547 2
    endloop
  endfacet
  facet normal 0 0 1
    outer loop
      vertex 38.1470476127563 -26.71481456572267 2
      vertex 37.82631548055013 -57.82138784656547 2
      vertex 38.1470476127563 -57.885185434277325 2
    endloop
  endfacet
  facet normal 0 0 1
    outer loop
      vertex 38.456708580912725 -26.609698831278216 2
      vertex 38.1470476127563 -57.885185434277325 2
      vertex 38.456708580912725 -57.99030116872178 2
    endloop
  endfacet
  facet normal 0 0 1
    outer loop
      vertex 38.75 -26.465063509461093 2
      vertex 38.456708580912725 -57.99030116872178 2
      vertex 38.75 -58.1349364905389 2
    endloop
  endfacet
  facet normal 0 0 1
    outer loop
      vertex 39.0219035725218 -26.283383350728084 2
      vertex 38.75 -58.1349364905389 2
      vertex 39.0219035725218 -58.31661664927191 2
    endloop
  endfacet
  facet normal 0 0 1
    outer loop
      vertex 39.26776695296637 -26.067766952966366 2
      vertex 39.0219035725218 -58.31661664927191 2
      vertex 39.26776695296637 -58.53223304703363 2
    endloop
  endfacet
  facet normal 0 0 1
    outer loop
      vertex 39.26776695296637 -26.067766952966366 2
      vertex 39.26776695296637 -58.53223304703363 2
      vertex 39.48338335072809 -58.7780964274782 2
    endloop
  endfacet
  facet normal 0 0 1
    outer loop
      vertex 39.26776695296637 -26.067766952966366 2
      vertex 39.48338335072809 -58.7780964274782 2
      vertex 39.6650635094611 -59.05 2
    endloop
  endfacet
  facet normal 0 0 1
    outer loop
      vertex 39.26776695296637 -26.067766952966366 2
      vertex 39.6650635094611 -59.05 2
      vertex 39.80969883127822 -59.34329141908727 2
    endloop
  endfacet
  facet normal 0 0 1
    outer loop
      vertex 39.26776695296637 -26.067766952966366 2
      vertex 39.80969883127822 -59.34329141908727 2
      vertex 39.91481456572267 -59.652952387243694 2
    endloop
  endfacet
  facet normal 0 0 1
    outer loop
      vertex 39.26776695296637 -26.067766952966366 2
      vertex 39.91481456572267 -59.652952387243694 2
      vertex 39.978612153434526 -59.97368451944987 2
    endloop
  endfacet
  facet normal 0 -1 0
    outer loop
      vertex -94.10000000149012 -62.899999998509884 2
      vertex 94.10000000149012 -62.899999998509884 0
      vertex 94.10000000149012 -62.899999998509884 2
    endloop
  endfacet
  facet normal 0 0 -1
    outer loop
      vertex -87.82855043679484 -57.96412324161898 0
      vertex 87.82855043679484 -57.96412324161898 0
      vertex 87.80981308411215 -58.25 0
    endloop
  endfacet
  facet normal 0 0 -1
    outer loop
      vertex -87.80981308411215 -58.25 0
      vertex 87.80981308411215 -58.25 0
      vertex 87.82855043679484 -58.53587675838102 0
    endloop
  endfacet
  facet normal 0 0 -1
    outer loop
      vertex -87.82855043679484 -58.53587675838102 0
      vertex 87.82855043679484 -58.53587675838102 0
      vertex 87.88444189354352 -58.816862086166125 0
    endloop
  endfacet
  facet normal 0 0 -1
    outer loop
      vertex -87.88444189354352 -58.816862086166125 0
      vertex 87.88444189354352 -58.816862086166125 0
      vertex 87.97653113603721 -59.08814824649307 0
    endloop
  endfacet
  facet normal 0 0 -1
    outer loop
      vertex -94.89999999850988 -62.100000001490116 0
      vertex 89.16185175350692 -60.273468863962805 0
      vertex 89.43313791383387 -60.365558106456476 0
    endloop
  endfacet
  facet normal 0 0 -1
    outer loop
      vertex -87.97653113603721 -59.08814824649307 0
      vertex 87.97653113603721 -59.08814824649307 0
      vertex 88.10324249180482 -59.345093457943925 0
    endloop
  endfacet
  facet normal 0 0 -1
    outer loop
      vertex -88.10324249180482 -59.345093457943925 0
      vertex 88.10324249180482 -59.345093457943925 0
      vertex 88.26240789441822 -59.58330131671209 0
    endloop
  endfacet
  facet normal 0 0 -1
    outer loop
      vertex -88.26240789441822 -59.58330131671209 0
      vertex 88.26240789441822 -59.58330131671209 0
      vertex 88.45130397970965 -59.79869602029034 0
    endloop
  endfacet
  facet normal 0 0 -1
    outer loop
      vertex -88.45130397970965 -59.79869602029034 0
      vertex 88.45130397970965 -59.79869602029034 0
      vertex 88.66669868328792 -59.98759210558178 0
    endloop
  endfacet
  facet normal 0 0 -1
    outer loop
      vertex -88.66669868328792 -59.98759210558178 0
      vertex 88.66669868328792 -59.98759210558178 0
      vertex 88.90490654205608 -60.146757508195165 0
    endloop
  endfacet
  facet normal 0 0 -1
    outer loop
      vertex -94.89999999850988 -62.100000001490116 0
      vertex 89.43313791383387 -60.365558106456476 0
      vertex 89.71412324161898 -60.42144956320516 0
    endloop
  endfacet
  facet normal 0 0 -1
    outer loop
      vertex -94.89999999850988 -62.100000001490116 0
      vertex 89.71412324161898 -60.42144956320516 0
      vertex 90 -60.44018691588785 0
    endloop
  endfacet
  facet normal 0 0 -1
    outer loop
      vertex -88.90490654205608 -60.146757508195165 0
      vertex 88.90490654205608 -60.146757508195165 0
      vertex 89.16185175350692 -60.273468863962805 0
    endloop
  endfacet
  facet normal 0 0 -1
    outer loop
      vertex -94.89999999850988 -62.100000001490116 0
      vertex 90 -60.44018691588785 0
      vertex 94.87274066358805 -62.30705523490906 0
    endloop
  endfacet
  facet normal 0 0 -1
    outer loop
      vertex -94.89999999850988 -62.100000001490116 0
      vertex 94.87274066358805 -62.30705523490906 0
      vertex 94.83910362422466 -62.40614674985409 0
    endloop
  endfacet
  facet normal 0 0 -1
    outer loop
      vertex -94.89315588772297 -62.20442095398903 0
      vertex 94.83910362422466 -62.40614674985409 0
      vertex 94.79282032698393 -62.5 0
    endloop
  endfacet
  facet normal 0 0 -1
    outer loop
      vertex -94.79282032698393 -62.5 0
      vertex 94.66568542271852 -62.665685422718525 0
      vertex 94.58700914680958 -62.73468267172575 0
    endloop
  endfacet
  facet normal 0 0 -1
    outer loop
      vertex -94.40614674985409 -62.83910362422466 0
      vertex 94.20442095398903 -62.89315588772297 0
      vertex 94.10000000149012 -62.899999998509884 0
    endloop
  endfacet
  facet normal 0 0 -1
    outer loop
      vertex -94.73468267172575 -62.58700914680958 0
      vertex 94.58700914680958 -62.73468267172575 0
      vertex 94.5 -62.79282032698393 0
    endloop
  endfacet
  facet normal 0 0 -1
    outer loop
      vertex -94.66568542271852 -62.665685422718525 0
      vertex 94.5 -62.79282032698393 0
      vertex 94.40614674985409 -62.83910362422466 0
    endloop
  endfacet
  facet normal 0 0 -1
    outer loop
      vertex -94.58700914680958 -62.73468267172575 0
      vertex 94.40614674985409 -62.83910362422466 0
      vertex 94.30705523490906 -62.87274066358805 0
    endloop
  endfacet
  facet normal 0 0 -1
    outer loop
      vertex -94.5 -62.79282032698393 0
      vertex 94.30705523490906 -62.87274066358805 0
      vertex 94.20442095398903 -62.89315588772297 0
    endloop
  endfacet
  facet normal 0 0 -1
    outer loop
      vertex -94.87274066358805 -62.30705523490906 0
      vertex 94.79282032698393 -62.5 0
      vertex 94.73468267172575 -62.58700914680958 0
    endloop
  endfacet
  facet normal 0 0 -1
    outer loop
      vertex -94.83910362422466 -62.40614674985409 0
      vertex 94.73468267172575 -62.58700914680958 0
      vertex 94.66568542271852 -62.665685422718525 0
    endloop
  endfacet
  facet normal 0 0 1
    outer loop
      vertex 37.17368451944987 -21.82138784656547 2
      vertex 37.5 -21.799999999999997 2
      vertex 82 -3.5 2
    endloop
  endfacet
  facet normal 0 0 1
    outer loop
      vertex 37.5 -21.799999999999997 2
      vertex 37.82631548055013 -21.82138784656547 2
      vertex 82 -3.5 2
    endloop
  endfacet
  facet normal 0 0 1
    outer loop
      vertex 82 8.5 2
      vertex 36.543291419087275 -21.99030116872178 2
      vertex 82 -3.5 2
    endloop
  endfacet
  facet normal 0 0 1
    outer loop
      vertex 36.543291419087275 -21.99030116872178 2
      vertex 36.8529523872437 -21.885185434277325 2
      vertex 82 -3.5 2
    endloop
  endfacet
  facet normal 0 0 1
    outer loop
      vertex 36.8529523872437 -21.885185434277325 2
      vertex 37.17368451944987 -21.82138784656547 2
      vertex 82 -3.5 2
    endloop
  endfacet
  facet normal 0 0 1
    outer loop
      vertex 37.82631548055013 -21.82138784656547 2
      vertex 38.1470476127563 -21.885185434277325 2
      vertex 82 -3.5 2
    endloop
  endfacet
  facet normal 0 0 1
    outer loop
      vertex 38.1470476127563 -21.885185434277325 2
      vertex 38.456708580912725 -21.99030116872178 2
      vertex 82 -3.5 2
    endloop
  endfacet
  facet normal 0 0 1
    outer loop
      vertex 38.456708580912725 -21.99030116872178 2
      vertex 38.75 -22.1349364905389 2
      vertex 82 -3.5 2
    endloop
  endfacet
  facet normal 0 0 1
    outer loop
      vertex 38.75 -22.1349364905389 2
      vertex 39.0219035725218 -22.31661664927191 2
      vertex 82 -3.5 2
    endloop
  endfacet
  facet normal 0 0 1
    outer loop
      vertex 39.0219035725218 -22.31661664927191 2
      vertex 39.26776695296637 -22.53223304703363 2
      vertex 82 -3.5 2
    endloop
  endfacet
  facet normal 0 0 1
    outer loop
      vertex 39.26776695296637 -22.53223304703363 2
      vertex 39.48338335072809 -22.778096427478197 2
      vertex 82 -3.5 2
    endloop
  endfacet
  facet normal 0 0 1
    outer loop
      vertex 39.48338335072809 -22.778096427478197 2
      vertex 39.6650635094611 -23.049999999999997 2
      vertex 82 -3.5 2
    endloop
  endfacet
  facet normal 0 0 1
    outer loop
      vertex 39.6650635094611 -23.049999999999997 2
      vertex 39.80969883127822 -23.343291419087272 2
      vertex 82 -3.5 2
    endloop
  endfacet
  facet normal 0 0 1
    outer loop
      vertex 39.80969883127822 -23.343291419087272 2
      vertex 39.91481456572267 -23.652952387243694 2
      vertex 82 -3.5 2
    endloop
  endfacet
  facet normal 0 0 1
    outer loop
      vertex 39.91481456572267 -23.652952387243694 2
      vertex 39.978612153434526 -23.97368451944987 2
      vertex 82 -3.5 2
    endloop
  endfacet
  facet normal 0 0 1
    outer loop
      vertex 39.978612153434526 -23.97368451944987 2
      vertex 40 -24.299999999999997 2
      vertex 82 -3.5 2
    endloop
  endfacet
  facet normal 0 0 1
    outer loop
      vertex 40 -24.299999999999997 2
      vertex 39.978612153434526 -24.626315480550126 2
      vertex 82 -3.5 2
    endloop
  endfacet
  facet normal 0 0 1
    outer loop
      vertex 39.978612153434526 -24.626315480550126 2
      vertex 82 -42.5 2
      vertex 82 -3.5 2
    endloop
  endfacet
  facet normal 0 0 1
    outer loop
      vertex 82 -3.5 2
      vertex 82 -42.5 2
      vertex 84 -42.5 2
    endloop
  endfacet
  facet normal 0 0 1
    outer loop
      vertex 84 8.5 2
      vertex 84 -3.5 2
      vertex 94.89999999850988 -62.100000001490116 2
    endloop
  endfacet
  facet normal 0 0 1
    outer loop
      vertex 82 -3.5 2
      vertex 94.89999999850988 -62.100000001490116 2
      vertex 84 -3.5 2
    endloop
  endfacet
  facet normal 0 0 1
    outer loop
      vertex 84 8.5 2
      vertex 94.89999999850988 -62.100000001490116 2
      vertex 88.85983840942012 2.349894878946941 2
    endloop
  endfacet
  facet normal 0 0 1
    outer loop
      vertex 94.89999999850988 -62.100000001490116 2
      vertex 88.88918529976758 2.202358098132101 2
      vertex 88.85983840942012 2.349894878946941 2
    endloop
  endfacet
  facet normal 0 0 1
    outer loop
      vertex 94.89999999850988 -62.100000001490116 2
      vertex 88.93753853761201 2.059914052780147 2
      vertex 88.88918529976758 2.202358098132101 2
    endloop
  endfacet
  facet normal 0 0 1
    outer loop
      vertex 94.89999999850988 -62.100000001490116 2
      vertex 89.0040707856479 1.925 2
      vertex 88.93753853761201 2.059914052780147 2
    endloop
  endfacet
  facet normal 0 0 1
    outer loop
      vertex 94.89999999850988 -62.100000001490116 2
      vertex 89.08764365866507 1.7999243566399712 2
      vertex 89.0040707856479 1.925 2
    endloop
  endfacet
  facet normal 0 0 1
    outer loop
      vertex 94.89999999850988 -62.100000001490116 2
      vertex 89.18682720163547 1.6868272016354704 2
      vertex 89.08764365866507 1.7999243566399712 2
    endloop
  endfacet
  facet normal 0 0 1
    outer loop
      vertex 94.89999999850988 -62.100000001490116 2
      vertex 89.29992435663998 1.5876436586650797 2
      vertex 89.18682720163547 1.6868272016354704 2
    endloop
  endfacet
  facet normal 0 0 1
    outer loop
      vertex 94.89999999850988 -62.100000001490116 2
      vertex 91.15 2.5 2
      vertex 91.14016159057988 2.349894878946941 2
    endloop
  endfacet
  facet normal 0 0 1
    outer loop
      vertex 94.89999999850988 -62.100000001490116 2
      vertex 90.9959292143521 1.925 2
      vertex 90.91235634133493 1.7999243566399712 2
    endloop
  endfacet
  facet normal 0 0 1
    outer loop
      vertex 94.89999999850988 -62.100000001490116 2
      vertex 90.81317279836453 1.6868272016354704 2
      vertex 90.70007564336002 1.5876436586650797 2
    endloop
  endfacet
  facet normal 0 0 1
    outer loop
      vertex 94.89999999850988 -62.100000001490116 2
      vertex 90.91235634133493 1.7999243566399712 2
      vertex 90.81317279836453 1.6868272016354704 2
    endloop
  endfacet
  facet normal 0 0 1
    outer loop
      vertex 94.89999999850988 -62.100000001490116 2
      vertex 91.11081470023242 2.202358098132101 2
      vertex 91.06246146238799 2.059914052780147 2
    endloop
  endfacet
  facet normal 0 0 1
    outer loop
      vertex 94.89999999850988 -62.100000001490116 2
      vertex 91.14016159057988 2.349894878946941 2
      vertex 91.11081470023242 2.202358098132101 2
    endloop
  endfacet
  facet normal 0 0 1
    outer loop
      vertex 94.89999999850988 -62.100000001490116 2
      vertex 91.06246146238799 2.059914052780147 2
      vertex 90.9959292143521 1.925 2
    endloop
  endfacet
  facet normal 0 0 1
    outer loop
      vertex 94.89999999850988 -62.100000001490116 2
      vertex 89.425 1.5040707856478956 2
      vertex 89.29992435663998 1.5876436586650797 2
    endloop
  endfacet
  facet normal 0 0 1
    outer loop
      vertex 94.89999999850988 -62.100000001490116 2
      vertex 89.55991405278014 1.4375385376120204 2
      vertex 89.425 1.5040707856478956 2
    endloop
  endfacet
  facet normal 0 0 1
    outer loop
      vertex 94.89999999850988 -62.100000001490116 2
      vertex 89.7023580981321 1.3891852997675715 2
      vertex 89.55991405278014 1.4375385376120204 2
    endloop
  endfacet
  facet normal 0 0 1
    outer loop
      vertex 94.89999999850988 -62.100000001490116 2
      vertex 89.84989487894694 1.3598384094201181 2
      vertex 89.7023580981321 1.3891852997675715 2
    endloop
  endfacet
  facet normal 0 0 1
    outer loop
      vertex 94.89999999850988 -62.100000001490116 2
      vertex 90 1.35 2
      vertex 89.84989487894694 1.3598384094201181 2
    endloop
  endfacet
  facet normal 0 0 1
    outer loop
      vertex 94.89999999850988 -62.100000001490116 2
      vertex 90.15010512105306 1.3598384094201181 2
      vertex 90 1.35 2
    endloop
  endfacet
  facet normal 0 0 1
    outer loop
      vertex 94.89999999850988 -62.100000001490116 2
      vertex 90.44008594721986 1.4375385376120204 2
      vertex 90.2976419018679 1.3891852997675715 2
    endloop
  endfacet
  facet normal 0 0 1
    outer loop
      vertex 94.89999999850988 -62.100000001490116 2
      vertex 90.2976419018679 1.3891852997675715 2
      vertex 90.15010512105306 1.3598384094201181 2
    endloop
  endfacet
  facet normal 0 0 1
    outer loop
      vertex 94.89999999850988 -62.100000001490116 2
      vertex 90.575 1.5040707856478956 2
      vertex 90.44008594721986 1.4375385376120204 2
    endloop
  endfacet
  facet normal 0 0 1
    outer loop
      vertex 94.89999999850988 -62.100000001490116 2
      vertex 90.70007564336002 1.5876436586650797 2
      vertex 90.575 1.5040707856478956 2
    endloop
  endfacet
  facet normal 0 0 -1
    outer loop
      vertex 87.80981308411215 2.5 0
      vertex 87.82855043679484 2.21412324161898 0
      vertex 89.43313791383387 -56.134441893543524 0
    endloop
  endfacet
  facet normal 0 0 -1
    outer loop
      vertex 87.82855043679484 2.21412324161898 0
      vertex 87.88444189354352 1.933137913833872 0
      vertex 89.43313791383387 -56.134441893543524 0
    endloop
  endfacet
  facet normal 0 0 -1
    outer loop
      vertex 87.97653113603721 1.6618517535069277 0
      vertex 89.43313791383387 -56.134441893543524 0
      vertex 87.88444189354352 1.933137913833872 0
    endloop
  endfacet
  facet normal 0 0 -1
    outer loop
      vertex 88.10324249180482 1.4049065420560753 0
      vertex 89.43313791383387 -56.134441893543524 0
      vertex 87.97653113603721 1.6618517535069277 0
    endloop
  endfacet
  facet normal 0 0 -1
    outer loop
      vertex 88.26240789441822 1.1666986832879105 0
      vertex 89.43313791383387 -56.134441893543524 0
      vertex 88.10324249180482 1.4049065420560753 0
    endloop
  endfacet
  facet normal 0 0 -1
    outer loop
      vertex 88.45130397970965 0.9513039797096512 0
      vertex 89.43313791383387 -56.134441893543524 0
      vertex 88.26240789441822 1.1666986832879105 0
    endloop
  endfacet
  facet normal 0 0 -1
    outer loop
      vertex 88.66669868328792 0.7624078944182163 0
      vertex 89.43313791383387 -56.134441893543524 0
      vertex 88.45130397970965 0.9513039797096512 0
    endloop
  endfacet
  facet normal 0 0 -1
    outer loop
      vertex 94.89999999850988 -62.100000001490116 0
      vertex 92.17144956320516 2.21412324161898 0
      vertex 92.19018691588785 2.5 0
    endloop
  endfacet
  facet normal 0 0 -1
    outer loop
      vertex 94.89999999850988 -62.100000001490116 0
      vertex 92.02346886396279 1.6618517535069277 0
      vertex 92.11555810645648 1.933137913833872 0
    endloop
  endfacet
  facet normal 0 0 -1
    outer loop
      vertex 94.89999999850988 -62.100000001490116 0
      vertex 92.11555810645648 1.933137913833872 0
      vertex 92.17144956320516 2.21412324161898 0
    endloop
  endfacet
  facet normal 1 0 0
    outer loop
      vertex 94.89999999850988 62.100000001490116 0
      vertex 94.89999999850988 -62.100000001490116 2
      vertex 94.89999999850988 -62.100000001490116 0
    endloop
  endfacet
  facet normal 0 0 -1
    outer loop
      vertex 94.89999999850988 -62.100000001490116 0
      vertex 88.66669868328792 0.7624078944182163 0
      vertex 88.90490654205608 0.6032424918048311 0
    endloop
  endfacet
  facet normal 0 0 -1
    outer loop
      vertex 94.89999999850988 -62.100000001490116 0
      vertex 88.90490654205608 0.6032424918048311 0
      vertex 89.16185175350692 0.47653113603719716 0
    endloop
  endfacet
  facet normal 0 0 -1
    outer loop
      vertex 94.89999999850988 -62.100000001490116 0
      vertex 89.16185175350692 0.47653113603719716 0
      vertex 89.43313791383387 0.384441893543523 0
    endloop
  endfacet
  facet normal 0 0 -1
    outer loop
      vertex 94.89999999850988 -62.100000001490116 0
      vertex 89.43313791383387 0.384441893543523 0
      vertex 89.71412324161898 0.3285504367948383 0
    endloop
  endfacet
  facet normal 0 0 -1
    outer loop
      vertex 94.89999999850988 -62.100000001490116 0
      vertex 89.71412324161898 0.3285504367948383 0
      vertex 90 0.30981308411215086 0
    endloop
  endfacet
  facet normal 0 0 -1
    outer loop
      vertex 94.89999999850988 -62.100000001490116 0
      vertex 90 0.30981308411215086 0
      vertex 90.28587675838102 0.3285504367948383 0
    endloop
  endfacet
  facet normal 0 0 -1
    outer loop
      vertex 94.89999999850988 -62.100000001490116 0
      vertex 90.28587675838102 0.3285504367948383 0
      vertex 90.56686208616613 0.384441893543523 0
    endloop
  endfacet
  facet normal 0 0 -1
    outer loop
      vertex 94.89999999850988 -62.100000001490116 0
      vertex 91.33330131671208 0.7624078944182163 0
      vertex 91.54869602029035 0.9513039797096512 0
    endloop
  endfacet
  facet normal 0 0 -1
    outer loop
      vertex 94.89999999850988 -62.100000001490116 0
      vertex 90.83814824649308 0.47653113603719716 0
      vertex 91.09509345794392 0.6032424918048311 0
    endloop
  endfacet
  facet normal 0 0 -1
    outer loop
      vertex 94.89999999850988 -62.100000001490116 0
      vertex 90.56686208616613 0.384441893543523 0
      vertex 90.83814824649308 0.47653113603719716 0
    endloop
  endfacet
  facet normal 0 0 -1
    outer loop
      vertex 94.89999999850988 -62.100000001490116 0
      vertex 91.09509345794392 0.6032424918048311 0
      vertex 91.33330131671208 0.7624078944182163 0
    endloop
  endfacet
  facet normal 0 0 -1
    outer loop
      vertex 94.89999999850988 -62.100000001490116 0
      vertex 91.73759210558178 1.1666986832879105 0
      vertex 91.89675750819518 1.4049065420560753 0
    endloop
  endfacet
  facet normal 0 0 -1
    outer loop
      vertex 94.89999999850988 -62.100000001490116 0
      vertex 91.89675750819518 1.4049065420560753 0
      vertex 92.02346886396279 1.6618517535069277 0
    endloop
  endfacet
  facet normal 0 0 -1
    outer loop
      vertex 94.89999999850988 -62.100000001490116 0
      vertex 91.54869602029035 0.9513039797096512 0
      vertex 91.73759210558178 1.1666986832879105 0
    endloop
  endfacet
  facet normal 0 0 1
    outer loop
      vertex 39.978612153434526 -24.626315480550126 2
      vertex 39.91481456572267 -24.9470476127563 2
      vertex 82 -50.5 2
    endloop
  endfacet
  facet normal 0 0 1
    outer loop
      vertex 39.91481456572267 -24.9470476127563 2
      vertex 39.80969883127822 -25.256708580912722 2
      vertex 82 -50.5 2
    endloop
  endfacet
  facet normal 0 0 1
    outer loop
      vertex 39.6650635094611 -25.549999999999997 2
      vertex 82 -50.5 2
      vertex 39.80969883127822 -25.256708580912722 2
    endloop
  endfacet
  facet normal 0 0 1
    outer loop
      vertex 39.6650635094611 -25.549999999999997 2
      vertex 39.48338335072809 -25.821903572521798 2
      vertex 82 -50.5 2
    endloop
  endfacet
  facet normal 0 0 1
    outer loop
      vertex 39.26776695296637 -26.067766952966366 2
      vertex 82 -50.5 2
      vertex 39.48338335072809 -25.821903572521798 2
    endloop
  endfacet
  facet normal 0 0 1
    outer loop
      vertex 39.26776695296637 -26.067766952966366 2
      vertex 39.978612153434526 -59.97368451944987 2
      vertex 74 -50.5 2
    endloop
  endfacet
  facet normal 0 0 1
    outer loop
      vertex 39.978612153434526 -24.626315480550126 2
      vertex 82 -50.5 2
      vertex 82 -42.5 2
    endloop
  endfacet
  facet normal 0 0 1
    outer loop
      vertex 39.26776695296637 -26.067766952966366 2
      vertex 74 -50.5 2
      vertex 82 -50.5 2
    endloop
  endfacet
  facet normal 0 0 1
    outer loop
      vertex -37.17368451944987 -62.77861215343452 2
      vertex 94.30705523490906 -62.87274066358805 2
      vertex 94.40614674985409 -62.83910362422466 2
    endloop
  endfacet
  facet normal 0 0 1
    outer loop
      vertex 39.978612153434526 -59.97368451944987 2
      vertex 40 -60.3 2
      vertex 94.87274066358805 -62.30705523490906 2
    endloop
  endfacet
  facet normal 0 0 1
    outer loop
      vertex 37.5 -62.8 2
      vertex 94.40614674985409 -62.83910362422466 2
      vertex 37.82631548055013 -62.77861215343452 2
    endloop
  endfacet
  facet normal 0 0 1
    outer loop
      vertex 37.82631548055013 -62.77861215343452 2
      vertex 94.40614674985409 -62.83910362422466 2
      vertex 38.1470476127563 -62.71481456572267 2
    endloop
  endfacet
  facet normal 0 0 1
    outer loop
      vertex 38.1470476127563 -62.71481456572267 2
      vertex 94.5 -62.79282032698393 2
      vertex 38.456708580912725 -62.609698831278216 2
    endloop
  endfacet
  facet normal 0 0 1
    outer loop
      vertex 39.26776695296637 -62.067766952966366 2
      vertex 39.0219035725218 -62.28338335072809 2
      vertex 94.83910362422466 -62.40614674985409 2
    endloop
  endfacet
  facet normal 0 0 1
    outer loop
      vertex 38.456708580912725 -62.609698831278216 2
      vertex 94.66568542271852 -62.665685422718525 2
      vertex 38.75 -62.465063509461096 2
    endloop
  endfacet
  facet normal 0 0 1
    outer loop
      vertex 39.0219035725218 -62.28338335072809 2
      vertex 38.75 -62.465063509461096 2
      vertex 94.73468267172575 -62.58700914680958 2
    endloop
  endfacet
  facet normal 0 0 1
    outer loop
      vertex 40 -60.3 2
      vertex 39.978612153434526 -60.626315480550126 2
      vertex 94.87274066358805 -62.30705523490906 2
    endloop
  endfacet
  facet normal 0 0 1
    outer loop
      vertex 39.978612153434526 -60.626315480550126 2
      vertex 39.91481456572267 -60.9470476127563 2
      vertex 94.87274066358805 -62.30705523490906 2
    endloop
  endfacet
  facet normal 0 0 1
    outer loop
      vertex 39.91481456572267 -60.9470476127563 2
      vertex 39.80969883127822 -61.25670858091272 2
      vertex 94.87274066358805 -62.30705523490906 2
    endloop
  endfacet
  facet normal 0 0 1
    outer loop
      vertex 39.6650635094611 -61.55 2
      vertex 39.48338335072809 -61.8219035725218 2
      vertex 94.87274066358805 -62.30705523490906 2
    endloop
  endfacet
  facet normal 0 0 1
    outer loop
      vertex 39.80969883127822 -61.25670858091272 2
      vertex 39.6650635094611 -61.55 2
      vertex 94.87274066358805 -62.30705523490906 2
    endloop
  endfacet
  facet normal 0 0 1
    outer loop
      vertex 39.48338335072809 -61.8219035725218 2
      vertex 39.26776695296637 -62.067766952966366 2
      vertex 94.87274066358805 -62.30705523490906 2
    endloop
  endfacet
  facet normal 0 0 1
    outer loop
      vertex 39.978612153434526 -59.97368451944987 2
      vertex 74 -52.5 2
      vertex 74 -50.5 2
    endloop
  endfacet
  facet normal 0 0 1
    outer loop
      vertex 39.978612153434526 -59.97368451944987 2
      vertex 94.87274066358805 -62.30705523490906 2
      vertex 74 -52.5 2
    endloop
  endfacet
  facet normal 0 0 1
    outer loop
      vertex 82 -3.5 2
      vertex 84 -42.5 2
      vertex 94.89999999850988 -62.100000001490116 2
    endloop
  endfacet
  facet normal 0 0 -1
    outer loop
      vertex 88.66669868328792 0.7624078944182163 0
      vertex 89.71412324161898 -56.07855043679484 0
      vertex 89.43313791383387 -56.134441893543524 0
    endloop
  endfacet
  facet normal 0 0 -1
    outer loop
      vertex 88.66669868328792 0.7624078944182163 0
      vertex 90 -56.05981308411215 0
      vertex 89.71412324161898 -56.07855043679484 0
    endloop
  endfacet
  facet normal 0 0 -1
    outer loop
      vertex 88.66669868328792 0.7624078944182163 0
      vertex 90.28587675838102 -56.07855043679484 0
      vertex 90 -56.05981308411215 0
    endloop
  endfacet
  facet normal 0 0 -1
    outer loop
      vertex 88.66669868328792 0.7624078944182163 0
      vertex 90.56686208616613 -56.134441893543524 0
      vertex 90.28587675838102 -56.07855043679484 0
    endloop
  endfacet
  facet normal 0 0 -1
    outer loop
      vertex 88.66669868328792 0.7624078944182163 0
      vertex 90.83814824649308 -56.226531136037195 0
      vertex 90.56686208616613 -56.134441893543524 0
    endloop
  endfacet
  facet normal 0 0 -1
    outer loop
      vertex 88.66669868328792 0.7624078944182163 0
      vertex 91.09509345794392 -56.353242491804835 0
      vertex 90.83814824649308 -56.226531136037195 0
    endloop
  endfacet
  facet normal 0 0 -1
    outer loop
      vertex 88.66669868328792 0.7624078944182163 0
      vertex 91.33330131671208 -56.51240789441822 0
      vertex 91.09509345794392 -56.353242491804835 0
    endloop
  endfacet
  facet normal 0 0 -1
    outer loop
      vertex 88.66669868328792 0.7624078944182163 0
      vertex 91.54869602029035 -56.70130397970966 0
      vertex 91.33330131671208 -56.51240789441822 0
    endloop
  endfacet
  facet normal 0 0 -1
    outer loop
      vertex 88.66669868328792 0.7624078944182163 0
      vertex 91.73759210558178 -56.91669868328791 0
      vertex 91.54869602029035 -56.70130397970966 0
    endloop
  endfacet
  facet normal 0 0 -1
    outer loop
      vertex 88.66669868328792 0.7624078944182163 0
      vertex 91.89675750819518 -57.154906542056075 0
      vertex 91.73759210558178 -56.91669868328791 0
    endloop
  endfacet
  facet normal 0 0 -1
    outer loop
      vertex 88.66669868328792 0.7624078944182163 0
      vertex 92.02346886396279 -57.41185175350693 0
      vertex 91.89675750819518 -57.154906542056075 0
    endloop
  endfacet
  facet normal 0 0 -1
    outer loop
      vertex 88.66669868328792 0.7624078944182163 0
      vertex 92.11555810645648 -57.683137913833875 0
      vertex 92.02346886396279 -57.41185175350693 0
    endloop
  endfacet
  facet normal 0 0 -1
    outer loop
      vertex 88.66669868328792 0.7624078944182163 0
      vertex 92.17144956320516 -57.96412324161898 0
      vertex 92.11555810645648 -57.683137913833875 0
    endloop
  endfacet
  facet normal 0 0 -1
    outer loop
      vertex 88.66669868328792 0.7624078944182163 0
      vertex 92.19018691588785 -58.25 0
      vertex 92.17144956320516 -57.96412324161898 0
    endloop
  endfacet
  facet normal 0 0 -1
    outer loop
      vertex 94.89999999850988 -62.100000001490116 0
      vertex 92.19018691588785 -58.25 0
      vertex 88.66669868328792 0.7624078944182163 0
    endloop
  endfacet
  facet normal 0 0 1
    outer loop
      vertex 74 -52.5 2
      vertex 88.85983840942012 -58.09989487894694 2
      vertex 84 -52.5 2
    endloop
  endfacet
  facet normal 0 0 1
    outer loop
      vertex 39.26776695296637 -62.067766952966366 2
      vertex 94.83910362422466 -62.40614674985409 2
      vertex 94.87274066358805 -62.30705523490906 2
    endloop
  endfacet
  facet normal 0 0 1
    outer loop
      vertex 39.0219035725218 -62.28338335072809 2
      vertex 94.79282032698393 -62.5 2
      vertex 94.83910362422466 -62.40614674985409 2
    endloop
  endfacet
  facet normal 0 0 1
    outer loop
      vertex 38.1470476127563 -62.71481456572267 2
      vertex 94.40614674985409 -62.83910362422466 2
      vertex 94.5 -62.79282032698393 2
    endloop
  endfacet
  facet normal 0 0 1
    outer loop
      vertex 38.456708580912725 -62.609698831278216 2
      vertex 94.58700914680958 -62.73468267172575 2
      vertex 94.66568542271852 -62.665685422718525 2
    endloop
  endfacet
  facet normal 0 0 1
    outer loop
      vertex 38.456708580912725 -62.609698831278216 2
      vertex 94.5 -62.79282032698393 2
      vertex 94.58700914680958 -62.73468267172575 2
    endloop
  endfacet
  facet normal 0 0 1
    outer loop
      vertex 38.75 -62.465063509461096 2
      vertex 94.66568542271852 -62.665685422718525 2
      vertex 94.73468267172575 -62.58700914680958 2
    endloop
  endfacet
  facet normal 0 0 1
    outer loop
      vertex 39.0219035725218 -62.28338335072809 2
      vertex 94.73468267172575 -62.58700914680958 2
      vertex 94.79282032698393 -62.5 2
    endloop
  endfacet
  facet normal 0 0 1
    outer loop
      vertex 84 -42.5 2
      vertex 84 -52.5 2
      vertex 89.7023580981321 -57.13918529976757 2
    endloop
  endfacet
  facet normal 0 0 1
    outer loop
      vertex 84 -42.5 2
      vertex 89.7023580981321 -57.13918529976757 2
      vertex 89.84989487894694 -57.10983840942012 2
    endloop
  endfacet
  facet normal 0 0 1
    outer loop
      vertex 84 -42.5 2
      vertex 89.84989487894694 -57.10983840942012 2
      vertex 90 -57.1 2
    endloop
  endfacet
  facet normal 0 0 1
    outer loop
      vertex 84 -42.5 2
      vertex 90 -57.1 2
      vertex 90.15010512105306 -57.10983840942012 2
    endloop
  endfacet
  facet normal 0 0 1
    outer loop
      vertex 84 -42.5 2
      vertex 90.15010512105306 -57.10983840942012 2
      vertex 90.2976419018679 -57.13918529976757 2
    endloop
  endfacet
  facet normal 0 0 1
    outer loop
      vertex 84 -42.5 2
      vertex 90.2976419018679 -57.13918529976757 2
      vertex 90.44008594721986 -57.18753853761202 2
    endloop
  endfacet
  facet normal 0 0 1
    outer loop
      vertex 84 -42.5 2
      vertex 90.44008594721986 -57.18753853761202 2
      vertex 90.575 -57.2540707856479 2
    endloop
  endfacet
  facet normal 0 0 1
    outer loop
      vertex 84 -42.5 2
      vertex 90.575 -57.2540707856479 2
      vertex 90.70007564336002 -57.33764365866508 2
    endloop
  endfacet
  facet normal 0 0 1
    outer loop
      vertex 84 -42.5 2
      vertex 90.70007564336002 -57.33764365866508 2
      vertex 90.81317279836453 -57.436827201635474 2
    endloop
  endfacet
  facet normal 0 0 1
    outer loop
      vertex 84 -42.5 2
      vertex 90.81317279836453 -57.436827201635474 2
      vertex 90.91235634133493 -57.54992435663997 2
    endloop
  endfacet
  facet normal 0 0 1
    outer loop
      vertex 84 -42.5 2
      vertex 90.91235634133493 -57.54992435663997 2
      vertex 90.9959292143521 -57.675 2
    endloop
  endfacet
  facet normal 0 0 1
    outer loop
      vertex 84 -42.5 2
      vertex 90.9959292143521 -57.675 2
      vertex 91.06246146238799 -57.809914052780144 2
    endloop
  endfacet
  facet normal 0 0 1
    outer loop
      vertex 84 -42.5 2
      vertex 91.06246146238799 -57.809914052780144 2
      vertex 94.89999999850988 -62.100000001490116 2
    endloop
  endfacet
  facet normal 0 0 1
    outer loop
      vertex 74 -52.5 2
      vertex 88.85 -58.25 2
      vertex 88.85983840942012 -58.09989487894694 2
    endloop
  endfacet
  facet normal 0 0 1
    outer loop
      vertex 74 -52.5 2
      vertex 88.85983840942012 -58.40010512105306 2
      vertex 88.85 -58.25 2
    endloop
  endfacet
  facet normal 0 0 1
    outer loop
      vertex 74 -52.5 2
      vertex 88.88918529976758 -58.5476419018679 2
      vertex 88.85983840942012 -58.40010512105306 2
    endloop
  endfacet
  facet normal 0 0 1
    outer loop
      vertex 74 -52.5 2
      vertex 88.93753853761201 -58.690085947219856 2
      vertex 88.88918529976758 -58.5476419018679 2
    endloop
  endfacet
  facet normal 0 0 1
    outer loop
      vertex 74 -52.5 2
      vertex 89.0040707856479 -58.825 2
      vertex 88.93753853761201 -58.690085947219856 2
    endloop
  endfacet
  facet normal 0 0 1
    outer loop
      vertex 74 -52.5 2
      vertex 89.08764365866507 -58.95007564336003 2
      vertex 89.0040707856479 -58.825 2
    endloop
  endfacet
  facet normal 0 0 1
    outer loop
      vertex 74 -52.5 2
      vertex 89.18682720163547 -59.063172798364526 2
      vertex 89.08764365866507 -58.95007564336003 2
    endloop
  endfacet
  facet normal 0 0 1
    outer loop
      vertex 74 -52.5 2
      vertex 89.29992435663998 -59.16235634133492 2
      vertex 89.18682720163547 -59.063172798364526 2
    endloop
  endfacet
  facet normal 0 0 1
    outer loop
      vertex 74 -52.5 2
      vertex 89.425 -59.2459292143521 2
      vertex 89.29992435663998 -59.16235634133492 2
    endloop
  endfacet
  facet normal 0 0 1
    outer loop
      vertex 84 -52.5 2
      vertex 89.08764365866507 -57.54992435663997 2
      vertex 89.18682720163547 -57.436827201635474 2
    endloop
  endfacet
  facet normal 0 0 1
    outer loop
      vertex 84 -52.5 2
      vertex 89.0040707856479 -57.675 2
      vertex 89.08764365866507 -57.54992435663997 2
    endloop
  endfacet
  facet normal 0 0 1
    outer loop
      vertex 84 -52.5 2
      vertex 88.93753853761201 -57.809914052780144 2
      vertex 89.0040707856479 -57.675 2
    endloop
  endfacet
  facet normal 0 0 1
    outer loop
      vertex 84 -52.5 2
      vertex 88.88918529976758 -57.9523580981321 2
      vertex 88.93753853761201 -57.809914052780144 2
    endloop
  endfacet
  facet normal 0 0 1
    outer loop
      vertex 84 -52.5 2
      vertex 88.85983840942012 -58.09989487894694 2
      vertex 88.88918529976758 -57.9523580981321 2
    endloop
  endfacet
  facet normal 0 0 1
    outer loop
      vertex 84 -52.5 2
      vertex 89.425 -57.2540707856479 2
      vertex 89.55991405278014 -57.18753853761202 2
    endloop
  endfacet
  facet normal 0 0 1
    outer loop
      vertex 84 -52.5 2
      vertex 89.29992435663998 -57.33764365866508 2
      vertex 89.425 -57.2540707856479 2
    endloop
  endfacet
  facet normal 0 0 1
    outer loop
      vertex 84 -52.5 2
      vertex 89.18682720163547 -57.436827201635474 2
      vertex 89.29992435663998 -57.33764365866508 2
    endloop
  endfacet
  facet normal 0 0 1
    outer loop
      vertex 84 -52.5 2
      vertex 89.55991405278014 -57.18753853761202 2
      vertex 89.7023580981321 -57.13918529976757 2
    endloop
  endfacet
  facet normal 0 0 1
    outer loop
      vertex 74 -52.5 2
      vertex 94.89999999850988 -62.100000001490116 2
      vertex 89.425 -59.2459292143521 2
    endloop
  endfacet
  facet normal 0 0 1
    outer loop
      vertex 74 -52.5 2
      vertex 94.89315588772297 -62.20442095398903 2
      vertex 94.89999999850988 -62.100000001490116 2
    endloop
  endfacet
  facet normal 0 0 1
    outer loop
      vertex 74 -52.5 2
      vertex 94.87274066358805 -62.30705523490906 2
      vertex 94.89315588772297 -62.20442095398903 2
    endloop
  endfacet
  facet normal 0 0 1
    outer loop
      vertex 94.89999999850988 -62.100000001490116 2
      vertex 89.55991405278014 -59.31246146238798 2
      vertex 89.425 -59.2459292143521 2
    endloop
  endfacet
  facet normal 0 0 1
    outer loop
      vertex 94.89999999850988 -62.100000001490116 2
      vertex 89.84989487894694 -59.39016159057988 2
      vertex 89.7023580981321 -59.36081470023243 2
    endloop
  endfacet
  facet normal 0 0 1
    outer loop
      vertex 94.89999999850988 -62.100000001490116 2
      vertex 89.7023580981321 -59.36081470023243 2
      vertex 89.55991405278014 -59.31246146238798 2
    endloop
  endfacet
  facet normal 0 0 1
    outer loop
      vertex 94.89999999850988 -62.100000001490116 2
      vertex 90.15010512105306 -59.39016159057988 2
      vertex 90 -59.4 2
    endloop
  endfacet
  facet normal 0 0 1
    outer loop
      vertex 94.89999999850988 -62.100000001490116 2
      vertex 90 -59.4 2
      vertex 89.84989487894694 -59.39016159057988 2
    endloop
  endfacet
  facet normal 0 0 1
    outer loop
      vertex 94.89999999850988 -62.100000001490116 2
      vertex 90.44008594721986 -59.31246146238798 2
      vertex 90.2976419018679 -59.36081470023243 2
    endloop
  endfacet
  facet normal 0 0 1
    outer loop
      vertex 94.89999999850988 -62.100000001490116 2
      vertex 90.2976419018679 -59.36081470023243 2
      vertex 90.15010512105306 -59.39016159057988 2
    endloop
  endfacet
  facet normal 0 0 1
    outer loop
      vertex 94.89999999850988 -62.100000001490116 2
      vertex 91.06246146238799 -57.809914052780144 2
      vertex 91.11081470023242 -57.9523580981321 2
    endloop
  endfacet
  facet normal 0 0 1
    outer loop
      vertex 94.89999999850988 -62.100000001490116 2
      vertex 91.11081470023242 -57.9523580981321 2
      vertex 91.14016159057988 -58.09989487894694 2
    endloop
  endfacet
  facet normal 0 0 1
    outer loop
      vertex 94.89999999850988 -62.100000001490116 2
      vertex 91.14016159057988 -58.09989487894694 2
      vertex 91.15 -58.25 2
    endloop
  endfacet
  facet normal 0 0 1
    outer loop
      vertex 94.89999999850988 -62.100000001490116 2
      vertex 91.14016159057988 -58.40010512105306 2
      vertex 91.11081470023242 -58.5476419018679 2
    endloop
  endfacet
  facet normal 0 0 1
    outer loop
      vertex 94.89999999850988 -62.100000001490116 2
      vertex 91.15 -58.25 2
      vertex 91.14016159057988 -58.40010512105306 2
    endloop
  endfacet
  facet normal 0 0 1
    outer loop
      vertex 94.89999999850988 -62.100000001490116 2
      vertex 91.11081470023242 -58.5476419018679 2
      vertex 91.06246146238799 -58.690085947219856 2
    endloop
  endfacet
  facet normal 0 0 1
    outer loop
      vertex 94.89999999850988 -62.100000001490116 2
      vertex 91.06246146238799 -58.690085947219856 2
      vertex 90.9959292143521 -58.825 2
    endloop
  endfacet
  facet normal 0 0 1
    outer loop
      vertex 94.89999999850988 -62.100000001490116 2
      vertex 90.70007564336002 -59.16235634133492 2
      vertex 90.575 -59.2459292143521 2
    endloop
  endfacet
  facet normal 0 0 1
    outer loop
      vertex 94.89999999850988 -62.100000001490116 2
      vertex 90.9959292143521 -58.825 2
      vertex 90.91235634133493 -58.95007564336003 2
    endloop
  endfacet
  facet normal 0 0 1
    outer loop
      vertex 94.89999999850988 -62.100000001490116 2
      vertex 90.91235634133493 -58.95007564336003 2
      vertex 90.81317279836453 -59.063172798364526 2
    endloop
  endfacet
  facet normal 0 0 1
    outer loop
      vertex 94.89999999850988 -62.100000001490116 2
      vertex 90.81317279836453 -59.063172798364526 2
      vertex 90.70007564336002 -59.16235634133492 2
    endloop
  endfacet
  facet normal 0 0 1
    outer loop
      vertex 94.89999999850988 -62.100000001490116 2
      vertex 90.575 -59.2459292143521 2
      vertex 90.44008594721986 -59.31246146238798 2
    endloop
  endfacet
  facet normal 0.9978589232575188 -0.0654031289415513 0
    outer loop
      vertex 94.89999999850988 -62.100000001490116 2
      vertex 94.89315588772297 -62.20442095398903 2
      vertex 94.89999999850988 -62.100000001490116 0
    endloop
  endfacet
  facet normal 0.9807852870903427 -0.1950902883977413 0
    outer loop
      vertex 94.89315588772297 -62.20442095398903 2
      vertex 94.87274066358805 -62.30705523490906 2
      vertex 94.89315588772297 -62.20442095398903 0
    endloop
  endfacet
  facet normal 0.9469301219381053 -0.3214394875653658 0
    outer loop
      vertex 94.87274066358805 -62.30705523490906 2
      vertex 94.83910362422466 -62.40614674985409 2
      vertex 94.87274066358805 -62.30705523490906 0
    endloop
  endfacet
  facet normal 0.1950902883977413 -0.9807852870903427 0
    outer loop
      vertex 94.30705523490906 -62.87274066358805 2
      vertex 94.20442095398903 -62.89315588772297 2
      vertex 94.30705523490906 -62.87274066358805 0
    endloop
  endfacet
  facet normal 0.0654031289415513 -0.9978589232575188 0
    outer loop
      vertex 94.10000000149012 -62.899999998509884 2
      vertex 94.20442095398903 -62.89315588772297 0
      vertex 94.20442095398903 -62.89315588772297 2
    endloop
  endfacet
  facet normal 0.4422886611100639 -0.896872755887627 0
    outer loop
      vertex 94.5 -62.79282032698393 2
      vertex 94.40614674985409 -62.83910362422466 2
      vertex 94.5 -62.79282032698393 0
    endloop
  endfacet
  facet normal 0.3214394875653658 -0.9469301219381053 0
    outer loop
      vertex 94.30705523490906 -62.87274066358805 2
      vertex 94.40614674985409 -62.83910362422466 0
      vertex 94.40614674985409 -62.83910362422466 2
    endloop
  endfacet
  facet normal 0.7518397750806569 -0.6593458520432712 0
    outer loop
      vertex 94.73468267172575 -62.58700914680958 2
      vertex 94.66568542271852 -62.665685422718525 2
      vertex 94.73468267172575 -62.58700914680958 0
    endloop
  endfacet
  facet normal 0.896872755887627 -0.4422886611100639 0
    outer loop
      vertex 94.83910362422466 -62.40614674985409 2
      vertex 94.79282032698393 -62.5 2
      vertex 94.83910362422466 -62.40614674985409 0
    endloop
  endfacet
  facet normal 0.831469603224722 -0.5555702466055247 0
    outer loop
      vertex 94.79282032698393 -62.5 2
      vertex 94.73468267172575 -62.58700914680958 2
      vertex 94.79282032698393 -62.5 0
    endloop
  endfacet
  facet normal 0.6593458520432712 -0.7518397750806569 0
    outer loop
      vertex 94.66568542271852 -62.665685422718525 2
      vertex 94.58700914680958 -62.73468267172575 2
      vertex 94.66568542271852 -62.665685422718525 0
    endloop
  endfacet
  facet normal 0.5555702466055247 -0.831469603224722 0
    outer loop
      vertex 94.5 -62.79282032698393 2
      vertex 94.58700914680958 -62.73468267172575 0
      vertex 94.58700914680958 -62.73468267172575 2
    endloop
  endfacet
  facet normal 0.0654031289415513 -0.9978589232575188 0
    outer loop
      vertex 94.10000000149012 -62.899999998509884 2
      vertex 94.10000000149012 -62.899999998509884 0
      vertex 94.20442095398903 -62.89315588772297 0
    endloop
  endfacet
  facet normal 0.9978589232575188 -0.0654031289415513 0
    outer loop
      vertex 94.89315588772297 -62.20442095398903 2
      vertex 94.89315588772297 -62.20442095398903 0
      vertex 94.89999999850988 -62.100000001490116 0
    endloop
  endfacet
  facet normal 0.9807852870903427 -0.1950902883977413 0
    outer loop
      vertex 94.87274066358805 -62.30705523490906 2
      vertex 94.87274066358805 -62.30705523490906 0
      vertex 94.89315588772297 -62.20442095398903 0
    endloop
  endfacet
  facet normal 0.9469301219381053 -0.3214394875653658 0
    outer loop
      vertex 94.83910362422466 -62.40614674985409 2
      vertex 94.83910362422466 -62.40614674985409 0
      vertex 94.87274066358805 -62.30705523490906 0
    endloop
  endfacet
  facet normal 0.3214394875653658 -0.9469301219381053 0
    outer loop
      vertex 94.30705523490906 -62.87274066358805 2
      vertex 94.30705523490906 -62.87274066358805 0
      vertex 94.40614674985409 -62.83910362422466 0
    endloop
  endfacet
  facet normal 0.1950902883977413 -0.9807852870903427 0
    outer loop
      vertex 94.20442095398903 -62.89315588772297 2
      vertex 94.20442095398903 -62.89315588772297 0
      vertex 94.30705523490906 -62.87274066358805 0
    endloop
  endfacet
  facet normal 0.5555702466055247 -0.831469603224722 0
    outer loop
      vertex 94.5 -62.79282032698393 2
      vertex 94.5 -62.79282032698393 0
      vertex 94.58700914680958 -62.73468267172575 0
    endloop
  endfacet
  facet normal 0.4422886611100639 -0.896872755887627 0
    outer loop
      vertex 94.40614674985409 -62.83910362422466 2
      vertex 94.40614674985409 -62.83910362422466 0
      vertex 94.5 -62.79282032698393 0
    endloop
  endfacet
  facet normal 0.7518397750806569 -0.6593458520432712 0
    outer loop
      vertex 94.66568542271852 -62.665685422718525 2
      vertex 94.66568542271852 -62.665685422718525 0
      vertex 94.73468267172575 -62.58700914680958 0
    endloop
  endfacet
  facet normal 0.896872755887627 -0.4422886611100639 0
    outer loop
      vertex 94.79282032698393 -62.5 2
      vertex 94.79282032698393 -62.5 0
      vertex 94.83910362422466 -62.40614674985409 0
    endloop
  endfacet
  facet normal 0.831469603224722 -0.5555702466055247 0
    outer loop
      vertex 94.73468267172575 -62.58700914680958 2
      vertex 94.73468267172575 -62.58700914680958 0
      vertex 94.79282032698393 -62.5 0
    endloop
  endfacet
  facet normal 0.6593458520432712 -0.7518397750806569 0
    outer loop
      vertex 94.58700914680958 -62.73468267172575 2
      vertex 94.58700914680958 -62.73468267172575 0
      vertex 94.66568542271852 -62.665685422718525 0
    endloop
  endfacet
  facet normal 0 0 -1
    outer loop
      vertex 94.87274066358805 -62.30705523490906 0
      vertex 90 -60.44018691588785 0
      vertex 90.28587675838102 -60.42144956320516 0
    endloop
  endfacet
  facet normal 0 0 -1
    outer loop
      vertex 94.87274066358805 -62.30705523490906 0
      vertex 90.28587675838102 -60.42144956320516 0
      vertex 90.56686208616613 -60.365558106456476 0
    endloop
  endfacet
  facet normal 0 0 -1
    outer loop
      vertex 94.89999999850988 -62.100000001490116 0
      vertex 92.17144956320516 -58.53587675838102 0
      vertex 92.19018691588785 -58.25 0
    endloop
  endfacet
  facet normal 0 0 -1
    outer loop
      vertex 94.89999999850988 -62.100000001490116 0
      vertex 92.11555810645648 -58.816862086166125 0
      vertex 92.17144956320516 -58.53587675838102 0
    endloop
  endfacet
  facet normal 0 0 -1
    outer loop
      vertex 94.87274066358805 -62.30705523490906 0
      vertex 90.83814824649308 -60.273468863962805 0
      vertex 91.09509345794392 -60.146757508195165 0
    endloop
  endfacet
  facet normal 0 0 -1
    outer loop
      vertex 94.87274066358805 -62.30705523490906 0
      vertex 91.09509345794392 -60.146757508195165 0
      vertex 91.33330131671208 -59.98759210558178 0
    endloop
  endfacet
  facet normal 0 0 -1
    outer loop
      vertex 94.87274066358805 -62.30705523490906 0
      vertex 91.33330131671208 -59.98759210558178 0
      vertex 91.54869602029035 -59.79869602029034 0
    endloop
  endfacet
  facet normal 0 0 -1
    outer loop
      vertex 94.89999999850988 -62.100000001490116 0
      vertex 92.02346886396279 -59.08814824649307 0
      vertex 92.11555810645648 -58.816862086166125 0
    endloop
  endfacet
  facet normal 0 0 -1
    outer loop
      vertex 94.89999999850988 -62.100000001490116 0
      vertex 91.89675750819518 -59.345093457943925 0
      vertex 92.02346886396279 -59.08814824649307 0
    endloop
  endfacet
  facet normal 0 0 -1
    outer loop
      vertex 94.89999999850988 -62.100000001490116 0
      vertex 91.73759210558178 -59.58330131671209 0
      vertex 91.89675750819518 -59.345093457943925 0
    endloop
  endfacet
  facet normal 0 0 -1
    outer loop
      vertex 94.89999999850988 -62.100000001490116 0
      vertex 91.54869602029035 -59.79869602029034 0
      vertex 91.73759210558178 -59.58330131671209 0
    endloop
  endfacet
  facet normal 0 0 -1
    outer loop
      vertex 94.87274066358805 -62.30705523490906 0
      vertex 90.56686208616613 -60.365558106456476 0
      vertex 90.83814824649308 -60.273468863962805 0
    endloop
  endfacet
  facet normal 0 0 -1
    outer loop
      vertex 94.89999999850988 -62.100000001490116 0
      vertex 94.89315588772297 -62.20442095398903 0
      vertex 91.54869602029035 -59.79869602029034 0
    endloop
  endfacet
  facet normal 0 0 -1
    outer loop
      vertex 94.89315588772297 -62.20442095398903 0
      vertex 94.87274066358805 -62.30705523490906 0
      vertex 91.54869602029035 -59.79869602029034 0
    endloop
  endfacet
  facet normal 0 0 1
    outer loop
      vertex -81.80000000298023 38.00000000298023 6
      vertex -80.6 36.8 6
      vertex 1.6000000029802308 38.00000000298023 6
    endloop
  endfacet
  facet normal 0 1 0
    outer loop
      vertex -81.80000000298023 38.00000000298023 6
      vertex 1.6000000029802308 38.00000000298023 6
      vertex -81.80000000298023 38.00000000298023 2
    endloop
  endfacet
  facet normal 0 -1 0
    outer loop
      vertex -80.6 36.8 6
      vertex -80.6 36.8 2
      vertex 0.3999999999999986 36.8 6
    endloop
  endfacet
  facet normal 0 0 1
    outer loop
      vertex -81.80000000298023 38.00000000298023 6
      vertex -80.6 -19.2 6
      vertex -80.6 36.8 6
    endloop
  endfacet
  facet normal -1 0 0
    outer loop
      vertex -81.80000000298023 38.00000000298023 6
      vertex -81.80000000298023 38.00000000298023 2
      vertex -81.80000000298023 -20.40000000298023 2
    endloop
  endfacet
  facet normal 1 0 0
    outer loop
      vertex -80.6 36.8 6
      vertex -80.6 -19.2 2
      vertex -80.6 36.8 2
    endloop
  endfacet
  facet normal 0 0 1
    outer loop
      vertex -80.6 36.8 6
      vertex 0.3999999999999986 36.8 6
      vertex 1.6000000029802308 38.00000000298023 6
    endloop
  endfacet
  facet normal 0 1 0
    outer loop
      vertex -81.80000000298023 38.00000000298023 2
      vertex 1.6000000029802308 38.00000000298023 6
      vertex 1.6000000029802308 38.00000000298023 2
    endloop
  endfacet
  facet normal 0 -1 0
    outer loop
      vertex -80.6 36.8 2
      vertex 0.3999999999999986 36.8 2
      vertex 0.3999999999999986 36.8 6
    endloop
  endfacet
  facet normal 0 0 1
    outer loop
      vertex -81.80000000298023 38.00000000298023 6
      vertex -81.80000000298023 -20.40000000298023 6
      vertex -80.6 -19.2 6
    endloop
  endfacet
  facet normal -1 0 0
    outer loop
      vertex -81.80000000298023 38.00000000298023 6
      vertex -81.80000000298023 -20.40000000298023 2
      vertex -81.80000000298023 -20.40000000298023 6
    endloop
  endfacet
  facet normal 1 0 0
    outer loop
      vertex -80.6 36.8 6
      vertex -80.6 -19.2 6
      vertex -80.6 -19.2 2
    endloop
  endfacet
  facet normal 0 0 1
    outer loop
      vertex -80.6 -19.2 6
      vertex -81.80000000298023 -20.40000000298023 6
      vertex -40.1 -20.40000000298023 6
    endloop
  endfacet
  facet normal 0 0 1
    outer loop
      vertex -80.6 -19.2 6
      vertex -40.1 -20.40000000298023 6
      vertex -40.1 -19.2 6
    endloop
  endfacet
  facet normal 0 -1 0
    outer loop
      vertex -81.80000000298023 -20.40000000298023 6
      vertex -81.80000000298023 -20.40000000298023 2
      vertex -40.1 -20.40000000298023 6
    endloop
  endfacet
  facet normal 0 1 0
    outer loop
      vertex -80.6 -19.2 6
      vertex -40.1 -19.2 2
      vertex -80.6 -19.2 2
    endloop
  endfacet
  facet normal 0 1 0
    outer loop
      vertex -80.6 -19.2 6
      vertex -40.1 -19.2 6
      vertex -40.1 -19.2 2
    endloop
  endfacet
  facet normal 0 -1 0
    outer loop
      vertex -81.80000000298023 -20.40000000298023 2
      vertex -40.1 -20.40000000298023 2
      vertex -40.1 -20.40000000298023 6
    endloop
  endfacet
  facet normal 1 0 0
    outer loop
      vertex -40.1 -19.2 6
      vertex -40.1 -20.40000000298023 6
      vertex -40.1 -20.40000000298023 2
    endloop
  endfacet
  facet normal 1 0 0
    outer loop
      vertex -40.1 -19.2 6
      vertex -40.1 -20.40000000298023 2
      vertex -40.1 -19.2 2
    endloop
  endfacet
  facet normal -1 0 0
    outer loop
      vertex -0.10000000000000142 -19.2 6
      vertex -0.10000000000000142 -19.2 2
      vertex -0.10000000000000142 -20.40000000298023 6
    endloop
  endfacet
  facet normal -1 0 0
    outer loop
      vertex -0.10000000000000142 -20.40000000298023 6
      vertex -0.10000000000000142 -19.2 2
      vertex -0.10000000000000142 -20.40000000298023 2
    endloop
  endfacet
  facet normal 0 0 1
    outer loop
      vertex 1.6000000029802308 38.00000000298023 6
      vertex 0.3999999999999986 36.8 6
      vertex 0.3999999999999986 -19.2 6
    endloop
  endfacet
  facet normal -1 0 0
    outer loop
      vertex 0.3999999999999986 36.8 6
      vertex 0.3999999999999986 36.8 2
      vertex 0.3999999999999986 -19.2 6
    endloop
  endfacet
  facet normal 1 0 0
    outer loop
      vertex 1.6000000029802308 38.00000000298023 6
      vertex 1.6000000029802308 -20.40000000298023 2
      vertex 1.6000000029802308 38.00000000298023 2
    endloop
  endfacet
  facet normal 0 0 1
    outer loop
      vertex 1.6000000029802308 38.00000000298023 6
      vertex 0.3999999999999986 -19.2 6
      vertex 1.6000000029802308 -20.40000000298023 6
    endloop
  endfacet
  facet normal 1 0 0
    outer loop
      vertex 1.6000000029802308 38.00000000298023 6
      vertex 1.6000000029802308 -20.40000000298023 6
      vertex 1.6000000029802308 -20.40000000298023 2
    endloop
  endfacet
  facet normal -1 0 0
    outer loop
      vertex 0.3999999999999986 36.8 2
      vertex 0.3999999999999986 -19.2 2
      vertex 0.3999999999999986 -19.2 6
    endloop
  endfacet
  facet normal 0 0 1
    outer loop
      vertex -0.10000000000000142 -19.2 6
      vertex -0.10000000000000142 -20.40000000298023 6
      vertex 0.3999999999999986 -19.2 6
    endloop
  endfacet
  facet normal 0 0 1
    outer loop
      vertex -0.10000000000000142 -20.40000000298023 6
      vertex 1.6000000029802308 -20.40000000298023 6
      vertex 0.3999999999999986 -19.2 6
    endloop
  endfacet
  facet normal 0 1 0
    outer loop
      vertex -0.10000000000000142 -19.2 6
      vertex 0.3999999999999986 -19.2 6
      vertex 0.3999999999999986 -19.2 2
    endloop
  endfacet
  facet normal 0 -1 0
    outer loop
      vertex -0.10000000000000142 -20.40000000298023 6
      vertex -0.10000000000000142 -20.40000000298023 2
      vertex 1.6000000029802308 -20.40000000298023 6
    endloop
  endfacet
  facet normal 0 1 0
    outer loop
      vertex -0.10000000000000142 -19.2 6
      vertex 0.3999999999999986 -19.2 2
      vertex -0.10000000000000142 -19.2 2
    endloop
  endfacet
  facet normal 0 -1 0
    outer loop
      vertex -0.10000000000000142 -20.40000000298023 2
      vertex 1.6000000029802308 -20.40000000298023 2
      vertex 1.6000000029802308 -20.40000000298023 6
    endloop
  endfacet
  facet normal 0.8314696123025587 -0.5555702330195821 0
    outer loop
      vertex -38.23612159321677 -59.875 0.6099999999999994
      vertex -38.17435033924755 -59.78255278534259 4.5
      vertex -38.23612159321677 -59.875 4.5
    endloop
  endfacet
  facet normal 0.8968727415326845 -0.442288690219009 0
    outer loop
      vertex -38.28529760263459 -59.97471908248967 0.6099999999999994
      vertex -38.23612159321677 -59.875 4.5
      vertex -38.28529760263459 -59.97471908248967 4.5
    endloop
  endfacet
  facet normal 0.6593458151000638 -0.7518398074789818 0
    outer loop
      vertex -38.101040764008566 -59.69895923599143 0.6099999999999994
      vertex -38.01744721465741 -59.625649660752444 4.5
      vertex -38.101040764008566 -59.69895923599143 4.5
    endloop
  endfacet
  facet normal 0.442288690219009 -0.8968727415326845 0
    outer loop
      vertex -37.925 -59.563878406783225 0.6099999999999994
      vertex -37.82528091751033 -59.514702397365404 4.5
      vertex -37.925 -59.563878406783225 4.5
    endloop
  endfacet
  facet normal 0.5555702330195821 -0.8314696123025587 0
    outer loop
      vertex -38.01744721465741 -59.625649660752444 0.6099999999999994
      vertex -37.925 -59.563878406783225 4.5
      vertex -38.01744721465741 -59.625649660752444 4.5
    endloop
  endfacet
  facet normal 0.7518398074789818 -0.6593458151000638 0
    outer loop
      vertex -38.17435033924755 -59.78255278534259 0.6099999999999994
      vertex -38.101040764008566 -59.69895923599143 4.5
      vertex -38.17435033924755 -59.78255278534259 4.5
    endloop
  endfacet
  facet normal -0.0654031292301835 -0.9978589232386009 0
    outer loop
      vertex -37.5 -59.449999999999996 0.6099999999999994
      vertex -37.38905273661295 -59.45727186783226 4.5
      vertex -37.5 -59.449999999999996 4.5
    endloop
  endfacet
  facet normal 0.0654031292301835 -0.9978589232386009 0
    outer loop
      vertex -37.61094726338705 -59.45727186783226 0.6099999999999994
      vertex -37.5 -59.449999999999996 4.5
      vertex -37.61094726338705 -59.45727186783226 4.5
    endloop
  endfacet
  facet normal 0.32143946530316087 -0.946930129495106 0
    outer loop
      vertex -37.82528091751033 -59.514702397365404 0.6099999999999994
      vertex -37.71999618833714 -59.47896304765429 4.5
      vertex -37.82528091751033 -59.514702397365404 4.5
    endloop
  endfacet
  facet normal 0.19509032201611148 -0.9807852804032339 0
    outer loop
      vertex -37.71999618833714 -59.47896304765429 0.6099999999999994
      vertex -37.61094726338705 -59.45727186783226 4.5
      vertex -37.71999618833714 -59.47896304765429 4.5
    endloop
  endfacet
  facet normal -0.19509032201611148 -0.9807852804032339 0
    outer loop
      vertex -37.38905273661295 -59.45727186783226 0.6099999999999994
      vertex -37.28000381166286 -59.47896304765429 4.5
      vertex -37.38905273661295 -59.45727186783226 4.5
    endloop
  endfacet
  facet normal -0.32143946530316087 -0.946930129495106 0
    outer loop
      vertex -37.28000381166286 -59.47896304765429 0.6099999999999994
      vertex -37.17471908248967 -59.514702397365404 4.5
      vertex -37.28000381166286 -59.47896304765429 4.5
    endloop
  endfacet
  facet normal -0.442288690219009 -0.8968727415326845 0
    outer loop
      vertex -37.17471908248967 -59.514702397365404 0.6099999999999994
      vertex -37.075 -59.563878406783225 4.5
      vertex -37.17471908248967 -59.514702397365404 4.5
    endloop
  endfacet
  facet normal 0.946930129495106 -0.32143946530316087 0
    outer loop
      vertex -38.32103695234571 -60.080003811662856 0.6099999999999994
      vertex -38.28529760263459 -59.97471908248967 4.5
      vertex -38.32103695234571 -60.080003811662856 4.5
    endloop
  endfacet
  facet normal 0.9807852804032339 -0.19509032201611148 0
    outer loop
      vertex -38.342728132167736 -60.18905273661295 0.6099999999999994
      vertex -38.32103695234571 -60.080003811662856 4.5
      vertex -38.342728132167736 -60.18905273661295 4.5
    endloop
  endfacet
  facet normal 0.9978589232386009 -0.0654031292301835 0
    outer loop
      vertex -38.35 -60.3 0.6099999999999994
      vertex -38.342728132167736 -60.18905273661295 4.5
      vertex -38.35 -60.3 4.5
    endloop
  endfacet
  facet normal 0.9978589232386009 0.0654031292301835 0
    outer loop
      vertex -38.342728132167736 -60.410947263387044 0.6099999999999994
      vertex -38.35 -60.3 4.5
      vertex -38.342728132167736 -60.410947263387044 4.5
    endloop
  endfacet
  facet normal 0.9807852804032339 0.19509032201611148 0
    outer loop
      vertex -38.32103695234571 -60.51999618833714 0.6099999999999994
      vertex -38.342728132167736 -60.410947263387044 4.5
      vertex -38.32103695234571 -60.51999618833714 4.5
    endloop
  endfacet
  facet normal 0.946930129495106 0.32143946530316087 0
    outer loop
      vertex -38.28529760263459 -60.625280917510324 0.6099999999999994
      vertex -38.32103695234571 -60.51999618833714 4.5
      vertex -38.28529760263459 -60.625280917510324 4.5
    endloop
  endfacet
  facet normal 0.8968727415326845 0.442288690219009 0
    outer loop
      vertex -38.23612159321677 -60.724999999999994 0.6099999999999994
      vertex -38.28529760263459 -60.625280917510324 4.5
      vertex -38.23612159321677 -60.724999999999994 4.5
    endloop
  endfacet
  facet normal 0.8314696123025587 0.5555702330195821 0
    outer loop
      vertex -38.17435033924755 -60.817447214657406 0.6099999999999994
      vertex -38.23612159321677 -60.724999999999994 4.5
      vertex -38.17435033924755 -60.817447214657406 4.5
    endloop
  endfacet
  facet normal 0.7518398074789818 0.6593458151000638 0
    outer loop
      vertex -38.101040764008566 -60.90104076400856 0.6099999999999994
      vertex -38.17435033924755 -60.817447214657406 4.5
      vertex -38.101040764008566 -60.90104076400856 4.5
    endloop
  endfacet
  facet normal -0.5555702330195821 -0.8314696123025587 0
    outer loop
      vertex -37.075 -59.563878406783225 0.6099999999999994
      vertex -36.98255278534259 -59.625649660752444 4.5
      vertex -37.075 -59.563878406783225 4.5
    endloop
  endfacet
  facet normal -0.6593458151000638 -0.7518398074789818 0
    outer loop
      vertex -36.98255278534259 -59.625649660752444 0.6099999999999994
      vertex -36.898959235991434 -59.69895923599143 4.5
      vertex -36.98255278534259 -59.625649660752444 4.5
    endloop
  endfacet
  facet normal -0.7518398074789818 -0.6593458151000638 0
    outer loop
      vertex -36.898959235991434 -59.69895923599143 0.6099999999999994
      vertex -36.82564966075245 -59.78255278534259 4.5
      vertex -36.898959235991434 -59.69895923599143 4.5
    endloop
  endfacet
  facet normal -0.8314696123025587 -0.5555702330195821 0
    outer loop
      vertex -36.82564966075245 -59.78255278534259 0.6099999999999994
      vertex -36.76387840678323 -59.875 4.5
      vertex -36.82564966075245 -59.78255278534259 4.5
    endloop
  endfacet
  facet normal -0.8968727415326845 -0.442288690219009 0
    outer loop
      vertex -36.76387840678323 -59.875 0.6099999999999994
      vertex -36.71470239736541 -59.97471908248967 4.5
      vertex -36.76387840678323 -59.875 4.5
    endloop
  endfacet
  facet normal -0.946930129495106 -0.32143946530316087 0
    outer loop
      vertex -36.71470239736541 -59.97471908248967 0.6099999999999994
      vertex -36.67896304765429 -60.080003811662856 4.5
      vertex -36.71470239736541 -59.97471908248967 4.5
    endloop
  endfacet
  facet normal -0.9807852804032339 -0.19509032201611148 0
    outer loop
      vertex -36.67896304765429 -60.080003811662856 0.6099999999999994
      vertex -36.657271867832264 -60.18905273661295 4.5
      vertex -36.67896304765429 -60.080003811662856 4.5
    endloop
  endfacet
  facet normal -0.9978589232386009 -0.0654031292301835 0
    outer loop
      vertex -36.657271867832264 -60.18905273661295 0.6099999999999994
      vertex -36.65 -60.3 4.5
      vertex -36.657271867832264 -60.18905273661295 4.5
    endloop
  endfacet
  facet normal -0.9978589232386009 0.0654031292301835 0
    outer loop
      vertex -36.65 -60.3 0.6099999999999994
      vertex -36.657271867832264 -60.410947263387044 4.5
      vertex -36.65 -60.3 4.5
    endloop
  endfacet
  facet normal -0.8968727415326845 0.442288690219009 0
    outer loop
      vertex -36.71470239736541 -60.625280917510324 0.6099999999999994
      vertex -36.76387840678323 -60.724999999999994 4.5
      vertex -36.71470239736541 -60.625280917510324 4.5
    endloop
  endfacet
  facet normal -0.6593458151000638 0.7518398074789818 0
    outer loop
      vertex -36.898959235991434 -60.90104076400856 0.6099999999999994
      vertex -36.98255278534259 -60.97435033924755 4.5
      vertex -36.898959235991434 -60.90104076400856 4.5
    endloop
  endfacet
  facet normal -0.8314696123025587 0.5555702330195821 0
    outer loop
      vertex -36.76387840678323 -60.724999999999994 0.6099999999999994
      vertex -36.82564966075245 -60.817447214657406 4.5
      vertex -36.76387840678323 -60.724999999999994 4.5
    endloop
  endfacet
  facet normal -0.7518398074789818 0.6593458151000638 0
    outer loop
      vertex -36.82564966075245 -60.817447214657406 0.6099999999999994
      vertex -36.898959235991434 -60.90104076400856 4.5
      vertex -36.82564966075245 -60.817447214657406 4.5
    endloop
  endfacet
  facet normal -0.9807852804032339 0.19509032201611148 0
    outer loop
      vertex -36.657271867832264 -60.410947263387044 0.6099999999999994
      vertex -36.67896304765429 -60.51999618833714 4.5
      vertex -36.657271867832264 -60.410947263387044 4.5
    endloop
  endfacet
  facet normal -0.946930129495106 0.32143946530316087 0
    outer loop
      vertex -36.67896304765429 -60.51999618833714 0.6099999999999994
      vertex -36.71470239736541 -60.625280917510324 4.5
      vertex -36.67896304765429 -60.51999618833714 4.5
    endloop
  endfacet
  facet normal 0.6593458151000638 0.7518398074789818 0
    outer loop
      vertex -38.01744721465741 -60.97435033924755 0.6099999999999994
      vertex -38.101040764008566 -60.90104076400856 4.5
      vertex -38.01744721465741 -60.97435033924755 4.5
    endloop
  endfacet
  facet normal 0.5555702330195821 0.8314696123025587 0
    outer loop
      vertex -37.925 -61.03612159321677 0.6099999999999994
      vertex -38.01744721465741 -60.97435033924755 4.5
      vertex -37.925 -61.03612159321677 4.5
    endloop
  endfacet
  facet normal 0.442288690219009 0.8968727415326845 0
    outer loop
      vertex -37.82528091751033 -61.08529760263459 0.6099999999999994
      vertex -37.925 -61.03612159321677 4.5
      vertex -37.82528091751033 -61.08529760263459 4.5
    endloop
  endfacet
  facet normal 0.32143946530316087 0.946930129495106 0
    outer loop
      vertex -37.71999618833714 -61.121036952345705 0.6099999999999994
      vertex -37.82528091751033 -61.08529760263459 4.5
      vertex -37.71999618833714 -61.121036952345705 4.5
    endloop
  endfacet
  facet normal 0.19509032201611148 0.9807852804032339 0
    outer loop
      vertex -37.61094726338705 -61.14272813216773 0.6099999999999994
      vertex -37.71999618833714 -61.121036952345705 4.5
      vertex -37.61094726338705 -61.14272813216773 4.5
    endloop
  endfacet
  facet normal 0.0654031292301835 0.9978589232386009 0
    outer loop
      vertex -37.5 -61.15 0.6099999999999994
      vertex -37.61094726338705 -61.14272813216773 4.5
      vertex -37.5 -61.15 4.5
    endloop
  endfacet
  facet normal -0.0654031292301835 0.9978589232386009 0
    outer loop
      vertex -37.38905273661295 -61.14272813216773 0.6099999999999994
      vertex -37.5 -61.15 4.5
      vertex -37.38905273661295 -61.14272813216773 4.5
    endloop
  endfacet
  facet normal -0.19509032201611148 0.9807852804032339 0
    outer loop
      vertex -37.28000381166286 -61.121036952345705 0.6099999999999994
      vertex -37.38905273661295 -61.14272813216773 4.5
      vertex -37.28000381166286 -61.121036952345705 4.5
    endloop
  endfacet
  facet normal -0.442288690219009 0.8968727415326845 0
    outer loop
      vertex -37.075 -61.03612159321677 0.6099999999999994
      vertex -37.17471908248967 -61.08529760263459 4.5
      vertex -37.075 -61.03612159321677 4.5
    endloop
  endfacet
  facet normal -0.32143946530316087 0.946930129495106 0
    outer loop
      vertex -37.17471908248967 -61.08529760263459 0.6099999999999994
      vertex -37.28000381166286 -61.121036952345705 4.5
      vertex -37.17471908248967 -61.08529760263459 4.5
    endloop
  endfacet
  facet normal -0.5555702330195821 0.8314696123025587 0
    outer loop
      vertex -36.98255278534259 -60.97435033924755 0.6099999999999994
      vertex -37.075 -61.03612159321677 4.5
      vertex -36.98255278534259 -60.97435033924755 4.5
    endloop
  endfacet
  facet normal 0.8314696123025587 -0.5555702330195821 -7.387409050935856e-19
    outer loop
      vertex -38.23612159321677 -59.875 0.6099999999999994
      vertex -38.17435033924755 -59.78255278534259 0.6099999999999994
      vertex -38.17435033924755 -59.78255278534259 4.5
    endloop
  endfacet
  facet normal 0.8968727415326845 -0.442288690219009 0
    outer loop
      vertex -38.23612159321677 -59.875 0.6099999999999994
      vertex -38.23612159321677 -59.875 4.5
      vertex -38.28529760263459 -59.97471908248967 0.6099999999999994
    endloop
  endfacet
  facet normal 0.6593458151000638 -0.7518398074789818 0
    outer loop
      vertex -38.01744721465741 -59.625649660752444 0.6099999999999994
      vertex -38.01744721465741 -59.625649660752444 4.5
      vertex -38.101040764008566 -59.69895923599143 0.6099999999999994
    endloop
  endfacet
  facet normal 0.442288690219009 -0.8968727415326845 0
    outer loop
      vertex -37.82528091751033 -59.514702397365404 0.6099999999999994
      vertex -37.82528091751033 -59.514702397365404 4.5
      vertex -37.925 -59.563878406783225 0.6099999999999994
    endloop
  endfacet
  facet normal 0.5555702330195821 -0.8314696123025587 -7.387409050935856e-19
    outer loop
      vertex -38.01744721465741 -59.625649660752444 0.6099999999999994
      vertex -37.925 -59.563878406783225 0.6099999999999994
      vertex -37.925 -59.563878406783225 4.5
    endloop
  endfacet
  facet normal 0.7518398074789818 -0.6593458151000638 0
    outer loop
      vertex -38.101040764008566 -59.69895923599143 0.6099999999999994
      vertex -38.101040764008566 -59.69895923599143 4.5
      vertex -38.17435033924755 -59.78255278534259 0.6099999999999994
    endloop
  endfacet
  facet normal 0.0654031292301835 -0.9978589232386009 0
    outer loop
      vertex -37.5 -59.449999999999996 0.6099999999999994
      vertex -37.5 -59.449999999999996 4.5
      vertex -37.61094726338705 -59.45727186783226 0.6099999999999994
    endloop
  endfacet
  facet normal -0.0654031292301835 -0.9978589232386009 -4.606840009747878e-20
    outer loop
      vertex -37.5 -59.449999999999996 0.6099999999999994
      vertex -37.38905273661295 -59.45727186783226 0.6099999999999994
      vertex -37.38905273661295 -59.45727186783226 4.5
    endloop
  endfacet
  facet normal 0.32143946530316087 -0.946930129495106 -4.736902897060252e-19
    outer loop
      vertex -37.82528091751033 -59.514702397365404 0.6099999999999994
      vertex -37.71999618833714 -59.47896304765429 0.6099999999999994
      vertex -37.71999618833714 -59.47896304765429 4.5
    endloop
  endfacet
  facet normal 0.19509032201611148 -0.9807852804032339 -6.440155318767549e-20
    outer loop
      vertex -37.71999618833714 -59.47896304765429 0.6099999999999994
      vertex -37.61094726338705 -59.45727186783226 0.6099999999999994
      vertex -37.61094726338705 -59.45727186783226 4.5
    endloop
  endfacet
  facet normal -0.19509032201611148 -0.9807852804032339 6.440155318767549e-20
    outer loop
      vertex -37.38905273661295 -59.45727186783226 0.6099999999999994
      vertex -37.28000381166286 -59.47896304765429 0.6099999999999994
      vertex -37.28000381166286 -59.47896304765429 4.5
    endloop
  endfacet
  facet normal -0.32143946530316087 -0.946930129495106 4.736902897060252e-19
    outer loop
      vertex -37.28000381166286 -59.47896304765429 0.6099999999999994
      vertex -37.17471908248967 -59.514702397365404 0.6099999999999994
      vertex -37.17471908248967 -59.514702397365404 4.5
    endloop
  endfacet
  facet normal -0.442288690219009 -0.8968727415326845 -6.06995546160308e-19
    outer loop
      vertex -37.17471908248967 -59.514702397365404 0.6099999999999994
      vertex -37.075 -59.563878406783225 0.6099999999999994
      vertex -37.075 -59.563878406783225 4.5
    endloop
  endfacet
  facet normal 0.946930129495106 -0.32143946530316087 0
    outer loop
      vertex -38.28529760263459 -59.97471908248967 0.6099999999999994
      vertex -38.28529760263459 -59.97471908248967 4.5
      vertex -38.32103695234571 -60.080003811662856 0.6099999999999994
    endloop
  endfacet
  facet normal 0.9807852804032339 -0.19509032201611148 0
    outer loop
      vertex -38.32103695234571 -60.080003811662856 0.6099999999999994
      vertex -38.32103695234571 -60.080003811662856 4.5
      vertex -38.342728132167736 -60.18905273661295 0.6099999999999994
    endloop
  endfacet
  facet normal 0.9978589232386009 -0.0654031292301835 0
    outer loop
      vertex -38.342728132167736 -60.18905273661295 0.6099999999999994
      vertex -38.342728132167736 -60.18905273661295 4.5
      vertex -38.35 -60.3 0.6099999999999994
    endloop
  endfacet
  facet normal 0.9978589232386009 0.0654031292301835 0
    outer loop
      vertex -38.35 -60.3 0.6099999999999994
      vertex -38.35 -60.3 4.5
      vertex -38.342728132167736 -60.410947263387044 0.6099999999999994
    endloop
  endfacet
  facet normal 0.9807852804032339 0.19509032201611148 0
    outer loop
      vertex -38.342728132167736 -60.410947263387044 0.6099999999999994
      vertex -38.342728132167736 -60.410947263387044 4.5
      vertex -38.32103695234571 -60.51999618833714 0.6099999999999994
    endloop
  endfacet
  facet normal 0.946930129495106 0.32143946530316087 0
    outer loop
      vertex -38.32103695234571 -60.51999618833714 0.6099999999999994
      vertex -38.32103695234571 -60.51999618833714 4.5
      vertex -38.28529760263459 -60.625280917510324 0.6099999999999994
    endloop
  endfacet
  facet normal 0.8968727415326845 0.442288690219009 0
    outer loop
      vertex -38.28529760263459 -60.625280917510324 0.6099999999999994
      vertex -38.28529760263459 -60.625280917510324 4.5
      vertex -38.23612159321677 -60.724999999999994 0.6099999999999994
    endloop
  endfacet
  facet normal 0.8314696123025587 0.5555702330195821 0
    outer loop
      vertex -38.23612159321677 -60.724999999999994 0.6099999999999994
      vertex -38.23612159321677 -60.724999999999994 4.5
      vertex -38.17435033924755 -60.817447214657406 0.6099999999999994
    endloop
  endfacet
  facet normal 0.7518398074789818 0.6593458151000638 0
    outer loop
      vertex -38.17435033924755 -60.817447214657406 0.6099999999999994
      vertex -38.17435033924755 -60.817447214657406 4.5
      vertex -38.101040764008566 -60.90104076400856 0.6099999999999994
    endloop
  endfacet
  facet normal 0.6593458151000638 0.7518398074789818 0
    outer loop
      vertex -38.101040764008566 -60.90104076400856 0.6099999999999994
      vertex -38.101040764008566 -60.90104076400856 4.5
      vertex -38.01744721465741 -60.97435033924755 0.6099999999999994
    endloop
  endfacet
  facet normal -0.5555702330195821 -0.8314696123025587 7.387409050935856e-19
    outer loop
      vertex -37.075 -59.563878406783225 0.6099999999999994
      vertex -36.98255278534259 -59.625649660752444 0.6099999999999994
      vertex -36.98255278534259 -59.625649660752444 4.5
    endloop
  endfacet
  facet normal -0.6593458151000638 -0.7518398074789818 5.9026208742982565e-19
    outer loop
      vertex -36.98255278534259 -59.625649660752444 0.6099999999999994
      vertex -36.898959235991434 -59.69895923599143 0.6099999999999994
      vertex -36.898959235991434 -59.69895923599143 4.5
    endloop
  endfacet
  facet normal -0.7518398074789818 -0.6593458151000638 5.9026208742982565e-19
    outer loop
      vertex -36.898959235991434 -59.69895923599143 0.6099999999999994
      vertex -36.82564966075245 -59.78255278534259 0.6099999999999994
      vertex -36.82564966075245 -59.78255278534259 4.5
    endloop
  endfacet
  facet normal -0.8314696123025587 -0.5555702330195821 7.387409050935856e-19
    outer loop
      vertex -36.82564966075245 -59.78255278534259 0.6099999999999994
      vertex -36.76387840678323 -59.875 0.6099999999999994
      vertex -36.76387840678323 -59.875 4.5
    endloop
  endfacet
  facet normal -0.8968727415326845 -0.442288690219009 -6.06995546160308e-19
    outer loop
      vertex -36.76387840678323 -59.875 0.6099999999999994
      vertex -36.71470239736541 -59.97471908248967 0.6099999999999994
      vertex -36.71470239736541 -59.97471908248967 4.5
    endloop
  endfacet
  facet normal -0.946930129495106 -0.32143946530316087 4.736902897060252e-19
    outer loop
      vertex -36.71470239736541 -59.97471908248967 0.6099999999999994
      vertex -36.67896304765429 -60.080003811662856 0.6099999999999994
      vertex -36.67896304765429 -60.080003811662856 4.5
    endloop
  endfacet
  facet normal -0.9807852804032339 -0.19509032201611148 6.440155318767549e-20
    outer loop
      vertex -36.67896304765429 -60.080003811662856 0.6099999999999994
      vertex -36.657271867832264 -60.18905273661295 0.6099999999999994
      vertex -36.657271867832264 -60.18905273661295 4.5
    endloop
  endfacet
  facet normal -0.9978589232386009 -0.0654031292301835 -4.606840009747878e-20
    outer loop
      vertex -36.657271867832264 -60.18905273661295 0.6099999999999994
      vertex -36.65 -60.3 0.6099999999999994
      vertex -36.65 -60.3 4.5
    endloop
  endfacet
  facet normal -0.9978589232386009 0.0654031292301835 4.606840009747878e-20
    outer loop
      vertex -36.65 -60.3 0.6099999999999994
      vertex -36.657271867832264 -60.410947263387044 0.6099999999999994
      vertex -36.657271867832264 -60.410947263387044 4.5
    endloop
  endfacet
  facet normal -0.946930129495106 0.32143946530316087 -4.736902897060252e-19
    outer loop
      vertex -36.67896304765429 -60.51999618833714 0.6099999999999994
      vertex -36.71470239736541 -60.625280917510324 0.6099999999999994
      vertex -36.71470239736541 -60.625280917510324 4.5
    endloop
  endfacet
  facet normal -0.8968727415326845 0.442288690219009 0
    outer loop
      vertex -36.76387840678323 -60.724999999999994 0.6099999999999994
      vertex -36.76387840678323 -60.724999999999994 4.5
      vertex -36.71470239736541 -60.625280917510324 0.6099999999999994
    endloop
  endfacet
  facet normal -0.8314696123025587 0.5555702330195821 -7.387409050935856e-19
    outer loop
      vertex -36.76387840678323 -60.724999999999994 0.6099999999999994
      vertex -36.82564966075245 -60.817447214657406 0.6099999999999994
      vertex -36.82564966075245 -60.817447214657406 4.5
    endloop
  endfacet
  facet normal -0.7518398074789818 0.6593458151000638 -5.9026208742982565e-19
    outer loop
      vertex -36.82564966075245 -60.817447214657406 0.6099999999999994
      vertex -36.898959235991434 -60.90104076400856 0.6099999999999994
      vertex -36.898959235991434 -60.90104076400856 4.5
    endloop
  endfacet
  facet normal -0.9807852804032339 0.19509032201611148 -6.440155318767549e-20
    outer loop
      vertex -36.657271867832264 -60.410947263387044 0.6099999999999994
      vertex -36.67896304765429 -60.51999618833714 0.6099999999999994
      vertex -36.67896304765429 -60.51999618833714 4.5
    endloop
  endfacet
  facet normal 0.5555702330195821 0.8314696123025587 0
    outer loop
      vertex -38.01744721465741 -60.97435033924755 0.6099999999999994
      vertex -38.01744721465741 -60.97435033924755 4.5
      vertex -37.925 -61.03612159321677 0.6099999999999994
    endloop
  endfacet
  facet normal 0.442288690219009 0.8968727415326845 0
    outer loop
      vertex -37.925 -61.03612159321677 0.6099999999999994
      vertex -37.925 -61.03612159321677 4.5
      vertex -37.82528091751033 -61.08529760263459 0.6099999999999994
    endloop
  endfacet
  facet normal 0.32143946530316087 0.946930129495106 0
    outer loop
      vertex -37.82528091751033 -61.08529760263459 0.6099999999999994
      vertex -37.82528091751033 -61.08529760263459 4.5
      vertex -37.71999618833714 -61.121036952345705 0.6099999999999994
    endloop
  endfacet
  facet normal 0.19509032201611148 0.9807852804032339 0
    outer loop
      vertex -37.71999618833714 -61.121036952345705 0.6099999999999994
      vertex -37.71999618833714 -61.121036952345705 4.5
      vertex -37.61094726338705 -61.14272813216773 0.6099999999999994
    endloop
  endfacet
  facet normal 0.0654031292301835 0.9978589232386009 0
    outer loop
      vertex -37.61094726338705 -61.14272813216773 0.6099999999999994
      vertex -37.61094726338705 -61.14272813216773 4.5
      vertex -37.5 -61.15 0.6099999999999994
    endloop
  endfacet
  facet normal -0.0654031292301835 0.9978589232386009 0
    outer loop
      vertex -37.5 -61.15 0.6099999999999994
      vertex -37.5 -61.15 4.5
      vertex -37.38905273661295 -61.14272813216773 0.6099999999999994
    endloop
  endfacet
  facet normal -0.19509032201611148 0.9807852804032339 0
    outer loop
      vertex -37.38905273661295 -61.14272813216773 0.6099999999999994
      vertex -37.38905273661295 -61.14272813216773 4.5
      vertex -37.28000381166286 -61.121036952345705 0.6099999999999994
    endloop
  endfacet
  facet normal -0.32143946530316087 0.946930129495106 0
    outer loop
      vertex -37.28000381166286 -61.121036952345705 0.6099999999999994
      vertex -37.28000381166286 -61.121036952345705 4.5
      vertex -37.17471908248967 -61.08529760263459 0.6099999999999994
    endloop
  endfacet
  facet normal -0.442288690219009 0.8968727415326845 0
    outer loop
      vertex -37.17471908248967 -61.08529760263459 0.6099999999999994
      vertex -37.17471908248967 -61.08529760263459 4.5
      vertex -37.075 -61.03612159321677 0.6099999999999994
    endloop
  endfacet
  facet normal -0.5555702330195821 0.8314696123025587 -7.387409050935856e-19
    outer loop
      vertex -36.98255278534259 -60.97435033924755 0.6099999999999994
      vertex -37.075 -61.03612159321677 0.6099999999999994
      vertex -37.075 -61.03612159321677 4.5
    endloop
  endfacet
  facet normal -0.6593458151000638 0.7518398074789818 -5.9026208742982565e-19
    outer loop
      vertex -36.898959235991434 -60.90104076400856 0.6099999999999994
      vertex -36.98255278534259 -60.97435033924755 0.6099999999999994
      vertex -36.98255278534259 -60.97435033924755 4.5
    endloop
  endfacet
  facet normal 0 0 1
    outer loop
      vertex -38.23612159321677 -59.875 0.6099999999999994
      vertex -38.23612159321677 -60.724999999999994 0.6099999999999994
      vertex -38.17435033924755 -59.78255278534259 0.6099999999999994
    endloop
  endfacet
  facet normal 0 0 1
    outer loop
      vertex -38.23612159321677 -59.875 0.6099999999999994
      vertex -38.28529760263459 -59.97471908248967 0.6099999999999994
      vertex -38.28529760263459 -60.625280917510324 0.6099999999999994
    endloop
  endfacet
  facet normal 0 0 1
    outer loop
      vertex -38.28529760263459 -59.97471908248967 0.6099999999999994
      vertex -38.32103695234571 -60.080003811662856 0.6099999999999994
      vertex -38.32103695234571 -60.51999618833714 0.6099999999999994
    endloop
  endfacet
  facet normal 0 0 1
    outer loop
      vertex -38.32103695234571 -60.080003811662856 0.6099999999999994
      vertex -38.342728132167736 -60.18905273661295 0.6099999999999994
      vertex -38.342728132167736 -60.410947263387044 0.6099999999999994
    endloop
  endfacet
  facet normal 0 0 1
    outer loop
      vertex -38.342728132167736 -60.18905273661295 0.6099999999999994
      vertex -38.35 -60.3 0.6099999999999994
      vertex -38.342728132167736 -60.410947263387044 0.6099999999999994
    endloop
  endfacet
  facet normal 0 0 1
    outer loop
      vertex -38.32103695234571 -60.080003811662856 0.6099999999999994
      vertex -38.342728132167736 -60.410947263387044 0.6099999999999994
      vertex -38.32103695234571 -60.51999618833714 0.6099999999999994
    endloop
  endfacet
  facet normal 0 0 1
    outer loop
      vertex -38.28529760263459 -59.97471908248967 0.6099999999999994
      vertex -38.32103695234571 -60.51999618833714 0.6099999999999994
      vertex -38.28529760263459 -60.625280917510324 0.6099999999999994
    endloop
  endfacet
  facet normal 0 0 1
    outer loop
      vertex -38.23612159321677 -59.875 0.6099999999999994
      vertex -38.28529760263459 -60.625280917510324 0.6099999999999994
      vertex -38.23612159321677 -60.724999999999994 0.6099999999999994
    endloop
  endfacet
  facet normal 0 0 1
    outer loop
      vertex -38.17435033924755 -59.78255278534259 0.6099999999999994
      vertex -38.23612159321677 -60.724999999999994 0.6099999999999994
      vertex -38.17435033924755 -60.817447214657406 0.6099999999999994
    endloop
  endfacet
  facet normal 0 0 1
    outer loop
      vertex -38.101040764008566 -59.69895923599143 0.6099999999999994
      vertex -38.17435033924755 -59.78255278534259 0.6099999999999994
      vertex -38.17435033924755 -60.817447214657406 0.6099999999999994
    endloop
  endfacet
  facet normal 0 0 1
    outer loop
      vertex -38.01744721465741 -59.625649660752444 0.6099999999999994
      vertex -38.101040764008566 -59.69895923599143 0.6099999999999994
      vertex -38.101040764008566 -60.90104076400856 0.6099999999999994
    endloop
  endfacet
  facet normal 0 0 1
    outer loop
      vertex -38.01744721465741 -59.625649660752444 0.6099999999999994
      vertex -38.01744721465741 -60.97435033924755 0.6099999999999994
      vertex -37.925 -59.563878406783225 0.6099999999999994
    endloop
  endfacet
  facet normal 0 0 1
    outer loop
      vertex -37.82528091751033 -59.514702397365404 0.6099999999999994
      vertex -37.925 -59.563878406783225 0.6099999999999994
      vertex -37.925 -61.03612159321677 0.6099999999999994
    endloop
  endfacet
  facet normal 0 0 1
    outer loop
      vertex -38.101040764008566 -59.69895923599143 0.6099999999999994
      vertex -38.17435033924755 -60.817447214657406 0.6099999999999994
      vertex -38.101040764008566 -60.90104076400856 0.6099999999999994
    endloop
  endfacet
  facet normal 0 0 1
    outer loop
      vertex -38.01744721465741 -59.625649660752444 0.6099999999999994
      vertex -38.101040764008566 -60.90104076400856 0.6099999999999994
      vertex -38.01744721465741 -60.97435033924755 0.6099999999999994
    endloop
  endfacet
  facet normal 0 0 1
    outer loop
      vertex -37.925 -59.563878406783225 0.6099999999999994
      vertex -38.01744721465741 -60.97435033924755 0.6099999999999994
      vertex -37.925 -61.03612159321677 0.6099999999999994
    endloop
  endfacet
  facet normal 0 0 1
    outer loop
      vertex -37.82528091751033 -59.514702397365404 0.6099999999999994
      vertex -37.925 -61.03612159321677 0.6099999999999994
      vertex -37.82528091751033 -61.08529760263459 0.6099999999999994
    endloop
  endfacet
  facet normal 0 0 1
    outer loop
      vertex -37.82528091751033 -59.514702397365404 0.6099999999999994
      vertex -37.82528091751033 -61.08529760263459 0.6099999999999994
      vertex -37.71999618833714 -59.47896304765429 0.6099999999999994
    endloop
  endfacet
  facet normal 0 0 1
    outer loop
      vertex -37.71999618833714 -59.47896304765429 0.6099999999999994
      vertex -37.71999618833714 -61.121036952345705 0.6099999999999994
      vertex -37.61094726338705 -59.45727186783226 0.6099999999999994
    endloop
  endfacet
  facet normal 0 0 1
    outer loop
      vertex -37.5 -59.449999999999996 0.6099999999999994
      vertex -37.61094726338705 -59.45727186783226 0.6099999999999994
      vertex -37.61094726338705 -61.14272813216773 0.6099999999999994
    endloop
  endfacet
  facet normal 0 0 1
    outer loop
      vertex -37.5 -59.449999999999996 0.6099999999999994
      vertex -37.5 -61.15 0.6099999999999994
      vertex -37.38905273661295 -59.45727186783226 0.6099999999999994
    endloop
  endfacet
  facet normal 0 0 1
    outer loop
      vertex -37.38905273661295 -59.45727186783226 0.6099999999999994
      vertex -37.38905273661295 -61.14272813216773 0.6099999999999994
      vertex -37.28000381166286 -59.47896304765429 0.6099999999999994
    endloop
  endfacet
  facet normal 0 0 1
    outer loop
      vertex -37.28000381166286 -59.47896304765429 0.6099999999999994
      vertex -37.28000381166286 -61.121036952345705 0.6099999999999994
      vertex -37.17471908248967 -59.514702397365404 0.6099999999999994
    endloop
  endfacet
  facet normal 0 0 1
    outer loop
      vertex -37.17471908248967 -59.514702397365404 0.6099999999999994
      vertex -37.17471908248967 -61.08529760263459 0.6099999999999994
      vertex -37.075 -59.563878406783225 0.6099999999999994
    endloop
  endfacet
  facet normal 0 0 1
    outer loop
      vertex -37.71999618833714 -59.47896304765429 0.6099999999999994
      vertex -37.82528091751033 -61.08529760263459 0.6099999999999994
      vertex -37.71999618833714 -61.121036952345705 0.6099999999999994
    endloop
  endfacet
  facet normal 0 0 1
    outer loop
      vertex -37.61094726338705 -59.45727186783226 0.6099999999999994
      vertex -37.71999618833714 -61.121036952345705 0.6099999999999994
      vertex -37.61094726338705 -61.14272813216773 0.6099999999999994
    endloop
  endfacet
  facet normal 0 0 1
    outer loop
      vertex -37.5 -59.449999999999996 0.6099999999999994
      vertex -37.61094726338705 -61.14272813216773 0.6099999999999994
      vertex -37.5 -61.15 0.6099999999999994
    endloop
  endfacet
  facet normal 0 0 1
    outer loop
      vertex -37.5 -61.15 0.6099999999999994
      vertex -37.38905273661295 -61.14272813216773 0.6099999999999994
      vertex -37.38905273661295 -59.45727186783226 0.6099999999999994
    endloop
  endfacet
  facet normal 0 0 1
    outer loop
      vertex -37.28000381166286 -59.47896304765429 0.6099999999999994
      vertex -37.38905273661295 -61.14272813216773 0.6099999999999994
      vertex -37.28000381166286 -61.121036952345705 0.6099999999999994
    endloop
  endfacet
  facet normal 0 0 1
    outer loop
      vertex -37.075 -59.563878406783225 0.6099999999999994
      vertex -37.17471908248967 -61.08529760263459 0.6099999999999994
      vertex -37.075 -61.03612159321677 0.6099999999999994
    endloop
  endfacet
  facet normal 0 0 1
    outer loop
      vertex -37.17471908248967 -59.514702397365404 0.6099999999999994
      vertex -37.28000381166286 -61.121036952345705 0.6099999999999994
      vertex -37.17471908248967 -61.08529760263459 0.6099999999999994
    endloop
  endfacet
  facet normal 0 0 1
    outer loop
      vertex -37.075 -59.563878406783225 0.6099999999999994
      vertex -37.075 -61.03612159321677 0.6099999999999994
      vertex -36.98255278534259 -59.625649660752444 0.6099999999999994
    endloop
  endfacet
  facet normal 0 0 1
    outer loop
      vertex -36.98255278534259 -59.625649660752444 0.6099999999999994
      vertex -36.98255278534259 -60.97435033924755 0.6099999999999994
      vertex -36.898959235991434 -59.69895923599143 0.6099999999999994
    endloop
  endfacet
  facet normal 0 0 1
    outer loop
      vertex -36.898959235991434 -59.69895923599143 0.6099999999999994
      vertex -36.898959235991434 -60.90104076400856 0.6099999999999994
      vertex -36.82564966075245 -59.78255278534259 0.6099999999999994
    endloop
  endfacet
  facet normal 0 0 1
    outer loop
      vertex -36.82564966075245 -59.78255278534259 0.6099999999999994
      vertex -36.82564966075245 -60.817447214657406 0.6099999999999994
      vertex -36.76387840678323 -59.875 0.6099999999999994
    endloop
  endfacet
  facet normal 0 0 1
    outer loop
      vertex -36.76387840678323 -59.875 0.6099999999999994
      vertex -36.76387840678323 -60.724999999999994 0.6099999999999994
      vertex -36.71470239736541 -59.97471908248967 0.6099999999999994
    endloop
  endfacet
  facet normal 0 0 1
    outer loop
      vertex -36.71470239736541 -59.97471908248967 0.6099999999999994
      vertex -36.71470239736541 -60.625280917510324 0.6099999999999994
      vertex -36.67896304765429 -60.080003811662856 0.6099999999999994
    endloop
  endfacet
  facet normal 0 0 1
    outer loop
      vertex -36.71470239736541 -59.97471908248967 0.6099999999999994
      vertex -36.76387840678323 -60.724999999999994 0.6099999999999994
      vertex -36.71470239736541 -60.625280917510324 0.6099999999999994
    endloop
  endfacet
  facet normal 0 0 1
    outer loop
      vertex -36.67896304765429 -60.080003811662856 0.6099999999999994
      vertex -36.67896304765429 -60.51999618833714 0.6099999999999994
      vertex -36.657271867832264 -60.18905273661295 0.6099999999999994
    endloop
  endfacet
  facet normal 0 0 1
    outer loop
      vertex -36.657271867832264 -60.18905273661295 0.6099999999999994
      vertex -36.657271867832264 -60.410947263387044 0.6099999999999994
      vertex -36.65 -60.3 0.6099999999999994
    endloop
  endfacet
  facet normal 0 0 1
    outer loop
      vertex -36.657271867832264 -60.18905273661295 0.6099999999999994
      vertex -36.67896304765429 -60.51999618833714 0.6099999999999994
      vertex -36.657271867832264 -60.410947263387044 0.6099999999999994
    endloop
  endfacet
  facet normal 0 0 1
    outer loop
      vertex -36.67896304765429 -60.080003811662856 0.6099999999999994
      vertex -36.71470239736541 -60.625280917510324 0.6099999999999994
      vertex -36.67896304765429 -60.51999618833714 0.6099999999999994
    endloop
  endfacet
  facet normal 0 0 1
    outer loop
      vertex -36.898959235991434 -59.69895923599143 0.6099999999999994
      vertex -36.98255278534259 -60.97435033924755 0.6099999999999994
      vertex -36.898959235991434 -60.90104076400856 0.6099999999999994
    endloop
  endfacet
  facet normal 0 0 1
    outer loop
      vertex -36.98255278534259 -59.625649660752444 0.6099999999999994
      vertex -37.075 -61.03612159321677 0.6099999999999994
      vertex -36.98255278534259 -60.97435033924755 0.6099999999999994
    endloop
  endfacet
  facet normal 0 0 1
    outer loop
      vertex -36.76387840678323 -59.875 0.6099999999999994
      vertex -36.82564966075245 -60.817447214657406 0.6099999999999994
      vertex -36.76387840678323 -60.724999999999994 0.6099999999999994
    endloop
  endfacet
  facet normal 0 0 1
    outer loop
      vertex -36.82564966075245 -59.78255278534259 0.6099999999999994
      vertex -36.898959235991434 -60.90104076400856 0.6099999999999994
      vertex -36.82564966075245 -60.817447214657406 0.6099999999999994
    endloop
  endfacet
  facet normal 0.442288690219009 -0.8968727415326845 0
    outer loop
      vertex -37.925 -23.563878406783225 0.6099999999999994
      vertex -37.82528091751033 -23.514702397365404 4.5
      vertex -37.925 -23.563878406783225 4.5
    endloop
  endfacet
  facet normal 0.32143946530316087 -0.946930129495106 0
    outer loop
      vertex -37.82528091751033 -23.514702397365404 0.6099999999999994
      vertex -37.71999618833714 -23.47896304765429 4.5
      vertex -37.82528091751033 -23.514702397365404 4.5
    endloop
  endfacet
  facet normal 0.1950903220161422 -0.9807852804032277 0
    outer loop
      vertex -37.71999618833714 -23.47896304765429 0.6099999999999994
      vertex -37.61094726338705 -23.457271867832258 4.5
      vertex -37.71999618833714 -23.47896304765429 4.5
    endloop
  endfacet
  facet normal 0.06540312923015168 -0.9978589232386029 0
    outer loop
      vertex -37.61094726338705 -23.457271867832258 0.6099999999999994
      vertex -37.5 -23.449999999999996 4.5
      vertex -37.61094726338705 -23.457271867832258 4.5
    endloop
  endfacet
  facet normal -0.06540312923015168 -0.9978589232386029 0
    outer loop
      vertex -37.5 -23.449999999999996 0.6099999999999994
      vertex -37.38905273661295 -23.457271867832258 4.5
      vertex -37.5 -23.449999999999996 4.5
    endloop
  endfacet
  facet normal -0.1950903220161422 -0.9807852804032277 0
    outer loop
      vertex -37.38905273661295 -23.457271867832258 0.6099999999999994
      vertex -37.28000381166286 -23.47896304765429 4.5
      vertex -37.38905273661295 -23.457271867832258 4.5
    endloop
  endfacet
  facet normal -0.32143946530316087 -0.946930129495106 0
    outer loop
      vertex -37.28000381166286 -23.47896304765429 0.6099999999999994
      vertex -37.17471908248967 -23.514702397365404 4.5
      vertex -37.28000381166286 -23.47896304765429 4.5
    endloop
  endfacet
  facet normal -0.442288690219009 -0.8968727415326845 0
    outer loop
      vertex -37.17471908248967 -23.514702397365404 0.6099999999999994
      vertex -37.075 -23.563878406783225 4.5
      vertex -37.17471908248967 -23.514702397365404 4.5
    endloop
  endfacet
  facet normal -0.5555702330196042 -0.8314696123025438 0
    outer loop
      vertex -37.075 -23.563878406783225 0.6099999999999994
      vertex -36.98255278534259 -23.625649660752448 4.5
      vertex -37.075 -23.563878406783225 4.5
    endloop
  endfacet
  facet normal 0.442288690219009 -0.8968727415326845 6.06995546160308e-19
    outer loop
      vertex -37.925 -23.563878406783225 0.6099999999999994
      vertex -37.82528091751033 -23.514702397365404 0.6099999999999994
      vertex -37.82528091751033 -23.514702397365404 4.5
    endloop
  endfacet
  facet normal 0.5555702330196042 -0.8314696123025438 0
    outer loop
      vertex -37.925 -23.563878406783225 0.6099999999999994
      vertex -37.925 -23.563878406783225 4.5
      vertex -38.01744721465741 -23.625649660752448 0.6099999999999994
    endloop
  endfacet
  facet normal 0.1950903220161422 -0.9807852804032277 2.6528104898274566e-19
    outer loop
      vertex -37.71999618833714 -23.47896304765429 0.6099999999999994
      vertex -37.61094726338705 -23.457271867832258 0.6099999999999994
      vertex -37.61094726338705 -23.457271867832258 4.5
    endloop
  endfacet
  facet normal 0.32143946530316087 -0.946930129495106 -4.736902897060252e-19
    outer loop
      vertex -37.82528091751033 -23.514702397365404 0.6099999999999994
      vertex -37.71999618833714 -23.47896304765429 0.6099999999999994
      vertex -37.71999618833714 -23.47896304765429 4.5
    endloop
  endfacet
  facet normal 0.06540312923015168 -0.9978589232386029 -8.426487704392722e-20
    outer loop
      vertex -37.61094726338705 -23.457271867832258 0.6099999999999994
      vertex -37.5 -23.449999999999996 0.6099999999999994
      vertex -37.5 -23.449999999999996 4.5
    endloop
  endfacet
  facet normal -0.06540312923015168 -0.9978589232386029 8.426487704392722e-20
    outer loop
      vertex -37.5 -23.449999999999996 0.6099999999999994
      vertex -37.38905273661295 -23.457271867832258 0.6099999999999994
      vertex -37.38905273661295 -23.457271867832258 4.5
    endloop
  endfacet
  facet normal -0.1950903220161422 -0.9807852804032277 -2.6528104898274566e-19
    outer loop
      vertex -37.38905273661295 -23.457271867832258 0.6099999999999994
      vertex -37.28000381166286 -23.47896304765429 0.6099999999999994
      vertex -37.28000381166286 -23.47896304765429 4.5
    endloop
  endfacet
  facet normal -0.32143946530316087 -0.946930129495106 4.736902897060252e-19
    outer loop
      vertex -37.28000381166286 -23.47896304765429 0.6099999999999994
      vertex -37.17471908248967 -23.514702397365404 0.6099999999999994
      vertex -37.17471908248967 -23.514702397365404 4.5
    endloop
  endfacet
  facet normal -0.442288690219009 -0.8968727415326845 -6.06995546160308e-19
    outer loop
      vertex -37.17471908248967 -23.514702397365404 0.6099999999999994
      vertex -37.075 -23.563878406783225 0.6099999999999994
      vertex -37.075 -23.563878406783225 4.5
    endloop
  endfacet
  facet normal 0.8314696123025587 -0.5555702330195821 0
    outer loop
      vertex -38.23612159321677 -23.874999999999996 0.6099999999999994
      vertex -38.17435033924755 -23.782552785342585 4.5
      vertex -38.23612159321677 -23.874999999999996 4.5
    endloop
  endfacet
  facet normal 0.8968727415326908 -0.4422886902189964 0
    outer loop
      vertex -38.28529760263459 -23.97471908248967 0.6099999999999994
      vertex -38.23612159321677 -23.874999999999996 4.5
      vertex -38.28529760263459 -23.97471908248967 4.5
    endloop
  endfacet
  facet normal 0.946930129495106 -0.32143946530316087 0
    outer loop
      vertex -38.32103695234571 -24.080003811662856 0.6099999999999994
      vertex -38.28529760263459 -23.97471908248967 4.5
      vertex -38.32103695234571 -24.080003811662856 4.5
    endloop
  endfacet
  facet normal 0.6593458151000458 -0.7518398074789977 0
    outer loop
      vertex -38.101040764008566 -23.69895923599143 0.6099999999999994
      vertex -38.01744721465741 -23.625649660752448 4.5
      vertex -38.101040764008566 -23.69895923599143 4.5
    endloop
  endfacet
  facet normal 0.751839807478968 -0.6593458151000796 0
    outer loop
      vertex -38.17435033924755 -23.782552785342585 0.6099999999999994
      vertex -38.101040764008566 -23.69895923599143 4.5
      vertex -38.17435033924755 -23.782552785342585 4.5
    endloop
  endfacet
  facet normal 0.5555702330196042 -0.8314696123025438 0
    outer loop
      vertex -38.01744721465741 -23.625649660752448 0.6099999999999994
      vertex -37.925 -23.563878406783225 4.5
      vertex -38.01744721465741 -23.625649660752448 4.5
    endloop
  endfacet
  facet normal 0.980785280403235 -0.19509032201610535 0
    outer loop
      vertex -38.342728132167736 -24.189052736612954 0.6099999999999994
      vertex -38.32103695234571 -24.080003811662856 4.5
      vertex -38.342728132167736 -24.189052736612954 4.5
    endloop
  endfacet
  facet normal 0.9978589232386007 -0.06540312923018558 0
    outer loop
      vertex -38.35 -24.299999999999997 0.6099999999999994
      vertex -38.342728132167736 -24.189052736612954 4.5
      vertex -38.35 -24.299999999999997 4.5
    endloop
  endfacet
  facet normal 0.9978589232386007 0.06540312923018558 0
    outer loop
      vertex -38.342728132167736 -24.41094726338704 0.6099999999999994
      vertex -38.35 -24.299999999999997 4.5
      vertex -38.342728132167736 -24.41094726338704 4.5
    endloop
  endfacet
  facet normal 0.980785280403235 0.19509032201610535 0
    outer loop
      vertex -38.32103695234571 -24.51999618833714 0.6099999999999994
      vertex -38.342728132167736 -24.41094726338704 4.5
      vertex -38.32103695234571 -24.51999618833714 4.5
    endloop
  endfacet
  facet normal 0.946930129495106 0.32143946530316087 0
    outer loop
      vertex -38.28529760263459 -24.625280917510324 0.6099999999999994
      vertex -38.32103695234571 -24.51999618833714 4.5
      vertex -38.28529760263459 -24.625280917510324 4.5
    endloop
  endfacet
  facet normal 0.8968727415326908 0.4422886902189964 0
    outer loop
      vertex -38.23612159321677 -24.724999999999998 0.6099999999999994
      vertex -38.28529760263459 -24.625280917510324 4.5
      vertex -38.23612159321677 -24.724999999999998 4.5
    endloop
  endfacet
  facet normal 0.8314696123025587 0.5555702330195821 0
    outer loop
      vertex -38.17435033924755 -24.81744721465741 0.6099999999999994
      vertex -38.23612159321677 -24.724999999999998 4.5
      vertex -38.17435033924755 -24.81744721465741 4.5
    endloop
  endfacet
  facet normal 0.751839807478968 0.6593458151000796 0
    outer loop
      vertex -38.101040764008566 -24.901040764008563 0.6099999999999994
      vertex -38.17435033924755 -24.81744721465741 4.5
      vertex -38.101040764008566 -24.901040764008563 4.5
    endloop
  endfacet
  facet normal 0.6593458151000458 0.7518398074789977 0
    outer loop
      vertex -38.01744721465741 -24.974350339247547 0.6099999999999994
      vertex -38.101040764008566 -24.901040764008563 4.5
      vertex -38.01744721465741 -24.974350339247547 4.5
    endloop
  endfacet
  facet normal 0.5555702330196042 0.8314696123025438 0
    outer loop
      vertex -37.925 -25.03612159321677 0.6099999999999994
      vertex -38.01744721465741 -24.974350339247547 4.5
      vertex -37.925 -25.03612159321677 4.5
    endloop
  endfacet
  facet normal 0.442288690219009 0.8968727415326845 0
    outer loop
      vertex -37.82528091751033 -25.08529760263459 0.6099999999999994
      vertex -37.925 -25.03612159321677 4.5
      vertex -37.82528091751033 -25.08529760263459 4.5
    endloop
  endfacet
  facet normal -0.442288690219009 0.8968727415326845 0
    outer loop
      vertex -37.075 -25.03612159321677 0.6099999999999994
      vertex -37.17471908248967 -25.08529760263459 4.5
      vertex -37.075 -25.03612159321677 4.5
    endloop
  endfacet
  facet normal 0.32143946530316087 0.946930129495106 0
    outer loop
      vertex -37.71999618833714 -25.121036952345705 0.6099999999999994
      vertex -37.82528091751033 -25.08529760263459 4.5
      vertex -37.71999618833714 -25.121036952345705 4.5
    endloop
  endfacet
  facet normal 0.1950903220161422 0.9807852804032277 0
    outer loop
      vertex -37.61094726338705 -25.142728132167736 0.6099999999999994
      vertex -37.71999618833714 -25.121036952345705 4.5
      vertex -37.61094726338705 -25.142728132167736 4.5
    endloop
  endfacet
  facet normal 0.06540312923015168 0.9978589232386029 0
    outer loop
      vertex -37.5 -25.15 0.6099999999999994
      vertex -37.61094726338705 -25.142728132167736 4.5
      vertex -37.5 -25.15 4.5
    endloop
  endfacet
  facet normal -0.1950903220161422 0.9807852804032277 0
    outer loop
      vertex -37.28000381166286 -25.121036952345705 0.6099999999999994
      vertex -37.38905273661295 -25.142728132167736 4.5
      vertex -37.28000381166286 -25.121036952345705 4.5
    endloop
  endfacet
  facet normal -0.06540312923015168 0.9978589232386029 0
    outer loop
      vertex -37.38905273661295 -25.142728132167736 0.6099999999999994
      vertex -37.5 -25.15 4.5
      vertex -37.38905273661295 -25.142728132167736 4.5
    endloop
  endfacet
  facet normal -0.32143946530316087 0.946930129495106 0
    outer loop
      vertex -37.17471908248967 -25.08529760263459 0.6099999999999994
      vertex -37.28000381166286 -25.121036952345705 4.5
      vertex -37.17471908248967 -25.08529760263459 4.5
    endloop
  endfacet
  facet normal -0.6593458151000458 -0.7518398074789977 0
    outer loop
      vertex -36.98255278534259 -23.625649660752448 0.6099999999999994
      vertex -36.898959235991434 -23.69895923599143 4.5
      vertex -36.98255278534259 -23.625649660752448 4.5
    endloop
  endfacet
  facet normal -0.751839807478968 -0.6593458151000796 0
    outer loop
      vertex -36.898959235991434 -23.69895923599143 0.6099999999999994
      vertex -36.82564966075245 -23.782552785342585 4.5
      vertex -36.898959235991434 -23.69895923599143 4.5
    endloop
  endfacet
  facet normal -0.8314696123025587 -0.5555702330195821 0
    outer loop
      vertex -36.82564966075245 -23.782552785342585 0.6099999999999994
      vertex -36.76387840678323 -23.874999999999996 4.5
      vertex -36.82564966075245 -23.782552785342585 4.5
    endloop
  endfacet
  facet normal -0.8968727415326908 -0.4422886902189964 0
    outer loop
      vertex -36.76387840678323 -23.874999999999996 0.6099999999999994
      vertex -36.71470239736541 -23.97471908248967 4.5
      vertex -36.76387840678323 -23.874999999999996 4.5
    endloop
  endfacet
  facet normal -0.946930129495106 -0.32143946530316087 0
    outer loop
      vertex -36.71470239736541 -23.97471908248967 0.6099999999999994
      vertex -36.67896304765429 -24.080003811662856 4.5
      vertex -36.71470239736541 -23.97471908248967 4.5
    endloop
  endfacet
  facet normal -0.980785280403235 -0.19509032201610535 0
    outer loop
      vertex -36.67896304765429 -24.080003811662856 0.6099999999999994
      vertex -36.657271867832264 -24.189052736612954 4.5
      vertex -36.67896304765429 -24.080003811662856 4.5
    endloop
  endfacet
  facet normal -0.9978589232386007 -0.06540312923018558 0
    outer loop
      vertex -36.657271867832264 -24.189052736612954 0.6099999999999994
      vertex -36.65 -24.299999999999997 4.5
      vertex -36.657271867832264 -24.189052736612954 4.5
    endloop
  endfacet
  facet normal -0.9978589232386007 0.06540312923018558 0
    outer loop
      vertex -36.65 -24.299999999999997 0.6099999999999994
      vertex -36.657271867832264 -24.41094726338704 4.5
      vertex -36.65 -24.299999999999997 4.5
    endloop
  endfacet
  facet normal -0.980785280403235 0.19509032201610535 0
    outer loop
      vertex -36.657271867832264 -24.41094726338704 0.6099999999999994
      vertex -36.67896304765429 -24.51999618833714 4.5
      vertex -36.657271867832264 -24.41094726338704 4.5
    endloop
  endfacet
  facet normal -0.946930129495106 0.32143946530316087 0
    outer loop
      vertex -36.67896304765429 -24.51999618833714 0.6099999999999994
      vertex -36.71470239736541 -24.625280917510324 4.5
      vertex -36.67896304765429 -24.51999618833714 4.5
    endloop
  endfacet
  facet normal -0.8968727415326908 0.4422886902189964 0
    outer loop
      vertex -36.71470239736541 -24.625280917510324 0.6099999999999994
      vertex -36.76387840678323 -24.724999999999998 4.5
      vertex -36.71470239736541 -24.625280917510324 4.5
    endloop
  endfacet
  facet normal -0.8314696123025587 0.5555702330195821 0
    outer loop
      vertex -36.76387840678323 -24.724999999999998 0.6099999999999994
      vertex -36.82564966075245 -24.81744721465741 4.5
      vertex -36.76387840678323 -24.724999999999998 4.5
    endloop
  endfacet
  facet normal -0.6593458151000458 0.7518398074789977 0
    outer loop
      vertex -36.898959235991434 -24.901040764008563 0.6099999999999994
      vertex -36.98255278534259 -24.974350339247547 4.5
      vertex -36.898959235991434 -24.901040764008563 4.5
    endloop
  endfacet
  facet normal -0.5555702330196042 0.8314696123025438 0
    outer loop
      vertex -36.98255278534259 -24.974350339247547 0.6099999999999994
      vertex -37.075 -25.03612159321677 4.5
      vertex -36.98255278534259 -24.974350339247547 4.5
    endloop
  endfacet
  facet normal -0.751839807478968 0.6593458151000796 0
    outer loop
      vertex -36.82564966075245 -24.81744721465741 0.6099999999999994
      vertex -36.898959235991434 -24.901040764008563 4.5
      vertex -36.82564966075245 -24.81744721465741 4.5
    endloop
  endfacet
  facet normal 0.8314696123025587 -0.5555702330195821 -7.387409050935856e-19
    outer loop
      vertex -38.23612159321677 -23.874999999999996 0.6099999999999994
      vertex -38.17435033924755 -23.782552785342585 0.6099999999999994
      vertex -38.17435033924755 -23.782552785342585 4.5
    endloop
  endfacet
  facet normal 0.8968727415326908 -0.4422886902189964 0
    outer loop
      vertex -38.23612159321677 -23.874999999999996 0.6099999999999994
      vertex -38.23612159321677 -23.874999999999996 4.5
      vertex -38.28529760263459 -23.97471908248967 0.6099999999999994
    endloop
  endfacet
  facet normal 0.946930129495106 -0.32143946530316087 0
    outer loop
      vertex -38.28529760263459 -23.97471908248967 0.6099999999999994
      vertex -38.28529760263459 -23.97471908248967 4.5
      vertex -38.32103695234571 -24.080003811662856 0.6099999999999994
    endloop
  endfacet
  facet normal 0.6593458151000458 -0.7518398074789977 6.146321670147664e-19
    outer loop
      vertex -38.101040764008566 -23.69895923599143 0.6099999999999994
      vertex -38.01744721465741 -23.625649660752448 0.6099999999999994
      vertex -38.01744721465741 -23.625649660752448 4.5
    endloop
  endfacet
  facet normal 0.751839807478968 -0.6593458151000796 0
    outer loop
      vertex -38.101040764008566 -23.69895923599143 0.6099999999999994
      vertex -38.101040764008566 -23.69895923599143 4.5
      vertex -38.17435033924755 -23.782552785342585 0.6099999999999994
    endloop
  endfacet
  facet normal 0.980785280403235 -0.19509032201610535 0
    outer loop
      vertex -38.32103695234571 -24.080003811662856 0.6099999999999994
      vertex -38.32103695234571 -24.080003811662856 4.5
      vertex -38.342728132167736 -24.189052736612954 0.6099999999999994
    endloop
  endfacet
  facet normal 0.9978589232386007 -0.06540312923018558 0
    outer loop
      vertex -38.342728132167736 -24.189052736612954 0.6099999999999994
      vertex -38.342728132167736 -24.189052736612954 4.5
      vertex -38.35 -24.299999999999997 0.6099999999999994
    endloop
  endfacet
  facet normal 0.9978589232386007 0.06540312923018558 0
    outer loop
      vertex -38.35 -24.299999999999997 0.6099999999999994
      vertex -38.35 -24.299999999999997 4.5
      vertex -38.342728132167736 -24.41094726338704 0.6099999999999994
    endloop
  endfacet
  facet normal 0.980785280403235 0.19509032201610535 0
    outer loop
      vertex -38.342728132167736 -24.41094726338704 0.6099999999999994
      vertex -38.342728132167736 -24.41094726338704 4.5
      vertex -38.32103695234571 -24.51999618833714 0.6099999999999994
    endloop
  endfacet
  facet normal 0.946930129495106 0.32143946530316087 0
    outer loop
      vertex -38.32103695234571 -24.51999618833714 0.6099999999999994
      vertex -38.32103695234571 -24.51999618833714 4.5
      vertex -38.28529760263459 -24.625280917510324 0.6099999999999994
    endloop
  endfacet
  facet normal 0.8968727415326908 0.4422886902189964 0
    outer loop
      vertex -38.28529760263459 -24.625280917510324 0.6099999999999994
      vertex -38.28529760263459 -24.625280917510324 4.5
      vertex -38.23612159321677 -24.724999999999998 0.6099999999999994
    endloop
  endfacet
  facet normal 0.8314696123025587 0.5555702330195821 0
    outer loop
      vertex -38.23612159321677 -24.724999999999998 0.6099999999999994
      vertex -38.23612159321677 -24.724999999999998 4.5
      vertex -38.17435033924755 -24.81744721465741 0.6099999999999994
    endloop
  endfacet
  facet normal 0.751839807478968 0.6593458151000796 0
    outer loop
      vertex -38.17435033924755 -24.81744721465741 0.6099999999999994
      vertex -38.17435033924755 -24.81744721465741 4.5
      vertex -38.101040764008566 -24.901040764008563 0.6099999999999994
    endloop
  endfacet
  facet normal 0.6593458151000458 0.7518398074789977 0
    outer loop
      vertex -38.101040764008566 -24.901040764008563 0.6099999999999994
      vertex -38.101040764008566 -24.901040764008563 4.5
      vertex -38.01744721465741 -24.974350339247547 0.6099999999999994
    endloop
  endfacet
  facet normal 0.5555702330196042 0.8314696123025438 0
    outer loop
      vertex -38.01744721465741 -24.974350339247547 0.6099999999999994
      vertex -38.01744721465741 -24.974350339247547 4.5
      vertex -37.925 -25.03612159321677 0.6099999999999994
    endloop
  endfacet
  facet normal 0.442288690219009 0.8968727415326845 0
    outer loop
      vertex -37.925 -25.03612159321677 0.6099999999999994
      vertex -37.925 -25.03612159321677 4.5
      vertex -37.82528091751033 -25.08529760263459 0.6099999999999994
    endloop
  endfacet
  facet normal 0.32143946530316087 0.946930129495106 0
    outer loop
      vertex -37.82528091751033 -25.08529760263459 0.6099999999999994
      vertex -37.82528091751033 -25.08529760263459 4.5
      vertex -37.71999618833714 -25.121036952345705 0.6099999999999994
    endloop
  endfacet
  facet normal 0.1950903220161422 0.9807852804032277 0
    outer loop
      vertex -37.71999618833714 -25.121036952345705 0.6099999999999994
      vertex -37.71999618833714 -25.121036952345705 4.5
      vertex -37.61094726338705 -25.142728132167736 0.6099999999999994
    endloop
  endfacet
  facet normal 0.06540312923015168 0.9978589232386029 0
    outer loop
      vertex -37.61094726338705 -25.142728132167736 0.6099999999999994
      vertex -37.61094726338705 -25.142728132167736 4.5
      vertex -37.5 -25.15 0.6099999999999994
    endloop
  endfacet
  facet normal -0.06540312923015168 0.9978589232386029 0
    outer loop
      vertex -37.5 -25.15 0.6099999999999994
      vertex -37.5 -25.15 4.5
      vertex -37.38905273661295 -25.142728132167736 0.6099999999999994
    endloop
  endfacet
  facet normal -0.1950903220161422 0.9807852804032277 0
    outer loop
      vertex -37.38905273661295 -25.142728132167736 0.6099999999999994
      vertex -37.38905273661295 -25.142728132167736 4.5
      vertex -37.28000381166286 -25.121036952345705 0.6099999999999994
    endloop
  endfacet
  facet normal -0.32143946530316087 0.946930129495106 0
    outer loop
      vertex -37.28000381166286 -25.121036952345705 0.6099999999999994
      vertex -37.28000381166286 -25.121036952345705 4.5
      vertex -37.17471908248967 -25.08529760263459 0.6099999999999994
    endloop
  endfacet
  facet normal -0.442288690219009 0.8968727415326845 0
    outer loop
      vertex -37.17471908248967 -25.08529760263459 0.6099999999999994
      vertex -37.17471908248967 -25.08529760263459 4.5
      vertex -37.075 -25.03612159321677 0.6099999999999994
    endloop
  endfacet
  facet normal -0.5555702330196042 -0.8314696123025438 -5.924327816214384e-19
    outer loop
      vertex -37.075 -23.563878406783225 0.6099999999999994
      vertex -36.98255278534259 -23.625649660752448 0.6099999999999994
      vertex -36.98255278534259 -23.625649660752448 4.5
    endloop
  endfacet
  facet normal -0.6593458151000458 -0.7518398074789977 -6.146321670147664e-19
    outer loop
      vertex -36.98255278534259 -23.625649660752448 0.6099999999999994
      vertex -36.898959235991434 -23.69895923599143 0.6099999999999994
      vertex -36.898959235991434 -23.69895923599143 4.5
    endloop
  endfacet
  facet normal -0.751839807478968 -0.6593458151000796 -8.616143975298594e-19
    outer loop
      vertex -36.898959235991434 -23.69895923599143 0.6099999999999994
      vertex -36.82564966075245 -23.782552785342585 0.6099999999999994
      vertex -36.82564966075245 -23.782552785342585 4.5
    endloop
  endfacet
  facet normal -0.8314696123025587 -0.5555702330195821 7.387409050935856e-19
    outer loop
      vertex -36.82564966075245 -23.782552785342585 0.6099999999999994
      vertex -36.76387840678323 -23.874999999999996 0.6099999999999994
      vertex -36.76387840678323 -23.874999999999996 4.5
    endloop
  endfacet
  facet normal -0.8968727415326908 -0.4422886902189964 5.46246495893825e-19
    outer loop
      vertex -36.76387840678323 -23.874999999999996 0.6099999999999994
      vertex -36.71470239736541 -23.97471908248967 0.6099999999999994
      vertex -36.71470239736541 -23.97471908248967 4.5
    endloop
  endfacet
  facet normal -0.946930129495106 -0.32143946530316087 4.736902897060252e-19
    outer loop
      vertex -36.71470239736541 -23.97471908248967 0.6099999999999994
      vertex -36.67896304765429 -24.080003811662856 0.6099999999999994
      vertex -36.67896304765429 -24.080003811662856 4.5
    endloop
  endfacet
  facet normal -0.980785280403235 -0.19509032201610535 3.7108381227177937e-19
    outer loop
      vertex -36.67896304765429 -24.080003811662856 0.6099999999999994
      vertex -36.657271867832264 -24.189052736612954 0.6099999999999994
      vertex -36.657271867832264 -24.189052736612954 4.5
    endloop
  endfacet
  facet normal -0.9978589232386007 -0.06540312923018558 2.5265324490397614e-20
    outer loop
      vertex -36.657271867832264 -24.189052736612954 0.6099999999999994
      vertex -36.65 -24.299999999999997 0.6099999999999994
      vertex -36.65 -24.299999999999997 4.5
    endloop
  endfacet
  facet normal -0.9978589232386007 0.06540312923018558 -2.5265324490397614e-20
    outer loop
      vertex -36.65 -24.299999999999997 0.6099999999999994
      vertex -36.657271867832264 -24.41094726338704 0.6099999999999994
      vertex -36.657271867832264 -24.41094726338704 4.5
    endloop
  endfacet
  facet normal -0.980785280403235 0.19509032201610535 -3.7108381227177937e-19
    outer loop
      vertex -36.657271867832264 -24.41094726338704 0.6099999999999994
      vertex -36.67896304765429 -24.51999618833714 0.6099999999999994
      vertex -36.67896304765429 -24.51999618833714 4.5
    endloop
  endfacet
  facet normal -0.8968727415326908 0.4422886902189964 0
    outer loop
      vertex -36.76387840678323 -24.724999999999998 0.6099999999999994
      vertex -36.76387840678323 -24.724999999999998 4.5
      vertex -36.71470239736541 -24.625280917510324 0.6099999999999994
    endloop
  endfacet
  facet normal -0.946930129495106 0.32143946530316087 -4.736902897060252e-19
    outer loop
      vertex -36.67896304765429 -24.51999618833714 0.6099999999999994
      vertex -36.71470239736541 -24.625280917510324 0.6099999999999994
      vertex -36.71470239736541 -24.625280917510324 4.5
    endloop
  endfacet
  facet normal -0.8314696123025587 0.5555702330195821 -7.387409050935856e-19
    outer loop
      vertex -36.76387840678323 -24.724999999999998 0.6099999999999994
      vertex -36.82564966075245 -24.81744721465741 0.6099999999999994
      vertex -36.82564966075245 -24.81744721465741 4.5
    endloop
  endfacet
  facet normal -0.5555702330196042 0.8314696123025438 5.924327816214384e-19
    outer loop
      vertex -36.98255278534259 -24.974350339247547 0.6099999999999994
      vertex -37.075 -25.03612159321677 0.6099999999999994
      vertex -37.075 -25.03612159321677 4.5
    endloop
  endfacet
  facet normal -0.6593458151000458 0.7518398074789977 0
    outer loop
      vertex -36.98255278534259 -24.974350339247547 0.6099999999999994
      vertex -36.98255278534259 -24.974350339247547 4.5
      vertex -36.898959235991434 -24.901040764008563 0.6099999999999994
    endloop
  endfacet
  facet normal -0.751839807478968 0.6593458151000796 0
    outer loop
      vertex -36.898959235991434 -24.901040764008563 0.6099999999999994
      vertex -36.898959235991434 -24.901040764008563 4.5
      vertex -36.82564966075245 -24.81744721465741 0.6099999999999994
    endloop
  endfacet
  facet normal 0 0 1
    outer loop
      vertex -38.101040764008566 -23.69895923599143 0.6099999999999994
      vertex -38.101040764008566 -24.901040764008563 0.6099999999999994
      vertex -38.01744721465741 -23.625649660752448 0.6099999999999994
    endloop
  endfacet
  facet normal 0 0 1
    outer loop
      vertex -37.925 -23.563878406783225 0.6099999999999994
      vertex -37.925 -25.03612159321677 0.6099999999999994
      vertex -37.82528091751033 -23.514702397365404 0.6099999999999994
    endloop
  endfacet
  facet normal 0 0 1
    outer loop
      vertex -37.925 -23.563878406783225 0.6099999999999994
      vertex -38.01744721465741 -23.625649660752448 0.6099999999999994
      vertex -38.01744721465741 -24.974350339247547 0.6099999999999994
    endloop
  endfacet
  facet normal 0 0 1
    outer loop
      vertex -38.23612159321677 -23.874999999999996 0.6099999999999994
      vertex -38.23612159321677 -24.724999999999998 0.6099999999999994
      vertex -38.17435033924755 -23.782552785342585 0.6099999999999994
    endloop
  endfacet
  facet normal 0 0 1
    outer loop
      vertex -38.23612159321677 -23.874999999999996 0.6099999999999994
      vertex -38.28529760263459 -23.97471908248967 0.6099999999999994
      vertex -38.28529760263459 -24.625280917510324 0.6099999999999994
    endloop
  endfacet
  facet normal 0 0 1
    outer loop
      vertex -38.28529760263459 -23.97471908248967 0.6099999999999994
      vertex -38.32103695234571 -24.080003811662856 0.6099999999999994
      vertex -38.32103695234571 -24.51999618833714 0.6099999999999994
    endloop
  endfacet
  facet normal 0 0 1
    outer loop
      vertex -38.32103695234571 -24.080003811662856 0.6099999999999994
      vertex -38.342728132167736 -24.189052736612954 0.6099999999999994
      vertex -38.342728132167736 -24.41094726338704 0.6099999999999994
    endloop
  endfacet
  facet normal 0 0 1
    outer loop
      vertex -38.342728132167736 -24.189052736612954 0.6099999999999994
      vertex -38.35 -24.299999999999997 0.6099999999999994
      vertex -38.342728132167736 -24.41094726338704 0.6099999999999994
    endloop
  endfacet
  facet normal 0 0 1
    outer loop
      vertex -38.32103695234571 -24.080003811662856 0.6099999999999994
      vertex -38.342728132167736 -24.41094726338704 0.6099999999999994
      vertex -38.32103695234571 -24.51999618833714 0.6099999999999994
    endloop
  endfacet
  facet normal 0 0 1
    outer loop
      vertex -38.28529760263459 -23.97471908248967 0.6099999999999994
      vertex -38.32103695234571 -24.51999618833714 0.6099999999999994
      vertex -38.28529760263459 -24.625280917510324 0.6099999999999994
    endloop
  endfacet
  facet normal 0 0 1
    outer loop
      vertex -38.23612159321677 -23.874999999999996 0.6099999999999994
      vertex -38.28529760263459 -24.625280917510324 0.6099999999999994
      vertex -38.23612159321677 -24.724999999999998 0.6099999999999994
    endloop
  endfacet
  facet normal 0 0 1
    outer loop
      vertex -38.17435033924755 -23.782552785342585 0.6099999999999994
      vertex -38.23612159321677 -24.724999999999998 0.6099999999999994
      vertex -38.17435033924755 -24.81744721465741 0.6099999999999994
    endloop
  endfacet
  facet normal 0 0 1
    outer loop
      vertex -38.101040764008566 -23.69895923599143 0.6099999999999994
      vertex -38.17435033924755 -23.782552785342585 0.6099999999999994
      vertex -38.17435033924755 -24.81744721465741 0.6099999999999994
    endloop
  endfacet
  facet normal 0 0 1
    outer loop
      vertex -38.101040764008566 -23.69895923599143 0.6099999999999994
      vertex -38.17435033924755 -24.81744721465741 0.6099999999999994
      vertex -38.101040764008566 -24.901040764008563 0.6099999999999994
    endloop
  endfacet
  facet normal 0 0 1
    outer loop
      vertex -38.01744721465741 -23.625649660752448 0.6099999999999994
      vertex -38.101040764008566 -24.901040764008563 0.6099999999999994
      vertex -38.01744721465741 -24.974350339247547 0.6099999999999994
    endloop
  endfacet
  facet normal 0 0 1
    outer loop
      vertex -37.925 -23.563878406783225 0.6099999999999994
      vertex -38.01744721465741 -24.974350339247547 0.6099999999999994
      vertex -37.925 -25.03612159321677 0.6099999999999994
    endloop
  endfacet
  facet normal 0 0 1
    outer loop
      vertex -37.82528091751033 -23.514702397365404 0.6099999999999994
      vertex -37.925 -25.03612159321677 0.6099999999999994
      vertex -37.82528091751033 -25.08529760263459 0.6099999999999994
    endloop
  endfacet
  facet normal 0 0 1
    outer loop
      vertex -37.82528091751033 -23.514702397365404 0.6099999999999994
      vertex -37.82528091751033 -25.08529760263459 0.6099999999999994
      vertex -37.71999618833714 -23.47896304765429 0.6099999999999994
    endloop
  endfacet
  facet normal 0 0 1
    outer loop
      vertex -37.71999618833714 -23.47896304765429 0.6099999999999994
      vertex -37.71999618833714 -25.121036952345705 0.6099999999999994
      vertex -37.61094726338705 -23.457271867832258 0.6099999999999994
    endloop
  endfacet
  facet normal 0 0 1
    outer loop
      vertex -37.61094726338705 -23.457271867832258 0.6099999999999994
      vertex -37.61094726338705 -25.142728132167736 0.6099999999999994
      vertex -37.5 -23.449999999999996 0.6099999999999994
    endloop
  endfacet
  facet normal 0 0 1
    outer loop
      vertex -37.5 -23.449999999999996 0.6099999999999994
      vertex -37.5 -25.15 0.6099999999999994
      vertex -37.38905273661295 -23.457271867832258 0.6099999999999994
    endloop
  endfacet
  facet normal 0 0 1
    outer loop
      vertex -37.38905273661295 -23.457271867832258 0.6099999999999994
      vertex -37.38905273661295 -25.142728132167736 0.6099999999999994
      vertex -37.28000381166286 -23.47896304765429 0.6099999999999994
    endloop
  endfacet
  facet normal 0 0 1
    outer loop
      vertex -37.28000381166286 -23.47896304765429 0.6099999999999994
      vertex -37.28000381166286 -25.121036952345705 0.6099999999999994
      vertex -37.17471908248967 -23.514702397365404 0.6099999999999994
    endloop
  endfacet
  facet normal 0 0 1
    outer loop
      vertex -37.17471908248967 -23.514702397365404 0.6099999999999994
      vertex -37.17471908248967 -25.08529760263459 0.6099999999999994
      vertex -37.075 -23.563878406783225 0.6099999999999994
    endloop
  endfacet
  facet normal 0 0 1
    outer loop
      vertex -37.71999618833714 -23.47896304765429 0.6099999999999994
      vertex -37.82528091751033 -25.08529760263459 0.6099999999999994
      vertex -37.71999618833714 -25.121036952345705 0.6099999999999994
    endloop
  endfacet
  facet normal 0 0 1
    outer loop
      vertex -37.075 -23.563878406783225 0.6099999999999994
      vertex -37.17471908248967 -25.08529760263459 0.6099999999999994
      vertex -37.075 -25.03612159321677 0.6099999999999994
    endloop
  endfacet
  facet normal 0 0 1
    outer loop
      vertex -37.61094726338705 -23.457271867832258 0.6099999999999994
      vertex -37.71999618833714 -25.121036952345705 0.6099999999999994
      vertex -37.61094726338705 -25.142728132167736 0.6099999999999994
    endloop
  endfacet
  facet normal 0 0 1
    outer loop
      vertex -37.5 -23.449999999999996 0.6099999999999994
      vertex -37.61094726338705 -25.142728132167736 0.6099999999999994
      vertex -37.5 -25.15 0.6099999999999994
    endloop
  endfacet
  facet normal 0 0 1
    outer loop
      vertex -37.5 -25.15 0.6099999999999994
      vertex -37.38905273661295 -25.142728132167736 0.6099999999999994
      vertex -37.38905273661295 -23.457271867832258 0.6099999999999994
    endloop
  endfacet
  facet normal 0 0 1
    outer loop
      vertex -37.28000381166286 -23.47896304765429 0.6099999999999994
      vertex -37.38905273661295 -25.142728132167736 0.6099999999999994
      vertex -37.28000381166286 -25.121036952345705 0.6099999999999994
    endloop
  endfacet
  facet normal 0 0 1
    outer loop
      vertex -37.17471908248967 -23.514702397365404 0.6099999999999994
      vertex -37.28000381166286 -25.121036952345705 0.6099999999999994
      vertex -37.17471908248967 -25.08529760263459 0.6099999999999994
    endloop
  endfacet
  facet normal 0 0 1
    outer loop
      vertex -37.075 -23.563878406783225 0.6099999999999994
      vertex -37.075 -25.03612159321677 0.6099999999999994
      vertex -36.98255278534259 -23.625649660752448 0.6099999999999994
    endloop
  endfacet
  facet normal 0 0 1
    outer loop
      vertex -36.98255278534259 -23.625649660752448 0.6099999999999994
      vertex -36.98255278534259 -24.974350339247547 0.6099999999999994
      vertex -36.898959235991434 -23.69895923599143 0.6099999999999994
    endloop
  endfacet
  facet normal 0 0 1
    outer loop
      vertex -36.898959235991434 -23.69895923599143 0.6099999999999994
      vertex -36.898959235991434 -24.901040764008563 0.6099999999999994
      vertex -36.82564966075245 -23.782552785342585 0.6099999999999994
    endloop
  endfacet
  facet normal 0 0 1
    outer loop
      vertex -36.82564966075245 -23.782552785342585 0.6099999999999994
      vertex -36.82564966075245 -24.81744721465741 0.6099999999999994
      vertex -36.76387840678323 -23.874999999999996 0.6099999999999994
    endloop
  endfacet
  facet normal 0 0 1
    outer loop
      vertex -36.76387840678323 -23.874999999999996 0.6099999999999994
      vertex -36.76387840678323 -24.724999999999998 0.6099999999999994
      vertex -36.71470239736541 -23.97471908248967 0.6099999999999994
    endloop
  endfacet
  facet normal 0 0 1
    outer loop
      vertex -36.71470239736541 -23.97471908248967 0.6099999999999994
      vertex -36.71470239736541 -24.625280917510324 0.6099999999999994
      vertex -36.67896304765429 -24.080003811662856 0.6099999999999994
    endloop
  endfacet
  facet normal 0 0 1
    outer loop
      vertex -36.98255278534259 -23.625649660752448 0.6099999999999994
      vertex -37.075 -25.03612159321677 0.6099999999999994
      vertex -36.98255278534259 -24.974350339247547 0.6099999999999994
    endloop
  endfacet
  facet normal 0 0 1
    outer loop
      vertex -36.898959235991434 -23.69895923599143 0.6099999999999994
      vertex -36.98255278534259 -24.974350339247547 0.6099999999999994
      vertex -36.898959235991434 -24.901040764008563 0.6099999999999994
    endloop
  endfacet
  facet normal 0 0 1
    outer loop
      vertex -36.71470239736541 -23.97471908248967 0.6099999999999994
      vertex -36.76387840678323 -24.724999999999998 0.6099999999999994
      vertex -36.71470239736541 -24.625280917510324 0.6099999999999994
    endloop
  endfacet
  facet normal 0 0 1
    outer loop
      vertex -36.76387840678323 -23.874999999999996 0.6099999999999994
      vertex -36.82564966075245 -24.81744721465741 0.6099999999999994
      vertex -36.76387840678323 -24.724999999999998 0.6099999999999994
    endloop
  endfacet
  facet normal 0 0 1
    outer loop
      vertex -36.82564966075245 -23.782552785342585 0.6099999999999994
      vertex -36.898959235991434 -24.901040764008563 0.6099999999999994
      vertex -36.82564966075245 -24.81744721465741 0.6099999999999994
    endloop
  endfacet
  facet normal 0 0 1
    outer loop
      vertex -36.67896304765429 -24.080003811662856 0.6099999999999994
      vertex -36.67896304765429 -24.51999618833714 0.6099999999999994
      vertex -36.657271867832264 -24.189052736612954 0.6099999999999994
    endloop
  endfacet
  facet normal 0 0 1
    outer loop
      vertex -36.657271867832264 -24.189052736612954 0.6099999999999994
      vertex -36.657271867832264 -24.41094726338704 0.6099999999999994
      vertex -36.65 -24.299999999999997 0.6099999999999994
    endloop
  endfacet
  facet normal 0 0 1
    outer loop
      vertex -36.657271867832264 -24.189052736612954 0.6099999999999994
      vertex -36.67896304765429 -24.51999618833714 0.6099999999999994
      vertex -36.657271867832264 -24.41094726338704 0.6099999999999994
    endloop
  endfacet
  facet normal 0 0 1
    outer loop
      vertex -36.67896304765429 -24.080003811662856 0.6099999999999994
      vertex -36.71470239736541 -24.625280917510324 0.6099999999999994
      vertex -36.67896304765429 -24.51999618833714 0.6099999999999994
    endloop
  endfacet
  facet normal 0.6593458151000638 -0.7518398074789818 0
    outer loop
      vertex 36.898959235991434 -59.69895923599143 0.6099999999999994
      vertex 36.98255278534259 -59.625649660752444 4.5
      vertex 36.898959235991434 -59.69895923599143 4.5
    endloop
  endfacet
  facet normal 0.5555702330195821 -0.8314696123025587 0
    outer loop
      vertex 36.98255278534259 -59.625649660752444 0.6099999999999994
      vertex 37.075 -59.563878406783225 4.5
      vertex 36.98255278534259 -59.625649660752444 4.5
    endloop
  endfacet
  facet normal 0.7518398074789818 -0.6593458151000638 0
    outer loop
      vertex 36.82564966075245 -59.78255278534259 0.6099999999999994
      vertex 36.898959235991434 -59.69895923599143 4.5
      vertex 36.82564966075245 -59.78255278534259 4.5
    endloop
  endfacet
  facet normal 0.8968727415326845 -0.442288690219009 0
    outer loop
      vertex 36.71470239736541 -59.97471908248967 0.6099999999999994
      vertex 36.76387840678323 -59.875 4.5
      vertex 36.71470239736541 -59.97471908248967 4.5
    endloop
  endfacet
  facet normal 0.8314696123025587 -0.5555702330195821 0
    outer loop
      vertex 36.76387840678323 -59.875 0.6099999999999994
      vertex 36.82564966075245 -59.78255278534259 4.5
      vertex 36.76387840678323 -59.875 4.5
    endloop
  endfacet
  facet normal 0.946930129495106 -0.32143946530316087 0
    outer loop
      vertex 36.67896304765429 -60.080003811662856 0.6099999999999994
      vertex 36.71470239736541 -59.97471908248967 4.5
      vertex 36.67896304765429 -60.080003811662856 4.5
    endloop
  endfacet
  facet normal 0.9807852804032339 -0.19509032201611148 0
    outer loop
      vertex 36.657271867832264 -60.18905273661295 0.6099999999999994
      vertex 36.67896304765429 -60.080003811662856 4.5
      vertex 36.657271867832264 -60.18905273661295 4.5
    endloop
  endfacet
  facet normal 0.9978589232386009 -0.0654031292301835 0
    outer loop
      vertex 36.65 -60.3 0.6099999999999994
      vertex 36.657271867832264 -60.18905273661295 4.5
      vertex 36.65 -60.3 4.5
    endloop
  endfacet
  facet normal 0.9978589232386009 0.0654031292301835 0
    outer loop
      vertex 36.657271867832264 -60.410947263387044 0.6099999999999994
      vertex 36.65 -60.3 4.5
      vertex 36.657271867832264 -60.410947263387044 4.5
    endloop
  endfacet
  facet normal 0.9807852804032339 0.19509032201611148 0
    outer loop
      vertex 36.67896304765429 -60.51999618833714 0.6099999999999994
      vertex 36.657271867832264 -60.410947263387044 4.5
      vertex 36.67896304765429 -60.51999618833714 4.5
    endloop
  endfacet
  facet normal 0.946930129495106 0.32143946530316087 0
    outer loop
      vertex 36.71470239736541 -60.625280917510324 0.6099999999999994
      vertex 36.67896304765429 -60.51999618833714 4.5
      vertex 36.71470239736541 -60.625280917510324 4.5
    endloop
  endfacet
  facet normal 0.8968727415326845 0.442288690219009 0
    outer loop
      vertex 36.76387840678323 -60.724999999999994 0.6099999999999994
      vertex 36.71470239736541 -60.625280917510324 4.5
      vertex 36.76387840678323 -60.724999999999994 4.5
    endloop
  endfacet
  facet normal 0.8314696123025587 0.5555702330195821 0
    outer loop
      vertex 36.82564966075245 -60.817447214657406 0.6099999999999994
      vertex 36.76387840678323 -60.724999999999994 4.5
      vertex 36.82564966075245 -60.817447214657406 4.5
    endloop
  endfacet
  facet normal 0.7518398074789818 0.6593458151000638 0
    outer loop
      vertex 36.898959235991434 -60.90104076400856 0.6099999999999994
      vertex 36.82564966075245 -60.817447214657406 4.5
      vertex 36.898959235991434 -60.90104076400856 4.5
    endloop
  endfacet
  facet normal 0.0654031292301835 -0.9978589232386009 0
    outer loop
      vertex 37.38905273661295 -59.45727186783226 0.6099999999999994
      vertex 37.5 -59.449999999999996 4.5
      vertex 37.38905273661295 -59.45727186783226 4.5
    endloop
  endfacet
  facet normal -0.0654031292301835 -0.9978589232386009 0
    outer loop
      vertex 37.5 -59.449999999999996 0.6099999999999994
      vertex 37.61094726338705 -59.45727186783226 4.5
      vertex 37.5 -59.449999999999996 4.5
    endloop
  endfacet
  facet normal 0.442288690219009 -0.8968727415326845 0
    outer loop
      vertex 37.075 -59.563878406783225 0.6099999999999994
      vertex 37.17471908248967 -59.514702397365404 4.5
      vertex 37.075 -59.563878406783225 4.5
    endloop
  endfacet
  facet normal 0.32143946530316087 -0.946930129495106 0
    outer loop
      vertex 37.17471908248967 -59.514702397365404 0.6099999999999994
      vertex 37.28000381166286 -59.47896304765429 4.5
      vertex 37.17471908248967 -59.514702397365404 4.5
    endloop
  endfacet
  facet normal 0.19509032201611148 -0.9807852804032339 0
    outer loop
      vertex 37.28000381166286 -59.47896304765429 0.6099999999999994
      vertex 37.38905273661295 -59.45727186783226 4.5
      vertex 37.28000381166286 -59.47896304765429 4.5
    endloop
  endfacet
  facet normal -0.19509032201611148 -0.9807852804032339 0
    outer loop
      vertex 37.61094726338705 -59.45727186783226 0.6099999999999994
      vertex 37.71999618833714 -59.47896304765429 4.5
      vertex 37.61094726338705 -59.45727186783226 4.5
    endloop
  endfacet
  facet normal -0.32143946530316087 -0.946930129495106 0
    outer loop
      vertex 37.71999618833714 -59.47896304765429 0.6099999999999994
      vertex 37.82528091751033 -59.514702397365404 4.5
      vertex 37.71999618833714 -59.47896304765429 4.5
    endloop
  endfacet
  facet normal -0.442288690219009 -0.8968727415326845 0
    outer loop
      vertex 37.82528091751033 -59.514702397365404 0.6099999999999994
      vertex 37.925 -59.563878406783225 4.5
      vertex 37.82528091751033 -59.514702397365404 4.5
    endloop
  endfacet
  facet normal -0.5555702330195821 -0.8314696123025587 0
    outer loop
      vertex 37.925 -59.563878406783225 0.6099999999999994
      vertex 38.01744721465741 -59.625649660752444 4.5
      vertex 37.925 -59.563878406783225 4.5
    endloop
  endfacet
  facet normal -0.6593458151000638 -0.7518398074789818 0
    outer loop
      vertex 38.01744721465741 -59.625649660752444 0.6099999999999994
      vertex 38.101040764008566 -59.69895923599143 4.5
      vertex 38.01744721465741 -59.625649660752444 4.5
    endloop
  endfacet
  facet normal -0.7518398074789818 -0.6593458151000638 0
    outer loop
      vertex 38.101040764008566 -59.69895923599143 0.6099999999999994
      vertex 38.17435033924755 -59.78255278534259 4.5
      vertex 38.101040764008566 -59.69895923599143 4.5
    endloop
  endfacet
  facet normal -0.8314696123025587 -0.5555702330195821 0
    outer loop
      vertex 38.17435033924755 -59.78255278534259 0.6099999999999994
      vertex 38.23612159321677 -59.875 4.5
      vertex 38.17435033924755 -59.78255278534259 4.5
    endloop
  endfacet
  facet normal -0.8968727415326845 -0.442288690219009 0
    outer loop
      vertex 38.23612159321677 -59.875 0.6099999999999994
      vertex 38.28529760263459 -59.97471908248967 4.5
      vertex 38.23612159321677 -59.875 4.5
    endloop
  endfacet
  facet normal -0.946930129495106 -0.32143946530316087 0
    outer loop
      vertex 38.28529760263459 -59.97471908248967 0.6099999999999994
      vertex 38.32103695234571 -60.080003811662856 4.5
      vertex 38.28529760263459 -59.97471908248967 4.5
    endloop
  endfacet
  facet normal -0.9807852804032339 -0.19509032201611148 0
    outer loop
      vertex 38.32103695234571 -60.080003811662856 0.6099999999999994
      vertex 38.342728132167736 -60.18905273661295 4.5
      vertex 38.32103695234571 -60.080003811662856 4.5
    endloop
  endfacet
  facet normal -0.9978589232386009 -0.0654031292301835 0
    outer loop
      vertex 38.342728132167736 -60.18905273661295 0.6099999999999994
      vertex 38.35 -60.3 4.5
      vertex 38.342728132167736 -60.18905273661295 4.5
    endloop
  endfacet
  facet normal -0.9978589232386009 0.0654031292301835 0
    outer loop
      vertex 38.35 -60.3 0.6099999999999994
      vertex 38.342728132167736 -60.410947263387044 4.5
      vertex 38.35 -60.3 4.5
    endloop
  endfacet
  facet normal -0.7518398074789818 0.6593458151000638 0
    outer loop
      vertex 38.17435033924755 -60.817447214657406 0.6099999999999994
      vertex 38.101040764008566 -60.90104076400856 4.5
      vertex 38.17435033924755 -60.817447214657406 4.5
    endloop
  endfacet
  facet normal -0.6593458151000638 0.7518398074789818 0
    outer loop
      vertex 38.101040764008566 -60.90104076400856 0.6099999999999994
      vertex 38.01744721465741 -60.97435033924755 4.5
      vertex 38.101040764008566 -60.90104076400856 4.5
    endloop
  endfacet
  facet normal -0.9807852804032339 0.19509032201611148 0
    outer loop
      vertex 38.342728132167736 -60.410947263387044 0.6099999999999994
      vertex 38.32103695234571 -60.51999618833714 4.5
      vertex 38.342728132167736 -60.410947263387044 4.5
    endloop
  endfacet
  facet normal -0.946930129495106 0.32143946530316087 0
    outer loop
      vertex 38.32103695234571 -60.51999618833714 0.6099999999999994
      vertex 38.28529760263459 -60.625280917510324 4.5
      vertex 38.32103695234571 -60.51999618833714 4.5
    endloop
  endfacet
  facet normal -0.8968727415326845 0.442288690219009 0
    outer loop
      vertex 38.28529760263459 -60.625280917510324 0.6099999999999994
      vertex 38.23612159321677 -60.724999999999994 4.5
      vertex 38.28529760263459 -60.625280917510324 4.5
    endloop
  endfacet
  facet normal -0.8314696123025587 0.5555702330195821 0
    outer loop
      vertex 38.23612159321677 -60.724999999999994 0.6099999999999994
      vertex 38.17435033924755 -60.817447214657406 4.5
      vertex 38.23612159321677 -60.724999999999994 4.5
    endloop
  endfacet
  facet normal 0.6593458151000638 0.7518398074789818 0
    outer loop
      vertex 36.98255278534259 -60.97435033924755 0.6099999999999994
      vertex 36.898959235991434 -60.90104076400856 4.5
      vertex 36.98255278534259 -60.97435033924755 4.5
    endloop
  endfacet
  facet normal 0.5555702330195821 0.8314696123025587 0
    outer loop
      vertex 37.075 -61.03612159321677 0.6099999999999994
      vertex 36.98255278534259 -60.97435033924755 4.5
      vertex 37.075 -61.03612159321677 4.5
    endloop
  endfacet
  facet normal 0.442288690219009 0.8968727415326845 0
    outer loop
      vertex 37.17471908248967 -61.08529760263459 0.6099999999999994
      vertex 37.075 -61.03612159321677 4.5
      vertex 37.17471908248967 -61.08529760263459 4.5
    endloop
  endfacet
  facet normal 0.32143946530316087 0.946930129495106 0
    outer loop
      vertex 37.28000381166286 -61.121036952345705 0.6099999999999994
      vertex 37.17471908248967 -61.08529760263459 4.5
      vertex 37.28000381166286 -61.121036952345705 4.5
    endloop
  endfacet
  facet normal 0.19509032201611148 0.9807852804032339 0
    outer loop
      vertex 37.38905273661295 -61.14272813216773 0.6099999999999994
      vertex 37.28000381166286 -61.121036952345705 4.5
      vertex 37.38905273661295 -61.14272813216773 4.5
    endloop
  endfacet
  facet normal 0.0654031292301835 0.9978589232386009 0
    outer loop
      vertex 37.5 -61.15 0.6099999999999994
      vertex 37.38905273661295 -61.14272813216773 4.5
      vertex 37.5 -61.15 4.5
    endloop
  endfacet
  facet normal -0.0654031292301835 0.9978589232386009 0
    outer loop
      vertex 37.61094726338705 -61.14272813216773 0.6099999999999994
      vertex 37.5 -61.15 4.5
      vertex 37.61094726338705 -61.14272813216773 4.5
    endloop
  endfacet
  facet normal -0.19509032201611148 0.9807852804032339 0
    outer loop
      vertex 37.71999618833714 -61.121036952345705 0.6099999999999994
      vertex 37.61094726338705 -61.14272813216773 4.5
      vertex 37.71999618833714 -61.121036952345705 4.5
    endloop
  endfacet
  facet normal -0.32143946530316087 0.946930129495106 0
    outer loop
      vertex 37.82528091751033 -61.08529760263459 0.6099999999999994
      vertex 37.71999618833714 -61.121036952345705 4.5
      vertex 37.82528091751033 -61.08529760263459 4.5
    endloop
  endfacet
  facet normal -0.5555702330195821 0.8314696123025587 0
    outer loop
      vertex 38.01744721465741 -60.97435033924755 0.6099999999999994
      vertex 37.925 -61.03612159321677 4.5
      vertex 38.01744721465741 -60.97435033924755 4.5
    endloop
  endfacet
  facet normal -0.442288690219009 0.8968727415326845 0
    outer loop
      vertex 37.925 -61.03612159321677 0.6099999999999994
      vertex 37.82528091751033 -61.08529760263459 4.5
      vertex 37.925 -61.03612159321677 4.5
    endloop
  endfacet
  facet normal 0.6593458151000638 -0.7518398074789818 0
    outer loop
      vertex 36.98255278534259 -59.625649660752444 0.6099999999999994
      vertex 36.98255278534259 -59.625649660752444 4.5
      vertex 36.898959235991434 -59.69895923599143 0.6099999999999994
    endloop
  endfacet
  facet normal 0.5555702330195821 -0.8314696123025587 0
    outer loop
      vertex 37.075 -59.563878406783225 0.6099999999999994
      vertex 37.075 -59.563878406783225 4.5
      vertex 36.98255278534259 -59.625649660752444 0.6099999999999994
    endloop
  endfacet
  facet normal 0.8314696123025587 -0.5555702330195821 0
    outer loop
      vertex 36.82564966075245 -59.78255278534259 0.6099999999999994
      vertex 36.82564966075245 -59.78255278534259 4.5
      vertex 36.76387840678323 -59.875 0.6099999999999994
    endloop
  endfacet
  facet normal 0.7518398074789818 -0.6593458151000638 -5.9026208742982565e-19
    outer loop
      vertex 36.82564966075245 -59.78255278534259 0.6099999999999994
      vertex 36.898959235991434 -59.69895923599143 0.6099999999999994
      vertex 36.898959235991434 -59.69895923599143 4.5
    endloop
  endfacet
  facet normal 0.8968727415326845 -0.442288690219009 6.06995546160308e-19
    outer loop
      vertex 36.71470239736541 -59.97471908248967 0.6099999999999994
      vertex 36.76387840678323 -59.875 0.6099999999999994
      vertex 36.76387840678323 -59.875 4.5
    endloop
  endfacet
  facet normal 0.9807852804032339 -0.19509032201611148 0
    outer loop
      vertex 36.67896304765429 -60.080003811662856 0.6099999999999994
      vertex 36.67896304765429 -60.080003811662856 4.5
      vertex 36.657271867832264 -60.18905273661295 0.6099999999999994
    endloop
  endfacet
  facet normal 0.9978589232386009 -0.0654031292301835 0
    outer loop
      vertex 36.657271867832264 -60.18905273661295 0.6099999999999994
      vertex 36.657271867832264 -60.18905273661295 4.5
      vertex 36.65 -60.3 0.6099999999999994
    endloop
  endfacet
  facet normal 0.9978589232386009 0.0654031292301835 0
    outer loop
      vertex 36.65 -60.3 0.6099999999999994
      vertex 36.65 -60.3 4.5
      vertex 36.657271867832264 -60.410947263387044 0.6099999999999994
    endloop
  endfacet
  facet normal 0.946930129495106 -0.32143946530316087 0
    outer loop
      vertex 36.71470239736541 -59.97471908248967 0.6099999999999994
      vertex 36.71470239736541 -59.97471908248967 4.5
      vertex 36.67896304765429 -60.080003811662856 0.6099999999999994
    endloop
  endfacet
  facet normal 0.9807852804032339 0.19509032201611148 0
    outer loop
      vertex 36.657271867832264 -60.410947263387044 0.6099999999999994
      vertex 36.657271867832264 -60.410947263387044 4.5
      vertex 36.67896304765429 -60.51999618833714 0.6099999999999994
    endloop
  endfacet
  facet normal 0.946930129495106 0.32143946530316087 0
    outer loop
      vertex 36.67896304765429 -60.51999618833714 0.6099999999999994
      vertex 36.67896304765429 -60.51999618833714 4.5
      vertex 36.71470239736541 -60.625280917510324 0.6099999999999994
    endloop
  endfacet
  facet normal 0.8968727415326845 0.442288690219009 0
    outer loop
      vertex 36.71470239736541 -60.625280917510324 0.6099999999999994
      vertex 36.71470239736541 -60.625280917510324 4.5
      vertex 36.76387840678323 -60.724999999999994 0.6099999999999994
    endloop
  endfacet
  facet normal 0.8314696123025587 0.5555702330195821 0
    outer loop
      vertex 36.76387840678323 -60.724999999999994 0.6099999999999994
      vertex 36.76387840678323 -60.724999999999994 4.5
      vertex 36.82564966075245 -60.817447214657406 0.6099999999999994
    endloop
  endfacet
  facet normal 0.7518398074789818 0.6593458151000638 0
    outer loop
      vertex 36.82564966075245 -60.817447214657406 0.6099999999999994
      vertex 36.82564966075245 -60.817447214657406 4.5
      vertex 36.898959235991434 -60.90104076400856 0.6099999999999994
    endloop
  endfacet
  facet normal 0.6593458151000638 0.7518398074789818 0
    outer loop
      vertex 36.898959235991434 -60.90104076400856 0.6099999999999994
      vertex 36.898959235991434 -60.90104076400856 4.5
      vertex 36.98255278534259 -60.97435033924755 0.6099999999999994
    endloop
  endfacet
  facet normal 0.0654031292301835 -0.9978589232386009 4.606840009747878e-20
    outer loop
      vertex 37.38905273661295 -59.45727186783226 0.6099999999999994
      vertex 37.5 -59.449999999999996 0.6099999999999994
      vertex 37.5 -59.449999999999996 4.5
    endloop
  endfacet
  facet normal -0.0654031292301835 -0.9978589232386009 -4.606840009747878e-20
    outer loop
      vertex 37.5 -59.449999999999996 0.6099999999999994
      vertex 37.61094726338705 -59.45727186783226 0.6099999999999994
      vertex 37.61094726338705 -59.45727186783226 4.5
    endloop
  endfacet
  facet normal 0.442288690219009 -0.8968727415326845 6.06995546160308e-19
    outer loop
      vertex 37.075 -59.563878406783225 0.6099999999999994
      vertex 37.17471908248967 -59.514702397365404 0.6099999999999994
      vertex 37.17471908248967 -59.514702397365404 4.5
    endloop
  endfacet
  facet normal 0.32143946530316087 -0.946930129495106 -4.736902897060252e-19
    outer loop
      vertex 37.17471908248967 -59.514702397365404 0.6099999999999994
      vertex 37.28000381166286 -59.47896304765429 0.6099999999999994
      vertex 37.28000381166286 -59.47896304765429 4.5
    endloop
  endfacet
  facet normal 0.19509032201611148 -0.9807852804032339 -6.440155318767549e-20
    outer loop
      vertex 37.28000381166286 -59.47896304765429 0.6099999999999994
      vertex 37.38905273661295 -59.45727186783226 0.6099999999999994
      vertex 37.38905273661295 -59.45727186783226 4.5
    endloop
  endfacet
  facet normal -0.19509032201611148 -0.9807852804032339 6.440155318767549e-20
    outer loop
      vertex 37.61094726338705 -59.45727186783226 0.6099999999999994
      vertex 37.71999618833714 -59.47896304765429 0.6099999999999994
      vertex 37.71999618833714 -59.47896304765429 4.5
    endloop
  endfacet
  facet normal -0.32143946530316087 -0.946930129495106 4.736902897060252e-19
    outer loop
      vertex 37.71999618833714 -59.47896304765429 0.6099999999999994
      vertex 37.82528091751033 -59.514702397365404 0.6099999999999994
      vertex 37.82528091751033 -59.514702397365404 4.5
    endloop
  endfacet
  facet normal -0.442288690219009 -0.8968727415326845 -6.06995546160308e-19
    outer loop
      vertex 37.82528091751033 -59.514702397365404 0.6099999999999994
      vertex 37.925 -59.563878406783225 0.6099999999999994
      vertex 37.925 -59.563878406783225 4.5
    endloop
  endfacet
  facet normal -0.5555702330195821 -0.8314696123025587 7.387409050935856e-19
    outer loop
      vertex 37.925 -59.563878406783225 0.6099999999999994
      vertex 38.01744721465741 -59.625649660752444 0.6099999999999994
      vertex 38.01744721465741 -59.625649660752444 4.5
    endloop
  endfacet
  facet normal -0.6593458151000638 -0.7518398074789818 5.9026208742982565e-19
    outer loop
      vertex 38.01744721465741 -59.625649660752444 0.6099999999999994
      vertex 38.101040764008566 -59.69895923599143 0.6099999999999994
      vertex 38.101040764008566 -59.69895923599143 4.5
    endloop
  endfacet
  facet normal -0.7518398074789818 -0.6593458151000638 5.9026208742982565e-19
    outer loop
      vertex 38.101040764008566 -59.69895923599143 0.6099999999999994
      vertex 38.17435033924755 -59.78255278534259 0.6099999999999994
      vertex 38.17435033924755 -59.78255278534259 4.5
    endloop
  endfacet
  facet normal -0.8314696123025587 -0.5555702330195821 7.387409050935856e-19
    outer loop
      vertex 38.17435033924755 -59.78255278534259 0.6099999999999994
      vertex 38.23612159321677 -59.875 0.6099999999999994
      vertex 38.23612159321677 -59.875 4.5
    endloop
  endfacet
  facet normal -0.8968727415326845 -0.442288690219009 -6.06995546160308e-19
    outer loop
      vertex 38.23612159321677 -59.875 0.6099999999999994
      vertex 38.28529760263459 -59.97471908248967 0.6099999999999994
      vertex 38.28529760263459 -59.97471908248967 4.5
    endloop
  endfacet
  facet normal -0.946930129495106 -0.32143946530316087 4.736902897060252e-19
    outer loop
      vertex 38.28529760263459 -59.97471908248967 0.6099999999999994
      vertex 38.32103695234571 -60.080003811662856 0.6099999999999994
      vertex 38.32103695234571 -60.080003811662856 4.5
    endloop
  endfacet
  facet normal -0.9807852804032339 -0.19509032201611148 6.440155318767549e-20
    outer loop
      vertex 38.32103695234571 -60.080003811662856 0.6099999999999994
      vertex 38.342728132167736 -60.18905273661295 0.6099999999999994
      vertex 38.342728132167736 -60.18905273661295 4.5
    endloop
  endfacet
  facet normal -0.9978589232386009 -0.0654031292301835 -4.606840009747878e-20
    outer loop
      vertex 38.342728132167736 -60.18905273661295 0.6099999999999994
      vertex 38.35 -60.3 0.6099999999999994
      vertex 38.35 -60.3 4.5
    endloop
  endfacet
  facet normal -0.9978589232386009 0.0654031292301835 4.606840009747878e-20
    outer loop
      vertex 38.35 -60.3 0.6099999999999994
      vertex 38.342728132167736 -60.410947263387044 0.6099999999999994
      vertex 38.342728132167736 -60.410947263387044 4.5
    endloop
  endfacet
  facet normal -0.7518398074789818 0.6593458151000638 -5.9026208742982565e-19
    outer loop
      vertex 38.17435033924755 -60.817447214657406 0.6099999999999994
      vertex 38.101040764008566 -60.90104076400856 0.6099999999999994
      vertex 38.101040764008566 -60.90104076400856 4.5
    endloop
  endfacet
  facet normal -0.9807852804032339 0.19509032201611148 -6.440155318767549e-20
    outer loop
      vertex 38.342728132167736 -60.410947263387044 0.6099999999999994
      vertex 38.32103695234571 -60.51999618833714 0.6099999999999994
      vertex 38.32103695234571 -60.51999618833714 4.5
    endloop
  endfacet
  facet normal -0.946930129495106 0.32143946530316087 -4.736902897060252e-19
    outer loop
      vertex 38.32103695234571 -60.51999618833714 0.6099999999999994
      vertex 38.28529760263459 -60.625280917510324 0.6099999999999994
      vertex 38.28529760263459 -60.625280917510324 4.5
    endloop
  endfacet
  facet normal -0.8968727415326845 0.442288690219009 6.06995546160308e-19
    outer loop
      vertex 38.28529760263459 -60.625280917510324 0.6099999999999994
      vertex 38.23612159321677 -60.724999999999994 0.6099999999999994
      vertex 38.23612159321677 -60.724999999999994 4.5
    endloop
  endfacet
  facet normal -0.8314696123025587 0.5555702330195821 0
    outer loop
      vertex 38.17435033924755 -60.817447214657406 0.6099999999999994
      vertex 38.17435033924755 -60.817447214657406 4.5
      vertex 38.23612159321677 -60.724999999999994 0.6099999999999994
    endloop
  endfacet
  facet normal 0.5555702330195821 0.8314696123025587 0
    outer loop
      vertex 36.98255278534259 -60.97435033924755 0.6099999999999994
      vertex 36.98255278534259 -60.97435033924755 4.5
      vertex 37.075 -61.03612159321677 0.6099999999999994
    endloop
  endfacet
  facet normal 0.442288690219009 0.8968727415326845 0
    outer loop
      vertex 37.075 -61.03612159321677 0.6099999999999994
      vertex 37.075 -61.03612159321677 4.5
      vertex 37.17471908248967 -61.08529760263459 0.6099999999999994
    endloop
  endfacet
  facet normal 0.32143946530316087 0.946930129495106 0
    outer loop
      vertex 37.17471908248967 -61.08529760263459 0.6099999999999994
      vertex 37.17471908248967 -61.08529760263459 4.5
      vertex 37.28000381166286 -61.121036952345705 0.6099999999999994
    endloop
  endfacet
  facet normal 0.19509032201611148 0.9807852804032339 0
    outer loop
      vertex 37.28000381166286 -61.121036952345705 0.6099999999999994
      vertex 37.28000381166286 -61.121036952345705 4.5
      vertex 37.38905273661295 -61.14272813216773 0.6099999999999994
    endloop
  endfacet
  facet normal 0.0654031292301835 0.9978589232386009 0
    outer loop
      vertex 37.38905273661295 -61.14272813216773 0.6099999999999994
      vertex 37.38905273661295 -61.14272813216773 4.5
      vertex 37.5 -61.15 0.6099999999999994
    endloop
  endfacet
  facet normal -0.0654031292301835 0.9978589232386009 0
    outer loop
      vertex 37.5 -61.15 0.6099999999999994
      vertex 37.5 -61.15 4.5
      vertex 37.61094726338705 -61.14272813216773 0.6099999999999994
    endloop
  endfacet
  facet normal -0.19509032201611148 0.9807852804032339 0
    outer loop
      vertex 37.61094726338705 -61.14272813216773 0.6099999999999994
      vertex 37.61094726338705 -61.14272813216773 4.5
      vertex 37.71999618833714 -61.121036952345705 0.6099999999999994
    endloop
  endfacet
  facet normal -0.32143946530316087 0.946930129495106 0
    outer loop
      vertex 37.71999618833714 -61.121036952345705 0.6099999999999994
      vertex 37.71999618833714 -61.121036952345705 4.5
      vertex 37.82528091751033 -61.08529760263459 0.6099999999999994
    endloop
  endfacet
  facet normal -0.5555702330195821 0.8314696123025587 0
    outer loop
      vertex 37.925 -61.03612159321677 0.6099999999999994
      vertex 37.925 -61.03612159321677 4.5
      vertex 38.01744721465741 -60.97435033924755 0.6099999999999994
    endloop
  endfacet
  facet normal -0.442288690219009 0.8968727415326845 0
    outer loop
      vertex 37.82528091751033 -61.08529760263459 0.6099999999999994
      vertex 37.82528091751033 -61.08529760263459 4.5
      vertex 37.925 -61.03612159321677 0.6099999999999994
    endloop
  endfacet
  facet normal -0.6593458151000638 0.7518398074789818 -5.9026208742982565e-19
    outer loop
      vertex 38.101040764008566 -60.90104076400856 0.6099999999999994
      vertex 38.01744721465741 -60.97435033924755 0.6099999999999994
      vertex 38.01744721465741 -60.97435033924755 4.5
    endloop
  endfacet
  facet normal 0 0 1
    outer loop
      vertex 36.71470239736541 -59.97471908248967 0.6099999999999994
      vertex 36.67896304765429 -60.080003811662856 0.6099999999999994
      vertex 36.67896304765429 -60.51999618833714 0.6099999999999994
    endloop
  endfacet
  facet normal 0 0 1
    outer loop
      vertex 36.67896304765429 -60.080003811662856 0.6099999999999994
      vertex 36.657271867832264 -60.18905273661295 0.6099999999999994
      vertex 36.657271867832264 -60.410947263387044 0.6099999999999994
    endloop
  endfacet
  facet normal 0 0 1
    outer loop
      vertex 36.657271867832264 -60.18905273661295 0.6099999999999994
      vertex 36.65 -60.3 0.6099999999999994
      vertex 36.657271867832264 -60.410947263387044 0.6099999999999994
    endloop
  endfacet
  facet normal 0 0 1
    outer loop
      vertex 36.67896304765429 -60.080003811662856 0.6099999999999994
      vertex 36.657271867832264 -60.410947263387044 0.6099999999999994
      vertex 36.67896304765429 -60.51999618833714 0.6099999999999994
    endloop
  endfacet
  facet normal 0 0 1
    outer loop
      vertex 36.71470239736541 -59.97471908248967 0.6099999999999994
      vertex 36.71470239736541 -60.625280917510324 0.6099999999999994
      vertex 36.76387840678323 -59.875 0.6099999999999994
    endloop
  endfacet
  facet normal 0 0 1
    outer loop
      vertex 36.82564966075245 -59.78255278534259 0.6099999999999994
      vertex 36.82564966075245 -60.817447214657406 0.6099999999999994
      vertex 36.898959235991434 -59.69895923599143 0.6099999999999994
    endloop
  endfacet
  facet normal 0 0 1
    outer loop
      vertex 36.82564966075245 -59.78255278534259 0.6099999999999994
      vertex 36.76387840678323 -59.875 0.6099999999999994
      vertex 36.76387840678323 -60.724999999999994 0.6099999999999994
    endloop
  endfacet
  facet normal 0 0 1
    outer loop
      vertex 37.075 -59.563878406783225 0.6099999999999994
      vertex 36.98255278534259 -59.625649660752444 0.6099999999999994
      vertex 36.98255278534259 -60.97435033924755 0.6099999999999994
    endloop
  endfacet
  facet normal 0 0 1
    outer loop
      vertex 36.98255278534259 -59.625649660752444 0.6099999999999994
      vertex 36.898959235991434 -59.69895923599143 0.6099999999999994
      vertex 36.898959235991434 -60.90104076400856 0.6099999999999994
    endloop
  endfacet
  facet normal 0 0 1
    outer loop
      vertex 36.71470239736541 -59.97471908248967 0.6099999999999994
      vertex 36.67896304765429 -60.51999618833714 0.6099999999999994
      vertex 36.71470239736541 -60.625280917510324 0.6099999999999994
    endloop
  endfacet
  facet normal 0 0 1
    outer loop
      vertex 36.76387840678323 -59.875 0.6099999999999994
      vertex 36.71470239736541 -60.625280917510324 0.6099999999999994
      vertex 36.76387840678323 -60.724999999999994 0.6099999999999994
    endloop
  endfacet
  facet normal 0 0 1
    outer loop
      vertex 36.82564966075245 -59.78255278534259 0.6099999999999994
      vertex 36.76387840678323 -60.724999999999994 0.6099999999999994
      vertex 36.82564966075245 -60.817447214657406 0.6099999999999994
    endloop
  endfacet
  facet normal 0 0 1
    outer loop
      vertex 36.898959235991434 -59.69895923599143 0.6099999999999994
      vertex 36.82564966075245 -60.817447214657406 0.6099999999999994
      vertex 36.898959235991434 -60.90104076400856 0.6099999999999994
    endloop
  endfacet
  facet normal 0 0 1
    outer loop
      vertex 36.98255278534259 -59.625649660752444 0.6099999999999994
      vertex 36.898959235991434 -60.90104076400856 0.6099999999999994
      vertex 36.98255278534259 -60.97435033924755 0.6099999999999994
    endloop
  endfacet
  facet normal 0 0 1
    outer loop
      vertex 37.075 -59.563878406783225 0.6099999999999994
      vertex 36.98255278534259 -60.97435033924755 0.6099999999999994
      vertex 37.075 -61.03612159321677 0.6099999999999994
    endloop
  endfacet
  facet normal 0 0 1
    outer loop
      vertex 37.075 -59.563878406783225 0.6099999999999994
      vertex 37.075 -61.03612159321677 0.6099999999999994
      vertex 37.17471908248967 -59.514702397365404 0.6099999999999994
    endloop
  endfacet
  facet normal 0 0 1
    outer loop
      vertex 37.17471908248967 -59.514702397365404 0.6099999999999994
      vertex 37.17471908248967 -61.08529760263459 0.6099999999999994
      vertex 37.28000381166286 -59.47896304765429 0.6099999999999994
    endloop
  endfacet
  facet normal 0 0 1
    outer loop
      vertex 37.28000381166286 -59.47896304765429 0.6099999999999994
      vertex 37.28000381166286 -61.121036952345705 0.6099999999999994
      vertex 37.38905273661295 -59.45727186783226 0.6099999999999994
    endloop
  endfacet
  facet normal 0 0 1
    outer loop
      vertex 37.38905273661295 -59.45727186783226 0.6099999999999994
      vertex 37.38905273661295 -61.14272813216773 0.6099999999999994
      vertex 37.5 -59.449999999999996 0.6099999999999994
    endloop
  endfacet
  facet normal 0 0 1
    outer loop
      vertex 37.5 -59.449999999999996 0.6099999999999994
      vertex 37.5 -61.15 0.6099999999999994
      vertex 37.61094726338705 -59.45727186783226 0.6099999999999994
    endloop
  endfacet
  facet normal 0 0 1
    outer loop
      vertex 37.61094726338705 -59.45727186783226 0.6099999999999994
      vertex 37.61094726338705 -61.14272813216773 0.6099999999999994
      vertex 37.71999618833714 -59.47896304765429 0.6099999999999994
    endloop
  endfacet
  facet normal 0 0 1
    outer loop
      vertex 37.71999618833714 -59.47896304765429 0.6099999999999994
      vertex 37.71999618833714 -61.121036952345705 0.6099999999999994
      vertex 37.82528091751033 -59.514702397365404 0.6099999999999994
    endloop
  endfacet
  facet normal 0 0 1
    outer loop
      vertex 37.17471908248967 -59.514702397365404 0.6099999999999994
      vertex 37.075 -61.03612159321677 0.6099999999999994
      vertex 37.17471908248967 -61.08529760263459 0.6099999999999994
    endloop
  endfacet
  facet normal 0 0 1
    outer loop
      vertex 37.28000381166286 -59.47896304765429 0.6099999999999994
      vertex 37.17471908248967 -61.08529760263459 0.6099999999999994
      vertex 37.28000381166286 -61.121036952345705 0.6099999999999994
    endloop
  endfacet
  facet normal 0 0 1
    outer loop
      vertex 37.38905273661295 -59.45727186783226 0.6099999999999994
      vertex 37.28000381166286 -61.121036952345705 0.6099999999999994
      vertex 37.38905273661295 -61.14272813216773 0.6099999999999994
    endloop
  endfacet
  facet normal 0 0 1
    outer loop
      vertex 37.38905273661295 -61.14272813216773 0.6099999999999994
      vertex 37.5 -61.15 0.6099999999999994
      vertex 37.5 -59.449999999999996 0.6099999999999994
    endloop
  endfacet
  facet normal 0 0 1
    outer loop
      vertex 37.61094726338705 -59.45727186783226 0.6099999999999994
      vertex 37.5 -61.15 0.6099999999999994
      vertex 37.61094726338705 -61.14272813216773 0.6099999999999994
    endloop
  endfacet
  facet normal 0 0 1
    outer loop
      vertex 37.71999618833714 -59.47896304765429 0.6099999999999994
      vertex 37.61094726338705 -61.14272813216773 0.6099999999999994
      vertex 37.71999618833714 -61.121036952345705 0.6099999999999994
    endloop
  endfacet
  facet normal 0 0 1
    outer loop
      vertex 37.82528091751033 -59.514702397365404 0.6099999999999994
      vertex 37.71999618833714 -61.121036952345705 0.6099999999999994
      vertex 37.82528091751033 -61.08529760263459 0.6099999999999994
    endloop
  endfacet
  facet normal 0 0 1
    outer loop
      vertex 37.82528091751033 -59.514702397365404 0.6099999999999994
      vertex 37.82528091751033 -61.08529760263459 0.6099999999999994
      vertex 37.925 -59.563878406783225 0.6099999999999994
    endloop
  endfacet
  facet normal 0 0 1
    outer loop
      vertex 37.925 -59.563878406783225 0.6099999999999994
      vertex 37.925 -61.03612159321677 0.6099999999999994
      vertex 38.01744721465741 -59.625649660752444 0.6099999999999994
    endloop
  endfacet
  facet normal 0 0 1
    outer loop
      vertex 38.01744721465741 -59.625649660752444 0.6099999999999994
      vertex 38.01744721465741 -60.97435033924755 0.6099999999999994
      vertex 38.101040764008566 -59.69895923599143 0.6099999999999994
    endloop
  endfacet
  facet normal 0 0 1
    outer loop
      vertex 38.101040764008566 -59.69895923599143 0.6099999999999994
      vertex 38.101040764008566 -60.90104076400856 0.6099999999999994
      vertex 38.17435033924755 -59.78255278534259 0.6099999999999994
    endloop
  endfacet
  facet normal 0 0 1
    outer loop
      vertex 38.17435033924755 -59.78255278534259 0.6099999999999994
      vertex 38.17435033924755 -60.817447214657406 0.6099999999999994
      vertex 38.23612159321677 -59.875 0.6099999999999994
    endloop
  endfacet
  facet normal 0 0 1
    outer loop
      vertex 38.23612159321677 -59.875 0.6099999999999994
      vertex 38.23612159321677 -60.724999999999994 0.6099999999999994
      vertex 38.28529760263459 -59.97471908248967 0.6099999999999994
    endloop
  endfacet
  facet normal 0 0 1
    outer loop
      vertex 38.28529760263459 -59.97471908248967 0.6099999999999994
      vertex 38.28529760263459 -60.625280917510324 0.6099999999999994
      vertex 38.32103695234571 -60.080003811662856 0.6099999999999994
    endloop
  endfacet
  facet normal 0 0 1
    outer loop
      vertex 38.32103695234571 -60.080003811662856 0.6099999999999994
      vertex 38.32103695234571 -60.51999618833714 0.6099999999999994
      vertex 38.342728132167736 -60.18905273661295 0.6099999999999994
    endloop
  endfacet
  facet normal 0 0 1
    outer loop
      vertex 38.342728132167736 -60.18905273661295 0.6099999999999994
      vertex 38.342728132167736 -60.410947263387044 0.6099999999999994
      vertex 38.35 -60.3 0.6099999999999994
    endloop
  endfacet
  facet normal 0 0 1
    outer loop
      vertex 38.342728132167736 -60.18905273661295 0.6099999999999994
      vertex 38.32103695234571 -60.51999618833714 0.6099999999999994
      vertex 38.342728132167736 -60.410947263387044 0.6099999999999994
    endloop
  endfacet
  facet normal 0 0 1
    outer loop
      vertex 38.32103695234571 -60.080003811662856 0.6099999999999994
      vertex 38.28529760263459 -60.625280917510324 0.6099999999999994
      vertex 38.32103695234571 -60.51999618833714 0.6099999999999994
    endloop
  endfacet
  facet normal 0 0 1
    outer loop
      vertex 38.28529760263459 -59.97471908248967 0.6099999999999994
      vertex 38.23612159321677 -60.724999999999994 0.6099999999999994
      vertex 38.28529760263459 -60.625280917510324 0.6099999999999994
    endloop
  endfacet
  facet normal 0 0 1
    outer loop
      vertex 38.01744721465741 -59.625649660752444 0.6099999999999994
      vertex 37.925 -61.03612159321677 0.6099999999999994
      vertex 38.01744721465741 -60.97435033924755 0.6099999999999994
    endloop
  endfacet
  facet normal 0 0 1
    outer loop
      vertex 37.925 -59.563878406783225 0.6099999999999994
      vertex 37.82528091751033 -61.08529760263459 0.6099999999999994
      vertex 37.925 -61.03612159321677 0.6099999999999994
    endloop
  endfacet
  facet normal 0 0 1
    outer loop
      vertex 38.101040764008566 -59.69895923599143 0.6099999999999994
      vertex 38.01744721465741 -60.97435033924755 0.6099999999999994
      vertex 38.101040764008566 -60.90104076400856 0.6099999999999994
    endloop
  endfacet
  facet normal 0 0 1
    outer loop
      vertex 38.17435033924755 -59.78255278534259 0.6099999999999994
      vertex 38.101040764008566 -60.90104076400856 0.6099999999999994
      vertex 38.17435033924755 -60.817447214657406 0.6099999999999994
    endloop
  endfacet
  facet normal 0 0 1
    outer loop
      vertex 38.23612159321677 -59.875 0.6099999999999994
      vertex 38.17435033924755 -60.817447214657406 0.6099999999999994
      vertex 38.23612159321677 -60.724999999999994 0.6099999999999994
    endloop
  endfacet
  facet normal 0.442288690219009 -0.8968727415326845 0
    outer loop
      vertex 37.075 -23.563878406783225 0.6099999999999994
      vertex 37.17471908248967 -23.514702397365404 4.5
      vertex 37.075 -23.563878406783225 4.5
    endloop
  endfacet
  facet normal 0.32143946530316087 -0.946930129495106 0
    outer loop
      vertex 37.17471908248967 -23.514702397365404 0.6099999999999994
      vertex 37.28000381166286 -23.47896304765429 4.5
      vertex 37.17471908248967 -23.514702397365404 4.5
    endloop
  endfacet
  facet normal 0.06540312923015168 -0.9978589232386029 0
    outer loop
      vertex 37.38905273661295 -23.457271867832258 0.6099999999999994
      vertex 37.5 -23.449999999999996 4.5
      vertex 37.38905273661295 -23.457271867832258 4.5
    endloop
  endfacet
  facet normal 0.1950903220161422 -0.9807852804032277 0
    outer loop
      vertex 37.28000381166286 -23.47896304765429 0.6099999999999994
      vertex 37.38905273661295 -23.457271867832258 4.5
      vertex 37.28000381166286 -23.47896304765429 4.5
    endloop
  endfacet
  facet normal -0.06540312923015168 -0.9978589232386029 0
    outer loop
      vertex 37.5 -23.449999999999996 0.6099999999999994
      vertex 37.61094726338705 -23.457271867832258 4.5
      vertex 37.5 -23.449999999999996 4.5
    endloop
  endfacet
  facet normal -0.1950903220161422 -0.9807852804032277 0
    outer loop
      vertex 37.61094726338705 -23.457271867832258 0.6099999999999994
      vertex 37.71999618833714 -23.47896304765429 4.5
      vertex 37.61094726338705 -23.457271867832258 4.5
    endloop
  endfacet
  facet normal -0.32143946530316087 -0.946930129495106 0
    outer loop
      vertex 37.71999618833714 -23.47896304765429 0.6099999999999994
      vertex 37.82528091751033 -23.514702397365404 4.5
      vertex 37.71999618833714 -23.47896304765429 4.5
    endloop
  endfacet
  facet normal -0.442288690219009 -0.8968727415326845 0
    outer loop
      vertex 37.82528091751033 -23.514702397365404 0.6099999999999994
      vertex 37.925 -23.563878406783225 4.5
      vertex 37.82528091751033 -23.514702397365404 4.5
    endloop
  endfacet
  facet normal -0.5555702330196042 -0.8314696123025438 0
    outer loop
      vertex 37.925 -23.563878406783225 0.6099999999999994
      vertex 38.01744721465741 -23.625649660752448 4.5
      vertex 37.925 -23.563878406783225 4.5
    endloop
  endfacet
  facet normal 0.5555702330196042 -0.8314696123025438 0
    outer loop
      vertex 37.075 -23.563878406783225 0.6099999999999994
      vertex 37.075 -23.563878406783225 4.5
      vertex 36.98255278534259 -23.625649660752448 0.6099999999999994
    endloop
  endfacet
  facet normal 0.442288690219009 -0.8968727415326845 6.06995546160308e-19
    outer loop
      vertex 37.075 -23.563878406783225 0.6099999999999994
      vertex 37.17471908248967 -23.514702397365404 0.6099999999999994
      vertex 37.17471908248967 -23.514702397365404 4.5
    endloop
  endfacet
  facet normal 0.32143946530316087 -0.946930129495106 -4.736902897060252e-19
    outer loop
      vertex 37.17471908248967 -23.514702397365404 0.6099999999999994
      vertex 37.28000381166286 -23.47896304765429 0.6099999999999994
      vertex 37.28000381166286 -23.47896304765429 4.5
    endloop
  endfacet
  facet normal 0.1950903220161422 -0.9807852804032277 0
    outer loop
      vertex 37.38905273661295 -23.457271867832258 0.6099999999999994
      vertex 37.38905273661295 -23.457271867832258 4.5
      vertex 37.28000381166286 -23.47896304765429 0.6099999999999994
    endloop
  endfacet
  facet normal 0.06540312923015168 -0.9978589232386029 -8.426487704392722e-20
    outer loop
      vertex 37.38905273661295 -23.457271867832258 0.6099999999999994
      vertex 37.5 -23.449999999999996 0.6099999999999994
      vertex 37.5 -23.449999999999996 4.5
    endloop
  endfacet
  facet normal -0.06540312923015168 -0.9978589232386029 8.426487704392722e-20
    outer loop
      vertex 37.5 -23.449999999999996 0.6099999999999994
      vertex 37.61094726338705 -23.457271867832258 0.6099999999999994
      vertex 37.61094726338705 -23.457271867832258 4.5
    endloop
  endfacet
  facet normal -0.1950903220161422 -0.9807852804032277 -2.6528104898274566e-19
    outer loop
      vertex 37.61094726338705 -23.457271867832258 0.6099999999999994
      vertex 37.71999618833714 -23.47896304765429 0.6099999999999994
      vertex 37.71999618833714 -23.47896304765429 4.5
    endloop
  endfacet
  facet normal -0.32143946530316087 -0.946930129495106 4.736902897060252e-19
    outer loop
      vertex 37.71999618833714 -23.47896304765429 0.6099999999999994
      vertex 37.82528091751033 -23.514702397365404 0.6099999999999994
      vertex 37.82528091751033 -23.514702397365404 4.5
    endloop
  endfacet
  facet normal -0.442288690219009 -0.8968727415326845 -6.06995546160308e-19
    outer loop
      vertex 37.82528091751033 -23.514702397365404 0.6099999999999994
      vertex 37.925 -23.563878406783225 0.6099999999999994
      vertex 37.925 -23.563878406783225 4.5
    endloop
  endfacet
  facet normal 0.946930129495106 -0.32143946530316087 0
    outer loop
      vertex 36.67896304765429 -24.080003811662856 0.6099999999999994
      vertex 36.71470239736541 -23.97471908248967 4.5
      vertex 36.67896304765429 -24.080003811662856 4.5
    endloop
  endfacet
  facet normal 0.751839807478968 -0.6593458151000796 0
    outer loop
      vertex 36.82564966075245 -23.782552785342585 0.6099999999999994
      vertex 36.898959235991434 -23.69895923599143 4.5
      vertex 36.82564966075245 -23.782552785342585 4.5
    endloop
  endfacet
  facet normal 0.6593458151000458 -0.7518398074789977 0
    outer loop
      vertex 36.898959235991434 -23.69895923599143 0.6099999999999994
      vertex 36.98255278534259 -23.625649660752448 4.5
      vertex 36.898959235991434 -23.69895923599143 4.5
    endloop
  endfacet
  facet normal 0.5555702330196042 -0.8314696123025438 0
    outer loop
      vertex 36.98255278534259 -23.625649660752448 0.6099999999999994
      vertex 37.075 -23.563878406783225 4.5
      vertex 36.98255278534259 -23.625649660752448 4.5
    endloop
  endfacet
  facet normal 0.8968727415326908 -0.4422886902189964 0
    outer loop
      vertex 36.71470239736541 -23.97471908248967 0.6099999999999994
      vertex 36.76387840678323 -23.874999999999996 4.5
      vertex 36.71470239736541 -23.97471908248967 4.5
    endloop
  endfacet
  facet normal 0.8314696123025587 -0.5555702330195821 0
    outer loop
      vertex 36.76387840678323 -23.874999999999996 0.6099999999999994
      vertex 36.82564966075245 -23.782552785342585 4.5
      vertex 36.76387840678323 -23.874999999999996 4.5
    endloop
  endfacet
  facet normal 0.980785280403235 -0.19509032201610535 0
    outer loop
      vertex 36.657271867832264 -24.189052736612954 0.6099999999999994
      vertex 36.67896304765429 -24.080003811662856 4.5
      vertex 36.657271867832264 -24.189052736612954 4.5
    endloop
  endfacet
  facet normal 0.9978589232386007 -0.06540312923018558 0
    outer loop
      vertex 36.65 -24.299999999999997 0.6099999999999994
      vertex 36.657271867832264 -24.189052736612954 4.5
      vertex 36.65 -24.299999999999997 4.5
    endloop
  endfacet
  facet normal 0.9978589232386007 0.06540312923018558 0
    outer loop
      vertex 36.657271867832264 -24.41094726338704 0.6099999999999994
      vertex 36.65 -24.299999999999997 4.5
      vertex 36.657271867832264 -24.41094726338704 4.5
    endloop
  endfacet
  facet normal 0.980785280403235 0.19509032201610535 0
    outer loop
      vertex 36.67896304765429 -24.51999618833714 0.6099999999999994
      vertex 36.657271867832264 -24.41094726338704 4.5
      vertex 36.67896304765429 -24.51999618833714 4.5
    endloop
  endfacet
  facet normal 0.946930129495106 0.32143946530316087 0
    outer loop
      vertex 36.71470239736541 -24.625280917510324 0.6099999999999994
      vertex 36.67896304765429 -24.51999618833714 4.5
      vertex 36.71470239736541 -24.625280917510324 4.5
    endloop
  endfacet
  facet normal 0.8968727415326908 0.4422886902189964 0
    outer loop
      vertex 36.76387840678323 -24.724999999999998 0.6099999999999994
      vertex 36.71470239736541 -24.625280917510324 4.5
      vertex 36.76387840678323 -24.724999999999998 4.5
    endloop
  endfacet
  facet normal 0.8314696123025587 0.5555702330195821 0
    outer loop
      vertex 36.82564966075245 -24.81744721465741 0.6099999999999994
      vertex 36.76387840678323 -24.724999999999998 4.5
      vertex 36.82564966075245 -24.81744721465741 4.5
    endloop
  endfacet
  facet normal 0.751839807478968 0.6593458151000796 0
    outer loop
      vertex 36.898959235991434 -24.901040764008563 0.6099999999999994
      vertex 36.82564966075245 -24.81744721465741 4.5
      vertex 36.898959235991434 -24.901040764008563 4.5
    endloop
  endfacet
  facet normal 0.6593458151000458 0.7518398074789977 0
    outer loop
      vertex 36.98255278534259 -24.974350339247547 0.6099999999999994
      vertex 36.898959235991434 -24.901040764008563 4.5
      vertex 36.98255278534259 -24.974350339247547 4.5
    endloop
  endfacet
  facet normal 0.5555702330196042 0.8314696123025438 0
    outer loop
      vertex 37.075 -25.03612159321677 0.6099999999999994
      vertex 36.98255278534259 -24.974350339247547 4.5
      vertex 37.075 -25.03612159321677 4.5
    endloop
  endfacet
  facet normal -0.6593458151000458 -0.7518398074789977 0
    outer loop
      vertex 38.01744721465741 -23.625649660752448 0.6099999999999994
      vertex 38.101040764008566 -23.69895923599143 4.5
      vertex 38.01744721465741 -23.625649660752448 4.5
    endloop
  endfacet
  facet normal -0.751839807478968 -0.6593458151000796 0
    outer loop
      vertex 38.101040764008566 -23.69895923599143 0.6099999999999994
      vertex 38.17435033924755 -23.782552785342585 4.5
      vertex 38.101040764008566 -23.69895923599143 4.5
    endloop
  endfacet
  facet normal -0.8314696123025587 -0.5555702330195821 0
    outer loop
      vertex 38.17435033924755 -23.782552785342585 0.6099999999999994
      vertex 38.23612159321677 -23.874999999999996 4.5
      vertex 38.17435033924755 -23.782552785342585 4.5
    endloop
  endfacet
  facet normal -0.8968727415326908 -0.4422886902189964 0
    outer loop
      vertex 38.23612159321677 -23.874999999999996 0.6099999999999994
      vertex 38.28529760263459 -23.97471908248967 4.5
      vertex 38.23612159321677 -23.874999999999996 4.5
    endloop
  endfacet
  facet normal -0.946930129495106 -0.32143946530316087 0
    outer loop
      vertex 38.28529760263459 -23.97471908248967 0.6099999999999994
      vertex 38.32103695234571 -24.080003811662856 4.5
      vertex 38.28529760263459 -23.97471908248967 4.5
    endloop
  endfacet
  facet normal -0.980785280403235 -0.19509032201610535 0
    outer loop
      vertex 38.32103695234571 -24.080003811662856 0.6099999999999994
      vertex 38.342728132167736 -24.189052736612954 4.5
      vertex 38.32103695234571 -24.080003811662856 4.5
    endloop
  endfacet
  facet normal -0.9978589232386007 -0.06540312923018558 0
    outer loop
      vertex 38.342728132167736 -24.189052736612954 0.6099999999999994
      vertex 38.35 -24.299999999999997 4.5
      vertex 38.342728132167736 -24.189052736612954 4.5
    endloop
  endfacet
  facet normal -0.9978589232386007 0.06540312923018558 0
    outer loop
      vertex 38.35 -24.299999999999997 0.6099999999999994
      vertex 38.342728132167736 -24.41094726338704 4.5
      vertex 38.35 -24.299999999999997 4.5
    endloop
  endfacet
  facet normal -0.980785280403235 0.19509032201610535 0
    outer loop
      vertex 38.342728132167736 -24.41094726338704 0.6099999999999994
      vertex 38.32103695234571 -24.51999618833714 4.5
      vertex 38.342728132167736 -24.41094726338704 4.5
    endloop
  endfacet
  facet normal -0.946930129495106 0.32143946530316087 0
    outer loop
      vertex 38.32103695234571 -24.51999618833714 0.6099999999999994
      vertex 38.28529760263459 -24.625280917510324 4.5
      vertex 38.32103695234571 -24.51999618833714 4.5
    endloop
  endfacet
  facet normal 0.442288690219009 0.8968727415326845 0
    outer loop
      vertex 37.17471908248967 -25.08529760263459 0.6099999999999994
      vertex 37.075 -25.03612159321677 4.5
      vertex 37.17471908248967 -25.08529760263459 4.5
    endloop
  endfacet
  facet normal 0.32143946530316087 0.946930129495106 0
    outer loop
      vertex 37.28000381166286 -25.121036952345705 0.6099999999999994
      vertex 37.17471908248967 -25.08529760263459 4.5
      vertex 37.28000381166286 -25.121036952345705 4.5
    endloop
  endfacet
  facet normal 0.1950903220161422 0.9807852804032277 0
    outer loop
      vertex 37.38905273661295 -25.142728132167736 0.6099999999999994
      vertex 37.28000381166286 -25.121036952345705 4.5
      vertex 37.38905273661295 -25.142728132167736 4.5
    endloop
  endfacet
  facet normal 0.06540312923015168 0.9978589232386029 0
    outer loop
      vertex 37.5 -25.15 0.6099999999999994
      vertex 37.38905273661295 -25.142728132167736 4.5
      vertex 37.5 -25.15 4.5
    endloop
  endfacet
  facet normal -0.06540312923015168 0.9978589232386029 0
    outer loop
      vertex 37.61094726338705 -25.142728132167736 0.6099999999999994
      vertex 37.5 -25.15 4.5
      vertex 37.61094726338705 -25.142728132167736 4.5
    endloop
  endfacet
  facet normal -0.1950903220161422 0.9807852804032277 0
    outer loop
      vertex 37.71999618833714 -25.121036952345705 0.6099999999999994
      vertex 37.61094726338705 -25.142728132167736 4.5
      vertex 37.71999618833714 -25.121036952345705 4.5
    endloop
  endfacet
  facet normal -0.32143946530316087 0.946930129495106 0
    outer loop
      vertex 37.82528091751033 -25.08529760263459 0.6099999999999994
      vertex 37.71999618833714 -25.121036952345705 4.5
      vertex 37.82528091751033 -25.08529760263459 4.5
    endloop
  endfacet
  facet normal -0.5555702330196042 0.8314696123025438 0
    outer loop
      vertex 38.01744721465741 -24.974350339247547 0.6099999999999994
      vertex 37.925 -25.03612159321677 4.5
      vertex 38.01744721465741 -24.974350339247547 4.5
    endloop
  endfacet
  facet normal -0.442288690219009 0.8968727415326845 0
    outer loop
      vertex 37.925 -25.03612159321677 0.6099999999999994
      vertex 37.82528091751033 -25.08529760263459 4.5
      vertex 37.925 -25.03612159321677 4.5
    endloop
  endfacet
  facet normal -0.751839807478968 0.6593458151000796 0
    outer loop
      vertex 38.17435033924755 -24.81744721465741 0.6099999999999994
      vertex 38.101040764008566 -24.901040764008563 4.5
      vertex 38.17435033924755 -24.81744721465741 4.5
    endloop
  endfacet
  facet normal -0.6593458151000458 0.7518398074789977 0
    outer loop
      vertex 38.101040764008566 -24.901040764008563 0.6099999999999994
      vertex 38.01744721465741 -24.974350339247547 4.5
      vertex 38.101040764008566 -24.901040764008563 4.5
    endloop
  endfacet
  facet normal -0.8968727415326908 0.4422886902189964 0
    outer loop
      vertex 38.28529760263459 -24.625280917510324 0.6099999999999994
      vertex 38.23612159321677 -24.724999999999998 4.5
      vertex 38.28529760263459 -24.625280917510324 4.5
    endloop
  endfacet
  facet normal -0.8314696123025587 0.5555702330195821 0
    outer loop
      vertex 38.23612159321677 -24.724999999999998 0.6099999999999994
      vertex 38.17435033924755 -24.81744721465741 4.5
      vertex 38.23612159321677 -24.724999999999998 4.5
    endloop
  endfacet
  facet normal 0.751839807478968 -0.6593458151000796 0
    outer loop
      vertex 36.898959235991434 -23.69895923599143 0.6099999999999994
      vertex 36.898959235991434 -23.69895923599143 4.5
      vertex 36.82564966075245 -23.782552785342585 0.6099999999999994
    endloop
  endfacet
  facet normal 0.8314696123025587 -0.5555702330195821 0
    outer loop
      vertex 36.82564966075245 -23.782552785342585 0.6099999999999994
      vertex 36.82564966075245 -23.782552785342585 4.5
      vertex 36.76387840678323 -23.874999999999996 0.6099999999999994
    endloop
  endfacet
  facet normal 0.6593458151000458 -0.7518398074789977 6.146321670147664e-19
    outer loop
      vertex 36.898959235991434 -23.69895923599143 0.6099999999999994
      vertex 36.98255278534259 -23.625649660752448 0.6099999999999994
      vertex 36.98255278534259 -23.625649660752448 4.5
    endloop
  endfacet
  facet normal 0.8968727415326908 -0.4422886902189964 -5.46246495893825e-19
    outer loop
      vertex 36.71470239736541 -23.97471908248967 0.6099999999999994
      vertex 36.76387840678323 -23.874999999999996 0.6099999999999994
      vertex 36.76387840678323 -23.874999999999996 4.5
    endloop
  endfacet
  facet normal 0.946930129495106 -0.32143946530316087 0
    outer loop
      vertex 36.71470239736541 -23.97471908248967 0.6099999999999994
      vertex 36.71470239736541 -23.97471908248967 4.5
      vertex 36.67896304765429 -24.080003811662856 0.6099999999999994
    endloop
  endfacet
  facet normal 0.980785280403235 -0.19509032201610535 0
    outer loop
      vertex 36.67896304765429 -24.080003811662856 0.6099999999999994
      vertex 36.67896304765429 -24.080003811662856 4.5
      vertex 36.657271867832264 -24.189052736612954 0.6099999999999994
    endloop
  endfacet
  facet normal 0.9978589232386007 -0.06540312923018558 0
    outer loop
      vertex 36.657271867832264 -24.189052736612954 0.6099999999999994
      vertex 36.657271867832264 -24.189052736612954 4.5
      vertex 36.65 -24.299999999999997 0.6099999999999994
    endloop
  endfacet
  facet normal 0.9978589232386007 0.06540312923018558 0
    outer loop
      vertex 36.65 -24.299999999999997 0.6099999999999994
      vertex 36.65 -24.299999999999997 4.5
      vertex 36.657271867832264 -24.41094726338704 0.6099999999999994
    endloop
  endfacet
  facet normal 0.980785280403235 0.19509032201610535 0
    outer loop
      vertex 36.657271867832264 -24.41094726338704 0.6099999999999994
      vertex 36.657271867832264 -24.41094726338704 4.5
      vertex 36.67896304765429 -24.51999618833714 0.6099999999999994
    endloop
  endfacet
  facet normal 0.946930129495106 0.32143946530316087 0
    outer loop
      vertex 36.67896304765429 -24.51999618833714 0.6099999999999994
      vertex 36.67896304765429 -24.51999618833714 4.5
      vertex 36.71470239736541 -24.625280917510324 0.6099999999999994
    endloop
  endfacet
  facet normal 0.8968727415326908 0.4422886902189964 0
    outer loop
      vertex 36.71470239736541 -24.625280917510324 0.6099999999999994
      vertex 36.71470239736541 -24.625280917510324 4.5
      vertex 36.76387840678323 -24.724999999999998 0.6099999999999994
    endloop
  endfacet
  facet normal 0.8314696123025587 0.5555702330195821 0
    outer loop
      vertex 36.76387840678323 -24.724999999999998 0.6099999999999994
      vertex 36.76387840678323 -24.724999999999998 4.5
      vertex 36.82564966075245 -24.81744721465741 0.6099999999999994
    endloop
  endfacet
  facet normal 0.751839807478968 0.6593458151000796 0
    outer loop
      vertex 36.82564966075245 -24.81744721465741 0.6099999999999994
      vertex 36.82564966075245 -24.81744721465741 4.5
      vertex 36.898959235991434 -24.901040764008563 0.6099999999999994
    endloop
  endfacet
  facet normal 0.6593458151000458 0.7518398074789977 0
    outer loop
      vertex 36.898959235991434 -24.901040764008563 0.6099999999999994
      vertex 36.898959235991434 -24.901040764008563 4.5
      vertex 36.98255278534259 -24.974350339247547 0.6099999999999994
    endloop
  endfacet
  facet normal 0.5555702330196042 0.8314696123025438 0
    outer loop
      vertex 36.98255278534259 -24.974350339247547 0.6099999999999994
      vertex 36.98255278534259 -24.974350339247547 4.5
      vertex 37.075 -25.03612159321677 0.6099999999999994
    endloop
  endfacet
  facet normal -0.5555702330196042 -0.8314696123025438 -5.924327816214384e-19
    outer loop
      vertex 37.925 -23.563878406783225 0.6099999999999994
      vertex 38.01744721465741 -23.625649660752448 0.6099999999999994
      vertex 38.01744721465741 -23.625649660752448 4.5
    endloop
  endfacet
  facet normal -0.6593458151000458 -0.7518398074789977 -6.146321670147664e-19
    outer loop
      vertex 38.01744721465741 -23.625649660752448 0.6099999999999994
      vertex 38.101040764008566 -23.69895923599143 0.6099999999999994
      vertex 38.101040764008566 -23.69895923599143 4.5
    endloop
  endfacet
  facet normal -0.751839807478968 -0.6593458151000796 -8.616143975298594e-19
    outer loop
      vertex 38.101040764008566 -23.69895923599143 0.6099999999999994
      vertex 38.17435033924755 -23.782552785342585 0.6099999999999994
      vertex 38.17435033924755 -23.782552785342585 4.5
    endloop
  endfacet
  facet normal -0.8314696123025587 -0.5555702330195821 7.387409050935856e-19
    outer loop
      vertex 38.17435033924755 -23.782552785342585 0.6099999999999994
      vertex 38.23612159321677 -23.874999999999996 0.6099999999999994
      vertex 38.23612159321677 -23.874999999999996 4.5
    endloop
  endfacet
  facet normal -0.8968727415326908 -0.4422886902189964 5.46246495893825e-19
    outer loop
      vertex 38.23612159321677 -23.874999999999996 0.6099999999999994
      vertex 38.28529760263459 -23.97471908248967 0.6099999999999994
      vertex 38.28529760263459 -23.97471908248967 4.5
    endloop
  endfacet
  facet normal -0.946930129495106 -0.32143946530316087 4.736902897060252e-19
    outer loop
      vertex 38.28529760263459 -23.97471908248967 0.6099999999999994
      vertex 38.32103695234571 -24.080003811662856 0.6099999999999994
      vertex 38.32103695234571 -24.080003811662856 4.5
    endloop
  endfacet
  facet normal -0.980785280403235 -0.19509032201610535 3.7108381227177937e-19
    outer loop
      vertex 38.32103695234571 -24.080003811662856 0.6099999999999994
      vertex 38.342728132167736 -24.189052736612954 0.6099999999999994
      vertex 38.342728132167736 -24.189052736612954 4.5
    endloop
  endfacet
  facet normal -0.9978589232386007 -0.06540312923018558 2.5265324490397614e-20
    outer loop
      vertex 38.342728132167736 -24.189052736612954 0.6099999999999994
      vertex 38.35 -24.299999999999997 0.6099999999999994
      vertex 38.35 -24.299999999999997 4.5
    endloop
  endfacet
  facet normal -0.9978589232386007 0.06540312923018558 -2.5265324490397614e-20
    outer loop
      vertex 38.35 -24.299999999999997 0.6099999999999994
      vertex 38.342728132167736 -24.41094726338704 0.6099999999999994
      vertex 38.342728132167736 -24.41094726338704 4.5
    endloop
  endfacet
  facet normal -0.980785280403235 0.19509032201610535 -3.7108381227177937e-19
    outer loop
      vertex 38.342728132167736 -24.41094726338704 0.6099999999999994
      vertex 38.32103695234571 -24.51999618833714 0.6099999999999994
      vertex 38.32103695234571 -24.51999618833714 4.5
    endloop
  endfacet
  facet normal 0.442288690219009 0.8968727415326845 0
    outer loop
      vertex 37.075 -25.03612159321677 0.6099999999999994
      vertex 37.075 -25.03612159321677 4.5
      vertex 37.17471908248967 -25.08529760263459 0.6099999999999994
    endloop
  endfacet
  facet normal 0.32143946530316087 0.946930129495106 0
    outer loop
      vertex 37.17471908248967 -25.08529760263459 0.6099999999999994
      vertex 37.17471908248967 -25.08529760263459 4.5
      vertex 37.28000381166286 -25.121036952345705 0.6099999999999994
    endloop
  endfacet
  facet normal 0.1950903220161422 0.9807852804032277 0
    outer loop
      vertex 37.28000381166286 -25.121036952345705 0.6099999999999994
      vertex 37.28000381166286 -25.121036952345705 4.5
      vertex 37.38905273661295 -25.142728132167736 0.6099999999999994
    endloop
  endfacet
  facet normal 0.06540312923015168 0.9978589232386029 0
    outer loop
      vertex 37.38905273661295 -25.142728132167736 0.6099999999999994
      vertex 37.38905273661295 -25.142728132167736 4.5
      vertex 37.5 -25.15 0.6099999999999994
    endloop
  endfacet
  facet normal -0.06540312923015168 0.9978589232386029 0
    outer loop
      vertex 37.5 -25.15 0.6099999999999994
      vertex 37.5 -25.15 4.5
      vertex 37.61094726338705 -25.142728132167736 0.6099999999999994
    endloop
  endfacet
  facet normal -0.1950903220161422 0.9807852804032277 0
    outer loop
      vertex 37.61094726338705 -25.142728132167736 0.6099999999999994
      vertex 37.61094726338705 -25.142728132167736 4.5
      vertex 37.71999618833714 -25.121036952345705 0.6099999999999994
    endloop
  endfacet
  facet normal -0.32143946530316087 0.946930129495106 0
    outer loop
      vertex 37.71999618833714 -25.121036952345705 0.6099999999999994
      vertex 37.71999618833714 -25.121036952345705 4.5
      vertex 37.82528091751033 -25.08529760263459 0.6099999999999994
    endloop
  endfacet
  facet normal -0.5555702330196042 0.8314696123025438 5.924327816214384e-19
    outer loop
      vertex 38.01744721465741 -24.974350339247547 0.6099999999999994
      vertex 37.925 -25.03612159321677 0.6099999999999994
      vertex 37.925 -25.03612159321677 4.5
    endloop
  endfacet
  facet normal -0.751839807478968 0.6593458151000796 8.616143975298594e-19
    outer loop
      vertex 38.17435033924755 -24.81744721465741 0.6099999999999994
      vertex 38.101040764008566 -24.901040764008563 0.6099999999999994
      vertex 38.101040764008566 -24.901040764008563 4.5
    endloop
  endfacet
  facet normal -0.6593458151000458 0.7518398074789977 6.146321670147664e-19
    outer loop
      vertex 38.101040764008566 -24.901040764008563 0.6099999999999994
      vertex 38.01744721465741 -24.974350339247547 0.6099999999999994
      vertex 38.01744721465741 -24.974350339247547 4.5
    endloop
  endfacet
  facet normal -0.946930129495106 0.32143946530316087 -4.736902897060252e-19
    outer loop
      vertex 38.32103695234571 -24.51999618833714 0.6099999999999994
      vertex 38.28529760263459 -24.625280917510324 0.6099999999999994
      vertex 38.28529760263459 -24.625280917510324 4.5
    endloop
  endfacet
  facet normal -0.8968727415326908 0.4422886902189964 -5.46246495893825e-19
    outer loop
      vertex 38.28529760263459 -24.625280917510324 0.6099999999999994
      vertex 38.23612159321677 -24.724999999999998 0.6099999999999994
      vertex 38.23612159321677 -24.724999999999998 4.5
    endloop
  endfacet
  facet normal -0.8314696123025587 0.5555702330195821 0
    outer loop
      vertex 38.17435033924755 -24.81744721465741 0.6099999999999994
      vertex 38.17435033924755 -24.81744721465741 4.5
      vertex 38.23612159321677 -24.724999999999998 0.6099999999999994
    endloop
  endfacet
  facet normal -0.442288690219009 0.8968727415326845 6.06995546160308e-19
    outer loop
      vertex 37.925 -25.03612159321677 0.6099999999999994
      vertex 37.82528091751033 -25.08529760263459 0.6099999999999994
      vertex 37.82528091751033 -25.08529760263459 4.5
    endloop
  endfacet
  facet normal 0 0 1
    outer loop
      vertex 37.075 -23.563878406783225 0.6099999999999994
      vertex 36.98255278534259 -23.625649660752448 0.6099999999999994
      vertex 36.98255278534259 -24.974350339247547 0.6099999999999994
    endloop
  endfacet
  facet normal 0 0 1
    outer loop
      vertex 36.898959235991434 -23.69895923599143 0.6099999999999994
      vertex 36.898959235991434 -24.901040764008563 0.6099999999999994
      vertex 36.98255278534259 -23.625649660752448 0.6099999999999994
    endloop
  endfacet
  facet normal 0 0 1
    outer loop
      vertex 36.71470239736541 -23.97471908248967 0.6099999999999994
      vertex 36.67896304765429 -24.080003811662856 0.6099999999999994
      vertex 36.67896304765429 -24.51999618833714 0.6099999999999994
    endloop
  endfacet
  facet normal 0 0 1
    outer loop
      vertex 36.67896304765429 -24.080003811662856 0.6099999999999994
      vertex 36.657271867832264 -24.189052736612954 0.6099999999999994
      vertex 36.657271867832264 -24.41094726338704 0.6099999999999994
    endloop
  endfacet
  facet normal 0 0 1
    outer loop
      vertex 36.657271867832264 -24.189052736612954 0.6099999999999994
      vertex 36.65 -24.299999999999997 0.6099999999999994
      vertex 36.657271867832264 -24.41094726338704 0.6099999999999994
    endloop
  endfacet
  facet normal 0 0 1
    outer loop
      vertex 36.67896304765429 -24.080003811662856 0.6099999999999994
      vertex 36.657271867832264 -24.41094726338704 0.6099999999999994
      vertex 36.67896304765429 -24.51999618833714 0.6099999999999994
    endloop
  endfacet
  facet normal 0 0 1
    outer loop
      vertex 36.71470239736541 -23.97471908248967 0.6099999999999994
      vertex 36.71470239736541 -24.625280917510324 0.6099999999999994
      vertex 36.76387840678323 -23.874999999999996 0.6099999999999994
    endloop
  endfacet
  facet normal 0 0 1
    outer loop
      vertex 36.898959235991434 -23.69895923599143 0.6099999999999994
      vertex 36.82564966075245 -23.782552785342585 0.6099999999999994
      vertex 36.82564966075245 -24.81744721465741 0.6099999999999994
    endloop
  endfacet
  facet normal 0 0 1
    outer loop
      vertex 36.82564966075245 -23.782552785342585 0.6099999999999994
      vertex 36.76387840678323 -23.874999999999996 0.6099999999999994
      vertex 36.76387840678323 -24.724999999999998 0.6099999999999994
    endloop
  endfacet
  facet normal 0 0 1
    outer loop
      vertex 36.71470239736541 -23.97471908248967 0.6099999999999994
      vertex 36.67896304765429 -24.51999618833714 0.6099999999999994
      vertex 36.71470239736541 -24.625280917510324 0.6099999999999994
    endloop
  endfacet
  facet normal 0 0 1
    outer loop
      vertex 36.76387840678323 -23.874999999999996 0.6099999999999994
      vertex 36.71470239736541 -24.625280917510324 0.6099999999999994
      vertex 36.76387840678323 -24.724999999999998 0.6099999999999994
    endloop
  endfacet
  facet normal 0 0 1
    outer loop
      vertex 36.82564966075245 -23.782552785342585 0.6099999999999994
      vertex 36.76387840678323 -24.724999999999998 0.6099999999999994
      vertex 36.82564966075245 -24.81744721465741 0.6099999999999994
    endloop
  endfacet
  facet normal 0 0 1
    outer loop
      vertex 36.898959235991434 -23.69895923599143 0.6099999999999994
      vertex 36.82564966075245 -24.81744721465741 0.6099999999999994
      vertex 36.898959235991434 -24.901040764008563 0.6099999999999994
    endloop
  endfacet
  facet normal 0 0 1
    outer loop
      vertex 36.98255278534259 -23.625649660752448 0.6099999999999994
      vertex 36.898959235991434 -24.901040764008563 0.6099999999999994
      vertex 36.98255278534259 -24.974350339247547 0.6099999999999994
    endloop
  endfacet
  facet normal 0 0 1
    outer loop
      vertex 37.075 -23.563878406783225 0.6099999999999994
      vertex 36.98255278534259 -24.974350339247547 0.6099999999999994
      vertex 37.075 -25.03612159321677 0.6099999999999994
    endloop
  endfacet
  facet normal 0 0 1
    outer loop
      vertex 37.075 -23.563878406783225 0.6099999999999994
      vertex 37.075 -25.03612159321677 0.6099999999999994
      vertex 37.17471908248967 -23.514702397365404 0.6099999999999994
    endloop
  endfacet
  facet normal 0 0 1
    outer loop
      vertex 37.17471908248967 -23.514702397365404 0.6099999999999994
      vertex 37.17471908248967 -25.08529760263459 0.6099999999999994
      vertex 37.28000381166286 -23.47896304765429 0.6099999999999994
    endloop
  endfacet
  facet normal 0 0 1
    outer loop
      vertex 37.38905273661295 -23.457271867832258 0.6099999999999994
      vertex 37.28000381166286 -23.47896304765429 0.6099999999999994
      vertex 37.28000381166286 -25.121036952345705 0.6099999999999994
    endloop
  endfacet
  facet normal 0 0 1
    outer loop
      vertex 37.38905273661295 -23.457271867832258 0.6099999999999994
      vertex 37.38905273661295 -25.142728132167736 0.6099999999999994
      vertex 37.5 -23.449999999999996 0.6099999999999994
    endloop
  endfacet
  facet normal 0 0 1
    outer loop
      vertex 37.5 -23.449999999999996 0.6099999999999994
      vertex 37.5 -25.15 0.6099999999999994
      vertex 37.61094726338705 -23.457271867832258 0.6099999999999994
    endloop
  endfacet
  facet normal 0 0 1
    outer loop
      vertex 37.61094726338705 -23.457271867832258 0.6099999999999994
      vertex 37.61094726338705 -25.142728132167736 0.6099999999999994
      vertex 37.71999618833714 -23.47896304765429 0.6099999999999994
    endloop
  endfacet
  facet normal 0 0 1
    outer loop
      vertex 37.71999618833714 -23.47896304765429 0.6099999999999994
      vertex 37.71999618833714 -25.121036952345705 0.6099999999999994
      vertex 37.82528091751033 -23.514702397365404 0.6099999999999994
    endloop
  endfacet
  facet normal 0 0 1
    outer loop
      vertex 37.17471908248967 -23.514702397365404 0.6099999999999994
      vertex 37.075 -25.03612159321677 0.6099999999999994
      vertex 37.17471908248967 -25.08529760263459 0.6099999999999994
    endloop
  endfacet
  facet normal 0 0 1
    outer loop
      vertex 37.28000381166286 -23.47896304765429 0.6099999999999994
      vertex 37.17471908248967 -25.08529760263459 0.6099999999999994
      vertex 37.28000381166286 -25.121036952345705 0.6099999999999994
    endloop
  endfacet
  facet normal 0 0 1
    outer loop
      vertex 37.82528091751033 -23.514702397365404 0.6099999999999994
      vertex 37.82528091751033 -25.08529760263459 0.6099999999999994
      vertex 37.925 -23.563878406783225 0.6099999999999994
    endloop
  endfacet
  facet normal 0 0 1
    outer loop
      vertex 37.925 -23.563878406783225 0.6099999999999994
      vertex 37.925 -25.03612159321677 0.6099999999999994
      vertex 38.01744721465741 -23.625649660752448 0.6099999999999994
    endloop
  endfacet
  facet normal 0 0 1
    outer loop
      vertex 38.01744721465741 -23.625649660752448 0.6099999999999994
      vertex 38.01744721465741 -24.974350339247547 0.6099999999999994
      vertex 38.101040764008566 -23.69895923599143 0.6099999999999994
    endloop
  endfacet
  facet normal 0 0 1
    outer loop
      vertex 38.101040764008566 -23.69895923599143 0.6099999999999994
      vertex 38.101040764008566 -24.901040764008563 0.6099999999999994
      vertex 38.17435033924755 -23.782552785342585 0.6099999999999994
    endloop
  endfacet
  facet normal 0 0 1
    outer loop
      vertex 38.01744721465741 -23.625649660752448 0.6099999999999994
      vertex 37.925 -25.03612159321677 0.6099999999999994
      vertex 38.01744721465741 -24.974350339247547 0.6099999999999994
    endloop
  endfacet
  facet normal 0 0 1
    outer loop
      vertex 37.925 -23.563878406783225 0.6099999999999994
      vertex 37.82528091751033 -25.08529760263459 0.6099999999999994
      vertex 37.925 -25.03612159321677 0.6099999999999994
    endloop
  endfacet
  facet normal 0 0 1
    outer loop
      vertex 38.101040764008566 -23.69895923599143 0.6099999999999994
      vertex 38.01744721465741 -24.974350339247547 0.6099999999999994
      vertex 38.101040764008566 -24.901040764008563 0.6099999999999994
    endloop
  endfacet
  facet normal 0 0 1
    outer loop
      vertex 38.17435033924755 -23.782552785342585 0.6099999999999994
      vertex 38.101040764008566 -24.901040764008563 0.6099999999999994
      vertex 38.17435033924755 -24.81744721465741 0.6099999999999994
    endloop
  endfacet
  facet normal 0 0 1
    outer loop
      vertex 38.17435033924755 -23.782552785342585 0.6099999999999994
      vertex 38.17435033924755 -24.81744721465741 0.6099999999999994
      vertex 38.23612159321677 -23.874999999999996 0.6099999999999994
    endloop
  endfacet
  facet normal 0 0 1
    outer loop
      vertex 38.23612159321677 -23.874999999999996 0.6099999999999994
      vertex 38.23612159321677 -24.724999999999998 0.6099999999999994
      vertex 38.28529760263459 -23.97471908248967 0.6099999999999994
    endloop
  endfacet
  facet normal 0 0 1
    outer loop
      vertex 38.28529760263459 -23.97471908248967 0.6099999999999994
      vertex 38.28529760263459 -24.625280917510324 0.6099999999999994
      vertex 38.32103695234571 -24.080003811662856 0.6099999999999994
    endloop
  endfacet
  facet normal 0 0 1
    outer loop
      vertex 38.32103695234571 -24.080003811662856 0.6099999999999994
      vertex 38.32103695234571 -24.51999618833714 0.6099999999999994
      vertex 38.342728132167736 -24.189052736612954 0.6099999999999994
    endloop
  endfacet
  facet normal 0 0 1
    outer loop
      vertex 38.342728132167736 -24.189052736612954 0.6099999999999994
      vertex 38.342728132167736 -24.41094726338704 0.6099999999999994
      vertex 38.35 -24.299999999999997 0.6099999999999994
    endloop
  endfacet
  facet normal 0 0 1
    outer loop
      vertex 38.342728132167736 -24.189052736612954 0.6099999999999994
      vertex 38.32103695234571 -24.51999618833714 0.6099999999999994
      vertex 38.342728132167736 -24.41094726338704 0.6099999999999994
    endloop
  endfacet
  facet normal 0 0 1
    outer loop
      vertex 38.32103695234571 -24.080003811662856 0.6099999999999994
      vertex 38.28529760263459 -24.625280917510324 0.6099999999999994
      vertex 38.32103695234571 -24.51999618833714 0.6099999999999994
    endloop
  endfacet
  facet normal 0 0 1
    outer loop
      vertex 38.28529760263459 -23.97471908248967 0.6099999999999994
      vertex 38.23612159321677 -24.724999999999998 0.6099999999999994
      vertex 38.28529760263459 -24.625280917510324 0.6099999999999994
    endloop
  endfacet
  facet normal 0 0 1
    outer loop
      vertex 38.23612159321677 -23.874999999999996 0.6099999999999994
      vertex 38.17435033924755 -24.81744721465741 0.6099999999999994
      vertex 38.23612159321677 -24.724999999999998 0.6099999999999994
    endloop
  endfacet
  facet normal 0 0 1
    outer loop
      vertex 37.38905273661295 -23.457271867832258 0.6099999999999994
      vertex 37.28000381166286 -25.121036952345705 0.6099999999999994
      vertex 37.38905273661295 -25.142728132167736 0.6099999999999994
    endloop
  endfacet
  facet normal 0 0 1
    outer loop
      vertex 37.38905273661295 -25.142728132167736 0.6099999999999994
      vertex 37.5 -25.15 0.6099999999999994
      vertex 37.5 -23.449999999999996 0.6099999999999994
    endloop
  endfacet
  facet normal 0 0 1
    outer loop
      vertex 37.61094726338705 -23.457271867832258 0.6099999999999994
      vertex 37.5 -25.15 0.6099999999999994
      vertex 37.61094726338705 -25.142728132167736 0.6099999999999994
    endloop
  endfacet
  facet normal 0 0 1
    outer loop
      vertex 37.71999618833714 -23.47896304765429 0.6099999999999994
      vertex 37.61094726338705 -25.142728132167736 0.6099999999999994
      vertex 37.71999618833714 -25.121036952345705 0.6099999999999994
    endloop
  endfacet
  facet normal 0 0 1
    outer loop
      vertex 37.82528091751033 -23.514702397365404 0.6099999999999994
      vertex 37.71999618833714 -25.121036952345705 0.6099999999999994
      vertex 37.82528091751033 -25.08529760263459 0.6099999999999994
    endloop
  endfacet
  facet normal 0.751839807478953 -0.6593458151000968 0
    outer loop
      vertex -90.91235634133493 61.45007564336003 1.0600000000000005
      vertex -90.81317279836453 61.563172798364526 2
      vertex -90.91235634133493 61.45007564336003 2
    endloop
  endfacet
  facet normal 0.5555702330196207 -0.8314696123025329 0
    outer loop
      vertex -90.70007564336002 61.66235634133492 1.0600000000000005
      vertex -90.575 61.7459292143521 2
      vertex -90.70007564336002 61.66235634133492 2
    endloop
  endfacet
  facet normal 0.4422886902190092 -0.8968727415326845 0
    outer loop
      vertex -90.575 61.7459292143521 1.0600000000000005
      vertex -90.44008594721986 61.81246146238798 2
      vertex -90.575 61.7459292143521 2
    endloop
  endfacet
  facet normal 0.65934581510005 -0.751839807478994 0
    outer loop
      vertex -90.81317279836453 61.563172798364526 1.0600000000000005
      vertex -90.70007564336002 61.66235634133492 2
      vertex -90.81317279836453 61.563172798364526 2
    endloop
  endfacet
  facet normal 0.8968727415326656 -0.4422886902190472 0
    outer loop
      vertex -91.06246146238799 61.190085947219856 1.0600000000000005
      vertex -90.9959292143521 61.325 2
      vertex -91.06246146238799 61.190085947219856 2
    endloop
  endfacet
  facet normal 0.8314696123025693 -0.5555702330195662 0
    outer loop
      vertex -90.9959292143521 61.325 1.0600000000000005
      vertex -90.91235634133493 61.45007564336003 2
      vertex -90.9959292143521 61.325 2
    endloop
  endfacet
  facet normal 0.9469301294951298 -0.32143946530309014 0
    outer loop
      vertex -91.11081470023242 61.0476419018679 1.0600000000000005
      vertex -91.06246146238799 61.190085947219856 2
      vertex -91.11081470023242 61.0476419018679 2
    endloop
  endfacet
  facet normal 0.9807852804032285 -0.19509032201613716 0
    outer loop
      vertex -91.14016159057988 60.90010512105306 1.0600000000000005
      vertex -91.11081470023242 61.0476419018679 2
      vertex -91.14016159057988 60.90010512105306 2
    endloop
  endfacet
  facet normal 0.3214394653031893 -0.9469301294950963 0
    outer loop
      vertex -90.44008594721986 61.81246146238798 1.0600000000000005
      vertex -90.2976419018679 61.86081470023243 2
      vertex -90.44008594721986 61.81246146238798 2
    endloop
  endfacet
  facet normal 0.19509032201608265 -0.9807852804032395 0
    outer loop
      vertex -90.2976419018679 61.86081470023243 1.0600000000000005
      vertex -90.15010512105306 61.89016159057988 2
      vertex -90.2976419018679 61.86081470023243 2
    endloop
  endfacet
  facet normal 0.06540312923015211 -0.9978589232386029 0
    outer loop
      vertex -90.15010512105306 61.89016159057988 1.0600000000000005
      vertex -90 61.9 2
      vertex -90.15010512105306 61.89016159057988 2
    endloop
  endfacet
  facet normal -0.06540312923015211 -0.9978589232386029 0
    outer loop
      vertex -90 61.9 1.0600000000000005
      vertex -89.84989487894694 61.89016159057988 2
      vertex -90 61.9 2
    endloop
  endfacet
  facet normal -0.19509032201608265 -0.9807852804032395 0
    outer loop
      vertex -89.84989487894694 61.89016159057988 1.0600000000000005
      vertex -89.7023580981321 61.86081470023243 2
      vertex -89.84989487894694 61.89016159057988 2
    endloop
  endfacet
  facet normal -0.3214394653031893 -0.9469301294950963 0
    outer loop
      vertex -89.7023580981321 61.86081470023243 1.0600000000000005
      vertex -89.55991405278014 61.81246146238798 2
      vertex -89.7023580981321 61.86081470023243 2
    endloop
  endfacet
  facet normal -0.4422886902190092 -0.8968727415326845 0
    outer loop
      vertex -89.55991405278014 61.81246146238798 1.0600000000000005
      vertex -89.425 61.7459292143521 2
      vertex -89.55991405278014 61.81246146238798 2
    endloop
  endfacet
  facet normal -0.5555702330196207 -0.8314696123025329 0
    outer loop
      vertex -89.425 61.7459292143521 1.0600000000000005
      vertex -89.29992435663998 61.66235634133492 2
      vertex -89.425 61.7459292143521 2
    endloop
  endfacet
  facet normal -0.65934581510005 -0.751839807478994 0
    outer loop
      vertex -89.29992435663998 61.66235634133492 1.0600000000000005
      vertex -89.18682720163547 61.563172798364526 2
      vertex -89.29992435663998 61.66235634133492 2
    endloop
  endfacet
  facet normal -0.751839807478953 -0.6593458151000968 0
    outer loop
      vertex -89.18682720163547 61.563172798364526 1.0600000000000005
      vertex -89.08764365866507 61.45007564336003 2
      vertex -89.18682720163547 61.563172798364526 2
    endloop
  endfacet
  facet normal -0.8314696123025693 -0.5555702330195662 0
    outer loop
      vertex -89.08764365866507 61.45007564336003 1.0600000000000005
      vertex -89.0040707856479 61.325 2
      vertex -89.08764365866507 61.45007564336003 2
    endloop
  endfacet
  facet normal -0.8968727415326656 -0.4422886902190472 0
    outer loop
      vertex -89.0040707856479 61.325 1.0600000000000005
      vertex -88.93753853761201 61.190085947219856 2
      vertex -89.0040707856479 61.325 2
    endloop
  endfacet
  facet normal 0.9978589232385998 -0.06540312923019913 0
    outer loop
      vertex -91.15 60.75 1.0600000000000005
      vertex -91.14016159057988 60.90010512105306 2
      vertex -91.15 60.75 2
    endloop
  endfacet
  facet normal 0.9978589232385998 0.06540312923019913 0
    outer loop
      vertex -91.14016159057988 60.59989487894694 1.0600000000000005
      vertex -91.15 60.75 2
      vertex -91.14016159057988 60.59989487894694 2
    endloop
  endfacet
  facet normal 0.9807852804032285 0.19509032201613716 0
    outer loop
      vertex -91.11081470023242 60.4523580981321 1.0600000000000005
      vertex -91.14016159057988 60.59989487894694 2
      vertex -91.11081470023242 60.4523580981321 2
    endloop
  endfacet
  facet normal 0.9469301294951298 0.32143946530309014 0
    outer loop
      vertex -91.06246146238799 60.309914052780144 1.0600000000000005
      vertex -91.11081470023242 60.4523580981321 2
      vertex -91.06246146238799 60.309914052780144 2
    endloop
  endfacet
  facet normal 0.8968727415326656 0.4422886902190472 0
    outer loop
      vertex -90.9959292143521 60.175 1.0600000000000005
      vertex -91.06246146238799 60.309914052780144 2
      vertex -90.9959292143521 60.175 2
    endloop
  endfacet
  facet normal 0.8314696123025693 0.5555702330195662 0
    outer loop
      vertex -90.91235634133493 60.04992435663997 1.0600000000000005
      vertex -90.9959292143521 60.175 2
      vertex -90.91235634133493 60.04992435663997 2
    endloop
  endfacet
  facet normal 0.751839807478953 0.6593458151000968 0
    outer loop
      vertex -90.81317279836453 59.936827201635474 1.0600000000000005
      vertex -90.91235634133493 60.04992435663997 2
      vertex -90.81317279836453 59.936827201635474 2
    endloop
  endfacet
  facet normal 0.65934581510005 0.751839807478994 0
    outer loop
      vertex -90.70007564336002 59.83764365866508 1.0600000000000005
      vertex -90.81317279836453 59.936827201635474 2
      vertex -90.70007564336002 59.83764365866508 2
    endloop
  endfacet
  facet normal 0.5555702330196207 0.8314696123025329 0
    outer loop
      vertex -90.575 59.7540707856479 1.0600000000000005
      vertex -90.70007564336002 59.83764365866508 2
      vertex -90.575 59.7540707856479 2
    endloop
  endfacet
  facet normal 0.4422886902190092 0.8968727415326845 0
    outer loop
      vertex -90.44008594721986 59.68753853761202 1.0600000000000005
      vertex -90.575 59.7540707856479 2
      vertex -90.44008594721986 59.68753853761202 2
    endloop
  endfacet
  facet normal -0.8314696123025693 0.5555702330195662 0
    outer loop
      vertex -89.0040707856479 60.175 1.0600000000000005
      vertex -89.08764365866507 60.04992435663997 2
      vertex -89.0040707856479 60.175 2
    endloop
  endfacet
  facet normal -0.751839807478953 0.6593458151000968 0
    outer loop
      vertex -89.08764365866507 60.04992435663997 1.0600000000000005
      vertex -89.18682720163547 59.936827201635474 2
      vertex -89.08764365866507 60.04992435663997 2
    endloop
  endfacet
  facet normal 0.3214394653031893 0.9469301294950963 0
    outer loop
      vertex -90.2976419018679 59.63918529976757 1.0600000000000005
      vertex -90.44008594721986 59.68753853761202 2
      vertex -90.2976419018679 59.63918529976757 2
    endloop
  endfacet
  facet normal 0.19509032201608265 0.9807852804032395 0
    outer loop
      vertex -90.15010512105306 59.60983840942012 1.0600000000000005
      vertex -90.2976419018679 59.63918529976757 2
      vertex -90.15010512105306 59.60983840942012 2
    endloop
  endfacet
  facet normal 0.06540312923015211 0.9978589232386029 0
    outer loop
      vertex -90 59.6 1.0600000000000005
      vertex -90.15010512105306 59.60983840942012 2
      vertex -90 59.6 2
    endloop
  endfacet
  facet normal -0.06540312923015211 0.9978589232386029 0
    outer loop
      vertex -89.84989487894694 59.60983840942012 1.0600000000000005
      vertex -90 59.6 2
      vertex -89.84989487894694 59.60983840942012 2
    endloop
  endfacet
  facet normal -0.19509032201608265 0.9807852804032395 0
    outer loop
      vertex -89.7023580981321 59.63918529976757 1.0600000000000005
      vertex -89.84989487894694 59.60983840942012 2
      vertex -89.7023580981321 59.63918529976757 2
    endloop
  endfacet
  facet normal -0.5555702330196207 0.8314696123025329 0
    outer loop
      vertex -89.29992435663998 59.83764365866508 1.0600000000000005
      vertex -89.425 59.7540707856479 2
      vertex -89.29992435663998 59.83764365866508 2
    endloop
  endfacet
  facet normal -0.4422886902190092 0.8968727415326845 0
    outer loop
      vertex -89.425 59.7540707856479 1.0600000000000005
      vertex -89.55991405278014 59.68753853761202 2
      vertex -89.425 59.7540707856479 2
    endloop
  endfacet
  facet normal -0.3214394653031893 0.9469301294950963 0
    outer loop
      vertex -89.55991405278014 59.68753853761202 1.0600000000000005
      vertex -89.7023580981321 59.63918529976757 2
      vertex -89.55991405278014 59.68753853761202 2
    endloop
  endfacet
  facet normal -0.65934581510005 0.751839807478994 0
    outer loop
      vertex -89.18682720163547 59.936827201635474 1.0600000000000005
      vertex -89.29992435663998 59.83764365866508 2
      vertex -89.18682720163547 59.936827201635474 2
    endloop
  endfacet
  facet normal -0.9469301294951298 -0.32143946530309014 0
    outer loop
      vertex -88.93753853761201 61.190085947219856 1.0600000000000005
      vertex -88.88918529976758 61.0476419018679 2
      vertex -88.93753853761201 61.190085947219856 2
    endloop
  endfacet
  facet normal -0.9807852804032285 -0.19509032201613716 0
    outer loop
      vertex -88.88918529976758 61.0476419018679 1.0600000000000005
      vertex -88.85983840942012 60.90010512105306 2
      vertex -88.88918529976758 61.0476419018679 2
    endloop
  endfacet
  facet normal -0.9978589232385998 -0.06540312923019913 0
    outer loop
      vertex -88.85983840942012 60.90010512105306 1.0600000000000005
      vertex -88.85 60.75 2
      vertex -88.85983840942012 60.90010512105306 2
    endloop
  endfacet
  facet normal -0.9978589232385998 0.06540312923019913 0
    outer loop
      vertex -88.85 60.75 1.0600000000000005
      vertex -88.85983840942012 60.59989487894694 2
      vertex -88.85 60.75 2
    endloop
  endfacet
  facet normal -0.9807852804032285 0.19509032201613716 0
    outer loop
      vertex -88.85983840942012 60.59989487894694 1.0600000000000005
      vertex -88.88918529976758 60.4523580981321 2
      vertex -88.85983840942012 60.59989487894694 2
    endloop
  endfacet
  facet normal -0.9469301294951298 0.32143946530309014 0
    outer loop
      vertex -88.88918529976758 60.4523580981321 1.0600000000000005
      vertex -88.93753853761201 60.309914052780144 2
      vertex -88.88918529976758 60.4523580981321 2
    endloop
  endfacet
  facet normal -0.8968727415326656 0.4422886902190472 0
    outer loop
      vertex -88.93753853761201 60.309914052780144 1.0600000000000005
      vertex -89.0040707856479 60.175 2
      vertex -88.93753853761201 60.309914052780144 2
    endloop
  endfacet
  facet normal 0.751839807478953 -0.6593458151000968 0
    outer loop
      vertex -90.81317279836453 61.563172798364526 1.0600000000000005
      vertex -90.81317279836453 61.563172798364526 2
      vertex -90.91235634133493 61.45007564336003 1.0600000000000005
    endloop
  endfacet
  facet normal 0.4422886902190092 -0.8968727415326845 -3.65197072806302e-18
    outer loop
      vertex -90.575 61.7459292143521 1.0600000000000005
      vertex -90.44008594721986 61.81246146238798 1.0600000000000005
      vertex -90.44008594721986 61.81246146238798 2
    endloop
  endfacet
  facet normal 0.5555702330196207 -0.8314696123025329 0
    outer loop
      vertex -90.575 61.7459292143521 1.0600000000000005
      vertex -90.575 61.7459292143521 2
      vertex -90.70007564336002 61.66235634133492 1.0600000000000005
    endloop
  endfacet
  facet normal 0.65934581510005 -0.751839807478994 -2.1605583577050882e-18
    outer loop
      vertex -90.81317279836453 61.563172798364526 1.0600000000000005
      vertex -90.70007564336002 61.66235634133492 1.0600000000000005
      vertex -90.70007564336002 61.66235634133492 2
    endloop
  endfacet
  facet normal 0.8968727415326656 -0.4422886902190472 0
    outer loop
      vertex -90.9959292143521 61.325 1.0600000000000005
      vertex -90.9959292143521 61.325 2
      vertex -91.06246146238799 61.190085947219856 1.0600000000000005
    endloop
  endfacet
  facet normal 0.8314696123025693 -0.5555702330195662 2.6240075118818606e-18
    outer loop
      vertex -90.9959292143521 61.325 1.0600000000000005
      vertex -90.91235634133493 61.45007564336003 1.0600000000000005
      vertex -90.91235634133493 61.45007564336003 2
    endloop
  endfacet
  facet normal 0.9469301294951298 -0.32143946530309014 0
    outer loop
      vertex -91.06246146238799 61.190085947219856 1.0600000000000005
      vertex -91.06246146238799 61.190085947219856 2
      vertex -91.11081470023242 61.0476419018679 1.0600000000000005
    endloop
  endfacet
  facet normal 0.9807852804032285 -0.19509032201613716 0
    outer loop
      vertex -91.11081470023242 61.0476419018679 1.0600000000000005
      vertex -91.11081470023242 61.0476419018679 2
      vertex -91.14016159057988 60.90010512105306 1.0600000000000005
    endloop
  endfacet
  facet normal 0.3214394653031893 -0.9469301294950963 -3.9074098144069774e-19
    outer loop
      vertex -90.44008594721986 61.81246146238798 1.0600000000000005
      vertex -90.2976419018679 61.86081470023243 1.0600000000000005
      vertex -90.2976419018679 61.86081470023243 2
    endloop
  endfacet
  facet normal 0.19509032201608265 -0.9807852804032395 2.9331988350927396e-18
    outer loop
      vertex -90.2976419018679 61.86081470023243 1.0600000000000005
      vertex -90.15010512105306 61.89016159057988 1.0600000000000005
      vertex -90.15010512105306 61.89016159057988 2
    endloop
  endfacet
  facet normal 0.06540312923015211 -0.9978589232386029 9.370390474330003e-20
    outer loop
      vertex -90.15010512105306 61.89016159057988 1.0600000000000005
      vertex -90 61.9 1.0600000000000005
      vertex -90 61.9 2
    endloop
  endfacet
  facet normal -0.06540312923015211 -0.9978589232386029 -9.370390474330003e-20
    outer loop
      vertex -90 61.9 1.0600000000000005
      vertex -89.84989487894694 61.89016159057988 1.0600000000000005
      vertex -89.84989487894694 61.89016159057988 2
    endloop
  endfacet
  facet normal -0.19509032201608265 -0.9807852804032395 -2.9331988350927396e-18
    outer loop
      vertex -89.84989487894694 61.89016159057988 1.0600000000000005
      vertex -89.7023580981321 61.86081470023243 1.0600000000000005
      vertex -89.7023580981321 61.86081470023243 2
    endloop
  endfacet
  facet normal -0.3214394653031893 -0.9469301294950963 3.9074098144069774e-19
    outer loop
      vertex -89.7023580981321 61.86081470023243 1.0600000000000005
      vertex -89.55991405278014 61.81246146238798 1.0600000000000005
      vertex -89.55991405278014 61.81246146238798 2
    endloop
  endfacet
  facet normal -0.4422886902190092 -0.8968727415326845 3.65197072806302e-18
    outer loop
      vertex -89.55991405278014 61.81246146238798 1.0600000000000005
      vertex -89.425 61.7459292143521 1.0600000000000005
      vertex -89.425 61.7459292143521 2
    endloop
  endfacet
  facet normal -0.5555702330196207 -0.8314696123025329 -2.5669281878144683e-18
    outer loop
      vertex -89.425 61.7459292143521 1.0600000000000005
      vertex -89.29992435663998 61.66235634133492 1.0600000000000005
      vertex -89.29992435663998 61.66235634133492 2
    endloop
  endfacet
  facet normal -0.65934581510005 -0.751839807478994 2.1605583577050882e-18
    outer loop
      vertex -89.29992435663998 61.66235634133492 1.0600000000000005
      vertex -89.18682720163547 61.563172798364526 1.0600000000000005
      vertex -89.18682720163547 61.563172798364526 2
    endloop
  endfacet
  facet normal -0.751839807478953 -0.6593458151000968 -3.831360299700151e-18
    outer loop
      vertex -89.18682720163547 61.563172798364526 1.0600000000000005
      vertex -89.08764365866507 61.45007564336003 1.0600000000000005
      vertex -89.08764365866507 61.45007564336003 2
    endloop
  endfacet
  facet normal -0.8314696123025693 -0.5555702330195662 -2.6240075118818606e-18
    outer loop
      vertex -89.08764365866507 61.45007564336003 1.0600000000000005
      vertex -89.0040707856479 61.325 1.0600000000000005
      vertex -89.0040707856479 61.325 2
    endloop
  endfacet
  facet normal 0.9978589232385998 -0.06540312923019913 0
    outer loop
      vertex -91.14016159057988 60.90010512105306 1.0600000000000005
      vertex -91.14016159057988 60.90010512105306 2
      vertex -91.15 60.75 1.0600000000000005
    endloop
  endfacet
  facet normal 0.9978589232385998 0.06540312923019913 0
    outer loop
      vertex -91.15 60.75 1.0600000000000005
      vertex -91.15 60.75 2
      vertex -91.14016159057988 60.59989487894694 1.0600000000000005
    endloop
  endfacet
  facet normal 0.9807852804032285 0.19509032201613716 0
    outer loop
      vertex -91.14016159057988 60.59989487894694 1.0600000000000005
      vertex -91.14016159057988 60.59989487894694 2
      vertex -91.11081470023242 60.4523580981321 1.0600000000000005
    endloop
  endfacet
  facet normal 0.9469301294951298 0.32143946530309014 0
    outer loop
      vertex -91.11081470023242 60.4523580981321 1.0600000000000005
      vertex -91.11081470023242 60.4523580981321 2
      vertex -91.06246146238799 60.309914052780144 1.0600000000000005
    endloop
  endfacet
  facet normal 0.8968727415326656 0.4422886902190472 0
    outer loop
      vertex -91.06246146238799 60.309914052780144 1.0600000000000005
      vertex -91.06246146238799 60.309914052780144 2
      vertex -90.9959292143521 60.175 1.0600000000000005
    endloop
  endfacet
  facet normal 0.8314696123025693 0.5555702330195662 0
    outer loop
      vertex -90.9959292143521 60.175 1.0600000000000005
      vertex -90.9959292143521 60.175 2
      vertex -90.91235634133493 60.04992435663997 1.0600000000000005
    endloop
  endfacet
  facet normal 0.751839807478953 0.6593458151000968 0
    outer loop
      vertex -90.91235634133493 60.04992435663997 1.0600000000000005
      vertex -90.91235634133493 60.04992435663997 2
      vertex -90.81317279836453 59.936827201635474 1.0600000000000005
    endloop
  endfacet
  facet normal 0.65934581510005 0.751839807478994 0
    outer loop
      vertex -90.81317279836453 59.936827201635474 1.0600000000000005
      vertex -90.81317279836453 59.936827201635474 2
      vertex -90.70007564336002 59.83764365866508 1.0600000000000005
    endloop
  endfacet
  facet normal 0.5555702330196207 0.8314696123025329 0
    outer loop
      vertex -90.70007564336002 59.83764365866508 1.0600000000000005
      vertex -90.70007564336002 59.83764365866508 2
      vertex -90.575 59.7540707856479 1.0600000000000005
    endloop
  endfacet
  facet normal 0.4422886902190092 0.8968727415326845 0
    outer loop
      vertex -90.575 59.7540707856479 1.0600000000000005
      vertex -90.575 59.7540707856479 2
      vertex -90.44008594721986 59.68753853761202 1.0600000000000005
    endloop
  endfacet
  facet normal -0.8968727415326656 0.4422886902190472 0
    outer loop
      vertex -89.0040707856479 60.175 1.0600000000000005
      vertex -89.0040707856479 60.175 2
      vertex -88.93753853761201 60.309914052780144 1.0600000000000005
    endloop
  endfacet
  facet normal -0.8314696123025693 0.5555702330195662 2.6240075118818606e-18
    outer loop
      vertex -89.0040707856479 60.175 1.0600000000000005
      vertex -89.08764365866507 60.04992435663997 1.0600000000000005
      vertex -89.08764365866507 60.04992435663997 2
    endloop
  endfacet
  facet normal -0.751839807478953 0.6593458151000968 3.831360299700151e-18
    outer loop
      vertex -89.08764365866507 60.04992435663997 1.0600000000000005
      vertex -89.18682720163547 59.936827201635474 1.0600000000000005
      vertex -89.18682720163547 59.936827201635474 2
    endloop
  endfacet
  facet normal 0.3214394653031893 0.9469301294950963 0
    outer loop
      vertex -90.44008594721986 59.68753853761202 1.0600000000000005
      vertex -90.44008594721986 59.68753853761202 2
      vertex -90.2976419018679 59.63918529976757 1.0600000000000005
    endloop
  endfacet
  facet normal 0.19509032201608265 0.9807852804032395 0
    outer loop
      vertex -90.2976419018679 59.63918529976757 1.0600000000000005
      vertex -90.2976419018679 59.63918529976757 2
      vertex -90.15010512105306 59.60983840942012 1.0600000000000005
    endloop
  endfacet
  facet normal 0.06540312923015211 0.9978589232386029 0
    outer loop
      vertex -90.15010512105306 59.60983840942012 1.0600000000000005
      vertex -90.15010512105306 59.60983840942012 2
      vertex -90 59.6 1.0600000000000005
    endloop
  endfacet
  facet normal -0.06540312923015211 0.9978589232386029 0
    outer loop
      vertex -90 59.6 1.0600000000000005
      vertex -90 59.6 2
      vertex -89.84989487894694 59.60983840942012 1.0600000000000005
    endloop
  endfacet
  facet normal -0.19509032201608265 0.9807852804032395 0
    outer loop
      vertex -89.84989487894694 59.60983840942012 1.0600000000000005
      vertex -89.84989487894694 59.60983840942012 2
      vertex -89.7023580981321 59.63918529976757 1.0600000000000005
    endloop
  endfacet
  facet normal -0.4422886902190092 0.8968727415326845 0
    outer loop
      vertex -89.55991405278014 59.68753853761202 1.0600000000000005
      vertex -89.55991405278014 59.68753853761202 2
      vertex -89.425 59.7540707856479 1.0600000000000005
    endloop
  endfacet
  facet normal -0.5555702330196207 0.8314696123025329 0
    outer loop
      vertex -89.425 59.7540707856479 1.0600000000000005
      vertex -89.425 59.7540707856479 2
      vertex -89.29992435663998 59.83764365866508 1.0600000000000005
    endloop
  endfacet
  facet normal -0.3214394653031893 0.9469301294950963 0
    outer loop
      vertex -89.7023580981321 59.63918529976757 1.0600000000000005
      vertex -89.7023580981321 59.63918529976757 2
      vertex -89.55991405278014 59.68753853761202 1.0600000000000005
    endloop
  endfacet
  facet normal -0.65934581510005 0.751839807478994 -2.1605583577050882e-18
    outer loop
      vertex -89.18682720163547 59.936827201635474 1.0600000000000005
      vertex -89.29992435663998 59.83764365866508 1.0600000000000005
      vertex -89.29992435663998 59.83764365866508 2
    endloop
  endfacet
  facet normal -0.8968727415326656 -0.4422886902190472 -3.806523856009034e-18
    outer loop
      vertex -89.0040707856479 61.325 1.0600000000000005
      vertex -88.93753853761201 61.190085947219856 1.0600000000000005
      vertex -88.93753853761201 61.190085947219856 2
    endloop
  endfacet
  facet normal -0.9469301294951298 -0.32143946530309014 -1.489250141862552e-18
    outer loop
      vertex -88.93753853761201 61.190085947219856 1.0600000000000005
      vertex -88.88918529976758 61.0476419018679 1.0600000000000005
      vertex -88.88918529976758 61.0476419018679 2
    endloop
  endfacet
  facet normal -0.9807852804032285 -0.19509032201613716 1.9029781193893977e-18
    outer loop
      vertex -88.88918529976758 61.0476419018679 1.0600000000000005
      vertex -88.85983840942012 60.90010512105306 1.0600000000000005
      vertex -88.85983840942012 60.90010512105306 2
    endloop
  endfacet
  facet normal -0.9978589232385998 -0.06540312923019913 4.512946220247065e-19
    outer loop
      vertex -88.85983840942012 60.90010512105306 1.0600000000000005
      vertex -88.85 60.75 1.0600000000000005
      vertex -88.85 60.75 2
    endloop
  endfacet
  facet normal -0.9978589232385998 0.06540312923019913 -4.512946220247065e-19
    outer loop
      vertex -88.85 60.75 1.0600000000000005
      vertex -88.85983840942012 60.59989487894694 1.0600000000000005
      vertex -88.85983840942012 60.59989487894694 2
    endloop
  endfacet
  facet normal -0.9807852804032285 0.19509032201613716 -1.9029781193893977e-18
    outer loop
      vertex -88.85983840942012 60.59989487894694 1.0600000000000005
      vertex -88.88918529976758 60.4523580981321 1.0600000000000005
      vertex -88.88918529976758 60.4523580981321 2
    endloop
  endfacet
  facet normal -0.9469301294951298 0.32143946530309014 1.489250141862552e-18
    outer loop
      vertex -88.88918529976758 60.4523580981321 1.0600000000000005
      vertex -88.93753853761201 60.309914052780144 1.0600000000000005
      vertex -88.93753853761201 60.309914052780144 2
    endloop
  endfacet
  facet normal 0.3969526502582042 -0.5940816238817384 -0.6996396341110362
    outer loop
      vertex -90.575 61.7459292143521 1.0600000000000005
      vertex -90.70007564336002 61.66235634133492 1.0600000000000005
      vertex -91.33330131671208 62.48759210558178 0
    endloop
  endfacet
  facet normal 0.31601345307401596 -0.6408118911640251 -0.6996396341110346
    outer loop
      vertex -90.575 61.7459292143521 1.0600000000000005
      vertex -91.09509345794392 62.646757508195165 0
      vertex -90.44008594721986 61.81246146238798 1.0600000000000005
    endloop
  endfacet
  facet normal 0.22966717809226925 -0.6765776893218596 -0.699639634111038
    outer loop
      vertex -90.44008594721986 61.81246146238798 1.0600000000000005
      vertex -90.83814824649308 62.773468863962805 0
      vertex -90.2976419018679 61.86081470023243 1.0600000000000005
    endloop
  endfacet
  facet normal 0.5940816238817609 -0.39695265025816295 -0.6996396341110406
    outer loop
      vertex -90.9959292143521 61.325 1.0600000000000005
      vertex -91.89675750819518 61.845093457943925 0
      vertex -90.91235634133493 61.45007564336003 1.0600000000000005
    endloop
  endfacet
  facet normal 0.6765776893218828 -0.22966717809219817 -0.699639634111039
    outer loop
      vertex -91.06246146238799 61.190085947219856 1.0600000000000005
      vertex -91.11081470023242 61.0476419018679 1.0600000000000005
      vertex -92.11555810645648 61.316862086166125 0
    endloop
  endfacet
  facet normal 0.640811891164017 -0.31601345307404566 -0.6996396341110286
    outer loop
      vertex -90.9959292143521 61.325 1.0600000000000005
      vertex -91.06246146238799 61.190085947219856 1.0600000000000005
      vertex -92.02346886396279 61.58814824649307 0
    endloop
  endfacet
  facet normal 0.7007670556326372 -0.13939123401756692 -0.699639634111036
    outer loop
      vertex -91.11081470023242 61.0476419018679 1.0600000000000005
      vertex -91.14016159057988 60.90010512105306 1.0600000000000005
      vertex -92.17144956320516 61.03587675838102 0
    endloop
  endfacet
  facet normal 0.4710998775403734 -0.537186455304318 -0.6996396341110381
    outer loop
      vertex -90.81317279836453 61.563172798364526 1.0600000000000005
      vertex -91.54869602029036 62.29869602029034 0
      vertex -90.70007564336002 61.66235634133492 1.0600000000000005
    endloop
  endfacet
  facet normal 0.5371864553042924 -0.47109987754041016 -0.6996396341110328
    outer loop
      vertex -90.81317279836453 61.563172798364526 1.0600000000000005
      vertex -90.91235634133493 61.45007564336003 1.0600000000000005
      vertex -91.73759210558178 62.08330131671209 0
    endloop
  endfacet
  facet normal 0.13939123401752804 -0.7007670556326449 -0.699639634111036
    outer loop
      vertex -90.2976419018679 61.86081470023243 1.0600000000000005
      vertex -90.39371100206249 62.899999998509884 0
      vertex -90.15010512105306 61.89016159057988 1.0600000000000005
    endloop
  endfacet
  facet normal 0.04673026728228577 -0.7129661033321989 -0.6996396341110375
    outer loop
      vertex -90.15010512105306 61.89016159057988 1.0600000000000005
      vertex -90.28305286961672 62.899999998509884 0.022046740755751415
      vertex -90 61.9 1.0600000000000005
    endloop
  endfacet
  facet normal -0.04673026728228577 -0.712966103332199 -0.6996396341110374
    outer loop
      vertex -90 61.9 1.0600000000000005
      vertex -90 62.899999998509884 0.04095238247088062
      vertex -89.84989487894694 61.89016159057988 1.0600000000000005
    endloop
  endfacet
  facet normal -0.1393912340175276 -0.7007670556326426 -0.6996396341110385
    outer loop
      vertex -89.84989487894694 61.89016159057988 1.0600000000000005
      vertex -89.71694713038328 62.899999998509884 0.022046740755751415
      vertex -89.7023580981321 61.86081470023243 1.0600000000000005
    endloop
  endfacet
  facet normal -0.22966717809227066 -0.6765776893218638 -0.6996396341110335
    outer loop
      vertex -89.7023580981321 61.86081470023243 1.0600000000000005
      vertex -89.43313791383387 62.865558106456476 0
      vertex -89.55991405278014 61.81246146238798 1.0600000000000005
    endloop
  endfacet
  facet normal -0.3160134530740148 -0.6408118911640228 -0.6996396341110371
    outer loop
      vertex -89.55991405278014 61.81246146238798 1.0600000000000005
      vertex -89.16185175350692 62.773468863962805 0
      vertex -89.425 61.7459292143521 1.0600000000000005
    endloop
  endfacet
  facet normal -0.39695265025820564 -0.5940816238817405 -0.6996396341110336
    outer loop
      vertex -89.425 61.7459292143521 1.0600000000000005
      vertex -88.90490654205608 62.646757508195165 0
      vertex -89.29992435663998 61.66235634133492 1.0600000000000005
    endloop
  endfacet
  facet normal -0.47109987754037463 -0.5371864553043193 -0.6996396341110362
    outer loop
      vertex -89.29992435663998 61.66235634133492 1.0600000000000005
      vertex -88.66669868328792 62.48759210558178 0
      vertex -89.18682720163547 61.563172798364526 1.0600000000000005
    endloop
  endfacet
  facet normal 0.7129661033322007 -0.04673026728231963 -0.6996396341110335
    outer loop
      vertex -91.14016159057988 60.90010512105306 1.0600000000000005
      vertex -91.15 60.75 1.0600000000000005
      vertex -92.19018691588785 60.75 0
    endloop
  endfacet
  facet normal 0.7129661033321967 0.04673026728231937 -0.6996396341110376
    outer loop
      vertex -91.15 60.75 1.0600000000000005
      vertex -91.14016159057988 60.59989487894694 1.0600000000000005
      vertex -92.17144956320516 60.46412324161898 0
    endloop
  endfacet
  facet normal 0.7007670556326356 0.13939123401756665 -0.6996396341110376
    outer loop
      vertex -91.14016159057988 60.59989487894694 1.0600000000000005
      vertex -91.11081470023242 60.4523580981321 1.0600000000000005
      vertex -92.11555810645648 60.183137913833875 0
    endloop
  endfacet
  facet normal 0.676577689321893 0.22966717809220166 -0.6996396341110279
    outer loop
      vertex -91.11081470023242 60.4523580981321 1.0600000000000005
      vertex -91.06246146238799 60.309914052780144 1.0600000000000005
      vertex -92.02346886396279 59.91185175350693 0
    endloop
  endfacet
  facet normal 0.640811891164006 0.3160134530740402 -0.6996396341110411
    outer loop
      vertex -91.06246146238799 60.309914052780144 1.0600000000000005
      vertex -90.9959292143521 60.175 1.0600000000000005
      vertex -91.89675750819518 59.654906542056075 0
    endloop
  endfacet
  facet normal 0.5940816238817672 0.39695265025816723 -0.6996396341110326
    outer loop
      vertex -90.9959292143521 60.175 1.0600000000000005
      vertex -90.91235634133493 60.04992435663997 1.0600000000000005
      vertex -91.73759210558178 59.41669868328791 0
    endloop
  endfacet
  facet normal 0.5371864553042899 0.47109987754040794 -0.6996396341110362
    outer loop
      vertex -90.91235634133493 60.04992435663997 1.0600000000000005
      vertex -90.81317279836453 59.936827201635474 1.0600000000000005
      vertex -91.54869602029035 59.20130397970966 0
    endloop
  endfacet
  facet normal 0.47109987754037463 0.5371864553043193 -0.6996396341110362
    outer loop
      vertex -90.81317279836453 59.936827201635474 1.0600000000000005
      vertex -90.70007564336002 59.83764365866508 1.0600000000000005
      vertex -91.33330131671208 59.01240789441822 0
    endloop
  endfacet
  facet normal 0.39695265025820564 0.5940816238817405 -0.6996396341110336
    outer loop
      vertex -90.70007564336002 59.83764365866508 1.0600000000000005
      vertex -90.575 59.7540707856479 1.0600000000000005
      vertex -91.09509345794392 58.853242491804835 0
    endloop
  endfacet
  facet normal 0.3160134530740148 0.6408118911640228 -0.6996396341110371
    outer loop
      vertex -90.575 59.7540707856479 1.0600000000000005
      vertex -90.44008594721986 59.68753853761202 1.0600000000000005
      vertex -90.83814824649308 58.726531136037195 0
    endloop
  endfacet
  facet normal 0.2296671780922707 0.6765776893218639 -0.6996396341110334
    outer loop
      vertex -90.44008594721986 59.68753853761202 1.0600000000000005
      vertex -90.2976419018679 59.63918529976757 1.0600000000000005
      vertex -90.56686208616613 58.634441893543524 0
    endloop
  endfacet
  facet normal 0.1393912340175278 0.7007670556326435 -0.6996396341110374
    outer loop
      vertex -90.2976419018679 59.63918529976757 1.0600000000000005
      vertex -90.15010512105306 59.60983840942012 1.0600000000000005
      vertex -90.28587675838102 58.57855043679484 0
    endloop
  endfacet
  facet normal 0.0467302672822858 0.7129661033321993 -0.699639634111037
    outer loop
      vertex -90.15010512105306 59.60983840942012 1.0600000000000005
      vertex -90 59.6 1.0600000000000005
      vertex -90 58.55981308411215 0
    endloop
  endfacet
  facet normal -0.04673026728228583 0.7129661033321999 -0.6996396341110364
    outer loop
      vertex -90 59.6 1.0600000000000005
      vertex -89.84989487894694 59.60983840942012 1.0600000000000005
      vertex -89.71412324161898 58.57855043679484 0
    endloop
  endfacet
  facet normal -0.47109987754037547 0.5371864553043203 -0.6996396341110349
    outer loop
      vertex -89.18682720163547 59.936827201635474 1.0600000000000005
      vertex -88.45130397970965 59.20130397970966 0
      vertex -89.29992435663998 59.83764365866508 1.0600000000000005
    endloop
  endfacet
  facet normal -0.3969526502582042 0.5940816238817384 -0.6996396341110362
    outer loop
      vertex -89.425 59.7540707856479 1.0600000000000005
      vertex -89.29992435663998 59.83764365866508 1.0600000000000005
      vertex -88.66669868328792 59.01240789441822 0
    endloop
  endfacet
  facet normal -0.13939123401752854 0.7007670556326474 -0.6996396341110334
    outer loop
      vertex -89.84989487894694 59.60983840942012 1.0600000000000005
      vertex -89.7023580981321 59.63918529976757 1.0600000000000005
      vertex -89.43313791383387 58.634441893543524 0
    endloop
  endfacet
  facet normal -0.22966717809226925 0.6765776893218596 -0.699639634111038
    outer loop
      vertex -89.7023580981321 59.63918529976757 1.0600000000000005
      vertex -89.55991405278014 59.68753853761202 1.0600000000000005
      vertex -89.16185175350692 58.726531136037195 0
    endloop
  endfacet
  facet normal -0.31601345307401596 0.6408118911640251 -0.6996396341110346
    outer loop
      vertex -89.55991405278014 59.68753853761202 1.0600000000000005
      vertex -89.425 59.7540707856479 1.0600000000000005
      vertex -88.90490654205608 58.853242491804835 0
    endloop
  endfacet
  facet normal 0.47109987754036403 -0.537186455304328 -0.6996396341110367
    outer loop
      vertex -90.70007564336002 61.66235634133492 1.0600000000000005
      vertex -91.54869602029036 62.29869602029034 0
      vertex -91.33330131671208 62.48759210558178 0
    endloop
  endfacet
  facet normal 0.5371864553043223 -0.4710998775403681 -0.6996396341110382
    outer loop
      vertex -90.81317279836453 61.563172798364526 1.0600000000000005
      vertex -91.73759210558178 62.08330131671209 0
      vertex -91.54869602029036 62.29869602029034 0
    endloop
  endfacet
  facet normal 0.3160134530740315 -0.6408118911640152 -0.6996396341110367
    outer loop
      vertex -90.44008594721986 61.81246146238798 1.0600000000000005
      vertex -91.09509345794392 62.646757508195165 0
      vertex -90.83814824649308 62.773468863962805 0
    endloop
  endfacet
  facet normal 0.22966717809223855 -0.6765776893218736 -0.6996396341110346
    outer loop
      vertex -90.2976419018679 61.86081470023243 1.0600000000000005
      vertex -90.83814824649308 62.773468863962805 0
      vertex -90.56686208616613 62.865558106456476 0
    endloop
  endfacet
  facet normal 0.39695265025818927 -0.5940816238817508 -0.6996396341110341
    outer loop
      vertex -90.575 61.7459292143521 1.0600000000000005
      vertex -91.33330131671208 62.48759210558178 0
      vertex -91.09509345794392 62.646757508195165 0
    endloop
  endfacet
  facet normal 0.6408118911640488 -0.3160134530739603 -0.699639634111038
    outer loop
      vertex -90.9959292143521 61.325 1.0600000000000005
      vertex -92.02346886396279 61.58814824649307 0
      vertex -91.89675750819518 61.845093457943925 0
    endloop
  endfacet
  facet normal 0.594081623881734 -0.3969526502582136 -0.6996396341110345
    outer loop
      vertex -90.91235634133493 61.45007564336003 1.0600000000000005
      vertex -91.89675750819518 61.845093457943925 0
      vertex -91.73759210558178 62.08330131671209 0
    endloop
  endfacet
  facet normal 0.6765776893218647 -0.2296671780922769 -0.6996396341110306
    outer loop
      vertex -91.06246146238799 61.190085947219856 1.0600000000000005
      vertex -92.11555810645648 61.316862086166125 0
      vertex -92.02346886396279 61.58814824649307 0
    endloop
  endfacet
  facet normal 0.7007670556326382 -0.1393912340175562 -0.6996396341110372
    outer loop
      vertex -91.11081470023242 61.0476419018679 1.0600000000000005
      vertex -92.17144956320516 61.03587675838102 0
      vertex -92.11555810645648 61.316862086166125 0
    endloop
  endfacet
  facet normal 0.046730267282285014 -0.712966103332199 -0.6996396341110374
    outer loop
      vertex -90 61.9 1.0600000000000005
      vertex -90.28305286961672 62.899999998509884 0.022046740755751415
      vertex -90 62.899999998509884 0.04095238247088062
    endloop
  endfacet
  facet normal -0.046730267282284924 -0.712966103332199 -0.6996396341110375
    outer loop
      vertex -89.84989487894694 61.89016159057988 1.0600000000000005
      vertex -90 62.899999998509884 0.04095238247088062
      vertex -89.71694713038328 62.899999998509884 0.022046740755751415
    endloop
  endfacet
  facet normal 0.13939123401757061 -0.7007670556326354 -0.699639634111037
    outer loop
      vertex -90.15010512105306 61.89016159057988 1.0600000000000005
      vertex -90.39371100206249 62.899999998509884 0
      vertex -90.28305286961672 62.899999998509884 0.022046740755751415
    endloop
  endfacet
  facet normal 0.13939123401755887 -0.7007670556326403 -0.6996396341110344
    outer loop
      vertex -90.2976419018679 61.86081470023243 1.0600000000000005
      vertex -90.56686208616613 62.865558106456476 0
      vertex -90.39371100206249 62.899999998509884 0
    endloop
  endfacet
  facet normal -0.13939123401755937 -0.7007670556326402 -0.6996396341110344
    outer loop
      vertex -89.7023580981321 61.86081470023243 1.0600000000000005
      vertex -89.60628899793751 62.899999998509884 0
      vertex -89.43313791383387 62.865558106456476 0
    endloop
  endfacet
  facet normal -0.13939123401756995 -0.7007670556326386 -0.6996396341110338
    outer loop
      vertex -89.7023580981321 61.86081470023243 1.0600000000000005
      vertex -89.71694713038328 62.899999998509884 0.022046740755751415
      vertex -89.60628899793751 62.899999998509884 0
    endloop
  endfacet
  facet normal -0.2296671780922382 -0.6765776893218713 -0.6996396341110369
    outer loop
      vertex -89.55991405278014 61.81246146238798 1.0600000000000005
      vertex -89.43313791383387 62.865558106456476 0
      vertex -89.16185175350692 62.773468863962805 0
    endloop
  endfacet
  facet normal -0.31601345307403234 -0.6408118911640163 -0.6996396341110352
    outer loop
      vertex -89.425 61.7459292143521 1.0600000000000005
      vertex -89.16185175350692 62.773468863962805 0
      vertex -88.90490654205608 62.646757508195165 0
    endloop
  endfacet
  facet normal 0.7129661033321996 -0.046730267282290225 -0.6996396341110365
    outer loop
      vertex -91.14016159057988 60.90010512105306 1.0600000000000005
      vertex -92.19018691588785 60.75 0
      vertex -92.17144956320516 61.03587675838102 0
    endloop
  endfacet
  facet normal 0.7129661033322016 0.046730267282290384 -0.6996396341110344
    outer loop
      vertex -91.15 60.75 1.0600000000000005
      vertex -92.17144956320516 60.46412324161898 0
      vertex -92.19018691588785 60.75 0
    endloop
  endfacet
  facet normal 0.7007670556326389 0.13939123401755651 -0.6996396341110365
    outer loop
      vertex -91.14016159057988 60.59989487894694 1.0600000000000005
      vertex -92.11555810645648 60.183137913833875 0
      vertex -92.17144956320516 60.46412324161898 0
    endloop
  endfacet
  facet normal 0.6765776893218592 0.22966717809227527 -0.6996396341110364
    outer loop
      vertex -91.11081470023242 60.4523580981321 1.0600000000000005
      vertex -92.02346886396279 59.91185175350693 0
      vertex -92.11555810645648 60.183137913833875 0
    endloop
  endfacet
  facet normal 0.6408118911640546 0.3160134530739629 -0.6996396341110316
    outer loop
      vertex -91.06246146238799 60.309914052780144 1.0600000000000005
      vertex -91.89675750819518 59.654906542056075 0
      vertex -92.02346886396279 59.91185175350693 0
    endloop
  endfacet
  facet normal 0.5940816238817308 0.39695265025821136 -0.6996396341110387
    outer loop
      vertex -90.9959292143521 60.175 1.0600000000000005
      vertex -91.73759210558178 59.41669868328791 0
      vertex -91.89675750819518 59.654906542056075 0
    endloop
  endfacet
  facet normal 0.5371864553043082 0.47109987754039107 -0.6996396341110336
    outer loop
      vertex -90.91235634133493 60.04992435663997 1.0600000000000005
      vertex -91.54869602029035 59.20130397970966 0
      vertex -91.73759210558178 59.41669868328791 0
    endloop
  endfacet
  facet normal 0.47109987754038246 0.5371864553043137 -0.6996396341110351
    outer loop
      vertex -90.81317279836453 59.936827201635474 1.0600000000000005
      vertex -91.33330131671208 59.01240789441822 0
      vertex -91.54869602029035 59.20130397970966 0
    endloop
  endfacet
  facet normal 0.39695265025818843 0.5940816238817496 -0.6996396341110356
    outer loop
      vertex -90.70007564336002 59.83764365866508 1.0600000000000005
      vertex -91.09509345794392 58.853242491804835 0
      vertex -91.33330131671208 59.01240789441822 0
    endloop
  endfacet
  facet normal 0.31601345307403234 0.6408118911640163 -0.6996396341110352
    outer loop
      vertex -90.575 59.7540707856479 1.0600000000000005
      vertex -90.83814824649308 58.726531136037195 0
      vertex -91.09509345794392 58.853242491804835 0
    endloop
  endfacet
  facet normal 0.2296671780922382 0.6765776893218713 -0.6996396341110369
    outer loop
      vertex -90.44008594721986 59.68753853761202 1.0600000000000005
      vertex -90.56686208616613 58.634441893543524 0
      vertex -90.83814824649308 58.726531136037195 0
    endloop
  endfacet
  facet normal -0.22966717809223855 0.6765776893218736 -0.6996396341110346
    outer loop
      vertex -89.7023580981321 59.63918529976757 1.0600000000000005
      vertex -89.16185175350692 58.726531136037195 0
      vertex -89.43313791383387 58.634441893543524 0
    endloop
  endfacet
  facet normal -0.3160134530740315 0.6408118911640152 -0.6996396341110367
    outer loop
      vertex -89.55991405278014 59.68753853761202 1.0600000000000005
      vertex -88.90490654205608 58.853242491804835 0
      vertex -89.16185175350692 58.726531136037195 0
    endloop
  endfacet
  facet normal -0.39695265025818927 0.5940816238817508 -0.6996396341110341
    outer loop
      vertex -89.425 59.7540707856479 1.0600000000000005
      vertex -88.66669868328792 59.01240789441822 0
      vertex -88.90490654205608 58.853242491804835 0
    endloop
  endfacet
  facet normal 0.1393912340175569 0.7007670556326409 -0.6996396341110342
    outer loop
      vertex -90.2976419018679 59.63918529976757 1.0600000000000005
      vertex -90.28587675838102 58.57855043679484 0
      vertex -90.56686208616613 58.634441893543524 0
    endloop
  endfacet
  facet normal 0.04673026728229025 0.7129661033321996 -0.6996396341110365
    outer loop
      vertex -90.15010512105306 59.60983840942012 1.0600000000000005
      vertex -90 58.55981308411215 0
      vertex -90.28587675838102 58.57855043679484 0
    endloop
  endfacet
  facet normal -0.04673026728229025 0.7129661033321992 -0.6996396341110368
    outer loop
      vertex -90 59.6 1.0600000000000005
      vertex -89.71412324161898 58.57855043679484 0
      vertex -90 58.55981308411215 0
    endloop
  endfacet
  facet normal -0.13939123401755626 0.7007670556326389 -0.6996396341110365
    outer loop
      vertex -89.84989487894694 59.60983840942012 1.0600000000000005
      vertex -89.43313791383387 58.634441893543524 0
      vertex -89.71412324161898 58.57855043679484 0
    endloop
  endfacet
  facet normal -0.5371864553042899 -0.47109987754040794 -0.6996396341110362
    outer loop
      vertex -89.18682720163547 61.563172798364526 1.0600000000000005
      vertex -88.45130397970965 62.29869602029034 0
      vertex -89.08764365866507 61.45007564336003 1.0600000000000005
    endloop
  endfacet
  facet normal -0.5940816238817672 -0.39695265025816723 -0.6996396341110326
    outer loop
      vertex -89.08764365866507 61.45007564336003 1.0600000000000005
      vertex -88.26240789441822 62.08330131671209 0
      vertex -89.0040707856479 61.325 1.0600000000000005
    endloop
  endfacet
  facet normal -0.640811891164006 -0.3160134530740402 -0.6996396341110411
    outer loop
      vertex -89.0040707856479 61.325 1.0600000000000005
      vertex -88.10324249180482 61.845093457943925 0
      vertex -88.93753853761201 61.190085947219856 1.0600000000000005
    endloop
  endfacet
  facet normal -0.676577689321893 -0.22966717809220166 -0.6996396341110278
    outer loop
      vertex -88.93753853761201 61.190085947219856 1.0600000000000005
      vertex -87.97653113603721 61.58814824649307 0
      vertex -88.88918529976758 61.0476419018679 1.0600000000000005
    endloop
  endfacet
  facet normal -0.7007670556326356 -0.13939123401756665 -0.6996396341110376
    outer loop
      vertex -88.88918529976758 61.0476419018679 1.0600000000000005
      vertex -87.88444189354352 61.316862086166125 0
      vertex -88.85983840942012 60.90010512105306 1.0600000000000005
    endloop
  endfacet
  facet normal -0.7129661033321968 -0.046730267282319375 -0.6996396341110375
    outer loop
      vertex -88.85983840942012 60.90010512105306 1.0600000000000005
      vertex -87.82855043679484 61.03587675838102 0
      vertex -88.85 60.75 1.0600000000000005
    endloop
  endfacet
  facet normal -0.7129661033322007 0.04673026728231963 -0.6996396341110335
    outer loop
      vertex -88.85 60.75 1.0600000000000005
      vertex -87.80981308411215 60.75 0
      vertex -88.85983840942012 60.59989487894694 1.0600000000000005
    endloop
  endfacet
  facet normal -0.7007670556326372 0.13939123401756692 -0.699639634111036
    outer loop
      vertex -88.85983840942012 60.59989487894694 1.0600000000000005
      vertex -87.82855043679484 60.46412324161898 0
      vertex -88.88918529976758 60.4523580981321 1.0600000000000005
    endloop
  endfacet
  facet normal -0.640811891164017 0.31601345307404566 -0.6996396341110286
    outer loop
      vertex -89.0040707856479 60.175 1.0600000000000005
      vertex -88.93753853761201 60.309914052780144 1.0600000000000005
      vertex -87.97653113603721 59.91185175350693 0
    endloop
  endfacet
  facet normal -0.5940816238817609 0.39695265025816295 -0.6996396341110406
    outer loop
      vertex -89.0040707856479 60.175 1.0600000000000005
      vertex -88.10324249180482 59.654906542056075 0
      vertex -89.08764365866507 60.04992435663997 1.0600000000000005
    endloop
  endfacet
  facet normal -0.6765776893218828 0.22966717809219817 -0.699639634111039
    outer loop
      vertex -88.88918529976758 60.4523580981321 1.0600000000000005
      vertex -87.88444189354352 60.183137913833875 0
      vertex -88.93753853761201 60.309914052780144 1.0600000000000005
    endloop
  endfacet
  facet normal -0.5371864553042923 0.4710998775404101 -0.6996396341110329
    outer loop
      vertex -89.08764365866507 60.04992435663997 1.0600000000000005
      vertex -88.26240789441822 59.41669868328791 0
      vertex -89.18682720163547 59.936827201635474 1.0600000000000005
    endloop
  endfacet
  facet normal -0.39695265025818843 -0.5940816238817496 -0.6996396341110356
    outer loop
      vertex -89.29992435663998 61.66235634133492 1.0600000000000005
      vertex -88.90490654205608 62.646757508195165 0
      vertex -88.66669868328792 62.48759210558178 0
    endloop
  endfacet
  facet normal -0.47109987754038246 -0.5371864553043137 -0.6996396341110351
    outer loop
      vertex -89.18682720163547 61.563172798364526 1.0600000000000005
      vertex -88.66669868328792 62.48759210558178 0
      vertex -88.45130397970965 62.29869602029034 0
    endloop
  endfacet
  facet normal -0.5371864553043082 -0.47109987754039107 -0.6996396341110336
    outer loop
      vertex -89.08764365866507 61.45007564336003 1.0600000000000005
      vertex -88.45130397970965 62.29869602029034 0
      vertex -88.26240789441822 62.08330131671209 0
    endloop
  endfacet
  facet normal -0.5940816238817308 -0.39695265025821136 -0.6996396341110387
    outer loop
      vertex -89.0040707856479 61.325 1.0600000000000005
      vertex -88.26240789441822 62.08330131671209 0
      vertex -88.10324249180482 61.845093457943925 0
    endloop
  endfacet
  facet normal -0.6408118911640546 -0.3160134530739629 -0.6996396341110316
    outer loop
      vertex -88.93753853761201 61.190085947219856 1.0600000000000005
      vertex -88.10324249180482 61.845093457943925 0
      vertex -87.97653113603721 61.58814824649307 0
    endloop
  endfacet
  facet normal -0.6765776893218592 -0.22966717809227527 -0.6996396341110364
    outer loop
      vertex -88.88918529976758 61.0476419018679 1.0600000000000005
      vertex -87.97653113603721 61.58814824649307 0
      vertex -87.88444189354352 61.316862086166125 0
    endloop
  endfacet
  facet normal -0.7007670556326389 -0.13939123401755651 -0.6996396341110365
    outer loop
      vertex -88.85983840942012 60.90010512105306 1.0600000000000005
      vertex -87.88444189354352 61.316862086166125 0
      vertex -87.82855043679484 61.03587675838102 0
    endloop
  endfacet
  facet normal -0.6765776893218647 0.2296671780922769 -0.6996396341110306
    outer loop
      vertex -88.93753853761201 60.309914052780144 1.0600000000000005
      vertex -87.88444189354352 60.183137913833875 0
      vertex -87.97653113603721 59.91185175350693 0
    endloop
  endfacet
  facet normal -0.7129661033322016 -0.046730267282290384 -0.6996396341110344
    outer loop
      vertex -88.85 60.75 1.0600000000000005
      vertex -87.82855043679484 61.03587675838102 0
      vertex -87.80981308411215 60.75 0
    endloop
  endfacet
  facet normal -0.7129661033321996 0.046730267282290225 -0.6996396341110365
    outer loop
      vertex -88.85983840942012 60.59989487894694 1.0600000000000005
      vertex -87.80981308411215 60.75 0
      vertex -87.82855043679484 60.46412324161898 0
    endloop
  endfacet
  facet normal -0.7007670556326382 0.1393912340175562 -0.6996396341110372
    outer loop
      vertex -88.88918529976758 60.4523580981321 1.0600000000000005
      vertex -87.82855043679484 60.46412324161898 0
      vertex -87.88444189354352 60.183137913833875 0
    endloop
  endfacet
  facet normal -0.5371864553043069 0.4710998775403899 -0.6996396341110355
    outer loop
      vertex -89.18682720163547 59.936827201635474 1.0600000000000005
      vertex -88.26240789441822 59.41669868328791 0
      vertex -88.45130397970965 59.20130397970966 0
    endloop
  endfacet
  facet normal -0.594081623881734 0.3969526502582136 -0.6996396341110345
    outer loop
      vertex -89.08764365866507 60.04992435663997 1.0600000000000005
      vertex -88.10324249180482 59.654906542056075 0
      vertex -88.26240789441822 59.41669868328791 0
    endloop
  endfacet
  facet normal -0.6408118911640488 0.3160134530739603 -0.699639634111038
    outer loop
      vertex -89.0040707856479 60.175 1.0600000000000005
      vertex -87.97653113603721 59.91185175350693 0
      vertex -88.10324249180482 59.654906542056075 0
    endloop
  endfacet
  facet normal -0.471099877540382 0.5371864553043132 -0.6996396341110358
    outer loop
      vertex -89.29992435663998 59.83764365866508 1.0600000000000005
      vertex -88.45130397970965 59.20130397970966 0
      vertex -88.66669868328792 59.01240789441822 0
    endloop
  endfacet
  facet normal 0.4422886902190092 -0.8968727415326845 0
    outer loop
      vertex -90.575 -57.2540707856479 1.0600000000000005
      vertex -90.44008594721986 -57.18753853761202 2
      vertex -90.575 -57.2540707856479 2
    endloop
  endfacet
  facet normal 0.5555702330196207 -0.8314696123025329 0
    outer loop
      vertex -90.70007564336002 -57.33764365866508 1.0600000000000005
      vertex -90.575 -57.2540707856479 2
      vertex -90.70007564336002 -57.33764365866508 2
    endloop
  endfacet
  facet normal 0.65934581510005 -0.751839807478994 0
    outer loop
      vertex -90.81317279836453 -57.436827201635474 1.0600000000000005
      vertex -90.70007564336002 -57.33764365866508 2
      vertex -90.81317279836453 -57.436827201635474 2
    endloop
  endfacet
  facet normal 0.751839807478953 -0.6593458151000968 0
    outer loop
      vertex -90.91235634133493 -57.54992435663997 1.0600000000000005
      vertex -90.81317279836453 -57.436827201635474 2
      vertex -90.91235634133493 -57.54992435663997 2
    endloop
  endfacet
  facet normal 0.8314696123025693 -0.5555702330195662 0
    outer loop
      vertex -90.9959292143521 -57.675 1.0600000000000005
      vertex -90.91235634133493 -57.54992435663997 2
      vertex -90.9959292143521 -57.675 2
    endloop
  endfacet
  facet normal 0.8968727415326656 -0.4422886902190472 0
    outer loop
      vertex -91.06246146238799 -57.809914052780144 1.0600000000000005
      vertex -90.9959292143521 -57.675 2
      vertex -91.06246146238799 -57.809914052780144 2
    endloop
  endfacet
  facet normal 0.9469301294951298 -0.32143946530309014 0
    outer loop
      vertex -91.11081470023242 -57.9523580981321 1.0600000000000005
      vertex -91.06246146238799 -57.809914052780144 2
      vertex -91.11081470023242 -57.9523580981321 2
    endloop
  endfacet
  facet normal 0.9807852804032285 -0.19509032201613716 0
    outer loop
      vertex -91.14016159057988 -58.09989487894694 1.0600000000000005
      vertex -91.11081470023242 -57.9523580981321 2
      vertex -91.14016159057988 -58.09989487894694 2
    endloop
  endfacet
  facet normal 0.9978589232385998 -0.06540312923019913 0
    outer loop
      vertex -91.15 -58.25 1.0600000000000005
      vertex -91.14016159057988 -58.09989487894694 2
      vertex -91.15 -58.25 2
    endloop
  endfacet
  facet normal 0.9978589232385998 0.06540312923019913 0
    outer loop
      vertex -91.14016159057988 -58.40010512105306 1.0600000000000005
      vertex -91.15 -58.25 2
      vertex -91.14016159057988 -58.40010512105306 2
    endloop
  endfacet
  facet normal 0.9807852804032285 0.19509032201613716 0
    outer loop
      vertex -91.11081470023242 -58.5476419018679 1.0600000000000005
      vertex -91.14016159057988 -58.40010512105306 2
      vertex -91.11081470023242 -58.5476419018679 2
    endloop
  endfacet
  facet normal 0.9469301294951298 0.32143946530309014 0
    outer loop
      vertex -91.06246146238799 -58.690085947219856 1.0600000000000005
      vertex -91.11081470023242 -58.5476419018679 2
      vertex -91.06246146238799 -58.690085947219856 2
    endloop
  endfacet
  facet normal 0.8968727415326656 0.4422886902190472 0
    outer loop
      vertex -90.9959292143521 -58.825 1.0600000000000005
      vertex -91.06246146238799 -58.690085947219856 2
      vertex -90.9959292143521 -58.825 2
    endloop
  endfacet
  facet normal 0.8314696123025693 0.5555702330195662 0
    outer loop
      vertex -90.91235634133493 -58.95007564336003 1.0600000000000005
      vertex -90.9959292143521 -58.825 2
      vertex -90.91235634133493 -58.95007564336003 2
    endloop
  endfacet
  facet normal 0.3214394653031893 -0.9469301294950963 0
    outer loop
      vertex -90.44008594721986 -57.18753853761202 1.0600000000000005
      vertex -90.2976419018679 -57.13918529976757 2
      vertex -90.44008594721986 -57.18753853761202 2
    endloop
  endfacet
  facet normal 0.06540312923015211 -0.9978589232386029 0
    outer loop
      vertex -90.15010512105306 -57.10983840942012 1.0600000000000005
      vertex -90 -57.1 2
      vertex -90.15010512105306 -57.10983840942012 2
    endloop
  endfacet
  facet normal 0.19509032201608265 -0.9807852804032395 0
    outer loop
      vertex -90.2976419018679 -57.13918529976757 1.0600000000000005
      vertex -90.15010512105306 -57.10983840942012 2
      vertex -90.2976419018679 -57.13918529976757 2
    endloop
  endfacet
  facet normal -0.06540312923015211 -0.9978589232386029 0
    outer loop
      vertex -90 -57.1 1.0600000000000005
      vertex -89.84989487894694 -57.10983840942012 2
      vertex -90 -57.1 2
    endloop
  endfacet
  facet normal -0.19509032201608265 -0.9807852804032395 0
    outer loop
      vertex -89.84989487894694 -57.10983840942012 1.0600000000000005
      vertex -89.7023580981321 -57.13918529976757 2
      vertex -89.84989487894694 -57.10983840942012 2
    endloop
  endfacet
  facet normal -0.3214394653031893 -0.9469301294950963 0
    outer loop
      vertex -89.7023580981321 -57.13918529976757 1.0600000000000005
      vertex -89.55991405278014 -57.18753853761202 2
      vertex -89.7023580981321 -57.13918529976757 2
    endloop
  endfacet
  facet normal -0.4422886902190092 -0.8968727415326845 0
    outer loop
      vertex -89.55991405278014 -57.18753853761202 1.0600000000000005
      vertex -89.425 -57.2540707856479 2
      vertex -89.55991405278014 -57.18753853761202 2
    endloop
  endfacet
  facet normal -0.5555702330196207 -0.8314696123025329 0
    outer loop
      vertex -89.425 -57.2540707856479 1.0600000000000005
      vertex -89.29992435663998 -57.33764365866508 2
      vertex -89.425 -57.2540707856479 2
    endloop
  endfacet
  facet normal -0.65934581510005 -0.751839807478994 0
    outer loop
      vertex -89.29992435663998 -57.33764365866508 1.0600000000000005
      vertex -89.18682720163547 -57.436827201635474 2
      vertex -89.29992435663998 -57.33764365866508 2
    endloop
  endfacet
  facet normal -0.751839807478953 -0.6593458151000968 0
    outer loop
      vertex -89.18682720163547 -57.436827201635474 1.0600000000000005
      vertex -89.08764365866507 -57.54992435663997 2
      vertex -89.18682720163547 -57.436827201635474 2
    endloop
  endfacet
  facet normal -0.8314696123025693 -0.5555702330195662 0
    outer loop
      vertex -89.08764365866507 -57.54992435663997 1.0600000000000005
      vertex -89.0040707856479 -57.675 2
      vertex -89.08764365866507 -57.54992435663997 2
    endloop
  endfacet
  facet normal -0.8968727415326656 -0.4422886902190472 0
    outer loop
      vertex -89.0040707856479 -57.675 1.0600000000000005
      vertex -88.93753853761201 -57.809914052780144 2
      vertex -89.0040707856479 -57.675 2
    endloop
  endfacet
  facet normal -0.8314696123025693 0.5555702330195662 0
    outer loop
      vertex -89.0040707856479 -58.825 1.0600000000000005
      vertex -89.08764365866507 -58.95007564336003 2
      vertex -89.0040707856479 -58.825 2
    endloop
  endfacet
  facet normal 0.751839807478953 0.6593458151000968 0
    outer loop
      vertex -90.81317279836453 -59.063172798364526 1.0600000000000005
      vertex -90.91235634133493 -58.95007564336003 2
      vertex -90.81317279836453 -59.063172798364526 2
    endloop
  endfacet
  facet normal 0.65934581510005 0.751839807478994 0
    outer loop
      vertex -90.70007564336002 -59.16235634133492 1.0600000000000005
      vertex -90.81317279836453 -59.063172798364526 2
      vertex -90.70007564336002 -59.16235634133492 2
    endloop
  endfacet
  facet normal 0.5555702330196207 0.8314696123025329 0
    outer loop
      vertex -90.575 -59.2459292143521 1.0600000000000005
      vertex -90.70007564336002 -59.16235634133492 2
      vertex -90.575 -59.2459292143521 2
    endloop
  endfacet
  facet normal 0.4422886902190092 0.8968727415326845 0
    outer loop
      vertex -90.44008594721986 -59.31246146238798 1.0600000000000005
      vertex -90.575 -59.2459292143521 2
      vertex -90.44008594721986 -59.31246146238798 2
    endloop
  endfacet
  facet normal 0.3214394653031893 0.9469301294950963 0
    outer loop
      vertex -90.2976419018679 -59.36081470023243 1.0600000000000005
      vertex -90.44008594721986 -59.31246146238798 2
      vertex -90.2976419018679 -59.36081470023243 2
    endloop
  endfacet
  facet normal 0.19509032201608265 0.9807852804032395 0
    outer loop
      vertex -90.15010512105306 -59.39016159057988 1.0600000000000005
      vertex -90.2976419018679 -59.36081470023243 2
      vertex -90.15010512105306 -59.39016159057988 2
    endloop
  endfacet
  facet normal 0.06540312923015211 0.9978589232386029 0
    outer loop
      vertex -90 -59.4 1.0600000000000005
      vertex -90.15010512105306 -59.39016159057988 2
      vertex -90 -59.4 2
    endloop
  endfacet
  facet normal -0.06540312923015211 0.9978589232386029 0
    outer loop
      vertex -89.84989487894694 -59.39016159057988 1.0600000000000005
      vertex -90 -59.4 2
      vertex -89.84989487894694 -59.39016159057988 2
    endloop
  endfacet
  facet normal -0.19509032201608265 0.9807852804032395 0
    outer loop
      vertex -89.7023580981321 -59.36081470023243 1.0600000000000005
      vertex -89.84989487894694 -59.39016159057988 2
      vertex -89.7023580981321 -59.36081470023243 2
    endloop
  endfacet
  facet normal -0.5555702330196207 0.8314696123025329 0
    outer loop
      vertex -89.29992435663998 -59.16235634133492 1.0600000000000005
      vertex -89.425 -59.2459292143521 2
      vertex -89.29992435663998 -59.16235634133492 2
    endloop
  endfacet
  facet normal -0.3214394653031893 0.9469301294950963 0
    outer loop
      vertex -89.55991405278014 -59.31246146238798 1.0600000000000005
      vertex -89.7023580981321 -59.36081470023243 2
      vertex -89.55991405278014 -59.31246146238798 2
    endloop
  endfacet
  facet normal -0.4422886902190092 0.8968727415326845 0
    outer loop
      vertex -89.425 -59.2459292143521 1.0600000000000005
      vertex -89.55991405278014 -59.31246146238798 2
      vertex -89.425 -59.2459292143521 2
    endloop
  endfacet
  facet normal -0.65934581510005 0.751839807478994 0
    outer loop
      vertex -89.18682720163547 -59.063172798364526 1.0600000000000005
      vertex -89.29992435663998 -59.16235634133492 2
      vertex -89.18682720163547 -59.063172798364526 2
    endloop
  endfacet
  facet normal -0.751839807478953 0.6593458151000968 0
    outer loop
      vertex -89.08764365866507 -58.95007564336003 1.0600000000000005
      vertex -89.18682720163547 -59.063172798364526 2
      vertex -89.08764365866507 -58.95007564336003 2
    endloop
  endfacet
  facet normal -0.9469301294951298 -0.32143946530309014 0
    outer loop
      vertex -88.93753853761201 -57.809914052780144 1.0600000000000005
      vertex -88.88918529976758 -57.9523580981321 2
      vertex -88.93753853761201 -57.809914052780144 2
    endloop
  endfacet
  facet normal -0.9807852804032285 -0.19509032201613716 0
    outer loop
      vertex -88.88918529976758 -57.9523580981321 1.0600000000000005
      vertex -88.85983840942012 -58.09989487894694 2
      vertex -88.88918529976758 -57.9523580981321 2
    endloop
  endfacet
  facet normal -0.9978589232385998 -0.06540312923019913 0
    outer loop
      vertex -88.85983840942012 -58.09989487894694 1.0600000000000005
      vertex -88.85 -58.25 2
      vertex -88.85983840942012 -58.09989487894694 2
    endloop
  endfacet
  facet normal -0.9978589232385998 0.06540312923019913 0
    outer loop
      vertex -88.85 -58.25 1.0600000000000005
      vertex -88.85983840942012 -58.40010512105306 2
      vertex -88.85 -58.25 2
    endloop
  endfacet
  facet normal -0.9807852804032285 0.19509032201613716 0
    outer loop
      vertex -88.85983840942012 -58.40010512105306 1.0600000000000005
      vertex -88.88918529976758 -58.5476419018679 2
      vertex -88.85983840942012 -58.40010512105306 2
    endloop
  endfacet
  facet normal -0.9469301294951298 0.32143946530309014 0
    outer loop
      vertex -88.88918529976758 -58.5476419018679 1.0600000000000005
      vertex -88.93753853761201 -58.690085947219856 2
      vertex -88.88918529976758 -58.5476419018679 2
    endloop
  endfacet
  facet normal -0.8968727415326656 0.4422886902190472 0
    outer loop
      vertex -88.93753853761201 -58.690085947219856 1.0600000000000005
      vertex -89.0040707856479 -58.825 2
      vertex -88.93753853761201 -58.690085947219856 2
    endloop
  endfacet
  facet normal 0.751839807478953 -0.6593458151000968 0
    outer loop
      vertex -90.81317279836453 -57.436827201635474 1.0600000000000005
      vertex -90.81317279836453 -57.436827201635474 2
      vertex -90.91235634133493 -57.54992435663997 1.0600000000000005
    endloop
  endfacet
  facet normal 0.4422886902190092 -0.8968727415326845 0
    outer loop
      vertex -90.44008594721986 -57.18753853761202 1.0600000000000005
      vertex -90.44008594721986 -57.18753853761202 2
      vertex -90.575 -57.2540707856479 1.0600000000000005
    endloop
  endfacet
  facet normal 0.65934581510005 -0.751839807478994 -2.1605583577050882e-18
    outer loop
      vertex -90.81317279836453 -57.436827201635474 1.0600000000000005
      vertex -90.70007564336002 -57.33764365866508 1.0600000000000005
      vertex -90.70007564336002 -57.33764365866508 2
    endloop
  endfacet
  facet normal 0.5555702330196207 -0.8314696123025329 0
    outer loop
      vertex -90.575 -57.2540707856479 1.0600000000000005
      vertex -90.575 -57.2540707856479 2
      vertex -90.70007564336002 -57.33764365866508 1.0600000000000005
    endloop
  endfacet
  facet normal 0.8968727415326656 -0.4422886902190472 0
    outer loop
      vertex -90.9959292143521 -57.675 1.0600000000000005
      vertex -90.9959292143521 -57.675 2
      vertex -91.06246146238799 -57.809914052780144 1.0600000000000005
    endloop
  endfacet
  facet normal 0.8314696123025693 -0.5555702330195662 2.6240075118818606e-18
    outer loop
      vertex -90.9959292143521 -57.675 1.0600000000000005
      vertex -90.91235634133493 -57.54992435663997 1.0600000000000005
      vertex -90.91235634133493 -57.54992435663997 2
    endloop
  endfacet
  facet normal 0.9469301294951298 -0.32143946530309014 0
    outer loop
      vertex -91.06246146238799 -57.809914052780144 1.0600000000000005
      vertex -91.06246146238799 -57.809914052780144 2
      vertex -91.11081470023242 -57.9523580981321 1.0600000000000005
    endloop
  endfacet
  facet normal 0.9807852804032285 -0.19509032201613716 -1.9029781193893977e-18
    outer loop
      vertex -91.14016159057988 -58.09989487894694 1.0600000000000005
      vertex -91.11081470023242 -57.9523580981321 1.0600000000000005
      vertex -91.11081470023242 -57.9523580981321 2
    endloop
  endfacet
  facet normal 0.9978589232385998 -0.06540312923019913 0
    outer loop
      vertex -91.14016159057988 -58.09989487894694 1.0600000000000005
      vertex -91.14016159057988 -58.09989487894694 2
      vertex -91.15 -58.25 1.0600000000000005
    endloop
  endfacet
  facet normal 0.9978589232385998 0.06540312923019913 0
    outer loop
      vertex -91.15 -58.25 1.0600000000000005
      vertex -91.15 -58.25 2
      vertex -91.14016159057988 -58.40010512105306 1.0600000000000005
    endloop
  endfacet
  facet normal 0.9807852804032285 0.19509032201613716 0
    outer loop
      vertex -91.14016159057988 -58.40010512105306 1.0600000000000005
      vertex -91.14016159057988 -58.40010512105306 2
      vertex -91.11081470023242 -58.5476419018679 1.0600000000000005
    endloop
  endfacet
  facet normal 0.9469301294951298 0.32143946530309014 0
    outer loop
      vertex -91.11081470023242 -58.5476419018679 1.0600000000000005
      vertex -91.11081470023242 -58.5476419018679 2
      vertex -91.06246146238799 -58.690085947219856 1.0600000000000005
    endloop
  endfacet
  facet normal 0.8968727415326656 0.4422886902190472 0
    outer loop
      vertex -91.06246146238799 -58.690085947219856 1.0600000000000005
      vertex -91.06246146238799 -58.690085947219856 2
      vertex -90.9959292143521 -58.825 1.0600000000000005
    endloop
  endfacet
  facet normal 0.8314696123025693 0.5555702330195662 0
    outer loop
      vertex -90.9959292143521 -58.825 1.0600000000000005
      vertex -90.9959292143521 -58.825 2
      vertex -90.91235634133493 -58.95007564336003 1.0600000000000005
    endloop
  endfacet
  facet normal 0.3214394653031893 -0.9469301294950963 -3.9074098144069774e-19
    outer loop
      vertex -90.44008594721986 -57.18753853761202 1.0600000000000005
      vertex -90.2976419018679 -57.13918529976757 1.0600000000000005
      vertex -90.2976419018679 -57.13918529976757 2
    endloop
  endfacet
  facet normal 0.19509032201608265 -0.9807852804032395 2.9331988350927396e-18
    outer loop
      vertex -90.2976419018679 -57.13918529976757 1.0600000000000005
      vertex -90.15010512105306 -57.10983840942012 1.0600000000000005
      vertex -90.15010512105306 -57.10983840942012 2
    endloop
  endfacet
  facet normal 0.06540312923015211 -0.9978589232386029 9.370390474330003e-20
    outer loop
      vertex -90.15010512105306 -57.10983840942012 1.0600000000000005
      vertex -90 -57.1 1.0600000000000005
      vertex -90 -57.1 2
    endloop
  endfacet
  facet normal -0.06540312923015211 -0.9978589232386029 -9.370390474330003e-20
    outer loop
      vertex -90 -57.1 1.0600000000000005
      vertex -89.84989487894694 -57.10983840942012 1.0600000000000005
      vertex -89.84989487894694 -57.10983840942012 2
    endloop
  endfacet
  facet normal -0.19509032201608265 -0.9807852804032395 -2.9331988350927396e-18
    outer loop
      vertex -89.84989487894694 -57.10983840942012 1.0600000000000005
      vertex -89.7023580981321 -57.13918529976757 1.0600000000000005
      vertex -89.7023580981321 -57.13918529976757 2
    endloop
  endfacet
  facet normal -0.3214394653031893 -0.9469301294950963 3.9074098144069774e-19
    outer loop
      vertex -89.7023580981321 -57.13918529976757 1.0600000000000005
      vertex -89.55991405278014 -57.18753853761202 1.0600000000000005
      vertex -89.55991405278014 -57.18753853761202 2
    endloop
  endfacet
  facet normal -0.4422886902190092 -0.8968727415326845 3.65197072806302e-18
    outer loop
      vertex -89.55991405278014 -57.18753853761202 1.0600000000000005
      vertex -89.425 -57.2540707856479 1.0600000000000005
      vertex -89.425 -57.2540707856479 2
    endloop
  endfacet
  facet normal -0.5555702330196207 -0.8314696123025329 -2.5669281878144683e-18
    outer loop
      vertex -89.425 -57.2540707856479 1.0600000000000005
      vertex -89.29992435663998 -57.33764365866508 1.0600000000000005
      vertex -89.29992435663998 -57.33764365866508 2
    endloop
  endfacet
  facet normal -0.65934581510005 -0.751839807478994 2.1605583577050882e-18
    outer loop
      vertex -89.29992435663998 -57.33764365866508 1.0600000000000005
      vertex -89.18682720163547 -57.436827201635474 1.0600000000000005
      vertex -89.18682720163547 -57.436827201635474 2
    endloop
  endfacet
  facet normal -0.751839807478953 -0.6593458151000968 -3.831360299700151e-18
    outer loop
      vertex -89.18682720163547 -57.436827201635474 1.0600000000000005
      vertex -89.08764365866507 -57.54992435663997 1.0600000000000005
      vertex -89.08764365866507 -57.54992435663997 2
    endloop
  endfacet
  facet normal -0.8314696123025693 -0.5555702330195662 -2.6240075118818606e-18
    outer loop
      vertex -89.08764365866507 -57.54992435663997 1.0600000000000005
      vertex -89.0040707856479 -57.675 1.0600000000000005
      vertex -89.0040707856479 -57.675 2
    endloop
  endfacet
  facet normal -0.8968727415326656 0.4422886902190472 3.806523856009034e-18
    outer loop
      vertex -88.93753853761201 -58.690085947219856 1.0600000000000005
      vertex -89.0040707856479 -58.825 1.0600000000000005
      vertex -89.0040707856479 -58.825 2
    endloop
  endfacet
  facet normal -0.8314696123025693 0.5555702330195662 2.6240075118818606e-18
    outer loop
      vertex -89.0040707856479 -58.825 1.0600000000000005
      vertex -89.08764365866507 -58.95007564336003 1.0600000000000005
      vertex -89.08764365866507 -58.95007564336003 2
    endloop
  endfacet
  facet normal 0.751839807478953 0.6593458151000968 0
    outer loop
      vertex -90.91235634133493 -58.95007564336003 1.0600000000000005
      vertex -90.91235634133493 -58.95007564336003 2
      vertex -90.81317279836453 -59.063172798364526 1.0600000000000005
    endloop
  endfacet
  facet normal 0.65934581510005 0.751839807478994 0
    outer loop
      vertex -90.81317279836453 -59.063172798364526 1.0600000000000005
      vertex -90.81317279836453 -59.063172798364526 2
      vertex -90.70007564336002 -59.16235634133492 1.0600000000000005
    endloop
  endfacet
  facet normal 0.5555702330196207 0.8314696123025329 0
    outer loop
      vertex -90.70007564336002 -59.16235634133492 1.0600000000000005
      vertex -90.70007564336002 -59.16235634133492 2
      vertex -90.575 -59.2459292143521 1.0600000000000005
    endloop
  endfacet
  facet normal 0.4422886902190092 0.8968727415326845 0
    outer loop
      vertex -90.575 -59.2459292143521 1.0600000000000005
      vertex -90.575 -59.2459292143521 2
      vertex -90.44008594721986 -59.31246146238798 1.0600000000000005
    endloop
  endfacet
  facet normal 0.3214394653031893 0.9469301294950963 0
    outer loop
      vertex -90.44008594721986 -59.31246146238798 1.0600000000000005
      vertex -90.44008594721986 -59.31246146238798 2
      vertex -90.2976419018679 -59.36081470023243 1.0600000000000005
    endloop
  endfacet
  facet normal 0.19509032201608265 0.9807852804032395 0
    outer loop
      vertex -90.2976419018679 -59.36081470023243 1.0600000000000005
      vertex -90.2976419018679 -59.36081470023243 2
      vertex -90.15010512105306 -59.39016159057988 1.0600000000000005
    endloop
  endfacet
  facet normal 0.06540312923015211 0.9978589232386029 0
    outer loop
      vertex -90.15010512105306 -59.39016159057988 1.0600000000000005
      vertex -90.15010512105306 -59.39016159057988 2
      vertex -90 -59.4 1.0600000000000005
    endloop
  endfacet
  facet normal -0.06540312923015211 0.9978589232386029 0
    outer loop
      vertex -90 -59.4 1.0600000000000005
      vertex -90 -59.4 2
      vertex -89.84989487894694 -59.39016159057988 1.0600000000000005
    endloop
  endfacet
  facet normal -0.19509032201608265 0.9807852804032395 2.9331988350927396e-18
    outer loop
      vertex -89.7023580981321 -59.36081470023243 1.0600000000000005
      vertex -89.84989487894694 -59.39016159057988 1.0600000000000005
      vertex -89.84989487894694 -59.39016159057988 2
    endloop
  endfacet
  facet normal -0.3214394653031893 0.9469301294950963 0
    outer loop
      vertex -89.7023580981321 -59.36081470023243 1.0600000000000005
      vertex -89.7023580981321 -59.36081470023243 2
      vertex -89.55991405278014 -59.31246146238798 1.0600000000000005
    endloop
  endfacet
  facet normal -0.4422886902190092 0.8968727415326845 0
    outer loop
      vertex -89.55991405278014 -59.31246146238798 1.0600000000000005
      vertex -89.55991405278014 -59.31246146238798 2
      vertex -89.425 -59.2459292143521 1.0600000000000005
    endloop
  endfacet
  facet normal -0.5555702330196207 0.8314696123025329 0
    outer loop
      vertex -89.425 -59.2459292143521 1.0600000000000005
      vertex -89.425 -59.2459292143521 2
      vertex -89.29992435663998 -59.16235634133492 1.0600000000000005
    endloop
  endfacet
  facet normal -0.65934581510005 0.751839807478994 -2.1605583577050882e-18
    outer loop
      vertex -89.18682720163547 -59.063172798364526 1.0600000000000005
      vertex -89.29992435663998 -59.16235634133492 1.0600000000000005
      vertex -89.29992435663998 -59.16235634133492 2
    endloop
  endfacet
  facet normal -0.751839807478953 0.6593458151000968 3.831360299700151e-18
    outer loop
      vertex -89.08764365866507 -58.95007564336003 1.0600000000000005
      vertex -89.18682720163547 -59.063172798364526 1.0600000000000005
      vertex -89.18682720163547 -59.063172798364526 2
    endloop
  endfacet
  facet normal -0.8968727415326656 -0.4422886902190472 -3.806523856009034e-18
    outer loop
      vertex -89.0040707856479 -57.675 1.0600000000000005
      vertex -88.93753853761201 -57.809914052780144 1.0600000000000005
      vertex -88.93753853761201 -57.809914052780144 2
    endloop
  endfacet
  facet normal -0.9469301294951298 -0.32143946530309014 -1.489250141862552e-18
    outer loop
      vertex -88.93753853761201 -57.809914052780144 1.0600000000000005
      vertex -88.88918529976758 -57.9523580981321 1.0600000000000005
      vertex -88.88918529976758 -57.9523580981321 2
    endloop
  endfacet
  facet normal -0.9807852804032285 -0.19509032201613716 1.9029781193893977e-18
    outer loop
      vertex -88.88918529976758 -57.9523580981321 1.0600000000000005
      vertex -88.85983840942012 -58.09989487894694 1.0600000000000005
      vertex -88.85983840942012 -58.09989487894694 2
    endloop
  endfacet
  facet normal -0.9978589232385998 -0.06540312923019913 4.512946220247065e-19
    outer loop
      vertex -88.85983840942012 -58.09989487894694 1.0600000000000005
      vertex -88.85 -58.25 1.0600000000000005
      vertex -88.85 -58.25 2
    endloop
  endfacet
  facet normal -0.9978589232385998 0.06540312923019913 -4.512946220247065e-19
    outer loop
      vertex -88.85 -58.25 1.0600000000000005
      vertex -88.85983840942012 -58.40010512105306 1.0600000000000005
      vertex -88.85983840942012 -58.40010512105306 2
    endloop
  endfacet
  facet normal -0.9807852804032285 0.19509032201613716 -1.9029781193893977e-18
    outer loop
      vertex -88.85983840942012 -58.40010512105306 1.0600000000000005
      vertex -88.88918529976758 -58.5476419018679 1.0600000000000005
      vertex -88.88918529976758 -58.5476419018679 2
    endloop
  endfacet
  facet normal -0.9469301294951298 0.32143946530309014 1.489250141862552e-18
    outer loop
      vertex -88.88918529976758 -58.5476419018679 1.0600000000000005
      vertex -88.93753853761201 -58.690085947219856 1.0600000000000005
      vertex -88.93753853761201 -58.690085947219856 2
    endloop
  endfacet
  facet normal 0.31601345307401596 -0.6408118911640251 -0.6996396341110346
    outer loop
      vertex -90.44008594721986 -57.18753853761202 1.0600000000000005
      vertex -90.575 -57.2540707856479 1.0600000000000005
      vertex -91.09509345794392 -56.353242491804835 0
    endloop
  endfacet
  facet normal 0.22966717809226925 -0.6765776893218596 -0.699639634111038
    outer loop
      vertex -90.44008594721986 -57.18753853761202 1.0600000000000005
      vertex -90.83814824649308 -56.226531136037195 0
      vertex -90.2976419018679 -57.13918529976757 1.0600000000000005
    endloop
  endfacet
  facet normal 0.13939123401752854 -0.7007670556326474 -0.6996396341110334
    outer loop
      vertex -90.2976419018679 -57.13918529976757 1.0600000000000005
      vertex -90.56686208616613 -56.134441893543524 0
      vertex -90.15010512105306 -57.10983840942012 1.0600000000000005
    endloop
  endfacet
  facet normal 0.04673026728228583 -0.7129661033321999 -0.6996396341110364
    outer loop
      vertex -90.15010512105306 -57.10983840942012 1.0600000000000005
      vertex -90.28587675838102 -56.07855043679484 0
      vertex -90 -57.1 1.0600000000000005
    endloop
  endfacet
  facet normal -0.0467302672822858 -0.7129661033321993 -0.699639634111037
    outer loop
      vertex -90 -57.1 1.0600000000000005
      vertex -90 -56.05981308411215 0
      vertex -89.84989487894694 -57.10983840942012 1.0600000000000005
    endloop
  endfacet
  facet normal -0.1393912340175278 -0.7007670556326435 -0.6996396341110372
    outer loop
      vertex -89.84989487894694 -57.10983840942012 1.0600000000000005
      vertex -89.71412324161898 -56.07855043679484 0
      vertex -89.7023580981321 -57.13918529976757 1.0600000000000005
    endloop
  endfacet
  facet normal -0.22966717809227066 -0.6765776893218638 -0.6996396341110335
    outer loop
      vertex -89.7023580981321 -57.13918529976757 1.0600000000000005
      vertex -89.43313791383387 -56.134441893543524 0
      vertex -89.55991405278014 -57.18753853761202 1.0600000000000005
    endloop
  endfacet
  facet normal -0.3160134530740148 -0.6408118911640228 -0.6996396341110371
    outer loop
      vertex -89.55991405278014 -57.18753853761202 1.0600000000000005
      vertex -89.16185175350692 -56.226531136037195 0
      vertex -89.425 -57.2540707856479 1.0600000000000005
    endloop
  endfacet
  facet normal -0.39695265025820564 -0.5940816238817405 -0.6996396341110336
    outer loop
      vertex -89.425 -57.2540707856479 1.0600000000000005
      vertex -88.90490654205608 -56.353242491804835 0
      vertex -89.29992435663998 -57.33764365866508 1.0600000000000005
    endloop
  endfacet
  facet normal 0.5940816238817609 -0.39695265025816295 -0.6996396341110406
    outer loop
      vertex -90.9959292143521 -57.675 1.0600000000000005
      vertex -91.89675750819518 -57.154906542056075 0
      vertex -90.91235634133493 -57.54992435663997 1.0600000000000005
    endloop
  endfacet
  facet normal 0.640811891164017 -0.31601345307404566 -0.6996396341110286
    outer loop
      vertex -90.9959292143521 -57.675 1.0600000000000005
      vertex -91.06246146238799 -57.809914052780144 1.0600000000000005
      vertex -92.02346886396279 -57.41185175350693 0
    endloop
  endfacet
  facet normal 0.6765776893218828 -0.22966717809219817 -0.699639634111039
    outer loop
      vertex -91.06246146238799 -57.809914052780144 1.0600000000000005
      vertex -91.11081470023242 -57.9523580981321 1.0600000000000005
      vertex -92.11555810645648 -57.683137913833875 0
    endloop
  endfacet
  facet normal 0.47109987754037547 -0.5371864553043203 -0.6996396341110349
    outer loop
      vertex -90.81317279836453 -57.436827201635474 1.0600000000000005
      vertex -91.54869602029035 -56.70130397970966 0
      vertex -90.70007564336002 -57.33764365866508 1.0600000000000005
    endloop
  endfacet
  facet normal 0.3969526502582042 -0.5940816238817384 -0.6996396341110362
    outer loop
      vertex -90.575 -57.2540707856479 1.0600000000000005
      vertex -90.70007564336002 -57.33764365866508 1.0600000000000005
      vertex -91.33330131671208 -56.51240789441822 0
    endloop
  endfacet
  facet normal 0.5371864553042924 -0.47109987754041016 -0.6996396341110328
    outer loop
      vertex -90.81317279836453 -57.436827201635474 1.0600000000000005
      vertex -90.91235634133493 -57.54992435663997 1.0600000000000005
      vertex -91.73759210558178 -56.91669868328791 0
    endloop
  endfacet
  facet normal 0.7007670556326372 -0.13939123401756692 -0.699639634111036
    outer loop
      vertex -91.14016159057988 -58.09989487894694 1.0600000000000005
      vertex -92.17144956320516 -57.96412324161898 0
      vertex -91.11081470023242 -57.9523580981321 1.0600000000000005
    endloop
  endfacet
  facet normal 0.7129661033322007 -0.04673026728231963 -0.6996396341110335
    outer loop
      vertex -91.14016159057988 -58.09989487894694 1.0600000000000005
      vertex -91.15 -58.25 1.0600000000000005
      vertex -92.19018691588785 -58.25 0
    endloop
  endfacet
  facet normal 0.7129661033321967 0.04673026728231937 -0.6996396341110376
    outer loop
      vertex -91.15 -58.25 1.0600000000000005
      vertex -91.14016159057988 -58.40010512105306 1.0600000000000005
      vertex -92.17144956320516 -58.53587675838102 0
    endloop
  endfacet
  facet normal 0.7007670556326356 0.13939123401756665 -0.6996396341110376
    outer loop
      vertex -91.14016159057988 -58.40010512105306 1.0600000000000005
      vertex -91.11081470023242 -58.5476419018679 1.0600000000000005
      vertex -92.11555810645648 -58.816862086166125 0
    endloop
  endfacet
  facet normal 0.676577689321893 0.22966717809220166 -0.6996396341110279
    outer loop
      vertex -91.11081470023242 -58.5476419018679 1.0600000000000005
      vertex -91.06246146238799 -58.690085947219856 1.0600000000000005
      vertex -92.02346886396279 -59.08814824649307 0
    endloop
  endfacet
  facet normal 0.640811891164006 0.3160134530740402 -0.6996396341110411
    outer loop
      vertex -91.06246146238799 -58.690085947219856 1.0600000000000005
      vertex -90.9959292143521 -58.825 1.0600000000000005
      vertex -91.89675750819518 -59.345093457943925 0
    endloop
  endfacet
  facet normal -0.47109987754037463 -0.5371864553043193 -0.6996396341110362
    outer loop
      vertex -89.29992435663998 -57.33764365866508 1.0600000000000005
      vertex -88.66669868328792 -56.51240789441822 0
      vertex -89.18682720163547 -57.436827201635474 1.0600000000000005
    endloop
  endfacet
  facet normal 0.471099877540382 -0.5371864553043132 -0.6996396341110358
    outer loop
      vertex -90.70007564336002 -57.33764365866508 1.0600000000000005
      vertex -91.54869602029035 -56.70130397970966 0
      vertex -91.33330131671208 -56.51240789441822 0
    endloop
  endfacet
  facet normal 0.22966717809223855 -0.6765776893218736 -0.6996396341110346
    outer loop
      vertex -90.2976419018679 -57.13918529976757 1.0600000000000005
      vertex -90.83814824649308 -56.226531136037195 0
      vertex -90.56686208616613 -56.134441893543524 0
    endloop
  endfacet
  facet normal 0.39695265025818927 -0.5940816238817508 -0.6996396341110341
    outer loop
      vertex -90.575 -57.2540707856479 1.0600000000000005
      vertex -91.33330131671208 -56.51240789441822 0
      vertex -91.09509345794392 -56.353242491804835 0
    endloop
  endfacet
  facet normal 0.3160134530740315 -0.6408118911640152 -0.6996396341110367
    outer loop
      vertex -90.44008594721986 -57.18753853761202 1.0600000000000005
      vertex -91.09509345794392 -56.353242491804835 0
      vertex -90.83814824649308 -56.226531136037195 0
    endloop
  endfacet
  facet normal 0.13939123401755626 -0.7007670556326389 -0.6996396341110365
    outer loop
      vertex -90.15010512105306 -57.10983840942012 1.0600000000000005
      vertex -90.56686208616613 -56.134441893543524 0
      vertex -90.28587675838102 -56.07855043679484 0
    endloop
  endfacet
  facet normal 0.04673026728229025 -0.7129661033321992 -0.6996396341110368
    outer loop
      vertex -90 -57.1 1.0600000000000005
      vertex -90.28587675838102 -56.07855043679484 0
      vertex -90 -56.05981308411215 0
    endloop
  endfacet
  facet normal -0.04673026728229025 -0.7129661033321996 -0.6996396341110365
    outer loop
      vertex -89.84989487894694 -57.10983840942012 1.0600000000000005
      vertex -90 -56.05981308411215 0
      vertex -89.71412324161898 -56.07855043679484 0
    endloop
  endfacet
  facet normal -0.1393912340175569 -0.7007670556326409 -0.6996396341110342
    outer loop
      vertex -89.7023580981321 -57.13918529976757 1.0600000000000005
      vertex -89.71412324161898 -56.07855043679484 0
      vertex -89.43313791383387 -56.134441893543524 0
    endloop
  endfacet
  facet normal -0.2296671780922382 -0.6765776893218713 -0.6996396341110369
    outer loop
      vertex -89.55991405278014 -57.18753853761202 1.0600000000000005
      vertex -89.43313791383387 -56.134441893543524 0
      vertex -89.16185175350692 -56.226531136037195 0
    endloop
  endfacet
  facet normal -0.31601345307403234 -0.6408118911640163 -0.6996396341110352
    outer loop
      vertex -89.425 -57.2540707856479 1.0600000000000005
      vertex -89.16185175350692 -56.226531136037195 0
      vertex -88.90490654205608 -56.353242491804835 0
    endloop
  endfacet
  facet normal 0.6408118911640488 -0.3160134530739603 -0.699639634111038
    outer loop
      vertex -90.9959292143521 -57.675 1.0600000000000005
      vertex -92.02346886396279 -57.41185175350693 0
      vertex -91.89675750819518 -57.154906542056075 0
    endloop
  endfacet
  facet normal 0.594081623881734 -0.3969526502582136 -0.6996396341110345
    outer loop
      vertex -90.91235634133493 -57.54992435663997 1.0600000000000005
      vertex -91.89675750819518 -57.154906542056075 0
      vertex -91.73759210558178 -56.91669868328791 0
    endloop
  endfacet
  facet normal 0.5371864553043069 -0.4710998775403899 -0.6996396341110355
    outer loop
      vertex -90.81317279836453 -57.436827201635474 1.0600000000000005
      vertex -91.73759210558178 -56.91669868328791 0
      vertex -91.54869602029035 -56.70130397970966 0
    endloop
  endfacet
  facet normal 0.6765776893218647 -0.2296671780922769 -0.6996396341110306
    outer loop
      vertex -91.06246146238799 -57.809914052780144 1.0600000000000005
      vertex -92.11555810645648 -57.683137913833875 0
      vertex -92.02346886396279 -57.41185175350693 0
    endloop
  endfacet
  facet normal 0.7007670556326382 -0.1393912340175562 -0.6996396341110372
    outer loop
      vertex -91.11081470023242 -57.9523580981321 1.0600000000000005
      vertex -92.17144956320516 -57.96412324161898 0
      vertex -92.11555810645648 -57.683137913833875 0
    endloop
  endfacet
  facet normal 0.7129661033321996 -0.046730267282290225 -0.6996396341110365
    outer loop
      vertex -91.14016159057988 -58.09989487894694 1.0600000000000005
      vertex -92.19018691588785 -58.25 0
      vertex -92.17144956320516 -57.96412324161898 0
    endloop
  endfacet
  facet normal 0.7129661033322016 0.046730267282290384 -0.6996396341110344
    outer loop
      vertex -91.15 -58.25 1.0600000000000005
      vertex -92.17144956320516 -58.53587675838102 0
      vertex -92.19018691588785 -58.25 0
    endloop
  endfacet
  facet normal 0.7007670556326389 0.13939123401755651 -0.6996396341110365
    outer loop
      vertex -91.14016159057988 -58.40010512105306 1.0600000000000005
      vertex -92.11555810645648 -58.816862086166125 0
      vertex -92.17144956320516 -58.53587675838102 0
    endloop
  endfacet
  facet normal 0.6765776893218592 0.22966717809227527 -0.6996396341110364
    outer loop
      vertex -91.11081470023242 -58.5476419018679 1.0600000000000005
      vertex -92.02346886396279 -59.08814824649307 0
      vertex -92.11555810645648 -58.816862086166125 0
    endloop
  endfacet
  facet normal 0.5940816238817672 0.39695265025816723 -0.6996396341110326
    outer loop
      vertex -90.9959292143521 -58.825 1.0600000000000005
      vertex -90.91235634133493 -58.95007564336003 1.0600000000000005
      vertex -91.73759210558178 -59.58330131671209 0
    endloop
  endfacet
  facet normal 0.5371864553042899 0.47109987754040794 -0.6996396341110362
    outer loop
      vertex -90.91235634133493 -58.95007564336003 1.0600000000000005
      vertex -90.81317279836453 -59.063172798364526 1.0600000000000005
      vertex -91.54869602029035 -59.79869602029034 0
    endloop
  endfacet
  facet normal 0.47109987754037463 0.5371864553043193 -0.6996396341110362
    outer loop
      vertex -90.81317279836453 -59.063172798364526 1.0600000000000005
      vertex -90.70007564336002 -59.16235634133492 1.0600000000000005
      vertex -91.33330131671208 -59.98759210558178 0
    endloop
  endfacet
  facet normal 0.39695265025820564 0.5940816238817405 -0.6996396341110336
    outer loop
      vertex -90.70007564336002 -59.16235634133492 1.0600000000000005
      vertex -90.575 -59.2459292143521 1.0600000000000005
      vertex -91.09509345794392 -60.146757508195165 0
    endloop
  endfacet
  facet normal 0.3160134530740148 0.6408118911640228 -0.6996396341110371
    outer loop
      vertex -90.575 -59.2459292143521 1.0600000000000005
      vertex -90.44008594721986 -59.31246146238798 1.0600000000000005
      vertex -90.83814824649308 -60.273468863962805 0
    endloop
  endfacet
  facet normal 0.2296671780922707 0.6765776893218639 -0.6996396341110334
    outer loop
      vertex -90.44008594721986 -59.31246146238798 1.0600000000000005
      vertex -90.2976419018679 -59.36081470023243 1.0600000000000005
      vertex -90.56686208616613 -60.365558106456476 0
    endloop
  endfacet
  facet normal 0.1393912340175278 0.7007670556326435 -0.6996396341110374
    outer loop
      vertex -90.2976419018679 -59.36081470023243 1.0600000000000005
      vertex -90.15010512105306 -59.39016159057988 1.0600000000000005
      vertex -90.28587675838102 -60.42144956320516 0
    endloop
  endfacet
  facet normal 0.0467302672822858 0.7129661033321993 -0.699639634111037
    outer loop
      vertex -90.15010512105306 -59.39016159057988 1.0600000000000005
      vertex -90 -59.4 1.0600000000000005
      vertex -90 -60.44018691588785 0
    endloop
  endfacet
  facet normal -0.04673026728228583 0.7129661033321999 -0.6996396341110364
    outer loop
      vertex -90 -59.4 1.0600000000000005
      vertex -89.84989487894694 -59.39016159057988 1.0600000000000005
      vertex -89.71412324161898 -60.42144956320516 0
    endloop
  endfacet
  facet normal -0.47109987754037547 0.5371864553043203 -0.6996396341110349
    outer loop
      vertex -89.18682720163547 -59.063172798364526 1.0600000000000005
      vertex -88.45130397970965 -59.79869602029034 0
      vertex -89.29992435663998 -59.16235634133492 1.0600000000000005
    endloop
  endfacet
  facet normal -0.13939123401752854 0.7007670556326474 -0.6996396341110334
    outer loop
      vertex -89.7023580981321 -59.36081470023243 1.0600000000000005
      vertex -89.43313791383387 -60.365558106456476 0
      vertex -89.84989487894694 -59.39016159057988 1.0600000000000005
    endloop
  endfacet
  facet normal -0.22966717809226925 0.6765776893218596 -0.699639634111038
    outer loop
      vertex -89.7023580981321 -59.36081470023243 1.0600000000000005
      vertex -89.55991405278014 -59.31246146238798 1.0600000000000005
      vertex -89.16185175350692 -60.273468863962805 0
    endloop
  endfacet
  facet normal -0.31601345307401596 0.6408118911640251 -0.6996396341110346
    outer loop
      vertex -89.55991405278014 -59.31246146238798 1.0600000000000005
      vertex -89.425 -59.2459292143521 1.0600000000000005
      vertex -88.90490654205608 -60.146757508195165 0
    endloop
  endfacet
  facet normal -0.3969526502582042 0.5940816238817384 -0.6996396341110362
    outer loop
      vertex -89.425 -59.2459292143521 1.0600000000000005
      vertex -89.29992435663998 -59.16235634133492 1.0600000000000005
      vertex -88.66669868328792 -59.98759210558178 0
    endloop
  endfacet
  facet normal 0.6408118911640546 0.3160134530739629 -0.6996396341110316
    outer loop
      vertex -91.06246146238799 -58.690085947219856 1.0600000000000005
      vertex -91.89675750819518 -59.345093457943925 0
      vertex -92.02346886396279 -59.08814824649307 0
    endloop
  endfacet
  facet normal 0.5940816238817308 0.39695265025821136 -0.6996396341110387
    outer loop
      vertex -90.9959292143521 -58.825 1.0600000000000005
      vertex -91.73759210558178 -59.58330131671209 0
      vertex -91.89675750819518 -59.345093457943925 0
    endloop
  endfacet
  facet normal 0.5371864553043082 0.47109987754039107 -0.6996396341110336
    outer loop
      vertex -90.91235634133493 -58.95007564336003 1.0600000000000005
      vertex -91.54869602029035 -59.79869602029034 0
      vertex -91.73759210558178 -59.58330131671209 0
    endloop
  endfacet
  facet normal 0.47109987754038246 0.5371864553043137 -0.6996396341110351
    outer loop
      vertex -90.81317279836453 -59.063172798364526 1.0600000000000005
      vertex -91.33330131671208 -59.98759210558178 0
      vertex -91.54869602029035 -59.79869602029034 0
    endloop
  endfacet
  facet normal 0.39695265025818843 0.5940816238817496 -0.6996396341110356
    outer loop
      vertex -90.70007564336002 -59.16235634133492 1.0600000000000005
      vertex -91.09509345794392 -60.146757508195165 0
      vertex -91.33330131671208 -59.98759210558178 0
    endloop
  endfacet
  facet normal 0.31601345307403234 0.6408118911640163 -0.6996396341110352
    outer loop
      vertex -90.575 -59.2459292143521 1.0600000000000005
      vertex -90.83814824649308 -60.273468863962805 0
      vertex -91.09509345794392 -60.146757508195165 0
    endloop
  endfacet
  facet normal 0.2296671780922382 0.6765776893218713 -0.6996396341110369
    outer loop
      vertex -90.44008594721986 -59.31246146238798 1.0600000000000005
      vertex -90.56686208616613 -60.365558106456476 0
      vertex -90.83814824649308 -60.273468863962805 0
    endloop
  endfacet
  facet normal -0.3160134530740315 0.6408118911640152 -0.6996396341110367
    outer loop
      vertex -89.55991405278014 -59.31246146238798 1.0600000000000005
      vertex -88.90490654205608 -60.146757508195165 0
      vertex -89.16185175350692 -60.273468863962805 0
    endloop
  endfacet
  facet normal -0.39695265025818927 0.5940816238817508 -0.6996396341110341
    outer loop
      vertex -89.425 -59.2459292143521 1.0600000000000005
      vertex -88.66669868328792 -59.98759210558178 0
      vertex -88.90490654205608 -60.146757508195165 0
    endloop
  endfacet
  facet normal 0.1393912340175569 0.7007670556326409 -0.6996396341110342
    outer loop
      vertex -90.2976419018679 -59.36081470023243 1.0600000000000005
      vertex -90.28587675838102 -60.42144956320516 0
      vertex -90.56686208616613 -60.365558106456476 0
    endloop
  endfacet
  facet normal 0.04673026728229025 0.7129661033321996 -0.6996396341110365
    outer loop
      vertex -90.15010512105306 -59.39016159057988 1.0600000000000005
      vertex -90 -60.44018691588785 0
      vertex -90.28587675838102 -60.42144956320516 0
    endloop
  endfacet
  facet normal -0.04673026728229025 0.7129661033321992 -0.6996396341110368
    outer loop
      vertex -90 -59.4 1.0600000000000005
      vertex -89.71412324161898 -60.42144956320516 0
      vertex -90 -60.44018691588785 0
    endloop
  endfacet
  facet normal -0.13939123401755626 0.7007670556326389 -0.6996396341110365
    outer loop
      vertex -89.84989487894694 -59.39016159057988 1.0600000000000005
      vertex -89.43313791383387 -60.365558106456476 0
      vertex -89.71412324161898 -60.42144956320516 0
    endloop
  endfacet
  facet normal -0.22966717809223855 0.6765776893218736 -0.6996396341110346
    outer loop
      vertex -89.7023580981321 -59.36081470023243 1.0600000000000005
      vertex -89.16185175350692 -60.273468863962805 0
      vertex -89.43313791383387 -60.365558106456476 0
    endloop
  endfacet
  facet normal -0.5371864553042899 -0.47109987754040794 -0.6996396341110362
    outer loop
      vertex -89.18682720163547 -57.436827201635474 1.0600000000000005
      vertex -88.45130397970965 -56.70130397970966 0
      vertex -89.08764365866507 -57.54992435663997 1.0600000000000005
    endloop
  endfacet
  facet normal -0.5940816238817672 -0.39695265025816723 -0.6996396341110326
    outer loop
      vertex -89.08764365866507 -57.54992435663997 1.0600000000000005
      vertex -88.26240789441822 -56.91669868328791 0
      vertex -89.0040707856479 -57.675 1.0600000000000005
    endloop
  endfacet
  facet normal -0.640811891164006 -0.3160134530740402 -0.6996396341110411
    outer loop
      vertex -89.0040707856479 -57.675 1.0600000000000005
      vertex -88.10324249180482 -57.154906542056075 0
      vertex -88.93753853761201 -57.809914052780144 1.0600000000000005
    endloop
  endfacet
  facet normal -0.676577689321893 -0.22966717809220166 -0.6996396341110278
    outer loop
      vertex -88.93753853761201 -57.809914052780144 1.0600000000000005
      vertex -87.97653113603721 -57.41185175350693 0
      vertex -88.88918529976758 -57.9523580981321 1.0600000000000005
    endloop
  endfacet
  facet normal -0.7007670556326356 -0.13939123401756665 -0.6996396341110376
    outer loop
      vertex -88.88918529976758 -57.9523580981321 1.0600000000000005
      vertex -87.88444189354352 -57.683137913833875 0
      vertex -88.85983840942012 -58.09989487894694 1.0600000000000005
    endloop
  endfacet
  facet normal -0.7129661033321968 -0.046730267282319375 -0.6996396341110375
    outer loop
      vertex -88.85983840942012 -58.09989487894694 1.0600000000000005
      vertex -87.82855043679484 -57.96412324161898 0
      vertex -88.85 -58.25 1.0600000000000005
    endloop
  endfacet
  facet normal -0.7129661033322007 0.04673026728231963 -0.6996396341110335
    outer loop
      vertex -88.85 -58.25 1.0600000000000005
      vertex -87.80981308411215 -58.25 0
      vertex -88.85983840942012 -58.40010512105306 1.0600000000000005
    endloop
  endfacet
  facet normal -0.6408118911640172 0.31601345307404566 -0.6996396341110286
    outer loop
      vertex -88.93753853761201 -58.690085947219856 1.0600000000000005
      vertex -87.97653113603721 -59.08814824649307 0
      vertex -89.0040707856479 -58.825 1.0600000000000005
    endloop
  endfacet
  facet normal -0.7007670556326372 0.13939123401756692 -0.699639634111036
    outer loop
      vertex -88.85983840942012 -58.40010512105306 1.0600000000000005
      vertex -87.82855043679484 -58.53587675838102 0
      vertex -88.88918529976758 -58.5476419018679 1.0600000000000005
    endloop
  endfacet
  facet normal -0.6765776893218828 0.22966717809219817 -0.699639634111039
    outer loop
      vertex -88.88918529976758 -58.5476419018679 1.0600000000000005
      vertex -87.88444189354352 -58.816862086166125 0
      vertex -88.93753853761201 -58.690085947219856 1.0600000000000005
    endloop
  endfacet
  facet normal -0.39695265025818843 -0.5940816238817496 -0.6996396341110356
    outer loop
      vertex -89.29992435663998 -57.33764365866508 1.0600000000000005
      vertex -88.90490654205608 -56.353242491804835 0
      vertex -88.66669868328792 -56.51240789441822 0
    endloop
  endfacet
  facet normal -0.47109987754038246 -0.5371864553043137 -0.6996396341110351
    outer loop
      vertex -89.18682720163547 -57.436827201635474 1.0600000000000005
      vertex -88.66669868328792 -56.51240789441822 0
      vertex -88.45130397970965 -56.70130397970966 0
    endloop
  endfacet
  facet normal -0.5371864553043082 -0.47109987754039107 -0.6996396341110336
    outer loop
      vertex -89.08764365866507 -57.54992435663997 1.0600000000000005
      vertex -88.45130397970965 -56.70130397970966 0
      vertex -88.26240789441822 -56.91669868328791 0
    endloop
  endfacet
  facet normal -0.5940816238817308 -0.39695265025821136 -0.6996396341110387
    outer loop
      vertex -89.0040707856479 -57.675 1.0600000000000005
      vertex -88.26240789441822 -56.91669868328791 0
      vertex -88.10324249180482 -57.154906542056075 0
    endloop
  endfacet
  facet normal -0.6408118911640546 -0.3160134530739629 -0.6996396341110316
    outer loop
      vertex -88.93753853761201 -57.809914052780144 1.0600000000000005
      vertex -88.10324249180482 -57.154906542056075 0
      vertex -87.97653113603721 -57.41185175350693 0
    endloop
  endfacet
  facet normal -0.6765776893218592 -0.22966717809227527 -0.6996396341110364
    outer loop
      vertex -88.88918529976758 -57.9523580981321 1.0600000000000005
      vertex -87.97653113603721 -57.41185175350693 0
      vertex -87.88444189354352 -57.683137913833875 0
    endloop
  endfacet
  facet normal -0.7007670556326389 -0.13939123401755651 -0.6996396341110365
    outer loop
      vertex -88.85983840942012 -58.09989487894694 1.0600000000000005
      vertex -87.88444189354352 -57.683137913833875 0
      vertex -87.82855043679484 -57.96412324161898 0
    endloop
  endfacet
  facet normal -0.6765776893218647 0.2296671780922769 -0.6996396341110306
    outer loop
      vertex -88.93753853761201 -58.690085947219856 1.0600000000000005
      vertex -87.88444189354352 -58.816862086166125 0
      vertex -87.97653113603721 -59.08814824649307 0
    endloop
  endfacet
  facet normal -0.7129661033322016 -0.046730267282290384 -0.6996396341110344
    outer loop
      vertex -88.85 -58.25 1.0600000000000005
      vertex -87.82855043679484 -57.96412324161898 0
      vertex -87.80981308411215 -58.25 0
    endloop
  endfacet
  facet normal -0.7129661033321996 0.046730267282290225 -0.6996396341110365
    outer loop
      vertex -88.85983840942012 -58.40010512105306 1.0600000000000005
      vertex -87.80981308411215 -58.25 0
      vertex -87.82855043679484 -58.53587675838102 0
    endloop
  endfacet
  facet normal -0.7007670556326382 0.1393912340175562 -0.6996396341110372
    outer loop
      vertex -88.88918529976758 -58.5476419018679 1.0600000000000005
      vertex -87.82855043679484 -58.53587675838102 0
      vertex -87.88444189354352 -58.816862086166125 0
    endloop
  endfacet
  facet normal -0.5371864553042923 0.4710998775404101 -0.6996396341110329
    outer loop
      vertex -89.08764365866507 -58.95007564336003 1.0600000000000005
      vertex -88.26240789441822 -59.58330131671209 0
      vertex -89.18682720163547 -59.063172798364526 1.0600000000000005
    endloop
  endfacet
  facet normal -0.5940816238817609 0.39695265025816295 -0.6996396341110406
    outer loop
      vertex -89.0040707856479 -58.825 1.0600000000000005
      vertex -88.10324249180482 -59.345093457943925 0
      vertex -89.08764365866507 -58.95007564336003 1.0600000000000005
    endloop
  endfacet
  facet normal -0.6408118911640488 0.3160134530739603 -0.699639634111038
    outer loop
      vertex -89.0040707856479 -58.825 1.0600000000000005
      vertex -87.97653113603721 -59.08814824649307 0
      vertex -88.10324249180482 -59.345093457943925 0
    endloop
  endfacet
  facet normal -0.594081623881734 0.3969526502582136 -0.6996396341110345
    outer loop
      vertex -89.08764365866507 -58.95007564336003 1.0600000000000005
      vertex -88.10324249180482 -59.345093457943925 0
      vertex -88.26240789441822 -59.58330131671209 0
    endloop
  endfacet
  facet normal -0.471099877540382 0.5371864553043132 -0.6996396341110358
    outer loop
      vertex -89.29992435663998 -59.16235634133492 1.0600000000000005
      vertex -88.45130397970965 -59.79869602029034 0
      vertex -88.66669868328792 -59.98759210558178 0
    endloop
  endfacet
  facet normal -0.5371864553043069 0.4710998775403899 -0.6996396341110355
    outer loop
      vertex -89.18682720163547 -59.063172798364526 1.0600000000000005
      vertex -88.26240789441822 -59.58330131671209 0
      vertex -88.45130397970965 -59.79869602029034 0
    endloop
  endfacet
  facet normal 0.8968727415326656 -0.4422886902190472 0
    outer loop
      vertex 88.93753853761201 61.190085947219856 1.0600000000000005
      vertex 89.0040707856479 61.325 2
      vertex 88.93753853761201 61.190085947219856 2
    endloop
  endfacet
  facet normal 0.9469301294951298 -0.32143946530309014 0
    outer loop
      vertex 88.88918529976758 61.0476419018679 1.0600000000000005
      vertex 88.93753853761201 61.190085947219856 2
      vertex 88.88918529976758 61.0476419018679 2
    endloop
  endfacet
  facet normal 0.9807852804032285 -0.19509032201613716 0
    outer loop
      vertex 88.85983840942012 60.90010512105306 1.0600000000000005
      vertex 88.88918529976758 61.0476419018679 2
      vertex 88.85983840942012 60.90010512105306 2
    endloop
  endfacet
  facet normal 0.9978589232385998 -0.06540312923019913 0
    outer loop
      vertex 88.85 60.75 1.0600000000000005
      vertex 88.85983840942012 60.90010512105306 2
      vertex 88.85 60.75 2
    endloop
  endfacet
  facet normal 0.9978589232385998 0.06540312923019913 0
    outer loop
      vertex 88.85983840942012 60.59989487894694 1.0600000000000005
      vertex 88.85 60.75 2
      vertex 88.85983840942012 60.59989487894694 2
    endloop
  endfacet
  facet normal 0.9807852804032285 0.19509032201613716 0
    outer loop
      vertex 88.88918529976758 60.4523580981321 1.0600000000000005
      vertex 88.85983840942012 60.59989487894694 2
      vertex 88.88918529976758 60.4523580981321 2
    endloop
  endfacet
  facet normal 0.9469301294951298 0.32143946530309014 0
    outer loop
      vertex 88.93753853761201 60.309914052780144 1.0600000000000005
      vertex 88.88918529976758 60.4523580981321 2
      vertex 88.93753853761201 60.309914052780144 2
    endloop
  endfacet
  facet normal 0.751839807478953 -0.6593458151000968 0
    outer loop
      vertex 89.08764365866507 61.45007564336003 1.0600000000000005
      vertex 89.18682720163547 61.563172798364526 2
      vertex 89.08764365866507 61.45007564336003 2
    endloop
  endfacet
  facet normal 0.65934581510005 -0.751839807478994 0
    outer loop
      vertex 89.18682720163547 61.563172798364526 1.0600000000000005
      vertex 89.29992435663998 61.66235634133492 2
      vertex 89.18682720163547 61.563172798364526 2
    endloop
  endfacet
  facet normal 0.4422886902190092 -0.8968727415326845 0
    outer loop
      vertex 89.425 61.7459292143521 1.0600000000000005
      vertex 89.55991405278014 61.81246146238798 2
      vertex 89.425 61.7459292143521 2
    endloop
  endfacet
  facet normal 0.5555702330196207 -0.8314696123025329 0
    outer loop
      vertex 89.29992435663998 61.66235634133492 1.0600000000000005
      vertex 89.425 61.7459292143521 2
      vertex 89.29992435663998 61.66235634133492 2
    endloop
  endfacet
  facet normal 0.3214394653031893 -0.9469301294950963 0
    outer loop
      vertex 89.55991405278014 61.81246146238798 1.0600000000000005
      vertex 89.7023580981321 61.86081470023243 2
      vertex 89.55991405278014 61.81246146238798 2
    endloop
  endfacet
  facet normal 0.8314696123025693 -0.5555702330195662 0
    outer loop
      vertex 89.0040707856479 61.325 1.0600000000000005
      vertex 89.08764365866507 61.45007564336003 2
      vertex 89.0040707856479 61.325 2
    endloop
  endfacet
  facet normal 0.19509032201608265 -0.9807852804032395 0
    outer loop
      vertex 89.7023580981321 61.86081470023243 1.0600000000000005
      vertex 89.84989487894694 61.89016159057988 2
      vertex 89.7023580981321 61.86081470023243 2
    endloop
  endfacet
  facet normal 0.06540312923015211 -0.9978589232386029 0
    outer loop
      vertex 89.84989487894694 61.89016159057988 1.0600000000000005
      vertex 90 61.9 2
      vertex 89.84989487894694 61.89016159057988 2
    endloop
  endfacet
  facet normal -0.06540312923015211 -0.9978589232386029 0
    outer loop
      vertex 90 61.9 1.0600000000000005
      vertex 90.15010512105306 61.89016159057988 2
      vertex 90 61.9 2
    endloop
  endfacet
  facet normal -0.19509032201608265 -0.9807852804032395 0
    outer loop
      vertex 90.15010512105306 61.89016159057988 1.0600000000000005
      vertex 90.2976419018679 61.86081470023243 2
      vertex 90.15010512105306 61.89016159057988 2
    endloop
  endfacet
  facet normal -0.3214394653031893 -0.9469301294950963 0
    outer loop
      vertex 90.2976419018679 61.86081470023243 1.0600000000000005
      vertex 90.44008594721986 61.81246146238798 2
      vertex 90.2976419018679 61.86081470023243 2
    endloop
  endfacet
  facet normal -0.4422886902190092 -0.8968727415326845 0
    outer loop
      vertex 90.44008594721986 61.81246146238798 1.0600000000000005
      vertex 90.575 61.7459292143521 2
      vertex 90.44008594721986 61.81246146238798 2
    endloop
  endfacet
  facet normal -0.5555702330196207 -0.8314696123025329 0
    outer loop
      vertex 90.575 61.7459292143521 1.0600000000000005
      vertex 90.70007564336002 61.66235634133492 2
      vertex 90.575 61.7459292143521 2
    endloop
  endfacet
  facet normal -0.65934581510005 -0.751839807478994 0
    outer loop
      vertex 90.70007564336002 61.66235634133492 1.0600000000000005
      vertex 90.81317279836453 61.563172798364526 2
      vertex 90.70007564336002 61.66235634133492 2
    endloop
  endfacet
  facet normal -0.751839807478953 -0.6593458151000968 0
    outer loop
      vertex 90.81317279836453 61.563172798364526 1.0600000000000005
      vertex 90.91235634133493 61.45007564336003 2
      vertex 90.81317279836453 61.563172798364526 2
    endloop
  endfacet
  facet normal -0.8314696123025693 -0.5555702330195662 0
    outer loop
      vertex 90.91235634133493 61.45007564336003 1.0600000000000005
      vertex 90.9959292143521 61.325 2
      vertex 90.91235634133493 61.45007564336003 2
    endloop
  endfacet
  facet normal -0.8968727415326656 -0.4422886902190472 0
    outer loop
      vertex 90.9959292143521 61.325 1.0600000000000005
      vertex 91.06246146238799 61.190085947219856 2
      vertex 90.9959292143521 61.325 2
    endloop
  endfacet
  facet normal -0.9469301294951298 -0.32143946530309014 0
    outer loop
      vertex 91.06246146238799 61.190085947219856 1.0600000000000005
      vertex 91.11081470023242 61.0476419018679 2
      vertex 91.06246146238799 61.190085947219856 2
    endloop
  endfacet
  facet normal -0.9807852804032285 -0.19509032201613716 0
    outer loop
      vertex 91.11081470023242 61.0476419018679 1.0600000000000005
      vertex 91.14016159057988 60.90010512105306 2
      vertex 91.11081470023242 61.0476419018679 2
    endloop
  endfacet
  facet normal 0.8968727415326656 0.4422886902190472 0
    outer loop
      vertex 89.0040707856479 60.175 1.0600000000000005
      vertex 88.93753853761201 60.309914052780144 2
      vertex 89.0040707856479 60.175 2
    endloop
  endfacet
  facet normal 0.8314696123025693 0.5555702330195662 0
    outer loop
      vertex 89.08764365866507 60.04992435663997 1.0600000000000005
      vertex 89.0040707856479 60.175 2
      vertex 89.08764365866507 60.04992435663997 2
    endloop
  endfacet
  facet normal 0.751839807478953 0.6593458151000968 0
    outer loop
      vertex 89.18682720163547 59.936827201635474 1.0600000000000005
      vertex 89.08764365866507 60.04992435663997 2
      vertex 89.18682720163547 59.936827201635474 2
    endloop
  endfacet
  facet normal 0.65934581510005 0.751839807478994 0
    outer loop
      vertex 89.29992435663998 59.83764365866508 1.0600000000000005
      vertex 89.18682720163547 59.936827201635474 2
      vertex 89.29992435663998 59.83764365866508 2
    endloop
  endfacet
  facet normal 0.5555702330196207 0.8314696123025329 0
    outer loop
      vertex 89.425 59.7540707856479 1.0600000000000005
      vertex 89.29992435663998 59.83764365866508 2
      vertex 89.425 59.7540707856479 2
    endloop
  endfacet
  facet normal 0.4422886902190092 0.8968727415326845 0
    outer loop
      vertex 89.55991405278014 59.68753853761202 1.0600000000000005
      vertex 89.425 59.7540707856479 2
      vertex 89.55991405278014 59.68753853761202 2
    endloop
  endfacet
  facet normal 0.3214394653031893 0.9469301294950963 0
    outer loop
      vertex 89.7023580981321 59.63918529976757 1.0600000000000005
      vertex 89.55991405278014 59.68753853761202 2
      vertex 89.7023580981321 59.63918529976757 2
    endloop
  endfacet
  facet normal 0.19509032201608265 0.9807852804032395 0
    outer loop
      vertex 89.84989487894694 59.60983840942012 1.0600000000000005
      vertex 89.7023580981321 59.63918529976757 2
      vertex 89.84989487894694 59.60983840942012 2
    endloop
  endfacet
  facet normal 0.06540312923015211 0.9978589232386029 0
    outer loop
      vertex 90 59.6 1.0600000000000005
      vertex 89.84989487894694 59.60983840942012 2
      vertex 90 59.6 2
    endloop
  endfacet
  facet normal -0.06540312923015211 0.9978589232386029 0
    outer loop
      vertex 90.15010512105306 59.60983840942012 1.0600000000000005
      vertex 90 59.6 2
      vertex 90.15010512105306 59.60983840942012 2
    endloop
  endfacet
  facet normal -0.19509032201608265 0.9807852804032395 0
    outer loop
      vertex 90.2976419018679 59.63918529976757 1.0600000000000005
      vertex 90.15010512105306 59.60983840942012 2
      vertex 90.2976419018679 59.63918529976757 2
    endloop
  endfacet
  facet normal -0.3214394653031893 0.9469301294950963 0
    outer loop
      vertex 90.44008594721986 59.68753853761202 1.0600000000000005
      vertex 90.2976419018679 59.63918529976757 2
      vertex 90.44008594721986 59.68753853761202 2
    endloop
  endfacet
  facet normal -0.9978589232385998 -0.06540312923019913 0
    outer loop
      vertex 91.14016159057988 60.90010512105306 1.0600000000000005
      vertex 91.15 60.75 2
      vertex 91.14016159057988 60.90010512105306 2
    endloop
  endfacet
  facet normal -0.9978589232385998 0.06540312923019913 0
    outer loop
      vertex 91.15 60.75 1.0600000000000005
      vertex 91.14016159057988 60.59989487894694 2
      vertex 91.15 60.75 2
    endloop
  endfacet
  facet normal -0.9807852804032285 0.19509032201613716 0
    outer loop
      vertex 91.14016159057988 60.59989487894694 1.0600000000000005
      vertex 91.11081470023242 60.4523580981321 2
      vertex 91.14016159057988 60.59989487894694 2
    endloop
  endfacet
  facet normal -0.9469301294951298 0.32143946530309014 0
    outer loop
      vertex 91.11081470023242 60.4523580981321 1.0600000000000005
      vertex 91.06246146238799 60.309914052780144 2
      vertex 91.11081470023242 60.4523580981321 2
    endloop
  endfacet
  facet normal -0.8968727415326656 0.4422886902190472 0
    outer loop
      vertex 91.06246146238799 60.309914052780144 1.0600000000000005
      vertex 90.9959292143521 60.175 2
      vertex 91.06246146238799 60.309914052780144 2
    endloop
  endfacet
  facet normal -0.8314696123025693 0.5555702330195662 0
    outer loop
      vertex 90.9959292143521 60.175 1.0600000000000005
      vertex 90.91235634133493 60.04992435663997 2
      vertex 90.9959292143521 60.175 2
    endloop
  endfacet
  facet normal -0.751839807478953 0.6593458151000968 0
    outer loop
      vertex 90.91235634133493 60.04992435663997 1.0600000000000005
      vertex 90.81317279836453 59.936827201635474 2
      vertex 90.91235634133493 60.04992435663997 2
    endloop
  endfacet
  facet normal -0.4422886902190092 0.8968727415326845 0
    outer loop
      vertex 90.575 59.7540707856479 1.0600000000000005
      vertex 90.44008594721986 59.68753853761202 2
      vertex 90.575 59.7540707856479 2
    endloop
  endfacet
  facet normal -0.65934581510005 0.751839807478994 0
    outer loop
      vertex 90.81317279836453 59.936827201635474 1.0600000000000005
      vertex 90.70007564336002 59.83764365866508 2
      vertex 90.81317279836453 59.936827201635474 2
    endloop
  endfacet
  facet normal -0.5555702330196207 0.8314696123025329 0
    outer loop
      vertex 90.70007564336002 59.83764365866508 1.0600000000000005
      vertex 90.575 59.7540707856479 2
      vertex 90.70007564336002 59.83764365866508 2
    endloop
  endfacet
  facet normal 0.9469301294951298 -0.32143946530309014 0
    outer loop
      vertex 88.93753853761201 61.190085947219856 1.0600000000000005
      vertex 88.93753853761201 61.190085947219856 2
      vertex 88.88918529976758 61.0476419018679 1.0600000000000005
    endloop
  endfacet
  facet normal 0.9807852804032285 -0.19509032201613716 0
    outer loop
      vertex 88.88918529976758 61.0476419018679 1.0600000000000005
      vertex 88.88918529976758 61.0476419018679 2
      vertex 88.85983840942012 60.90010512105306 1.0600000000000005
    endloop
  endfacet
  facet normal 0.9978589232385998 -0.06540312923019913 0
    outer loop
      vertex 88.85983840942012 60.90010512105306 1.0600000000000005
      vertex 88.85983840942012 60.90010512105306 2
      vertex 88.85 60.75 1.0600000000000005
    endloop
  endfacet
  facet normal 0.9978589232385998 0.06540312923019913 0
    outer loop
      vertex 88.85 60.75 1.0600000000000005
      vertex 88.85 60.75 2
      vertex 88.85983840942012 60.59989487894694 1.0600000000000005
    endloop
  endfacet
  facet normal 0.9807852804032285 0.19509032201613716 0
    outer loop
      vertex 88.85983840942012 60.59989487894694 1.0600000000000005
      vertex 88.85983840942012 60.59989487894694 2
      vertex 88.88918529976758 60.4523580981321 1.0600000000000005
    endloop
  endfacet
  facet normal 0.9469301294951298 0.32143946530309014 0
    outer loop
      vertex 88.88918529976758 60.4523580981321 1.0600000000000005
      vertex 88.88918529976758 60.4523580981321 2
      vertex 88.93753853761201 60.309914052780144 1.0600000000000005
    endloop
  endfacet
  facet normal 0.8968727415326656 0.4422886902190472 0
    outer loop
      vertex 88.93753853761201 60.309914052780144 1.0600000000000005
      vertex 88.93753853761201 60.309914052780144 2
      vertex 89.0040707856479 60.175 1.0600000000000005
    endloop
  endfacet
  facet normal 0.751839807478953 -0.6593458151000968 0
    outer loop
      vertex 89.18682720163547 61.563172798364526 1.0600000000000005
      vertex 89.18682720163547 61.563172798364526 2
      vertex 89.08764365866507 61.45007564336003 1.0600000000000005
    endloop
  endfacet
  facet normal 0.65934581510005 -0.751839807478994 0
    outer loop
      vertex 89.29992435663998 61.66235634133492 1.0600000000000005
      vertex 89.29992435663998 61.66235634133492 2
      vertex 89.18682720163547 61.563172798364526 1.0600000000000005
    endloop
  endfacet
  facet normal 0.4422886902190092 -0.8968727415326845 -3.65197072806302e-18
    outer loop
      vertex 89.425 61.7459292143521 1.0600000000000005
      vertex 89.55991405278014 61.81246146238798 1.0600000000000005
      vertex 89.55991405278014 61.81246146238798 2
    endloop
  endfacet
  facet normal 0.5555702330196207 -0.8314696123025329 2.5669281878144683e-18
    outer loop
      vertex 89.29992435663998 61.66235634133492 1.0600000000000005
      vertex 89.425 61.7459292143521 1.0600000000000005
      vertex 89.425 61.7459292143521 2
    endloop
  endfacet
  facet normal 0.3214394653031893 -0.9469301294950963 -3.9074098144069774e-19
    outer loop
      vertex 89.55991405278014 61.81246146238798 1.0600000000000005
      vertex 89.7023580981321 61.86081470023243 1.0600000000000005
      vertex 89.7023580981321 61.86081470023243 2
    endloop
  endfacet
  facet normal 0.8314696123025693 -0.5555702330195662 0
    outer loop
      vertex 89.08764365866507 61.45007564336003 1.0600000000000005
      vertex 89.08764365866507 61.45007564336003 2
      vertex 89.0040707856479 61.325 1.0600000000000005
    endloop
  endfacet
  facet normal 0.8968727415326656 -0.4422886902190472 3.806523856009034e-18
    outer loop
      vertex 88.93753853761201 61.190085947219856 1.0600000000000005
      vertex 89.0040707856479 61.325 1.0600000000000005
      vertex 89.0040707856479 61.325 2
    endloop
  endfacet
  facet normal 0.19509032201608265 -0.9807852804032395 0
    outer loop
      vertex 89.84989487894694 61.89016159057988 1.0600000000000005
      vertex 89.84989487894694 61.89016159057988 2
      vertex 89.7023580981321 61.86081470023243 1.0600000000000005
    endloop
  endfacet
  facet normal 0.06540312923015211 -0.9978589232386029 9.370390474330003e-20
    outer loop
      vertex 89.84989487894694 61.89016159057988 1.0600000000000005
      vertex 90 61.9 1.0600000000000005
      vertex 90 61.9 2
    endloop
  endfacet
  facet normal -0.06540312923015211 -0.9978589232386029 -9.370390474330003e-20
    outer loop
      vertex 90 61.9 1.0600000000000005
      vertex 90.15010512105306 61.89016159057988 1.0600000000000005
      vertex 90.15010512105306 61.89016159057988 2
    endloop
  endfacet
  facet normal -0.19509032201608265 -0.9807852804032395 -2.9331988350927396e-18
    outer loop
      vertex 90.15010512105306 61.89016159057988 1.0600000000000005
      vertex 90.2976419018679 61.86081470023243 1.0600000000000005
      vertex 90.2976419018679 61.86081470023243 2
    endloop
  endfacet
  facet normal -0.3214394653031893 -0.9469301294950963 3.9074098144069774e-19
    outer loop
      vertex 90.2976419018679 61.86081470023243 1.0600000000000005
      vertex 90.44008594721986 61.81246146238798 1.0600000000000005
      vertex 90.44008594721986 61.81246146238798 2
    endloop
  endfacet
  facet normal -0.4422886902190092 -0.8968727415326845 3.65197072806302e-18
    outer loop
      vertex 90.44008594721986 61.81246146238798 1.0600000000000005
      vertex 90.575 61.7459292143521 1.0600000000000005
      vertex 90.575 61.7459292143521 2
    endloop
  endfacet
  facet normal -0.5555702330196207 -0.8314696123025329 -2.5669281878144683e-18
    outer loop
      vertex 90.575 61.7459292143521 1.0600000000000005
      vertex 90.70007564336002 61.66235634133492 1.0600000000000005
      vertex 90.70007564336002 61.66235634133492 2
    endloop
  endfacet
  facet normal -0.65934581510005 -0.751839807478994 2.1605583577050882e-18
    outer loop
      vertex 90.70007564336002 61.66235634133492 1.0600000000000005
      vertex 90.81317279836453 61.563172798364526 1.0600000000000005
      vertex 90.81317279836453 61.563172798364526 2
    endloop
  endfacet
  facet normal -0.751839807478953 -0.6593458151000968 -3.831360299700151e-18
    outer loop
      vertex 90.81317279836453 61.563172798364526 1.0600000000000005
      vertex 90.91235634133493 61.45007564336003 1.0600000000000005
      vertex 90.91235634133493 61.45007564336003 2
    endloop
  endfacet
  facet normal -0.8314696123025693 -0.5555702330195662 -2.6240075118818606e-18
    outer loop
      vertex 90.91235634133493 61.45007564336003 1.0600000000000005
      vertex 90.9959292143521 61.325 1.0600000000000005
      vertex 90.9959292143521 61.325 2
    endloop
  endfacet
  facet normal -0.8968727415326656 -0.4422886902190472 -3.806523856009034e-18
    outer loop
      vertex 90.9959292143521 61.325 1.0600000000000005
      vertex 91.06246146238799 61.190085947219856 1.0600000000000005
      vertex 91.06246146238799 61.190085947219856 2
    endloop
  endfacet
  facet normal -0.9469301294951298 -0.32143946530309014 -1.489250141862552e-18
    outer loop
      vertex 91.06246146238799 61.190085947219856 1.0600000000000005
      vertex 91.11081470023242 61.0476419018679 1.0600000000000005
      vertex 91.11081470023242 61.0476419018679 2
    endloop
  endfacet
  facet normal -0.9807852804032285 -0.19509032201613716 1.9029781193893977e-18
    outer loop
      vertex 91.11081470023242 61.0476419018679 1.0600000000000005
      vertex 91.14016159057988 60.90010512105306 1.0600000000000005
      vertex 91.14016159057988 60.90010512105306 2
    endloop
  endfacet
  facet normal 0.8314696123025693 0.5555702330195662 0
    outer loop
      vertex 89.0040707856479 60.175 1.0600000000000005
      vertex 89.0040707856479 60.175 2
      vertex 89.08764365866507 60.04992435663997 1.0600000000000005
    endloop
  endfacet
  facet normal 0.751839807478953 0.6593458151000968 0
    outer loop
      vertex 89.08764365866507 60.04992435663997 1.0600000000000005
      vertex 89.08764365866507 60.04992435663997 2
      vertex 89.18682720163547 59.936827201635474 1.0600000000000005
    endloop
  endfacet
  facet normal 0.65934581510005 0.751839807478994 0
    outer loop
      vertex 89.18682720163547 59.936827201635474 1.0600000000000005
      vertex 89.18682720163547 59.936827201635474 2
      vertex 89.29992435663998 59.83764365866508 1.0600000000000005
    endloop
  endfacet
  facet normal 0.5555702330196207 0.8314696123025329 0
    outer loop
      vertex 89.29992435663998 59.83764365866508 1.0600000000000005
      vertex 89.29992435663998 59.83764365866508 2
      vertex 89.425 59.7540707856479 1.0600000000000005
    endloop
  endfacet
  facet normal 0.4422886902190092 0.8968727415326845 0
    outer loop
      vertex 89.425 59.7540707856479 1.0600000000000005
      vertex 89.425 59.7540707856479 2
      vertex 89.55991405278014 59.68753853761202 1.0600000000000005
    endloop
  endfacet
  facet normal 0.3214394653031893 0.9469301294950963 0
    outer loop
      vertex 89.55991405278014 59.68753853761202 1.0600000000000005
      vertex 89.55991405278014 59.68753853761202 2
      vertex 89.7023580981321 59.63918529976757 1.0600000000000005
    endloop
  endfacet
  facet normal 0.19509032201608265 0.9807852804032395 0
    outer loop
      vertex 89.7023580981321 59.63918529976757 1.0600000000000005
      vertex 89.7023580981321 59.63918529976757 2
      vertex 89.84989487894694 59.60983840942012 1.0600000000000005
    endloop
  endfacet
  facet normal 0.06540312923015211 0.9978589232386029 0
    outer loop
      vertex 89.84989487894694 59.60983840942012 1.0600000000000005
      vertex 89.84989487894694 59.60983840942012 2
      vertex 90 59.6 1.0600000000000005
    endloop
  endfacet
  facet normal -0.06540312923015211 0.9978589232386029 0
    outer loop
      vertex 90 59.6 1.0600000000000005
      vertex 90 59.6 2
      vertex 90.15010512105306 59.60983840942012 1.0600000000000005
    endloop
  endfacet
  facet normal -0.19509032201608265 0.9807852804032395 0
    outer loop
      vertex 90.15010512105306 59.60983840942012 1.0600000000000005
      vertex 90.15010512105306 59.60983840942012 2
      vertex 90.2976419018679 59.63918529976757 1.0600000000000005
    endloop
  endfacet
  facet normal -0.3214394653031893 0.9469301294950963 0
    outer loop
      vertex 90.2976419018679 59.63918529976757 1.0600000000000005
      vertex 90.2976419018679 59.63918529976757 2
      vertex 90.44008594721986 59.68753853761202 1.0600000000000005
    endloop
  endfacet
  facet normal -0.9978589232385998 -0.06540312923019913 4.512946220247065e-19
    outer loop
      vertex 91.14016159057988 60.90010512105306 1.0600000000000005
      vertex 91.15 60.75 1.0600000000000005
      vertex 91.15 60.75 2
    endloop
  endfacet
  facet normal -0.9978589232385998 0.06540312923019913 -4.512946220247065e-19
    outer loop
      vertex 91.15 60.75 1.0600000000000005
      vertex 91.14016159057988 60.59989487894694 1.0600000000000005
      vertex 91.14016159057988 60.59989487894694 2
    endloop
  endfacet
  facet normal -0.9807852804032285 0.19509032201613716 -1.9029781193893977e-18
    outer loop
      vertex 91.14016159057988 60.59989487894694 1.0600000000000005
      vertex 91.11081470023242 60.4523580981321 1.0600000000000005
      vertex 91.11081470023242 60.4523580981321 2
    endloop
  endfacet
  facet normal -0.9469301294951298 0.32143946530309014 1.489250141862552e-18
    outer loop
      vertex 91.11081470023242 60.4523580981321 1.0600000000000005
      vertex 91.06246146238799 60.309914052780144 1.0600000000000005
      vertex 91.06246146238799 60.309914052780144 2
    endloop
  endfacet
  facet normal -0.8968727415326656 0.4422886902190472 3.806523856009034e-18
    outer loop
      vertex 91.06246146238799 60.309914052780144 1.0600000000000005
      vertex 90.9959292143521 60.175 1.0600000000000005
      vertex 90.9959292143521 60.175 2
    endloop
  endfacet
  facet normal -0.8314696123025693 0.5555702330195662 0
    outer loop
      vertex 90.91235634133493 60.04992435663997 1.0600000000000005
      vertex 90.91235634133493 60.04992435663997 2
      vertex 90.9959292143521 60.175 1.0600000000000005
    endloop
  endfacet
  facet normal -0.751839807478953 0.6593458151000968 3.831360299700151e-18
    outer loop
      vertex 90.91235634133493 60.04992435663997 1.0600000000000005
      vertex 90.81317279836453 59.936827201635474 1.0600000000000005
      vertex 90.81317279836453 59.936827201635474 2
    endloop
  endfacet
  facet normal -0.4422886902190092 0.8968727415326845 -3.65197072806302e-18
    outer loop
      vertex 90.575 59.7540707856479 1.0600000000000005
      vertex 90.44008594721986 59.68753853761202 1.0600000000000005
      vertex 90.44008594721986 59.68753853761202 2
    endloop
  endfacet
  facet normal -0.5555702330196207 0.8314696123025329 2.5669281878144683e-18
    outer loop
      vertex 90.70007564336002 59.83764365866508 1.0600000000000005
      vertex 90.575 59.7540707856479 1.0600000000000005
      vertex 90.575 59.7540707856479 2
    endloop
  endfacet
  facet normal -0.65934581510005 0.751839807478994 0
    outer loop
      vertex 90.70007564336002 59.83764365866508 1.0600000000000005
      vertex 90.70007564336002 59.83764365866508 2
      vertex 90.81317279836453 59.936827201635474 1.0600000000000005
    endloop
  endfacet
  facet normal 0.5371864553042924 -0.47109987754041016 -0.6996396341110328
    outer loop
      vertex 89.18682720163547 61.563172798364526 1.0600000000000005
      vertex 89.08764365866507 61.45007564336003 1.0600000000000005
      vertex 88.26240789441822 62.08330131671209 0
    endloop
  endfacet
  facet normal 0.5940816238817609 -0.39695265025816295 -0.6996396341110406
    outer loop
      vertex 89.08764365866507 61.45007564336003 1.0600000000000005
      vertex 89.0040707856479 61.325 1.0600000000000005
      vertex 88.10324249180482 61.845093457943925 0
    endloop
  endfacet
  facet normal 0.6765776893218828 -0.22966717809219817 -0.699639634111039
    outer loop
      vertex 88.93753853761201 61.190085947219856 1.0600000000000005
      vertex 88.88918529976758 61.0476419018679 1.0600000000000005
      vertex 87.88444189354352 61.316862086166125 0
    endloop
  endfacet
  facet normal 0.7007670556326372 -0.13939123401756692 -0.699639634111036
    outer loop
      vertex 88.88918529976758 61.0476419018679 1.0600000000000005
      vertex 88.85983840942012 60.90010512105306 1.0600000000000005
      vertex 87.82855043679484 61.03587675838102 0
    endloop
  endfacet
  facet normal 0.6408118911640172 -0.31601345307404566 -0.6996396341110286
    outer loop
      vertex 88.93753853761201 61.190085947219856 1.0600000000000005
      vertex 87.97653113603721 61.58814824649307 0
      vertex 89.0040707856479 61.325 1.0600000000000005
    endloop
  endfacet
  facet normal 0.7129661033322007 -0.04673026728231963 -0.6996396341110335
    outer loop
      vertex 88.85983840942012 60.90010512105306 1.0600000000000005
      vertex 88.85 60.75 1.0600000000000005
      vertex 87.80981308411215 60.75 0
    endloop
  endfacet
  facet normal 0.7129661033321967 0.04673026728231937 -0.6996396341110376
    outer loop
      vertex 88.85 60.75 1.0600000000000005
      vertex 88.85983840942012 60.59989487894694 1.0600000000000005
      vertex 87.82855043679484 60.46412324161898 0
    endloop
  endfacet
  facet normal 0.7007670556326356 0.13939123401756665 -0.6996396341110376
    outer loop
      vertex 88.85983840942012 60.59989487894694 1.0600000000000005
      vertex 88.88918529976758 60.4523580981321 1.0600000000000005
      vertex 87.88444189354352 60.183137913833875 0
    endloop
  endfacet
  facet normal 0.676577689321893 0.22966717809220166 -0.6996396341110279
    outer loop
      vertex 88.88918529976758 60.4523580981321 1.0600000000000005
      vertex 88.93753853761201 60.309914052780144 1.0600000000000005
      vertex 87.97653113603721 59.91185175350693 0
    endloop
  endfacet
  facet normal 0.640811891164006 0.3160134530740402 -0.6996396341110411
    outer loop
      vertex 88.93753853761201 60.309914052780144 1.0600000000000005
      vertex 89.0040707856479 60.175 1.0600000000000005
      vertex 88.10324249180482 59.654906542056075 0
    endloop
  endfacet
  facet normal 0.5940816238817672 0.39695265025816723 -0.6996396341110326
    outer loop
      vertex 89.0040707856479 60.175 1.0600000000000005
      vertex 89.08764365866507 60.04992435663997 1.0600000000000005
      vertex 88.26240789441822 59.41669868328791 0
    endloop
  endfacet
  facet normal 0.5371864553042899 0.47109987754040794 -0.6996396341110362
    outer loop
      vertex 89.08764365866507 60.04992435663997 1.0600000000000005
      vertex 89.18682720163547 59.936827201635474 1.0600000000000005
      vertex 88.45130397970965 59.20130397970966 0
    endloop
  endfacet
  facet normal 0.5371864553043069 -0.4710998775403899 -0.6996396341110355
    outer loop
      vertex 89.18682720163547 61.563172798364526 1.0600000000000005
      vertex 88.26240789441822 62.08330131671209 0
      vertex 88.45130397970965 62.29869602029034 0
    endloop
  endfacet
  facet normal 0.471099877540382 -0.5371864553043132 -0.6996396341110358
    outer loop
      vertex 89.29992435663998 61.66235634133492 1.0600000000000005
      vertex 88.45130397970965 62.29869602029034 0
      vertex 88.66669868328792 62.48759210558178 0
    endloop
  endfacet
  facet normal 0.7007670556326382 -0.1393912340175562 -0.6996396341110372
    outer loop
      vertex 88.88918529976758 61.0476419018679 1.0600000000000005
      vertex 87.82855043679484 61.03587675838102 0
      vertex 87.88444189354352 61.316862086166125 0
    endloop
  endfacet
  facet normal 0.594081623881734 -0.3969526502582136 -0.6996396341110345
    outer loop
      vertex 89.08764365866507 61.45007564336003 1.0600000000000005
      vertex 88.10324249180482 61.845093457943925 0
      vertex 88.26240789441822 62.08330131671209 0
    endloop
  endfacet
  facet normal 0.6408118911640488 -0.3160134530739603 -0.699639634111038
    outer loop
      vertex 89.0040707856479 61.325 1.0600000000000005
      vertex 87.97653113603721 61.58814824649307 0
      vertex 88.10324249180482 61.845093457943925 0
    endloop
  endfacet
  facet normal 0.6765776893218647 -0.2296671780922769 -0.6996396341110306
    outer loop
      vertex 88.93753853761201 61.190085947219856 1.0600000000000005
      vertex 87.88444189354352 61.316862086166125 0
      vertex 87.97653113603721 61.58814824649307 0
    endloop
  endfacet
  facet normal 0.7129661033321996 -0.046730267282290225 -0.6996396341110365
    outer loop
      vertex 88.85983840942012 60.90010512105306 1.0600000000000005
      vertex 87.80981308411215 60.75 0
      vertex 87.82855043679484 61.03587675838102 0
    endloop
  endfacet
  facet normal 0.7129661033322016 0.046730267282290384 -0.6996396341110344
    outer loop
      vertex 88.85 60.75 1.0600000000000005
      vertex 87.82855043679484 60.46412324161898 0
      vertex 87.80981308411215 60.75 0
    endloop
  endfacet
  facet normal 0.7007670556326389 0.13939123401755651 -0.6996396341110365
    outer loop
      vertex 88.85983840942012 60.59989487894694 1.0600000000000005
      vertex 87.88444189354352 60.183137913833875 0
      vertex 87.82855043679484 60.46412324161898 0
    endloop
  endfacet
  facet normal 0.6765776893218592 0.22966717809227527 -0.6996396341110364
    outer loop
      vertex 88.88918529976758 60.4523580981321 1.0600000000000005
      vertex 87.97653113603721 59.91185175350693 0
      vertex 87.88444189354352 60.183137913833875 0
    endloop
  endfacet
  facet normal 0.6408118911640546 0.3160134530739629 -0.6996396341110316
    outer loop
      vertex 88.93753853761201 60.309914052780144 1.0600000000000005
      vertex 88.10324249180482 59.654906542056075 0
      vertex 87.97653113603721 59.91185175350693 0
    endloop
  endfacet
  facet normal 0.5940816238817308 0.39695265025821136 -0.6996396341110387
    outer loop
      vertex 89.0040707856479 60.175 1.0600000000000005
      vertex 88.26240789441822 59.41669868328791 0
      vertex 88.10324249180482 59.654906542056075 0
    endloop
  endfacet
  facet normal 0.5371864553043082 0.47109987754039107 -0.6996396341110336
    outer loop
      vertex 89.08764365866507 60.04992435663997 1.0600000000000005
      vertex 88.45130397970965 59.20130397970966 0
      vertex 88.26240789441822 59.41669868328791 0
    endloop
  endfacet
  facet normal 0.47109987754038246 0.5371864553043137 -0.6996396341110351
    outer loop
      vertex 89.18682720163547 59.936827201635474 1.0600000000000005
      vertex 88.66669868328792 59.01240789441822 0
      vertex 88.45130397970965 59.20130397970966 0
    endloop
  endfacet
  facet normal 0.39695265025818843 0.5940816238817496 -0.6996396341110356
    outer loop
      vertex 89.29992435663998 59.83764365866508 1.0600000000000005
      vertex 88.90490654205608 58.853242491804835 0
      vertex 88.66669868328792 59.01240789441822 0
    endloop
  endfacet
  facet normal 0.3969526502582042 -0.5940816238817384 -0.6996396341110362
    outer loop
      vertex 89.29992435663998 61.66235634133492 1.0600000000000005
      vertex 88.66669868328792 62.48759210558178 0
      vertex 89.425 61.7459292143521 1.0600000000000005
    endloop
  endfacet
  facet normal 0.31601345307401596 -0.6408118911640251 -0.6996396341110346
    outer loop
      vertex 89.425 61.7459292143521 1.0600000000000005
      vertex 88.90490654205608 62.646757508195165 0
      vertex 89.55991405278014 61.81246146238798 1.0600000000000005
    endloop
  endfacet
  facet normal 0.22966717809226925 -0.6765776893218596 -0.699639634111038
    outer loop
      vertex 89.55991405278014 61.81246146238798 1.0600000000000005
      vertex 89.16185175350692 62.773468863962805 0
      vertex 89.7023580981321 61.86081470023243 1.0600000000000005
    endloop
  endfacet
  facet normal 0.04673026728228577 -0.7129661033321989 -0.6996396341110375
    outer loop
      vertex 89.84989487894694 61.89016159057988 1.0600000000000005
      vertex 89.71694713038328 62.899999998509884 0.022046740755751415
      vertex 90 61.9 1.0600000000000005
    endloop
  endfacet
  facet normal 0.139391234017528 -0.7007670556326447 -0.699639634111036
    outer loop
      vertex 89.84989487894694 61.89016159057988 1.0600000000000005
      vertex 89.7023580981321 61.86081470023243 1.0600000000000005
      vertex 89.60628899793751 62.899999998509884 0
    endloop
  endfacet
  facet normal -0.04673026728228577 -0.712966103332199 -0.6996396341110374
    outer loop
      vertex 90 61.9 1.0600000000000005
      vertex 90 62.899999998509884 0.04095238247088062
      vertex 90.15010512105306 61.89016159057988 1.0600000000000005
    endloop
  endfacet
  facet normal -0.1393912340175276 -0.7007670556326426 -0.6996396341110385
    outer loop
      vertex 90.15010512105306 61.89016159057988 1.0600000000000005
      vertex 90.28305286961672 62.899999998509884 0.022046740755751415
      vertex 90.2976419018679 61.86081470023243 1.0600000000000005
    endloop
  endfacet
  facet normal -0.22966717809227116 -0.6765776893218652 -0.6996396341110318
    outer loop
      vertex 90.2976419018679 61.86081470023243 1.0600000000000005
      vertex 90.56686208616611 62.865558106456476 0
      vertex 90.44008594721986 61.81246146238798 1.0600000000000005
    endloop
  endfacet
  facet normal 0.47109987754037547 -0.5371864553043203 -0.6996396341110349
    outer loop
      vertex 89.29992435663998 61.66235634133492 1.0600000000000005
      vertex 89.18682720163547 61.563172798364526 1.0600000000000005
      vertex 88.45130397970965 62.29869602029034 0
    endloop
  endfacet
  facet normal -0.3160134530740148 -0.6408118911640228 -0.6996396341110371
    outer loop
      vertex 90.44008594721986 61.81246146238798 1.0600000000000005
      vertex 90.83814824649308 62.773468863962805 0
      vertex 90.575 61.7459292143521 1.0600000000000005
    endloop
  endfacet
  facet normal -0.39695265025820564 -0.5940816238817405 -0.6996396341110336
    outer loop
      vertex 90.575 61.7459292143521 1.0600000000000005
      vertex 91.09509345794392 62.646757508195165 0
      vertex 90.70007564336002 61.66235634133492 1.0600000000000005
    endloop
  endfacet
  facet normal -0.47109987754037463 -0.5371864553043193 -0.6996396341110362
    outer loop
      vertex 90.70007564336002 61.66235634133492 1.0600000000000005
      vertex 91.33330131671208 62.48759210558178 0
      vertex 90.81317279836453 61.563172798364526 1.0600000000000005
    endloop
  endfacet
  facet normal -0.5371864553042899 -0.47109987754040794 -0.6996396341110362
    outer loop
      vertex 90.81317279836453 61.563172798364526 1.0600000000000005
      vertex 91.54869602029035 62.29869602029034 0
      vertex 90.91235634133493 61.45007564336003 1.0600000000000005
    endloop
  endfacet
  facet normal -0.5940816238817672 -0.39695265025816723 -0.6996396341110326
    outer loop
      vertex 90.91235634133493 61.45007564336003 1.0600000000000005
      vertex 91.73759210558178 62.08330131671209 0
      vertex 90.9959292143521 61.325 1.0600000000000005
    endloop
  endfacet
  facet normal -0.640811891164006 -0.3160134530740402 -0.6996396341110411
    outer loop
      vertex 90.9959292143521 61.325 1.0600000000000005
      vertex 91.89675750819518 61.845093457943925 0
      vertex 91.06246146238799 61.190085947219856 1.0600000000000005
    endloop
  endfacet
  facet normal -0.676577689321893 -0.22966717809220166 -0.6996396341110278
    outer loop
      vertex 91.06246146238799 61.190085947219856 1.0600000000000005
      vertex 92.02346886396279 61.58814824649307 0
      vertex 91.11081470023242 61.0476419018679 1.0600000000000005
    endloop
  endfacet
  facet normal -0.7007670556326356 -0.13939123401756665 -0.6996396341110376
    outer loop
      vertex 91.11081470023242 61.0476419018679 1.0600000000000005
      vertex 92.11555810645648 61.316862086166125 0
      vertex 91.14016159057988 60.90010512105306 1.0600000000000005
    endloop
  endfacet
  facet normal 0.47109987754037463 0.5371864553043193 -0.6996396341110362
    outer loop
      vertex 89.18682720163547 59.936827201635474 1.0600000000000005
      vertex 89.29992435663998 59.83764365866508 1.0600000000000005
      vertex 88.66669868328792 59.01240789441822 0
    endloop
  endfacet
  facet normal 0.39695265025820564 0.5940816238817405 -0.6996396341110336
    outer loop
      vertex 89.29992435663998 59.83764365866508 1.0600000000000005
      vertex 89.425 59.7540707856479 1.0600000000000005
      vertex 88.90490654205608 58.853242491804835 0
    endloop
  endfacet
  facet normal 0.3160134530740148 0.6408118911640228 -0.6996396341110371
    outer loop
      vertex 89.425 59.7540707856479 1.0600000000000005
      vertex 89.55991405278014 59.68753853761202 1.0600000000000005
      vertex 89.16185175350692 58.726531136037195 0
    endloop
  endfacet
  facet normal 0.2296671780922707 0.6765776893218639 -0.6996396341110334
    outer loop
      vertex 89.55991405278014 59.68753853761202 1.0600000000000005
      vertex 89.7023580981321 59.63918529976757 1.0600000000000005
      vertex 89.43313791383387 58.634441893543524 0
    endloop
  endfacet
  facet normal 0.1393912340175278 0.7007670556326435 -0.6996396341110374
    outer loop
      vertex 89.7023580981321 59.63918529976757 1.0600000000000005
      vertex 89.84989487894694 59.60983840942012 1.0600000000000005
      vertex 89.71412324161898 58.57855043679484 0
    endloop
  endfacet
  facet normal 0.0467302672822858 0.7129661033321993 -0.699639634111037
    outer loop
      vertex 89.84989487894694 59.60983840942012 1.0600000000000005
      vertex 90 59.6 1.0600000000000005
      vertex 90 58.55981308411215 0
    endloop
  endfacet
  facet normal -0.04673026728228583 0.7129661033321999 -0.6996396341110364
    outer loop
      vertex 90 59.6 1.0600000000000005
      vertex 90.15010512105306 59.60983840942012 1.0600000000000005
      vertex 90.28587675838102 58.57855043679484 0
    endloop
  endfacet
  facet normal -0.13939123401752854 0.7007670556326474 -0.6996396341110334
    outer loop
      vertex 90.15010512105306 59.60983840942012 1.0600000000000005
      vertex 90.2976419018679 59.63918529976757 1.0600000000000005
      vertex 90.56686208616613 58.634441893543524 0
    endloop
  endfacet
  facet normal -0.7129661033321968 -0.046730267282319375 -0.6996396341110375
    outer loop
      vertex 91.14016159057988 60.90010512105306 1.0600000000000005
      vertex 92.17144956320516 61.03587675838102 0
      vertex 91.15 60.75 1.0600000000000005
    endloop
  endfacet
  facet normal -0.7129661033322007 0.04673026728231963 -0.6996396341110335
    outer loop
      vertex 91.15 60.75 1.0600000000000005
      vertex 92.19018691588785 60.75 0
      vertex 91.14016159057988 60.59989487894694 1.0600000000000005
    endloop
  endfacet
  facet normal -0.7007670556326372 0.13939123401756692 -0.699639634111036
    outer loop
      vertex 91.14016159057988 60.59989487894694 1.0600000000000005
      vertex 92.17144956320516 60.46412324161898 0
      vertex 91.11081470023242 60.4523580981321 1.0600000000000005
    endloop
  endfacet
  facet normal -0.6765776893218828 0.22966717809219817 -0.699639634111039
    outer loop
      vertex 91.11081470023242 60.4523580981321 1.0600000000000005
      vertex 92.11555810645648 60.183137913833875 0
      vertex 91.06246146238799 60.309914052780144 1.0600000000000005
    endloop
  endfacet
  facet normal -0.6408118911640172 0.31601345307404566 -0.6996396341110286
    outer loop
      vertex 91.06246146238799 60.309914052780144 1.0600000000000005
      vertex 92.02346886396279 59.91185175350693 0
      vertex 90.9959292143521 60.175 1.0600000000000005
    endloop
  endfacet
  facet normal -0.5940816238817609 0.39695265025816295 -0.6996396341110406
    outer loop
      vertex 90.91235634133493 60.04992435663997 1.0600000000000005
      vertex 90.9959292143521 60.175 1.0600000000000005
      vertex 91.89675750819518 59.654906542056075 0
    endloop
  endfacet
  facet normal -0.5371864553042923 0.4710998775404101 -0.6996396341110329
    outer loop
      vertex 90.91235634133493 60.04992435663997 1.0600000000000005
      vertex 91.73759210558178 59.41669868328791 0
      vertex 90.81317279836453 59.936827201635474 1.0600000000000005
    endloop
  endfacet
  facet normal -0.3969526502582042 0.5940816238817384 -0.6996396341110362
    outer loop
      vertex 90.70007564336002 59.83764365866508 1.0600000000000005
      vertex 91.33330131671208 59.01240789441822 0
      vertex 90.575 59.7540707856479 1.0600000000000005
    endloop
  endfacet
  facet normal -0.47109987754037547 0.5371864553043203 -0.6996396341110349
    outer loop
      vertex 90.70007564336002 59.83764365866508 1.0600000000000005
      vertex 90.81317279836453 59.936827201635474 1.0600000000000005
      vertex 91.54869602029035 59.20130397970966 0
    endloop
  endfacet
  facet normal -0.22966717809226925 0.6765776893218596 -0.699639634111038
    outer loop
      vertex 90.2976419018679 59.63918529976757 1.0600000000000005
      vertex 90.44008594721986 59.68753853761202 1.0600000000000005
      vertex 90.83814824649308 58.726531136037195 0
    endloop
  endfacet
  facet normal -0.31601345307401596 0.6408118911640251 -0.6996396341110346
    outer loop
      vertex 90.575 59.7540707856479 1.0600000000000005
      vertex 91.09509345794392 58.853242491804835 0
      vertex 90.44008594721986 59.68753853761202 1.0600000000000005
    endloop
  endfacet
  facet normal 0.3160134530740315 -0.6408118911640152 -0.6996396341110367
    outer loop
      vertex 89.55991405278014 61.81246146238798 1.0600000000000005
      vertex 88.90490654205608 62.646757508195165 0
      vertex 89.16185175350692 62.773468863962805 0
    endloop
  endfacet
  facet normal 0.22966717809223855 -0.6765776893218736 -0.6996396341110346
    outer loop
      vertex 89.7023580981321 61.86081470023243 1.0600000000000005
      vertex 89.16185175350692 62.773468863962805 0
      vertex 89.43313791383387 62.865558106456476 0
    endloop
  endfacet
  facet normal 0.13939123401755887 -0.7007670556326403 -0.6996396341110344
    outer loop
      vertex 89.7023580981321 61.86081470023243 1.0600000000000005
      vertex 89.43313791383387 62.865558106456476 0
      vertex 89.60628899793751 62.899999998509884 0
    endloop
  endfacet
  facet normal 0.39695265025818927 -0.5940816238817508 -0.6996396341110341
    outer loop
      vertex 89.425 61.7459292143521 1.0600000000000005
      vertex 88.66669868328792 62.48759210558178 0
      vertex 88.90490654205608 62.646757508195165 0
    endloop
  endfacet
  facet normal 0.046730267282285014 -0.712966103332199 -0.6996396341110374
    outer loop
      vertex 90 61.9 1.0600000000000005
      vertex 89.71694713038328 62.899999998509884 0.022046740755751415
      vertex 90 62.899999998509884 0.04095238247088062
    endloop
  endfacet
  facet normal -0.046730267282284924 -0.712966103332199 -0.6996396341110375
    outer loop
      vertex 90.15010512105306 61.89016159057988 1.0600000000000005
      vertex 90 62.899999998509884 0.04095238247088062
      vertex 90.28305286961672 62.899999998509884 0.022046740755751415
    endloop
  endfacet
  facet normal 0.13939123401757061 -0.7007670556326354 -0.699639634111037
    outer loop
      vertex 89.84989487894694 61.89016159057988 1.0600000000000005
      vertex 89.60628899793751 62.899999998509884 0
      vertex 89.71694713038328 62.899999998509884 0.022046740755751415
    endloop
  endfacet
  facet normal -0.13939123401757053 -0.7007670556326387 -0.6996396341110339
    outer loop
      vertex 90.2976419018679 61.86081470023243 1.0600000000000005
      vertex 90.39371100206249 62.899999998509884 0
      vertex 90.56686208616611 62.865558106456476 0
    endloop
  endfacet
  facet normal -0.13939123401756995 -0.7007670556326386 -0.6996396341110338
    outer loop
      vertex 90.2976419018679 61.86081470023243 1.0600000000000005
      vertex 90.28305286961672 62.899999998509884 0.022046740755751415
      vertex 90.39371100206249 62.899999998509884 0
    endloop
  endfacet
  facet normal -0.2296671780922275 -0.6765776893218752 -0.6996396341110365
    outer loop
      vertex 90.44008594721986 61.81246146238798 1.0600000000000005
      vertex 90.56686208616611 62.865558106456476 0
      vertex 90.83814824649308 62.773468863962805 0
    endloop
  endfacet
  facet normal -0.31601345307403234 -0.6408118911640163 -0.6996396341110352
    outer loop
      vertex 90.575 61.7459292143521 1.0600000000000005
      vertex 90.83814824649308 62.773468863962805 0
      vertex 91.09509345794392 62.646757508195165 0
    endloop
  endfacet
  facet normal -0.39695265025818843 -0.5940816238817496 -0.6996396341110356
    outer loop
      vertex 90.70007564336002 61.66235634133492 1.0600000000000005
      vertex 91.09509345794392 62.646757508195165 0
      vertex 91.33330131671208 62.48759210558178 0
    endloop
  endfacet
  facet normal -0.47109987754038246 -0.5371864553043137 -0.6996396341110351
    outer loop
      vertex 90.81317279836453 61.563172798364526 1.0600000000000005
      vertex 91.33330131671208 62.48759210558178 0
      vertex 91.54869602029035 62.29869602029034 0
    endloop
  endfacet
  facet normal -0.5371864553043082 -0.47109987754039107 -0.6996396341110336
    outer loop
      vertex 90.91235634133493 61.45007564336003 1.0600000000000005
      vertex 91.54869602029035 62.29869602029034 0
      vertex 91.73759210558178 62.08330131671209 0
    endloop
  endfacet
  facet normal -0.5940816238817308 -0.39695265025821136 -0.6996396341110387
    outer loop
      vertex 90.9959292143521 61.325 1.0600000000000005
      vertex 91.73759210558178 62.08330131671209 0
      vertex 91.89675750819518 61.845093457943925 0
    endloop
  endfacet
  facet normal -0.6408118911640546 -0.3160134530739629 -0.6996396341110316
    outer loop
      vertex 91.06246146238799 61.190085947219856 1.0600000000000005
      vertex 91.89675750819518 61.845093457943925 0
      vertex 92.02346886396279 61.58814824649307 0
    endloop
  endfacet
  facet normal -0.6765776893218592 -0.22966717809227527 -0.6996396341110364
    outer loop
      vertex 91.11081470023242 61.0476419018679 1.0600000000000005
      vertex 92.02346886396279 61.58814824649307 0
      vertex 92.11555810645648 61.316862086166125 0
    endloop
  endfacet
  facet normal -0.7007670556326389 -0.13939123401755651 -0.6996396341110365
    outer loop
      vertex 91.14016159057988 60.90010512105306 1.0600000000000005
      vertex 92.11555810645648 61.316862086166125 0
      vertex 92.17144956320516 61.03587675838102 0
    endloop
  endfacet
  facet normal 0.31601345307403234 0.6408118911640163 -0.6996396341110352
    outer loop
      vertex 89.425 59.7540707856479 1.0600000000000005
      vertex 89.16185175350692 58.726531136037195 0
      vertex 88.90490654205608 58.853242491804835 0
    endloop
  endfacet
  facet normal 0.2296671780922382 0.6765776893218713 -0.6996396341110369
    outer loop
      vertex 89.55991405278014 59.68753853761202 1.0600000000000005
      vertex 89.43313791383387 58.634441893543524 0
      vertex 89.16185175350692 58.726531136037195 0
    endloop
  endfacet
  facet normal -0.7129661033322016 -0.046730267282290384 -0.6996396341110344
    outer loop
      vertex 91.15 60.75 1.0600000000000005
      vertex 92.17144956320516 61.03587675838102 0
      vertex 92.19018691588785 60.75 0
    endloop
  endfacet
  facet normal -0.7129661033321996 0.046730267282290225 -0.6996396341110365
    outer loop
      vertex 91.14016159057988 60.59989487894694 1.0600000000000005
      vertex 92.19018691588785 60.75 0
      vertex 92.17144956320516 60.46412324161898 0
    endloop
  endfacet
  facet normal -0.7007670556326382 0.1393912340175562 -0.6996396341110372
    outer loop
      vertex 91.11081470023242 60.4523580981321 1.0600000000000005
      vertex 92.17144956320516 60.46412324161898 0
      vertex 92.11555810645648 60.183137913833875 0
    endloop
  endfacet
  facet normal -0.6765776893218647 0.2296671780922769 -0.6996396341110306
    outer loop
      vertex 91.06246146238799 60.309914052780144 1.0600000000000005
      vertex 92.11555810645648 60.183137913833875 0
      vertex 92.02346886396279 59.91185175350693 0
    endloop
  endfacet
  facet normal -0.22966717809223855 0.6765776893218736 -0.6996396341110346
    outer loop
      vertex 90.2976419018679 59.63918529976757 1.0600000000000005
      vertex 90.83814824649308 58.726531136037195 0
      vertex 90.56686208616613 58.634441893543524 0
    endloop
  endfacet
  facet normal -0.3160134530740315 0.6408118911640152 -0.6996396341110367
    outer loop
      vertex 90.44008594721986 59.68753853761202 1.0600000000000005
      vertex 91.09509345794392 58.853242491804835 0
      vertex 90.83814824649308 58.726531136037195 0
    endloop
  endfacet
  facet normal -0.39695265025818927 0.5940816238817508 -0.6996396341110341
    outer loop
      vertex 90.575 59.7540707856479 1.0600000000000005
      vertex 91.33330131671208 59.01240789441822 0
      vertex 91.09509345794392 58.853242491804835 0
    endloop
  endfacet
  facet normal -0.594081623881734 0.3969526502582136 -0.6996396341110345
    outer loop
      vertex 90.91235634133493 60.04992435663997 1.0600000000000005
      vertex 91.89675750819518 59.654906542056075 0
      vertex 91.73759210558178 59.41669868328791 0
    endloop
  endfacet
  facet normal -0.5371864553043069 0.4710998775403899 -0.6996396341110355
    outer loop
      vertex 90.81317279836453 59.936827201635474 1.0600000000000005
      vertex 91.73759210558178 59.41669868328791 0
      vertex 91.54869602029035 59.20130397970966 0
    endloop
  endfacet
  facet normal -0.6408118911640488 0.3160134530739603 -0.699639634111038
    outer loop
      vertex 90.9959292143521 60.175 1.0600000000000005
      vertex 92.02346886396279 59.91185175350693 0
      vertex 91.89675750819518 59.654906542056075 0
    endloop
  endfacet
  facet normal -0.471099877540382 0.5371864553043132 -0.6996396341110358
    outer loop
      vertex 90.70007564336002 59.83764365866508 1.0600000000000005
      vertex 91.54869602029035 59.20130397970966 0
      vertex 91.33330131671208 59.01240789441822 0
    endloop
  endfacet
  facet normal 0.1393912340175569 0.7007670556326409 -0.6996396341110342
    outer loop
      vertex 89.7023580981321 59.63918529976757 1.0600000000000005
      vertex 89.71412324161898 58.57855043679484 0
      vertex 89.43313791383387 58.634441893543524 0
    endloop
  endfacet
  facet normal 0.04673026728229025 0.7129661033321996 -0.6996396341110365
    outer loop
      vertex 89.84989487894694 59.60983840942012 1.0600000000000005
      vertex 90 58.55981308411215 0
      vertex 89.71412324161898 58.57855043679484 0
    endloop
  endfacet
  facet normal -0.04673026728229025 0.7129661033321992 -0.6996396341110368
    outer loop
      vertex 90 59.6 1.0600000000000005
      vertex 90.28587675838102 58.57855043679484 0
      vertex 90 58.55981308411215 0
    endloop
  endfacet
  facet normal -0.13939123401755626 0.7007670556326389 -0.6996396341110365
    outer loop
      vertex 90.15010512105306 59.60983840942012 1.0600000000000005
      vertex 90.56686208616613 58.634441893543524 0
      vertex 90.28587675838102 58.57855043679484 0
    endloop
  endfacet
  facet normal 0.8968727415326656 -0.4422886902190472 0
    outer loop
      vertex 88.93753853761201 -57.809914052780144 1.0600000000000005
      vertex 89.0040707856479 -57.675 2
      vertex 88.93753853761201 -57.809914052780144 2
    endloop
  endfacet
  facet normal 0.9469301294951298 -0.32143946530309014 0
    outer loop
      vertex 88.88918529976758 -57.9523580981321 1.0600000000000005
      vertex 88.93753853761201 -57.809914052780144 2
      vertex 88.88918529976758 -57.9523580981321 2
    endloop
  endfacet
  facet normal 0.9807852804032285 -0.19509032201613716 0
    outer loop
      vertex 88.85983840942012 -58.09989487894694 1.0600000000000005
      vertex 88.88918529976758 -57.9523580981321 2
      vertex 88.85983840942012 -58.09989487894694 2
    endloop
  endfacet
  facet normal 0.9978589232385998 -0.06540312923019913 0
    outer loop
      vertex 88.85 -58.25 1.0600000000000005
      vertex 88.85983840942012 -58.09989487894694 2
      vertex 88.85 -58.25 2
    endloop
  endfacet
  facet normal 0.9978589232385998 0.06540312923019913 0
    outer loop
      vertex 88.85983840942012 -58.40010512105306 1.0600000000000005
      vertex 88.85 -58.25 2
      vertex 88.85983840942012 -58.40010512105306 2
    endloop
  endfacet
  facet normal 0.9807852804032285 0.19509032201613716 0
    outer loop
      vertex 88.88918529976758 -58.5476419018679 1.0600000000000005
      vertex 88.85983840942012 -58.40010512105306 2
      vertex 88.88918529976758 -58.5476419018679 2
    endloop
  endfacet
  facet normal 0.9469301294951298 0.32143946530309014 0
    outer loop
      vertex 88.93753853761201 -58.690085947219856 1.0600000000000005
      vertex 88.88918529976758 -58.5476419018679 2
      vertex 88.93753853761201 -58.690085947219856 2
    endloop
  endfacet
  facet normal 0.65934581510005 -0.751839807478994 0
    outer loop
      vertex 89.18682720163547 -57.436827201635474 1.0600000000000005
      vertex 89.29992435663998 -57.33764365866508 2
      vertex 89.18682720163547 -57.436827201635474 2
    endloop
  endfacet
  facet normal 0.4422886902190092 -0.8968727415326845 0
    outer loop
      vertex 89.425 -57.2540707856479 1.0600000000000005
      vertex 89.55991405278014 -57.18753853761202 2
      vertex 89.425 -57.2540707856479 2
    endloop
  endfacet
  facet normal 0.3214394653031893 -0.9469301294950963 0
    outer loop
      vertex 89.55991405278014 -57.18753853761202 1.0600000000000005
      vertex 89.7023580981321 -57.13918529976757 2
      vertex 89.55991405278014 -57.18753853761202 2
    endloop
  endfacet
  facet normal 0.5555702330196207 -0.8314696123025329 0
    outer loop
      vertex 89.29992435663998 -57.33764365866508 1.0600000000000005
      vertex 89.425 -57.2540707856479 2
      vertex 89.29992435663998 -57.33764365866508 2
    endloop
  endfacet
  facet normal 0.751839807478953 -0.6593458151000968 0
    outer loop
      vertex 89.08764365866507 -57.54992435663997 1.0600000000000005
      vertex 89.18682720163547 -57.436827201635474 2
      vertex 89.08764365866507 -57.54992435663997 2
    endloop
  endfacet
  facet normal 0.8314696123025693 -0.5555702330195662 0
    outer loop
      vertex 89.0040707856479 -57.675 1.0600000000000005
      vertex 89.08764365866507 -57.54992435663997 2
      vertex 89.0040707856479 -57.675 2
    endloop
  endfacet
  facet normal 0.19509032201608265 -0.9807852804032395 0
    outer loop
      vertex 89.7023580981321 -57.13918529976757 1.0600000000000005
      vertex 89.84989487894694 -57.10983840942012 2
      vertex 89.7023580981321 -57.13918529976757 2
    endloop
  endfacet
  facet normal 0.06540312923015211 -0.9978589232386029 0
    outer loop
      vertex 89.84989487894694 -57.10983840942012 1.0600000000000005
      vertex 90 -57.1 2
      vertex 89.84989487894694 -57.10983840942012 2
    endloop
  endfacet
  facet normal -0.06540312923015211 -0.9978589232386029 0
    outer loop
      vertex 90 -57.1 1.0600000000000005
      vertex 90.15010512105306 -57.10983840942012 2
      vertex 90 -57.1 2
    endloop
  endfacet
  facet normal -0.19509032201608265 -0.9807852804032395 0
    outer loop
      vertex 90.15010512105306 -57.10983840942012 1.0600000000000005
      vertex 90.2976419018679 -57.13918529976757 2
      vertex 90.15010512105306 -57.10983840942012 2
    endloop
  endfacet
  facet normal -0.3214394653031893 -0.9469301294950963 0
    outer loop
      vertex 90.2976419018679 -57.13918529976757 1.0600000000000005
      vertex 90.44008594721986 -57.18753853761202 2
      vertex 90.2976419018679 -57.13918529976757 2
    endloop
  endfacet
  facet normal 0.8968727415326656 0.4422886902190472 0
    outer loop
      vertex 89.0040707856479 -58.825 1.0600000000000005
      vertex 88.93753853761201 -58.690085947219856 2
      vertex 89.0040707856479 -58.825 2
    endloop
  endfacet
  facet normal 0.8314696123025693 0.5555702330195662 0
    outer loop
      vertex 89.08764365866507 -58.95007564336003 1.0600000000000005
      vertex 89.0040707856479 -58.825 2
      vertex 89.08764365866507 -58.95007564336003 2
    endloop
  endfacet
  facet normal -0.4422886902190092 -0.8968727415326845 0
    outer loop
      vertex 90.44008594721986 -57.18753853761202 1.0600000000000005
      vertex 90.575 -57.2540707856479 2
      vertex 90.44008594721986 -57.18753853761202 2
    endloop
  endfacet
  facet normal -0.5555702330196207 -0.8314696123025329 0
    outer loop
      vertex 90.575 -57.2540707856479 1.0600000000000005
      vertex 90.70007564336002 -57.33764365866508 2
      vertex 90.575 -57.2540707856479 2
    endloop
  endfacet
  facet normal -0.65934581510005 -0.751839807478994 0
    outer loop
      vertex 90.70007564336002 -57.33764365866508 1.0600000000000005
      vertex 90.81317279836453 -57.436827201635474 2
      vertex 90.70007564336002 -57.33764365866508 2
    endloop
  endfacet
  facet normal -0.751839807478953 -0.6593458151000968 0
    outer loop
      vertex 90.81317279836453 -57.436827201635474 1.0600000000000005
      vertex 90.91235634133493 -57.54992435663997 2
      vertex 90.81317279836453 -57.436827201635474 2
    endloop
  endfacet
  facet normal -0.8314696123025693 -0.5555702330195662 0
    outer loop
      vertex 90.91235634133493 -57.54992435663997 1.0600000000000005
      vertex 90.9959292143521 -57.675 2
      vertex 90.91235634133493 -57.54992435663997 2
    endloop
  endfacet
  facet normal -0.8968727415326656 -0.4422886902190472 0
    outer loop
      vertex 90.9959292143521 -57.675 1.0600000000000005
      vertex 91.06246146238799 -57.809914052780144 2
      vertex 90.9959292143521 -57.675 2
    endloop
  endfacet
  facet normal -0.9469301294951298 -0.32143946530309014 0
    outer loop
      vertex 91.06246146238799 -57.809914052780144 1.0600000000000005
      vertex 91.11081470023242 -57.9523580981321 2
      vertex 91.06246146238799 -57.809914052780144 2
    endloop
  endfacet
  facet normal -0.9807852804032285 -0.19509032201613716 0
    outer loop
      vertex 91.11081470023242 -57.9523580981321 1.0600000000000005
      vertex 91.14016159057988 -58.09989487894694 2
      vertex 91.11081470023242 -57.9523580981321 2
    endloop
  endfacet
  facet normal -0.9978589232385998 -0.06540312923019913 0
    outer loop
      vertex 91.14016159057988 -58.09989487894694 1.0600000000000005
      vertex 91.15 -58.25 2
      vertex 91.14016159057988 -58.09989487894694 2
    endloop
  endfacet
  facet normal -0.9978589232385998 0.06540312923019913 0
    outer loop
      vertex 91.15 -58.25 1.0600000000000005
      vertex 91.14016159057988 -58.40010512105306 2
      vertex 91.15 -58.25 2
    endloop
  endfacet
  facet normal -0.9807852804032285 0.19509032201613716 0
    outer loop
      vertex 91.14016159057988 -58.40010512105306 1.0600000000000005
      vertex 91.11081470023242 -58.5476419018679 2
      vertex 91.14016159057988 -58.40010512105306 2
    endloop
  endfacet
  facet normal -0.9469301294951298 0.32143946530309014 0
    outer loop
      vertex 91.11081470023242 -58.5476419018679 1.0600000000000005
      vertex 91.06246146238799 -58.690085947219856 2
      vertex 91.11081470023242 -58.5476419018679 2
    endloop
  endfacet
  facet normal -0.8314696123025693 0.5555702330195662 0
    outer loop
      vertex 90.9959292143521 -58.825 1.0600000000000005
      vertex 90.91235634133493 -58.95007564336003 2
      vertex 90.9959292143521 -58.825 2
    endloop
  endfacet
  facet normal -0.8968727415326656 0.4422886902190472 0
    outer loop
      vertex 91.06246146238799 -58.690085947219856 1.0600000000000005
      vertex 90.9959292143521 -58.825 2
      vertex 91.06246146238799 -58.690085947219856 2
    endloop
  endfacet
  facet normal 0.751839807478953 0.6593458151000968 0
    outer loop
      vertex 89.18682720163547 -59.063172798364526 1.0600000000000005
      vertex 89.08764365866507 -58.95007564336003 2
      vertex 89.18682720163547 -59.063172798364526 2
    endloop
  endfacet
  facet normal 0.65934581510005 0.751839807478994 0
    outer loop
      vertex 89.29992435663998 -59.16235634133492 1.0600000000000005
      vertex 89.18682720163547 -59.063172798364526 2
      vertex 89.29992435663998 -59.16235634133492 2
    endloop
  endfacet
  facet normal 0.5555702330196207 0.8314696123025329 0
    outer loop
      vertex 89.425 -59.2459292143521 1.0600000000000005
      vertex 89.29992435663998 -59.16235634133492 2
      vertex 89.425 -59.2459292143521 2
    endloop
  endfacet
  facet normal 0.4422886902190092 0.8968727415326845 0
    outer loop
      vertex 89.55991405278014 -59.31246146238798 1.0600000000000005
      vertex 89.425 -59.2459292143521 2
      vertex 89.55991405278014 -59.31246146238798 2
    endloop
  endfacet
  facet normal 0.3214394653031893 0.9469301294950963 0
    outer loop
      vertex 89.7023580981321 -59.36081470023243 1.0600000000000005
      vertex 89.55991405278014 -59.31246146238798 2
      vertex 89.7023580981321 -59.36081470023243 2
    endloop
  endfacet
  facet normal 0.19509032201608265 0.9807852804032395 0
    outer loop
      vertex 89.84989487894694 -59.39016159057988 1.0600000000000005
      vertex 89.7023580981321 -59.36081470023243 2
      vertex 89.84989487894694 -59.39016159057988 2
    endloop
  endfacet
  facet normal 0.06540312923015211 0.9978589232386029 0
    outer loop
      vertex 90 -59.4 1.0600000000000005
      vertex 89.84989487894694 -59.39016159057988 2
      vertex 90 -59.4 2
    endloop
  endfacet
  facet normal -0.06540312923015211 0.9978589232386029 0
    outer loop
      vertex 90.15010512105306 -59.39016159057988 1.0600000000000005
      vertex 90 -59.4 2
      vertex 90.15010512105306 -59.39016159057988 2
    endloop
  endfacet
  facet normal -0.19509032201608265 0.9807852804032395 0
    outer loop
      vertex 90.2976419018679 -59.36081470023243 1.0600000000000005
      vertex 90.15010512105306 -59.39016159057988 2
      vertex 90.2976419018679 -59.36081470023243 2
    endloop
  endfacet
  facet normal -0.3214394653031893 0.9469301294950963 0
    outer loop
      vertex 90.44008594721986 -59.31246146238798 1.0600000000000005
      vertex 90.2976419018679 -59.36081470023243 2
      vertex 90.44008594721986 -59.31246146238798 2
    endloop
  endfacet
  facet normal -0.5555702330196207 0.8314696123025329 0
    outer loop
      vertex 90.70007564336002 -59.16235634133492 1.0600000000000005
      vertex 90.575 -59.2459292143521 2
      vertex 90.70007564336002 -59.16235634133492 2
    endloop
  endfacet
  facet normal -0.65934581510005 0.751839807478994 0
    outer loop
      vertex 90.81317279836453 -59.063172798364526 1.0600000000000005
      vertex 90.70007564336002 -59.16235634133492 2
      vertex 90.81317279836453 -59.063172798364526 2
    endloop
  endfacet
  facet normal -0.4422886902190092 0.8968727415326845 0
    outer loop
      vertex 90.575 -59.2459292143521 1.0600000000000005
      vertex 90.44008594721986 -59.31246146238798 2
      vertex 90.575 -59.2459292143521 2
    endloop
  endfacet
  facet normal -0.751839807478953 0.6593458151000968 0
    outer loop
      vertex 90.91235634133493 -58.95007564336003 1.0600000000000005
      vertex 90.81317279836453 -59.063172798364526 2
      vertex 90.91235634133493 -58.95007564336003 2
    endloop
  endfacet
  facet normal 0.9469301294951298 -0.32143946530309014 0
    outer loop
      vertex 88.93753853761201 -57.809914052780144 1.0600000000000005
      vertex 88.93753853761201 -57.809914052780144 2
      vertex 88.88918529976758 -57.9523580981321 1.0600000000000005
    endloop
  endfacet
  facet normal 0.9807852804032285 -0.19509032201613716 0
    outer loop
      vertex 88.88918529976758 -57.9523580981321 1.0600000000000005
      vertex 88.88918529976758 -57.9523580981321 2
      vertex 88.85983840942012 -58.09989487894694 1.0600000000000005
    endloop
  endfacet
  facet normal 0.9978589232385998 -0.06540312923019913 0
    outer loop
      vertex 88.85983840942012 -58.09989487894694 1.0600000000000005
      vertex 88.85983840942012 -58.09989487894694 2
      vertex 88.85 -58.25 1.0600000000000005
    endloop
  endfacet
  facet normal 0.9978589232385998 0.06540312923019913 0
    outer loop
      vertex 88.85 -58.25 1.0600000000000005
      vertex 88.85 -58.25 2
      vertex 88.85983840942012 -58.40010512105306 1.0600000000000005
    endloop
  endfacet
  facet normal 0.9807852804032285 0.19509032201613716 0
    outer loop
      vertex 88.85983840942012 -58.40010512105306 1.0600000000000005
      vertex 88.85983840942012 -58.40010512105306 2
      vertex 88.88918529976758 -58.5476419018679 1.0600000000000005
    endloop
  endfacet
  facet normal 0.9469301294951298 0.32143946530309014 0
    outer loop
      vertex 88.88918529976758 -58.5476419018679 1.0600000000000005
      vertex 88.88918529976758 -58.5476419018679 2
      vertex 88.93753853761201 -58.690085947219856 1.0600000000000005
    endloop
  endfacet
  facet normal 0.8968727415326656 0.4422886902190472 0
    outer loop
      vertex 88.93753853761201 -58.690085947219856 1.0600000000000005
      vertex 88.93753853761201 -58.690085947219856 2
      vertex 89.0040707856479 -58.825 1.0600000000000005
    endloop
  endfacet
  facet normal 0.751839807478953 -0.6593458151000968 0
    outer loop
      vertex 89.18682720163547 -57.436827201635474 1.0600000000000005
      vertex 89.18682720163547 -57.436827201635474 2
      vertex 89.08764365866507 -57.54992435663997 1.0600000000000005
    endloop
  endfacet
  facet normal 0.65934581510005 -0.751839807478994 0
    outer loop
      vertex 89.29992435663998 -57.33764365866508 1.0600000000000005
      vertex 89.29992435663998 -57.33764365866508 2
      vertex 89.18682720163547 -57.436827201635474 1.0600000000000005
    endloop
  endfacet
  facet normal 0.4422886902190092 -0.8968727415326845 -3.65197072806302e-18
    outer loop
      vertex 89.425 -57.2540707856479 1.0600000000000005
      vertex 89.55991405278014 -57.18753853761202 1.0600000000000005
      vertex 89.55991405278014 -57.18753853761202 2
    endloop
  endfacet
  facet normal 0.3214394653031893 -0.9469301294950963 -3.9074098144069774e-19
    outer loop
      vertex 89.55991405278014 -57.18753853761202 1.0600000000000005
      vertex 89.7023580981321 -57.13918529976757 1.0600000000000005
      vertex 89.7023580981321 -57.13918529976757 2
    endloop
  endfacet
  facet normal 0.5555702330196207 -0.8314696123025329 0
    outer loop
      vertex 89.425 -57.2540707856479 1.0600000000000005
      vertex 89.425 -57.2540707856479 2
      vertex 89.29992435663998 -57.33764365866508 1.0600000000000005
    endloop
  endfacet
  facet normal 0.8314696123025693 -0.5555702330195662 0
    outer loop
      vertex 89.08764365866507 -57.54992435663997 1.0600000000000005
      vertex 89.08764365866507 -57.54992435663997 2
      vertex 89.0040707856479 -57.675 1.0600000000000005
    endloop
  endfacet
  facet normal 0.8968727415326656 -0.4422886902190472 0
    outer loop
      vertex 89.0040707856479 -57.675 1.0600000000000005
      vertex 89.0040707856479 -57.675 2
      vertex 88.93753853761201 -57.809914052780144 1.0600000000000005
    endloop
  endfacet
  facet normal 0.19509032201608265 -0.9807852804032395 2.9331988350927396e-18
    outer loop
      vertex 89.7023580981321 -57.13918529976757 1.0600000000000005
      vertex 89.84989487894694 -57.10983840942012 1.0600000000000005
      vertex 89.84989487894694 -57.10983840942012 2
    endloop
  endfacet
  facet normal 0.06540312923015211 -0.9978589232386029 9.370390474330003e-20
    outer loop
      vertex 89.84989487894694 -57.10983840942012 1.0600000000000005
      vertex 90 -57.1 1.0600000000000005
      vertex 90 -57.1 2
    endloop
  endfacet
  facet normal -0.06540312923015211 -0.9978589232386029 -9.370390474330003e-20
    outer loop
      vertex 90 -57.1 1.0600000000000005
      vertex 90.15010512105306 -57.10983840942012 1.0600000000000005
      vertex 90.15010512105306 -57.10983840942012 2
    endloop
  endfacet
  facet normal -0.19509032201608265 -0.9807852804032395 -2.9331988350927396e-18
    outer loop
      vertex 90.15010512105306 -57.10983840942012 1.0600000000000005
      vertex 90.2976419018679 -57.13918529976757 1.0600000000000005
      vertex 90.2976419018679 -57.13918529976757 2
    endloop
  endfacet
  facet normal -0.3214394653031893 -0.9469301294950963 3.9074098144069774e-19
    outer loop
      vertex 90.2976419018679 -57.13918529976757 1.0600000000000005
      vertex 90.44008594721986 -57.18753853761202 1.0600000000000005
      vertex 90.44008594721986 -57.18753853761202 2
    endloop
  endfacet
  facet normal 0.8314696123025693 0.5555702330195662 0
    outer loop
      vertex 89.0040707856479 -58.825 1.0600000000000005
      vertex 89.0040707856479 -58.825 2
      vertex 89.08764365866507 -58.95007564336003 1.0600000000000005
    endloop
  endfacet
  facet normal -0.4422886902190092 -0.8968727415326845 3.65197072806302e-18
    outer loop
      vertex 90.44008594721986 -57.18753853761202 1.0600000000000005
      vertex 90.575 -57.2540707856479 1.0600000000000005
      vertex 90.575 -57.2540707856479 2
    endloop
  endfacet
  facet normal -0.5555702330196207 -0.8314696123025329 -2.5669281878144683e-18
    outer loop
      vertex 90.575 -57.2540707856479 1.0600000000000005
      vertex 90.70007564336002 -57.33764365866508 1.0600000000000005
      vertex 90.70007564336002 -57.33764365866508 2
    endloop
  endfacet
  facet normal -0.65934581510005 -0.751839807478994 2.1605583577050882e-18
    outer loop
      vertex 90.70007564336002 -57.33764365866508 1.0600000000000005
      vertex 90.81317279836453 -57.436827201635474 1.0600000000000005
      vertex 90.81317279836453 -57.436827201635474 2
    endloop
  endfacet
  facet normal -0.751839807478953 -0.6593458151000968 -3.831360299700151e-18
    outer loop
      vertex 90.81317279836453 -57.436827201635474 1.0600000000000005
      vertex 90.91235634133493 -57.54992435663997 1.0600000000000005
      vertex 90.91235634133493 -57.54992435663997 2
    endloop
  endfacet
  facet normal -0.8314696123025693 -0.5555702330195662 -2.6240075118818606e-18
    outer loop
      vertex 90.91235634133493 -57.54992435663997 1.0600000000000005
      vertex 90.9959292143521 -57.675 1.0600000000000005
      vertex 90.9959292143521 -57.675 2
    endloop
  endfacet
  facet normal -0.8968727415326656 -0.4422886902190472 -3.806523856009034e-18
    outer loop
      vertex 90.9959292143521 -57.675 1.0600000000000005
      vertex 91.06246146238799 -57.809914052780144 1.0600000000000005
      vertex 91.06246146238799 -57.809914052780144 2
    endloop
  endfacet
  facet normal -0.9469301294951298 -0.32143946530309014 -1.489250141862552e-18
    outer loop
      vertex 91.06246146238799 -57.809914052780144 1.0600000000000005
      vertex 91.11081470023242 -57.9523580981321 1.0600000000000005
      vertex 91.11081470023242 -57.9523580981321 2
    endloop
  endfacet
  facet normal -0.9807852804032285 -0.19509032201613716 1.9029781193893977e-18
    outer loop
      vertex 91.11081470023242 -57.9523580981321 1.0600000000000005
      vertex 91.14016159057988 -58.09989487894694 1.0600000000000005
      vertex 91.14016159057988 -58.09989487894694 2
    endloop
  endfacet
  facet normal -0.9978589232385998 -0.06540312923019913 4.512946220247065e-19
    outer loop
      vertex 91.14016159057988 -58.09989487894694 1.0600000000000005
      vertex 91.15 -58.25 1.0600000000000005
      vertex 91.15 -58.25 2
    endloop
  endfacet
  facet normal -0.9978589232385998 0.06540312923019913 -4.512946220247065e-19
    outer loop
      vertex 91.15 -58.25 1.0600000000000005
      vertex 91.14016159057988 -58.40010512105306 1.0600000000000005
      vertex 91.14016159057988 -58.40010512105306 2
    endloop
  endfacet
  facet normal -0.9807852804032285 0.19509032201613716 0
    outer loop
      vertex 91.11081470023242 -58.5476419018679 1.0600000000000005
      vertex 91.11081470023242 -58.5476419018679 2
      vertex 91.14016159057988 -58.40010512105306 1.0600000000000005
    endloop
  endfacet
  facet normal -0.9469301294951298 0.32143946530309014 1.489250141862552e-18
    outer loop
      vertex 91.11081470023242 -58.5476419018679 1.0600000000000005
      vertex 91.06246146238799 -58.690085947219856 1.0600000000000005
      vertex 91.06246146238799 -58.690085947219856 2
    endloop
  endfacet
  facet normal -0.8314696123025693 0.5555702330195662 0
    outer loop
      vertex 90.91235634133493 -58.95007564336003 1.0600000000000005
      vertex 90.91235634133493 -58.95007564336003 2
      vertex 90.9959292143521 -58.825 1.0600000000000005
    endloop
  endfacet
  facet normal -0.8968727415326656 0.4422886902190472 3.806523856009034e-18
    outer loop
      vertex 91.06246146238799 -58.690085947219856 1.0600000000000005
      vertex 90.9959292143521 -58.825 1.0600000000000005
      vertex 90.9959292143521 -58.825 2
    endloop
  endfacet
  facet normal 0.751839807478953 0.6593458151000968 0
    outer loop
      vertex 89.08764365866507 -58.95007564336003 1.0600000000000005
      vertex 89.08764365866507 -58.95007564336003 2
      vertex 89.18682720163547 -59.063172798364526 1.0600000000000005
    endloop
  endfacet
  facet normal 0.65934581510005 0.751839807478994 0
    outer loop
      vertex 89.18682720163547 -59.063172798364526 1.0600000000000005
      vertex 89.18682720163547 -59.063172798364526 2
      vertex 89.29992435663998 -59.16235634133492 1.0600000000000005
    endloop
  endfacet
  facet normal 0.5555702330196207 0.8314696123025329 0
    outer loop
      vertex 89.29992435663998 -59.16235634133492 1.0600000000000005
      vertex 89.29992435663998 -59.16235634133492 2
      vertex 89.425 -59.2459292143521 1.0600000000000005
    endloop
  endfacet
  facet normal 0.4422886902190092 0.8968727415326845 0
    outer loop
      vertex 89.425 -59.2459292143521 1.0600000000000005
      vertex 89.425 -59.2459292143521 2
      vertex 89.55991405278014 -59.31246146238798 1.0600000000000005
    endloop
  endfacet
  facet normal 0.3214394653031893 0.9469301294950963 0
    outer loop
      vertex 89.55991405278014 -59.31246146238798 1.0600000000000005
      vertex 89.55991405278014 -59.31246146238798 2
      vertex 89.7023580981321 -59.36081470023243 1.0600000000000005
    endloop
  endfacet
  facet normal 0.19509032201608265 0.9807852804032395 0
    outer loop
      vertex 89.7023580981321 -59.36081470023243 1.0600000000000005
      vertex 89.7023580981321 -59.36081470023243 2
      vertex 89.84989487894694 -59.39016159057988 1.0600000000000005
    endloop
  endfacet
  facet normal 0.06540312923015211 0.9978589232386029 0
    outer loop
      vertex 89.84989487894694 -59.39016159057988 1.0600000000000005
      vertex 89.84989487894694 -59.39016159057988 2
      vertex 90 -59.4 1.0600000000000005
    endloop
  endfacet
  facet normal -0.06540312923015211 0.9978589232386029 0
    outer loop
      vertex 90 -59.4 1.0600000000000005
      vertex 90 -59.4 2
      vertex 90.15010512105306 -59.39016159057988 1.0600000000000005
    endloop
  endfacet
  facet normal -0.19509032201608265 0.9807852804032395 0
    outer loop
      vertex 90.15010512105306 -59.39016159057988 1.0600000000000005
      vertex 90.15010512105306 -59.39016159057988 2
      vertex 90.2976419018679 -59.36081470023243 1.0600000000000005
    endloop
  endfacet
  facet normal -0.3214394653031893 0.9469301294950963 0
    outer loop
      vertex 90.2976419018679 -59.36081470023243 1.0600000000000005
      vertex 90.2976419018679 -59.36081470023243 2
      vertex 90.44008594721986 -59.31246146238798 1.0600000000000005
    endloop
  endfacet
  facet normal -0.65934581510005 0.751839807478994 0
    outer loop
      vertex 90.70007564336002 -59.16235634133492 1.0600000000000005
      vertex 90.70007564336002 -59.16235634133492 2
      vertex 90.81317279836453 -59.063172798364526 1.0600000000000005
    endloop
  endfacet
  facet normal -0.4422886902190092 0.8968727415326845 0
    outer loop
      vertex 90.44008594721986 -59.31246146238798 1.0600000000000005
      vertex 90.44008594721986 -59.31246146238798 2
      vertex 90.575 -59.2459292143521 1.0600000000000005
    endloop
  endfacet
  facet normal -0.5555702330196207 0.8314696123025329 2.5669281878144683e-18
    outer loop
      vertex 90.70007564336002 -59.16235634133492 1.0600000000000005
      vertex 90.575 -59.2459292143521 1.0600000000000005
      vertex 90.575 -59.2459292143521 2
    endloop
  endfacet
  facet normal -0.751839807478953 0.6593458151000968 3.831360299700151e-18
    outer loop
      vertex 90.91235634133493 -58.95007564336003 1.0600000000000005
      vertex 90.81317279836453 -59.063172798364526 1.0600000000000005
      vertex 90.81317279836453 -59.063172798364526 2
    endloop
  endfacet
  facet normal 0.5940816238817609 -0.39695265025816295 -0.6996396341110406
    outer loop
      vertex 89.08764365866507 -57.54992435663997 1.0600000000000005
      vertex 89.0040707856479 -57.675 1.0600000000000005
      vertex 88.10324249180482 -57.154906542056075 0
    endloop
  endfacet
  facet normal 0.5371864553042924 -0.47109987754041016 -0.6996396341110328
    outer loop
      vertex 89.18682720163547 -57.436827201635474 1.0600000000000005
      vertex 89.08764365866507 -57.54992435663997 1.0600000000000005
      vertex 88.26240789441822 -56.91669868328791 0
    endloop
  endfacet
  facet normal 0.6765776893218828 -0.22966717809219817 -0.699639634111039
    outer loop
      vertex 88.93753853761201 -57.809914052780144 1.0600000000000005
      vertex 88.88918529976758 -57.9523580981321 1.0600000000000005
      vertex 87.88444189354352 -57.683137913833875 0
    endloop
  endfacet
  facet normal 0.640811891164017 -0.31601345307404566 -0.6996396341110286
    outer loop
      vertex 89.0040707856479 -57.675 1.0600000000000005
      vertex 88.93753853761201 -57.809914052780144 1.0600000000000005
      vertex 87.97653113603721 -57.41185175350693 0
    endloop
  endfacet
  facet normal 0.7007670556326372 -0.13939123401756692 -0.699639634111036
    outer loop
      vertex 88.88918529976758 -57.9523580981321 1.0600000000000005
      vertex 88.85983840942012 -58.09989487894694 1.0600000000000005
      vertex 87.82855043679484 -57.96412324161898 0
    endloop
  endfacet
  facet normal 0.7129661033322007 -0.04673026728231963 -0.6996396341110335
    outer loop
      vertex 88.85983840942012 -58.09989487894694 1.0600000000000005
      vertex 88.85 -58.25 1.0600000000000005
      vertex 87.80981308411215 -58.25 0
    endloop
  endfacet
  facet normal 0.7129661033321967 0.04673026728231937 -0.6996396341110376
    outer loop
      vertex 88.85 -58.25 1.0600000000000005
      vertex 88.85983840942012 -58.40010512105306 1.0600000000000005
      vertex 87.82855043679484 -58.53587675838102 0
    endloop
  endfacet
  facet normal 0.7007670556326356 0.13939123401756665 -0.6996396341110376
    outer loop
      vertex 88.85983840942012 -58.40010512105306 1.0600000000000005
      vertex 88.88918529976758 -58.5476419018679 1.0600000000000005
      vertex 87.88444189354352 -58.816862086166125 0
    endloop
  endfacet
  facet normal 0.676577689321893 0.22966717809220166 -0.6996396341110279
    outer loop
      vertex 88.88918529976758 -58.5476419018679 1.0600000000000005
      vertex 88.93753853761201 -58.690085947219856 1.0600000000000005
      vertex 87.97653113603721 -59.08814824649307 0
    endloop
  endfacet
  facet normal 0.640811891164006 0.3160134530740402 -0.6996396341110411
    outer loop
      vertex 88.93753853761201 -58.690085947219856 1.0600000000000005
      vertex 89.0040707856479 -58.825 1.0600000000000005
      vertex 88.10324249180482 -59.345093457943925 0
    endloop
  endfacet
  facet normal 0.471099877540382 -0.5371864553043132 -0.6996396341110358
    outer loop
      vertex 89.29992435663998 -57.33764365866508 1.0600000000000005
      vertex 88.45130397970965 -56.70130397970966 0
      vertex 88.66669868328792 -56.51240789441822 0
    endloop
  endfacet
  facet normal 0.7007670556326382 -0.1393912340175562 -0.6996396341110372
    outer loop
      vertex 88.88918529976758 -57.9523580981321 1.0600000000000005
      vertex 87.82855043679484 -57.96412324161898 0
      vertex 87.88444189354352 -57.683137913833875 0
    endloop
  endfacet
  facet normal 0.594081623881734 -0.3969526502582136 -0.6996396341110345
    outer loop
      vertex 89.08764365866507 -57.54992435663997 1.0600000000000005
      vertex 88.10324249180482 -57.154906542056075 0
      vertex 88.26240789441822 -56.91669868328791 0
    endloop
  endfacet
  facet normal 0.6408118911640488 -0.3160134530739603 -0.699639634111038
    outer loop
      vertex 89.0040707856479 -57.675 1.0600000000000005
      vertex 87.97653113603721 -57.41185175350693 0
      vertex 88.10324249180482 -57.154906542056075 0
    endloop
  endfacet
  facet normal 0.5371864553043069 -0.4710998775403899 -0.6996396341110355
    outer loop
      vertex 89.18682720163547 -57.436827201635474 1.0600000000000005
      vertex 88.26240789441822 -56.91669868328791 0
      vertex 88.45130397970965 -56.70130397970966 0
    endloop
  endfacet
  facet normal 0.6765776893218647 -0.2296671780922769 -0.6996396341110306
    outer loop
      vertex 88.93753853761201 -57.809914052780144 1.0600000000000005
      vertex 87.88444189354352 -57.683137913833875 0
      vertex 87.97653113603721 -57.41185175350693 0
    endloop
  endfacet
  facet normal 0.7129661033321996 -0.046730267282290225 -0.6996396341110365
    outer loop
      vertex 88.85983840942012 -58.09989487894694 1.0600000000000005
      vertex 87.80981308411215 -58.25 0
      vertex 87.82855043679484 -57.96412324161898 0
    endloop
  endfacet
  facet normal 0.7129661033322016 0.046730267282290384 -0.6996396341110344
    outer loop
      vertex 88.85 -58.25 1.0600000000000005
      vertex 87.82855043679484 -58.53587675838102 0
      vertex 87.80981308411215 -58.25 0
    endloop
  endfacet
  facet normal 0.7007670556326389 0.13939123401755651 -0.6996396341110365
    outer loop
      vertex 88.85983840942012 -58.40010512105306 1.0600000000000005
      vertex 87.88444189354352 -58.816862086166125 0
      vertex 87.82855043679484 -58.53587675838102 0
    endloop
  endfacet
  facet normal 0.6765776893218592 0.22966717809227527 -0.6996396341110364
    outer loop
      vertex 88.88918529976758 -58.5476419018679 1.0600000000000005
      vertex 87.97653113603721 -59.08814824649307 0
      vertex 87.88444189354352 -58.816862086166125 0
    endloop
  endfacet
  facet normal 0.5940816238817672 0.39695265025816723 -0.6996396341110326
    outer loop
      vertex 89.0040707856479 -58.825 1.0600000000000005
      vertex 89.08764365866507 -58.95007564336003 1.0600000000000005
      vertex 88.26240789441822 -59.58330131671209 0
    endloop
  endfacet
  facet normal 0.5371864553042899 0.47109987754040794 -0.6996396341110362
    outer loop
      vertex 89.08764365866507 -58.95007564336003 1.0600000000000005
      vertex 89.18682720163547 -59.063172798364526 1.0600000000000005
      vertex 88.45130397970965 -59.79869602029034 0
    endloop
  endfacet
  facet normal 0.6408118911640546 0.3160134530739629 -0.6996396341110316
    outer loop
      vertex 88.93753853761201 -58.690085947219856 1.0600000000000005
      vertex 88.10324249180482 -59.345093457943925 0
      vertex 87.97653113603721 -59.08814824649307 0
    endloop
  endfacet
  facet normal 0.5940816238817308 0.39695265025821136 -0.6996396341110387
    outer loop
      vertex 89.0040707856479 -58.825 1.0600000000000005
      vertex 88.26240789441822 -59.58330131671209 0
      vertex 88.10324249180482 -59.345093457943925 0
    endloop
  endfacet
  facet normal 0.5371864553043082 0.47109987754039107 -0.6996396341110336
    outer loop
      vertex 89.08764365866507 -58.95007564336003 1.0600000000000005
      vertex 88.45130397970965 -59.79869602029034 0
      vertex 88.26240789441822 -59.58330131671209 0
    endloop
  endfacet
  facet normal 0.47109987754038246 0.5371864553043137 -0.6996396341110351
    outer loop
      vertex 89.18682720163547 -59.063172798364526 1.0600000000000005
      vertex 88.66669868328792 -59.98759210558178 0
      vertex 88.45130397970965 -59.79869602029034 0
    endloop
  endfacet
  facet normal 0.39695265025818843 0.5940816238817496 -0.6996396341110356
    outer loop
      vertex 89.29992435663998 -59.16235634133492 1.0600000000000005
      vertex 88.90490654205608 -60.146757508195165 0
      vertex 88.66669868328792 -59.98759210558178 0
    endloop
  endfacet
  facet normal 0.31601345307401596 -0.6408118911640251 -0.6996396341110346
    outer loop
      vertex 89.425 -57.2540707856479 1.0600000000000005
      vertex 88.90490654205608 -56.353242491804835 0
      vertex 89.55991405278014 -57.18753853761202 1.0600000000000005
    endloop
  endfacet
  facet normal 0.22966717809226925 -0.6765776893218596 -0.699639634111038
    outer loop
      vertex 89.55991405278014 -57.18753853761202 1.0600000000000005
      vertex 89.16185175350692 -56.226531136037195 0
      vertex 89.7023580981321 -57.13918529976757 1.0600000000000005
    endloop
  endfacet
  facet normal 0.13939123401752854 -0.7007670556326474 -0.6996396341110334
    outer loop
      vertex 89.7023580981321 -57.13918529976757 1.0600000000000005
      vertex 89.43313791383387 -56.134441893543524 0
      vertex 89.84989487894694 -57.10983840942012 1.0600000000000005
    endloop
  endfacet
  facet normal -0.0467302672822858 -0.7129661033321993 -0.699639634111037
    outer loop
      vertex 90 -57.1 1.0600000000000005
      vertex 90 -56.05981308411215 0
      vertex 90.15010512105306 -57.10983840942012 1.0600000000000005
    endloop
  endfacet
  facet normal 0.04673026728228583 -0.7129661033321999 -0.6996396341110364
    outer loop
      vertex 89.84989487894694 -57.10983840942012 1.0600000000000005
      vertex 89.71412324161898 -56.07855043679484 0
      vertex 90 -57.1 1.0600000000000005
    endloop
  endfacet
  facet normal -0.1393912340175278 -0.7007670556326435 -0.6996396341110372
    outer loop
      vertex 90.15010512105306 -57.10983840942012 1.0600000000000005
      vertex 90.28587675838102 -56.07855043679484 0
      vertex 90.2976419018679 -57.13918529976757 1.0600000000000005
    endloop
  endfacet
  facet normal -0.22966717809227066 -0.6765776893218638 -0.6996396341110335
    outer loop
      vertex 90.2976419018679 -57.13918529976757 1.0600000000000005
      vertex 90.56686208616613 -56.134441893543524 0
      vertex 90.44008594721986 -57.18753853761202 1.0600000000000005
    endloop
  endfacet
  facet normal -0.3160134530740148 -0.6408118911640228 -0.6996396341110371
    outer loop
      vertex 90.44008594721986 -57.18753853761202 1.0600000000000005
      vertex 90.83814824649308 -56.226531136037195 0
      vertex 90.575 -57.2540707856479 1.0600000000000005
    endloop
  endfacet
  facet normal -0.39695265025820564 -0.5940816238817405 -0.6996396341110336
    outer loop
      vertex 90.575 -57.2540707856479 1.0600000000000005
      vertex 91.09509345794392 -56.353242491804835 0
      vertex 90.70007564336002 -57.33764365866508 1.0600000000000005
    endloop
  endfacet
  facet normal 0.3969526502582042 -0.5940816238817384 -0.6996396341110362
    outer loop
      vertex 89.425 -57.2540707856479 1.0600000000000005
      vertex 89.29992435663998 -57.33764365866508 1.0600000000000005
      vertex 88.66669868328792 -56.51240789441822 0
    endloop
  endfacet
  facet normal 0.47109987754037547 -0.5371864553043203 -0.6996396341110349
    outer loop
      vertex 89.29992435663998 -57.33764365866508 1.0600000000000005
      vertex 89.18682720163547 -57.436827201635474 1.0600000000000005
      vertex 88.45130397970965 -56.70130397970966 0
    endloop
  endfacet
  facet normal -0.47109987754037463 -0.5371864553043193 -0.6996396341110362
    outer loop
      vertex 90.70007564336002 -57.33764365866508 1.0600000000000005
      vertex 91.33330131671208 -56.51240789441822 0
      vertex 90.81317279836453 -57.436827201635474 1.0600000000000005
    endloop
  endfacet
  facet normal -0.5371864553042899 -0.47109987754040794 -0.6996396341110362
    outer loop
      vertex 90.81317279836453 -57.436827201635474 1.0600000000000005
      vertex 91.54869602029035 -56.70130397970966 0
      vertex 90.91235634133493 -57.54992435663997 1.0600000000000005
    endloop
  endfacet
  facet normal -0.5940816238817672 -0.39695265025816723 -0.6996396341110326
    outer loop
      vertex 90.91235634133493 -57.54992435663997 1.0600000000000005
      vertex 91.73759210558178 -56.91669868328791 0
      vertex 90.9959292143521 -57.675 1.0600000000000005
    endloop
  endfacet
  facet normal -0.640811891164006 -0.3160134530740402 -0.6996396341110411
    outer loop
      vertex 90.9959292143521 -57.675 1.0600000000000005
      vertex 91.89675750819518 -57.154906542056075 0
      vertex 91.06246146238799 -57.809914052780144 1.0600000000000005
    endloop
  endfacet
  facet normal -0.676577689321893 -0.22966717809220166 -0.6996396341110278
    outer loop
      vertex 91.06246146238799 -57.809914052780144 1.0600000000000005
      vertex 92.02346886396279 -57.41185175350693 0
      vertex 91.11081470023242 -57.9523580981321 1.0600000000000005
    endloop
  endfacet
  facet normal -0.7007670556326356 -0.13939123401756665 -0.6996396341110376
    outer loop
      vertex 91.11081470023242 -57.9523580981321 1.0600000000000005
      vertex 92.11555810645648 -57.683137913833875 0
      vertex 91.14016159057988 -58.09989487894694 1.0600000000000005
    endloop
  endfacet
  facet normal -0.7129661033321968 -0.046730267282319375 -0.6996396341110375
    outer loop
      vertex 91.14016159057988 -58.09989487894694 1.0600000000000005
      vertex 92.17144956320516 -57.96412324161898 0
      vertex 91.15 -58.25 1.0600000000000005
    endloop
  endfacet
  facet normal -0.7129661033322007 0.04673026728231963 -0.6996396341110335
    outer loop
      vertex 91.15 -58.25 1.0600000000000005
      vertex 92.19018691588785 -58.25 0
      vertex 91.14016159057988 -58.40010512105306 1.0600000000000005
    endloop
  endfacet
  facet normal -0.7007670556326372 0.13939123401756692 -0.699639634111036
    outer loop
      vertex 91.11081470023242 -58.5476419018679 1.0600000000000005
      vertex 91.14016159057988 -58.40010512105306 1.0600000000000005
      vertex 92.17144956320516 -58.53587675838102 0
    endloop
  endfacet
  facet normal -0.6765776893218828 0.22966717809219817 -0.699639634111039
    outer loop
      vertex 91.11081470023242 -58.5476419018679 1.0600000000000005
      vertex 92.11555810645648 -58.816862086166125 0
      vertex 91.06246146238799 -58.690085947219856 1.0600000000000005
    endloop
  endfacet
  facet normal -0.6408118911640172 0.31601345307404566 -0.6996396341110286
    outer loop
      vertex 91.06246146238799 -58.690085947219856 1.0600000000000005
      vertex 92.02346886396279 -59.08814824649307 0
      vertex 90.9959292143521 -58.825 1.0600000000000005
    endloop
  endfacet
  facet normal 0.22966717809223855 -0.6765776893218736 -0.6996396341110346
    outer loop
      vertex 89.7023580981321 -57.13918529976757 1.0600000000000005
      vertex 89.16185175350692 -56.226531136037195 0
      vertex 89.43313791383387 -56.134441893543524 0
    endloop
  endfacet
  facet normal 0.13939123401755626 -0.7007670556326389 -0.6996396341110365
    outer loop
      vertex 89.84989487894694 -57.10983840942012 1.0600000000000005
      vertex 89.43313791383387 -56.134441893543524 0
      vertex 89.71412324161898 -56.07855043679484 0
    endloop
  endfacet
  facet normal 0.39695265025818927 -0.5940816238817508 -0.6996396341110341
    outer loop
      vertex 89.425 -57.2540707856479 1.0600000000000005
      vertex 88.66669868328792 -56.51240789441822 0
      vertex 88.90490654205608 -56.353242491804835 0
    endloop
  endfacet
  facet normal 0.3160134530740315 -0.6408118911640152 -0.6996396341110367
    outer loop
      vertex 89.55991405278014 -57.18753853761202 1.0600000000000005
      vertex 88.90490654205608 -56.353242491804835 0
      vertex 89.16185175350692 -56.226531136037195 0
    endloop
  endfacet
  facet normal 0.04673026728229025 -0.7129661033321992 -0.6996396341110368
    outer loop
      vertex 90 -57.1 1.0600000000000005
      vertex 89.71412324161898 -56.07855043679484 0
      vertex 90 -56.05981308411215 0
    endloop
  endfacet
  facet normal -0.04673026728229025 -0.7129661033321996 -0.6996396341110365
    outer loop
      vertex 90.15010512105306 -57.10983840942012 1.0600000000000005
      vertex 90 -56.05981308411215 0
      vertex 90.28587675838102 -56.07855043679484 0
    endloop
  endfacet
  facet normal -0.1393912340175569 -0.7007670556326409 -0.6996396341110342
    outer loop
      vertex 90.2976419018679 -57.13918529976757 1.0600000000000005
      vertex 90.28587675838102 -56.07855043679484 0
      vertex 90.56686208616613 -56.134441893543524 0
    endloop
  endfacet
  facet normal -0.2296671780922382 -0.6765776893218713 -0.6996396341110369
    outer loop
      vertex 90.44008594721986 -57.18753853761202 1.0600000000000005
      vertex 90.56686208616613 -56.134441893543524 0
      vertex 90.83814824649308 -56.226531136037195 0
    endloop
  endfacet
  facet normal -0.31601345307403234 -0.6408118911640163 -0.6996396341110352
    outer loop
      vertex 90.575 -57.2540707856479 1.0600000000000005
      vertex 90.83814824649308 -56.226531136037195 0
      vertex 91.09509345794392 -56.353242491804835 0
    endloop
  endfacet
  facet normal -0.39695265025818843 -0.5940816238817496 -0.6996396341110356
    outer loop
      vertex 90.70007564336002 -57.33764365866508 1.0600000000000005
      vertex 91.09509345794392 -56.353242491804835 0
      vertex 91.33330131671208 -56.51240789441822 0
    endloop
  endfacet
  facet normal -0.47109987754038246 -0.5371864553043137 -0.6996396341110351
    outer loop
      vertex 90.81317279836453 -57.436827201635474 1.0600000000000005
      vertex 91.33330131671208 -56.51240789441822 0
      vertex 91.54869602029035 -56.70130397970966 0
    endloop
  endfacet
  facet normal -0.5371864553043082 -0.47109987754039107 -0.6996396341110336
    outer loop
      vertex 90.91235634133493 -57.54992435663997 1.0600000000000005
      vertex 91.54869602029035 -56.70130397970966 0
      vertex 91.73759210558178 -56.91669868328791 0
    endloop
  endfacet
  facet normal -0.5940816238817308 -0.39695265025821136 -0.6996396341110387
    outer loop
      vertex 90.9959292143521 -57.675 1.0600000000000005
      vertex 91.73759210558178 -56.91669868328791 0
      vertex 91.89675750819518 -57.154906542056075 0
    endloop
  endfacet
  facet normal -0.6408118911640546 -0.3160134530739629 -0.6996396341110316
    outer loop
      vertex 91.06246146238799 -57.809914052780144 1.0600000000000005
      vertex 91.89675750819518 -57.154906542056075 0
      vertex 92.02346886396279 -57.41185175350693 0
    endloop
  endfacet
  facet normal -0.6765776893218592 -0.22966717809227527 -0.6996396341110364
    outer loop
      vertex 91.11081470023242 -57.9523580981321 1.0600000000000005
      vertex 92.02346886396279 -57.41185175350693 0
      vertex 92.11555810645648 -57.683137913833875 0
    endloop
  endfacet
  facet normal -0.7007670556326389 -0.13939123401755651 -0.6996396341110365
    outer loop
      vertex 91.14016159057988 -58.09989487894694 1.0600000000000005
      vertex 92.11555810645648 -57.683137913833875 0
      vertex 92.17144956320516 -57.96412324161898 0
    endloop
  endfacet
  facet normal -0.7129661033322016 -0.046730267282290384 -0.6996396341110344
    outer loop
      vertex 91.15 -58.25 1.0600000000000005
      vertex 92.17144956320516 -57.96412324161898 0
      vertex 92.19018691588785 -58.25 0
    endloop
  endfacet
  facet normal -0.7129661033321996 0.046730267282290225 -0.6996396341110365
    outer loop
      vertex 91.14016159057988 -58.40010512105306 1.0600000000000005
      vertex 92.19018691588785 -58.25 0
      vertex 92.17144956320516 -58.53587675838102 0
    endloop
  endfacet
  facet normal -0.7007670556326382 0.1393912340175562 -0.6996396341110372
    outer loop
      vertex 91.11081470023242 -58.5476419018679 1.0600000000000005
      vertex 92.17144956320516 -58.53587675838102 0
      vertex 92.11555810645648 -58.816862086166125 0
    endloop
  endfacet
  facet normal -0.6765776893218647 0.2296671780922769 -0.6996396341110306
    outer loop
      vertex 91.06246146238799 -58.690085947219856 1.0600000000000005
      vertex 92.11555810645648 -58.816862086166125 0
      vertex 92.02346886396279 -59.08814824649307 0
    endloop
  endfacet
  facet normal 0.47109987754037463 0.5371864553043193 -0.6996396341110362
    outer loop
      vertex 89.18682720163547 -59.063172798364526 1.0600000000000005
      vertex 89.29992435663998 -59.16235634133492 1.0600000000000005
      vertex 88.66669868328792 -59.98759210558178 0
    endloop
  endfacet
  facet normal 0.39695265025820564 0.5940816238817405 -0.6996396341110336
    outer loop
      vertex 89.29992435663998 -59.16235634133492 1.0600000000000005
      vertex 89.425 -59.2459292143521 1.0600000000000005
      vertex 88.90490654205608 -60.146757508195165 0
    endloop
  endfacet
  facet normal 0.3160134530740148 0.6408118911640228 -0.6996396341110371
    outer loop
      vertex 89.425 -59.2459292143521 1.0600000000000005
      vertex 89.55991405278014 -59.31246146238798 1.0600000000000005
      vertex 89.16185175350692 -60.273468863962805 0
    endloop
  endfacet
  facet normal 0.2296671780922707 0.6765776893218639 -0.6996396341110334
    outer loop
      vertex 89.55991405278014 -59.31246146238798 1.0600000000000005
      vertex 89.7023580981321 -59.36081470023243 1.0600000000000005
      vertex 89.43313791383387 -60.365558106456476 0
    endloop
  endfacet
  facet normal 0.1393912340175278 0.7007670556326435 -0.6996396341110374
    outer loop
      vertex 89.7023580981321 -59.36081470023243 1.0600000000000005
      vertex 89.84989487894694 -59.39016159057988 1.0600000000000005
      vertex 89.71412324161898 -60.42144956320516 0
    endloop
  endfacet
  facet normal 0.0467302672822858 0.7129661033321993 -0.699639634111037
    outer loop
      vertex 89.84989487894694 -59.39016159057988 1.0600000000000005
      vertex 90 -59.4 1.0600000000000005
      vertex 90 -60.44018691588785 0
    endloop
  endfacet
  facet normal -0.13939123401752854 0.7007670556326474 -0.6996396341110334
    outer loop
      vertex 90.15010512105306 -59.39016159057988 1.0600000000000005
      vertex 90.2976419018679 -59.36081470023243 1.0600000000000005
      vertex 90.56686208616613 -60.365558106456476 0
    endloop
  endfacet
  facet normal -0.04673026728228583 0.7129661033321999 -0.6996396341110364
    outer loop
      vertex 90 -59.4 1.0600000000000005
      vertex 90.15010512105306 -59.39016159057988 1.0600000000000005
      vertex 90.28587675838102 -60.42144956320516 0
    endloop
  endfacet
  facet normal -0.5371864553042923 0.4710998775404101 -0.6996396341110329
    outer loop
      vertex 90.91235634133493 -58.95007564336003 1.0600000000000005
      vertex 91.73759210558178 -59.58330131671209 0
      vertex 90.81317279836453 -59.063172798364526 1.0600000000000005
    endloop
  endfacet
  facet normal -0.47109987754037547 0.5371864553043203 -0.6996396341110349
    outer loop
      vertex 90.70007564336002 -59.16235634133492 1.0600000000000005
      vertex 90.81317279836453 -59.063172798364526 1.0600000000000005
      vertex 91.54869602029035 -59.79869602029034 0
    endloop
  endfacet
  facet normal -0.22966717809226925 0.6765776893218596 -0.699639634111038
    outer loop
      vertex 90.2976419018679 -59.36081470023243 1.0600000000000005
      vertex 90.44008594721986 -59.31246146238798 1.0600000000000005
      vertex 90.83814824649308 -60.273468863962805 0
    endloop
  endfacet
  facet normal -0.31601345307401596 0.6408118911640251 -0.6996396341110346
    outer loop
      vertex 90.44008594721986 -59.31246146238798 1.0600000000000005
      vertex 90.575 -59.2459292143521 1.0600000000000005
      vertex 91.09509345794392 -60.146757508195165 0
    endloop
  endfacet
  facet normal -0.3969526502582042 0.5940816238817384 -0.6996396341110362
    outer loop
      vertex 90.70007564336002 -59.16235634133492 1.0600000000000005
      vertex 91.33330131671208 -59.98759210558178 0
      vertex 90.575 -59.2459292143521 1.0600000000000005
    endloop
  endfacet
  facet normal -0.5940816238817609 0.39695265025816295 -0.6996396341110406
    outer loop
      vertex 90.91235634133493 -58.95007564336003 1.0600000000000005
      vertex 90.9959292143521 -58.825 1.0600000000000005
      vertex 91.89675750819518 -59.345093457943925 0
    endloop
  endfacet
  facet normal 0.31601345307403234 0.6408118911640163 -0.6996396341110352
    outer loop
      vertex 89.425 -59.2459292143521 1.0600000000000005
      vertex 89.16185175350692 -60.273468863962805 0
      vertex 88.90490654205608 -60.146757508195165 0
    endloop
  endfacet
  facet normal 0.2296671780922382 0.6765776893218713 -0.6996396341110369
    outer loop
      vertex 89.55991405278014 -59.31246146238798 1.0600000000000005
      vertex 89.43313791383387 -60.365558106456476 0
      vertex 89.16185175350692 -60.273468863962805 0
    endloop
  endfacet
  facet normal 0.1393912340175569 0.7007670556326409 -0.6996396341110342
    outer loop
      vertex 89.7023580981321 -59.36081470023243 1.0600000000000005
      vertex 89.71412324161898 -60.42144956320516 0
      vertex 89.43313791383387 -60.365558106456476 0
    endloop
  endfacet
  facet normal 0.04673026728229025 0.7129661033321996 -0.6996396341110365
    outer loop
      vertex 89.84989487894694 -59.39016159057988 1.0600000000000005
      vertex 90 -60.44018691588785 0
      vertex 89.71412324161898 -60.42144956320516 0
    endloop
  endfacet
  facet normal -0.04673026728229025 0.7129661033321992 -0.6996396341110368
    outer loop
      vertex 90 -59.4 1.0600000000000005
      vertex 90.28587675838102 -60.42144956320516 0
      vertex 90 -60.44018691588785 0
    endloop
  endfacet
  facet normal -0.13939123401755626 0.7007670556326389 -0.6996396341110365
    outer loop
      vertex 90.15010512105306 -59.39016159057988 1.0600000000000005
      vertex 90.56686208616613 -60.365558106456476 0
      vertex 90.28587675838102 -60.42144956320516 0
    endloop
  endfacet
  facet normal -0.3160134530740315 0.6408118911640152 -0.6996396341110367
    outer loop
      vertex 90.44008594721986 -59.31246146238798 1.0600000000000005
      vertex 91.09509345794392 -60.146757508195165 0
      vertex 90.83814824649308 -60.273468863962805 0
    endloop
  endfacet
  facet normal -0.39695265025818927 0.5940816238817508 -0.6996396341110341
    outer loop
      vertex 90.575 -59.2459292143521 1.0600000000000005
      vertex 91.33330131671208 -59.98759210558178 0
      vertex 91.09509345794392 -60.146757508195165 0
    endloop
  endfacet
  facet normal -0.594081623881734 0.3969526502582136 -0.6996396341110345
    outer loop
      vertex 90.91235634133493 -58.95007564336003 1.0600000000000005
      vertex 91.89675750819518 -59.345093457943925 0
      vertex 91.73759210558178 -59.58330131671209 0
    endloop
  endfacet
  facet normal -0.6408118911640488 0.3160134530739603 -0.699639634111038
    outer loop
      vertex 90.9959292143521 -58.825 1.0600000000000005
      vertex 92.02346886396279 -59.08814824649307 0
      vertex 91.89675750819518 -59.345093457943925 0
    endloop
  endfacet
  facet normal -0.5371864553043069 0.4710998775403899 -0.6996396341110355
    outer loop
      vertex 90.81317279836453 -59.063172798364526 1.0600000000000005
      vertex 91.73759210558178 -59.58330131671209 0
      vertex 91.54869602029035 -59.79869602029034 0
    endloop
  endfacet
  facet normal -0.471099877540382 0.5371864553043132 -0.6996396341110358
    outer loop
      vertex 90.70007564336002 -59.16235634133492 1.0600000000000005
      vertex 91.54869602029035 -59.79869602029034 0
      vertex 91.33330131671208 -59.98759210558178 0
    endloop
  endfacet
  facet normal -0.22966717809223855 0.6765776893218736 -0.6996396341110346
    outer loop
      vertex 90.2976419018679 -59.36081470023243 1.0600000000000005
      vertex 90.83814824649308 -60.273468863962805 0
      vertex 90.56686208616613 -60.365558106456476 0
    endloop
  endfacet
  facet normal 0.5555702330196288 -0.8314696123025276 0
    outer loop
      vertex -90.70007564336002 3.4123563413349203 1.0600000000000005
      vertex -90.575 3.4959292143521044 2
      vertex -90.70007564336002 3.4123563413349203 2
    endloop
  endfacet
  facet normal 0.44228869021899964 -0.896872741532689 0
    outer loop
      vertex -90.575 3.4959292143521044 1.0600000000000005
      vertex -90.44008594721986 3.5624614623879793 2
      vertex -90.575 3.4959292143521044 2
    endloop
  endfacet
  facet normal 0.7518398074789671 -0.6593458151000806 0
    outer loop
      vertex -90.91235634133493 3.200075643360029 1.0600000000000005
      vertex -90.81317279836453 3.31317279836453 2
      vertex -90.91235634133493 3.200075643360029 2
    endloop
  endfacet
  facet normal 0.8968727415326663 -0.44228869021904604 0
    outer loop
      vertex -91.06246146238799 2.940085947219853 1.0600000000000005
      vertex -90.9959292143521 3.075 2
      vertex -91.06246146238799 2.940085947219853 2
    endloop
  endfacet
  facet normal 0.8314696123025721 -0.555570233019562 0
    outer loop
      vertex -90.9959292143521 3.075 1.0600000000000005
      vertex -90.91235634133493 3.200075643360029 2
      vertex -90.9959292143521 3.075 2
    endloop
  endfacet
  facet normal 0.6593458151000365 -0.7518398074790057 0
    outer loop
      vertex -90.81317279836453 3.31317279836453 1.0600000000000005
      vertex -90.70007564336002 3.4123563413349203 2
      vertex -90.81317279836453 3.31317279836453 2
    endloop
  endfacet
  facet normal 0.9469301294951271 -0.32143946530309825 0
    outer loop
      vertex -91.11081470023242 2.797641901867899 1.0600000000000005
      vertex -91.06246146238799 2.940085947219853 2
      vertex -91.11081470023242 2.797641901867899 2
    endloop
  endfacet
  facet normal 0.9807852804032289 -0.19509032201613605 0
    outer loop
      vertex -91.14016159057988 2.650105121053059 1.0600000000000005
      vertex -91.11081470023242 2.797641901867899 2
      vertex -91.14016159057988 2.650105121053059 2
    endloop
  endfacet
  facet normal 0.9978589232385998 -0.06540312923019913 0
    outer loop
      vertex -91.15 2.5 1.0600000000000005
      vertex -91.14016159057988 2.650105121053059 2
      vertex -91.15 2.5 2
    endloop
  endfacet
  facet normal 0.9978589232385998 0.06540312923019913 0
    outer loop
      vertex -91.14016159057988 2.349894878946941 1.0600000000000005
      vertex -91.15 2.5 2
      vertex -91.14016159057988 2.349894878946941 2
    endloop
  endfacet
  facet normal 0.9807852804032289 0.19509032201613605 0
    outer loop
      vertex -91.11081470023242 2.202358098132101 1.0600000000000005
      vertex -91.14016159057988 2.349894878946941 2
      vertex -91.11081470023242 2.202358098132101 2
    endloop
  endfacet
  facet normal 0.9469301294951271 0.32143946530309825 0
    outer loop
      vertex -91.06246146238799 2.059914052780147 1.0600000000000005
      vertex -91.11081470023242 2.202358098132101 2
      vertex -91.06246146238799 2.059914052780147 2
    endloop
  endfacet
  facet normal 0.8968727415326659 0.44228869021904665 0
    outer loop
      vertex -90.9959292143521 1.925 1.0600000000000005
      vertex -91.06246146238799 2.059914052780147 2
      vertex -90.9959292143521 1.925 2
    endloop
  endfacet
  facet normal 0.3214394653031708 -0.9469301294951026 0
    outer loop
      vertex -90.44008594721986 3.5624614623879793 1.0600000000000005
      vertex -90.2976419018679 3.6108147002324285 2
      vertex -90.44008594721986 3.5624614623879793 2
    endloop
  endfacet
  facet normal 0.1950903220161196 -0.9807852804032322 0
    outer loop
      vertex -90.2976419018679 3.6108147002324285 1.0600000000000005
      vertex -90.15010512105306 3.640161590579882 2
      vertex -90.2976419018679 3.6108147002324285 2
    endloop
  endfacet
  facet normal 0.06540312923014328 -0.9978589232386035 0
    outer loop
      vertex -90.15010512105306 3.640161590579882 1.0600000000000005
      vertex -90 3.65 2
      vertex -90.15010512105306 3.640161590579882 2
    endloop
  endfacet
  facet normal -0.06540312923014328 -0.9978589232386035 0
    outer loop
      vertex -90 3.65 1.0600000000000005
      vertex -89.84989487894694 3.640161590579882 2
      vertex -90 3.65 2
    endloop
  endfacet
  facet normal -0.1950903220161196 -0.9807852804032322 0
    outer loop
      vertex -89.84989487894694 3.640161590579882 1.0600000000000005
      vertex -89.7023580981321 3.6108147002324285 2
      vertex -89.84989487894694 3.640161590579882 2
    endloop
  endfacet
  facet normal -0.3214394653031708 -0.9469301294951026 0
    outer loop
      vertex -89.7023580981321 3.6108147002324285 1.0600000000000005
      vertex -89.55991405278014 3.5624614623879793 2
      vertex -89.7023580981321 3.6108147002324285 2
    endloop
  endfacet
  facet normal -0.44228869021899964 -0.896872741532689 0
    outer loop
      vertex -89.55991405278014 3.5624614623879793 1.0600000000000005
      vertex -89.425 3.4959292143521044 2
      vertex -89.55991405278014 3.5624614623879793 2
    endloop
  endfacet
  facet normal -0.5555702330196288 -0.8314696123025276 0
    outer loop
      vertex -89.425 3.4959292143521044 1.0600000000000005
      vertex -89.29992435663998 3.4123563413349203 2
      vertex -89.425 3.4959292143521044 2
    endloop
  endfacet
  facet normal -0.6593458151000365 -0.7518398074790057 0
    outer loop
      vertex -89.29992435663998 3.4123563413349203 1.0600000000000005
      vertex -89.18682720163547 3.31317279836453 2
      vertex -89.29992435663998 3.4123563413349203 2
    endloop
  endfacet
  facet normal -0.7518398074789671 -0.6593458151000806 0
    outer loop
      vertex -89.18682720163547 3.31317279836453 1.0600000000000005
      vertex -89.08764365866507 3.200075643360029 2
      vertex -89.18682720163547 3.31317279836453 2
    endloop
  endfacet
  facet normal -0.8314696123025721 -0.555570233019562 0
    outer loop
      vertex -89.08764365866507 3.200075643360029 1.0600000000000005
      vertex -89.0040707856479 3.075 2
      vertex -89.08764365866507 3.200075643360029 2
    endloop
  endfacet
  facet normal -0.8968727415326663 -0.44228869021904604 0
    outer loop
      vertex -89.0040707856479 3.075 1.0600000000000005
      vertex -88.93753853761201 2.940085947219853 2
      vertex -89.0040707856479 3.075 2
    endloop
  endfacet
  facet normal 0.8314696123025725 0.5555702330195613 0
    outer loop
      vertex -90.91235634133493 1.7999243566399712 1.0600000000000005
      vertex -90.9959292143521 1.925 2
      vertex -90.91235634133493 1.7999243566399712 2
    endloop
  endfacet
  facet normal 0.7518398074789664 0.6593458151000814 0
    outer loop
      vertex -90.81317279836453 1.6868272016354704 1.0600000000000005
      vertex -90.91235634133493 1.7999243566399712 2
      vertex -90.81317279836453 1.6868272016354704 2
    endloop
  endfacet
  facet normal 0.6593458151000373 0.751839807479005 0
    outer loop
      vertex -90.70007564336002 1.5876436586650797 1.0600000000000005
      vertex -90.81317279836453 1.6868272016354704 2
      vertex -90.70007564336002 1.5876436586650797 2
    endloop
  endfacet
  facet normal 0.5555702330196288 0.8314696123025276 0
    outer loop
      vertex -90.575 1.5040707856478956 1.0600000000000005
      vertex -90.70007564336002 1.5876436586650797 2
      vertex -90.575 1.5040707856478956 2
    endloop
  endfacet
  facet normal 0.44228869021900086 0.8968727415326886 0
    outer loop
      vertex -90.44008594721986 1.4375385376120204 1.0600000000000005
      vertex -90.575 1.5040707856478956 2
      vertex -90.44008594721986 1.4375385376120204 2
    endloop
  endfacet
  facet normal 0.3214394653031694 0.946930129495103 0
    outer loop
      vertex -90.2976419018679 1.3891852997675715 1.0600000000000005
      vertex -90.44008594721986 1.4375385376120204 2
      vertex -90.2976419018679 1.3891852997675715 2
    endloop
  endfacet
  facet normal 0.1950903220161196 0.9807852804032322 0
    outer loop
      vertex -90.15010512105306 1.3598384094201181 1.0600000000000005
      vertex -90.2976419018679 1.3891852997675715 2
      vertex -90.15010512105306 1.3598384094201181 2
    endloop
  endfacet
  facet normal 0.06540312923014328 0.9978589232386035 0
    outer loop
      vertex -90 1.35 1.0600000000000005
      vertex -90.15010512105306 1.3598384094201181 2
      vertex -90 1.35 2
    endloop
  endfacet
  facet normal -0.06540312923014328 0.9978589232386035 0
    outer loop
      vertex -89.84989487894694 1.3598384094201181 1.0600000000000005
      vertex -90 1.35 2
      vertex -89.84989487894694 1.3598384094201181 2
    endloop
  endfacet
  facet normal -0.1950903220161196 0.9807852804032322 0
    outer loop
      vertex -89.7023580981321 1.3891852997675715 1.0600000000000005
      vertex -89.84989487894694 1.3598384094201181 2
      vertex -89.7023580981321 1.3891852997675715 2
    endloop
  endfacet
  facet normal -0.5555702330196288 0.8314696123025276 0
    outer loop
      vertex -89.29992435663998 1.5876436586650797 1.0600000000000005
      vertex -89.425 1.5040707856478956 2
      vertex -89.29992435663998 1.5876436586650797 2
    endloop
  endfacet
  facet normal -0.44228869021900086 0.8968727415326886 0
    outer loop
      vertex -89.425 1.5040707856478956 1.0600000000000005
      vertex -89.55991405278014 1.4375385376120204 2
      vertex -89.425 1.5040707856478956 2
    endloop
  endfacet
  facet normal -0.8314696123025725 0.5555702330195613 0
    outer loop
      vertex -89.0040707856479 1.925 1.0600000000000005
      vertex -89.08764365866507 1.7999243566399712 2
      vertex -89.0040707856479 1.925 2
    endloop
  endfacet
  facet normal -0.7518398074789664 0.6593458151000814 0
    outer loop
      vertex -89.08764365866507 1.7999243566399712 1.0600000000000005
      vertex -89.18682720163547 1.6868272016354704 2
      vertex -89.08764365866507 1.7999243566399712 2
    endloop
  endfacet
  facet normal -0.6593458151000373 0.751839807479005 0
    outer loop
      vertex -89.18682720163547 1.6868272016354704 1.0600000000000005
      vertex -89.29992435663998 1.5876436586650797 2
      vertex -89.18682720163547 1.6868272016354704 2
    endloop
  endfacet
  facet normal -0.3214394653031694 0.946930129495103 0
    outer loop
      vertex -89.55991405278014 1.4375385376120204 1.0600000000000005
      vertex -89.7023580981321 1.3891852997675715 2
      vertex -89.55991405278014 1.4375385376120204 2
    endloop
  endfacet
  facet normal -0.9469301294951271 -0.32143946530309825 0
    outer loop
      vertex -88.93753853761201 2.940085947219853 1.0600000000000005
      vertex -88.88918529976758 2.797641901867899 2
      vertex -88.93753853761201 2.940085947219853 2
    endloop
  endfacet
  facet normal -0.9807852804032289 -0.19509032201613605 0
    outer loop
      vertex -88.88918529976758 2.797641901867899 1.0600000000000005
      vertex -88.85983840942012 2.650105121053059 2
      vertex -88.88918529976758 2.797641901867899 2
    endloop
  endfacet
  facet normal -0.9978589232385998 -0.06540312923019913 0
    outer loop
      vertex -88.85983840942012 2.650105121053059 1.0600000000000005
      vertex -88.85 2.5 2
      vertex -88.85983840942012 2.650105121053059 2
    endloop
  endfacet
  facet normal -0.9978589232385998 0.06540312923019913 0
    outer loop
      vertex -88.85 2.5 1.0600000000000005
      vertex -88.85983840942012 2.349894878946941 2
      vertex -88.85 2.5 2
    endloop
  endfacet
  facet normal -0.9807852804032289 0.19509032201613605 0
    outer loop
      vertex -88.85983840942012 2.349894878946941 1.0600000000000005
      vertex -88.88918529976758 2.202358098132101 2
      vertex -88.85983840942012 2.349894878946941 2
    endloop
  endfacet
  facet normal -0.9469301294951271 0.32143946530309825 0
    outer loop
      vertex -88.88918529976758 2.202358098132101 1.0600000000000005
      vertex -88.93753853761201 2.059914052780147 2
      vertex -88.88918529976758 2.202358098132101 2
    endloop
  endfacet
  facet normal -0.8968727415326659 0.44228869021904665 0
    outer loop
      vertex -88.93753853761201 2.059914052780147 1.0600000000000005
      vertex -89.0040707856479 1.925 2
      vertex -88.93753853761201 2.059914052780147 2
    endloop
  endfacet
  facet normal 0.5555702330196288 -0.8314696123025276 3.517197723736468e-18
    outer loop
      vertex -90.70007564336002 3.4123563413349203 1.0600000000000005
      vertex -90.575 3.4959292143521044 1.0600000000000005
      vertex -90.575 3.4959292143521044 2
    endloop
  endfacet
  facet normal 0.44228869021899964 -0.896872741532689 0
    outer loop
      vertex -90.44008594721986 3.5624614623879793 1.0600000000000005
      vertex -90.44008594721986 3.5624614623879793 2
      vertex -90.575 3.4959292143521044 1.0600000000000005
    endloop
  endfacet
  facet normal 0.7518398074789671 -0.6593458151000806 0
    outer loop
      vertex -90.81317279836453 3.31317279836453 1.0600000000000005
      vertex -90.81317279836453 3.31317279836453 2
      vertex -90.91235634133493 3.200075643360029 1.0600000000000005
    endloop
  endfacet
  facet normal 0.8968727415326663 -0.44228869021904604 0
    outer loop
      vertex -90.9959292143521 3.075 1.0600000000000005
      vertex -90.9959292143521 3.075 2
      vertex -91.06246146238799 2.940085947219853 1.0600000000000005
    endloop
  endfacet
  facet normal 0.8314696123025721 -0.555570233019562 0
    outer loop
      vertex -90.91235634133493 3.200075643360029 1.0600000000000005
      vertex -90.91235634133493 3.200075643360029 2
      vertex -90.9959292143521 3.075 1.0600000000000005
    endloop
  endfacet
  facet normal 0.6593458151000365 -0.7518398074790057 2.4648275554220544e-18
    outer loop
      vertex -90.81317279836453 3.31317279836453 1.0600000000000005
      vertex -90.70007564336002 3.4123563413349203 1.0600000000000005
      vertex -90.70007564336002 3.4123563413349203 2
    endloop
  endfacet
  facet normal 0.9469301294951271 -0.32143946530309825 0
    outer loop
      vertex -91.06246146238799 2.940085947219853 1.0600000000000005
      vertex -91.06246146238799 2.940085947219853 2
      vertex -91.11081470023242 2.797641901867899 1.0600000000000005
    endloop
  endfacet
  facet normal 0.9807852804032289 -0.19509032201613605 -1.5888192758232834e-18
    outer loop
      vertex -91.14016159057988 2.650105121053059 1.0600000000000005
      vertex -91.11081470023242 2.797641901867899 1.0600000000000005
      vertex -91.11081470023242 2.797641901867899 2
    endloop
  endfacet
  facet normal 0.9978589232385998 -0.06540312923019913 0
    outer loop
      vertex -91.14016159057988 2.650105121053059 1.0600000000000005
      vertex -91.14016159057988 2.650105121053059 2
      vertex -91.15 2.5 1.0600000000000005
    endloop
  endfacet
  facet normal 0.9978589232385998 0.06540312923019913 0
    outer loop
      vertex -91.15 2.5 1.0600000000000005
      vertex -91.15 2.5 2
      vertex -91.14016159057988 2.349894878946941 1.0600000000000005
    endloop
  endfacet
  facet normal 0.9807852804032289 0.19509032201613605 0
    outer loop
      vertex -91.14016159057988 2.349894878946941 1.0600000000000005
      vertex -91.14016159057988 2.349894878946941 2
      vertex -91.11081470023242 2.202358098132101 1.0600000000000005
    endloop
  endfacet
  facet normal 0.9469301294951271 0.32143946530309825 0
    outer loop
      vertex -91.11081470023242 2.202358098132101 1.0600000000000005
      vertex -91.11081470023242 2.202358098132101 2
      vertex -91.06246146238799 2.059914052780147 1.0600000000000005
    endloop
  endfacet
  facet normal 0.8968727415326659 0.44228869021904665 0
    outer loop
      vertex -91.06246146238799 2.059914052780147 1.0600000000000005
      vertex -91.06246146238799 2.059914052780147 2
      vertex -90.9959292143521 1.925 1.0600000000000005
    endloop
  endfacet
  facet normal 0.3214394653031708 -0.9469301294951026 2.5569157403768756e-18
    outer loop
      vertex -90.44008594721986 3.5624614623879793 1.0600000000000005
      vertex -90.2976419018679 3.6108147002324285 1.0600000000000005
      vertex -90.2976419018679 3.6108147002324285 2
    endloop
  endfacet
  facet normal 0.1950903220161196 -0.9807852804032322 2.9627225670699505e-18
    outer loop
      vertex -90.2976419018679 3.6108147002324285 1.0600000000000005
      vertex -90.15010512105306 3.640161590579882 1.0600000000000005
      vertex -90.15010512105306 3.640161590579882 2
    endloop
  endfacet
  facet normal 0.06540312923014328 -0.9978589232386035 -2.8333012756629235e-19
    outer loop
      vertex -90.15010512105306 3.640161590579882 1.0600000000000005
      vertex -90 3.65 1.0600000000000005
      vertex -90 3.65 2
    endloop
  endfacet
  facet normal -0.06540312923014328 -0.9978589232386035 2.8333012756629235e-19
    outer loop
      vertex -90 3.65 1.0600000000000005
      vertex -89.84989487894694 3.640161590579882 1.0600000000000005
      vertex -89.84989487894694 3.640161590579882 2
    endloop
  endfacet
  facet normal -0.1950903220161196 -0.9807852804032322 -2.9627225670699505e-18
    outer loop
      vertex -89.84989487894694 3.640161590579882 1.0600000000000005
      vertex -89.7023580981321 3.6108147002324285 1.0600000000000005
      vertex -89.7023580981321 3.6108147002324285 2
    endloop
  endfacet
  facet normal -0.3214394653031708 -0.9469301294951026 -2.5569157403768756e-18
    outer loop
      vertex -89.7023580981321 3.6108147002324285 1.0600000000000005
      vertex -89.55991405278014 3.5624614623879793 1.0600000000000005
      vertex -89.55991405278014 3.5624614623879793 2
    endloop
  endfacet
  facet normal -0.44228869021899964 -0.896872741532689 5.516594374081082e-18
    outer loop
      vertex -89.55991405278014 3.5624614623879793 1.0600000000000005
      vertex -89.425 3.4959292143521044 1.0600000000000005
      vertex -89.425 3.4959292143521044 2
    endloop
  endfacet
  facet normal -0.5555702330196288 -0.8314696123025276 -3.517197723736468e-18
    outer loop
      vertex -89.425 3.4959292143521044 1.0600000000000005
      vertex -89.29992435663998 3.4123563413349203 1.0600000000000005
      vertex -89.29992435663998 3.4123563413349203 2
    endloop
  endfacet
  facet normal -0.6593458151000365 -0.7518398074790057 -2.4648275554220544e-18
    outer loop
      vertex -89.29992435663998 3.4123563413349203 1.0600000000000005
      vertex -89.18682720163547 3.31317279836453 1.0600000000000005
      vertex -89.18682720163547 3.31317279836453 2
    endloop
  endfacet
  facet normal -0.7518398074789671 -0.6593458151000806 4.745770821451768e-18
    outer loop
      vertex -89.18682720163547 3.31317279836453 1.0600000000000005
      vertex -89.08764365866507 3.200075643360029 1.0600000000000005
      vertex -89.08764365866507 3.200075643360029 2
    endloop
  endfacet
  facet normal -0.8314696123025721 -0.555570233019562 -4.880920056537534e-18
    outer loop
      vertex -89.08764365866507 3.200075643360029 1.0600000000000005
      vertex -89.0040707856479 3.075 1.0600000000000005
      vertex -89.0040707856479 3.075 2
    endloop
  endfacet
  facet normal -0.8968727415326659 0.44228869021904665 0
    outer loop
      vertex -89.0040707856479 1.925 1.0600000000000005
      vertex -89.0040707856479 1.925 2
      vertex -88.93753853761201 2.059914052780147 1.0600000000000005
    endloop
  endfacet
  facet normal 0.8314696123025725 0.5555702330195613 0
    outer loop
      vertex -90.9959292143521 1.925 1.0600000000000005
      vertex -90.9959292143521 1.925 2
      vertex -90.91235634133493 1.7999243566399712 1.0600000000000005
    endloop
  endfacet
  facet normal 0.7518398074789664 0.6593458151000814 0
    outer loop
      vertex -90.91235634133493 1.7999243566399712 1.0600000000000005
      vertex -90.91235634133493 1.7999243566399712 2
      vertex -90.81317279836453 1.6868272016354704 1.0600000000000005
    endloop
  endfacet
  facet normal 0.6593458151000373 0.751839807479005 0
    outer loop
      vertex -90.81317279836453 1.6868272016354704 1.0600000000000005
      vertex -90.81317279836453 1.6868272016354704 2
      vertex -90.70007564336002 1.5876436586650797 1.0600000000000005
    endloop
  endfacet
  facet normal 0.5555702330196288 0.8314696123025276 0
    outer loop
      vertex -90.70007564336002 1.5876436586650797 1.0600000000000005
      vertex -90.70007564336002 1.5876436586650797 2
      vertex -90.575 1.5040707856478956 1.0600000000000005
    endloop
  endfacet
  facet normal 0.44228869021900086 0.8968727415326886 0
    outer loop
      vertex -90.575 1.5040707856478956 1.0600000000000005
      vertex -90.575 1.5040707856478956 2
      vertex -90.44008594721986 1.4375385376120204 1.0600000000000005
    endloop
  endfacet
  facet normal 0.3214394653031694 0.946930129495103 0
    outer loop
      vertex -90.44008594721986 1.4375385376120204 1.0600000000000005
      vertex -90.44008594721986 1.4375385376120204 2
      vertex -90.2976419018679 1.3891852997675715 1.0600000000000005
    endloop
  endfacet
  facet normal 0.1950903220161196 0.9807852804032322 0
    outer loop
      vertex -90.2976419018679 1.3891852997675715 1.0600000000000005
      vertex -90.2976419018679 1.3891852997675715 2
      vertex -90.15010512105306 1.3598384094201181 1.0600000000000005
    endloop
  endfacet
  facet normal 0.06540312923014328 0.9978589232386035 0
    outer loop
      vertex -90.15010512105306 1.3598384094201181 1.0600000000000005
      vertex -90.15010512105306 1.3598384094201181 2
      vertex -90 1.35 1.0600000000000005
    endloop
  endfacet
  facet normal -0.06540312923014328 0.9978589232386035 0
    outer loop
      vertex -90 1.35 1.0600000000000005
      vertex -90 1.35 2
      vertex -89.84989487894694 1.3598384094201181 1.0600000000000005
    endloop
  endfacet
  facet normal -0.1950903220161196 0.9807852804032322 2.9627225670699505e-18
    outer loop
      vertex -89.7023580981321 1.3891852997675715 1.0600000000000005
      vertex -89.84989487894694 1.3598384094201181 1.0600000000000005
      vertex -89.84989487894694 1.3598384094201181 2
    endloop
  endfacet
  facet normal -0.5555702330196288 0.8314696123025276 0
    outer loop
      vertex -89.425 1.5040707856478956 1.0600000000000005
      vertex -89.425 1.5040707856478956 2
      vertex -89.29992435663998 1.5876436586650797 1.0600000000000005
    endloop
  endfacet
  facet normal -0.7518398074789664 0.6593458151000814 0
    outer loop
      vertex -89.18682720163547 1.6868272016354704 1.0600000000000005
      vertex -89.18682720163547 1.6868272016354704 2
      vertex -89.08764365866507 1.7999243566399712 1.0600000000000005
    endloop
  endfacet
  facet normal -0.8314696123025725 0.5555702330195613 1.1677174287760179e-18
    outer loop
      vertex -89.0040707856479 1.925 1.0600000000000005
      vertex -89.08764365866507 1.7999243566399712 1.0600000000000005
      vertex -89.08764365866507 1.7999243566399712 2
    endloop
  endfacet
  facet normal -0.6593458151000373 0.751839807479005 -3.958291141954103e-18
    outer loop
      vertex -89.18682720163547 1.6868272016354704 1.0600000000000005
      vertex -89.29992435663998 1.5876436586650797 1.0600000000000005
      vertex -89.29992435663998 1.5876436586650797 2
    endloop
  endfacet
  facet normal -0.3214394653031694 0.946930129495103 0
    outer loop
      vertex -89.7023580981321 1.3891852997675715 1.0600000000000005
      vertex -89.7023580981321 1.3891852997675715 2
      vertex -89.55991405278014 1.4375385376120204 1.0600000000000005
    endloop
  endfacet
  facet normal -0.44228869021900086 0.8968727415326886 0
    outer loop
      vertex -89.55991405278014 1.4375385376120204 1.0600000000000005
      vertex -89.55991405278014 1.4375385376120204 2
      vertex -89.425 1.5040707856478956 1.0600000000000005
    endloop
  endfacet
  facet normal -0.8968727415326663 -0.44228869021904604 -4.202236364861336e-18
    outer loop
      vertex -89.0040707856479 3.075 1.0600000000000005
      vertex -88.93753853761201 2.940085947219853 1.0600000000000005
      vertex -88.93753853761201 2.940085947219853 2
    endloop
  endfacet
  facet normal -0.9469301294951271 -0.32143946530309825 -2.644165780169334e-18
    outer loop
      vertex -88.93753853761201 2.940085947219853 1.0600000000000005
      vertex -88.88918529976758 2.797641901867899 1.0600000000000005
      vertex -88.88918529976758 2.797641901867899 2
    endloop
  endfacet
  facet normal -0.9807852804032289 -0.19509032201613605 1.5888192758232834e-18
    outer loop
      vertex -88.88918529976758 2.797641901867899 1.0600000000000005
      vertex -88.85983840942012 2.650105121053059 1.0600000000000005
      vertex -88.85983840942012 2.650105121053059 2
    endloop
  endfacet
  facet normal -0.9978589232385998 -0.06540312923019913 4.512946220247065e-19
    outer loop
      vertex -88.85983840942012 2.650105121053059 1.0600000000000005
      vertex -88.85 2.5 1.0600000000000005
      vertex -88.85 2.5 2
    endloop
  endfacet
  facet normal -0.9978589232385998 0.06540312923019913 -4.512946220247065e-19
    outer loop
      vertex -88.85 2.5 1.0600000000000005
      vertex -88.85983840942012 2.349894878946941 1.0600000000000005
      vertex -88.85983840942012 2.349894878946941 2
    endloop
  endfacet
  facet normal -0.9807852804032289 0.19509032201613605 -1.5888192758232834e-18
    outer loop
      vertex -88.85983840942012 2.349894878946941 1.0600000000000005
      vertex -88.88918529976758 2.202358098132101 1.0600000000000005
      vertex -88.88918529976758 2.202358098132101 2
    endloop
  endfacet
  facet normal -0.9469301294951271 0.32143946530309825 2.644165780169334e-18
    outer loop
      vertex -88.88918529976758 2.202358098132101 1.0600000000000005
      vertex -88.93753853761201 2.059914052780147 1.0600000000000005
      vertex -88.93753853761201 2.059914052780147 2
    endloop
  endfacet
  facet normal 0.13939123401755443 -0.7007670556326397 -0.6996396341110359
    outer loop
      vertex -90.2976419018679 3.6108147002324285 1.0600000000000005
      vertex -90.56686208616613 4.6155581064564775 0
      vertex -90.15010512105306 3.640161590579882 1.0600000000000005
    endloop
  endfacet
  facet normal 0.04673026728227953 -0.7129661033322002 -0.6996396341110365
    outer loop
      vertex -90.15010512105306 3.640161590579882 1.0600000000000005
      vertex -90.28587675838102 4.671449563205162 0
      vertex -90 3.65 1.0600000000000005
    endloop
  endfacet
  facet normal -0.04673026728227953 -0.7129661033322002 -0.6996396341110364
    outer loop
      vertex -90 3.65 1.0600000000000005
      vertex -90 4.690186915887849 0
      vertex -89.84989487894694 3.640161590579882 1.0600000000000005
    endloop
  endfacet
  facet normal -0.13939123401755427 -0.700767055632639 -0.6996396341110368
    outer loop
      vertex -89.84989487894694 3.640161590579882 1.0600000000000005
      vertex -89.71412324161898 4.671449563205162 0
      vertex -89.7023580981321 3.6108147002324285 1.0600000000000005
    endloop
  endfacet
  facet normal 0.39695265025819365 -0.5940816238817473 -0.6996396341110345
    outer loop
      vertex -90.575 3.4959292143521044 1.0600000000000005
      vertex -91.33330131671208 4.237592105581784 0
      vertex -91.09509345794392 4.396757508195169 0
    endloop
  endfacet
  facet normal 0.22966717809224838 -0.6765776893218689 -0.6996396341110357
    outer loop
      vertex -90.2976419018679 3.6108147002324285 1.0600000000000005
      vertex -90.83814824649308 4.523468863962802 0
      vertex -90.56686208616613 4.6155581064564775 0
    endloop
  endfacet
  facet normal 0.3160134530740196 -0.6408118911640216 -0.6996396341110361
    outer loop
      vertex -90.44008594721986 3.5624614623879793 1.0600000000000005
      vertex -91.09509345794392 4.396757508195169 0
      vertex -90.83814824649308 4.523468863962802 0
    endloop
  endfacet
  facet normal 0.13939123401756034 -0.7007670556326379 -0.6996396341110366
    outer loop
      vertex -90.15010512105306 3.640161590579882 1.0600000000000005
      vertex -90.56686208616613 4.6155581064564775 0
      vertex -90.28587675838102 4.671449563205162 0
    endloop
  endfacet
  facet normal 0.046730267282279046 -0.7129661033322003 -0.6996396341110364
    outer loop
      vertex -90 3.65 1.0600000000000005
      vertex -90.28587675838102 4.671449563205162 0
      vertex -90 4.690186915887849 0
    endloop
  endfacet
  facet normal -0.04673026728227936 -0.7129661033322003 -0.6996396341110364
    outer loop
      vertex -89.84989487894694 3.640161590579882 1.0600000000000005
      vertex -90 4.690186915887849 0
      vertex -89.71412324161898 4.671449563205162 0
    endloop
  endfacet
  facet normal -0.13939123401756046 -0.7007670556326383 -0.6996396341110361
    outer loop
      vertex -89.7023580981321 3.6108147002324285 1.0600000000000005
      vertex -89.71412324161898 4.671449563205162 0
      vertex -89.43313791383387 4.6155581064564775 0
    endloop
  endfacet
  facet normal -0.2296671780922479 -0.6765776893218685 -0.6996396341110365
    outer loop
      vertex -89.55991405278014 3.5624614623879793 1.0600000000000005
      vertex -89.43313791383387 4.6155581064564775 0
      vertex -89.16185175350692 4.523468863962802 0
    endloop
  endfacet
  facet normal -0.3160134530740198 -0.6408118911640224 -0.6996396341110352
    outer loop
      vertex -89.425 3.4959292143521044 1.0600000000000005
      vertex -89.16185175350692 4.523468863962802 0
      vertex -88.90490654205608 4.396757508195169 0
    endloop
  endfacet
  facet normal 0.5940816238817623 -0.39695265025815973 -0.699639634111041
    outer loop
      vertex -90.91235634133493 3.200075643360029 1.0600000000000005
      vertex -90.9959292143521 3.075 1.0600000000000005
      vertex -91.89675750819518 3.5950934579439244 0
    endloop
  endfacet
  facet normal 0.6408118911640167 -0.31601345307404444 -0.6996396341110294
    outer loop
      vertex -90.9959292143521 3.075 1.0600000000000005
      vertex -91.06246146238799 2.940085947219853 1.0600000000000005
      vertex -92.02346886396279 3.3381482464930725 0
    endloop
  endfacet
  facet normal 0.39695265025820975 -0.5940816238817341 -0.6996396341110367
    outer loop
      vertex -90.70007564336002 3.4123563413349203 1.0600000000000005
      vertex -91.33330131671208 4.237592105581784 0
      vertex -90.575 3.4959292143521044 1.0600000000000005
    endloop
  endfacet
  facet normal 0.47109987754036575 -0.5371864553043284 -0.6996396341110351
    outer loop
      vertex -90.81317279836453 3.31317279836453 1.0600000000000005
      vertex -91.54869602029035 4.0486960202903495 0
      vertex -90.70007564336002 3.4123563413349203 1.0600000000000005
    endloop
  endfacet
  facet normal 0.5371864553043016 -0.47109987754039795 -0.6996396341110342
    outer loop
      vertex -90.81317279836453 3.31317279836453 1.0600000000000005
      vertex -90.91235634133493 3.200075643360029 1.0600000000000005
      vertex -91.73759210558178 3.83330131671209 0
    endloop
  endfacet
  facet normal 0.31601345307400897 -0.6408118911640281 -0.6996396341110349
    outer loop
      vertex -90.44008594721986 3.5624614623879793 1.0600000000000005
      vertex -90.575 3.4959292143521044 1.0600000000000005
      vertex -91.09509345794392 4.396757508195169 0
    endloop
  endfacet
  facet normal 0.22966717809225645 -0.6765776893218653 -0.6996396341110367
    outer loop
      vertex -90.44008594721986 3.5624614623879793 1.0600000000000005
      vertex -90.83814824649308 4.523468863962802 0
      vertex -90.2976419018679 3.6108147002324285 1.0600000000000005
    endloop
  endfacet
  facet normal 0.6765776893218807 -0.2296671780922039 -0.6996396341110389
    outer loop
      vertex -91.06246146238799 2.940085947219853 1.0600000000000005
      vertex -91.11081470023242 2.797641901867899 1.0600000000000005
      vertex -92.11555810645648 3.066862086166128 0
    endloop
  endfacet
  facet normal 0.7007670556326374 -0.13939123401756615 -0.6996396341110359
    outer loop
      vertex -91.14016159057988 2.650105121053059 1.0600000000000005
      vertex -92.17144956320516 2.78587675838102 0
      vertex -91.11081470023242 2.797641901867899 1.0600000000000005
    endloop
  endfacet
  facet normal 0.7129661033322007 -0.04673026728231963 -0.6996396341110335
    outer loop
      vertex -91.14016159057988 2.650105121053059 1.0600000000000005
      vertex -91.15 2.5 1.0600000000000005
      vertex -92.19018691588785 2.5 0
    endloop
  endfacet
  facet normal 0.7129661033321968 0.046730267282319375 -0.6996396341110375
    outer loop
      vertex -91.15 2.5 1.0600000000000005
      vertex -91.14016159057988 2.349894878946941 1.0600000000000005
      vertex -92.17144956320516 2.21412324161898 0
    endloop
  endfacet
  facet normal 0.7007670556326357 0.13939123401756584 -0.6996396341110377
    outer loop
      vertex -91.14016159057988 2.349894878946941 1.0600000000000005
      vertex -91.11081470023242 2.202358098132101 1.0600000000000005
      vertex -92.11555810645648 1.933137913833872 0
    endloop
  endfacet
  facet normal 0.6765776893218903 0.22966717809220719 -0.6996396341110287
    outer loop
      vertex -91.11081470023242 2.202358098132101 1.0600000000000005
      vertex -91.06246146238799 2.059914052780147 1.0600000000000005
      vertex -92.02346886396279 1.6618517535069277 0
    endloop
  endfacet
  facet normal -0.22966717809225679 -0.6765776893218663 -0.6996396341110354
    outer loop
      vertex -89.7023580981321 3.6108147002324285 1.0600000000000005
      vertex -89.43313791383387 4.6155581064564775 0
      vertex -89.55991405278014 3.5624614623879793 1.0600000000000005
    endloop
  endfacet
  facet normal -0.31601345307400824 -0.6408118911640267 -0.6996396341110366
    outer loop
      vertex -89.55991405278014 3.5624614623879793 1.0600000000000005
      vertex -89.16185175350692 4.523468863962802 0
      vertex -89.425 3.4959292143521044 1.0600000000000005
    endloop
  endfacet
  facet normal -0.3969526502582113 -0.5940816238817364 -0.6996396341110338
    outer loop
      vertex -89.425 3.4959292143521044 1.0600000000000005
      vertex -88.90490654205608 4.396757508195169 0
      vertex -89.29992435663998 3.4123563413349203 1.0600000000000005
    endloop
  endfacet
  facet normal -0.4710998775403647 -0.5371864553043272 -0.6996396341110368
    outer loop
      vertex -89.29992435663998 3.4123563413349203 1.0600000000000005
      vertex -88.66669868328792 4.237592105581784 0
      vertex -89.18682720163547 3.31317279836453 1.0600000000000005
    endloop
  endfacet
  facet normal 0.6408118911640059 0.3160134530740396 -0.6996396341110414
    outer loop
      vertex -91.06246146238799 2.059914052780147 1.0600000000000005
      vertex -90.9959292143521 1.925 1.0600000000000005
      vertex -91.89675750819518 1.4049065420560753 0
    endloop
  endfacet
  facet normal 0.5940816238817692 0.3969526502581636 -0.699639634111033
    outer loop
      vertex -90.9959292143521 1.925 1.0600000000000005
      vertex -90.91235634133493 1.7999243566399712 1.0600000000000005
      vertex -91.73759210558178 1.1666986832879105 0
    endloop
  endfacet
  facet normal 0.5371864553042995 0.471099877540397 -0.6996396341110364
    outer loop
      vertex -90.91235634133493 1.7999243566399712 1.0600000000000005
      vertex -90.81317279836453 1.6868272016354704 1.0600000000000005
      vertex -91.54869602029035 0.9513039797096512 0
    endloop
  endfacet
  facet normal 0.47109987754036525 0.5371864553043266 -0.6996396341110369
    outer loop
      vertex -90.81317279836453 1.6868272016354704 1.0600000000000005
      vertex -90.70007564336002 1.5876436586650797 1.0600000000000005
      vertex -91.33330131671208 0.7624078944182163 0
    endloop
  endfacet
  facet normal 0.3969526502582113 0.5940816238817364 -0.6996396341110339
    outer loop
      vertex -90.70007564336002 1.5876436586650797 1.0600000000000005
      vertex -90.575 1.5040707856478956 1.0600000000000005
      vertex -91.09509345794392 0.6032424918048311 0
    endloop
  endfacet
  facet normal 0.316013453074009 0.6408118911640261 -0.6996396341110368
    outer loop
      vertex -90.575 1.5040707856478956 1.0600000000000005
      vertex -90.44008594721986 1.4375385376120204 1.0600000000000005
      vertex -90.83814824649308 0.47653113603719716 0
    endloop
  endfacet
  facet normal 0.2296671780922559 0.6765776893218669 -0.6996396341110354
    outer loop
      vertex -90.44008594721986 1.4375385376120204 1.0600000000000005
      vertex -90.2976419018679 1.3891852997675715 1.0600000000000005
      vertex -90.56686208616613 0.384441893543523 0
    endloop
  endfacet
  facet normal 0.13939123401755424 0.7007670556326389 -0.6996396341110368
    outer loop
      vertex -90.2976419018679 1.3891852997675715 1.0600000000000005
      vertex -90.15010512105306 1.3598384094201181 1.0600000000000005
      vertex -90.28587675838102 0.3285504367948383 0
    endloop
  endfacet
  facet normal 0.04673026728227953 0.7129661033322002 -0.6996396341110365
    outer loop
      vertex -90.15010512105306 1.3598384094201181 1.0600000000000005
      vertex -90 1.35 1.0600000000000005
      vertex -90 0.30981308411215086 0
    endloop
  endfacet
  facet normal -0.04673026728227953 0.7129661033322002 -0.6996396341110365
    outer loop
      vertex -90 1.35 1.0600000000000005
      vertex -89.84989487894694 1.3598384094201181 1.0600000000000005
      vertex -89.71412324161898 0.3285504367948383 0
    endloop
  endfacet
  facet normal -0.13939123401755443 0.7007670556326399 -0.6996396341110358
    outer loop
      vertex -89.7023580981321 1.3891852997675715 1.0600000000000005
      vertex -89.43313791383387 0.384441893543523 0
      vertex -89.84989487894694 1.3598384094201181 1.0600000000000005
    endloop
  endfacet
  facet normal -0.22966717809225543 0.6765776893218655 -0.6996396341110369
    outer loop
      vertex -89.7023580981321 1.3891852997675715 1.0600000000000005
      vertex -89.55991405278014 1.4375385376120204 1.0600000000000005
      vertex -89.16185175350692 0.47653113603719716 0
    endloop
  endfacet
  facet normal -0.47109987754036636 0.537186455304328 -0.699639634111035
    outer loop
      vertex -89.18682720163547 1.6868272016354704 1.0600000000000005
      vertex -88.45130397970965 0.9513039797096512 0
      vertex -89.29992435663998 1.5876436586650797 1.0600000000000005
    endloop
  endfacet
  facet normal -0.39695265025820975 0.594081623881734 -0.6996396341110367
    outer loop
      vertex -89.425 1.5040707856478956 1.0600000000000005
      vertex -89.29992435663998 1.5876436586650797 1.0600000000000005
      vertex -88.66669868328792 0.7624078944182163 0
    endloop
  endfacet
  facet normal -0.3160134530740098 0.6408118911640277 -0.699639634111035
    outer loop
      vertex -89.55991405278014 1.4375385376120204 1.0600000000000005
      vertex -89.425 1.5040707856478956 1.0600000000000005
      vertex -88.90490654205608 0.6032424918048311 0
    endloop
  endfacet
  facet normal 0.4710998775403741 -0.5371864553043195 -0.6996396341110365
    outer loop
      vertex -90.70007564336002 3.4123563413349203 1.0600000000000005
      vertex -91.54869602029035 4.0486960202903495 0
      vertex -91.33330131671208 4.237592105581784 0
    endloop
  endfacet
  facet normal 0.5371864553043112 -0.4710998775403842 -0.6996396341110359
    outer loop
      vertex -90.81317279836453 3.31317279836453 1.0600000000000005
      vertex -91.73759210558178 3.83330131671209 0
      vertex -91.54869602029035 4.0486960202903495 0
    endloop
  endfacet
  facet normal 0.5940816238817354 -0.39695265025821075 -0.6996396341110348
    outer loop
      vertex -90.91235634133493 3.200075643360029 1.0600000000000005
      vertex -91.89675750819518 3.5950934579439244 0
      vertex -91.73759210558178 3.83330131671209 0
    endloop
  endfacet
  facet normal 0.6408118911640469 -0.3160134530739631 -0.6996396341110385
    outer loop
      vertex -90.9959292143521 3.075 1.0600000000000005
      vertex -92.02346886396279 3.3381482464930725 0
      vertex -91.89675750819518 3.5950934579439244 0
    endloop
  endfacet
  facet normal 0.6765776893218642 -0.22966717809227674 -0.6996396341110311
    outer loop
      vertex -91.06246146238799 2.940085947219853 1.0600000000000005
      vertex -92.11555810645648 3.066862086166128 0
      vertex -92.02346886396279 3.3381482464930725 0
    endloop
  endfacet
  facet normal 0.7007670556326384 -0.13939123401755382 -0.6996396341110372
    outer loop
      vertex -91.11081470023242 2.797641901867899 1.0600000000000005
      vertex -92.17144956320516 2.78587675838102 0
      vertex -92.11555810645648 3.066862086166128 0
    endloop
  endfacet
  facet normal 0.7129661033321996 -0.046730267282290586 -0.6996396341110364
    outer loop
      vertex -91.14016159057988 2.650105121053059 1.0600000000000005
      vertex -92.19018691588785 2.5 0
      vertex -92.17144956320516 2.78587675838102 0
    endloop
  endfacet
  facet normal 0.7129661033322017 0.046730267282290745 -0.6996396341110344
    outer loop
      vertex -91.15 2.5 1.0600000000000005
      vertex -92.17144956320516 2.21412324161898 0
      vertex -92.19018691588785 2.5 0
    endloop
  endfacet
  facet normal 0.7007670556326393 0.1393912340175542 -0.6996396341110364
    outer loop
      vertex -91.14016159057988 2.349894878946941 1.0600000000000005
      vertex -92.11555810645648 1.933137913833872 0
      vertex -92.17144956320516 2.21412324161898 0
    endloop
  endfacet
  facet normal 0.676577689321859 0.22966717809227544 -0.6996396341110366
    outer loop
      vertex -91.11081470023242 2.202358098132101 1.0600000000000005
      vertex -92.02346886396279 1.6618517535069277 0
      vertex -92.11555810645648 1.933137913833872 0
    endloop
  endfacet
  facet normal 0.6408118911640526 0.3160134530739652 -0.6996396341110324
    outer loop
      vertex -91.06246146238799 2.059914052780147 1.0600000000000005
      vertex -91.89675750819518 1.4049065420560753 0
      vertex -92.02346886396279 1.6618517535069277 0
    endloop
  endfacet
  facet normal 0.5940816238817316 0.39695265025820925 -0.6996396341110392
    outer loop
      vertex -90.9959292143521 1.925 1.0600000000000005
      vertex -91.73759210558178 1.1666986832879105 0
      vertex -91.89675750819518 1.4049065420560753 0
    endloop
  endfacet
  facet normal 0.5371864553043122 0.4710998775403853 -0.6996396341110344
    outer loop
      vertex -90.91235634133493 1.7999243566399712 1.0600000000000005
      vertex -91.54869602029035 0.9513039797096512 0
      vertex -91.73759210558178 1.1666986832879105 0
    endloop
  endfacet
  facet normal 0.47109987754037597 0.5371864553043192 -0.6996396341110355
    outer loop
      vertex -90.81317279836453 1.6868272016354704 1.0600000000000005
      vertex -91.33330131671208 0.7624078944182163 0
      vertex -91.54869602029035 0.9513039797096512 0
    endloop
  endfacet
  facet normal 0.39695265025819304 0.5940816238817459 -0.699639634111036
    outer loop
      vertex -90.70007564336002 1.5876436586650797 1.0600000000000005
      vertex -91.09509345794392 0.6032424918048311 0
      vertex -91.33330131671208 0.7624078944182163 0
    endloop
  endfacet
  facet normal 0.3160134530740211 0.6408118911640216 -0.6996396341110354
    outer loop
      vertex -90.575 1.5040707856478956 1.0600000000000005
      vertex -90.83814824649308 0.47653113603719716 0
      vertex -91.09509345794392 0.6032424918048311 0
    endloop
  endfacet
  facet normal 0.22966717809224502 0.6765776893218693 -0.6996396341110366
    outer loop
      vertex -90.44008594721986 1.4375385376120204 1.0600000000000005
      vertex -90.56686208616613 0.384441893543523 0
      vertex -90.83814824649308 0.47653113603719716 0
    endloop
  endfacet
  facet normal 0.13939123401756148 0.7007670556326382 -0.699639634111036
    outer loop
      vertex -90.2976419018679 1.3891852997675715 1.0600000000000005
      vertex -90.28587675838102 0.3285504367948383 0
      vertex -90.56686208616613 0.384441893543523 0
    endloop
  endfacet
  facet normal 0.04673026728227991 0.7129661033322003 -0.6996396341110365
    outer loop
      vertex -90.15010512105306 1.3598384094201181 1.0600000000000005
      vertex -90 0.30981308411215086 0
      vertex -90.28587675838102 0.3285504367948383 0
    endloop
  endfacet
  facet normal -0.04673026728227956 0.7129661033322003 -0.6996396341110365
    outer loop
      vertex -90 1.35 1.0600000000000005
      vertex -89.71412324161898 0.3285504367948383 0
      vertex -90 0.30981308411215086 0
    endloop
  endfacet
  facet normal -0.2296671780922455 0.67657768932187 -0.6996396341110357
    outer loop
      vertex -89.7023580981321 1.3891852997675715 1.0600000000000005
      vertex -89.16185175350692 0.47653113603719716 0
      vertex -89.43313791383387 0.384441893543523 0
    endloop
  endfacet
  facet normal -0.13939123401756143 0.7007670556326376 -0.6996396341110366
    outer loop
      vertex -89.84989487894694 1.3598384094201181 1.0600000000000005
      vertex -89.43313791383387 0.384441893543523 0
      vertex -89.71412324161898 0.3285504367948383 0
    endloop
  endfacet
  facet normal -0.3160134530740208 0.6408118911640208 -0.6996396341110362
    outer loop
      vertex -89.55991405278014 1.4375385376120204 1.0600000000000005
      vertex -88.90490654205608 0.6032424918048311 0
      vertex -89.16185175350692 0.47653113603719716 0
    endloop
  endfacet
  facet normal -0.3969526502581939 0.5940816238817472 -0.6996396341110346
    outer loop
      vertex -89.425 1.5040707856478956 1.0600000000000005
      vertex -88.66669868328792 0.7624078944182163 0
      vertex -88.90490654205608 0.6032424918048311 0
    endloop
  endfacet
  facet normal -0.39695265025819293 -0.5940816238817461 -0.6996396341110359
    outer loop
      vertex -89.29992435663998 3.4123563413349203 1.0600000000000005
      vertex -88.90490654205608 4.396757508195169 0
      vertex -88.66669868328792 4.237592105581784 0
    endloop
  endfacet
  facet normal -0.5371864553042999 -0.4710998775403964 -0.6996396341110364
    outer loop
      vertex -89.18682720163547 3.31317279836453 1.0600000000000005
      vertex -88.45130397970965 4.0486960202903495 0
      vertex -89.08764365866507 3.200075643360029 1.0600000000000005
    endloop
  endfacet
  facet normal -0.5940816238817688 -0.39695265025816406 -0.6996396341110331
    outer loop
      vertex -89.08764365866507 3.200075643360029 1.0600000000000005
      vertex -88.26240789441822 3.83330131671209 0
      vertex -89.0040707856479 3.075 1.0600000000000005
    endloop
  endfacet
  facet normal -0.6408118911640063 -0.3160134530740393 -0.6996396341110414
    outer loop
      vertex -89.0040707856479 3.075 1.0600000000000005
      vertex -88.10324249180482 3.5950934579439244 0
      vertex -88.93753853761201 2.940085947219853 1.0600000000000005
    endloop
  endfacet
  facet normal -0.6765776893218902 -0.22966717809220716 -0.6996396341110287
    outer loop
      vertex -88.93753853761201 2.940085947219853 1.0600000000000005
      vertex -87.97653113603721 3.3381482464930725 0
      vertex -88.88918529976758 2.797641901867899 1.0600000000000005
    endloop
  endfacet
  facet normal -0.7007670556326357 -0.13939123401756584 -0.6996396341110377
    outer loop
      vertex -88.88918529976758 2.797641901867899 1.0600000000000005
      vertex -87.88444189354352 3.066862086166128 0
      vertex -88.85983840942012 2.650105121053059 1.0600000000000005
    endloop
  endfacet
  facet normal -0.7129661033321968 -0.04673026728231938 -0.6996396341110375
    outer loop
      vertex -88.85983840942012 2.650105121053059 1.0600000000000005
      vertex -87.82855043679484 2.78587675838102 0
      vertex -88.85 2.5 1.0600000000000005
    endloop
  endfacet
  facet normal -0.7129661033322007 0.04673026728231963 -0.6996396341110335
    outer loop
      vertex -88.85 2.5 1.0600000000000005
      vertex -87.80981308411215 2.5 0
      vertex -88.85983840942012 2.349894878946941 1.0600000000000005
    endloop
  endfacet
  facet normal -0.7007670556326374 0.13939123401756615 -0.6996396341110359
    outer loop
      vertex -88.85983840942012 2.349894878946941 1.0600000000000005
      vertex -87.82855043679484 2.21412324161898 0
      vertex -88.88918529976758 2.202358098132101 1.0600000000000005
    endloop
  endfacet
  facet normal -0.6765776893218807 0.2296671780922039 -0.6996396341110389
    outer loop
      vertex -88.88918529976758 2.202358098132101 1.0600000000000005
      vertex -87.88444189354352 1.933137913833872 0
      vertex -88.93753853761201 2.059914052780147 1.0600000000000005
    endloop
  endfacet
  facet normal -0.6408118911640166 0.3160134530740448 -0.6996396341110294
    outer loop
      vertex -89.0040707856479 1.925 1.0600000000000005
      vertex -88.93753853761201 2.059914052780147 1.0600000000000005
      vertex -87.97653113603721 1.6618517535069277 0
    endloop
  endfacet
  facet normal -0.5371864553043012 0.4710998775403985 -0.699639634111034
    outer loop
      vertex -89.18682720163547 1.6868272016354704 1.0600000000000005
      vertex -89.08764365866507 1.7999243566399712 1.0600000000000005
      vertex -88.26240789441822 1.1666986832879105 0
    endloop
  endfacet
  facet normal -0.5940816238817627 0.39695265025815923 -0.6996396341110411
    outer loop
      vertex -89.0040707856479 1.925 1.0600000000000005
      vertex -88.10324249180482 1.4049065420560753 0
      vertex -89.08764365866507 1.7999243566399712 1.0600000000000005
    endloop
  endfacet
  facet normal -0.47109987754037486 -0.5371864553043201 -0.6996396341110355
    outer loop
      vertex -89.18682720163547 3.31317279836453 1.0600000000000005
      vertex -88.66669868328792 4.237592105581784 0
      vertex -88.45130397970965 4.0486960202903495 0
    endloop
  endfacet
  facet normal -0.5371864553043123 -0.47109987754038507 -0.6996396341110346
    outer loop
      vertex -89.08764365866507 3.200075643360029 1.0600000000000005
      vertex -88.45130397970965 4.0486960202903495 0
      vertex -88.26240789441822 3.83330131671209 0
    endloop
  endfacet
  facet normal -0.594081623881732 -0.3969526502582084 -0.699639634111039
    outer loop
      vertex -89.0040707856479 3.075 1.0600000000000005
      vertex -88.26240789441822 3.83330131671209 0
      vertex -88.10324249180482 3.5950934579439244 0
    endloop
  endfacet
  facet normal -0.6408118911640523 -0.31601345307396567 -0.6996396341110324
    outer loop
      vertex -88.93753853761201 2.940085947219853 1.0600000000000005
      vertex -88.10324249180482 3.5950934579439244 0
      vertex -87.97653113603721 3.3381482464930725 0
    endloop
  endfacet
  facet normal -0.676577689321859 -0.22966717809227521 -0.6996396341110365
    outer loop
      vertex -88.88918529976758 2.797641901867899 1.0600000000000005
      vertex -87.97653113603721 3.3381482464930725 0
      vertex -87.88444189354352 3.066862086166128 0
    endloop
  endfacet
  facet normal -0.7007670556326393 -0.1393912340175542 -0.6996396341110364
    outer loop
      vertex -88.85983840942012 2.650105121053059 1.0600000000000005
      vertex -87.88444189354352 3.066862086166128 0
      vertex -87.82855043679484 2.78587675838102 0
    endloop
  endfacet
  facet normal -0.7129661033322017 -0.046730267282290745 -0.6996396341110344
    outer loop
      vertex -88.85 2.5 1.0600000000000005
      vertex -87.82855043679484 2.78587675838102 0
      vertex -87.80981308411215 2.5 0
    endloop
  endfacet
  facet normal -0.7129661033321996 0.046730267282290586 -0.6996396341110364
    outer loop
      vertex -88.85983840942012 2.349894878946941 1.0600000000000005
      vertex -87.80981308411215 2.5 0
      vertex -87.82855043679484 2.21412324161898 0
    endloop
  endfacet
  facet normal -0.7007670556326384 0.13939123401755382 -0.6996396341110372
    outer loop
      vertex -88.88918529976758 2.202358098132101 1.0600000000000005
      vertex -87.82855043679484 2.21412324161898 0
      vertex -87.88444189354352 1.933137913833872 0
    endloop
  endfacet
  facet normal -0.6765776893218641 0.22966717809227688 -0.6996396341110311
    outer loop
      vertex -88.93753853761201 2.059914052780147 1.0600000000000005
      vertex -87.88444189354352 1.933137913833872 0
      vertex -87.97653113603721 1.6618517535069277 0
    endloop
  endfacet
  facet normal -0.640811891164047 0.31601345307396267 -0.6996396341110385
    outer loop
      vertex -89.0040707856479 1.925 1.0600000000000005
      vertex -87.97653113603721 1.6618517535069277 0
      vertex -88.10324249180482 1.4049065420560753 0
    endloop
  endfacet
  facet normal -0.5371864553043111 0.4710998775403845 -0.6996396341110357
    outer loop
      vertex -89.18682720163547 1.6868272016354704 1.0600000000000005
      vertex -88.26240789441822 1.1666986832879105 0
      vertex -88.45130397970965 0.9513039797096512 0
    endloop
  endfacet
  facet normal -0.4710998775403752 0.5371864553043185 -0.6996396341110365
    outer loop
      vertex -89.29992435663998 1.5876436586650797 1.0600000000000005
      vertex -88.45130397970965 0.9513039797096512 0
      vertex -88.66669868328792 0.7624078944182163 0
    endloop
  endfacet
  facet normal -0.5940816238817348 0.3969526502582116 -0.699639634111035
    outer loop
      vertex -89.08764365866507 1.7999243566399712 1.0600000000000005
      vertex -88.10324249180482 1.4049065420560753 0
      vertex -88.26240789441822 1.1666986832879105 0
    endloop
  endfacet
  facet normal 0.8968727415326663 -0.44228869021904604 0
    outer loop
      vertex 88.93753853761201 2.940085947219853 1.0600000000000005
      vertex 89.0040707856479 3.075 2
      vertex 88.93753853761201 2.940085947219853 2
    endloop
  endfacet
  facet normal 0.9469301294951271 -0.32143946530309825 0
    outer loop
      vertex 88.88918529976758 2.797641901867899 1.0600000000000005
      vertex 88.93753853761201 2.940085947219853 2
      vertex 88.88918529976758 2.797641901867899 2
    endloop
  endfacet
  facet normal 0.9807852804032289 -0.19509032201613605 0
    outer loop
      vertex 88.85983840942012 2.650105121053059 1.0600000000000005
      vertex 88.88918529976758 2.797641901867899 2
      vertex 88.85983840942012 2.650105121053059 2
    endloop
  endfacet
  facet normal 0.9978589232385998 -0.06540312923019913 0
    outer loop
      vertex 88.85 2.5 1.0600000000000005
      vertex 88.85983840942012 2.650105121053059 2
      vertex 88.85 2.5 2
    endloop
  endfacet
  facet normal 0.9978589232385998 0.06540312923019913 0
    outer loop
      vertex 88.85983840942012 2.349894878946941 1.0600000000000005
      vertex 88.85 2.5 2
      vertex 88.85983840942012 2.349894878946941 2
    endloop
  endfacet
  facet normal 0.9807852804032289 0.19509032201613605 0
    outer loop
      vertex 88.88918529976758 2.202358098132101 1.0600000000000005
      vertex 88.85983840942012 2.349894878946941 2
      vertex 88.88918529976758 2.202358098132101 2
    endloop
  endfacet
  facet normal 0.9469301294951271 0.32143946530309825 0
    outer loop
      vertex 88.93753853761201 2.059914052780147 1.0600000000000005
      vertex 88.88918529976758 2.202358098132101 2
      vertex 88.93753853761201 2.059914052780147 2
    endloop
  endfacet
  facet normal 0.44228869021899964 -0.896872741532689 0
    outer loop
      vertex 89.425 3.4959292143521044 1.0600000000000005
      vertex 89.55991405278014 3.5624614623879793 2
      vertex 89.425 3.4959292143521044 2
    endloop
  endfacet
  facet normal 0.5555702330196288 -0.8314696123025276 0
    outer loop
      vertex 89.29992435663998 3.4123563413349203 1.0600000000000005
      vertex 89.425 3.4959292143521044 2
      vertex 89.29992435663998 3.4123563413349203 2
    endloop
  endfacet
  facet normal 0.3214394653031708 -0.9469301294951026 0
    outer loop
      vertex 89.55991405278014 3.5624614623879793 1.0600000000000005
      vertex 89.7023580981321 3.6108147002324285 2
      vertex 89.55991405278014 3.5624614623879793 2
    endloop
  endfacet
  facet normal 0.7518398074789671 -0.6593458151000806 0
    outer loop
      vertex 89.08764365866507 3.200075643360029 1.0600000000000005
      vertex 89.18682720163547 3.31317279836453 2
      vertex 89.08764365866507 3.200075643360029 2
    endloop
  endfacet
  facet normal 0.6593458151000365 -0.7518398074790057 0
    outer loop
      vertex 89.18682720163547 3.31317279836453 1.0600000000000005
      vertex 89.29992435663998 3.4123563413349203 2
      vertex 89.18682720163547 3.31317279836453 2
    endloop
  endfacet
  facet normal 0.8314696123025721 -0.555570233019562 0
    outer loop
      vertex 89.0040707856479 3.075 1.0600000000000005
      vertex 89.08764365866507 3.200075643360029 2
      vertex 89.0040707856479 3.075 2
    endloop
  endfacet
  facet normal 0.1950903220161196 -0.9807852804032322 0
    outer loop
      vertex 89.7023580981321 3.6108147002324285 1.0600000000000005
      vertex 89.84989487894694 3.640161590579882 2
      vertex 89.7023580981321 3.6108147002324285 2
    endloop
  endfacet
  facet normal 0.06540312923014328 -0.9978589232386035 0
    outer loop
      vertex 89.84989487894694 3.640161590579882 1.0600000000000005
      vertex 90 3.65 2
      vertex 89.84989487894694 3.640161590579882 2
    endloop
  endfacet
  facet normal -0.06540312923014328 -0.9978589232386035 0
    outer loop
      vertex 90 3.65 1.0600000000000005
      vertex 90.15010512105306 3.640161590579882 2
      vertex 90 3.65 2
    endloop
  endfacet
  facet normal -0.1950903220161196 -0.9807852804032322 0
    outer loop
      vertex 90.15010512105306 3.640161590579882 1.0600000000000005
      vertex 90.2976419018679 3.6108147002324285 2
      vertex 90.15010512105306 3.640161590579882 2
    endloop
  endfacet
  facet normal -0.3214394653031708 -0.9469301294951026 0
    outer loop
      vertex 90.2976419018679 3.6108147002324285 1.0600000000000005
      vertex 90.44008594721986 3.5624614623879793 2
      vertex 90.2976419018679 3.6108147002324285 2
    endloop
  endfacet
  facet normal 0.8968727415326659 0.44228869021904665 0
    outer loop
      vertex 89.0040707856479 1.925 1.0600000000000005
      vertex 88.93753853761201 2.059914052780147 2
      vertex 89.0040707856479 1.925 2
    endloop
  endfacet
  facet normal -0.44228869021899964 -0.896872741532689 0
    outer loop
      vertex 90.44008594721986 3.5624614623879793 1.0600000000000005
      vertex 90.575 3.4959292143521044 2
      vertex 90.44008594721986 3.5624614623879793 2
    endloop
  endfacet
  facet normal -0.5555702330196288 -0.8314696123025276 0
    outer loop
      vertex 90.575 3.4959292143521044 1.0600000000000005
      vertex 90.70007564336002 3.4123563413349203 2
      vertex 90.575 3.4959292143521044 2
    endloop
  endfacet
  facet normal -0.6593458151000365 -0.7518398074790057 0
    outer loop
      vertex 90.70007564336002 3.4123563413349203 1.0600000000000005
      vertex 90.81317279836453 3.31317279836453 2
      vertex 90.70007564336002 3.4123563413349203 2
    endloop
  endfacet
  facet normal -0.7518398074789671 -0.6593458151000806 0
    outer loop
      vertex 90.81317279836453 3.31317279836453 1.0600000000000005
      vertex 90.91235634133493 3.200075643360029 2
      vertex 90.81317279836453 3.31317279836453 2
    endloop
  endfacet
  facet normal -0.8314696123025721 -0.555570233019562 0
    outer loop
      vertex 90.91235634133493 3.200075643360029 1.0600000000000005
      vertex 90.9959292143521 3.075 2
      vertex 90.91235634133493 3.200075643360029 2
    endloop
  endfacet
  facet normal -0.8968727415326663 -0.44228869021904604 0
    outer loop
      vertex 90.9959292143521 3.075 1.0600000000000005
      vertex 91.06246146238799 2.940085947219853 2
      vertex 90.9959292143521 3.075 2
    endloop
  endfacet
  facet normal -0.9469301294951271 -0.32143946530309825 0
    outer loop
      vertex 91.06246146238799 2.940085947219853 1.0600000000000005
      vertex 91.11081470023242 2.797641901867899 2
      vertex 91.06246146238799 2.940085947219853 2
    endloop
  endfacet
  facet normal -0.9807852804032289 -0.19509032201613605 0
    outer loop
      vertex 91.11081470023242 2.797641901867899 1.0600000000000005
      vertex 91.14016159057988 2.650105121053059 2
      vertex 91.11081470023242 2.797641901867899 2
    endloop
  endfacet
  facet normal -0.9978589232385998 -0.06540312923019913 0
    outer loop
      vertex 91.14016159057988 2.650105121053059 1.0600000000000005
      vertex 91.15 2.5 2
      vertex 91.14016159057988 2.650105121053059 2
    endloop
  endfacet
  facet normal -0.9978589232385998 0.06540312923019913 0
    outer loop
      vertex 91.15 2.5 1.0600000000000005
      vertex 91.14016159057988 2.349894878946941 2
      vertex 91.15 2.5 2
    endloop
  endfacet
  facet normal -0.9807852804032289 0.19509032201613605 0
    outer loop
      vertex 91.14016159057988 2.349894878946941 1.0600000000000005
      vertex 91.11081470023242 2.202358098132101 2
      vertex 91.14016159057988 2.349894878946941 2
    endloop
  endfacet
  facet normal -0.9469301294951271 0.32143946530309825 0
    outer loop
      vertex 91.11081470023242 2.202358098132101 1.0600000000000005
      vertex 91.06246146238799 2.059914052780147 2
      vertex 91.11081470023242 2.202358098132101 2
    endloop
  endfacet
  facet normal -0.8968727415326659 0.44228869021904665 0
    outer loop
      vertex 91.06246146238799 2.059914052780147 1.0600000000000005
      vertex 90.9959292143521 1.925 2
      vertex 91.06246146238799 2.059914052780147 2
    endloop
  endfacet
  facet normal 0.8314696123025725 0.5555702330195613 0
    outer loop
      vertex 89.08764365866507 1.7999243566399712 1.0600000000000005
      vertex 89.0040707856479 1.925 2
      vertex 89.08764365866507 1.7999243566399712 2
    endloop
  endfacet
  facet normal 0.7518398074789664 0.6593458151000814 0
    outer loop
      vertex 89.18682720163547 1.6868272016354704 1.0600000000000005
      vertex 89.08764365866507 1.7999243566399712 2
      vertex 89.18682720163547 1.6868272016354704 2
    endloop
  endfacet
  facet normal 0.6593458151000373 0.751839807479005 0
    outer loop
      vertex 89.29992435663998 1.5876436586650797 1.0600000000000005
      vertex 89.18682720163547 1.6868272016354704 2
      vertex 89.29992435663998 1.5876436586650797 2
    endloop
  endfacet
  facet normal 0.5555702330196288 0.8314696123025276 0
    outer loop
      vertex 89.425 1.5040707856478956 1.0600000000000005
      vertex 89.29992435663998 1.5876436586650797 2
      vertex 89.425 1.5040707856478956 2
    endloop
  endfacet
  facet normal 0.44228869021900086 0.8968727415326886 0
    outer loop
      vertex 89.55991405278014 1.4375385376120204 1.0600000000000005
      vertex 89.425 1.5040707856478956 2
      vertex 89.55991405278014 1.4375385376120204 2
    endloop
  endfacet
  facet normal 0.3214394653031694 0.946930129495103 0
    outer loop
      vertex 89.7023580981321 1.3891852997675715 1.0600000000000005
      vertex 89.55991405278014 1.4375385376120204 2
      vertex 89.7023580981321 1.3891852997675715 2
    endloop
  endfacet
  facet normal 0.1950903220161196 0.9807852804032322 0
    outer loop
      vertex 89.84989487894694 1.3598384094201181 1.0600000000000005
      vertex 89.7023580981321 1.3891852997675715 2
      vertex 89.84989487894694 1.3598384094201181 2
    endloop
  endfacet
  facet normal 0.06540312923014328 0.9978589232386035 0
    outer loop
      vertex 90 1.35 1.0600000000000005
      vertex 89.84989487894694 1.3598384094201181 2
      vertex 90 1.35 2
    endloop
  endfacet
  facet normal -0.06540312923014328 0.9978589232386035 0
    outer loop
      vertex 90.15010512105306 1.3598384094201181 1.0600000000000005
      vertex 90 1.35 2
      vertex 90.15010512105306 1.3598384094201181 2
    endloop
  endfacet
  facet normal -0.1950903220161196 0.9807852804032322 0
    outer loop
      vertex 90.2976419018679 1.3891852997675715 1.0600000000000005
      vertex 90.15010512105306 1.3598384094201181 2
      vertex 90.2976419018679 1.3891852997675715 2
    endloop
  endfacet
  facet normal -0.3214394653031694 0.946930129495103 0
    outer loop
      vertex 90.44008594721986 1.4375385376120204 1.0600000000000005
      vertex 90.2976419018679 1.3891852997675715 2
      vertex 90.44008594721986 1.4375385376120204 2
    endloop
  endfacet
  facet normal -0.44228869021900086 0.8968727415326886 0
    outer loop
      vertex 90.575 1.5040707856478956 1.0600000000000005
      vertex 90.44008594721986 1.4375385376120204 2
      vertex 90.575 1.5040707856478956 2
    endloop
  endfacet
  facet normal -0.6593458151000373 0.751839807479005 0
    outer loop
      vertex 90.81317279836453 1.6868272016354704 1.0600000000000005
      vertex 90.70007564336002 1.5876436586650797 2
      vertex 90.81317279836453 1.6868272016354704 2
    endloop
  endfacet
  facet normal -0.5555702330196288 0.8314696123025276 0
    outer loop
      vertex 90.70007564336002 1.5876436586650797 1.0600000000000005
      vertex 90.575 1.5040707856478956 2
      vertex 90.70007564336002 1.5876436586650797 2
    endloop
  endfacet
  facet normal -0.8314696123025725 0.5555702330195613 0
    outer loop
      vertex 90.9959292143521 1.925 1.0600000000000005
      vertex 90.91235634133493 1.7999243566399712 2
      vertex 90.9959292143521 1.925 2
    endloop
  endfacet
  facet normal -0.7518398074789664 0.6593458151000814 0
    outer loop
      vertex 90.91235634133493 1.7999243566399712 1.0600000000000005
      vertex 90.81317279836453 1.6868272016354704 2
      vertex 90.91235634133493 1.7999243566399712 2
    endloop
  endfacet
  facet normal 0.9469301294951271 -0.32143946530309825 0
    outer loop
      vertex 88.93753853761201 2.940085947219853 1.0600000000000005
      vertex 88.93753853761201 2.940085947219853 2
      vertex 88.88918529976758 2.797641901867899 1.0600000000000005
    endloop
  endfacet
  facet normal 0.9807852804032289 -0.19509032201613605 0
    outer loop
      vertex 88.88918529976758 2.797641901867899 1.0600000000000005
      vertex 88.88918529976758 2.797641901867899 2
      vertex 88.85983840942012 2.650105121053059 1.0600000000000005
    endloop
  endfacet
  facet normal 0.9978589232385998 -0.06540312923019913 0
    outer loop
      vertex 88.85983840942012 2.650105121053059 1.0600000000000005
      vertex 88.85983840942012 2.650105121053059 2
      vertex 88.85 2.5 1.0600000000000005
    endloop
  endfacet
  facet normal 0.9978589232385998 0.06540312923019913 0
    outer loop
      vertex 88.85 2.5 1.0600000000000005
      vertex 88.85 2.5 2
      vertex 88.85983840942012 2.349894878946941 1.0600000000000005
    endloop
  endfacet
  facet normal 0.9807852804032289 0.19509032201613605 0
    outer loop
      vertex 88.85983840942012 2.349894878946941 1.0600000000000005
      vertex 88.85983840942012 2.349894878946941 2
      vertex 88.88918529976758 2.202358098132101 1.0600000000000005
    endloop
  endfacet
  facet normal 0.9469301294951271 0.32143946530309825 0
    outer loop
      vertex 88.88918529976758 2.202358098132101 1.0600000000000005
      vertex 88.88918529976758 2.202358098132101 2
      vertex 88.93753853761201 2.059914052780147 1.0600000000000005
    endloop
  endfacet
  facet normal 0.8968727415326659 0.44228869021904665 0
    outer loop
      vertex 88.93753853761201 2.059914052780147 1.0600000000000005
      vertex 88.93753853761201 2.059914052780147 2
      vertex 89.0040707856479 1.925 1.0600000000000005
    endloop
  endfacet
  facet normal 0.5555702330196288 -0.8314696123025276 3.517197723736468e-18
    outer loop
      vertex 89.29992435663998 3.4123563413349203 1.0600000000000005
      vertex 89.425 3.4959292143521044 1.0600000000000005
      vertex 89.425 3.4959292143521044 2
    endloop
  endfacet
  facet normal 0.44228869021899964 -0.896872741532689 -5.516594374081082e-18
    outer loop
      vertex 89.425 3.4959292143521044 1.0600000000000005
      vertex 89.55991405278014 3.5624614623879793 1.0600000000000005
      vertex 89.55991405278014 3.5624614623879793 2
    endloop
  endfacet
  facet normal 0.3214394653031708 -0.9469301294951026 2.5569157403768756e-18
    outer loop
      vertex 89.55991405278014 3.5624614623879793 1.0600000000000005
      vertex 89.7023580981321 3.6108147002324285 1.0600000000000005
      vertex 89.7023580981321 3.6108147002324285 2
    endloop
  endfacet
  facet normal 0.7518398074789671 -0.6593458151000806 -4.745770821451768e-18
    outer loop
      vertex 89.08764365866507 3.200075643360029 1.0600000000000005
      vertex 89.18682720163547 3.31317279836453 1.0600000000000005
      vertex 89.18682720163547 3.31317279836453 2
    endloop
  endfacet
  facet normal 0.6593458151000365 -0.7518398074790057 0
    outer loop
      vertex 89.29992435663998 3.4123563413349203 1.0600000000000005
      vertex 89.29992435663998 3.4123563413349203 2
      vertex 89.18682720163547 3.31317279836453 1.0600000000000005
    endloop
  endfacet
  facet normal 0.8314696123025721 -0.555570233019562 0
    outer loop
      vertex 89.08764365866507 3.200075643360029 1.0600000000000005
      vertex 89.08764365866507 3.200075643360029 2
      vertex 89.0040707856479 3.075 1.0600000000000005
    endloop
  endfacet
  facet normal 0.8968727415326663 -0.44228869021904604 4.202236364861336e-18
    outer loop
      vertex 88.93753853761201 2.940085947219853 1.0600000000000005
      vertex 89.0040707856479 3.075 1.0600000000000005
      vertex 89.0040707856479 3.075 2
    endloop
  endfacet
  facet normal 0.1950903220161196 -0.9807852804032322 2.9627225670699505e-18
    outer loop
      vertex 89.7023580981321 3.6108147002324285 1.0600000000000005
      vertex 89.84989487894694 3.640161590579882 1.0600000000000005
      vertex 89.84989487894694 3.640161590579882 2
    endloop
  endfacet
  facet normal 0.06540312923014328 -0.9978589232386035 -2.8333012756629235e-19
    outer loop
      vertex 89.84989487894694 3.640161590579882 1.0600000000000005
      vertex 90 3.65 1.0600000000000005
      vertex 90 3.65 2
    endloop
  endfacet
  facet normal -0.06540312923014328 -0.9978589232386035 2.8333012756629235e-19
    outer loop
      vertex 90 3.65 1.0600000000000005
      vertex 90.15010512105306 3.640161590579882 1.0600000000000005
      vertex 90.15010512105306 3.640161590579882 2
    endloop
  endfacet
  facet normal -0.1950903220161196 -0.9807852804032322 -2.9627225670699505e-18
    outer loop
      vertex 90.15010512105306 3.640161590579882 1.0600000000000005
      vertex 90.2976419018679 3.6108147002324285 1.0600000000000005
      vertex 90.2976419018679 3.6108147002324285 2
    endloop
  endfacet
  facet normal -0.3214394653031708 -0.9469301294951026 -2.5569157403768756e-18
    outer loop
      vertex 90.2976419018679 3.6108147002324285 1.0600000000000005
      vertex 90.44008594721986 3.5624614623879793 1.0600000000000005
      vertex 90.44008594721986 3.5624614623879793 2
    endloop
  endfacet
  facet normal -0.44228869021899964 -0.896872741532689 5.516594374081082e-18
    outer loop
      vertex 90.44008594721986 3.5624614623879793 1.0600000000000005
      vertex 90.575 3.4959292143521044 1.0600000000000005
      vertex 90.575 3.4959292143521044 2
    endloop
  endfacet
  facet normal -0.5555702330196288 -0.8314696123025276 -3.517197723736468e-18
    outer loop
      vertex 90.575 3.4959292143521044 1.0600000000000005
      vertex 90.70007564336002 3.4123563413349203 1.0600000000000005
      vertex 90.70007564336002 3.4123563413349203 2
    endloop
  endfacet
  facet normal -0.6593458151000365 -0.7518398074790057 -2.4648275554220544e-18
    outer loop
      vertex 90.70007564336002 3.4123563413349203 1.0600000000000005
      vertex 90.81317279836453 3.31317279836453 1.0600000000000005
      vertex 90.81317279836453 3.31317279836453 2
    endloop
  endfacet
  facet normal -0.7518398074789671 -0.6593458151000806 4.745770821451768e-18
    outer loop
      vertex 90.81317279836453 3.31317279836453 1.0600000000000005
      vertex 90.91235634133493 3.200075643360029 1.0600000000000005
      vertex 90.91235634133493 3.200075643360029 2
    endloop
  endfacet
  facet normal -0.8314696123025721 -0.555570233019562 -4.880920056537534e-18
    outer loop
      vertex 90.91235634133493 3.200075643360029 1.0600000000000005
      vertex 90.9959292143521 3.075 1.0600000000000005
      vertex 90.9959292143521 3.075 2
    endloop
  endfacet
  facet normal -0.8968727415326663 -0.44228869021904604 -4.202236364861336e-18
    outer loop
      vertex 90.9959292143521 3.075 1.0600000000000005
      vertex 91.06246146238799 2.940085947219853 1.0600000000000005
      vertex 91.06246146238799 2.940085947219853 2
    endloop
  endfacet
  facet normal -0.9469301294951271 -0.32143946530309825 -2.644165780169334e-18
    outer loop
      vertex 91.06246146238799 2.940085947219853 1.0600000000000005
      vertex 91.11081470023242 2.797641901867899 1.0600000000000005
      vertex 91.11081470023242 2.797641901867899 2
    endloop
  endfacet
  facet normal -0.9807852804032289 -0.19509032201613605 1.5888192758232834e-18
    outer loop
      vertex 91.11081470023242 2.797641901867899 1.0600000000000005
      vertex 91.14016159057988 2.650105121053059 1.0600000000000005
      vertex 91.14016159057988 2.650105121053059 2
    endloop
  endfacet
  facet normal -0.9978589232385998 -0.06540312923019913 4.512946220247065e-19
    outer loop
      vertex 91.14016159057988 2.650105121053059 1.0600000000000005
      vertex 91.15 2.5 1.0600000000000005
      vertex 91.15 2.5 2
    endloop
  endfacet
  facet normal -0.9978589232385998 0.06540312923019913 -4.512946220247065e-19
    outer loop
      vertex 91.15 2.5 1.0600000000000005
      vertex 91.14016159057988 2.349894878946941 1.0600000000000005
      vertex 91.14016159057988 2.349894878946941 2
    endloop
  endfacet
  facet normal -0.9807852804032289 0.19509032201613605 0
    outer loop
      vertex 91.11081470023242 2.202358098132101 1.0600000000000005
      vertex 91.11081470023242 2.202358098132101 2
      vertex 91.14016159057988 2.349894878946941 1.0600000000000005
    endloop
  endfacet
  facet normal -0.9469301294951271 0.32143946530309825 2.644165780169334e-18
    outer loop
      vertex 91.11081470023242 2.202358098132101 1.0600000000000005
      vertex 91.06246146238799 2.059914052780147 1.0600000000000005
      vertex 91.06246146238799 2.059914052780147 2
    endloop
  endfacet
  facet normal -0.8968727415326659 0.44228869021904665 -2.129651967370649e-18
    outer loop
      vertex 91.06246146238799 2.059914052780147 1.0600000000000005
      vertex 90.9959292143521 1.925 1.0600000000000005
      vertex 90.9959292143521 1.925 2
    endloop
  endfacet
  facet normal 0.8314696123025725 0.5555702330195613 0
    outer loop
      vertex 89.0040707856479 1.925 1.0600000000000005
      vertex 89.0040707856479 1.925 2
      vertex 89.08764365866507 1.7999243566399712 1.0600000000000005
    endloop
  endfacet
  facet normal 0.7518398074789664 0.6593458151000814 0
    outer loop
      vertex 89.08764365866507 1.7999243566399712 1.0600000000000005
      vertex 89.08764365866507 1.7999243566399712 2
      vertex 89.18682720163547 1.6868272016354704 1.0600000000000005
    endloop
  endfacet
  facet normal 0.6593458151000373 0.751839807479005 0
    outer loop
      vertex 89.18682720163547 1.6868272016354704 1.0600000000000005
      vertex 89.18682720163547 1.6868272016354704 2
      vertex 89.29992435663998 1.5876436586650797 1.0600000000000005
    endloop
  endfacet
  facet normal 0.5555702330196288 0.8314696123025276 0
    outer loop
      vertex 89.29992435663998 1.5876436586650797 1.0600000000000005
      vertex 89.29992435663998 1.5876436586650797 2
      vertex 89.425 1.5040707856478956 1.0600000000000005
    endloop
  endfacet
  facet normal 0.44228869021900086 0.8968727415326886 0
    outer loop
      vertex 89.425 1.5040707856478956 1.0600000000000005
      vertex 89.425 1.5040707856478956 2
      vertex 89.55991405278014 1.4375385376120204 1.0600000000000005
    endloop
  endfacet
  facet normal 0.3214394653031694 0.946930129495103 0
    outer loop
      vertex 89.55991405278014 1.4375385376120204 1.0600000000000005
      vertex 89.55991405278014 1.4375385376120204 2
      vertex 89.7023580981321 1.3891852997675715 1.0600000000000005
    endloop
  endfacet
  facet normal 0.1950903220161196 0.9807852804032322 0
    outer loop
      vertex 89.7023580981321 1.3891852997675715 1.0600000000000005
      vertex 89.7023580981321 1.3891852997675715 2
      vertex 89.84989487894694 1.3598384094201181 1.0600000000000005
    endloop
  endfacet
  facet normal 0.06540312923014328 0.9978589232386035 0
    outer loop
      vertex 89.84989487894694 1.3598384094201181 1.0600000000000005
      vertex 89.84989487894694 1.3598384094201181 2
      vertex 90 1.35 1.0600000000000005
    endloop
  endfacet
  facet normal -0.06540312923014328 0.9978589232386035 0
    outer loop
      vertex 90 1.35 1.0600000000000005
      vertex 90 1.35 2
      vertex 90.15010512105306 1.3598384094201181 1.0600000000000005
    endloop
  endfacet
  facet normal -0.1950903220161196 0.9807852804032322 2.9627225670699505e-18
    outer loop
      vertex 90.2976419018679 1.3891852997675715 1.0600000000000005
      vertex 90.15010512105306 1.3598384094201181 1.0600000000000005
      vertex 90.15010512105306 1.3598384094201181 2
    endloop
  endfacet
  facet normal -0.3214394653031694 0.946930129495103 0
    outer loop
      vertex 90.2976419018679 1.3891852997675715 1.0600000000000005
      vertex 90.2976419018679 1.3891852997675715 2
      vertex 90.44008594721986 1.4375385376120204 1.0600000000000005
    endloop
  endfacet
  facet normal -0.5555702330196288 0.8314696123025276 0
    outer loop
      vertex 90.575 1.5040707856478956 1.0600000000000005
      vertex 90.575 1.5040707856478956 2
      vertex 90.70007564336002 1.5876436586650797 1.0600000000000005
    endloop
  endfacet
  facet normal -0.6593458151000373 0.751839807479005 0
    outer loop
      vertex 90.70007564336002 1.5876436586650797 1.0600000000000005
      vertex 90.70007564336002 1.5876436586650797 2
      vertex 90.81317279836453 1.6868272016354704 1.0600000000000005
    endloop
  endfacet
  facet normal -0.7518398074789664 0.6593458151000814 -1.0100655462325575e-18
    outer loop
      vertex 90.91235634133493 1.7999243566399712 1.0600000000000005
      vertex 90.81317279836453 1.6868272016354704 1.0600000000000005
      vertex 90.81317279836453 1.6868272016354704 2
    endloop
  endfacet
  facet normal -0.8314696123025725 0.5555702330195613 1.1677174287760179e-18
    outer loop
      vertex 90.9959292143521 1.925 1.0600000000000005
      vertex 90.91235634133493 1.7999243566399712 1.0600000000000005
      vertex 90.91235634133493 1.7999243566399712 2
    endloop
  endfacet
  facet normal -0.44228869021900086 0.8968727415326886 -2.216500379425824e-18
    outer loop
      vertex 90.575 1.5040707856478956 1.0600000000000005
      vertex 90.44008594721986 1.4375385376120204 1.0600000000000005
      vertex 90.44008594721986 1.4375385376120204 2
    endloop
  endfacet
  facet normal 0.5371864553043016 -0.47109987754039795 -0.6996396341110342
    outer loop
      vertex 89.08764365866507 3.200075643360029 1.0600000000000005
      vertex 88.26240789441822 3.83330131671209 0
      vertex 89.18682720163547 3.31317279836453 1.0600000000000005
    endloop
  endfacet
  facet normal 0.5940816238817623 -0.39695265025815973 -0.699639634111041
    outer loop
      vertex 89.08764365866507 3.200075643360029 1.0600000000000005
      vertex 89.0040707856479 3.075 1.0600000000000005
      vertex 88.10324249180482 3.5950934579439244 0
    endloop
  endfacet
  facet normal 0.6408118911640167 -0.31601345307404444 -0.6996396341110295
    outer loop
      vertex 88.93753853761201 2.940085947219853 1.0600000000000005
      vertex 87.97653113603721 3.3381482464930725 0
      vertex 89.0040707856479 3.075 1.0600000000000005
    endloop
  endfacet
  facet normal 0.6765776893218807 -0.2296671780922039 -0.6996396341110389
    outer loop
      vertex 88.93753853761201 2.940085947219853 1.0600000000000005
      vertex 88.88918529976758 2.797641901867899 1.0600000000000005
      vertex 87.88444189354352 3.066862086166128 0
    endloop
  endfacet
  facet normal 0.7007670556326374 -0.13939123401756615 -0.6996396341110359
    outer loop
      vertex 88.88918529976758 2.797641901867899 1.0600000000000005
      vertex 88.85983840942012 2.650105121053059 1.0600000000000005
      vertex 87.82855043679484 2.78587675838102 0
    endloop
  endfacet
  facet normal 0.7129661033322007 -0.04673026728231963 -0.6996396341110335
    outer loop
      vertex 88.85983840942012 2.650105121053059 1.0600000000000005
      vertex 88.85 2.5 1.0600000000000005
      vertex 87.80981308411215 2.5 0
    endloop
  endfacet
  facet normal 0.7129661033321968 0.046730267282319375 -0.6996396341110375
    outer loop
      vertex 88.85 2.5 1.0600000000000005
      vertex 88.85983840942012 2.349894878946941 1.0600000000000005
      vertex 87.82855043679484 2.21412324161898 0
    endloop
  endfacet
  facet normal 0.7007670556326357 0.13939123401756584 -0.6996396341110377
    outer loop
      vertex 88.85983840942012 2.349894878946941 1.0600000000000005
      vertex 88.88918529976758 2.202358098132101 1.0600000000000005
      vertex 87.88444189354352 1.933137913833872 0
    endloop
  endfacet
  facet normal 0.6765776893218903 0.22966717809220719 -0.6996396341110287
    outer loop
      vertex 88.88918529976758 2.202358098132101 1.0600000000000005
      vertex 88.93753853761201 2.059914052780147 1.0600000000000005
      vertex 87.97653113603721 1.6618517535069277 0
    endloop
  endfacet
  facet normal 0.6408118911640059 0.3160134530740396 -0.6996396341110414
    outer loop
      vertex 88.93753853761201 2.059914052780147 1.0600000000000005
      vertex 89.0040707856479 1.925 1.0600000000000005
      vertex 88.10324249180482 1.4049065420560753 0
    endloop
  endfacet
  facet normal 0.5940816238817692 0.3969526502581636 -0.699639634111033
    outer loop
      vertex 89.0040707856479 1.925 1.0600000000000005
      vertex 89.08764365866507 1.7999243566399712 1.0600000000000005
      vertex 88.26240789441822 1.1666986832879105 0
    endloop
  endfacet
  facet normal 0.5371864553042995 0.471099877540397 -0.6996396341110364
    outer loop
      vertex 89.08764365866507 1.7999243566399712 1.0600000000000005
      vertex 89.18682720163547 1.6868272016354704 1.0600000000000005
      vertex 88.45130397970965 0.9513039797096512 0
    endloop
  endfacet
  facet normal 0.5940816238817354 -0.39695265025821075 -0.6996396341110348
    outer loop
      vertex 89.08764365866507 3.200075643360029 1.0600000000000005
      vertex 88.10324249180482 3.5950934579439244 0
      vertex 88.26240789441822 3.83330131671209 0
    endloop
  endfacet
  facet normal 0.5371864553043112 -0.4710998775403842 -0.6996396341110359
    outer loop
      vertex 89.18682720163547 3.31317279836453 1.0600000000000005
      vertex 88.26240789441822 3.83330131671209 0
      vertex 88.45130397970965 4.0486960202903495 0
    endloop
  endfacet
  facet normal 0.4710998775403741 -0.5371864553043195 -0.6996396341110365
    outer loop
      vertex 89.29992435663998 3.4123563413349203 1.0600000000000005
      vertex 88.45130397970965 4.0486960202903495 0
      vertex 88.66669868328792 4.237592105581784 0
    endloop
  endfacet
  facet normal 0.6408118911640469 -0.3160134530739631 -0.6996396341110385
    outer loop
      vertex 89.0040707856479 3.075 1.0600000000000005
      vertex 87.97653113603721 3.3381482464930725 0
      vertex 88.10324249180482 3.5950934579439244 0
    endloop
  endfacet
  facet normal 0.6765776893218642 -0.22966717809227674 -0.6996396341110311
    outer loop
      vertex 88.93753853761201 2.940085947219853 1.0600000000000005
      vertex 87.88444189354352 3.066862086166128 0
      vertex 87.97653113603721 3.3381482464930725 0
    endloop
  endfacet
  facet normal 0.7007670556326384 -0.13939123401755382 -0.6996396341110372
    outer loop
      vertex 88.88918529976758 2.797641901867899 1.0600000000000005
      vertex 87.82855043679484 2.78587675838102 0
      vertex 87.88444189354352 3.066862086166128 0
    endloop
  endfacet
  facet normal 0.7129661033321996 -0.046730267282290586 -0.6996396341110364
    outer loop
      vertex 88.85983840942012 2.650105121053059 1.0600000000000005
      vertex 87.80981308411215 2.5 0
      vertex 87.82855043679484 2.78587675838102 0
    endloop
  endfacet
  facet normal 0.7129661033322017 0.046730267282290745 -0.6996396341110344
    outer loop
      vertex 88.85 2.5 1.0600000000000005
      vertex 87.82855043679484 2.21412324161898 0
      vertex 87.80981308411215 2.5 0
    endloop
  endfacet
  facet normal 0.7007670556326393 0.1393912340175542 -0.6996396341110364
    outer loop
      vertex 88.85983840942012 2.349894878946941 1.0600000000000005
      vertex 87.88444189354352 1.933137913833872 0
      vertex 87.82855043679484 2.21412324161898 0
    endloop
  endfacet
  facet normal 0.676577689321859 0.22966717809227544 -0.6996396341110366
    outer loop
      vertex 88.88918529976758 2.202358098132101 1.0600000000000005
      vertex 87.97653113603721 1.6618517535069277 0
      vertex 87.88444189354352 1.933137913833872 0
    endloop
  endfacet
  facet normal 0.6408118911640526 0.3160134530739652 -0.6996396341110324
    outer loop
      vertex 88.93753853761201 2.059914052780147 1.0600000000000005
      vertex 88.10324249180482 1.4049065420560753 0
      vertex 87.97653113603721 1.6618517535069277 0
    endloop
  endfacet
  facet normal 0.5940816238817316 0.39695265025820925 -0.6996396341110392
    outer loop
      vertex 89.0040707856479 1.925 1.0600000000000005
      vertex 88.26240789441822 1.1666986832879105 0
      vertex 88.10324249180482 1.4049065420560753 0
    endloop
  endfacet
  facet normal 0.5371864553043122 0.4710998775403853 -0.6996396341110344
    outer loop
      vertex 89.08764365866507 1.7999243566399712 1.0600000000000005
      vertex 88.45130397970965 0.9513039797096512 0
      vertex 88.26240789441822 1.1666986832879105 0
    endloop
  endfacet
  facet normal 0.47109987754037597 0.5371864553043192 -0.6996396341110355
    outer loop
      vertex 89.18682720163547 1.6868272016354704 1.0600000000000005
      vertex 88.66669868328792 0.7624078944182163 0
      vertex 88.45130397970965 0.9513039797096512 0
    endloop
  endfacet
  facet normal 0.39695265025819304 0.5940816238817459 -0.699639634111036
    outer loop
      vertex 89.29992435663998 1.5876436586650797 1.0600000000000005
      vertex 88.90490654205608 0.6032424918048311 0
      vertex 88.66669868328792 0.7624078944182163 0
    endloop
  endfacet
  facet normal 0.13939123401755443 -0.7007670556326397 -0.6996396341110359
    outer loop
      vertex 89.7023580981321 3.6108147002324285 1.0600000000000005
      vertex 89.43313791383387 4.6155581064564775 0
      vertex 89.84989487894694 3.640161590579882 1.0600000000000005
    endloop
  endfacet
  facet normal 0.04673026728227953 -0.7129661033322002 -0.6996396341110365
    outer loop
      vertex 89.84989487894694 3.640161590579882 1.0600000000000005
      vertex 89.71412324161898 4.671449563205162 0
      vertex 90 3.65 1.0600000000000005
    endloop
  endfacet
  facet normal -0.04673026728227953 -0.7129661033322002 -0.6996396341110364
    outer loop
      vertex 90 3.65 1.0600000000000005
      vertex 90 4.690186915887849 0
      vertex 90.15010512105306 3.640161590579882 1.0600000000000005
    endloop
  endfacet
  facet normal -0.13939123401755427 -0.700767055632639 -0.6996396341110368
    outer loop
      vertex 90.15010512105306 3.640161590579882 1.0600000000000005
      vertex 90.28587675838102 4.671449563205162 0
      vertex 90.2976419018679 3.6108147002324285 1.0600000000000005
    endloop
  endfacet
  facet normal 0.39695265025819365 -0.5940816238817473 -0.6996396341110345
    outer loop
      vertex 89.425 3.4959292143521044 1.0600000000000005
      vertex 88.66669868328792 4.237592105581784 0
      vertex 88.90490654205608 4.396757508195169 0
    endloop
  endfacet
  facet normal 0.3160134530740196 -0.6408118911640216 -0.6996396341110361
    outer loop
      vertex 89.55991405278014 3.5624614623879793 1.0600000000000005
      vertex 88.90490654205608 4.396757508195169 0
      vertex 89.16185175350692 4.523468863962802 0
    endloop
  endfacet
  facet normal 0.22966717809224838 -0.6765776893218689 -0.6996396341110357
    outer loop
      vertex 89.7023580981321 3.6108147002324285 1.0600000000000005
      vertex 89.16185175350692 4.523468863962802 0
      vertex 89.43313791383387 4.6155581064564775 0
    endloop
  endfacet
  facet normal 0.13939123401756034 -0.7007670556326379 -0.6996396341110366
    outer loop
      vertex 89.84989487894694 3.640161590579882 1.0600000000000005
      vertex 89.43313791383387 4.6155581064564775 0
      vertex 89.71412324161898 4.671449563205162 0
    endloop
  endfacet
  facet normal 0.046730267282279046 -0.7129661033322003 -0.6996396341110364
    outer loop
      vertex 90 3.65 1.0600000000000005
      vertex 89.71412324161898 4.671449563205162 0
      vertex 90 4.690186915887849 0
    endloop
  endfacet
  facet normal -0.04673026728227936 -0.7129661033322003 -0.6996396341110364
    outer loop
      vertex 90.15010512105306 3.640161590579882 1.0600000000000005
      vertex 90 4.690186915887849 0
      vertex 90.28587675838102 4.671449563205162 0
    endloop
  endfacet
  facet normal -0.13939123401756046 -0.7007670556326383 -0.6996396341110361
    outer loop
      vertex 90.2976419018679 3.6108147002324285 1.0600000000000005
      vertex 90.28587675838102 4.671449563205162 0
      vertex 90.56686208616613 4.6155581064564775 0
    endloop
  endfacet
  facet normal -0.2296671780922479 -0.6765776893218685 -0.6996396341110365
    outer loop
      vertex 90.44008594721986 3.5624614623879793 1.0600000000000005
      vertex 90.56686208616613 4.6155581064564775 0
      vertex 90.83814824649308 4.523468863962802 0
    endloop
  endfacet
  facet normal -0.3160134530740198 -0.6408118911640224 -0.6996396341110352
    outer loop
      vertex 90.575 3.4959292143521044 1.0600000000000005
      vertex 90.83814824649308 4.523468863962802 0
      vertex 91.09509345794392 4.396757508195169 0
    endloop
  endfacet
  facet normal -0.39695265025819293 -0.5940816238817461 -0.6996396341110359
    outer loop
      vertex 90.70007564336002 3.4123563413349203 1.0600000000000005
      vertex 91.09509345794392 4.396757508195169 0
      vertex 91.33330131671208 4.237592105581784 0
    endloop
  endfacet
  facet normal 0.39695265025820975 -0.5940816238817341 -0.6996396341110367
    outer loop
      vertex 89.29992435663998 3.4123563413349203 1.0600000000000005
      vertex 88.66669868328792 4.237592105581784 0
      vertex 89.425 3.4959292143521044 1.0600000000000005
    endloop
  endfacet
  facet normal 0.31601345307400897 -0.6408118911640281 -0.6996396341110349
    outer loop
      vertex 89.425 3.4959292143521044 1.0600000000000005
      vertex 88.90490654205608 4.396757508195169 0
      vertex 89.55991405278014 3.5624614623879793 1.0600000000000005
    endloop
  endfacet
  facet normal 0.47109987754036575 -0.5371864553043284 -0.6996396341110351
    outer loop
      vertex 89.29992435663998 3.4123563413349203 1.0600000000000005
      vertex 89.18682720163547 3.31317279836453 1.0600000000000005
      vertex 88.45130397970965 4.0486960202903495 0
    endloop
  endfacet
  facet normal 0.22966717809225645 -0.6765776893218653 -0.6996396341110367
    outer loop
      vertex 89.55991405278014 3.5624614623879793 1.0600000000000005
      vertex 89.16185175350692 4.523468863962802 0
      vertex 89.7023580981321 3.6108147002324285 1.0600000000000005
    endloop
  endfacet
  facet normal -0.22966717809225679 -0.6765776893218663 -0.6996396341110354
    outer loop
      vertex 90.2976419018679 3.6108147002324285 1.0600000000000005
      vertex 90.56686208616613 4.6155581064564775 0
      vertex 90.44008594721986 3.5624614623879793 1.0600000000000005
    endloop
  endfacet
  facet normal -0.31601345307400824 -0.6408118911640267 -0.6996396341110366
    outer loop
      vertex 90.44008594721986 3.5624614623879793 1.0600000000000005
      vertex 90.83814824649308 4.523468863962802 0
      vertex 90.575 3.4959292143521044 1.0600000000000005
    endloop
  endfacet
  facet normal -0.3969526502582113 -0.5940816238817364 -0.6996396341110338
    outer loop
      vertex 90.575 3.4959292143521044 1.0600000000000005
      vertex 91.09509345794392 4.396757508195169 0
      vertex 90.70007564336002 3.4123563413349203 1.0600000000000005
    endloop
  endfacet
  facet normal -0.4710998775403647 -0.5371864553043272 -0.6996396341110368
    outer loop
      vertex 90.70007564336002 3.4123563413349203 1.0600000000000005
      vertex 91.33330131671208 4.237592105581784 0
      vertex 90.81317279836453 3.31317279836453 1.0600000000000005
    endloop
  endfacet
  facet normal -0.5371864553042999 -0.4710998775403964 -0.6996396341110364
    outer loop
      vertex 90.81317279836453 3.31317279836453 1.0600000000000005
      vertex 91.54869602029035 4.0486960202903495 0
      vertex 90.91235634133493 3.200075643360029 1.0600000000000005
    endloop
  endfacet
  facet normal -0.5940816238817688 -0.39695265025816406 -0.6996396341110331
    outer loop
      vertex 90.91235634133493 3.200075643360029 1.0600000000000005
      vertex 91.73759210558178 3.83330131671209 0
      vertex 90.9959292143521 3.075 1.0600000000000005
    endloop
  endfacet
  facet normal -0.6408118911640063 -0.3160134530740393 -0.6996396341110414
    outer loop
      vertex 90.9959292143521 3.075 1.0600000000000005
      vertex 91.89675750819518 3.5950934579439244 0
      vertex 91.06246146238799 2.940085947219853 1.0600000000000005
    endloop
  endfacet
  facet normal -0.6765776893218902 -0.22966717809220716 -0.6996396341110287
    outer loop
      vertex 91.06246146238799 2.940085947219853 1.0600000000000005
      vertex 92.02346886396279 3.3381482464930725 0
      vertex 91.11081470023242 2.797641901867899 1.0600000000000005
    endloop
  endfacet
  facet normal -0.7007670556326357 -0.13939123401756584 -0.6996396341110377
    outer loop
      vertex 91.11081470023242 2.797641901867899 1.0600000000000005
      vertex 92.11555810645648 3.066862086166128 0
      vertex 91.14016159057988 2.650105121053059 1.0600000000000005
    endloop
  endfacet
  facet normal -0.7129661033321968 -0.04673026728231938 -0.6996396341110375
    outer loop
      vertex 91.14016159057988 2.650105121053059 1.0600000000000005
      vertex 92.17144956320516 2.78587675838102 0
      vertex 91.15 2.5 1.0600000000000005
    endloop
  endfacet
  facet normal -0.7129661033322007 0.04673026728231963 -0.6996396341110335
    outer loop
      vertex 91.15 2.5 1.0600000000000005
      vertex 92.19018691588785 2.5 0
      vertex 91.14016159057988 2.349894878946941 1.0600000000000005
    endloop
  endfacet
  facet normal -0.7007670556326374 0.13939123401756615 -0.6996396341110359
    outer loop
      vertex 91.11081470023242 2.202358098132101 1.0600000000000005
      vertex 91.14016159057988 2.349894878946941 1.0600000000000005
      vertex 92.17144956320516 2.21412324161898 0
    endloop
  endfacet
  facet normal -0.6765776893218807 0.2296671780922039 -0.6996396341110389
    outer loop
      vertex 91.11081470023242 2.202358098132101 1.0600000000000005
      vertex 92.11555810645648 1.933137913833872 0
      vertex 91.06246146238799 2.059914052780147 1.0600000000000005
    endloop
  endfacet
  facet normal 0.47109987754036525 0.5371864553043266 -0.6996396341110369
    outer loop
      vertex 89.18682720163547 1.6868272016354704 1.0600000000000005
      vertex 89.29992435663998 1.5876436586650797 1.0600000000000005
      vertex 88.66669868328792 0.7624078944182163 0
    endloop
  endfacet
  facet normal 0.3969526502582113 0.5940816238817364 -0.6996396341110339
    outer loop
      vertex 89.29992435663998 1.5876436586650797 1.0600000000000005
      vertex 89.425 1.5040707856478956 1.0600000000000005
      vertex 88.90490654205608 0.6032424918048311 0
    endloop
  endfacet
  facet normal 0.316013453074009 0.6408118911640261 -0.6996396341110368
    outer loop
      vertex 89.425 1.5040707856478956 1.0600000000000005
      vertex 89.55991405278014 1.4375385376120204 1.0600000000000005
      vertex 89.16185175350692 0.47653113603719716 0
    endloop
  endfacet
  facet normal 0.2296671780922559 0.6765776893218669 -0.6996396341110354
    outer loop
      vertex 89.55991405278014 1.4375385376120204 1.0600000000000005
      vertex 89.7023580981321 1.3891852997675715 1.0600000000000005
      vertex 89.43313791383387 0.384441893543523 0
    endloop
  endfacet
  facet normal 0.13939123401755424 0.7007670556326389 -0.6996396341110368
    outer loop
      vertex 89.7023580981321 1.3891852997675715 1.0600000000000005
      vertex 89.84989487894694 1.3598384094201181 1.0600000000000005
      vertex 89.71412324161898 0.3285504367948383 0
    endloop
  endfacet
  facet normal 0.04673026728227953 0.7129661033322002 -0.6996396341110365
    outer loop
      vertex 89.84989487894694 1.3598384094201181 1.0600000000000005
      vertex 90 1.35 1.0600000000000005
      vertex 90 0.30981308411215086 0
    endloop
  endfacet
  facet normal -0.04673026728227953 0.7129661033322002 -0.6996396341110365
    outer loop
      vertex 90 1.35 1.0600000000000005
      vertex 90.15010512105306 1.3598384094201181 1.0600000000000005
      vertex 90.28587675838102 0.3285504367948383 0
    endloop
  endfacet
  facet normal -0.13939123401755443 0.7007670556326399 -0.6996396341110358
    outer loop
      vertex 90.2976419018679 1.3891852997675715 1.0600000000000005
      vertex 90.56686208616613 0.384441893543523 0
      vertex 90.15010512105306 1.3598384094201181 1.0600000000000005
    endloop
  endfacet
  facet normal -0.5371864553043012 0.4710998775403985 -0.699639634111034
    outer loop
      vertex 90.91235634133493 1.7999243566399712 1.0600000000000005
      vertex 91.73759210558178 1.1666986832879105 0
      vertex 90.81317279836453 1.6868272016354704 1.0600000000000005
    endloop
  endfacet
  facet normal -0.22966717809225543 0.6765776893218655 -0.6996396341110369
    outer loop
      vertex 90.2976419018679 1.3891852997675715 1.0600000000000005
      vertex 90.44008594721986 1.4375385376120204 1.0600000000000005
      vertex 90.83814824649308 0.47653113603719716 0
    endloop
  endfacet
  facet normal -0.3160134530740098 0.6408118911640277 -0.699639634111035
    outer loop
      vertex 90.575 1.5040707856478956 1.0600000000000005
      vertex 91.09509345794392 0.6032424918048311 0
      vertex 90.44008594721986 1.4375385376120204 1.0600000000000005
    endloop
  endfacet
  facet normal -0.39695265025820975 0.594081623881734 -0.6996396341110367
    outer loop
      vertex 90.575 1.5040707856478956 1.0600000000000005
      vertex 90.70007564336002 1.5876436586650797 1.0600000000000005
      vertex 91.33330131671208 0.7624078944182163 0
    endloop
  endfacet
  facet normal -0.47109987754036636 0.537186455304328 -0.699639634111035
    outer loop
      vertex 90.70007564336002 1.5876436586650797 1.0600000000000005
      vertex 90.81317279836453 1.6868272016354704 1.0600000000000005
      vertex 91.54869602029035 0.9513039797096512 0
    endloop
  endfacet
  facet normal -0.6408118911640166 0.3160134530740448 -0.6996396341110294
    outer loop
      vertex 91.06246146238799 2.059914052780147 1.0600000000000005
      vertex 92.02346886396279 1.6618517535069277 0
      vertex 90.9959292143521 1.925 1.0600000000000005
    endloop
  endfacet
  facet normal -0.5940816238817627 0.39695265025815923 -0.6996396341110411
    outer loop
      vertex 90.9959292143521 1.925 1.0600000000000005
      vertex 91.89675750819518 1.4049065420560753 0
      vertex 90.91235634133493 1.7999243566399712 1.0600000000000005
    endloop
  endfacet
  facet normal -0.47109987754037486 -0.5371864553043201 -0.6996396341110355
    outer loop
      vertex 90.81317279836453 3.31317279836453 1.0600000000000005
      vertex 91.33330131671208 4.237592105581784 0
      vertex 91.54869602029035 4.0486960202903495 0
    endloop
  endfacet
  facet normal -0.5371864553043123 -0.47109987754038507 -0.6996396341110346
    outer loop
      vertex 90.91235634133493 3.200075643360029 1.0600000000000005
      vertex 91.54869602029035 4.0486960202903495 0
      vertex 91.73759210558178 3.83330131671209 0
    endloop
  endfacet
  facet normal -0.594081623881732 -0.3969526502582084 -0.699639634111039
    outer loop
      vertex 90.9959292143521 3.075 1.0600000000000005
      vertex 91.73759210558178 3.83330131671209 0
      vertex 91.89675750819518 3.5950934579439244 0
    endloop
  endfacet
  facet normal -0.6408118911640523 -0.31601345307396567 -0.6996396341110324
    outer loop
      vertex 91.06246146238799 2.940085947219853 1.0600000000000005
      vertex 91.89675750819518 3.5950934579439244 0
      vertex 92.02346886396279 3.3381482464930725 0
    endloop
  endfacet
  facet normal -0.676577689321859 -0.22966717809227521 -0.6996396341110365
    outer loop
      vertex 91.11081470023242 2.797641901867899 1.0600000000000005
      vertex 92.02346886396279 3.3381482464930725 0
      vertex 92.11555810645648 3.066862086166128 0
    endloop
  endfacet
  facet normal -0.7007670556326393 -0.1393912340175542 -0.6996396341110364
    outer loop
      vertex 91.14016159057988 2.650105121053059 1.0600000000000005
      vertex 92.11555810645648 3.066862086166128 0
      vertex 92.17144956320516 2.78587675838102 0
    endloop
  endfacet
  facet normal -0.7129661033322017 -0.046730267282290745 -0.6996396341110344
    outer loop
      vertex 91.15 2.5 1.0600000000000005
      vertex 92.17144956320516 2.78587675838102 0
      vertex 92.19018691588785 2.5 0
    endloop
  endfacet
  facet normal -0.7129661033321996 0.046730267282290586 -0.6996396341110364
    outer loop
      vertex 91.14016159057988 2.349894878946941 1.0600000000000005
      vertex 92.19018691588785 2.5 0
      vertex 92.17144956320516 2.21412324161898 0
    endloop
  endfacet
  facet normal -0.7007670556326384 0.13939123401755382 -0.6996396341110372
    outer loop
      vertex 91.11081470023242 2.202358098132101 1.0600000000000005
      vertex 92.17144956320516 2.21412324161898 0
      vertex 92.11555810645648 1.933137913833872 0
    endloop
  endfacet
  facet normal 0.3160134530740211 0.6408118911640216 -0.6996396341110354
    outer loop
      vertex 89.425 1.5040707856478956 1.0600000000000005
      vertex 89.16185175350692 0.47653113603719716 0
      vertex 88.90490654205608 0.6032424918048311 0
    endloop
  endfacet
  facet normal 0.22966717809224502 0.6765776893218693 -0.6996396341110366
    outer loop
      vertex 89.55991405278014 1.4375385376120204 1.0600000000000005
      vertex 89.43313791383387 0.384441893543523 0
      vertex 89.16185175350692 0.47653113603719716 0
    endloop
  endfacet
  facet normal 0.13939123401756148 0.7007670556326382 -0.699639634111036
    outer loop
      vertex 89.7023580981321 1.3891852997675715 1.0600000000000005
      vertex 89.71412324161898 0.3285504367948383 0
      vertex 89.43313791383387 0.384441893543523 0
    endloop
  endfacet
  facet normal 0.04673026728227991 0.7129661033322003 -0.6996396341110365
    outer loop
      vertex 89.84989487894694 1.3598384094201181 1.0600000000000005
      vertex 90 0.30981308411215086 0
      vertex 89.71412324161898 0.3285504367948383 0
    endloop
  endfacet
  facet normal -0.04673026728227956 0.7129661033322003 -0.6996396341110365
    outer loop
      vertex 90 1.35 1.0600000000000005
      vertex 90.28587675838102 0.3285504367948383 0
      vertex 90 0.30981308411215086 0
    endloop
  endfacet
  facet normal -0.13939123401756143 0.7007670556326376 -0.6996396341110366
    outer loop
      vertex 90.15010512105306 1.3598384094201181 1.0600000000000005
      vertex 90.56686208616613 0.384441893543523 0
      vertex 90.28587675838102 0.3285504367948383 0
    endloop
  endfacet
  facet normal -0.6765776893218641 0.22966717809227688 -0.6996396341110311
    outer loop
      vertex 91.06246146238799 2.059914052780147 1.0600000000000005
      vertex 92.11555810645648 1.933137913833872 0
      vertex 92.02346886396279 1.6618517535069277 0
    endloop
  endfacet
  facet normal -0.640811891164047 0.31601345307396267 -0.6996396341110385
    outer loop
      vertex 90.9959292143521 1.925 1.0600000000000005
      vertex 92.02346886396279 1.6618517535069277 0
      vertex 91.89675750819518 1.4049065420560753 0
    endloop
  endfacet
  facet normal -0.5371864553043111 0.4710998775403845 -0.6996396341110357
    outer loop
      vertex 90.81317279836453 1.6868272016354704 1.0600000000000005
      vertex 91.73759210558178 1.1666986832879105 0
      vertex 91.54869602029035 0.9513039797096512 0
    endloop
  endfacet
  facet normal -0.5940816238817348 0.3969526502582116 -0.699639634111035
    outer loop
      vertex 90.91235634133493 1.7999243566399712 1.0600000000000005
      vertex 91.89675750819518 1.4049065420560753 0
      vertex 91.73759210558178 1.1666986832879105 0
    endloop
  endfacet
  facet normal -0.4710998775403752 0.5371864553043185 -0.6996396341110365
    outer loop
      vertex 90.70007564336002 1.5876436586650797 1.0600000000000005
      vertex 91.54869602029035 0.9513039797096512 0
      vertex 91.33330131671208 0.7624078944182163 0
    endloop
  endfacet
  facet normal -0.2296671780922455 0.67657768932187 -0.6996396341110357
    outer loop
      vertex 90.2976419018679 1.3891852997675715 1.0600000000000005
      vertex 90.83814824649308 0.47653113603719716 0
      vertex 90.56686208616613 0.384441893543523 0
    endloop
  endfacet
  facet normal -0.3160134530740208 0.6408118911640208 -0.6996396341110362
    outer loop
      vertex 90.44008594721986 1.4375385376120204 1.0600000000000005
      vertex 91.09509345794392 0.6032424918048311 0
      vertex 90.83814824649308 0.47653113603719716 0
    endloop
  endfacet
  facet normal -0.3969526502581939 0.5940816238817472 -0.6996396341110346
    outer loop
      vertex 90.575 1.5040707856478956 1.0600000000000005
      vertex 91.33330131671208 0.7624078944182163 0
      vertex 91.09509345794392 0.6032424918048311 0
    endloop
  endfacet
endsolid OpenSCAD_Model
