solid OpenSCAD_Model
  facet normal -0.2275354805983098 -0.6702979110062836 -0.7063485793639771
    outer loop
      vertex 24.361923283120458 -2.023296176199718 0.39
      vertex 24.51116982174284 -1.6629831585203163 0
      vertex 24.63318629122548 -2.11537755957306 0.39
    endloop
  endfacet
  facet normal -0.3130803169961212 -0.6348640795793228 -0.7063485793639765
    outer loop
      vertex 24.361923283120458 -2.023296176199718 0.39
      vertex 24.300000000000004 -1.5588457268119897 0
      vertex 24.51116982174284 -1.6629831585203163 0
    endloop
  endfacet
  facet normal -0.39326826236785634 -0.5885675477331866 -0.7063485793639781
    outer loop
      vertex 24.105000000000004 -1.8965956342879207 0.39
      vertex 24.104229427784304 -1.4280360125242235 0
      vertex 24.300000000000004 -1.5588457268119897 0
    endloop
  endfacet
  facet normal -0.31308031699611694 -0.6348640795793231 -0.7063485793639778
    outer loop
      vertex 24.361923283120458 -2.023296176199718 0.39
      vertex 24.105000000000004 -1.8965956342879207 0.39
      vertex 24.300000000000004 -1.5588457268119897 0
    endloop
  endfacet
  facet normal -0.393268262367859 -0.5885675477331859 -0.7063485793639771
    outer loop
      vertex 23.866812470470904 -1.7374438152378053 0.39
      vertex 24.104229427784304 -1.4280360125242235 0
      vertex 24.105000000000004 -1.8965956342879207 0.39
    endloop
  endfacet
  facet normal -0.046296531846140215 -0.7063485793639778 -0.7063485793639777
    outer loop
      vertex 24.91414763903809 -2.171264246408645 0.39
      vertex 24.96505285400391 -1.784600750472859 0
      vertex 25.200000000000003 -2.1900000000000004 0.39
    endloop
  endfacet
  facet normal 0.046296531846140215 -0.7063485793639778 -0.706348579363978
    outer loop
      vertex 25.200000000000003 -2.1900000000000004 0.39
      vertex 25.200000000000003 -1.8000000000000003 0
      vertex 25.485852360961914 -2.171264246408645 0.39
    endloop
  endfacet
  facet normal -0.13809744904270607 -0.6942627593342363 -0.7063485793639777
    outer loop
      vertex 24.91414763903809 -2.171264246408645 0.39
      vertex 24.734125718815466 -1.7386664873203233 0
      vertex 24.96505285400391 -1.784600750472859 0
    endloop
  endfacet
  facet normal -0.2275354805983051 -0.6702979110062836 -0.7063485793639785
    outer loop
      vertex 24.63318629122548 -2.11537755957306 0.39
      vertex 24.51116982174284 -1.6629831585203163 0
      vertex 24.734125718815466 -1.7386664873203233 0
    endloop
  endfacet
  facet normal -0.04629653184613968 -0.7063485793639778 -0.7063485793639779
    outer loop
      vertex 24.96505285400391 -1.784600750472859 0
      vertex 25.200000000000003 -1.8000000000000003 0
      vertex 25.200000000000003 -2.1900000000000004 0.39
    endloop
  endfacet
  facet normal 0.046296531846139695 -0.7063485793639781 -0.7063485793639779
    outer loop
      vertex 25.200000000000003 -1.8000000000000003 0
      vertex 25.434947145996095 -1.784600750472859 0
      vertex 25.485852360961914 -2.171264246408645 0.39
    endloop
  endfacet
  facet normal 0.138097449042706 -0.6942627593342358 -0.7063485793639781
    outer loop
      vertex 25.434947145996095 -1.784600750472859 0
      vertex 25.66587428118454 -1.7386664873203233 0
      vertex 25.766813708774524 -2.11537755957306 0.39
    endloop
  endfacet
  facet normal -0.13809744904270455 -0.6942627593342361 -0.7063485793639782
    outer loop
      vertex 24.63318629122548 -2.11537755957306 0.39
      vertex 24.734125718815466 -1.7386664873203233 0
      vertex 24.91414763903809 -2.171264246408645 0.39
    endloop
  endfacet
  facet normal 0.13809744904270468 -0.6942627593342366 -0.7063485793639778
    outer loop
      vertex 25.434947145996095 -1.784600750472859 0
      vertex 25.766813708774524 -2.11537755957306 0.39
      vertex 25.485852360961914 -2.171264246408645 0.39
    endloop
  endfacet
  facet normal 0.22753548059830936 -0.6702979110062822 -0.7063485793639784
    outer loop
      vertex 25.66587428118454 -1.7386664873203233 0
      vertex 26.038076716879548 -2.023296176199718 0.39
      vertex 25.766813708774524 -2.11537755957306 0.39
    endloop
  endfacet
  facet normal 0 0 -1
    outer loop
      vertex 24.96505285400391 -1.784600750472859 0
      vertex 24.974926791322964 -1.6339535784293473 0
      vertex 25.200000000000003 -1.8000000000000003 0
    endloop
  endfacet
  facet normal 0 0 -1
    outer loop
      vertex 24.51116982174284 -1.6629831585203163 0
      vertex 24.734125718815466 -1.580599029306712 0
      vertex 24.734125718815466 -1.7386664873203233 0
    endloop
  endfacet
  facet normal 0 0 -1
    outer loop
      vertex 24.734125718815466 -1.7386664873203233 0
      vertex 24.744260518144845 -1.5840393301017952 0
      vertex 24.96505285400391 -1.6319895301818557 0
    endloop
  endfacet
  facet normal 0 0 -1
    outer loop
      vertex 24.734125718815466 -1.7386664873203233 0
      vertex 24.734125718815466 -1.580599029306712 0
      vertex 24.744260518144845 -1.5840393301017952 0
    endloop
  endfacet
  facet normal 0 0 -1
    outer loop
      vertex 24.734125718815466 -1.7386664873203233 0
      vertex 24.96505285400391 -1.6319895301818557 0
      vertex 24.96505285400391 -1.784600750472859 0
    endloop
  endfacet
  facet normal 0 0 -1
    outer loop
      vertex 24.96505285400391 -1.784600750472859 0
      vertex 24.96505285400391 -1.6319895301818557 0
      vertex 24.974926791322964 -1.6339535784293473 0
    endloop
  endfacet
  facet normal 0 0 -1
    outer loop
      vertex 24.974926791322964 -1.6339535784293473 0
      vertex 24.984631782836917 -1.4858840212667865 0
      vertex 25.200000000000003 -1.8000000000000003 0
    endloop
  endfacet
  facet normal 0 0 -1
    outer loop
      vertex 25.200000000000003 -1.8000000000000003 0
      vertex 25.434947145996095 -1.6319895301818557 0
      vertex 25.434947145996095 -1.784600750472859 0
    endloop
  endfacet
  facet normal 0.22753548059830564 -0.6702979110062851 -0.7063485793639769
    outer loop
      vertex 25.66587428118454 -1.7386664873203233 0
      vertex 25.888830178257166 -1.6629831585203163 0
      vertex 26.038076716879548 -2.023296176199718 0.39
    endloop
  endfacet
  facet normal 0 0 -1
    outer loop
      vertex 25.434947145996095 -1.784600750472859 0
      vertex 25.445081945325473 -1.629973593254331 0
      vertex 25.66587428118454 -1.7386664873203233 0
    endloop
  endfacet
  facet normal 0 0 -1
    outer loop
      vertex 25.434947145996095 -1.784600750472859 0
      vertex 25.434947145996095 -1.6319895301818557 0
      vertex 25.445081945325473 -1.629973593254331 0
    endloop
  endfacet
  facet normal 0 0 -1
    outer loop
      vertex 25.66587428118454 -1.7386664873203233 0
      vertex 25.445081945325473 -1.629973593254331 0
      vertex 25.66587428118454 -1.580599029306712 0
    endloop
  endfacet
  facet normal 0 0 -1
    outer loop
      vertex 25.66587428118454 -1.7386664873203233 0
      vertex 25.66587428118454 -1.580599029306712 0
      vertex 25.676470321114003 -1.5770021584255691 0
    endloop
  endfacet
  facet normal 0 0 -1
    outer loop
      vertex 25.66587428118454 -1.7386664873203233 0
      vertex 25.676470321114003 -1.5770021584255691 0
      vertex 25.888830178257166 -1.6629831585203163 0
    endloop
  endfacet
  facet normal 0.31308031699611744 -0.6348640795793243 -0.7063485793639768
    outer loop
      vertex 25.888830178257166 -1.6629831585203163 0
      vertex 26.295 -1.8965956342879207 0.39
      vertex 26.038076716879548 -2.023296176199718 0.39
    endloop
  endfacet
  facet normal 0.31308031699612043 -0.6348640795793214 -0.706348579363978
    outer loop
      vertex 25.888830178257166 -1.6629831585203163 0
      vertex 26.1 -1.5588457268119897 0
      vertex 26.295 -1.8965956342879207 0.39
    endloop
  endfacet
  facet normal 0.3932682623678586 -0.5885675477331852 -0.706348579363978
    outer loop
      vertex 26.295 -1.8965956342879207 0.39
      vertex 26.1 -1.5588457268119897 0
      vertex 26.5331875295291 -1.7374438152378053 0.39
    endloop
  endfacet
  facet normal 0 0 -1
    outer loop
      vertex 24.51116982174284 -1.6629831585203163 0
      vertex 24.300000000000004 -1.5588457268119897 0
      vertex 24.51116982174284 -1.4960934410003024 0
    endloop
  endfacet
  facet normal 0 0 -1
    outer loop
      vertex 24.51116982174284 -1.6629831585203163 0
      vertex 24.51116982174284 -1.4960934410003024 0
      vertex 24.521765861672304 -1.5013188296255624 0
    endloop
  endfacet
  facet normal 0 0 -1
    outer loop
      vertex 24.300000000000004 -1.5588457268119897 0
      vertex 24.311303899832183 -1.3863815427934194 0
      vertex 24.51116982174284 -1.4960934410003024 0
    endloop
  endfacet
  facet normal 0 0 -1
    outer loop
      vertex 24.104229427784304 -1.4280360125242235 0
      vertex 24.300000000000004 -1.3788285184003761 0
      vertex 24.300000000000004 -1.5588457268119897 0
    endloop
  endfacet
  facet normal 0 0 -1
    outer loop
      vertex 24.300000000000004 -1.5588457268119897 0
      vertex 24.300000000000004 -1.3788285184003761 0
      vertex 24.311303899832183 -1.3863815427934194 0
    endloop
  endfacet
  facet normal -0.46672727873593 -0.5322004619635771 -0.7063485793639771
    outer loop
      vertex 23.866812470470904 -1.7374438152378053 0.39
      vertex 23.927207793864216 -1.272792206135786 0
      vertex 24.104229427784304 -1.4280360125242235 0
    endloop
  endfacet
  facet normal -0.46672727873592745 -0.5322004619635781 -0.706348579363978
    outer loop
      vertex 23.866812470470904 -1.7374438152378053 0.39
      vertex 23.651436149201462 -1.5485638507985393 0.39
      vertex 23.927207793864216 -1.272792206135786 0
    endloop
  endfacet
  facet normal -0.5322004619635776 -0.466727278735928 -0.7063485793639781
    outer loop
      vertex 23.651436149201462 -1.5485638507985393 0.39
      vertex 23.77196398747578 -1.0957705722156974 0
      vertex 23.927207793864216 -1.272792206135786 0
    endloop
  endfacet
  facet normal 0 0 -1
    outer loop
      vertex 24.104229427784304 -1.4280360125242235 0
      vertex 24.116568777629244 -1.2397739141404092 0
      vertex 24.300000000000004 -1.3788285184003761 0
    endloop
  endfacet
  facet normal 0 0 -1
    outer loop
      vertex 23.927207793864216 -1.272792206135786 0
      vertex 24.104229427784304 -1.228952594757765 0
      vertex 24.104229427784304 -1.4280360125242235 0
    endloop
  endfacet
  facet normal 0 0 -1
    outer loop
      vertex 24.104229427784304 -1.4280360125242235 0
      vertex 24.104229427784304 -1.228952594757765 0
      vertex 24.116568777629244 -1.2397739141404092 0
    endloop
  endfacet
  facet normal -0.5322004619635763 -0.4667272787359288 -0.7063485793639785
    outer loop
      vertex 23.462556184762196 -1.3331875295290982 0.39
      vertex 23.77196398747578 -1.0957705722156974 0
      vertex 23.651436149201462 -1.5485638507985393 0.39
    endloop
  endfacet
  facet normal 0 0 -1
    outer loop
      vertex 23.927207793864216 -1.272792206135786 0
      vertex 23.77196398747578 -1.0957705722156974 0
      vertex 23.927207793864216 -1.0457810762280693 0
    endloop
  endfacet
  facet normal -0.5885675477331863 -0.39326826236785606 -0.7063485793639785
    outer loop
      vertex 23.462556184762196 -1.3331875295290982 0.39
      vertex 23.641154273188015 -0.9000000000000001 0
      vertex 23.77196398747578 -1.0957705722156974 0
    endloop
  endfacet
  facet normal 0 0 -1
    outer loop
      vertex 23.927207793864216 -1.272792206135786 0
      vertex 23.941052187210406 -1.0615675812603063 0
      vertex 24.104229427784304 -1.228952594757765 0
    endloop
  endfacet
  facet normal 0 0 -1
    outer loop
      vertex 23.927207793864216 -1.272792206135786 0
      vertex 23.927207793864216 -1.0457810762280693 0
      vertex 23.941052187210406 -1.0615675812603063 0
    endloop
  endfacet
  facet normal 0 0 -1
    outer loop
      vertex 24.311303899832183 -1.3863815427934194 0
      vertex 24.375000000000004 -0.4145668501920714 0
      vertex 24.51116982174284 -1.4960934410003024 0
    endloop
  endfacet
  facet normal -0.5885675477331869 -0.39326826236785567 -0.7063485793639783
    outer loop
      vertex 23.462556184762196 -1.3331875295290982 0.39
      vertex 23.303404365712083 -1.0950000000000002 0.39
      vertex 23.641154273188015 -0.9000000000000001 0
    endloop
  endfacet
  facet normal 0 0 -1
    outer loop
      vertex 23.77196398747578 -1.0957705722156974 0
      vertex 23.788044941278066 -0.850422628857583 0
      vertex 23.927207793864216 -1.0457810762280693 0
    endloop
  endfacet
  facet normal 0 0 -1
    outer loop
      vertex 23.641154273188015 -0.9000000000000001 0
      vertex 23.77196398747578 -0.8263557807279217 0
      vertex 23.77196398747578 -1.0957705722156974 0
    endloop
  endfacet
  facet normal 0 0 -1
    outer loop
      vertex 23.77196398747578 -1.0957705722156974 0
      vertex 23.77196398747578 -0.8263557807279217 0
      vertex 23.788044941278066 -0.850422628857583 0
    endloop
  endfacet
  facet normal -0.6348640795793219 -0.31308031699611905 -0.706348579363978
    outer loop
      vertex 23.303404365712083 -1.0950000000000002 0.39
      vertex 23.537016841479687 -0.6888301782571618 0
      vertex 23.641154273188015 -0.9000000000000001 0
    endloop
  endfacet
  facet normal 0 0 -1
    outer loop
      vertex 24.300000000000004 -1.3788285184003761 0
      vertex 24.116568777629244 -1.2397739141404092 0
      vertex 24.195543642135615 -0.03485032429295343 0
    endloop
  endfacet
  facet normal -0.6348640795793217 -0.3130803169961192 -0.7063485793639782
    outer loop
      vertex 23.176703823800285 -0.8380767168795467 0.39
      vertex 23.537016841479687 -0.6888301782571618 0
      vertex 23.303404365712083 -1.0950000000000002 0.39
    endloop
  endfacet
  facet normal 0 0 -1
    outer loop
      vertex 23.641154273188015 -0.9000000000000001 0
      vertex 23.661482979253496 -0.5898438808033823 0
      vertex 23.77196398747578 -0.8263557807279217 0
    endloop
  endfacet
  facet normal 0 0 -1
    outer loop
      vertex 23.788044941278066 -0.850422628857583 0
      vertex 23.927207793864216 -0.4515285174951371 0
      vertex 23.927207793864216 -1.0457810762280693 0
    endloop
  endfacet
  facet normal 0 0 -1
    outer loop
      vertex 23.77196398747578 -0.8263557807279217 0
      vertex 23.661482979253496 -0.5898438808033823 0
      vertex 23.77196398747578 -0.8111785801178418 0
    endloop
  endfacet
  facet normal 0 0 -1
    outer loop
      vertex 23.537016841479687 -0.6888301782571618 0
      vertex 23.641154273188015 -0.5299574438691383 0
      vertex 23.641154273188015 -0.9000000000000001 0
    endloop
  endfacet
  facet normal 0 0 -1
    outer loop
      vertex 23.641154273188015 -0.9000000000000001 0
      vertex 23.641154273188015 -0.5299574438691383 0
      vertex 23.661482979253496 -0.5898438808033823 0
    endloop
  endfacet
  facet normal -0.6702979110062824 -0.22753548059830841 -0.7063485793639784
    outer loop
      vertex 23.176703823800285 -0.8380767168795467 0.39
      vertex 23.46133351267968 -0.4658742811845374 0
      vertex 23.537016841479687 -0.6888301782571618 0
    endloop
  endfacet
  facet normal 0 0 -1
    outer loop
      vertex 23.941052187210406 -1.0615675812603063 0
      vertex 24.104229427784304 -0.08415267675073301 0
      vertex 24.104229427784304 -1.228952594757765 0
    endloop
  endfacet
  facet normal -0.6702979110062853 -0.22753548059830486 -0.7063485793639771
    outer loop
      vertex 23.176703823800285 -0.8380767168795467 0.39
      vertex 23.084622440426944 -0.5668137087745204 0.39
      vertex 23.46133351267968 -0.4658742811845374 0
    endloop
  endfacet
  facet normal 0 0 -1
    outer loop
      vertex 23.661482979253496 -0.5898438808033823 0
      vertex 23.67559877135638 -0.37447851106886143 0
      vertex 23.77196398747578 -0.8111785801178418 0
    endloop
  endfacet
  facet normal -0.6942627593342374 -0.13809744904270513 -0.7063485793639769
    outer loop
      vertex 23.084622440426944 -0.5668137087745204 0.39
      vertex 23.415399249527145 -0.23494714599609287 0
      vertex 23.46133351267968 -0.4658742811845374 0
    endloop
  endfacet
  facet normal 0 0 -1
    outer loop
      vertex 24.51116982174284 -1.4960934410003024 0
      vertex 24.375000000000004 -0.4145668501920714 0
      vertex 24.51116982174284 0.6486080924680634 0
    endloop
  endfacet
  facet normal -0.6942627593342369 -0.13809744904270607 -0.7063485793639771
    outer loop
      vertex 23.084622440426944 -0.5668137087745204 0.39
      vertex 23.02873575359136 -0.28585236096191297 0.39
      vertex 23.415399249527145 -0.23494714599609287 0
    endloop
  endfacet
  facet normal -0.7063485793639771 -0.046296531846145385 -0.7063485793639782
    outer loop
      vertex 23.02873575359136 -0.28585236096191297 0.39
      vertex 23.01 0 0.39
      vertex 23.400000000000002 0 0
    endloop
  endfacet
  facet normal 0 0 -1
    outer loop
      vertex 24.300000000000004 -1.3788285184003761 0
      vertex 24.195543642135615 -0.03485032429295343 0
      vertex 24.300000000000004 0.28466303962440564 0
    endloop
  endfacet
  facet normal 0 0 -1
    outer loop
      vertex 23.941052187210406 -1.0615675812603063 0
      vertex 24.0332738110422 0.3454625003171541 0
      vertex 24.104229427784304 -0.08415267675073301 0
    endloop
  endfacet
  facet normal 0 0 -1
    outer loop
      vertex 23.537016841479687 -0.6888301782571618 0
      vertex 23.46133351267968 -0.4658742811845374 0
      vertex 23.537016841479687 0.6888301782571618 0
    endloop
  endfacet
  facet normal 0 0 -1
    outer loop
      vertex 23.537016841479687 -0.6888301782571618 0
      vertex 23.537016841479687 0.6888301782571618 0
      vertex 23.641154273188015 -0.5299574438691383 0
    endloop
  endfacet
  facet normal 0 0 -1
    outer loop
      vertex 23.788044941278066 -0.850422628857583 0
      vertex 23.890966988519466 0.7198643657665331 0
      vertex 23.927207793864216 -0.4515285174951371 0
    endloop
  endfacet
  facet normal -0.7063485793639781 -0.0462965318461429 -0.7063485793639772
    outer loop
      vertex 23.02873575359136 -0.28585236096191297 0.39
      vertex 23.400000000000002 0 0
      vertex 23.415399249527145 -0.23494714599609287 0
    endloop
  endfacet
  facet normal 0 0 -1
    outer loop
      vertex 23.46133351267968 -0.4658742811845374 0
      vertex 23.415399249527145 -0.23494714599609287 0
      vertex 23.46133351267968 0.4658742811845374 0
    endloop
  endfacet
  facet normal 0 0 -1
    outer loop
      vertex 23.77196398747578 -0.8111785801178418 0
      vertex 23.67559877135638 -0.37447851106886143 0
      vertex 23.77196398747578 1.0957705722156974 0
    endloop
  endfacet
  facet normal 0 0 -1
    outer loop
      vertex 24.51116982174284 -1.6629831585203163 0
      vertex 24.521765861672304 -1.5013188296255624 0
      vertex 24.734125718815466 -1.580599029306712 0
    endloop
  endfacet
  facet normal 0 0 -1
    outer loop
      vertex 24.744260518144845 -1.5840393301017952 0
      vertex 24.772948575580845 -1.146344154964819 0
      vertex 24.96505285400391 -1.6319895301818557 0
    endloop
  endfacet
  facet normal 0 0 -1
    outer loop
      vertex 25.200000000000003 -1.8000000000000003 0
      vertex 25.434947145996095 -1.3371672920607147 0
      vertex 25.434947145996095 -1.6319895301818557 0
    endloop
  endfacet
  facet normal 0 0 -1
    outer loop
      vertex 25.676470321114003 -1.5770021584255691 0
      vertex 25.888830178257166 -1.4960934410003024 0
      vertex 25.888830178257166 -1.6629831585203163 0
    endloop
  endfacet
  facet normal 0 0 -1
    outer loop
      vertex 24.521765861672304 -1.5013188296255624 0
      vertex 24.568572336597605 -0.7871900223447572 0
      vertex 24.734125718815466 -1.580599029306712 0
    endloop
  endfacet
  facet normal 0 0 -1
    outer loop
      vertex 25.445081945325473 -1.629973593254331 0
      vertex 25.66587428118454 -1.0014552810214585 0
      vertex 25.66587428118454 -1.580599029306712 0
    endloop
  endfacet
  facet normal 0 0 -1
    outer loop
      vertex 25.676470321114003 -1.5770021584255691 0
      vertex 25.888830178257166 -0.6486080924680634 0
      vertex 25.888830178257166 -1.4960934410003024 0
    endloop
  endfacet
  facet normal 0 0 -1
    outer loop
      vertex 25.888830178257166 -1.6629831585203163 0
      vertex 25.900134078089348 -1.490518974501746 0
      vertex 26.1 -1.5588457268119897 0
    endloop
  endfacet
  facet normal 0 0 -1
    outer loop
      vertex 25.888830178257166 -1.6629831585203163 0
      vertex 25.888830178257166 -1.4960934410003024 0
      vertex 25.900134078089348 -1.490518974501746 0
    endloop
  endfacet
  facet normal 0.39326826236785695 -0.5885675477331875 -0.7063485793639772
    outer loop
      vertex 26.1 -1.5588457268119897 0
      vertex 26.2957705722157 -1.4280360125242235 0
      vertex 26.5331875295291 -1.7374438152378053 0.39
    endloop
  endfacet
  facet normal 0 0 -1
    outer loop
      vertex 25.900134078089348 -1.490518974501746 0
      vertex 26.1 -1.3788285184003761 0
      vertex 26.1 -1.5588457268119897 0
    endloop
  endfacet
  facet normal 0 0 -1
    outer loop
      vertex 26.1 -1.5588457268119897 0
      vertex 26.11233934984494 -1.3705836284281756 0
      vertex 26.2957705722157 -1.4280360125242235 0
    endloop
  endfacet
  facet normal 0 0 -1
    outer loop
      vertex 26.1 -1.5588457268119897 0
      vertex 26.1 -1.3788285184003761 0
      vertex 26.11233934984494 -1.3705836284281756 0
    endloop
  endfacet
  facet normal 0.466727278735928 -0.5322004619635786 -0.7063485793639772
    outer loop
      vertex 26.2957705722157 -1.4280360125242235 0
      vertex 26.748563850798543 -1.5485638507985393 0.39
      vertex 26.5331875295291 -1.7374438152378053 0.39
    endloop
  endfacet
  facet normal 0 0 -1
    outer loop
      vertex 26.2957705722157 -1.4280360125242235 0
      vertex 26.11233934984494 -1.3705836284281756 0
      vertex 26.2957705722157 -1.228952594757765 0
    endloop
  endfacet
  facet normal 0.4667272787359294 -0.5322004619635764 -0.7063485793639781
    outer loop
      vertex 26.2957705722157 -1.4280360125242235 0
      vertex 26.47279220613579 -1.272792206135786 0
      vertex 26.748563850798543 -1.5485638507985393 0.39
    endloop
  endfacet
  facet normal 0 0 -1
    outer loop
      vertex 26.2957705722157 -1.4280360125242235 0
      vertex 26.309614965561888 -1.216811387648744 0
      vertex 26.47279220613579 -1.272792206135786 0
    endloop
  endfacet
  facet normal 0 0 -1
    outer loop
      vertex 26.2957705722157 -1.4280360125242235 0
      vertex 26.2957705722157 -1.228952594757765 0
      vertex 26.309614965561888 -1.216811387648744 0
    endloop
  endfacet
  facet normal 0.5322004619635772 -0.4667272787359276 -0.7063485793639784
    outer loop
      vertex 26.47279220613579 -1.272792206135786 0
      vertex 26.628036012524227 -1.0957705722156974 0
      vertex 26.93744381523781 -1.3331875295290982 0.39
    endloop
  endfacet
  facet normal 0.5322004619635766 -0.46672727873592895 -0.7063485793639781
    outer loop
      vertex 26.47279220613579 -1.272792206135786 0
      vertex 26.93744381523781 -1.3331875295290982 0.39
      vertex 26.748563850798543 -1.5485638507985393 0.39
    endloop
  endfacet
  facet normal 0 0 -1
    outer loop
      vertex 26.309614965561888 -1.216811387648744 0
      vertex 26.47279220613579 -1.0457810762280693 0
      vertex 26.47279220613579 -1.272792206135786 0
    endloop
  endfacet
  facet normal 0 0 -1
    outer loop
      vertex 26.47279220613579 -1.272792206135786 0
      vertex 26.488873159938077 -1.0274442627776716 0
      vertex 26.628036012524227 -1.0957705722156974 0
    endloop
  endfacet
  facet normal 0 0 -1
    outer loop
      vertex 25.900134078089348 -1.490518974501746 0
      vertex 26.1 -0.28466303962440564 0
      vertex 26.1 -1.3788285184003761 0
    endloop
  endfacet
  facet normal 0 0 -1
    outer loop
      vertex 26.47279220613579 -1.272792206135786 0
      vertex 26.47279220613579 -1.0457810762280693 0
      vertex 26.488873159938077 -1.0274442627776716 0
    endloop
  endfacet
  facet normal 0.5885675477331865 -0.3932682623678561 -0.7063485793639781
    outer loop
      vertex 26.628036012524227 -1.0957705722156974 0
      vertex 26.75884572681199 -0.9000000000000001 0
      vertex 27.096595634287922 -1.095 0.39
    endloop
  endfacet
  facet normal 0.5885675477331869 -0.39326826236785534 -0.7063485793639784
    outer loop
      vertex 26.93744381523781 -1.3331875295290982 0.39
      vertex 26.628036012524227 -1.0957705722156974 0
      vertex 27.096595634287922 -1.095 0.39
    endloop
  endfacet
  facet normal 0 0 -1
    outer loop
      vertex 26.488873159938077 -1.0274442627776716 0
      vertex 26.50903301148054 -0.7198643657665331 0
      vertex 26.628036012524227 -1.0957705722156974 0
    endloop
  endfacet
  facet normal 0 0 -1
    outer loop
      vertex 26.11233934984494 -1.3705836284281756 0
      vertex 26.20445635786439 0.03485032429295343 0
      vertex 26.2957705722157 -1.228952594757765 0
    endloop
  endfacet
  facet normal 0 0 -1
    outer loop
      vertex 26.309614965561888 -1.216811387648744 0
      vertex 26.366726188957806 -0.3454625003171541 0
      vertex 26.47279220613579 -1.0457810762280693 0
    endloop
  endfacet
  facet normal 0 0 -1
    outer loop
      vertex 26.50903301148054 -0.7198643657665331 0
      vertex 26.75884572681199 -0.9000000000000001 0
      vertex 26.628036012524227 -1.0957705722156974 0
    endloop
  endfacet
  facet normal 0.6348640795793216 -0.31308031699611943 -0.706348579363978
    outer loop
      vertex 26.75884572681199 -0.9000000000000001 0
      vertex 27.22329617619972 -0.8380767168795467 0.39
      vertex 27.096595634287922 -1.095 0.39
    endloop
  endfacet
  facet normal 0 0 -1
    outer loop
      vertex 24.984631782836917 -1.4858840212667865 0
      vertex 24.96505285400391 1.3371672920607147 0
      vertex 25.200000000000003 -1.8000000000000003 0
    endloop
  endfacet
  facet normal 0 0 -1
    outer loop
      vertex 24.734125718815466 -1.580599029306712 0
      vertex 24.568572336597605 -0.7871900223447572 0
      vertex 24.734125718815466 1.0014552810214585 0
    endloop
  endfacet
  facet normal 0 0 -1
    outer loop
      vertex 24.772948575580845 -1.146344154964819 0
      vertex 24.96505285400391 1.3371672920607147 0
      vertex 24.96505285400391 -1.6319895301818557 0
    endloop
  endfacet
  facet normal 0 0 -1
    outer loop
      vertex 25.200000000000003 -1.8000000000000003 0
      vertex 25.434947145996095 1.784600750472859 0
      vertex 25.434947145996095 -1.3371672920607147 0
    endloop
  endfacet
  facet normal 0 0 -1
    outer loop
      vertex 25.445081945325473 -1.629973593254331 0
      vertex 25.62705142441916 1.146344154964819 0
      vertex 25.66587428118454 -1.0014552810214585 0
    endloop
  endfacet
  facet normal 0 0 -1
    outer loop
      vertex 25.676470321114003 -1.5770021584255691 0
      vertex 25.8314276634024 0.7871900223447572 0
      vertex 25.888830178257166 -0.6486080924680634 0
    endloop
  endfacet
  facet normal 0 0 -1
    outer loop
      vertex 26.50903301148054 -0.7198643657665331 0
      vertex 26.75884572681199 -0.5299574438691383 0
      vertex 26.75884572681199 -0.9000000000000001 0
    endloop
  endfacet
  facet normal 0.6348640795793218 -0.313080316996119 -0.7063485793639782
    outer loop
      vertex 26.75884572681199 -0.9000000000000001 0
      vertex 26.86298315852032 -0.6888301782571618 0
      vertex 27.22329617619972 -0.8380767168795467 0.39
    endloop
  endfacet
  facet normal 0 0 -1
    outer loop
      vertex 26.75884572681199 -0.9000000000000001 0
      vertex 26.788903248311613 -0.4414108408591701 0
      vertex 26.86298315852032 -0.6888301782571618 0
    endloop
  endfacet
  facet normal 0 0 -1
    outer loop
      vertex 26.75884572681199 -0.9000000000000001 0
      vertex 26.75884572681199 -0.5299574438691383 0
      vertex 26.788903248311613 -0.4414108408591701 0
    endloop
  endfacet
  facet normal 0.6702979110062841 -0.22753548059830447 -0.7063485793639783
    outer loop
      vertex 26.86298315852032 -0.6888301782571618 0
      vertex 27.31537755957306 -0.5668137087745204 0.39
      vertex 27.22329617619972 -0.8380767168795467 0.39
    endloop
  endfacet
  facet normal 0 0 -1
    outer loop
      vertex 25.900134078089348 -1.490518974501746 0
      vertex 26.025000000000002 0.4145668501920714 0
      vertex 26.1 -0.28466303962440564 0
    endloop
  endfacet
  facet normal 0.670297911006284 -0.22753548059830891 -0.7063485793639769
    outer loop
      vertex 26.86298315852032 -0.6888301782571618 0
      vertex 26.938666487320326 -0.4658742811845374 0
      vertex 27.31537755957306 -0.5668137087745204 0.39
    endloop
  endfacet
  facet normal 0 0 -1
    outer loop
      vertex 26.788903248311613 -0.4414108408591701 0
      vertex 26.793777613376964 -0.3670424011095811 0
      vertex 26.86298315852032 -0.6888301782571618 0
    endloop
  endfacet
  facet normal 0 0 -1
    outer loop
      vertex 26.50903301148054 -0.7198643657665331 0
      vertex 26.75884572681199 -0.1059061744712596 0
      vertex 26.75884572681199 -0.5299574438691383 0
    endloop
  endfacet
  facet normal 0.6942627593342372 -0.13809744904270616 -0.7063485793639769
    outer loop
      vertex 27.31537755957306 -0.5668137087745204 0.39
      vertex 26.938666487320326 -0.4658742811845374 0
      vertex 27.371264246408646 -0.28585236096191297 0.39
    endloop
  endfacet
  facet normal 0 0 -1
    outer loop
      vertex 26.2957705722157 -1.228952594757765 0
      vertex 26.20445635786439 0.03485032429295343 0
      vertex 26.2957705722157 0.08415267675073301 0
    endloop
  endfacet
  facet normal 0 0 -1
    outer loop
      vertex 26.47279220613579 -1.0457810762280693 0
      vertex 26.366726188957806 -0.3454625003171541 0
      vertex 26.47279220613579 0.4515285174951371 0
    endloop
  endfacet
  facet normal 0.6942627593342371 -0.13809744904270507 -0.7063485793639772
    outer loop
      vertex 26.938666487320326 -0.4658742811845374 0
      vertex 26.98460075047286 -0.23494714599609287 0
      vertex 27.371264246408646 -0.28585236096191297 0.39
    endloop
  endfacet
  facet normal 0 0 -1
    outer loop
      vertex 26.86298315852032 -0.6888301782571618 0
      vertex 26.938666487320326 0.4658742811845374 0
      vertex 26.938666487320326 -0.4658742811845374 0
    endloop
  endfacet
  facet normal 0 0 -1
    outer loop
      vertex 26.793777613376964 -0.3670424011095811 0
      vertex 26.86298315852032 0.6888301782571618 0
      vertex 26.86298315852032 -0.6888301782571618 0
    endloop
  endfacet
  facet normal 0 0 -1
    outer loop
      vertex 26.938666487320326 -0.4658742811845374 0
      vertex 26.98460075047286 0.23494714599609287 0
      vertex 26.98460075047286 -0.23494714599609287 0
    endloop
  endfacet
  facet normal 0.7063485793639772 -0.04629653184614275 -0.7063485793639782
    outer loop
      vertex 26.98460075047286 -0.23494714599609287 0
      vertex 27.000000000000004 0 0
      vertex 27.390000000000004 0 0.39
    endloop
  endfacet
  facet normal 0.7063485793639779 -0.0462965318461455 -0.7063485793639773
    outer loop
      vertex 26.98460075047286 -0.23494714599609287 0
      vertex 27.390000000000004 0 0.39
      vertex 27.371264246408646 -0.28585236096191297 0.39
    endloop
  endfacet
  facet normal -0.7063485793639779 0.04629653184614543 -0.7063485793639773
    outer loop
      vertex 23.01 0 0.39
      vertex 23.02873575359136 0.28585236096191297 0.39
      vertex 23.415399249527145 0.23494714599609287 0
    endloop
  endfacet
  facet normal 0 0 -1
    outer loop
      vertex 23.415399249527145 -0.23494714599609287 0
      vertex 23.400000000000002 0 0
      vertex 23.415399249527145 0.23494714599609287 0
    endloop
  endfacet
  facet normal 0 0 -1
    outer loop
      vertex 23.641154273188015 -0.5299574438691383 0
      vertex 23.537016841479687 0.6888301782571618 0
      vertex 23.641154273188015 0.1059061744712596 0
    endloop
  endfacet
  facet normal -0.7063485793639772 0.04629653184614283 -0.7063485793639782
    outer loop
      vertex 23.01 0 0.39
      vertex 23.415399249527145 0.23494714599609287 0
      vertex 23.400000000000002 0 0
    endloop
  endfacet
  facet normal 0 0 -1
    outer loop
      vertex 23.415399249527145 -0.23494714599609287 0
      vertex 23.415399249527145 0.23494714599609287 0
      vertex 23.46133351267968 0.4658742811845374 0
    endloop
  endfacet
  facet normal 0 0 -1
    outer loop
      vertex 23.46133351267968 -0.4658742811845374 0
      vertex 23.46133351267968 0.4658742811845374 0
      vertex 23.537016841479687 0.6888301782571618 0
    endloop
  endfacet
  facet normal 0 0 -1
    outer loop
      vertex 23.67559877135638 -0.37447851106886143 0
      vertex 23.641154273188015 0.1059061744712596 0
      vertex 23.77196398747578 1.0957705722156974 0
    endloop
  endfacet
  facet normal 0 0 -1
    outer loop
      vertex 23.77196398747578 -0.8111785801178418 0
      vertex 23.77196398747578 1.0957705722156974 0
      vertex 23.890966988519466 0.7198643657665331 0
    endloop
  endfacet
  facet normal -0.6942627593342369 0.1380974490427051 -0.7063485793639772
    outer loop
      vertex 23.02873575359136 0.28585236096191297 0.39
      vertex 23.46133351267968 0.4658742811845374 0
      vertex 23.415399249527145 0.23494714599609287 0
    endloop
  endfacet
  facet normal 0 0 -1
    outer loop
      vertex 23.927207793864216 -0.4515285174951371 0
      vertex 23.927207793864216 1.272792206135786 0
      vertex 24.0332738110422 0.3454625003171541 0
    endloop
  endfacet
  facet normal -0.6942627593342372 0.13809744904270616 -0.7063485793639769
    outer loop
      vertex 23.02873575359136 0.28585236096191297 0.39
      vertex 23.084622440426944 0.5668137087745204 0.39
      vertex 23.46133351267968 0.4658742811845374 0
    endloop
  endfacet
  facet normal 0 0 -1
    outer loop
      vertex 23.537016841479687 0.6888301782571618 0
      vertex 23.641154273188015 0.9000000000000001 0
      vertex 23.641154273188015 0.1059061744712596 0
    endloop
  endfacet
  facet normal -0.670297911006284 0.22753548059830891 -0.7063485793639769
    outer loop
      vertex 23.46133351267968 0.4658742811845374 0
      vertex 23.084622440426944 0.5668137087745204 0.39
      vertex 23.537016841479687 0.6888301782571618 0
    endloop
  endfacet
  facet normal 0 0 -1
    outer loop
      vertex 24.104229427784304 -0.08415267675073301 0
      vertex 24.104229427784304 1.4280360125242235 0
      vertex 24.195543642135615 -0.03485032429295343 0
    endloop
  endfacet
  facet normal 0 0 -1
    outer loop
      vertex 24.375000000000004 -0.4145668501920714 0
      vertex 24.300000000000004 0.28466303962440564 0
      vertex 24.499865921910658 1.490518974501746 0
    endloop
  endfacet
  facet normal 0 0 -1
    outer loop
      vertex 23.927207793864216 -0.4515285174951371 0
      vertex 23.890966988519466 0.7198643657665331 0
      vertex 23.927207793864216 1.272792206135786 0
    endloop
  endfacet
  facet normal 0 0 -1
    outer loop
      vertex 24.104229427784304 -0.08415267675073301 0
      vertex 24.0332738110422 0.3454625003171541 0
      vertex 24.104229427784304 1.4280360125242235 0
    endloop
  endfacet
  facet normal 0 0 -1
    outer loop
      vertex 23.641154273188015 0.1059061744712596 0
      vertex 23.641154273188015 0.9000000000000001 0
      vertex 23.77196398747578 1.0957705722156974 0
    endloop
  endfacet
  facet normal -0.6348640795793218 0.313080316996119 -0.7063485793639782
    outer loop
      vertex 23.176703823800285 0.8380767168795467 0.39
      vertex 23.641154273188015 0.9000000000000001 0
      vertex 23.537016841479687 0.6888301782571618 0
    endloop
  endfacet
  facet normal -0.6702979110062841 0.22753548059830447 -0.7063485793639783
    outer loop
      vertex 23.084622440426944 0.5668137087745204 0.39
      vertex 23.176703823800285 0.8380767168795467 0.39
      vertex 23.537016841479687 0.6888301782571618 0
    endloop
  endfacet
  facet normal 0 0 -1
    outer loop
      vertex 24.195543642135615 -0.03485032429295343 0
      vertex 24.104229427784304 1.4280360125242235 0
      vertex 24.287660650155065 1.3705836284281756 0
    endloop
  endfacet
  facet normal 0 0 -1
    outer loop
      vertex 24.0332738110422 0.3454625003171541 0
      vertex 23.927207793864216 1.272792206135786 0
      vertex 24.104229427784304 1.4280360125242235 0
    endloop
  endfacet
  facet normal -0.6348640795793216 0.31308031699611943 -0.706348579363978
    outer loop
      vertex 23.176703823800285 0.8380767168795467 0.39
      vertex 23.303404365712083 1.095 0.39
      vertex 23.641154273188015 0.9000000000000001 0
    endloop
  endfacet
  facet normal 0 0 -1
    outer loop
      vertex 23.77196398747578 1.0957705722156974 0
      vertex 23.927207793864216 1.272792206135786 0
      vertex 23.890966988519466 0.7198643657665331 0
    endloop
  endfacet
  facet normal -0.5885675477331865 0.3932682623678562 -0.7063485793639782
    outer loop
      vertex 23.303404365712083 1.095 0.39
      vertex 23.77196398747578 1.0957705722156974 0
      vertex 23.641154273188015 0.9000000000000001 0
    endloop
  endfacet
  facet normal 0 0 -1
    outer loop
      vertex 24.300000000000004 0.28466303962440564 0
      vertex 24.287660650155065 1.3705836284281756 0
      vertex 24.300000000000004 1.5588457268119897 0
    endloop
  endfacet
  facet normal 0 0 -1
    outer loop
      vertex 24.300000000000004 0.28466303962440564 0
      vertex 24.300000000000004 1.5588457268119897 0
      vertex 24.499865921910658 1.490518974501746 0
    endloop
  endfacet
  facet normal -0.5885675477331869 0.39326826236785534 -0.7063485793639784
    outer loop
      vertex 23.303404365712083 1.095 0.39
      vertex 23.462556184762196 1.3331875295290982 0.39
      vertex 23.77196398747578 1.0957705722156974 0
    endloop
  endfacet
  facet normal -0.5322004619635772 0.4667272787359276 -0.7063485793639784
    outer loop
      vertex 23.77196398747578 1.0957705722156974 0
      vertex 23.462556184762196 1.3331875295290982 0.39
      vertex 23.927207793864216 1.272792206135786 0
    endloop
  endfacet
  facet normal 0 0 -1
    outer loop
      vertex 24.51116982174284 0.6486080924680634 0
      vertex 24.499865921910658 1.490518974501746 0
      vertex 24.51116982174284 1.6629831585203163 0
    endloop
  endfacet
  facet normal -0.46672727873592945 0.5322004619635764 -0.7063485793639782
    outer loop
      vertex 23.651436149201462 1.5485638507985393 0.39
      vertex 24.104229427784304 1.4280360125242235 0
      vertex 23.927207793864216 1.272792206135786 0
    endloop
  endfacet
  facet normal -0.5322004619635766 0.466727278735929 -0.7063485793639781
    outer loop
      vertex 23.462556184762196 1.3331875295290982 0.39
      vertex 23.651436149201462 1.5485638507985393 0.39
      vertex 23.927207793864216 1.272792206135786 0
    endloop
  endfacet
  facet normal 0 0 -1
    outer loop
      vertex 24.287660650155065 1.3705836284281756 0
      vertex 24.104229427784304 1.4280360125242235 0
      vertex 24.300000000000004 1.5588457268119897 0
    endloop
  endfacet
  facet normal 0 0 -1
    outer loop
      vertex 24.300000000000004 1.5588457268119897 0
      vertex 24.51116982174284 1.6629831585203163 0
      vertex 24.499865921910658 1.490518974501746 0
    endloop
  endfacet
  facet normal -0.39326826236785695 0.5885675477331874 -0.7063485793639772
    outer loop
      vertex 23.866812470470904 1.7374438152378053 0.39
      vertex 24.300000000000004 1.5588457268119897 0
      vertex 24.104229427784304 1.4280360125242235 0
    endloop
  endfacet
  facet normal -0.466727278735928 0.5322004619635787 -0.7063485793639771
    outer loop
      vertex 23.651436149201462 1.5485638507985393 0.39
      vertex 23.866812470470904 1.7374438152378053 0.39
      vertex 24.104229427784304 1.4280360125242235 0
    endloop
  endfacet
  facet normal 0 0 -1
    outer loop
      vertex 26.50903301148054 -0.7198643657665331 0
      vertex 26.47279220613579 0.4515285174951371 0
      vertex 26.61195505872194 0.850422628857583 0
    endloop
  endfacet
  facet normal 0 0 -1
    outer loop
      vertex 26.50903301148054 -0.7198643657665331 0
      vertex 26.75884572681199 0.9000000000000001 0
      vertex 26.75884572681199 -0.1059061744712596 0
    endloop
  endfacet
  facet normal 0 0 -1
    outer loop
      vertex 26.793777613376964 -0.3670424011095811 0
      vertex 26.75884572681199 -0.1059061744712596 0
      vertex 26.86298315852032 0.6888301782571618 0
    endloop
  endfacet
  facet normal 0 0 -1
    outer loop
      vertex 26.98460075047286 -0.23494714599609287 0
      vertex 26.98460075047286 0.23494714599609287 0
      vertex 27.000000000000004 0 0
    endloop
  endfacet
  facet normal 0 0 -1
    outer loop
      vertex 26.938666487320326 -0.4658742811845374 0
      vertex 26.938666487320326 0.4658742811845374 0
      vertex 26.98460075047286 0.23494714599609287 0
    endloop
  endfacet
  facet normal 0 0 -1
    outer loop
      vertex 26.86298315852032 -0.6888301782571618 0
      vertex 26.86298315852032 0.6888301782571618 0
      vertex 26.938666487320326 0.4658742811845374 0
    endloop
  endfacet
  facet normal 0.7063485793639782 0.04629653184614282 -0.7063485793639773
    outer loop
      vertex 26.98460075047286 0.23494714599609287 0
      vertex 27.371264246408646 0.28585236096191297 0.39
      vertex 27.000000000000004 0 0
    endloop
  endfacet
  facet normal 0 0 -1
    outer loop
      vertex 26.366726188957806 -0.3454625003171541 0
      vertex 26.2957705722157 0.08415267675073301 0
      vertex 26.4589478127896 1.0615675812603063 0
    endloop
  endfacet
  facet normal 0 0 -1
    outer loop
      vertex 26.50903301148054 -0.7198643657665331 0
      vertex 26.628036012524227 0.8111785801178418 0
      vertex 26.75884572681199 0.9000000000000001 0
    endloop
  endfacet
  facet normal 0.6942627593342369 0.13809744904270607 -0.7063485793639772
    outer loop
      vertex 26.98460075047286 0.23494714599609287 0
      vertex 27.31537755957306 0.5668137087745204 0.39
      vertex 27.371264246408646 0.28585236096191297 0.39
    endloop
  endfacet
  facet normal 0 0 -1
    outer loop
      vertex 24.568572336597605 -0.7871900223447572 0
      vertex 24.51116982174284 0.6486080924680634 0
      vertex 24.723529678886003 1.5770021584255691 0
    endloop
  endfacet
  facet normal 0 0 -1
    outer loop
      vertex 24.772948575580845 -1.146344154964819 0
      vertex 24.734125718815466 1.0014552810214585 0
      vertex 24.954918054674533 1.629973593254331 0
    endloop
  endfacet
  facet normal 0 0 -1
    outer loop
      vertex 24.96505285400391 1.3371672920607147 0
      vertex 24.96505285400391 1.784600750472859 0
      vertex 25.200000000000003 -1.8000000000000003 0
    endloop
  endfacet
  facet normal 0 0 -1
    outer loop
      vertex 24.96505285400391 1.784600750472859 0
      vertex 25.200000000000003 1.8000000000000003 0
      vertex 25.200000000000003 -1.8000000000000003 0
    endloop
  endfacet
  facet normal 0 0 -1
    outer loop
      vertex 25.200000000000003 -1.8000000000000003 0
      vertex 25.200000000000003 1.8000000000000003 0
      vertex 25.434947145996095 1.784600750472859 0
    endloop
  endfacet
  facet normal 0 0 -1
    outer loop
      vertex 25.434947145996095 -1.3371672920607147 0
      vertex 25.66587428118454 1.7386664873203233 0
      vertex 25.62705142441916 1.146344154964819 0
    endloop
  endfacet
  facet normal 0 0 -1
    outer loop
      vertex 25.66587428118454 -1.0014552810214585 0
      vertex 25.66587428118454 1.7386664873203233 0
      vertex 25.8314276634024 0.7871900223447572 0
    endloop
  endfacet
  facet normal 0 0 -1
    outer loop
      vertex 25.888830178257166 -0.6486080924680634 0
      vertex 25.8314276634024 0.7871900223447572 0
      vertex 25.888830178257166 1.6629831585203163 0
    endloop
  endfacet
  facet normal 0 0 -1
    outer loop
      vertex 25.66587428118454 -1.0014552810214585 0
      vertex 25.62705142441916 1.146344154964819 0
      vertex 25.66587428118454 1.7386664873203233 0
    endloop
  endfacet
  facet normal 0 0 -1
    outer loop
      vertex 25.434947145996095 -1.3371672920607147 0
      vertex 25.434947145996095 1.784600750472859 0
      vertex 25.66587428118454 1.7386664873203233 0
    endloop
  endfacet
  facet normal 0 0 -1
    outer loop
      vertex 26.1 -0.28466303962440564 0
      vertex 26.1 1.5588457268119897 0
      vertex 26.20445635786439 0.03485032429295343 0
    endloop
  endfacet
  facet normal 0 0 -1
    outer loop
      vertex 25.888830178257166 -0.6486080924680634 0
      vertex 25.888830178257166 1.6629831585203163 0
      vertex 26.025000000000002 0.4145668501920714 0
    endloop
  endfacet
  facet normal 0 0 -1
    outer loop
      vertex 26.1 -0.28466303962440564 0
      vertex 26.025000000000002 0.4145668501920714 0
      vertex 26.1 1.5588457268119897 0
    endloop
  endfacet
  facet normal 0 0 -1
    outer loop
      vertex 26.75884572681199 -0.1059061744712596 0
      vertex 26.75884572681199 0.9000000000000001 0
      vertex 26.86298315852032 0.6888301782571618 0
    endloop
  endfacet
  facet normal 0.6942627593342373 0.13809744904270513 -0.7063485793639768
    outer loop
      vertex 26.98460075047286 0.23494714599609287 0
      vertex 26.938666487320326 0.4658742811845374 0
      vertex 27.31537755957306 0.5668137087745204 0.39
    endloop
  endfacet
  facet normal 0 0 -1
    outer loop
      vertex 26.2957705722157 0.08415267675073301 0
      vertex 26.47279220613579 1.272792206135786 0
      vertex 26.4589478127896 1.0615675812603063 0
    endloop
  endfacet
  facet normal 0.6702979110062826 0.22753548059830844 -0.7063485793639784
    outer loop
      vertex 26.938666487320326 0.4658742811845374 0
      vertex 26.86298315852032 0.6888301782571618 0
      vertex 27.22329617619972 0.8380767168795467 0.39
    endloop
  endfacet
  facet normal 0.6702979110062853 0.22753548059830492 -0.706348579363977
    outer loop
      vertex 26.938666487320326 0.4658742811845374 0
      vertex 27.22329617619972 0.8380767168795467 0.39
      vertex 27.31537755957306 0.5668137087745204 0.39
    endloop
  endfacet
  facet normal 0.7063485793639771 0.04629653184614546 -0.7063485793639782
    outer loop
      vertex 27.000000000000004 0 0
      vertex 27.371264246408646 0.28585236096191297 0.39
      vertex 27.390000000000004 0 0.39
    endloop
  endfacet
  facet normal 0 0 -1
    outer loop
      vertex 26.47279220613579 0.4515285174951371 0
      vertex 26.47279220613579 1.272792206135786 0
      vertex 26.61195505872194 0.850422628857583 0
    endloop
  endfacet
  facet normal 0 0 -1
    outer loop
      vertex 26.20445635786439 0.03485032429295343 0
      vertex 26.1 1.5588457268119897 0
      vertex 26.283431222370762 1.2397739141404092 0
    endloop
  endfacet
  facet normal 0 0 -1
    outer loop
      vertex 26.2957705722157 0.08415267675073301 0
      vertex 26.283431222370762 1.2397739141404092 0
      vertex 26.2957705722157 1.4280360125242235 0
    endloop
  endfacet
  facet normal 0 0 -1
    outer loop
      vertex 26.2957705722157 0.08415267675073301 0
      vertex 26.2957705722157 1.4280360125242235 0
      vertex 26.47279220613579 1.272792206135786 0
    endloop
  endfacet
  facet normal 0 0 -1
    outer loop
      vertex 26.47279220613579 0.4515285174951371 0
      vertex 26.4589478127896 1.0615675812603063 0
      vertex 26.47279220613579 1.272792206135786 0
    endloop
  endfacet
  facet normal 0.6348640795793218 0.313080316996119 -0.7063485793639781
    outer loop
      vertex 26.75884572681199 0.9000000000000001 0
      vertex 27.096595634287922 1.0950000000000002 0.39
      vertex 26.86298315852032 0.6888301782571618 0
    endloop
  endfacet
  facet normal 0 0 -1
    outer loop
      vertex 26.628036012524227 0.8111785801178418 0
      vertex 26.61195505872194 0.850422628857583 0
      vertex 26.628036012524227 1.0957705722156974 0
    endloop
  endfacet
  facet normal 0 0 -1
    outer loop
      vertex 26.628036012524227 0.8111785801178418 0
      vertex 26.628036012524227 1.0957705722156974 0
      vertex 26.75884572681199 0.9000000000000001 0
    endloop
  endfacet
  facet normal 0.6348640795793217 0.31308031699611927 -0.7063485793639782
    outer loop
      vertex 26.86298315852032 0.6888301782571618 0
      vertex 27.096595634287922 1.0950000000000002 0.39
      vertex 27.22329617619972 0.8380767168795467 0.39
    endloop
  endfacet
  facet normal 0 0 -1
    outer loop
      vertex 26.025000000000002 0.4145668501920714 0
      vertex 25.888830178257166 1.6629831585203163 0
      vertex 26.1 1.5588457268119897 0
    endloop
  endfacet
  facet normal 0 0 -1
    outer loop
      vertex 26.61195505872194 0.850422628857583 0
      vertex 26.47279220613579 1.272792206135786 0
      vertex 26.628036012524227 1.0957705722156974 0
    endloop
  endfacet
  facet normal 0.5885675477331863 0.39326826236785595 -0.7063485793639784
    outer loop
      vertex 26.628036012524227 1.0957705722156974 0
      vertex 26.93744381523781 1.3331875295290982 0.39
      vertex 26.75884572681199 0.9000000000000001 0
    endloop
  endfacet
  facet normal 0.5885675477331869 0.39326826236785567 -0.7063485793639783
    outer loop
      vertex 26.75884572681199 0.9000000000000001 0
      vertex 26.93744381523781 1.3331875295290982 0.39
      vertex 27.096595634287922 1.0950000000000002 0.39
    endloop
  endfacet
  facet normal 0 0 -1
    outer loop
      vertex 24.51116982174284 0.6486080924680634 0
      vertex 24.51116982174284 1.6629831585203163 0
      vertex 24.723529678886003 1.5770021584255691 0
    endloop
  endfacet
  facet normal 0 0 -1
    outer loop
      vertex 25.8314276634024 0.7871900223447572 0
      vertex 25.66587428118454 1.7386664873203233 0
      vertex 25.888830178257166 1.6629831585203163 0
    endloop
  endfacet
  facet normal 0 0 -1
    outer loop
      vertex 24.734125718815466 1.0014552810214585 0
      vertex 24.723529678886003 1.5770021584255691 0
      vertex 24.734125718815466 1.7386664873203233 0
    endloop
  endfacet
  facet normal 0 0 -1
    outer loop
      vertex 24.734125718815466 1.0014552810214585 0
      vertex 24.734125718815466 1.7386664873203233 0
      vertex 24.954918054674533 1.629973593254331 0
    endloop
  endfacet
  facet normal 0 0 -1
    outer loop
      vertex 24.96505285400391 1.3371672920607147 0
      vertex 24.954918054674533 1.629973593254331 0
      vertex 24.96505285400391 1.784600750472859 0
    endloop
  endfacet
  facet normal 0 0 -1
    outer loop
      vertex 26.283431222370762 1.2397739141404092 0
      vertex 26.1 1.5588457268119897 0
      vertex 26.2957705722157 1.4280360125242235 0
    endloop
  endfacet
  facet normal 0.5322004619635776 0.466727278735928 -0.7063485793639781
    outer loop
      vertex 26.628036012524227 1.0957705722156974 0
      vertex 26.47279220613579 1.272792206135786 0
      vertex 26.748563850798543 1.5485638507985393 0.39
    endloop
  endfacet
  facet normal 0.5322004619635763 0.4667272787359288 -0.7063485793639785
    outer loop
      vertex 26.628036012524227 1.0957705722156974 0
      vertex 26.748563850798543 1.5485638507985393 0.39
      vertex 26.93744381523781 1.3331875295290982 0.39
    endloop
  endfacet
  facet normal 0.46672727873593 0.5322004619635771 -0.7063485793639771
    outer loop
      vertex 26.2957705722157 1.4280360125242235 0
      vertex 26.5331875295291 1.7374438152378053 0.39
      vertex 26.47279220613579 1.272792206135786 0
    endloop
  endfacet
  facet normal 0.46672727873592745 0.5322004619635781 -0.706348579363978
    outer loop
      vertex 26.47279220613579 1.272792206135786 0
      vertex 26.5331875295291 1.7374438152378053 0.39
      vertex 26.748563850798543 1.5485638507985393 0.39
    endloop
  endfacet
  facet normal -0.31308031699612043 0.6348640795793214 -0.706348579363978
    outer loop
      vertex 24.300000000000004 1.5588457268119897 0
      vertex 24.105000000000004 1.8965956342879207 0.39
      vertex 24.51116982174284 1.6629831585203163 0
    endloop
  endfacet
  facet normal -0.22753548059830558 0.6702979110062851 -0.7063485793639769
    outer loop
      vertex 24.361923283120458 2.023296176199718 0.39
      vertex 24.734125718815466 1.7386664873203233 0
      vertex 24.51116982174284 1.6629831585203163 0
    endloop
  endfacet
  facet normal -0.3932682623678586 0.5885675477331852 -0.7063485793639779
    outer loop
      vertex 23.866812470470904 1.7374438152378053 0.39
      vertex 24.105000000000004 1.8965956342879207 0.39
      vertex 24.300000000000004 1.5588457268119897 0
    endloop
  endfacet
  facet normal -0.31308031699611755 0.6348640795793243 -0.7063485793639767
    outer loop
      vertex 24.105000000000004 1.8965956342879207 0.39
      vertex 24.361923283120458 2.023296176199718 0.39
      vertex 24.51116982174284 1.6629831585203163 0
    endloop
  endfacet
  facet normal 0 0 -1
    outer loop
      vertex 24.51116982174284 1.6629831585203163 0
      vertex 24.734125718815466 1.7386664873203233 0
      vertex 24.723529678886003 1.5770021584255691 0
    endloop
  endfacet
  facet normal 0 0 -1
    outer loop
      vertex 24.954918054674533 1.629973593254331 0
      vertex 24.734125718815466 1.7386664873203233 0
      vertex 24.96505285400391 1.784600750472859 0
    endloop
  endfacet
  facet normal -0.138097449042706 0.6942627593342358 -0.7063485793639782
    outer loop
      vertex 24.63318629122548 2.11537755957306 0.39
      vertex 24.96505285400391 1.784600750472859 0
      vertex 24.734125718815466 1.7386664873203233 0
    endloop
  endfacet
  facet normal -0.04629653184613977 0.7063485793639781 -0.7063485793639779
    outer loop
      vertex 24.91414763903809 2.171264246408645 0.39
      vertex 25.200000000000003 1.8000000000000003 0
      vertex 24.96505285400391 1.784600750472859 0
    endloop
  endfacet
  facet normal 0.04629653184613968 0.7063485793639778 -0.706348579363978
    outer loop
      vertex 25.200000000000003 1.8000000000000003 0
      vertex 25.200000000000003 2.1900000000000004 0.39
      vertex 25.434947145996095 1.784600750472859 0
    endloop
  endfacet
  facet normal 0.13809744904270613 0.6942627593342363 -0.7063485793639777
    outer loop
      vertex 25.434947145996095 1.784600750472859 0
      vertex 25.485852360961914 2.171264246408645 0.39
      vertex 25.66587428118454 1.7386664873203233 0
    endloop
  endfacet
  facet normal 0.2275354805983051 0.6702979110062836 -0.7063485793639785
    outer loop
      vertex 25.66587428118454 1.7386664873203233 0
      vertex 25.766813708774524 2.11537755957306 0.39
      vertex 25.888830178257166 1.6629831585203163 0
    endloop
  endfacet
  facet normal -0.22753548059830936 0.6702979110062822 -0.7063485793639783
    outer loop
      vertex 24.361923283120458 2.023296176199718 0.39
      vertex 24.63318629122548 2.11537755957306 0.39
      vertex 24.734125718815466 1.7386664873203233 0
    endloop
  endfacet
  facet normal -0.13809744904270466 0.6942627593342365 -0.7063485793639778
    outer loop
      vertex 24.63318629122548 2.11537755957306 0.39
      vertex 24.91414763903809 2.171264246408645 0.39
      vertex 24.96505285400391 1.784600750472859 0
    endloop
  endfacet
  facet normal 0.13809744904270455 0.6942627593342362 -0.7063485793639782
    outer loop
      vertex 25.66587428118454 1.7386664873203233 0
      vertex 25.485852360961914 2.171264246408645 0.39
      vertex 25.766813708774524 2.11537755957306 0.39
    endloop
  endfacet
  facet normal 0.3932682623678564 0.5885675477331866 -0.7063485793639781
    outer loop
      vertex 26.1 1.5588457268119897 0
      vertex 26.295 1.8965956342879207 0.39
      vertex 26.2957705722157 1.4280360125242235 0
    endloop
  endfacet
  facet normal 0.3130803169961211 0.6348640795793228 -0.7063485793639765
    outer loop
      vertex 26.1 1.5588457268119897 0
      vertex 25.888830178257166 1.6629831585203163 0
      vertex 26.038076716879548 2.023296176199718 0.39
    endloop
  endfacet
  facet normal 0.39326826236785906 0.588567547733186 -0.7063485793639772
    outer loop
      vertex 26.2957705722157 1.4280360125242235 0
      vertex 26.295 1.8965956342879207 0.39
      vertex 26.5331875295291 1.7374438152378053 0.39
    endloop
  endfacet
  facet normal 0.31308031699611694 0.6348640795793232 -0.7063485793639778
    outer loop
      vertex 26.1 1.5588457268119897 0
      vertex 26.038076716879548 2.023296176199718 0.39
      vertex 26.295 1.8965956342879207 0.39
    endloop
  endfacet
  facet normal 0.2275354805983099 0.6702979110062836 -0.7063485793639771
    outer loop
      vertex 25.888830178257166 1.6629831585203163 0
      vertex 25.766813708774524 2.11537755957306 0.39
      vertex 26.038076716879548 2.023296176199718 0.39
    endloop
  endfacet
  facet normal -0.046296531846140215 0.7063485793639778 -0.706348579363978
    outer loop
      vertex 24.91414763903809 2.171264246408645 0.39
      vertex 25.200000000000003 2.1900000000000004 0.39
      vertex 25.200000000000003 1.8000000000000003 0
    endloop
  endfacet
  facet normal 0.04629653184614015 0.7063485793639778 -0.7063485793639777
    outer loop
      vertex 25.434947145996095 1.784600750472859 0
      vertex 25.200000000000003 2.1900000000000004 0.39
      vertex 25.485852360961914 2.171264246408645 0.39
    endloop
  endfacet
  facet normal -0.13809744904270607 -0.6942627593342363 -0.7063485793639777
    outer loop
      vertex 16.51414763903809 -2.171264246408645 0.39
      vertex 16.334125718815464 -1.7386664873203233 0
      vertex 16.56505285400391 -1.784600750472859 0
    endloop
  endfacet
  facet normal -0.2275354805983051 -0.6702979110062836 -0.7063485793639785
    outer loop
      vertex 16.23318629122548 -2.11537755957306 0.39
      vertex 16.111169821742838 -1.6629831585203163 0
      vertex 16.334125718815464 -1.7386664873203233 0
    endloop
  endfacet
  facet normal -0.22753548059830833 -0.6702979110062836 -0.7063485793639775
    outer loop
      vertex 15.961923283120454 -2.023296176199718 0.39
      vertex 16.111169821742838 -1.6629831585203163 0
      vertex 16.23318629122548 -2.11537755957306 0.39
    endloop
  endfacet
  facet normal -0.13809744904270455 -0.6942627593342361 -0.7063485793639782
    outer loop
      vertex 16.23318629122548 -2.11537755957306 0.39
      vertex 16.334125718815464 -1.7386664873203233 0
      vertex 16.51414763903809 -2.171264246408645 0.39
    endloop
  endfacet
  facet normal -0.39326826236786144 -0.5885675477331836 -0.706348579363978
    outer loop
      vertex 15.705 -1.8965956342879207 0.39
      vertex 15.704229427784304 -1.4280360125242235 0
      vertex 15.9 -1.5588457268119897 0
    endloop
  endfacet
  facet normal -0.3130803169961187 -0.6348640795793231 -0.7063485793639773
    outer loop
      vertex 15.961923283120454 -2.023296176199718 0.39
      vertex 15.9 -1.5588457268119897 0
      vertex 16.111169821742838 -1.6629831585203163 0
    endloop
  endfacet
  facet normal 0 0 -1
    outer loop
      vertex 16.334125718815464 -1.7386664873203233 0
      vertex 16.56505285400391 -1.6319895301818557 0
      vertex 16.56505285400391 -1.784600750472859 0
    endloop
  endfacet
  facet normal 0 0 -1
    outer loop
      vertex 16.111169821742838 -1.6629831585203163 0
      vertex 16.334125718815464 -1.580599029306712 0
      vertex 16.334125718815464 -1.7386664873203233 0
    endloop
  endfacet
  facet normal 0 0 -1
    outer loop
      vertex 16.334125718815464 -1.7386664873203233 0
      vertex 16.334125718815464 -1.580599029306712 0
      vertex 16.344260518144843 -1.5840393301017952 0
    endloop
  endfacet
  facet normal 0 0 -1
    outer loop
      vertex 16.334125718815464 -1.7386664873203233 0
      vertex 16.344260518144843 -1.5840393301017952 0
      vertex 16.56505285400391 -1.6319895301818557 0
    endloop
  endfacet
  facet normal -0.31308031699611694 -0.6348640795793231 -0.7063485793639778
    outer loop
      vertex 15.961923283120454 -2.023296176199718 0.39
      vertex 15.705 -1.8965956342879207 0.39
      vertex 15.9 -1.5588457268119897 0
    endloop
  endfacet
  facet normal -0.39326826236786055 -0.5885675477331838 -0.7063485793639781
    outer loop
      vertex 15.466812470470902 -1.7374438152378053 0.39
      vertex 15.704229427784304 -1.4280360125242235 0
      vertex 15.705 -1.8965956342879207 0.39
    endloop
  endfacet
  facet normal -0.046296531846140215 -0.7063485793639778 -0.7063485793639777
    outer loop
      vertex 16.51414763903809 -2.171264246408645 0.39
      vertex 16.56505285400391 -1.784600750472859 0
      vertex 16.8 -2.1900000000000004 0.39
    endloop
  endfacet
  facet normal 0.046296531846140215 -0.7063485793639778 -0.706348579363978
    outer loop
      vertex 16.8 -2.1900000000000004 0.39
      vertex 16.8 -1.8000000000000003 0
      vertex 17.085852360961912 -2.171264246408645 0.39
    endloop
  endfacet
  facet normal -0.04629653184613968 -0.7063485793639778 -0.7063485793639779
    outer loop
      vertex 16.56505285400391 -1.784600750472859 0
      vertex 16.8 -1.8000000000000003 0
      vertex 16.8 -2.1900000000000004 0.39
    endloop
  endfacet
  facet normal 0.046296531846139695 -0.7063485793639781 -0.7063485793639779
    outer loop
      vertex 16.8 -1.8000000000000003 0
      vertex 17.034947145996092 -1.784600750472859 0
      vertex 17.085852360961912 -2.171264246408645 0.39
    endloop
  endfacet
  facet normal 0.138097449042706 -0.6942627593342358 -0.7063485793639781
    outer loop
      vertex 17.034947145996092 -1.784600750472859 0
      vertex 17.265874281184537 -1.7386664873203233 0
      vertex 17.366813708774522 -2.11537755957306 0.39
    endloop
  endfacet
  facet normal 0.13809744904270468 -0.6942627593342366 -0.7063485793639778
    outer loop
      vertex 17.034947145996092 -1.784600750472859 0
      vertex 17.366813708774522 -2.11537755957306 0.39
      vertex 17.085852360961912 -2.171264246408645 0.39
    endloop
  endfacet
  facet normal 0.22753548059830936 -0.6702979110062822 -0.7063485793639784
    outer loop
      vertex 17.265874281184537 -1.7386664873203233 0
      vertex 17.638076716879546 -2.023296176199718 0.39
      vertex 17.366813708774522 -2.11537755957306 0.39
    endloop
  endfacet
  facet normal 0.31308031699611744 -0.6348640795793243 -0.7063485793639768
    outer loop
      vertex 17.488830178257164 -1.6629831585203163 0
      vertex 17.895 -1.8965956342879207 0.39
      vertex 17.638076716879546 -2.023296176199718 0.39
    endloop
  endfacet
  facet normal 0 0 -1
    outer loop
      vertex 16.56505285400391 -1.784600750472859 0
      vertex 16.574926791322962 -1.6339535784293473 0
      vertex 16.8 -1.8000000000000003 0
    endloop
  endfacet
  facet normal 0 0 -1
    outer loop
      vertex 16.8 -1.8000000000000003 0
      vertex 17.034947145996092 -1.6319895301818557 0
      vertex 17.034947145996092 -1.784600750472859 0
    endloop
  endfacet
  facet normal 0 0 -1
    outer loop
      vertex 16.56505285400391 -1.784600750472859 0
      vertex 16.56505285400391 -1.6319895301818557 0
      vertex 16.574926791322962 -1.6339535784293473 0
    endloop
  endfacet
  facet normal 0 0 -1
    outer loop
      vertex 16.574926791322962 -1.6339535784293473 0
      vertex 16.584631782836915 -1.4858840212667865 0
      vertex 16.8 -1.8000000000000003 0
    endloop
  endfacet
  facet normal 0 0 -1
    outer loop
      vertex 17.034947145996092 -1.784600750472859 0
      vertex 17.04508194532547 -1.629973593254331 0
      vertex 17.265874281184537 -1.7386664873203233 0
    endloop
  endfacet
  facet normal 0 0 -1
    outer loop
      vertex 17.034947145996092 -1.784600750472859 0
      vertex 17.034947145996092 -1.6319895301818557 0
      vertex 17.04508194532547 -1.629973593254331 0
    endloop
  endfacet
  facet normal 0 0 -1
    outer loop
      vertex 17.265874281184537 -1.7386664873203233 0
      vertex 17.04508194532547 -1.629973593254331 0
      vertex 17.265874281184537 -1.580599029306712 0
    endloop
  endfacet
  facet normal 0.22753548059830564 -0.6702979110062851 -0.7063485793639769
    outer loop
      vertex 17.265874281184537 -1.7386664873203233 0
      vertex 17.488830178257164 -1.6629831585203163 0
      vertex 17.638076716879546 -2.023296176199718 0.39
    endloop
  endfacet
  facet normal 0 0 -1
    outer loop
      vertex 17.265874281184537 -1.7386664873203233 0
      vertex 17.276470321114 -1.5770021584255691 0
      vertex 17.488830178257164 -1.6629831585203163 0
    endloop
  endfacet
  facet normal 0 0 -1
    outer loop
      vertex 17.265874281184537 -1.7386664873203233 0
      vertex 17.265874281184537 -1.580599029306712 0
      vertex 17.276470321114 -1.5770021584255691 0
    endloop
  endfacet
  facet normal 0.31308031699612043 -0.6348640795793214 -0.706348579363978
    outer loop
      vertex 17.488830178257164 -1.6629831585203163 0
      vertex 17.7 -1.5588457268119897 0
      vertex 17.895 -1.8965956342879207 0.39
    endloop
  endfacet
  facet normal 0.3932682623678586 -0.5885675477331852 -0.706348579363978
    outer loop
      vertex 17.895 -1.8965956342879207 0.39
      vertex 17.7 -1.5588457268119897 0
      vertex 18.1331875295291 -1.7374438152378053 0.39
    endloop
  endfacet
  facet normal 0 0 -1
    outer loop
      vertex 15.704229427784304 -1.4280360125242235 0
      vertex 15.9 -1.3788285184003761 0
      vertex 15.9 -1.5588457268119897 0
    endloop
  endfacet
  facet normal -0.4667272787359266 -0.5322004619635785 -0.7063485793639783
    outer loop
      vertex 15.466812470470902 -1.7374438152378053 0.39
      vertex 15.527207793864214 -1.272792206135786 0
      vertex 15.704229427784304 -1.4280360125242235 0
    endloop
  endfacet
  facet normal 0 0 -1
    outer loop
      vertex 16.111169821742838 -1.6629831585203163 0
      vertex 16.1217658616723 -1.5013188296255624 0
      vertex 16.334125718815464 -1.580599029306712 0
    endloop
  endfacet
  facet normal 0 0 -1
    outer loop
      vertex 16.111169821742838 -1.6629831585203163 0
      vertex 15.9 -1.5588457268119897 0
      vertex 16.111169821742838 -1.4960934410003024 0
    endloop
  endfacet
  facet normal 0 0 -1
    outer loop
      vertex 16.111169821742838 -1.6629831585203163 0
      vertex 16.111169821742838 -1.4960934410003024 0
      vertex 16.1217658616723 -1.5013188296255624 0
    endloop
  endfacet
  facet normal 0 0 -1
    outer loop
      vertex 15.9 -1.5588457268119897 0
      vertex 15.911303899832182 -1.3863815427934194 0
      vertex 16.111169821742838 -1.4960934410003024 0
    endloop
  endfacet
  facet normal 0 0 -1
    outer loop
      vertex 15.9 -1.5588457268119897 0
      vertex 15.9 -1.3788285184003761 0
      vertex 15.911303899832182 -1.3863815427934194 0
    endloop
  endfacet
  facet normal 0 0 -1
    outer loop
      vertex 16.344260518144843 -1.5840393301017952 0
      vertex 16.372948575580843 -1.146344154964819 0
      vertex 16.56505285400391 -1.6319895301818557 0
    endloop
  endfacet
  facet normal -0.4667272787359303 -0.532200461963577 -0.706348579363977
    outer loop
      vertex 15.466812470470902 -1.7374438152378053 0.39
      vertex 15.251436149201462 -1.5485638507985393 0.39
      vertex 15.527207793864214 -1.272792206135786 0
    endloop
  endfacet
  facet normal 0 0 -1
    outer loop
      vertex 15.704229427784304 -1.4280360125242235 0
      vertex 15.716568777629242 -1.2397739141404092 0
      vertex 15.9 -1.3788285184003761 0
    endloop
  endfacet
  facet normal 0 0 -1
    outer loop
      vertex 15.527207793864214 -1.272792206135786 0
      vertex 15.704229427784304 -1.228952594757765 0
      vertex 15.704229427784304 -1.4280360125242235 0
    endloop
  endfacet
  facet normal 0 0 -1
    outer loop
      vertex 15.704229427784304 -1.4280360125242235 0
      vertex 15.704229427784304 -1.228952594757765 0
      vertex 15.716568777629242 -1.2397739141404092 0
    endloop
  endfacet
  facet normal -0.5322004619635785 -0.4667272787359288 -0.7063485793639769
    outer loop
      vertex 15.251436149201462 -1.5485638507985393 0.39
      vertex 15.371963987475777 -1.0957705722156974 0
      vertex 15.527207793864214 -1.272792206135786 0
    endloop
  endfacet
  facet normal 0 0 -1
    outer loop
      vertex 16.1217658616723 -1.5013188296255624 0
      vertex 16.168572336597602 -0.7871900223447572 0
      vertex 16.334125718815464 -1.580599029306712 0
    endloop
  endfacet
  facet normal -0.5322004619635773 -0.4667272787359296 -0.7063485793639773
    outer loop
      vertex 15.062556184762196 -1.3331875295290982 0.39
      vertex 15.371963987475777 -1.0957705722156974 0
      vertex 15.251436149201462 -1.5485638507985393 0.39
    endloop
  endfacet
  facet normal -0.5885675477331829 -0.39326826236786183 -0.706348579363978
    outer loop
      vertex 15.062556184762196 -1.3331875295290982 0.39
      vertex 14.90340436571208 -1.0950000000000002 0.39
      vertex 15.24115427318801 -0.9000000000000001 0
    endloop
  endfacet
  facet normal -0.6348640795793242 -0.3130803169961148 -0.706348579363978
    outer loop
      vertex 14.90340436571208 -1.0950000000000002 0.39
      vertex 15.137016841479685 -0.6888301782571618 0
      vertex 15.24115427318801 -0.9000000000000001 0
    endloop
  endfacet
  facet normal -0.6348640795793233 -0.31308031699611566 -0.7063485793639784
    outer loop
      vertex 14.776703823800283 -0.8380767168795467 0.39
      vertex 15.137016841479685 -0.6888301782571618 0
      vertex 14.90340436571208 -1.0950000000000002 0.39
    endloop
  endfacet
  facet normal 0 0 -1
    outer loop
      vertex 15.527207793864214 -1.272792206135786 0
      vertex 15.371963987475777 -1.0957705722156974 0
      vertex 15.527207793864214 -1.0457810762280693 0
    endloop
  endfacet
  facet normal 0 0 -1
    outer loop
      vertex 15.527207793864214 -1.272792206135786 0
      vertex 15.541052187210404 -1.0615675812603063 0
      vertex 15.704229427784304 -1.228952594757765 0
    endloop
  endfacet
  facet normal 0 0 -1
    outer loop
      vertex 15.527207793864214 -1.272792206135786 0
      vertex 15.527207793864214 -1.0457810762280693 0
      vertex 15.541052187210404 -1.0615675812603063 0
    endloop
  endfacet
  facet normal -0.5885675477331848 -0.3932682623678604 -0.7063485793639773
    outer loop
      vertex 15.062556184762196 -1.3331875295290982 0.39
      vertex 15.24115427318801 -0.9000000000000001 0
      vertex 15.371963987475777 -1.0957705722156974 0
    endloop
  endfacet
  facet normal 0 0 -1
    outer loop
      vertex 15.911303899832182 -1.3863815427934194 0
      vertex 15.975000000000001 -0.4145668501920714 0
      vertex 16.111169821742838 -1.4960934410003024 0
    endloop
  endfacet
  facet normal 0 0 -1
    outer loop
      vertex 15.371963987475777 -1.0957705722156974 0
      vertex 15.388044941278064 -0.850422628857583 0
      vertex 15.527207793864214 -1.0457810762280693 0
    endloop
  endfacet
  facet normal 0 0 -1
    outer loop
      vertex 15.24115427318801 -0.9000000000000001 0
      vertex 15.371963987475777 -0.8263557807279217 0
      vertex 15.371963987475777 -1.0957705722156974 0
    endloop
  endfacet
  facet normal 0 0 -1
    outer loop
      vertex 15.371963987475777 -1.0957705722156974 0
      vertex 15.371963987475777 -0.8263557807279217 0
      vertex 15.388044941278064 -0.850422628857583 0
    endloop
  endfacet
  facet normal 0 0 -1
    outer loop
      vertex 15.9 -1.3788285184003761 0
      vertex 15.716568777629242 -1.2397739141404092 0
      vertex 15.795543642135613 -0.03485032429295343 0
    endloop
  endfacet
  facet normal 0 0 -1
    outer loop
      vertex 16.8 -1.8000000000000003 0
      vertex 17.034947145996092 -1.3371672920607147 0
      vertex 17.034947145996092 -1.6319895301818557 0
    endloop
  endfacet
  facet normal 0 0 -1
    outer loop
      vertex 17.276470321114 -1.5770021584255691 0
      vertex 17.488830178257164 -1.4960934410003024 0
      vertex 17.488830178257164 -1.6629831585203163 0
    endloop
  endfacet
  facet normal 0 0 -1
    outer loop
      vertex 17.488830178257164 -1.6629831585203163 0
      vertex 17.488830178257164 -1.4960934410003024 0
      vertex 17.500134078089346 -1.490518974501746 0
    endloop
  endfacet
  facet normal 0 0 -1
    outer loop
      vertex 17.488830178257164 -1.6629831585203163 0
      vertex 17.500134078089346 -1.490518974501746 0
      vertex 17.7 -1.5588457268119897 0
    endloop
  endfacet
  facet normal 0 0 -1
    outer loop
      vertex 17.500134078089346 -1.490518974501746 0
      vertex 17.7 -1.3788285184003761 0
      vertex 17.7 -1.5588457268119897 0
    endloop
  endfacet
  facet normal 0 0 -1
    outer loop
      vertex 17.7 -1.5588457268119897 0
      vertex 17.71233934984494 -1.3705836284281756 0
      vertex 17.8957705722157 -1.4280360125242235 0
    endloop
  endfacet
  facet normal 0 0 -1
    outer loop
      vertex 17.7 -1.5588457268119897 0
      vertex 17.7 -1.3788285184003761 0
      vertex 17.71233934984494 -1.3705836284281756 0
    endloop
  endfacet
  facet normal 0 0 -1
    outer loop
      vertex 17.04508194532547 -1.629973593254331 0
      vertex 17.265874281184537 -1.0014552810214585 0
      vertex 17.265874281184537 -1.580599029306712 0
    endloop
  endfacet
  facet normal 0 0 -1
    outer loop
      vertex 17.8957705722157 -1.4280360125242235 0
      vertex 17.71233934984494 -1.3705836284281756 0
      vertex 17.8957705722157 -1.228952594757765 0
    endloop
  endfacet
  facet normal 0 0 -1
    outer loop
      vertex 17.276470321114 -1.5770021584255691 0
      vertex 17.488830178257164 -0.6486080924680634 0
      vertex 17.488830178257164 -1.4960934410003024 0
    endloop
  endfacet
  facet normal 0.39326826236785695 -0.5885675477331875 -0.7063485793639772
    outer loop
      vertex 17.7 -1.5588457268119897 0
      vertex 17.8957705722157 -1.4280360125242235 0
      vertex 18.1331875295291 -1.7374438152378053 0.39
    endloop
  endfacet
  facet normal 0.466727278735928 -0.5322004619635786 -0.7063485793639772
    outer loop
      vertex 17.8957705722157 -1.4280360125242235 0
      vertex 18.34856385079854 -1.5485638507985393 0.39
      vertex 18.1331875295291 -1.7374438152378053 0.39
    endloop
  endfacet
  facet normal 0.4667272787359294 -0.5322004619635764 -0.7063485793639781
    outer loop
      vertex 17.8957705722157 -1.4280360125242235 0
      vertex 18.072792206135787 -1.272792206135786 0
      vertex 18.34856385079854 -1.5485638507985393 0.39
    endloop
  endfacet
  facet normal 0 0 -1
    outer loop
      vertex 17.8957705722157 -1.4280360125242235 0
      vertex 17.909614965561886 -1.216811387648744 0
      vertex 18.072792206135787 -1.272792206135786 0
    endloop
  endfacet
  facet normal 0 0 -1
    outer loop
      vertex 17.8957705722157 -1.4280360125242235 0
      vertex 17.8957705722157 -1.228952594757765 0
      vertex 17.909614965561886 -1.216811387648744 0
    endloop
  endfacet
  facet normal 0.5322004619635772 -0.4667272787359276 -0.7063485793639784
    outer loop
      vertex 18.072792206135787 -1.272792206135786 0
      vertex 18.228036012524225 -1.0957705722156974 0
      vertex 18.537443815237808 -1.3331875295290982 0.39
    endloop
  endfacet
  facet normal 0.5322004619635766 -0.46672727873592895 -0.7063485793639781
    outer loop
      vertex 18.072792206135787 -1.272792206135786 0
      vertex 18.537443815237808 -1.3331875295290982 0.39
      vertex 18.34856385079854 -1.5485638507985393 0.39
    endloop
  endfacet
  facet normal 0 0 -1
    outer loop
      vertex 17.500134078089346 -1.490518974501746 0
      vertex 17.7 -0.28466303962440564 0
      vertex 17.7 -1.3788285184003761 0
    endloop
  endfacet
  facet normal 0 0 -1
    outer loop
      vertex 17.71233934984494 -1.3705836284281756 0
      vertex 17.80445635786439 0.03485032429295343 0
      vertex 17.8957705722157 -1.228952594757765 0
    endloop
  endfacet
  facet normal 0 0 -1
    outer loop
      vertex 17.909614965561886 -1.216811387648744 0
      vertex 18.072792206135787 -1.0457810762280693 0
      vertex 18.072792206135787 -1.272792206135786 0
    endloop
  endfacet
  facet normal 0 0 -1
    outer loop
      vertex 18.072792206135787 -1.272792206135786 0
      vertex 18.088873159938075 -1.0274442627776716 0
      vertex 18.228036012524225 -1.0957705722156974 0
    endloop
  endfacet
  facet normal 0 0 -1
    outer loop
      vertex 18.072792206135787 -1.272792206135786 0
      vertex 18.072792206135787 -1.0457810762280693 0
      vertex 18.088873159938075 -1.0274442627776716 0
    endloop
  endfacet
  facet normal 0.5885675477331865 -0.3932682623678561 -0.7063485793639781
    outer loop
      vertex 18.228036012524225 -1.0957705722156974 0
      vertex 18.35884572681199 -0.9000000000000001 0
      vertex 18.69659563428792 -1.095 0.39
    endloop
  endfacet
  facet normal 0.5885675477331869 -0.39326826236785534 -0.7063485793639784
    outer loop
      vertex 18.537443815237808 -1.3331875295290982 0.39
      vertex 18.228036012524225 -1.0957705722156974 0
      vertex 18.69659563428792 -1.095 0.39
    endloop
  endfacet
  facet normal 0 0 -1
    outer loop
      vertex 18.088873159938075 -1.0274442627776716 0
      vertex 18.109033011480538 -0.7198643657665331 0
      vertex 18.228036012524225 -1.0957705722156974 0
    endloop
  endfacet
  facet normal 0 0 -1
    outer loop
      vertex 17.909614965561886 -1.216811387648744 0
      vertex 17.966726188957804 -0.3454625003171541 0
      vertex 18.072792206135787 -1.0457810762280693 0
    endloop
  endfacet
  facet normal 0 0 -1
    outer loop
      vertex 18.109033011480538 -0.7198643657665331 0
      vertex 18.35884572681199 -0.9000000000000001 0
      vertex 18.228036012524225 -1.0957705722156974 0
    endloop
  endfacet
  facet normal 0.6348640795793216 -0.31308031699611943 -0.706348579363978
    outer loop
      vertex 18.35884572681199 -0.9000000000000001 0
      vertex 18.82329617619972 -0.8380767168795467 0.39
      vertex 18.69659563428792 -1.095 0.39
    endloop
  endfacet
  facet normal -0.6702979110062824 -0.22753548059830841 -0.7063485793639784
    outer loop
      vertex 14.776703823800283 -0.8380767168795467 0.39
      vertex 15.061333512679678 -0.4658742811845374 0
      vertex 15.137016841479685 -0.6888301782571618 0
    endloop
  endfacet
  facet normal -0.6702979110062826 -0.22753548059830836 -0.7063485793639784
    outer loop
      vertex 14.776703823800283 -0.8380767168795467 0.39
      vertex 14.68462244042694 -0.5668137087745204 0.39
      vertex 15.061333512679678 -0.4658742811845374 0
    endloop
  endfacet
  facet normal -0.6942627593342358 -0.13809744904270482 -0.7063485793639785
    outer loop
      vertex 14.68462244042694 -0.5668137087745204 0.39
      vertex 15.015399249527142 -0.23494714599609287 0
      vertex 15.061333512679678 -0.4658742811845374 0
    endloop
  endfacet
  facet normal 0 0 -1
    outer loop
      vertex 15.24115427318801 -0.9000000000000001 0
      vertex 15.261482979253493 -0.5898438808033823 0
      vertex 15.371963987475777 -0.8263557807279217 0
    endloop
  endfacet
  facet normal 0 0 -1
    outer loop
      vertex 15.388044941278064 -0.850422628857583 0
      vertex 15.527207793864214 -0.4515285174951371 0
      vertex 15.527207793864214 -1.0457810762280693 0
    endloop
  endfacet
  facet normal 0 0 -1
    outer loop
      vertex 15.371963987475777 -0.8263557807279217 0
      vertex 15.261482979253493 -0.5898438808033823 0
      vertex 15.371963987475777 -0.8111785801178418 0
    endloop
  endfacet
  facet normal 0 0 -1
    outer loop
      vertex 15.541052187210404 -1.0615675812603063 0
      vertex 15.704229427784304 -0.08415267675073301 0
      vertex 15.704229427784304 -1.228952594757765 0
    endloop
  endfacet
  facet normal 0 0 -1
    outer loop
      vertex 15.137016841479685 -0.6888301782571618 0
      vertex 15.24115427318801 -0.5299574438691383 0
      vertex 15.24115427318801 -0.9000000000000001 0
    endloop
  endfacet
  facet normal 0 0 -1
    outer loop
      vertex 15.24115427318801 -0.9000000000000001 0
      vertex 15.24115427318801 -0.5299574438691383 0
      vertex 15.261482979253493 -0.5898438808033823 0
    endloop
  endfacet
  facet normal 0 0 -1
    outer loop
      vertex 15.261482979253493 -0.5898438808033823 0
      vertex 15.275598771356378 -0.37447851106886143 0
      vertex 15.371963987475777 -0.8111785801178418 0
    endloop
  endfacet
  facet normal 0 0 -1
    outer loop
      vertex 16.111169821742838 -1.4960934410003024 0
      vertex 15.975000000000001 -0.4145668501920714 0
      vertex 16.111169821742838 0.6486080924680634 0
    endloop
  endfacet
  facet normal 0 0 -1
    outer loop
      vertex 16.372948575580843 -1.146344154964819 0
      vertex 16.56505285400391 1.3371672920607147 0
      vertex 16.56505285400391 -1.6319895301818557 0
    endloop
  endfacet
  facet normal 0 0 -1
    outer loop
      vertex 16.334125718815464 -1.580599029306712 0
      vertex 16.168572336597602 -0.7871900223447572 0
      vertex 16.334125718815464 1.0014552810214585 0
    endloop
  endfacet
  facet normal -0.6942627593342352 -0.13809744904270577 -0.7063485793639787
    outer loop
      vertex 14.68462244042694 -0.5668137087745204 0.39
      vertex 14.628735753591355 -0.28585236096191297 0.39
      vertex 15.015399249527142 -0.23494714599609287 0
    endloop
  endfacet
  facet normal 0 0 -1
    outer loop
      vertex 15.137016841479685 -0.6888301782571618 0
      vertex 15.137016841479685 0.6888301782571618 0
      vertex 15.24115427318801 -0.5299574438691383 0
    endloop
  endfacet
  facet normal 0 0 -1
    outer loop
      vertex 15.137016841479685 -0.6888301782571618 0
      vertex 15.061333512679678 -0.4658742811845374 0
      vertex 15.137016841479685 0.6888301782571618 0
    endloop
  endfacet
  facet normal -0.7063485793639765 -0.04629653184614279 -0.7063485793639789
    outer loop
      vertex 14.628735753591355 -0.28585236096191297 0.39
      vertex 15 0 0
      vertex 15.015399249527142 -0.23494714599609287 0
    endloop
  endfacet
  facet normal 0 0 -1
    outer loop
      vertex 15.061333512679678 -0.4658742811845374 0
      vertex 15.015399249527142 -0.23494714599609287 0
      vertex 15.061333512679678 0.4658742811845374 0
    endloop
  endfacet
  facet normal -0.7063485793639773 -0.046296531846141006 -0.7063485793639782
    outer loop
      vertex 14.628735753591355 -0.28585236096191297 0.39
      vertex 14.61 0 0.39
      vertex 15 0 0
    endloop
  endfacet
  facet normal 0 0 -1
    outer loop
      vertex 15.541052187210404 -1.0615675812603063 0
      vertex 15.633273811042198 0.3454625003171541 0
      vertex 15.704229427784304 -0.08415267675073301 0
    endloop
  endfacet
  facet normal 0 0 -1
    outer loop
      vertex 15.9 -1.3788285184003761 0
      vertex 15.795543642135613 -0.03485032429295343 0
      vertex 15.9 0.28466303962440564 0
    endloop
  endfacet
  facet normal 0 0 -1
    outer loop
      vertex 15.388044941278064 -0.850422628857583 0
      vertex 15.490966988519462 0.7198643657665331 0
      vertex 15.527207793864214 -0.4515285174951371 0
    endloop
  endfacet
  facet normal 0 0 -1
    outer loop
      vertex 15.371963987475777 -0.8111785801178418 0
      vertex 15.275598771356378 -0.37447851106886143 0
      vertex 15.371963987475777 1.0957705722156974 0
    endloop
  endfacet
  facet normal 0 0 -1
    outer loop
      vertex 16.584631782836915 -1.4858840212667865 0
      vertex 16.56505285400391 1.3371672920607147 0
      vertex 16.8 -1.8000000000000003 0
    endloop
  endfacet
  facet normal 0 0 -1
    outer loop
      vertex 17.04508194532547 -1.629973593254331 0
      vertex 17.22705142441916 1.146344154964819 0
      vertex 17.265874281184537 -1.0014552810214585 0
    endloop
  endfacet
  facet normal 0 0 -1
    outer loop
      vertex 16.8 -1.8000000000000003 0
      vertex 17.034947145996092 1.784600750472859 0
      vertex 17.034947145996092 -1.3371672920607147 0
    endloop
  endfacet
  facet normal 0 0 -1
    outer loop
      vertex 17.276470321114 -1.5770021584255691 0
      vertex 17.4314276634024 0.7871900223447572 0
      vertex 17.488830178257164 -0.6486080924680634 0
    endloop
  endfacet
  facet normal 0 0 -1
    outer loop
      vertex 17.500134078089346 -1.490518974501746 0
      vertex 17.625 0.4145668501920714 0
      vertex 17.7 -0.28466303962440564 0
    endloop
  endfacet
  facet normal 0 0 -1
    outer loop
      vertex 18.109033011480538 -0.7198643657665331 0
      vertex 18.35884572681199 -0.5299574438691383 0
      vertex 18.35884572681199 -0.9000000000000001 0
    endloop
  endfacet
  facet normal 0 0 -1
    outer loop
      vertex 18.35884572681199 -0.9000000000000001 0
      vertex 18.38890324831161 -0.4414108408591701 0
      vertex 18.462983158520316 -0.6888301782571618 0
    endloop
  endfacet
  facet normal 0 0 -1
    outer loop
      vertex 18.35884572681199 -0.9000000000000001 0
      vertex 18.35884572681199 -0.5299574438691383 0
      vertex 18.38890324831161 -0.4414108408591701 0
    endloop
  endfacet
  facet normal 0.6348640795793218 -0.313080316996119 -0.7063485793639782
    outer loop
      vertex 18.35884572681199 -0.9000000000000001 0
      vertex 18.462983158520316 -0.6888301782571618 0
      vertex 18.82329617619972 -0.8380767168795467 0.39
    endloop
  endfacet
  facet normal 0.6702979110062841 -0.22753548059830447 -0.7063485793639783
    outer loop
      vertex 18.462983158520316 -0.6888301782571618 0
      vertex 18.91537755957306 -0.5668137087745204 0.39
      vertex 18.82329617619972 -0.8380767168795467 0.39
    endloop
  endfacet
  facet normal 0 0 -1
    outer loop
      vertex 18.38890324831161 -0.4414108408591701 0
      vertex 18.39377761337696 -0.3670424011095811 0
      vertex 18.462983158520316 -0.6888301782571618 0
    endloop
  endfacet
  facet normal 0 0 -1
    outer loop
      vertex 18.109033011480538 -0.7198643657665331 0
      vertex 18.35884572681199 -0.1059061744712596 0
      vertex 18.35884572681199 -0.5299574438691383 0
    endloop
  endfacet
  facet normal 0.670297911006284 -0.22753548059830891 -0.7063485793639769
    outer loop
      vertex 18.462983158520316 -0.6888301782571618 0
      vertex 18.538666487320324 -0.4658742811845374 0
      vertex 18.91537755957306 -0.5668137087745204 0.39
    endloop
  endfacet
  facet normal 0.6942627593342372 -0.13809744904270616 -0.7063485793639769
    outer loop
      vertex 18.91537755957306 -0.5668137087745204 0.39
      vertex 18.538666487320324 -0.4658742811845374 0
      vertex 18.971264246408644 -0.28585236096191297 0.39
    endloop
  endfacet
  facet normal 0 0 -1
    outer loop
      vertex 17.8957705722157 -1.228952594757765 0
      vertex 17.80445635786439 0.03485032429295343 0
      vertex 17.8957705722157 0.08415267675073301 0
    endloop
  endfacet
  facet normal 0 0 -1
    outer loop
      vertex 18.072792206135787 -1.0457810762280693 0
      vertex 17.966726188957804 -0.3454625003171541 0
      vertex 18.072792206135787 0.4515285174951371 0
    endloop
  endfacet
  facet normal 0 0 -1
    outer loop
      vertex 18.462983158520316 -0.6888301782571618 0
      vertex 18.538666487320324 0.4658742811845374 0
      vertex 18.538666487320324 -0.4658742811845374 0
    endloop
  endfacet
  facet normal 0.6942627593342371 -0.13809744904270507 -0.7063485793639772
    outer loop
      vertex 18.538666487320324 -0.4658742811845374 0
      vertex 18.58460075047286 -0.23494714599609287 0
      vertex 18.971264246408644 -0.28585236096191297 0.39
    endloop
  endfacet
  facet normal 0 0 -1
    outer loop
      vertex 18.39377761337696 -0.3670424011095811 0
      vertex 18.462983158520316 0.6888301782571618 0
      vertex 18.462983158520316 -0.6888301782571618 0
    endloop
  endfacet
  facet normal 0 0 -1
    outer loop
      vertex 18.538666487320324 -0.4658742811845374 0
      vertex 18.58460075047286 0.23494714599609287 0
      vertex 18.58460075047286 -0.23494714599609287 0
    endloop
  endfacet
  facet normal 0.7063485793639772 -0.04629653184614275 -0.7063485793639782
    outer loop
      vertex 18.58460075047286 -0.23494714599609287 0
      vertex 18.6 0 0
      vertex 18.990000000000002 0 0.39
    endloop
  endfacet
  facet normal 0.7063485793639779 -0.0462965318461455 -0.7063485793639773
    outer loop
      vertex 18.58460075047286 -0.23494714599609287 0
      vertex 18.990000000000002 0 0.39
      vertex 18.971264246408644 -0.28585236096191297 0.39
    endloop
  endfacet
  facet normal 0 0 -1
    outer loop
      vertex 15.015399249527142 -0.23494714599609287 0
      vertex 15 0 0
      vertex 15.015399249527142 0.23494714599609287 0
    endloop
  endfacet
  facet normal -0.7063485793639772 0.04629653184614283 -0.7063485793639782
    outer loop
      vertex 14.61 0 0.39
      vertex 15.015399249527142 0.23494714599609287 0
      vertex 15 0 0
    endloop
  endfacet
  facet normal 0 0 -1
    outer loop
      vertex 15.015399249527142 -0.23494714599609287 0
      vertex 15.015399249527142 0.23494714599609287 0
      vertex 15.061333512679678 0.4658742811845374 0
    endloop
  endfacet
  facet normal -0.7063485793639768 0.04629653184614097 -0.7063485793639789
    outer loop
      vertex 14.61 0 0.39
      vertex 14.628735753591355 0.28585236096191297 0.39
      vertex 15.015399249527142 0.23494714599609287 0
    endloop
  endfacet
  facet normal 0 0 -1
    outer loop
      vertex 15.061333512679678 -0.4658742811845374 0
      vertex 15.061333512679678 0.4658742811845374 0
      vertex 15.137016841479685 0.6888301782571618 0
    endloop
  endfacet
  facet normal -0.6942627593342354 0.1380974490427048 -0.7063485793639788
    outer loop
      vertex 14.628735753591355 0.28585236096191297 0.39
      vertex 15.061333512679678 0.4658742811845374 0
      vertex 15.015399249527142 0.23494714599609287 0
    endloop
  endfacet
  facet normal 0 0 -1
    outer loop
      vertex 15.24115427318801 -0.5299574438691383 0
      vertex 15.137016841479685 0.6888301782571618 0
      vertex 15.24115427318801 0.1059061744712596 0
    endloop
  endfacet
  facet normal 0 0 -1
    outer loop
      vertex 15.275598771356378 -0.37447851106886143 0
      vertex 15.24115427318801 0.1059061744712596 0
      vertex 15.371963987475777 1.0957705722156974 0
    endloop
  endfacet
  facet normal 0 0 -1
    outer loop
      vertex 15.371963987475777 -0.8111785801178418 0
      vertex 15.371963987475777 1.0957705722156974 0
      vertex 15.490966988519462 0.7198643657665331 0
    endloop
  endfacet
  facet normal 0 0 -1
    outer loop
      vertex 15.527207793864214 -0.4515285174951371 0
      vertex 15.527207793864214 1.272792206135786 0
      vertex 15.633273811042198 0.3454625003171541 0
    endloop
  endfacet
  facet normal -0.6702979110062826 0.22753548059830844 -0.7063485793639784
    outer loop
      vertex 15.061333512679678 0.4658742811845374 0
      vertex 14.68462244042694 0.5668137087745204 0.39
      vertex 15.137016841479685 0.6888301782571618 0
    endloop
  endfacet
  facet normal -0.6942627593342356 0.13809744904270585 -0.7063485793639784
    outer loop
      vertex 14.628735753591355 0.28585236096191297 0.39
      vertex 14.68462244042694 0.5668137087745204 0.39
      vertex 15.061333512679678 0.4658742811845374 0
    endloop
  endfacet
  facet normal -0.6348640795793237 0.3130803169961146 -0.7063485793639783
    outer loop
      vertex 14.776703823800283 0.8380767168795467 0.39
      vertex 15.24115427318801 0.9000000000000001 0
      vertex 15.137016841479685 0.6888301782571618 0
    endloop
  endfacet
  facet normal -0.6702979110062826 0.22753548059830836 -0.7063485793639784
    outer loop
      vertex 14.68462244042694 0.5668137087745204 0.39
      vertex 14.776703823800283 0.8380767168795467 0.39
      vertex 15.137016841479685 0.6888301782571618 0
    endloop
  endfacet
  facet normal 0 0 -1
    outer loop
      vertex 15.704229427784304 -0.08415267675073301 0
      vertex 15.704229427784304 1.4280360125242235 0
      vertex 15.795543642135613 -0.03485032429295343 0
    endloop
  endfacet
  facet normal 0 0 -1
    outer loop
      vertex 15.527207793864214 -0.4515285174951371 0
      vertex 15.490966988519462 0.7198643657665331 0
      vertex 15.527207793864214 1.272792206135786 0
    endloop
  endfacet
  facet normal 0 0 -1
    outer loop
      vertex 15.137016841479685 0.6888301782571618 0
      vertex 15.24115427318801 0.9000000000000001 0
      vertex 15.24115427318801 0.1059061744712596 0
    endloop
  endfacet
  facet normal 0 0 -1
    outer loop
      vertex 15.704229427784304 -0.08415267675073301 0
      vertex 15.633273811042198 0.3454625003171541 0
      vertex 15.704229427784304 1.4280360125242235 0
    endloop
  endfacet
  facet normal 0 0 -1
    outer loop
      vertex 15.975000000000001 -0.4145668501920714 0
      vertex 15.9 0.28466303962440564 0
      vertex 16.099865921910656 1.490518974501746 0
    endloop
  endfacet
  facet normal 0 0 -1
    outer loop
      vertex 16.168572336597602 -0.7871900223447572 0
      vertex 16.111169821742838 0.6486080924680634 0
      vertex 16.323529678886 1.5770021584255691 0
    endloop
  endfacet
  facet normal 0 0 -1
    outer loop
      vertex 16.372948575580843 -1.146344154964819 0
      vertex 16.334125718815464 1.0014552810214585 0
      vertex 16.55491805467453 1.629973593254331 0
    endloop
  endfacet
  facet normal 0 0 -1
    outer loop
      vertex 15.24115427318801 0.1059061744712596 0
      vertex 15.24115427318801 0.9000000000000001 0
      vertex 15.371963987475777 1.0957705722156974 0
    endloop
  endfacet
  facet normal 0 0 -1
    outer loop
      vertex 18.109033011480538 -0.7198643657665331 0
      vertex 18.35884572681199 0.9000000000000001 0
      vertex 18.35884572681199 -0.1059061744712596 0
    endloop
  endfacet
  facet normal 0 0 -1
    outer loop
      vertex 18.39377761337696 -0.3670424011095811 0
      vertex 18.35884572681199 -0.1059061744712596 0
      vertex 18.462983158520316 0.6888301782571618 0
    endloop
  endfacet
  facet normal 0 0 -1
    outer loop
      vertex 18.109033011480538 -0.7198643657665331 0
      vertex 18.072792206135787 0.4515285174951371 0
      vertex 18.211955058721937 0.850422628857583 0
    endloop
  endfacet
  facet normal 0 0 -1
    outer loop
      vertex 18.462983158520316 -0.6888301782571618 0
      vertex 18.462983158520316 0.6888301782571618 0
      vertex 18.538666487320324 0.4658742811845374 0
    endloop
  endfacet
  facet normal 0 0 -1
    outer loop
      vertex 18.58460075047286 -0.23494714599609287 0
      vertex 18.58460075047286 0.23494714599609287 0
      vertex 18.6 0 0
    endloop
  endfacet
  facet normal 0 0 -1
    outer loop
      vertex 18.538666487320324 -0.4658742811845374 0
      vertex 18.538666487320324 0.4658742811845374 0
      vertex 18.58460075047286 0.23494714599609287 0
    endloop
  endfacet
  facet normal 0.7063485793639782 0.04629653184614282 -0.7063485793639773
    outer loop
      vertex 18.58460075047286 0.23494714599609287 0
      vertex 18.971264246408644 0.28585236096191297 0.39
      vertex 18.6 0 0
    endloop
  endfacet
  facet normal 0.7063485793639771 0.04629653184614546 -0.7063485793639782
    outer loop
      vertex 18.6 0 0
      vertex 18.971264246408644 0.28585236096191297 0.39
      vertex 18.990000000000002 0 0.39
    endloop
  endfacet
  facet normal 0 0 -1
    outer loop
      vertex 17.966726188957804 -0.3454625003171541 0
      vertex 17.8957705722157 0.08415267675073301 0
      vertex 18.058947812789597 1.0615675812603063 0
    endloop
  endfacet
  facet normal 0 0 -1
    outer loop
      vertex 18.109033011480538 -0.7198643657665331 0
      vertex 18.228036012524225 0.8111785801178418 0
      vertex 18.35884572681199 0.9000000000000001 0
    endloop
  endfacet
  facet normal 0.6942627593342369 0.13809744904270607 -0.7063485793639772
    outer loop
      vertex 18.58460075047286 0.23494714599609287 0
      vertex 18.91537755957306 0.5668137087745204 0.39
      vertex 18.971264246408644 0.28585236096191297 0.39
    endloop
  endfacet
  facet normal 0 0 -1
    outer loop
      vertex 16.56505285400391 1.3371672920607147 0
      vertex 16.56505285400391 1.784600750472859 0
      vertex 16.8 -1.8000000000000003 0
    endloop
  endfacet
  facet normal 0 0 -1
    outer loop
      vertex 16.56505285400391 1.784600750472859 0
      vertex 16.8 1.8000000000000003 0
      vertex 16.8 -1.8000000000000003 0
    endloop
  endfacet
  facet normal 0 0 -1
    outer loop
      vertex 17.034947145996092 -1.3371672920607147 0
      vertex 17.265874281184537 1.7386664873203233 0
      vertex 17.22705142441916 1.146344154964819 0
    endloop
  endfacet
  facet normal 0 0 -1
    outer loop
      vertex 16.8 -1.8000000000000003 0
      vertex 16.8 1.8000000000000003 0
      vertex 17.034947145996092 1.784600750472859 0
    endloop
  endfacet
  facet normal 0 0 -1
    outer loop
      vertex 17.7 -0.28466303962440564 0
      vertex 17.7 1.5588457268119897 0
      vertex 17.80445635786439 0.03485032429295343 0
    endloop
  endfacet
  facet normal 0 0 -1
    outer loop
      vertex 17.488830178257164 -0.6486080924680634 0
      vertex 17.488830178257164 1.6629831585203163 0
      vertex 17.625 0.4145668501920714 0
    endloop
  endfacet
  facet normal 0 0 -1
    outer loop
      vertex 17.265874281184537 -1.0014552810214585 0
      vertex 17.265874281184537 1.7386664873203233 0
      vertex 17.4314276634024 0.7871900223447572 0
    endloop
  endfacet
  facet normal 0 0 -1
    outer loop
      vertex 17.488830178257164 -0.6486080924680634 0
      vertex 17.4314276634024 0.7871900223447572 0
      vertex 17.488830178257164 1.6629831585203163 0
    endloop
  endfacet
  facet normal 0 0 -1
    outer loop
      vertex 17.7 -0.28466303962440564 0
      vertex 17.625 0.4145668501920714 0
      vertex 17.7 1.5588457268119897 0
    endloop
  endfacet
  facet normal 0 0 -1
    outer loop
      vertex 17.034947145996092 -1.3371672920607147 0
      vertex 17.034947145996092 1.784600750472859 0
      vertex 17.265874281184537 1.7386664873203233 0
    endloop
  endfacet
  facet normal 0 0 -1
    outer loop
      vertex 17.265874281184537 -1.0014552810214585 0
      vertex 17.22705142441916 1.146344154964819 0
      vertex 17.265874281184537 1.7386664873203233 0
    endloop
  endfacet
  facet normal 0 0 -1
    outer loop
      vertex 18.35884572681199 -0.1059061744712596 0
      vertex 18.35884572681199 0.9000000000000001 0
      vertex 18.462983158520316 0.6888301782571618 0
    endloop
  endfacet
  facet normal 0.6942627593342373 0.13809744904270513 -0.7063485793639768
    outer loop
      vertex 18.58460075047286 0.23494714599609287 0
      vertex 18.538666487320324 0.4658742811845374 0
      vertex 18.91537755957306 0.5668137087745204 0.39
    endloop
  endfacet
  facet normal 0 0 -1
    outer loop
      vertex 17.8957705722157 0.08415267675073301 0
      vertex 18.072792206135787 1.272792206135786 0
      vertex 18.058947812789597 1.0615675812603063 0
    endloop
  endfacet
  facet normal 0.6702979110062826 0.22753548059830844 -0.7063485793639784
    outer loop
      vertex 18.538666487320324 0.4658742811845374 0
      vertex 18.462983158520316 0.6888301782571618 0
      vertex 18.82329617619972 0.8380767168795467 0.39
    endloop
  endfacet
  facet normal 0.6702979110062853 0.22753548059830492 -0.706348579363977
    outer loop
      vertex 18.538666487320324 0.4658742811845374 0
      vertex 18.82329617619972 0.8380767168795467 0.39
      vertex 18.91537755957306 0.5668137087745204 0.39
    endloop
  endfacet
  facet normal -0.6348640795793234 0.313080316996116 -0.706348579363978
    outer loop
      vertex 14.776703823800283 0.8380767168795467 0.39
      vertex 14.90340436571208 1.095 0.39
      vertex 15.24115427318801 0.9000000000000001 0
    endloop
  endfacet
  facet normal -0.5885675477331841 0.39326826236785994 -0.706348579363978
    outer loop
      vertex 14.90340436571208 1.095 0.39
      vertex 15.371963987475777 1.0957705722156974 0
      vertex 15.24115427318801 0.9000000000000001 0
    endloop
  endfacet
  facet normal -0.5885675477331836 0.393268262367862 -0.7063485793639773
    outer loop
      vertex 14.90340436571208 1.095 0.39
      vertex 15.062556184762196 1.3331875295290982 0.39
      vertex 15.371963987475777 1.0957705722156974 0
    endloop
  endfacet
  facet normal 0 0 -1
    outer loop
      vertex 15.795543642135613 -0.03485032429295343 0
      vertex 15.704229427784304 1.4280360125242235 0
      vertex 15.887660650155063 1.3705836284281756 0
    endloop
  endfacet
  facet normal 0 0 -1
    outer loop
      vertex 15.633273811042198 0.3454625003171541 0
      vertex 15.527207793864214 1.272792206135786 0
      vertex 15.704229427784304 1.4280360125242235 0
    endloop
  endfacet
  facet normal 0 0 -1
    outer loop
      vertex 15.371963987475777 1.0957705722156974 0
      vertex 15.527207793864214 1.272792206135786 0
      vertex 15.490966988519462 0.7198643657665331 0
    endloop
  endfacet
  facet normal 0 0 -1
    outer loop
      vertex 15.9 0.28466303962440564 0
      vertex 15.887660650155063 1.3705836284281756 0
      vertex 15.9 1.5588457268119897 0
    endloop
  endfacet
  facet normal 0 0 -1
    outer loop
      vertex 15.9 0.28466303962440564 0
      vertex 15.9 1.5588457268119897 0
      vertex 16.099865921910656 1.490518974501746 0
    endloop
  endfacet
  facet normal -0.5322004619635781 0.4667272787359284 -0.7063485793639773
    outer loop
      vertex 15.371963987475777 1.0957705722156974 0
      vertex 15.062556184762196 1.3331875295290982 0.39
      vertex 15.527207793864214 1.272792206135786 0
    endloop
  endfacet
  facet normal -0.46672727873592745 0.5322004619635794 -0.7063485793639769
    outer loop
      vertex 15.251436149201462 1.5485638507985393 0.39
      vertex 15.704229427784304 1.4280360125242235 0
      vertex 15.527207793864214 1.272792206135786 0
    endloop
  endfacet
  facet normal 0 0 -1
    outer loop
      vertex 16.111169821742838 0.6486080924680634 0
      vertex 16.099865921910656 1.490518974501746 0
      vertex 16.111169821742838 1.6629831585203163 0
    endloop
  endfacet
  facet normal 0 0 -1
    outer loop
      vertex 16.111169821742838 0.6486080924680634 0
      vertex 16.111169821742838 1.6629831585203163 0
      vertex 16.323529678886 1.5770021584255691 0
    endloop
  endfacet
  facet normal -0.5322004619635775 0.46672727873592984 -0.7063485793639769
    outer loop
      vertex 15.062556184762196 1.3331875295290982 0.39
      vertex 15.251436149201462 1.5485638507985393 0.39
      vertex 15.527207793864214 1.272792206135786 0
    endloop
  endfacet
  facet normal 0 0 -1
    outer loop
      vertex 15.887660650155063 1.3705836284281756 0
      vertex 15.704229427784304 1.4280360125242235 0
      vertex 15.9 1.5588457268119897 0
    endloop
  endfacet
  facet normal -0.3932682623678613 0.5885675477331831 -0.7063485793639782
    outer loop
      vertex 15.466812470470902 1.7374438152378053 0.39
      vertex 15.9 1.5588457268119897 0
      vertex 15.704229427784304 1.4280360125242235 0
    endloop
  endfacet
  facet normal 0 0 -1
    outer loop
      vertex 16.334125718815464 1.0014552810214585 0
      vertex 16.323529678886 1.5770021584255691 0
      vertex 16.334125718815464 1.7386664873203233 0
    endloop
  endfacet
  facet normal 0 0 -1
    outer loop
      vertex 16.334125718815464 1.0014552810214585 0
      vertex 16.334125718815464 1.7386664873203233 0
      vertex 16.55491805467453 1.629973593254331 0
    endloop
  endfacet
  facet normal 0 0 -1
    outer loop
      vertex 15.9 1.5588457268119897 0
      vertex 16.111169821742838 1.6629831585203163 0
      vertex 16.099865921910656 1.490518974501746 0
    endloop
  endfacet
  facet normal -0.46672727873592956 0.5322004619635762 -0.7063485793639782
    outer loop
      vertex 15.251436149201462 1.5485638507985393 0.39
      vertex 15.466812470470902 1.7374438152378053 0.39
      vertex 15.704229427784304 1.4280360125242235 0
    endloop
  endfacet
  facet normal 0 0 -1
    outer loop
      vertex 17.80445635786439 0.03485032429295343 0
      vertex 17.7 1.5588457268119897 0
      vertex 17.88343122237076 1.2397739141404092 0
    endloop
  endfacet
  facet normal 0 0 -1
    outer loop
      vertex 17.625 0.4145668501920714 0
      vertex 17.488830178257164 1.6629831585203163 0
      vertex 17.7 1.5588457268119897 0
    endloop
  endfacet
  facet normal 0 0 -1
    outer loop
      vertex 18.072792206135787 0.4515285174951371 0
      vertex 18.072792206135787 1.272792206135786 0
      vertex 18.211955058721937 0.850422628857583 0
    endloop
  endfacet
  facet normal 0.6348640795793218 0.313080316996119 -0.7063485793639781
    outer loop
      vertex 18.35884572681199 0.9000000000000001 0
      vertex 18.69659563428792 1.0950000000000002 0.39
      vertex 18.462983158520316 0.6888301782571618 0
    endloop
  endfacet
  facet normal 0 0 -1
    outer loop
      vertex 17.8957705722157 0.08415267675073301 0
      vertex 17.88343122237076 1.2397739141404092 0
      vertex 17.8957705722157 1.4280360125242235 0
    endloop
  endfacet
  facet normal 0 0 -1
    outer loop
      vertex 17.8957705722157 0.08415267675073301 0
      vertex 17.8957705722157 1.4280360125242235 0
      vertex 18.072792206135787 1.272792206135786 0
    endloop
  endfacet
  facet normal 0 0 -1
    outer loop
      vertex 18.072792206135787 0.4515285174951371 0
      vertex 18.058947812789597 1.0615675812603063 0
      vertex 18.072792206135787 1.272792206135786 0
    endloop
  endfacet
  facet normal 0 0 -1
    outer loop
      vertex 18.228036012524225 0.8111785801178418 0
      vertex 18.211955058721937 0.850422628857583 0
      vertex 18.228036012524225 1.0957705722156974 0
    endloop
  endfacet
  facet normal 0 0 -1
    outer loop
      vertex 18.228036012524225 0.8111785801178418 0
      vertex 18.228036012524225 1.0957705722156974 0
      vertex 18.35884572681199 0.9000000000000001 0
    endloop
  endfacet
  facet normal 0.6348640795793217 0.31308031699611927 -0.7063485793639782
    outer loop
      vertex 18.462983158520316 0.6888301782571618 0
      vertex 18.69659563428792 1.0950000000000002 0.39
      vertex 18.82329617619972 0.8380767168795467 0.39
    endloop
  endfacet
  facet normal 0 0 -1
    outer loop
      vertex 18.211955058721937 0.850422628857583 0
      vertex 18.072792206135787 1.272792206135786 0
      vertex 18.228036012524225 1.0957705722156974 0
    endloop
  endfacet
  facet normal 0.5885675477331863 0.39326826236785595 -0.7063485793639784
    outer loop
      vertex 18.228036012524225 1.0957705722156974 0
      vertex 18.537443815237808 1.3331875295290982 0.39
      vertex 18.35884572681199 0.9000000000000001 0
    endloop
  endfacet
  facet normal 0.5885675477331869 0.39326826236785567 -0.7063485793639783
    outer loop
      vertex 18.35884572681199 0.9000000000000001 0
      vertex 18.537443815237808 1.3331875295290982 0.39
      vertex 18.69659563428792 1.0950000000000002 0.39
    endloop
  endfacet
  facet normal 0 0 -1
    outer loop
      vertex 17.4314276634024 0.7871900223447572 0
      vertex 17.265874281184537 1.7386664873203233 0
      vertex 17.488830178257164 1.6629831585203163 0
    endloop
  endfacet
  facet normal 0 0 -1
    outer loop
      vertex 17.88343122237076 1.2397739141404092 0
      vertex 17.7 1.5588457268119897 0
      vertex 17.8957705722157 1.4280360125242235 0
    endloop
  endfacet
  facet normal 0 0 -1
    outer loop
      vertex 16.56505285400391 1.3371672920607147 0
      vertex 16.55491805467453 1.629973593254331 0
      vertex 16.56505285400391 1.784600750472859 0
    endloop
  endfacet
  facet normal 0.5322004619635776 0.466727278735928 -0.7063485793639781
    outer loop
      vertex 18.228036012524225 1.0957705722156974 0
      vertex 18.072792206135787 1.272792206135786 0
      vertex 18.34856385079854 1.5485638507985393 0.39
    endloop
  endfacet
  facet normal 0.5322004619635763 0.4667272787359288 -0.7063485793639785
    outer loop
      vertex 18.228036012524225 1.0957705722156974 0
      vertex 18.34856385079854 1.5485638507985393 0.39
      vertex 18.537443815237808 1.3331875295290982 0.39
    endloop
  endfacet
  facet normal 0.46672727873593 0.5322004619635771 -0.7063485793639771
    outer loop
      vertex 17.8957705722157 1.4280360125242235 0
      vertex 18.1331875295291 1.7374438152378053 0.39
      vertex 18.072792206135787 1.272792206135786 0
    endloop
  endfacet
  facet normal 0.46672727873592745 0.5322004619635781 -0.706348579363978
    outer loop
      vertex 18.072792206135787 1.272792206135786 0
      vertex 18.1331875295291 1.7374438152378053 0.39
      vertex 18.34856385079854 1.5485638507985393 0.39
    endloop
  endfacet
  facet normal 0 0 -1
    outer loop
      vertex 16.111169821742838 1.6629831585203163 0
      vertex 16.334125718815464 1.7386664873203233 0
      vertex 16.323529678886 1.5770021584255691 0
    endloop
  endfacet
  facet normal 0 0 -1
    outer loop
      vertex 16.55491805467453 1.629973593254331 0
      vertex 16.334125718815464 1.7386664873203233 0
      vertex 16.56505285400391 1.784600750472859 0
    endloop
  endfacet
  facet normal -0.31308031699611827 0.6348640795793224 -0.7063485793639779
    outer loop
      vertex 15.9 1.5588457268119897 0
      vertex 15.705 1.8965956342879207 0.39
      vertex 16.111169821742838 1.6629831585203163 0
    endloop
  endfacet
  facet normal -0.22753548059830545 0.6702979110062848 -0.7063485793639775
    outer loop
      vertex 15.961923283120454 2.023296176199718 0.39
      vertex 16.334125718815464 1.7386664873203233 0
      vertex 16.111169821742838 1.6629831585203163 0
    endloop
  endfacet
  facet normal -0.39326826236786067 0.588567547733184 -0.7063485793639779
    outer loop
      vertex 15.466812470470902 1.7374438152378053 0.39
      vertex 15.705 1.8965956342879207 0.39
      vertex 15.9 1.5588457268119897 0
    endloop
  endfacet
  facet normal -0.138097449042706 0.6942627593342358 -0.7063485793639782
    outer loop
      vertex 16.23318629122548 2.11537755957306 0.39
      vertex 16.56505285400391 1.784600750472859 0
      vertex 16.334125718815464 1.7386664873203233 0
    endloop
  endfacet
  facet normal -0.31308031699611716 0.6348640795793236 -0.7063485793639773
    outer loop
      vertex 15.705 1.8965956342879207 0.39
      vertex 15.961923283120454 2.023296176199718 0.39
      vertex 16.111169821742838 1.6629831585203163 0
    endloop
  endfacet
  facet normal -0.227535480598308 0.6702979110062827 -0.7063485793639784
    outer loop
      vertex 15.961923283120454 2.023296176199718 0.39
      vertex 16.23318629122548 2.11537755957306 0.39
      vertex 16.334125718815464 1.7386664873203233 0
    endloop
  endfacet
  facet normal -0.13809744904270466 0.6942627593342365 -0.7063485793639778
    outer loop
      vertex 16.23318629122548 2.11537755957306 0.39
      vertex 16.51414763903809 2.171264246408645 0.39
      vertex 16.56505285400391 1.784600750472859 0
    endloop
  endfacet
  facet normal 0.3932682623678564 0.5885675477331866 -0.7063485793639781
    outer loop
      vertex 17.7 1.5588457268119897 0
      vertex 17.895 1.8965956342879207 0.39
      vertex 17.8957705722157 1.4280360125242235 0
    endloop
  endfacet
  facet normal 0.3130803169961211 0.6348640795793228 -0.7063485793639765
    outer loop
      vertex 17.7 1.5588457268119897 0
      vertex 17.488830178257164 1.6629831585203163 0
      vertex 17.638076716879546 2.023296176199718 0.39
    endloop
  endfacet
  facet normal 0.31308031699611694 0.6348640795793232 -0.7063485793639778
    outer loop
      vertex 17.7 1.5588457268119897 0
      vertex 17.638076716879546 2.023296176199718 0.39
      vertex 17.895 1.8965956342879207 0.39
    endloop
  endfacet
  facet normal -0.04629653184613977 0.7063485793639781 -0.7063485793639779
    outer loop
      vertex 16.51414763903809 2.171264246408645 0.39
      vertex 16.8 1.8000000000000003 0
      vertex 16.56505285400391 1.784600750472859 0
    endloop
  endfacet
  facet normal 0.04629653184613968 0.7063485793639778 -0.706348579363978
    outer loop
      vertex 16.8 1.8000000000000003 0
      vertex 16.8 2.1900000000000004 0.39
      vertex 17.034947145996092 1.784600750472859 0
    endloop
  endfacet
  facet normal 0.13809744904270613 0.6942627593342363 -0.7063485793639777
    outer loop
      vertex 17.034947145996092 1.784600750472859 0
      vertex 17.085852360961912 2.171264246408645 0.39
      vertex 17.265874281184537 1.7386664873203233 0
    endloop
  endfacet
  facet normal 0.2275354805983051 0.6702979110062836 -0.7063485793639785
    outer loop
      vertex 17.265874281184537 1.7386664873203233 0
      vertex 17.366813708774522 2.11537755957306 0.39
      vertex 17.488830178257164 1.6629831585203163 0
    endloop
  endfacet
  facet normal 0.2275354805983099 0.6702979110062836 -0.7063485793639771
    outer loop
      vertex 17.488830178257164 1.6629831585203163 0
      vertex 17.366813708774522 2.11537755957306 0.39
      vertex 17.638076716879546 2.023296176199718 0.39
    endloop
  endfacet
  facet normal 0.13809744904270455 0.6942627593342362 -0.7063485793639782
    outer loop
      vertex 17.265874281184537 1.7386664873203233 0
      vertex 17.085852360961912 2.171264246408645 0.39
      vertex 17.366813708774522 2.11537755957306 0.39
    endloop
  endfacet
  facet normal 0.39326826236785906 0.588567547733186 -0.7063485793639772
    outer loop
      vertex 17.8957705722157 1.4280360125242235 0
      vertex 17.895 1.8965956342879207 0.39
      vertex 18.1331875295291 1.7374438152378053 0.39
    endloop
  endfacet
  facet normal -0.046296531846140215 0.7063485793639778 -0.706348579363978
    outer loop
      vertex 16.51414763903809 2.171264246408645 0.39
      vertex 16.8 2.1900000000000004 0.39
      vertex 16.8 1.8000000000000003 0
    endloop
  endfacet
  facet normal 0.04629653184614015 0.7063485793639778 -0.7063485793639777
    outer loop
      vertex 17.034947145996092 1.784600750472859 0
      vertex 16.8 2.1900000000000004 0.39
      vertex 17.085852360961912 2.171264246408645 0.39
    endloop
  endfacet
  facet normal -0.04629653184613994 -0.7063485793639778 -0.7063485793639778
    outer loop
      vertex -0.28585236096191297 -2.171264246408645 0.39
      vertex -0.23494714599609287 -1.784600750472859 0
      vertex 0 -2.1900000000000004 0.39
    endloop
  endfacet
  facet normal 0.04629653184613994 -0.7063485793639778 -0.706348579363978
    outer loop
      vertex 0 -2.1900000000000004 0.39
      vertex 0 -1.8000000000000003 0
      vertex 0.28585236096191297 -2.171264246408645 0.39
    endloop
  endfacet
  facet normal -0.39326826236786044 -0.5885675477331841 -0.7063485793639778
    outer loop
      vertex -1.0950000000000002 -1.8965956342879207 0.39
      vertex -1.0957705722156974 -1.4280360125242235 0
      vertex -0.9000000000000001 -1.5588457268119897 0
    endloop
  endfacet
  facet normal -0.31308031699611727 -0.6348640795793232 -0.7063485793639778
    outer loop
      vertex -0.8380767168795467 -2.023296176199718 0.39
      vertex -1.0950000000000002 -1.8965956342879207 0.39
      vertex -0.9000000000000001 -1.5588457268119897 0
    endloop
  endfacet
  facet normal -0.39326826236786044 -0.5885675477331842 -0.7063485793639778
    outer loop
      vertex -1.3331875295290982 -1.7374438152378053 0.39
      vertex -1.0957705722156974 -1.4280360125242235 0
      vertex -1.0950000000000002 -1.8965956342879207 0.39
    endloop
  endfacet
  facet normal -0.2275354805983074 -0.6702979110062834 -0.7063485793639779
    outer loop
      vertex -0.5668137087745204 -2.11537755957306 0.39
      vertex -0.6888301782571618 -1.6629831585203163 0
      vertex -0.4658742811845374 -1.7386664873203233 0
    endloop
  endfacet
  facet normal -0.13809744904270618 -0.6942627593342362 -0.7063485793639778
    outer loop
      vertex -0.28585236096191297 -2.171264246408645 0.39
      vertex -0.4658742811845374 -1.7386664873203233 0
      vertex -0.23494714599609287 -1.784600750472859 0
    endloop
  endfacet
  facet normal -0.04629653184613944 -0.7063485793639777 -0.7063485793639779
    outer loop
      vertex -0.23494714599609287 -1.784600750472859 0
      vertex 0 -1.8000000000000003 0
      vertex 0 -2.1900000000000004 0.39
    endloop
  endfacet
  facet normal 0.04629653184613946 -0.706348579363978 -0.7063485793639779
    outer loop
      vertex 0 -1.8000000000000003 0
      vertex 0.23494714599609287 -1.784600750472859 0
      vertex 0.28585236096191297 -2.171264246408645 0.39
    endloop
  endfacet
  facet normal 0.1380974490427062 -0.694262759334236 -0.7063485793639778
    outer loop
      vertex 0.23494714599609287 -1.784600750472859 0
      vertex 0.4658742811845374 -1.7386664873203233 0
      vertex 0.5668137087745204 -2.11537755957306 0.39
    endloop
  endfacet
  facet normal -0.22753548059830758 -0.6702979110062836 -0.7063485793639779
    outer loop
      vertex -0.8380767168795467 -2.023296176199718 0.39
      vertex -0.6888301782571618 -1.6629831585203163 0
      vertex -0.5668137087745204 -2.11537755957306 0.39
    endloop
  endfacet
  facet normal -0.13809744904270596 -0.6942627593342362 -0.7063485793639779
    outer loop
      vertex -0.5668137087745204 -2.11537755957306 0.39
      vertex -0.4658742811845374 -1.7386664873203233 0
      vertex -0.28585236096191297 -2.171264246408645 0.39
    endloop
  endfacet
  facet normal 0.13809744904270604 -0.6942627593342362 -0.7063485793639778
    outer loop
      vertex 0.23494714599609287 -1.784600750472859 0
      vertex 0.5668137087745204 -2.11537755957306 0.39
      vertex 0.28585236096191297 -2.171264246408645 0.39
    endloop
  endfacet
  facet normal -0.31308031699611716 -0.6348640795793232 -0.7063485793639778
    outer loop
      vertex -0.8380767168795467 -2.023296176199718 0.39
      vertex -0.9000000000000001 -1.5588457268119897 0
      vertex -0.6888301782571618 -1.6629831585203163 0
    endloop
  endfacet
  facet normal 0 0 -1
    outer loop
      vertex -0.6888301782571618 -1.6629831585203163 0
      vertex -0.4658742811845374 -1.580599029306712 0
      vertex -0.4658742811845374 -1.7386664873203233 0
    endloop
  endfacet
  facet normal 0 0 -1
    outer loop
      vertex -0.4658742811845374 -1.7386664873203233 0
      vertex -0.23494714599609287 -1.6319895301818557 0
      vertex -0.23494714599609287 -1.784600750472859 0
    endloop
  endfacet
  facet normal 0 0 -1
    outer loop
      vertex -0.23494714599609287 -1.784600750472859 0
      vertex -0.23494714599609287 -1.6319895301818557 0
      vertex -0.22507320867703817 -1.6339535784293473 0
    endloop
  endfacet
  facet normal 0 0 -1
    outer loop
      vertex -0.4658742811845374 -1.7386664873203233 0
      vertex -0.4557394818551588 -1.5840393301017952 0
      vertex -0.23494714599609287 -1.6319895301818557 0
    endloop
  endfacet
  facet normal 0 0 -1
    outer loop
      vertex -0.4658742811845374 -1.7386664873203233 0
      vertex -0.4658742811845374 -1.580599029306712 0
      vertex -0.4557394818551588 -1.5840393301017952 0
    endloop
  endfacet
  facet normal 0 0 -1
    outer loop
      vertex -0.23494714599609287 -1.784600750472859 0
      vertex -0.22507320867703817 -1.6339535784293473 0
      vertex 0 -1.8000000000000003 0
    endloop
  endfacet
  facet normal 0 0 -1
    outer loop
      vertex 0 -1.8000000000000003 0
      vertex 0.23494714599609287 -1.6319895301818557 0
      vertex 0.23494714599609287 -1.784600750472859 0
    endloop
  endfacet
  facet normal 0 0 -1
    outer loop
      vertex -0.22507320867703817 -1.6339535784293473 0
      vertex -0.21536821716308507 -1.4858840212667865 0
      vertex 0 -1.8000000000000003 0
    endloop
  endfacet
  facet normal 0 0 -1
    outer loop
      vertex 0.23494714599609287 -1.784600750472859 0
      vertex 0.23494714599609287 -1.6319895301818557 0
      vertex 0.24508194532547145 -1.629973593254331 0
    endloop
  endfacet
  facet normal 0 0 -1
    outer loop
      vertex 0.23494714599609287 -1.784600750472859 0
      vertex 0.24508194532547145 -1.629973593254331 0
      vertex 0.4658742811845374 -1.7386664873203233 0
    endloop
  endfacet
  facet normal 0 0 -1
    outer loop
      vertex 0.4658742811845374 -1.7386664873203233 0
      vertex 0.24508194532547145 -1.629973593254331 0
      vertex 0.4658742811845374 -1.580599029306712 0
    endloop
  endfacet
  facet normal 0 0 -1
    outer loop
      vertex 0.4658742811845374 -1.7386664873203233 0
      vertex 0.4658742811845374 -1.580599029306712 0
      vertex 0.47647032111400117 -1.5770021584255691 0
    endloop
  endfacet
  facet normal 0.22753548059830753 -0.6702979110062834 -0.7063485793639778
    outer loop
      vertex 0.4658742811845374 -1.7386664873203233 0
      vertex 0.8380767168795467 -2.023296176199718 0.39
      vertex 0.5668137087745204 -2.11537755957306 0.39
    endloop
  endfacet
  facet normal 0.3130803169961171 -0.6348640795793232 -0.7063485793639778
    outer loop
      vertex 0.6888301782571618 -1.6629831585203163 0
      vertex 1.0950000000000002 -1.8965956342879207 0.39
      vertex 0.8380767168795467 -2.023296176199718 0.39
    endloop
  endfacet
  facet normal 0.22753548059830744 -0.6702979110062837 -0.7063485793639779
    outer loop
      vertex 0.4658742811845374 -1.7386664873203233 0
      vertex 0.6888301782571618 -1.6629831585203163 0
      vertex 0.8380767168795467 -2.023296176199718 0.39
    endloop
  endfacet
  facet normal 0 0 -1
    outer loop
      vertex 0.4658742811845374 -1.7386664873203233 0
      vertex 0.47647032111400117 -1.5770021584255691 0
      vertex 0.6888301782571618 -1.6629831585203163 0
    endloop
  endfacet
  facet normal 0.31308031699611705 -0.6348640795793232 -0.7063485793639778
    outer loop
      vertex 0.6888301782571618 -1.6629831585203163 0
      vertex 0.9000000000000001 -1.5588457268119897 0
      vertex 1.0950000000000002 -1.8965956342879207 0.39
    endloop
  endfacet
  facet normal 0.39326826236786055 -0.5885675477331842 -0.7063485793639779
    outer loop
      vertex 1.0950000000000002 -1.8965956342879207 0.39
      vertex 0.9000000000000001 -1.5588457268119897 0
      vertex 1.3331875295290982 -1.7374438152378053 0.39
    endloop
  endfacet
  facet normal 0 0 -1
    outer loop
      vertex -1.0957705722156974 -1.4280360125242235 0
      vertex -0.9000000000000001 -1.3788285184003761 0
      vertex -0.9000000000000001 -1.5588457268119897 0
    endloop
  endfacet
  facet normal 0 0 -1
    outer loop
      vertex -0.9000000000000001 -1.5588457268119897 0
      vertex -0.9000000000000001 -1.3788285184003761 0
      vertex -0.8886961001678185 -1.3863815427934194 0
    endloop
  endfacet
  facet normal -0.4667272787359286 -0.5322004619635775 -0.7063485793639779
    outer loop
      vertex -1.3331875295290982 -1.7374438152378053 0.39
      vertex -1.272792206135786 -1.272792206135786 0
      vertex -1.0957705722156974 -1.4280360125242235 0
    endloop
  endfacet
  facet normal -0.466727278735929 -0.5322004619635772 -0.7063485793639775
    outer loop
      vertex -1.3331875295290982 -1.7374438152378053 0.39
      vertex -1.5485638507985393 -1.5485638507985393 0.39
      vertex -1.272792206135786 -1.272792206135786 0
    endloop
  endfacet
  facet normal 0 0 -1
    outer loop
      vertex -1.0957705722156974 -1.4280360125242235 0
      vertex -1.0834312223707592 -1.2397739141404092 0
      vertex -0.9000000000000001 -1.3788285184003761 0
    endloop
  endfacet
  facet normal 0 0 -1
    outer loop
      vertex -1.272792206135786 -1.272792206135786 0
      vertex -1.0957705722156974 -1.228952594757765 0
      vertex -1.0957705722156974 -1.4280360125242235 0
    endloop
  endfacet
  facet normal 0 0 -1
    outer loop
      vertex -1.0957705722156974 -1.4280360125242235 0
      vertex -1.0957705722156974 -1.228952594757765 0
      vertex -1.0834312223707592 -1.2397739141404092 0
    endloop
  endfacet
  facet normal -0.5322004619635776 -0.4667272787359287 -0.7063485793639777
    outer loop
      vertex -1.5485638507985393 -1.5485638507985393 0.39
      vertex -1.4280360125242235 -1.0957705722156974 0
      vertex -1.272792206135786 -1.272792206135786 0
    endloop
  endfacet
  facet normal -0.5322004619635771 -0.4667272787359289 -0.7063485793639778
    outer loop
      vertex -1.7374438152378053 -1.3331875295290982 0.39
      vertex -1.4280360125242235 -1.0957705722156974 0
      vertex -1.5485638507985393 -1.5485638507985393 0.39
    endloop
  endfacet
  facet normal 0 0 -1
    outer loop
      vertex -0.6888301782571618 -1.6629831585203163 0
      vertex -0.678234138327698 -1.5013188296255624 0
      vertex -0.4658742811845374 -1.580599029306712 0
    endloop
  endfacet
  facet normal 0 0 -1
    outer loop
      vertex -0.6888301782571618 -1.6629831585203163 0
      vertex -0.9000000000000001 -1.5588457268119897 0
      vertex -0.6888301782571618 -1.4960934410003024 0
    endloop
  endfacet
  facet normal 0 0 -1
    outer loop
      vertex -0.6888301782571618 -1.6629831585203163 0
      vertex -0.6888301782571618 -1.4960934410003024 0
      vertex -0.678234138327698 -1.5013188296255624 0
    endloop
  endfacet
  facet normal 0 0 -1
    outer loop
      vertex -0.9000000000000001 -1.5588457268119897 0
      vertex -0.8886961001678185 -1.3863815427934194 0
      vertex -0.6888301782571618 -1.4960934410003024 0
    endloop
  endfacet
  facet normal 0 0 -1
    outer loop
      vertex -0.4557394818551588 -1.5840393301017952 0
      vertex -0.4270514244191592 -1.146344154964819 0
      vertex -0.23494714599609287 -1.6319895301818557 0
    endloop
  endfacet
  facet normal 0 0 -1
    outer loop
      vertex 0 -1.8000000000000003 0
      vertex 0.23494714599609287 -1.3371672920607147 0
      vertex 0.23494714599609287 -1.6319895301818557 0
    endloop
  endfacet
  facet normal 0 0 -1
    outer loop
      vertex -0.678234138327698 -1.5013188296255624 0
      vertex -0.6314276634023981 -0.7871900223447572 0
      vertex -0.4658742811845374 -1.580599029306712 0
    endloop
  endfacet
  facet normal 0 0 -1
    outer loop
      vertex 0.24508194532547145 -1.629973593254331 0
      vertex 0.4658742811845374 -1.0014552810214585 0
      vertex 0.4658742811845374 -1.580599029306712 0
    endloop
  endfacet
  facet normal -0.5885675477331841 -0.3932682623678606 -0.7063485793639778
    outer loop
      vertex -1.7374438152378053 -1.3331875295290982 0.39
      vertex -1.5588457268119897 -0.9000000000000001 0
      vertex -1.4280360125242235 -1.0957705722156974 0
    endloop
  endfacet
  facet normal 0 0 -1
    outer loop
      vertex -1.272792206135786 -1.272792206135786 0
      vertex -1.2589478127895972 -1.0615675812603063 0
      vertex -1.0957705722156974 -1.228952594757765 0
    endloop
  endfacet
  facet normal 0 0 -1
    outer loop
      vertex -1.272792206135786 -1.272792206135786 0
      vertex -1.4280360125242235 -1.0957705722156974 0
      vertex -1.272792206135786 -1.0457810762280693 0
    endloop
  endfacet
  facet normal 0 0 -1
    outer loop
      vertex -1.272792206135786 -1.272792206135786 0
      vertex -1.272792206135786 -1.0457810762280693 0
      vertex -1.2589478127895972 -1.0615675812603063 0
    endloop
  endfacet
  facet normal -0.5885675477331842 -0.39326826236786055 -0.7063485793639779
    outer loop
      vertex -1.7374438152378053 -1.3331875295290982 0.39
      vertex -1.8965956342879207 -1.0950000000000002 0.39
      vertex -1.5588457268119897 -0.9000000000000001 0
    endloop
  endfacet
  facet normal -0.6348640795793233 -0.31308031699611705 -0.7063485793639778
    outer loop
      vertex -1.8965956342879207 -1.0950000000000002 0.39
      vertex -1.6629831585203163 -0.6888301782571618 0
      vertex -1.5588457268119897 -0.9000000000000001 0
    endloop
  endfacet
  facet normal 0 0 -1
    outer loop
      vertex -1.4280360125242235 -1.0957705722156974 0
      vertex -1.4119550587219358 -0.850422628857583 0
      vertex -1.272792206135786 -1.0457810762280693 0
    endloop
  endfacet
  facet normal 0 0 -1
    outer loop
      vertex -1.5588457268119897 -0.9000000000000001 0
      vertex -1.4280360125242235 -0.8263557807279217 0
      vertex -1.4280360125242235 -1.0957705722156974 0
    endloop
  endfacet
  facet normal 0 0 -1
    outer loop
      vertex -1.4280360125242235 -1.0957705722156974 0
      vertex -1.4280360125242235 -0.8263557807279217 0
      vertex -1.4119550587219358 -0.850422628857583 0
    endloop
  endfacet
  facet normal 0 0 -1
    outer loop
      vertex -0.9000000000000001 -1.3788285184003761 0
      vertex -1.0834312223707592 -1.2397739141404092 0
      vertex -1.004456357864389 -0.03485032429295343 0
    endloop
  endfacet
  facet normal -0.6348640795793231 -0.3130803169961172 -0.7063485793639778
    outer loop
      vertex -2.023296176199718 -0.8380767168795467 0.39
      vertex -1.6629831585203163 -0.6888301782571618 0
      vertex -1.8965956342879207 -1.0950000000000002 0.39
    endloop
  endfacet
  facet normal 0 0 -1
    outer loop
      vertex -0.8886961001678185 -1.3863815427934194 0
      vertex -0.825 -0.4145668501920714 0
      vertex -0.6888301782571618 -1.4960934410003024 0
    endloop
  endfacet
  facet normal 0 0 -1
    outer loop
      vertex 0.47647032111400117 -1.5770021584255691 0
      vertex 0.6888301782571618 -1.4960934410003024 0
      vertex 0.6888301782571618 -1.6629831585203163 0
    endloop
  endfacet
  facet normal 0 0 -1
    outer loop
      vertex 0.6888301782571618 -1.6629831585203163 0
      vertex 0.6888301782571618 -1.4960934410003024 0
      vertex 0.7001340780893434 -1.490518974501746 0
    endloop
  endfacet
  facet normal 0 0 -1
    outer loop
      vertex 0.6888301782571618 -1.6629831585203163 0
      vertex 0.7001340780893434 -1.490518974501746 0
      vertex 0.9000000000000001 -1.5588457268119897 0
    endloop
  endfacet
  facet normal 0.3932682623678605 -0.5885675477331841 -0.7063485793639778
    outer loop
      vertex 0.9000000000000001 -1.5588457268119897 0
      vertex 1.0957705722156974 -1.4280360125242235 0
      vertex 1.3331875295290982 -1.7374438152378053 0.39
    endloop
  endfacet
  facet normal 0 0 -1
    outer loop
      vertex 0.7001340780893434 -1.490518974501746 0
      vertex 0.9000000000000001 -1.3788285184003761 0
      vertex 0.9000000000000001 -1.5588457268119897 0
    endloop
  endfacet
  facet normal 0 0 -1
    outer loop
      vertex 0.9000000000000001 -1.5588457268119897 0
      vertex 0.9123393498449384 -1.3705836284281756 0
      vertex 1.0957705722156974 -1.4280360125242235 0
    endloop
  endfacet
  facet normal 0 0 -1
    outer loop
      vertex 0.9000000000000001 -1.5588457268119897 0
      vertex 0.9000000000000001 -1.3788285184003761 0
      vertex 0.9123393498449384 -1.3705836284281756 0
    endloop
  endfacet
  facet normal 0.466727278735929 -0.5322004619635771 -0.7063485793639779
    outer loop
      vertex 1.0957705722156974 -1.4280360125242235 0
      vertex 1.5485638507985393 -1.5485638507985393 0.39
      vertex 1.3331875295290982 -1.7374438152378053 0.39
    endloop
  endfacet
  facet normal 0 0 -1
    outer loop
      vertex 1.0957705722156974 -1.4280360125242235 0
      vertex 0.9123393498449384 -1.3705836284281756 0
      vertex 1.0957705722156974 -1.228952594757765 0
    endloop
  endfacet
  facet normal 0 0 -1
    outer loop
      vertex 0.47647032111400117 -1.5770021584255691 0
      vertex 0.6888301782571618 -0.6486080924680634 0
      vertex 0.6888301782571618 -1.4960934410003024 0
    endloop
  endfacet
  facet normal 0 0 -1
    outer loop
      vertex 1.0957705722156974 -1.4280360125242235 0
      vertex 1.0957705722156974 -1.228952594757765 0
      vertex 1.109614965561886 -1.216811387648744 0
    endloop
  endfacet
  facet normal 0.4667272787359287 -0.5322004619635776 -0.7063485793639777
    outer loop
      vertex 1.0957705722156974 -1.4280360125242235 0
      vertex 1.272792206135786 -1.272792206135786 0
      vertex 1.5485638507985393 -1.5485638507985393 0.39
    endloop
  endfacet
  facet normal 0 0 -1
    outer loop
      vertex 1.0957705722156974 -1.4280360125242235 0
      vertex 1.109614965561886 -1.216811387648744 0
      vertex 1.272792206135786 -1.272792206135786 0
    endloop
  endfacet
  facet normal 0.5322004619635775 -0.4667272787359286 -0.7063485793639779
    outer loop
      vertex 1.272792206135786 -1.272792206135786 0
      vertex 1.4280360125242235 -1.0957705722156974 0
      vertex 1.7374438152378053 -1.3331875295290982 0.39
    endloop
  endfacet
  facet normal 0.5322004619635772 -0.466727278735929 -0.7063485793639775
    outer loop
      vertex 1.272792206135786 -1.272792206135786 0
      vertex 1.7374438152378053 -1.3331875295290982 0.39
      vertex 1.5485638507985393 -1.5485638507985393 0.39
    endloop
  endfacet
  facet normal 0 0 -1
    outer loop
      vertex 0.7001340780893434 -1.490518974501746 0
      vertex 0.9000000000000001 -0.28466303962440564 0
      vertex 0.9000000000000001 -1.3788285184003761 0
    endloop
  endfacet
  facet normal 0 0 -1
    outer loop
      vertex 1.109614965561886 -1.216811387648744 0
      vertex 1.272792206135786 -1.0457810762280693 0
      vertex 1.272792206135786 -1.272792206135786 0
    endloop
  endfacet
  facet normal 0 0 -1
    outer loop
      vertex 1.272792206135786 -1.272792206135786 0
      vertex 1.2888731599380736 -1.0274442627776716 0
      vertex 1.4280360125242235 -1.0957705722156974 0
    endloop
  endfacet
  facet normal 0 0 -1
    outer loop
      vertex 1.272792206135786 -1.272792206135786 0
      vertex 1.272792206135786 -1.0457810762280693 0
      vertex 1.2888731599380736 -1.0274442627776716 0
    endloop
  endfacet
  facet normal 0.5885675477331842 -0.3932682623678606 -0.7063485793639777
    outer loop
      vertex 1.4280360125242235 -1.0957705722156974 0
      vertex 1.5588457268119897 -0.9000000000000001 0
      vertex 1.8965956342879207 -1.095 0.39
    endloop
  endfacet
  facet normal 0.5885675477331844 -0.3932682623678603 -0.7063485793639778
    outer loop
      vertex 1.7374438152378053 -1.3331875295290982 0.39
      vertex 1.4280360125242235 -1.0957705722156974 0
      vertex 1.8965956342879207 -1.095 0.39
    endloop
  endfacet
  facet normal 0 0 -1
    outer loop
      vertex 0.9123393498449384 -1.3705836284281756 0
      vertex 1.004456357864389 0.03485032429295343 0
      vertex 1.0957705722156974 -1.228952594757765 0
    endloop
  endfacet
  facet normal 0 0 -1
    outer loop
      vertex 1.2888731599380736 -1.0274442627776716 0
      vertex 1.309033011480538 -0.7198643657665331 0
      vertex 1.4280360125242235 -1.0957705722156974 0
    endloop
  endfacet
  facet normal 0 0 -1
    outer loop
      vertex 1.109614965561886 -1.216811387648744 0
      vertex 1.1667261889578033 -0.3454625003171541 0
      vertex 1.272792206135786 -1.0457810762280693 0
    endloop
  endfacet
  facet normal 0 0 -1
    outer loop
      vertex 1.309033011480538 -0.7198643657665331 0
      vertex 1.5588457268119897 -0.9000000000000001 0
      vertex 1.4280360125242235 -1.0957705722156974 0
    endloop
  endfacet
  facet normal 0.6348640795793231 -0.31308031699611744 -0.7063485793639777
    outer loop
      vertex 1.5588457268119897 -0.9000000000000001 0
      vertex 2.023296176199718 -0.8380767168795467 0.39
      vertex 1.8965956342879207 -1.095 0.39
    endloop
  endfacet
  facet normal 0 0 -1
    outer loop
      vertex -1.6629831585203163 -0.6888301782571618 0
      vertex -1.5588457268119897 -0.5299574438691383 0
      vertex -1.5588457268119897 -0.9000000000000001 0
    endloop
  endfacet
  facet normal 0 0 -1
    outer loop
      vertex -1.5588457268119897 -0.9000000000000001 0
      vertex -1.5588457268119897 -0.5299574438691383 0
      vertex -1.5385170207465075 -0.5898438808033823 0
    endloop
  endfacet
  facet normal -0.6702979110062834 -0.2275354805983074 -0.7063485793639779
    outer loop
      vertex -2.023296176199718 -0.8380767168795467 0.39
      vertex -1.7386664873203233 -0.4658742811845374 0
      vertex -1.6629831585203163 -0.6888301782571618 0
    endloop
  endfacet
  facet normal 0 0 -1
    outer loop
      vertex -1.5588457268119897 -0.9000000000000001 0
      vertex -1.5385170207465075 -0.5898438808033823 0
      vertex -1.4280360125242235 -0.8263557807279217 0
    endloop
  endfacet
  facet normal 0 0 -1
    outer loop
      vertex -1.4119550587219358 -0.850422628857583 0
      vertex -1.272792206135786 -0.4515285174951371 0
      vertex -1.272792206135786 -1.0457810762280693 0
    endloop
  endfacet
  facet normal 0 0 -1
    outer loop
      vertex -1.4280360125242235 -0.8263557807279217 0
      vertex -1.5385170207465075 -0.5898438808033823 0
      vertex -1.4280360125242235 -0.8111785801178418 0
    endloop
  endfacet
  facet normal 0 0 -1
    outer loop
      vertex -1.2589478127895972 -1.0615675812603063 0
      vertex -1.0957705722156974 -0.08415267675073301 0
      vertex -1.0957705722156974 -1.228952594757765 0
    endloop
  endfacet
  facet normal -0.6702979110062834 -0.22753548059830753 -0.7063485793639779
    outer loop
      vertex -2.023296176199718 -0.8380767168795467 0.39
      vertex -2.11537755957306 -0.5668137087745204 0.39
      vertex -1.7386664873203233 -0.4658742811845374 0
    endloop
  endfacet
  facet normal -0.6942627593342361 -0.1380974490427063 -0.706348579363978
    outer loop
      vertex -2.11537755957306 -0.5668137087745204 0.39
      vertex -1.784600750472859 -0.23494714599609287 0
      vertex -1.7386664873203233 -0.4658742811845374 0
    endloop
  endfacet
  facet normal 0 0 -1
    outer loop
      vertex -1.5385170207465075 -0.5898438808033823 0
      vertex -1.524401228643623 -0.37447851106886143 0
      vertex -1.4280360125242235 -0.8111785801178418 0
    endloop
  endfacet
  facet normal 0 0 -1
    outer loop
      vertex -0.21536821716308507 -1.4858840212667865 0
      vertex -0.23494714599609287 1.3371672920607147 0
      vertex 0 -1.8000000000000003 0
    endloop
  endfacet
  facet normal 0 0 -1
    outer loop
      vertex -0.6888301782571618 -1.4960934410003024 0
      vertex -0.825 -0.4145668501920714 0
      vertex -0.6888301782571618 0.6486080924680634 0
    endloop
  endfacet
  facet normal 0 0 -1
    outer loop
      vertex -0.4270514244191592 -1.146344154964819 0
      vertex -0.23494714599609287 1.3371672920607147 0
      vertex -0.23494714599609287 -1.6319895301818557 0
    endloop
  endfacet
  facet normal 0 0 -1
    outer loop
      vertex -0.4658742811845374 -1.580599029306712 0
      vertex -0.6314276634023981 -0.7871900223447572 0
      vertex -0.4658742811845374 1.0014552810214585 0
    endloop
  endfacet
  facet normal 0 0 -1
    outer loop
      vertex 0.24508194532547145 -1.629973593254331 0
      vertex 0.4270514244191592 1.146344154964819 0
      vertex 0.4658742811845374 -1.0014552810214585 0
    endloop
  endfacet
  facet normal 0 0 -1
    outer loop
      vertex 0 -1.8000000000000003 0
      vertex 0.23494714599609287 1.784600750472859 0
      vertex 0.23494714599609287 -1.3371672920607147 0
    endloop
  endfacet
  facet normal 0 0 -1
    outer loop
      vertex -0.9000000000000001 -1.3788285184003761 0
      vertex -1.004456357864389 -0.03485032429295343 0
      vertex -0.9000000000000001 0.28466303962440564 0
    endloop
  endfacet
  facet normal 0 0 -1
    outer loop
      vertex -1.2589478127895972 -1.0615675812603063 0
      vertex -1.1667261889578033 0.3454625003171541 0
      vertex -1.0957705722156974 -0.08415267675073301 0
    endloop
  endfacet
  facet normal -0.6942627593342362 -0.13809744904270596 -0.7063485793639778
    outer loop
      vertex -2.11537755957306 -0.5668137087745204 0.39
      vertex -2.171264246408645 -0.28585236096191297 0.39
      vertex -1.784600750472859 -0.23494714599609287 0
    endloop
  endfacet
  facet normal 0 0 -1
    outer loop
      vertex -1.6629831585203163 -0.6888301782571618 0
      vertex -1.6629831585203163 0.6888301782571618 0
      vertex -1.5588457268119897 -0.5299574438691383 0
    endloop
  endfacet
  facet normal 0 0 -1
    outer loop
      vertex -1.6629831585203163 -0.6888301782571618 0
      vertex -1.7386664873203233 -0.4658742811845374 0
      vertex -1.6629831585203163 0.6888301782571618 0
    endloop
  endfacet
  facet normal -0.706348579363978 -0.04629653184613954 -0.7063485793639779
    outer loop
      vertex -2.171264246408645 -0.28585236096191297 0.39
      vertex -1.8000000000000003 0 0
      vertex -1.784600750472859 -0.23494714599609287 0
    endloop
  endfacet
  facet normal 0 0 -1
    outer loop
      vertex -1.7386664873203233 -0.4658742811845374 0
      vertex -1.784600750472859 -0.23494714599609287 0
      vertex -1.7386664873203233 0.4658742811845374 0
    endloop
  endfacet
  facet normal 0 0 -1
    outer loop
      vertex -1.4119550587219358 -0.850422628857583 0
      vertex -1.309033011480538 0.7198643657665331 0
      vertex -1.272792206135786 -0.4515285174951371 0
    endloop
  endfacet
  facet normal 0 0 -1
    outer loop
      vertex -1.4280360125242235 -0.8111785801178418 0
      vertex -1.524401228643623 -0.37447851106886143 0
      vertex -1.4280360125242235 1.0957705722156974 0
    endloop
  endfacet
  facet normal -0.7063485793639778 -0.04629653184613994 -0.706348579363978
    outer loop
      vertex -2.171264246408645 -0.28585236096191297 0.39
      vertex -2.1900000000000004 0 0.39
      vertex -1.8000000000000003 0 0
    endloop
  endfacet
  facet normal 0 0 -1
    outer loop
      vertex 1.309033011480538 -0.7198643657665331 0
      vertex 1.5588457268119897 -0.5299574438691383 0
      vertex 1.5588457268119897 -0.9000000000000001 0
    endloop
  endfacet
  facet normal 0.6348640795793231 -0.313080316996117 -0.7063485793639778
    outer loop
      vertex 1.5588457268119897 -0.9000000000000001 0
      vertex 1.6629831585203163 -0.6888301782571618 0
      vertex 2.023296176199718 -0.8380767168795467 0.39
    endloop
  endfacet
  facet normal 0 0 -1
    outer loop
      vertex 1.5588457268119897 -0.9000000000000001 0
      vertex 1.5889032483116081 -0.4414108408591701 0
      vertex 1.6629831585203163 -0.6888301782571618 0
    endloop
  endfacet
  facet normal 0 0 -1
    outer loop
      vertex 1.5588457268119897 -0.9000000000000001 0
      vertex 1.5588457268119897 -0.5299574438691383 0
      vertex 1.5889032483116081 -0.4414108408591701 0
    endloop
  endfacet
  facet normal 0 0 -1
    outer loop
      vertex 0.47647032111400117 -1.5770021584255691 0
      vertex 0.6314276634023981 0.7871900223447572 0
      vertex 0.6888301782571618 -0.6486080924680634 0
    endloop
  endfacet
  facet normal 0 0 -1
    outer loop
      vertex 0.7001340780893434 -1.490518974501746 0
      vertex 0.825 0.4145668501920714 0
      vertex 0.9000000000000001 -0.28466303962440564 0
    endloop
  endfacet
  facet normal 0 0 -1
    outer loop
      vertex 1.309033011480538 -0.7198643657665331 0
      vertex 1.5588457268119897 -0.1059061744712596 0
      vertex 1.5588457268119897 -0.5299574438691383 0
    endloop
  endfacet
  facet normal 0 0 -1
    outer loop
      vertex 1.5889032483116081 -0.4414108408591701 0
      vertex 1.5937776133769626 -0.3670424011095811 0
      vertex 1.6629831585203163 -0.6888301782571618 0
    endloop
  endfacet
  facet normal 0.6702979110062836 -0.22753548059830753 -0.7063485793639779
    outer loop
      vertex 1.6629831585203163 -0.6888301782571618 0
      vertex 2.11537755957306 -0.5668137087745204 0.39
      vertex 2.023296176199718 -0.8380767168795467 0.39
    endloop
  endfacet
  facet normal 0.6702979110062834 -0.2275354805983074 -0.7063485793639779
    outer loop
      vertex 1.6629831585203163 -0.6888301782571618 0
      vertex 1.7386664873203233 -0.4658742811845374 0
      vertex 2.11537755957306 -0.5668137087745204 0.39
    endloop
  endfacet
  facet normal 0.6942627593342362 -0.13809744904270596 -0.7063485793639779
    outer loop
      vertex 2.11537755957306 -0.5668137087745204 0.39
      vertex 1.7386664873203233 -0.4658742811845374 0
      vertex 2.171264246408645 -0.28585236096191297 0.39
    endloop
  endfacet
  facet normal 0 0 -1
    outer loop
      vertex 1.0957705722156974 -1.228952594757765 0
      vertex 1.004456357864389 0.03485032429295343 0
      vertex 1.0957705722156974 0.08415267675073301 0
    endloop
  endfacet
  facet normal 0 0 -1
    outer loop
      vertex 1.272792206135786 -1.0457810762280693 0
      vertex 1.1667261889578033 -0.3454625003171541 0
      vertex 1.272792206135786 0.4515285174951371 0
    endloop
  endfacet
  facet normal 0 0 -1
    outer loop
      vertex 1.6629831585203163 -0.6888301782571618 0
      vertex 1.7386664873203233 0.4658742811845374 0
      vertex 1.7386664873203233 -0.4658742811845374 0
    endloop
  endfacet
  facet normal 0 0 -1
    outer loop
      vertex 1.7386664873203233 -0.4658742811845374 0
      vertex 1.784600750472859 0.23494714599609287 0
      vertex 1.784600750472859 -0.23494714599609287 0
    endloop
  endfacet
  facet normal 0 0 -1
    outer loop
      vertex 1.5937776133769626 -0.3670424011095811 0
      vertex 1.6629831585203163 0.6888301782571618 0
      vertex 1.6629831585203163 -0.6888301782571618 0
    endloop
  endfacet
  facet normal 0.6942627593342363 -0.13809744904270627 -0.7063485793639778
    outer loop
      vertex 1.7386664873203233 -0.4658742811845374 0
      vertex 1.784600750472859 -0.23494714599609287 0
      vertex 2.171264246408645 -0.28585236096191297 0.39
    endloop
  endfacet
  facet normal 0.7063485793639777 -0.04629653184613944 -0.7063485793639779
    outer loop
      vertex 1.784600750472859 -0.23494714599609287 0
      vertex 1.8000000000000003 0 0
      vertex 2.1900000000000004 0 0.39
    endloop
  endfacet
  facet normal 0.7063485793639779 -0.04629653184613999 -0.7063485793639778
    outer loop
      vertex 1.784600750472859 -0.23494714599609287 0
      vertex 2.1900000000000004 0 0.39
      vertex 2.171264246408645 -0.28585236096191297 0.39
    endloop
  endfacet
  facet normal 0 0 -1
    outer loop
      vertex -1.784600750472859 -0.23494714599609287 0
      vertex -1.8000000000000003 0 0
      vertex -1.784600750472859 0.23494714599609287 0
    endloop
  endfacet
  facet normal 0 0 -1
    outer loop
      vertex -1.5588457268119897 -0.5299574438691383 0
      vertex -1.6629831585203163 0.6888301782571618 0
      vertex -1.5588457268119897 0.1059061744712596 0
    endloop
  endfacet
  facet normal -0.7063485793639777 0.046296531846139494 -0.7063485793639779
    outer loop
      vertex -2.1900000000000004 0 0.39
      vertex -1.784600750472859 0.23494714599609287 0
      vertex -1.8000000000000003 0 0
    endloop
  endfacet
  facet normal 0 0 -1
    outer loop
      vertex -1.784600750472859 -0.23494714599609287 0
      vertex -1.784600750472859 0.23494714599609287 0
      vertex -1.7386664873203233 0.4658742811845374 0
    endloop
  endfacet
  facet normal -0.7063485793639779 0.046296531846139945 -0.7063485793639778
    outer loop
      vertex -2.1900000000000004 0 0.39
      vertex -2.171264246408645 0.28585236096191297 0.39
      vertex -1.784600750472859 0.23494714599609287 0
    endloop
  endfacet
  facet normal 0 0 -1
    outer loop
      vertex -1.7386664873203233 -0.4658742811845374 0
      vertex -1.7386664873203233 0.4658742811845374 0
      vertex -1.6629831585203163 0.6888301782571618 0
    endloop
  endfacet
  facet normal -0.6942627593342362 0.13809744904270616 -0.7063485793639778
    outer loop
      vertex -2.171264246408645 0.28585236096191297 0.39
      vertex -1.7386664873203233 0.4658742811845374 0
      vertex -1.784600750472859 0.23494714599609287 0
    endloop
  endfacet
  facet normal 0 0 -1
    outer loop
      vertex -1.524401228643623 -0.37447851106886143 0
      vertex -1.5588457268119897 0.1059061744712596 0
      vertex -1.4280360125242235 1.0957705722156974 0
    endloop
  endfacet
  facet normal 0 0 -1
    outer loop
      vertex -1.4280360125242235 -0.8111785801178418 0
      vertex -1.4280360125242235 1.0957705722156974 0
      vertex -1.309033011480538 0.7198643657665331 0
    endloop
  endfacet
  facet normal 0 0 -1
    outer loop
      vertex -1.272792206135786 -0.4515285174951371 0
      vertex -1.272792206135786 1.272792206135786 0
      vertex -1.1667261889578033 0.3454625003171541 0
    endloop
  endfacet
  facet normal 0 0 -1
    outer loop
      vertex -1.6629831585203163 0.6888301782571618 0
      vertex -1.5588457268119897 0.9000000000000001 0
      vertex -1.5588457268119897 0.1059061744712596 0
    endloop
  endfacet
  facet normal -0.6702979110062834 0.2275354805983074 -0.7063485793639779
    outer loop
      vertex -1.7386664873203233 0.4658742811845374 0
      vertex -2.11537755957306 0.5668137087745204 0.39
      vertex -1.6629831585203163 0.6888301782571618 0
    endloop
  endfacet
  facet normal 0 0 -1
    outer loop
      vertex -1.0957705722156974 -0.08415267675073301 0
      vertex -1.0957705722156974 1.4280360125242235 0
      vertex -1.004456357864389 -0.03485032429295343 0
    endloop
  endfacet
  facet normal 0 0 -1
    outer loop
      vertex -1.272792206135786 -0.4515285174951371 0
      vertex -1.309033011480538 0.7198643657665331 0
      vertex -1.272792206135786 1.272792206135786 0
    endloop
  endfacet
  facet normal 0 0 -1
    outer loop
      vertex -1.0957705722156974 -0.08415267675073301 0
      vertex -1.1667261889578033 0.3454625003171541 0
      vertex -1.0957705722156974 1.4280360125242235 0
    endloop
  endfacet
  facet normal -0.6942627593342362 0.13809744904270596 -0.7063485793639779
    outer loop
      vertex -2.171264246408645 0.28585236096191297 0.39
      vertex -2.11537755957306 0.5668137087745204 0.39
      vertex -1.7386664873203233 0.4658742811845374 0
    endloop
  endfacet
  facet normal -0.6348640795793231 0.313080316996117 -0.7063485793639778
    outer loop
      vertex -2.023296176199718 0.8380767168795467 0.39
      vertex -1.5588457268119897 0.9000000000000001 0
      vertex -1.6629831585203163 0.6888301782571618 0
    endloop
  endfacet
  facet normal 0 0 -1
    outer loop
      vertex -1.5588457268119897 0.1059061744712596 0
      vertex -1.5588457268119897 0.9000000000000001 0
      vertex -1.4280360125242235 1.0957705722156974 0
    endloop
  endfacet
  facet normal -0.6702979110062834 0.22753548059830753 -0.7063485793639778
    outer loop
      vertex -2.11537755957306 0.5668137087745204 0.39
      vertex -2.023296176199718 0.8380767168795467 0.39
      vertex -1.6629831585203163 0.6888301782571618 0
    endloop
  endfacet
  facet normal 0 0 -1
    outer loop
      vertex -0.825 -0.4145668501920714 0
      vertex -0.9000000000000001 0.28466303962440564 0
      vertex -0.7001340780893434 1.490518974501746 0
    endloop
  endfacet
  facet normal 0 0 -1
    outer loop
      vertex -0.6314276634023981 -0.7871900223447572 0
      vertex -0.6888301782571618 0.6486080924680634 0
      vertex -0.47647032111400117 1.5770021584255691 0
    endloop
  endfacet
  facet normal 0 0 -1
    outer loop
      vertex -0.4270514244191592 -1.146344154964819 0
      vertex -0.4658742811845374 1.0014552810214585 0
      vertex -0.24508194532547145 1.629973593254331 0
    endloop
  endfacet
  facet normal 0 0 -1
    outer loop
      vertex -0.23494714599609287 1.3371672920607147 0
      vertex -0.23494714599609287 1.784600750472859 0
      vertex 0 -1.8000000000000003 0
    endloop
  endfacet
  facet normal 0 0 -1
    outer loop
      vertex -0.23494714599609287 1.784600750472859 0
      vertex 0 1.8000000000000003 0
      vertex 0 -1.8000000000000003 0
    endloop
  endfacet
  facet normal 0 0 -1
    outer loop
      vertex 0 -1.8000000000000003 0
      vertex 0 1.8000000000000003 0
      vertex 0.23494714599609287 1.784600750472859 0
    endloop
  endfacet
  facet normal 0 0 -1
    outer loop
      vertex 0.23494714599609287 -1.3371672920607147 0
      vertex 0.4658742811845374 1.7386664873203233 0
      vertex 0.4270514244191592 1.146344154964819 0
    endloop
  endfacet
  facet normal 0 0 -1
    outer loop
      vertex 0.4658742811845374 -1.0014552810214585 0
      vertex 0.4270514244191592 1.146344154964819 0
      vertex 0.4658742811845374 1.7386664873203233 0
    endloop
  endfacet
  facet normal 0 0 -1
    outer loop
      vertex 0.23494714599609287 -1.3371672920607147 0
      vertex 0.23494714599609287 1.784600750472859 0
      vertex 0.4658742811845374 1.7386664873203233 0
    endloop
  endfacet
  facet normal 0 0 -1
    outer loop
      vertex 1.309033011480538 -0.7198643657665331 0
      vertex 1.5588457268119897 0.9000000000000001 0
      vertex 1.5588457268119897 -0.1059061744712596 0
    endloop
  endfacet
  facet normal 0 0 -1
    outer loop
      vertex 1.784600750472859 -0.23494714599609287 0
      vertex 1.784600750472859 0.23494714599609287 0
      vertex 1.8000000000000003 0 0
    endloop
  endfacet
  facet normal 0 0 -1
    outer loop
      vertex 1.5937776133769626 -0.3670424011095811 0
      vertex 1.5588457268119897 -0.1059061744712596 0
      vertex 1.6629831585203163 0.6888301782571618 0
    endloop
  endfacet
  facet normal 0 0 -1
    outer loop
      vertex 1.7386664873203233 -0.4658742811845374 0
      vertex 1.7386664873203233 0.4658742811845374 0
      vertex 1.784600750472859 0.23494714599609287 0
    endloop
  endfacet
  facet normal 0 0 -1
    outer loop
      vertex 1.309033011480538 -0.7198643657665331 0
      vertex 1.272792206135786 0.4515285174951371 0
      vertex 1.4119550587219358 0.850422628857583 0
    endloop
  endfacet
  facet normal 0 0 -1
    outer loop
      vertex 1.6629831585203163 -0.6888301782571618 0
      vertex 1.6629831585203163 0.6888301782571618 0
      vertex 1.7386664873203233 0.4658742811845374 0
    endloop
  endfacet
  facet normal 0 0 -1
    outer loop
      vertex 1.1667261889578033 -0.3454625003171541 0
      vertex 1.0957705722156974 0.08415267675073301 0
      vertex 1.2589478127895972 1.0615675812603063 0
    endloop
  endfacet
  facet normal 0 0 -1
    outer loop
      vertex 1.309033011480538 -0.7198643657665331 0
      vertex 1.4280360125242235 0.8111785801178418 0
      vertex 1.5588457268119897 0.9000000000000001 0
    endloop
  endfacet
  facet normal 0.706348579363978 0.04629653184613946 -0.7063485793639779
    outer loop
      vertex 1.784600750472859 0.23494714599609287 0
      vertex 2.171264246408645 0.28585236096191297 0.39
      vertex 1.8000000000000003 0 0
    endloop
  endfacet
  facet normal 0.7063485793639778 0.04629653184614001 -0.706348579363978
    outer loop
      vertex 1.8000000000000003 0 0
      vertex 2.171264246408645 0.28585236096191297 0.39
      vertex 2.1900000000000004 0 0.39
    endloop
  endfacet
  facet normal 0.6942627593342363 0.13809744904270604 -0.7063485793639779
    outer loop
      vertex 1.784600750472859 0.23494714599609287 0
      vertex 2.11537755957306 0.5668137087745204 0.39
      vertex 2.171264246408645 0.28585236096191297 0.39
    endloop
  endfacet
  facet normal 0 0 -1
    outer loop
      vertex 0.6888301782571618 -0.6486080924680634 0
      vertex 0.6888301782571618 1.6629831585203163 0
      vertex 0.825 0.4145668501920714 0
    endloop
  endfacet
  facet normal 0 0 -1
    outer loop
      vertex 0.9000000000000001 -0.28466303962440564 0
      vertex 0.9000000000000001 1.5588457268119897 0
      vertex 1.004456357864389 0.03485032429295343 0
    endloop
  endfacet
  facet normal 0 0 -1
    outer loop
      vertex 0.4658742811845374 -1.0014552810214585 0
      vertex 0.4658742811845374 1.7386664873203233 0
      vertex 0.6314276634023981 0.7871900223447572 0
    endloop
  endfacet
  facet normal 0 0 -1
    outer loop
      vertex 0.6888301782571618 -0.6486080924680634 0
      vertex 0.6314276634023981 0.7871900223447572 0
      vertex 0.6888301782571618 1.6629831585203163 0
    endloop
  endfacet
  facet normal 0 0 -1
    outer loop
      vertex 0.9000000000000001 -0.28466303962440564 0
      vertex 0.825 0.4145668501920714 0
      vertex 0.9000000000000001 1.5588457268119897 0
    endloop
  endfacet
  facet normal 0 0 -1
    outer loop
      vertex 1.5588457268119897 -0.1059061744712596 0
      vertex 1.5588457268119897 0.9000000000000001 0
      vertex 1.6629831585203163 0.6888301782571618 0
    endloop
  endfacet
  facet normal 0.6702979110062837 0.22753548059830744 -0.7063485793639778
    outer loop
      vertex 1.7386664873203233 0.4658742811845374 0
      vertex 1.6629831585203163 0.6888301782571618 0
      vertex 2.023296176199718 0.8380767168795467 0.39
    endloop
  endfacet
  facet normal 0 0 -1
    outer loop
      vertex 1.0957705722156974 0.08415267675073301 0
      vertex 1.272792206135786 1.272792206135786 0
      vertex 1.2589478127895972 1.0615675812603063 0
    endloop
  endfacet
  facet normal 0.694262759334236 0.1380974490427062 -0.7063485793639778
    outer loop
      vertex 1.784600750472859 0.23494714599609287 0
      vertex 1.7386664873203233 0.4658742811845374 0
      vertex 2.11537755957306 0.5668137087745204 0.39
    endloop
  endfacet
  facet normal 0.6702979110062834 0.22753548059830753 -0.7063485793639778
    outer loop
      vertex 1.7386664873203233 0.4658742811845374 0
      vertex 2.023296176199718 0.8380767168795467 0.39
      vertex 2.11537755957306 0.5668137087745204 0.39
    endloop
  endfacet
  facet normal 0 0 -1
    outer loop
      vertex -1.004456357864389 -0.03485032429295343 0
      vertex -1.0957705722156974 1.4280360125242235 0
      vertex -0.9123393498449384 1.3705836284281756 0
    endloop
  endfacet
  facet normal 0 0 -1
    outer loop
      vertex -1.1667261889578033 0.3454625003171541 0
      vertex -1.272792206135786 1.272792206135786 0
      vertex -1.0957705722156974 1.4280360125242235 0
    endloop
  endfacet
  facet normal -0.6348640795793231 0.3130803169961175 -0.7063485793639777
    outer loop
      vertex -2.023296176199718 0.8380767168795467 0.39
      vertex -1.8965956342879207 1.095 0.39
      vertex -1.5588457268119897 0.9000000000000001 0
    endloop
  endfacet
  facet normal -0.5885675477331841 0.39326826236786067 -0.7063485793639775
    outer loop
      vertex -1.8965956342879207 1.095 0.39
      vertex -1.4280360125242235 1.0957705722156974 0
      vertex -1.5588457268119897 0.9000000000000001 0
    endloop
  endfacet
  facet normal 0 0 -1
    outer loop
      vertex -1.4280360125242235 1.0957705722156974 0
      vertex -1.272792206135786 1.272792206135786 0
      vertex -1.309033011480538 0.7198643657665331 0
    endloop
  endfacet
  facet normal 0 0 -1
    outer loop
      vertex -0.9000000000000001 0.28466303962440564 0
      vertex -0.9123393498449384 1.3705836284281756 0
      vertex -0.9000000000000001 1.5588457268119897 0
    endloop
  endfacet
  facet normal -0.5885675477331843 0.39326826236786017 -0.7063485793639778
    outer loop
      vertex -1.8965956342879207 1.095 0.39
      vertex -1.7374438152378053 1.3331875295290982 0.39
      vertex -1.4280360125242235 1.0957705722156974 0
    endloop
  endfacet
  facet normal 0 0 -1
    outer loop
      vertex -0.9000000000000001 0.28466303962440564 0
      vertex -0.9000000000000001 1.5588457268119897 0
      vertex -0.7001340780893434 1.490518974501746 0
    endloop
  endfacet
  facet normal -0.5322004619635775 0.4667272787359286 -0.7063485793639779
    outer loop
      vertex -1.4280360125242235 1.0957705722156974 0
      vertex -1.7374438152378053 1.3331875295290982 0.39
      vertex -1.272792206135786 1.272792206135786 0
    endloop
  endfacet
  facet normal -0.4667272787359286 0.5322004619635775 -0.7063485793639777
    outer loop
      vertex -1.5485638507985393 1.5485638507985393 0.39
      vertex -1.0957705722156974 1.4280360125242235 0
      vertex -1.272792206135786 1.272792206135786 0
    endloop
  endfacet
  facet normal -0.5322004619635773 0.46672727873592906 -0.7063485793639777
    outer loop
      vertex -1.7374438152378053 1.3331875295290982 0.39
      vertex -1.5485638507985393 1.5485638507985393 0.39
      vertex -1.272792206135786 1.272792206135786 0
    endloop
  endfacet
  facet normal 0 0 -1
    outer loop
      vertex -0.9123393498449384 1.3705836284281756 0
      vertex -1.0957705722156974 1.4280360125242235 0
      vertex -0.9000000000000001 1.5588457268119897 0
    endloop
  endfacet
  facet normal -0.3932682623678605 0.588567547733184 -0.7063485793639778
    outer loop
      vertex -1.3331875295290982 1.7374438152378053 0.39
      vertex -0.9000000000000001 1.5588457268119897 0
      vertex -1.0957705722156974 1.4280360125242235 0
    endloop
  endfacet
  facet normal -0.4667272787359289 0.5322004619635771 -0.7063485793639778
    outer loop
      vertex -1.5485638507985393 1.5485638507985393 0.39
      vertex -1.3331875295290982 1.7374438152378053 0.39
      vertex -1.0957705722156974 1.4280360125242235 0
    endloop
  endfacet
  facet normal 0 0 -1
    outer loop
      vertex -0.6888301782571618 0.6486080924680634 0
      vertex -0.7001340780893434 1.490518974501746 0
      vertex -0.6888301782571618 1.6629831585203163 0
    endloop
  endfacet
  facet normal 0 0 -1
    outer loop
      vertex -0.6888301782571618 0.6486080924680634 0
      vertex -0.6888301782571618 1.6629831585203163 0
      vertex -0.47647032111400117 1.5770021584255691 0
    endloop
  endfacet
  facet normal 0 0 -1
    outer loop
      vertex -0.4658742811845374 1.0014552810214585 0
      vertex -0.47647032111400117 1.5770021584255691 0
      vertex -0.4658742811845374 1.7386664873203233 0
    endloop
  endfacet
  facet normal 0 0 -1
    outer loop
      vertex -0.4658742811845374 1.0014552810214585 0
      vertex -0.4658742811845374 1.7386664873203233 0
      vertex -0.24508194532547145 1.629973593254331 0
    endloop
  endfacet
  facet normal 0 0 -1
    outer loop
      vertex -0.9000000000000001 1.5588457268119897 0
      vertex -0.6888301782571618 1.6629831585203163 0
      vertex -0.7001340780893434 1.490518974501746 0
    endloop
  endfacet
  facet normal 0 0 -1
    outer loop
      vertex -0.23494714599609287 1.3371672920607147 0
      vertex -0.24508194532547145 1.629973593254331 0
      vertex -0.23494714599609287 1.784600750472859 0
    endloop
  endfacet
  facet normal 0 0 -1
    outer loop
      vertex 1.0957705722156974 0.08415267675073301 0
      vertex 1.0834312223707592 1.2397739141404092 0
      vertex 1.0957705722156974 1.4280360125242235 0
    endloop
  endfacet
  facet normal 0 0 -1
    outer loop
      vertex 1.004456357864389 0.03485032429295343 0
      vertex 0.9000000000000001 1.5588457268119897 0
      vertex 1.0834312223707592 1.2397739141404092 0
    endloop
  endfacet
  facet normal 0 0 -1
    outer loop
      vertex 1.272792206135786 0.4515285174951371 0
      vertex 1.272792206135786 1.272792206135786 0
      vertex 1.4119550587219358 0.850422628857583 0
    endloop
  endfacet
  facet normal 0.6348640795793232 0.31308031699611705 -0.7063485793639778
    outer loop
      vertex 1.5588457268119897 0.9000000000000001 0
      vertex 1.8965956342879207 1.0950000000000002 0.39
      vertex 1.6629831585203163 0.6888301782571618 0
    endloop
  endfacet
  facet normal 0 0 -1
    outer loop
      vertex 1.0957705722156974 0.08415267675073301 0
      vertex 1.0957705722156974 1.4280360125242235 0
      vertex 1.272792206135786 1.272792206135786 0
    endloop
  endfacet
  facet normal 0 0 -1
    outer loop
      vertex 1.272792206135786 0.4515285174951371 0
      vertex 1.2589478127895972 1.0615675812603063 0
      vertex 1.272792206135786 1.272792206135786 0
    endloop
  endfacet
  facet normal 0 0 -1
    outer loop
      vertex 1.4280360125242235 0.8111785801178418 0
      vertex 1.4119550587219358 0.850422628857583 0
      vertex 1.4280360125242235 1.0957705722156974 0
    endloop
  endfacet
  facet normal 0 0 -1
    outer loop
      vertex 1.4280360125242235 0.8111785801178418 0
      vertex 1.4280360125242235 1.0957705722156974 0
      vertex 1.5588457268119897 0.9000000000000001 0
    endloop
  endfacet
  facet normal 0 0 -1
    outer loop
      vertex 0.825 0.4145668501920714 0
      vertex 0.6888301782571618 1.6629831585203163 0
      vertex 0.9000000000000001 1.5588457268119897 0
    endloop
  endfacet
  facet normal 0 0 -1
    outer loop
      vertex 1.4119550587219358 0.850422628857583 0
      vertex 1.272792206135786 1.272792206135786 0
      vertex 1.4280360125242235 1.0957705722156974 0
    endloop
  endfacet
  facet normal 0.5885675477331841 0.3932682623678605 -0.7063485793639778
    outer loop
      vertex 1.4280360125242235 1.0957705722156974 0
      vertex 1.7374438152378053 1.3331875295290982 0.39
      vertex 1.5588457268119897 0.9000000000000001 0
    endloop
  endfacet
  facet normal 0.5885675477331842 0.3932682623678605 -0.7063485793639779
    outer loop
      vertex 1.5588457268119897 0.9000000000000001 0
      vertex 1.7374438152378053 1.3331875295290982 0.39
      vertex 1.8965956342879207 1.0950000000000002 0.39
    endloop
  endfacet
  facet normal 0.6348640795793231 0.31308031699611716 -0.7063485793639779
    outer loop
      vertex 1.6629831585203163 0.6888301782571618 0
      vertex 1.8965956342879207 1.0950000000000002 0.39
      vertex 2.023296176199718 0.8380767168795467 0.39
    endloop
  endfacet
  facet normal 0 0 -1
    outer loop
      vertex 0.6314276634023981 0.7871900223447572 0
      vertex 0.4658742811845374 1.7386664873203233 0
      vertex 0.6888301782571618 1.6629831585203163 0
    endloop
  endfacet
  facet normal 0 0 -1
    outer loop
      vertex 1.0834312223707592 1.2397739141404092 0
      vertex 0.9000000000000001 1.5588457268119897 0
      vertex 1.0957705722156974 1.4280360125242235 0
    endloop
  endfacet
  facet normal 0.5322004619635776 0.4667272787359287 -0.7063485793639777
    outer loop
      vertex 1.4280360125242235 1.0957705722156974 0
      vertex 1.272792206135786 1.272792206135786 0
      vertex 1.5485638507985393 1.5485638507985393 0.39
    endloop
  endfacet
  facet normal 0.5322004619635772 0.4667272787359289 -0.7063485793639779
    outer loop
      vertex 1.4280360125242235 1.0957705722156974 0
      vertex 1.5485638507985393 1.5485638507985393 0.39
      vertex 1.7374438152378053 1.3331875295290982 0.39
    endloop
  endfacet
  facet normal 0.4667272787359286 0.5322004619635775 -0.7063485793639779
    outer loop
      vertex 1.0957705722156974 1.4280360125242235 0
      vertex 1.3331875295290982 1.7374438152378053 0.39
      vertex 1.272792206135786 1.272792206135786 0
    endloop
  endfacet
  facet normal 0.46672727873592906 0.5322004619635773 -0.7063485793639777
    outer loop
      vertex 1.272792206135786 1.272792206135786 0
      vertex 1.3331875295290982 1.7374438152378053 0.39
      vertex 1.5485638507985393 1.5485638507985393 0.39
    endloop
  endfacet
  facet normal -0.31308031699611705 0.6348640795793232 -0.7063485793639778
    outer loop
      vertex -0.9000000000000001 1.5588457268119897 0
      vertex -1.0950000000000002 1.8965956342879207 0.39
      vertex -0.6888301782571618 1.6629831585203163 0
    endloop
  endfacet
  facet normal -0.39326826236786055 0.5885675477331842 -0.7063485793639778
    outer loop
      vertex -1.3331875295290982 1.7374438152378053 0.39
      vertex -1.0950000000000002 1.8965956342879207 0.39
      vertex -0.9000000000000001 1.5588457268119897 0
    endloop
  endfacet
  facet normal -0.3130803169961172 0.6348640795793231 -0.7063485793639778
    outer loop
      vertex -1.0950000000000002 1.8965956342879207 0.39
      vertex -0.8380767168795467 2.023296176199718 0.39
      vertex -0.6888301782571618 1.6629831585203163 0
    endloop
  endfacet
  facet normal 0 0 -1
    outer loop
      vertex -0.6888301782571618 1.6629831585203163 0
      vertex -0.4658742811845374 1.7386664873203233 0
      vertex -0.47647032111400117 1.5770021584255691 0
    endloop
  endfacet
  facet normal 0 0 -1
    outer loop
      vertex -0.24508194532547145 1.629973593254331 0
      vertex -0.4658742811845374 1.7386664873203233 0
      vertex -0.23494714599609287 1.784600750472859 0
    endloop
  endfacet
  facet normal -0.22753548059830733 0.6702979110062836 -0.7063485793639778
    outer loop
      vertex -0.8380767168795467 2.023296176199718 0.39
      vertex -0.4658742811845374 1.7386664873203233 0
      vertex -0.6888301782571618 1.6629831585203163 0
    endloop
  endfacet
  facet normal -0.13809744904270624 0.6942627593342361 -0.7063485793639779
    outer loop
      vertex -0.5668137087745204 2.11537755957306 0.39
      vertex -0.23494714599609287 1.784600750472859 0
      vertex -0.4658742811845374 1.7386664873203233 0
    endloop
  endfacet
  facet normal -0.046296531846139535 0.706348579363978 -0.7063485793639779
    outer loop
      vertex -0.28585236096191297 2.171264246408645 0.39
      vertex 0 1.8000000000000003 0
      vertex -0.23494714599609287 1.784600750472859 0
    endloop
  endfacet
  facet normal 0.04629653184613944 0.7063485793639777 -0.7063485793639779
    outer loop
      vertex 0 1.8000000000000003 0
      vertex 0 2.1900000000000004 0.39
      vertex 0.23494714599609287 1.784600750472859 0
    endloop
  endfacet
  facet normal 0.13809744904270624 0.6942627593342362 -0.7063485793639778
    outer loop
      vertex 0.23494714599609287 1.784600750472859 0
      vertex 0.28585236096191297 2.171264246408645 0.39
      vertex 0.4658742811845374 1.7386664873203233 0
    endloop
  endfacet
  facet normal -0.22753548059830753 0.6702979110062834 -0.7063485793639778
    outer loop
      vertex -0.8380767168795467 2.023296176199718 0.39
      vertex -0.5668137087745204 2.11537755957306 0.39
      vertex -0.4658742811845374 1.7386664873203233 0
    endloop
  endfacet
  facet normal -0.13809744904270596 0.6942627593342362 -0.7063485793639778
    outer loop
      vertex -0.5668137087745204 2.11537755957306 0.39
      vertex -0.28585236096191297 2.171264246408645 0.39
      vertex -0.23494714599609287 1.784600750472859 0
    endloop
  endfacet
  facet normal 0.13809744904270596 0.6942627593342362 -0.7063485793639779
    outer loop
      vertex 0.4658742811845374 1.7386664873203233 0
      vertex 0.28585236096191297 2.171264246408645 0.39
      vertex 0.5668137087745204 2.11537755957306 0.39
    endloop
  endfacet
  facet normal -0.04629653184613994 0.7063485793639778 -0.706348579363978
    outer loop
      vertex -0.28585236096191297 2.171264246408645 0.39
      vertex 0 2.1900000000000004 0.39
      vertex 0 1.8000000000000003 0
    endloop
  endfacet
  facet normal 0.04629653184613989 0.7063485793639779 -0.7063485793639778
    outer loop
      vertex 0.23494714599609287 1.784600750472859 0
      vertex 0 2.1900000000000004 0.39
      vertex 0.28585236096191297 2.171264246408645 0.39
    endloop
  endfacet
  facet normal 0.3932682623678605 0.5885675477331841 -0.7063485793639778
    outer loop
      vertex 0.9000000000000001 1.5588457268119897 0
      vertex 1.0950000000000002 1.8965956342879207 0.39
      vertex 1.0957705722156974 1.4280360125242235 0
    endloop
  endfacet
  facet normal 0.313080316996117 0.6348640795793231 -0.7063485793639778
    outer loop
      vertex 0.9000000000000001 1.5588457268119897 0
      vertex 0.6888301782571618 1.6629831585203163 0
      vertex 0.8380767168795467 2.023296176199718 0.39
    endloop
  endfacet
  facet normal 0.3130803169961172 0.6348640795793232 -0.7063485793639778
    outer loop
      vertex 0.9000000000000001 1.5588457268119897 0
      vertex 0.8380767168795467 2.023296176199718 0.39
      vertex 1.0950000000000002 1.8965956342879207 0.39
    endloop
  endfacet
  facet normal 0.39326826236786044 0.5885675477331842 -0.7063485793639778
    outer loop
      vertex 1.0957705722156974 1.4280360125242235 0
      vertex 1.0950000000000002 1.8965956342879207 0.39
      vertex 1.3331875295290982 1.7374438152378053 0.39
    endloop
  endfacet
  facet normal 0.2275354805983074 0.6702979110062834 -0.7063485793639779
    outer loop
      vertex 0.4658742811845374 1.7386664873203233 0
      vertex 0.5668137087745204 2.11537755957306 0.39
      vertex 0.6888301782571618 1.6629831585203163 0
    endloop
  endfacet
  facet normal 0.22753548059830767 0.6702979110062836 -0.7063485793639779
    outer loop
      vertex 0.6888301782571618 1.6629831585203163 0
      vertex 0.5668137087745204 2.11537755957306 0.39
      vertex 0.8380767168795467 2.023296176199718 0.39
    endloop
  endfacet
  facet normal -0.04629653184613994 -0.706348579363978 -0.7063485793639778
    outer loop
      vertex 8.114147639038087 -2.171264246408645 0.39
      vertex 8.165052854003907 -1.784600750472859 0
      vertex 8.4 -2.1900000000000004 0.39
    endloop
  endfacet
  facet normal 0.046296531846139924 -0.7063485793639777 -0.7063485793639779
    outer loop
      vertex 8.4 -2.1900000000000004 0.39
      vertex 8.4 -1.8000000000000003 0
      vertex 8.685852360961913 -2.171264246408645 0.39
    endloop
  endfacet
  facet normal -0.22753548059830772 -0.6702979110062833 -0.7063485793639779
    outer loop
      vertex 7.83318629122548 -2.11537755957306 0.39
      vertex 7.711169821742839 -1.6629831585203163 0
      vertex 7.934125718815463 -1.7386664873203233 0
    endloop
  endfacet
  facet normal -0.13809744904270657 -0.6942627593342362 -0.7063485793639775
    outer loop
      vertex 8.114147639038087 -2.171264246408645 0.39
      vertex 7.934125718815463 -1.7386664873203233 0
      vertex 8.165052854003907 -1.784600750472859 0
    endloop
  endfacet
  facet normal -0.046296531846139334 -0.7063485793639778 -0.7063485793639779
    outer loop
      vertex 8.165052854003907 -1.784600750472859 0
      vertex 8.4 -1.8000000000000003 0
      vertex 8.4 -2.1900000000000004 0.39
    endloop
  endfacet
  facet normal -0.22753548059830753 -0.6702979110062834 -0.7063485793639781
    outer loop
      vertex 7.5619232831204535 -2.023296176199718 0.39
      vertex 7.711169821742839 -1.6629831585203163 0
      vertex 7.83318629122548 -2.11537755957306 0.39
    endloop
  endfacet
  facet normal -0.13809744904270588 -0.6942627593342362 -0.7063485793639779
    outer loop
      vertex 7.83318629122548 -2.11537755957306 0.39
      vertex 7.934125718815463 -1.7386664873203233 0
      vertex 8.114147639038087 -2.171264246408645 0.39
    endloop
  endfacet
  facet normal -0.31308031699611616 -0.6348640795793232 -0.706348579363978
    outer loop
      vertex 7.5619232831204535 -2.023296176199718 0.39
      vertex 7.5 -1.5588457268119897 0
      vertex 7.711169821742839 -1.6629831585203163 0
    endloop
  endfacet
  facet normal -0.39326826236786144 -0.5885675477331836 -0.706348579363978
    outer loop
      vertex 7.305 -1.8965956342879207 0.39
      vertex 7.304229427784303 -1.4280360125242235 0
      vertex 7.5 -1.5588457268119897 0
    endloop
  endfacet
  facet normal 0 0 -1
    outer loop
      vertex 8.165052854003907 -1.784600750472859 0
      vertex 8.174926791322962 -1.6339535784293473 0
      vertex 8.4 -1.8000000000000003 0
    endloop
  endfacet
  facet normal 0 0 -1
    outer loop
      vertex 7.934125718815463 -1.7386664873203233 0
      vertex 8.165052854003907 -1.6319895301818557 0
      vertex 8.165052854003907 -1.784600750472859 0
    endloop
  endfacet
  facet normal 0 0 -1
    outer loop
      vertex 7.711169821742839 -1.6629831585203163 0
      vertex 7.934125718815463 -1.580599029306712 0
      vertex 7.934125718815463 -1.7386664873203233 0
    endloop
  endfacet
  facet normal 0 0 -1
    outer loop
      vertex 7.934125718815463 -1.7386664873203233 0
      vertex 7.934125718815463 -1.580599029306712 0
      vertex 7.944260518144842 -1.5840393301017952 0
    endloop
  endfacet
  facet normal 0 0 -1
    outer loop
      vertex 7.934125718815463 -1.7386664873203233 0
      vertex 7.944260518144842 -1.5840393301017952 0
      vertex 8.165052854003907 -1.6319895301818557 0
    endloop
  endfacet
  facet normal 0 0 -1
    outer loop
      vertex 8.165052854003907 -1.784600750472859 0
      vertex 8.165052854003907 -1.6319895301818557 0
      vertex 8.174926791322962 -1.6339535784293473 0
    endloop
  endfacet
  facet normal 0 0 -1
    outer loop
      vertex 8.174926791322962 -1.6339535784293473 0
      vertex 8.184631782836915 -1.4858840212667865 0
      vertex 8.4 -1.8000000000000003 0
    endloop
  endfacet
  facet normal -0.31308031699611694 -0.6348640795793231 -0.7063485793639778
    outer loop
      vertex 7.5619232831204535 -2.023296176199718 0.39
      vertex 7.305 -1.8965956342879207 0.39
      vertex 7.5 -1.5588457268119897 0
    endloop
  endfacet
  facet normal -0.39326826236786055 -0.5885675477331838 -0.7063485793639781
    outer loop
      vertex 7.066812470470902 -1.7374438152378053 0.39
      vertex 7.304229427784303 -1.4280360125242235 0
      vertex 7.305 -1.8965956342879207 0.39
    endloop
  endfacet
  facet normal -0.4667272787359299 -0.5322004619635765 -0.7063485793639775
    outer loop
      vertex 7.066812470470902 -1.7374438152378053 0.39
      vertex 6.8514361492014615 -1.5485638507985393 0.39
      vertex 7.127207793864215 -1.272792206135786 0
    endloop
  endfacet
  facet normal -0.5322004619635766 -0.4667272787359299 -0.7063485793639775
    outer loop
      vertex 6.8514361492014615 -1.5485638507985393 0.39
      vertex 6.971963987475776 -1.0957705722156974 0
      vertex 7.127207793864215 -1.272792206135786 0
    endloop
  endfacet
  facet normal -0.5322004619635773 -0.4667272787359296 -0.7063485793639773
    outer loop
      vertex 6.662556184762195 -1.3331875295290982 0.39
      vertex 6.971963987475776 -1.0957705722156974 0
      vertex 6.8514361492014615 -1.5485638507985393 0.39
    endloop
  endfacet
  facet normal 0 0 -1
    outer loop
      vertex 7.711169821742839 -1.6629831585203163 0
      vertex 7.721765861672303 -1.5013188296255624 0
      vertex 7.934125718815463 -1.580599029306712 0
    endloop
  endfacet
  facet normal 0 0 -1
    outer loop
      vertex 7.711169821742839 -1.6629831585203163 0
      vertex 7.5 -1.5588457268119897 0
      vertex 7.711169821742839 -1.4960934410003024 0
    endloop
  endfacet
  facet normal 0 0 -1
    outer loop
      vertex 7.711169821742839 -1.6629831585203163 0
      vertex 7.711169821742839 -1.4960934410003024 0
      vertex 7.721765861672303 -1.5013188296255624 0
    endloop
  endfacet
  facet normal 0 0 -1
    outer loop
      vertex 7.304229427784303 -1.4280360125242235 0
      vertex 7.5 -1.3788285184003761 0
      vertex 7.5 -1.5588457268119897 0
    endloop
  endfacet
  facet normal 0 0 -1
    outer loop
      vertex 7.5 -1.5588457268119897 0
      vertex 7.511303899832182 -1.3863815427934194 0
      vertex 7.711169821742839 -1.4960934410003024 0
    endloop
  endfacet
  facet normal 0 0 -1
    outer loop
      vertex 7.5 -1.5588457268119897 0
      vertex 7.5 -1.3788285184003761 0
      vertex 7.511303899832182 -1.3863815427934194 0
    endloop
  endfacet
  facet normal -0.4667272787359279 -0.5322004619635773 -0.7063485793639782
    outer loop
      vertex 7.066812470470902 -1.7374438152378053 0.39
      vertex 7.127207793864215 -1.272792206135786 0
      vertex 7.304229427784303 -1.4280360125242235 0
    endloop
  endfacet
  facet normal 0 0 -1
    outer loop
      vertex 7.944260518144842 -1.5840393301017952 0
      vertex 7.972948575580841 -1.146344154964819 0
      vertex 8.165052854003907 -1.6319895301818557 0
    endloop
  endfacet
  facet normal 0 0 -1
    outer loop
      vertex 7.304229427784303 -1.4280360125242235 0
      vertex 7.316568777629241 -1.2397739141404092 0
      vertex 7.5 -1.3788285184003761 0
    endloop
  endfacet
  facet normal 0 0 -1
    outer loop
      vertex 7.127207793864215 -1.272792206135786 0
      vertex 7.304229427784303 -1.228952594757765 0
      vertex 7.304229427784303 -1.4280360125242235 0
    endloop
  endfacet
  facet normal 0 0 -1
    outer loop
      vertex 7.304229427784303 -1.4280360125242235 0
      vertex 7.304229427784303 -1.228952594757765 0
      vertex 7.316568777629241 -1.2397739141404092 0
    endloop
  endfacet
  facet normal 0 0 -1
    outer loop
      vertex 7.721765861672303 -1.5013188296255624 0
      vertex 7.768572336597602 -0.7871900223447572 0
      vertex 7.934125718815463 -1.580599029306712 0
    endloop
  endfacet
  facet normal 0 0 -1
    outer loop
      vertex 7.127207793864215 -1.272792206135786 0
      vertex 6.971963987475776 -1.0957705722156974 0
      vertex 7.127207793864215 -1.0457810762280693 0
    endloop
  endfacet
  facet normal 0 0 -1
    outer loop
      vertex 7.127207793864215 -1.272792206135786 0
      vertex 7.127207793864215 -1.0457810762280693 0
      vertex 7.141052187210403 -1.0615675812603063 0
    endloop
  endfacet
  facet normal -0.5885675477331848 -0.3932682623678604 -0.7063485793639773
    outer loop
      vertex 6.662556184762195 -1.3331875295290982 0.39
      vertex 6.84115427318801 -0.9000000000000001 0
      vertex 6.971963987475776 -1.0957705722156974 0
    endloop
  endfacet
  facet normal -0.5885675477331844 -0.39326826236786067 -0.7063485793639774
    outer loop
      vertex 6.662556184762195 -1.3331875295290982 0.39
      vertex 6.50340436571208 -1.0950000000000002 0.39
      vertex 6.84115427318801 -0.9000000000000001 0
    endloop
  endfacet
  facet normal 0 0 -1
    outer loop
      vertex 6.971963987475776 -1.0957705722156974 0
      vertex 6.988044941278065 -0.850422628857583 0
      vertex 7.127207793864215 -1.0457810762280693 0
    endloop
  endfacet
  facet normal 0 0 -1
    outer loop
      vertex 6.84115427318801 -0.9000000000000001 0
      vertex 6.971963987475776 -0.8263557807279217 0
      vertex 6.971963987475776 -1.0957705722156974 0
    endloop
  endfacet
  facet normal 0 0 -1
    outer loop
      vertex 6.971963987475776 -1.0957705722156974 0
      vertex 6.971963987475776 -0.8263557807279217 0
      vertex 6.988044941278065 -0.850422628857583 0
    endloop
  endfacet
  facet normal -0.6348640795793238 -0.3130803169961173 -0.7063485793639773
    outer loop
      vertex 6.50340436571208 -1.0950000000000002 0.39
      vertex 6.737016841479684 -0.6888301782571618 0
      vertex 6.84115427318801 -0.9000000000000001 0
    endloop
  endfacet
  facet normal -0.6348640795793231 -0.3130803169961177 -0.7063485793639777
    outer loop
      vertex 6.376703823800282 -0.8380767168795467 0.39
      vertex 6.737016841479684 -0.6888301782571618 0
      vertex 6.50340436571208 -1.0950000000000002 0.39
    endloop
  endfacet
  facet normal 0 0 -1
    outer loop
      vertex 7.127207793864215 -1.272792206135786 0
      vertex 7.141052187210403 -1.0615675812603063 0
      vertex 7.304229427784303 -1.228952594757765 0
    endloop
  endfacet
  facet normal 0 0 -1
    outer loop
      vertex 7.511303899832182 -1.3863815427934194 0
      vertex 7.575 -0.4145668501920714 0
      vertex 7.711169821742839 -1.4960934410003024 0
    endloop
  endfacet
  facet normal 0 0 -1
    outer loop
      vertex 7.5 -1.3788285184003761 0
      vertex 7.316568777629241 -1.2397739141404092 0
      vertex 7.395543642135611 -0.03485032429295343 0
    endloop
  endfacet
  facet normal 0 0 -1
    outer loop
      vertex 6.84115427318801 -0.9000000000000001 0
      vertex 6.861482979253493 -0.5898438808033823 0
      vertex 6.971963987475776 -0.8263557807279217 0
    endloop
  endfacet
  facet normal 0 0 -1
    outer loop
      vertex 6.988044941278065 -0.850422628857583 0
      vertex 7.127207793864215 -0.4515285174951371 0
      vertex 7.127207793864215 -1.0457810762280693 0
    endloop
  endfacet
  facet normal 0 0 -1
    outer loop
      vertex 6.971963987475776 -0.8263557807279217 0
      vertex 6.861482979253493 -0.5898438808033823 0
      vertex 6.971963987475776 -0.8111785801178418 0
    endloop
  endfacet
  facet normal 0 0 -1
    outer loop
      vertex 6.737016841479684 -0.6888301782571618 0
      vertex 6.84115427318801 -0.5299574438691383 0
      vertex 6.84115427318801 -0.9000000000000001 0
    endloop
  endfacet
  facet normal 0 0 -1
    outer loop
      vertex 6.84115427318801 -0.9000000000000001 0
      vertex 6.84115427318801 -0.5299574438691383 0
      vertex 6.861482979253493 -0.5898438808033823 0
    endloop
  endfacet
  facet normal -0.6702979110062842 -0.22753548059830633 -0.7063485793639777
    outer loop
      vertex 6.376703823800282 -0.8380767168795467 0.39
      vertex 6.661333512679677 -0.4658742811845374 0
      vertex 6.737016841479684 -0.6888301782571618 0
    endloop
  endfacet
  facet normal -0.6702979110062826 -0.22753548059830836 -0.7063485793639784
    outer loop
      vertex 6.376703823800282 -0.8380767168795467 0.39
      vertex 6.28462244042694 -0.5668137087745204 0.39
      vertex 6.661333512679677 -0.4658742811845374 0
    endloop
  endfacet
  facet normal 0 0 -1
    outer loop
      vertex 6.861482979253493 -0.5898438808033823 0
      vertex 6.875598771356377 -0.37447851106886143 0
      vertex 6.971963987475776 -0.8111785801178418 0
    endloop
  endfacet
  facet normal -0.6942627593342352 -0.13809744904270746 -0.7063485793639785
    outer loop
      vertex 6.28462244042694 -0.5668137087745204 0.39
      vertex 6.615399249527141 -0.23494714599609287 0
      vertex 6.661333512679677 -0.4658742811845374 0
    endloop
  endfacet
  facet normal 0 0 -1
    outer loop
      vertex 7.141052187210403 -1.0615675812603063 0
      vertex 7.304229427784303 -0.08415267675073301 0
      vertex 7.304229427784303 -1.228952594757765 0
    endloop
  endfacet
  facet normal 0 0 -1
    outer loop
      vertex 8.184631782836915 -1.4858840212667865 0
      vertex 8.165052854003907 1.3371672920607147 0
      vertex 8.4 -1.8000000000000003 0
    endloop
  endfacet
  facet normal 0 0 -1
    outer loop
      vertex 7.711169821742839 -1.4960934410003024 0
      vertex 7.575 -0.4145668501920714 0
      vertex 7.711169821742839 0.6486080924680634 0
    endloop
  endfacet
  facet normal 0 0 -1
    outer loop
      vertex 7.972948575580841 -1.146344154964819 0
      vertex 8.165052854003907 1.3371672920607147 0
      vertex 8.165052854003907 -1.6319895301818557 0
    endloop
  endfacet
  facet normal 0 0 -1
    outer loop
      vertex 7.934125718815463 -1.580599029306712 0
      vertex 7.768572336597602 -0.7871900223447572 0
      vertex 7.934125718815463 1.0014552810214585 0
    endloop
  endfacet
  facet normal -0.6942627593342361 -0.13809744904270593 -0.706348579363978
    outer loop
      vertex 6.28462244042694 -0.5668137087745204 0.39
      vertex 6.228735753591355 -0.28585236096191297 0.39
      vertex 6.615399249527141 -0.23494714599609287 0
    endloop
  endfacet
  facet normal -0.7063485793639777 -0.04629653184614019 -0.706348579363978
    outer loop
      vertex 6.228735753591355 -0.28585236096191297 0.39
      vertex 6.6 0 0
      vertex 6.615399249527141 -0.23494714599609287 0
    endloop
  endfacet
  facet normal 0 0 -1
    outer loop
      vertex 6.737016841479684 -0.6888301782571618 0
      vertex 6.661333512679677 -0.4658742811845374 0
      vertex 6.737016841479684 0.6888301782571618 0
    endloop
  endfacet
  facet normal 0 0 -1
    outer loop
      vertex 6.737016841479684 -0.6888301782571618 0
      vertex 6.737016841479684 0.6888301782571618 0
      vertex 6.84115427318801 -0.5299574438691383 0
    endloop
  endfacet
  facet normal 0 0 -1
    outer loop
      vertex 6.988044941278065 -0.850422628857583 0
      vertex 7.090966988519463 0.7198643657665331 0
      vertex 7.127207793864215 -0.4515285174951371 0
    endloop
  endfacet
  facet normal 0 0 -1
    outer loop
      vertex 6.661333512679677 -0.4658742811845374 0
      vertex 6.615399249527141 -0.23494714599609287 0
      vertex 6.661333512679677 0.4658742811845374 0
    endloop
  endfacet
  facet normal 0 0 -1
    outer loop
      vertex 6.971963987475776 -0.8111785801178418 0
      vertex 6.875598771356377 -0.37447851106886143 0
      vertex 6.971963987475776 1.0957705722156974 0
    endloop
  endfacet
  facet normal -0.7063485793639781 -0.04629653184613886 -0.7063485793639775
    outer loop
      vertex 6.228735753591355 -0.28585236096191297 0.39
      vertex 6.21 0 0.39
      vertex 6.6 0 0
    endloop
  endfacet
  facet normal 0 0 -1
    outer loop
      vertex 7.5 -1.3788285184003761 0
      vertex 7.395543642135611 -0.03485032429295343 0
      vertex 7.5 0.28466303962440564 0
    endloop
  endfacet
  facet normal 0 0 -1
    outer loop
      vertex 7.141052187210403 -1.0615675812603063 0
      vertex 7.2332738110421975 0.3454625003171541 0
      vertex 7.304229427784303 -0.08415267675073301 0
    endloop
  endfacet
  facet normal 0.04629653184613934 -0.706348579363978 -0.7063485793639777
    outer loop
      vertex 8.4 -1.8000000000000003 0
      vertex 8.634947145996094 -1.784600750472859 0
      vertex 8.685852360961913 -2.171264246408645 0.39
    endloop
  endfacet
  facet normal 0.13809744904270613 -0.6942627593342363 -0.7063485793639775
    outer loop
      vertex 8.634947145996094 -1.784600750472859 0
      vertex 8.865874281184539 -1.7386664873203233 0
      vertex 8.96681370877452 -2.11537755957306 0.39
    endloop
  endfacet
  facet normal 0.13809744904270638 -0.6942627593342363 -0.7063485793639775
    outer loop
      vertex 8.634947145996094 -1.784600750472859 0
      vertex 8.96681370877452 -2.11537755957306 0.39
      vertex 8.685852360961913 -2.171264246408645 0.39
    endloop
  endfacet
  facet normal 0.227535480598307 -0.6702979110062841 -0.7063485793639774
    outer loop
      vertex 8.865874281184539 -1.7386664873203233 0
      vertex 9.238076716879547 -2.023296176199718 0.39
      vertex 8.96681370877452 -2.11537755957306 0.39
    endloop
  endfacet
  facet normal 0.31308031699611677 -0.634864079579323 -0.7063485793639781
    outer loop
      vertex 9.088830178257162 -1.6629831585203163 0
      vertex 9.495000000000001 -1.8965956342879207 0.39
      vertex 9.238076716879547 -2.023296176199718 0.39
    endloop
  endfacet
  facet normal 0 0 -1
    outer loop
      vertex 8.4 -1.8000000000000003 0
      vertex 8.634947145996094 -1.6319895301818557 0
      vertex 8.634947145996094 -1.784600750472859 0
    endloop
  endfacet
  facet normal 0.22753548059830853 -0.6702979110062829 -0.706348579363978
    outer loop
      vertex 8.865874281184539 -1.7386664873203233 0
      vertex 9.088830178257162 -1.6629831585203163 0
      vertex 9.238076716879547 -2.023296176199718 0.39
    endloop
  endfacet
  facet normal 0 0 -1
    outer loop
      vertex 8.634947145996094 -1.784600750472859 0
      vertex 8.634947145996094 -1.6319895301818557 0
      vertex 8.645081945325472 -1.629973593254331 0
    endloop
  endfacet
  facet normal 0 0 -1
    outer loop
      vertex 8.634947145996094 -1.784600750472859 0
      vertex 8.645081945325472 -1.629973593254331 0
      vertex 8.865874281184539 -1.7386664873203233 0
    endloop
  endfacet
  facet normal 0 0 -1
    outer loop
      vertex 8.865874281184539 -1.7386664873203233 0
      vertex 8.645081945325472 -1.629973593254331 0
      vertex 8.865874281184539 -1.580599029306712 0
    endloop
  endfacet
  facet normal 0 0 -1
    outer loop
      vertex 8.865874281184539 -1.7386664873203233 0
      vertex 8.876470321114002 -1.5770021584255691 0
      vertex 9.088830178257162 -1.6629831585203163 0
    endloop
  endfacet
  facet normal 0 0 -1
    outer loop
      vertex 8.865874281184539 -1.7386664873203233 0
      vertex 8.865874281184539 -1.580599029306712 0
      vertex 8.876470321114002 -1.5770021584255691 0
    endloop
  endfacet
  facet normal 0.3130803169961162 -0.6348640795793236 -0.7063485793639778
    outer loop
      vertex 9.088830178257162 -1.6629831585203163 0
      vertex 9.3 -1.5588457268119897 0
      vertex 9.495000000000001 -1.8965956342879207 0.39
    endloop
  endfacet
  facet normal 0.39326826236786067 -0.588567547733184 -0.7063485793639779
    outer loop
      vertex 9.495000000000001 -1.8965956342879207 0.39
      vertex 9.3 -1.5588457268119897 0
      vertex 9.733187529529099 -1.7374438152378053 0.39
    endloop
  endfacet
  facet normal 0 0 -1
    outer loop
      vertex 8.4 -1.8000000000000003 0
      vertex 8.634947145996094 -1.3371672920607147 0
      vertex 8.634947145996094 -1.6319895301818557 0
    endloop
  endfacet
  facet normal 0 0 -1
    outer loop
      vertex 8.876470321114002 -1.5770021584255691 0
      vertex 9.088830178257162 -1.4960934410003024 0
      vertex 9.088830178257162 -1.6629831585203163 0
    endloop
  endfacet
  facet normal 0 0 -1
    outer loop
      vertex 9.088830178257162 -1.6629831585203163 0
      vertex 9.100134078089344 -1.490518974501746 0
      vertex 9.3 -1.5588457268119897 0
    endloop
  endfacet
  facet normal 0 0 -1
    outer loop
      vertex 9.088830178257162 -1.6629831585203163 0
      vertex 9.088830178257162 -1.4960934410003024 0
      vertex 9.100134078089344 -1.490518974501746 0
    endloop
  endfacet
  facet normal 0.3932682623678613 -0.5885675477331832 -0.7063485793639781
    outer loop
      vertex 9.3 -1.5588457268119897 0
      vertex 9.495770572215697 -1.4280360125242235 0
      vertex 9.733187529529099 -1.7374438152378053 0.39
    endloop
  endfacet
  facet normal 0 0 -1
    outer loop
      vertex 9.100134078089344 -1.490518974501746 0
      vertex 9.3 -1.3788285184003761 0
      vertex 9.3 -1.5588457268119897 0
    endloop
  endfacet
  facet normal 0 0 -1
    outer loop
      vertex 9.3 -1.5588457268119897 0
      vertex 9.3 -1.3788285184003761 0
      vertex 9.312339349844938 -1.3705836284281756 0
    endloop
  endfacet
  facet normal 0 0 -1
    outer loop
      vertex 9.3 -1.5588457268119897 0
      vertex 9.312339349844938 -1.3705836284281756 0
      vertex 9.495770572215697 -1.4280360125242235 0
    endloop
  endfacet
  facet normal 0.46672727873592956 -0.5322004619635761 -0.7063485793639782
    outer loop
      vertex 9.495770572215697 -1.4280360125242235 0
      vertex 9.94856385079854 -1.5485638507985393 0.39
      vertex 9.733187529529099 -1.7374438152378053 0.39
    endloop
  endfacet
  facet normal 0 0 -1
    outer loop
      vertex 8.645081945325472 -1.629973593254331 0
      vertex 8.865874281184539 -1.0014552810214585 0
      vertex 8.865874281184539 -1.580599029306712 0
    endloop
  endfacet
  facet normal 0 0 -1
    outer loop
      vertex 8.876470321114002 -1.5770021584255691 0
      vertex 9.088830178257162 -0.6486080924680634 0
      vertex 9.088830178257162 -1.4960934410003024 0
    endloop
  endfacet
  facet normal 0 0 -1
    outer loop
      vertex 9.495770572215697 -1.4280360125242235 0
      vertex 9.312339349844938 -1.3705836284281756 0
      vertex 9.495770572215697 -1.228952594757765 0
    endloop
  endfacet
  facet normal 0.4667272787359275 -0.5322004619635795 -0.7063485793639768
    outer loop
      vertex 9.495770572215697 -1.4280360125242235 0
      vertex 9.672792206135787 -1.272792206135786 0
      vertex 9.94856385079854 -1.5485638507985393 0.39
    endloop
  endfacet
  facet normal 0 0 -1
    outer loop
      vertex 9.495770572215697 -1.4280360125242235 0
      vertex 9.495770572215697 -1.228952594757765 0
      vertex 9.509614965561887 -1.216811387648744 0
    endloop
  endfacet
  facet normal 0 0 -1
    outer loop
      vertex 9.495770572215697 -1.4280360125242235 0
      vertex 9.509614965561887 -1.216811387648744 0
      vertex 9.672792206135787 -1.272792206135786 0
    endloop
  endfacet
  facet normal 0.5322004619635782 -0.4667272787359285 -0.7063485793639773
    outer loop
      vertex 9.672792206135787 -1.272792206135786 0
      vertex 9.828036012524224 -1.0957705722156974 0
      vertex 10.137443815237805 -1.3331875295290982 0.39
    endloop
  endfacet
  facet normal 0.5322004619635775 -0.4667272787359298 -0.7063485793639769
    outer loop
      vertex 9.672792206135787 -1.272792206135786 0
      vertex 10.137443815237805 -1.3331875295290982 0.39
      vertex 9.94856385079854 -1.5485638507985393 0.39
    endloop
  endfacet
  facet normal 0 0 -1
    outer loop
      vertex 9.509614965561887 -1.216811387648744 0
      vertex 9.672792206135787 -1.0457810762280693 0
      vertex 9.672792206135787 -1.272792206135786 0
    endloop
  endfacet
  facet normal 0 0 -1
    outer loop
      vertex 9.672792206135787 -1.272792206135786 0
      vertex 9.688873159938074 -1.0274442627776716 0
      vertex 9.828036012524224 -1.0957705722156974 0
    endloop
  endfacet
  facet normal 0 0 -1
    outer loop
      vertex 9.100134078089344 -1.490518974501746 0
      vertex 9.3 -0.28466303962440564 0
      vertex 9.3 -1.3788285184003761 0
    endloop
  endfacet
  facet normal 0 0 -1
    outer loop
      vertex 9.672792206135787 -1.272792206135786 0
      vertex 9.672792206135787 -1.0457810762280693 0
      vertex 9.688873159938074 -1.0274442627776716 0
    endloop
  endfacet
  facet normal 0 0 -1
    outer loop
      vertex 9.688873159938074 -1.0274442627776716 0
      vertex 9.709033011480539 -0.7198643657665331 0
      vertex 9.828036012524224 -1.0957705722156974 0
    endloop
  endfacet
  facet normal 0 0 -1
    outer loop
      vertex 9.312339349844938 -1.3705836284281756 0
      vertex 9.40445635786439 0.03485032429295343 0
      vertex 9.495770572215697 -1.228952594757765 0
    endloop
  endfacet
  facet normal 0 0 -1
    outer loop
      vertex 9.509614965561887 -1.216811387648744 0
      vertex 9.566726188957803 -0.3454625003171541 0
      vertex 9.672792206135787 -1.0457810762280693 0
    endloop
  endfacet
  facet normal 0 0 -1
    outer loop
      vertex 9.709033011480539 -0.7198643657665331 0
      vertex 9.95884572681199 -0.9000000000000001 0
      vertex 9.828036012524224 -1.0957705722156974 0
    endloop
  endfacet
  facet normal 0.5885675477331842 -0.39326826236785994 -0.706348579363978
    outer loop
      vertex 9.828036012524224 -1.0957705722156974 0
      vertex 9.95884572681199 -0.9000000000000001 0
      vertex 10.296595634287922 -1.095 0.39
    endloop
  endfacet
  facet normal 0.5885675477331836 -0.393268262367862 -0.7063485793639773
    outer loop
      vertex 10.137443815237805 -1.3331875295290982 0.39
      vertex 9.828036012524224 -1.0957705722156974 0
      vertex 10.296595634287922 -1.095 0.39
    endloop
  endfacet
  facet normal 0.6348640795793234 -0.313080316996116 -0.706348579363978
    outer loop
      vertex 9.95884572681199 -0.9000000000000001 0
      vertex 10.423296176199718 -0.8380767168795467 0.39
      vertex 10.296595634287922 -1.095 0.39
    endloop
  endfacet
  facet normal 0 0 -1
    outer loop
      vertex 8.645081945325472 -1.629973593254331 0
      vertex 8.82705142441916 1.146344154964819 0
      vertex 8.865874281184539 -1.0014552810214585 0
    endloop
  endfacet
  facet normal 0 0 -1
    outer loop
      vertex 8.4 -1.8000000000000003 0
      vertex 8.634947145996094 1.784600750472859 0
      vertex 8.634947145996094 -1.3371672920607147 0
    endloop
  endfacet
  facet normal 0 0 -1
    outer loop
      vertex 8.876470321114002 -1.5770021584255691 0
      vertex 9.031427663402399 0.7871900223447572 0
      vertex 9.088830178257162 -0.6486080924680634 0
    endloop
  endfacet
  facet normal 0 0 -1
    outer loop
      vertex 9.100134078089344 -1.490518974501746 0
      vertex 9.225 0.4145668501920714 0
      vertex 9.3 -0.28466303962440564 0
    endloop
  endfacet
  facet normal 0 0 -1
    outer loop
      vertex 9.709033011480539 -0.7198643657665331 0
      vertex 9.95884572681199 -0.5299574438691383 0
      vertex 9.95884572681199 -0.9000000000000001 0
    endloop
  endfacet
  facet normal 0.6348640795793237 -0.3130803169961146 -0.7063485793639783
    outer loop
      vertex 9.95884572681199 -0.9000000000000001 0
      vertex 10.062983158520316 -0.6888301782571618 0
      vertex 10.423296176199718 -0.8380767168795467 0.39
    endloop
  endfacet
  facet normal 0 0 -1
    outer loop
      vertex 9.95884572681199 -0.9000000000000001 0
      vertex 9.988903248311608 -0.4414108408591701 0
      vertex 10.062983158520316 -0.6888301782571618 0
    endloop
  endfacet
  facet normal 0 0 -1
    outer loop
      vertex 9.95884572681199 -0.9000000000000001 0
      vertex 9.95884572681199 -0.5299574438691383 0
      vertex 9.988903248311608 -0.4414108408591701 0
    endloop
  endfacet
  facet normal 0.6702979110062826 -0.22753548059830836 -0.7063485793639784
    outer loop
      vertex 10.062983158520316 -0.6888301782571618 0
      vertex 10.51537755957306 -0.5668137087745204 0.39
      vertex 10.423296176199718 -0.8380767168795467 0.39
    endloop
  endfacet
  facet normal 0.6702979110062826 -0.22753548059830844 -0.7063485793639784
    outer loop
      vertex 10.062983158520316 -0.6888301782571618 0
      vertex 10.138666487320323 -0.4658742811845374 0
      vertex 10.51537755957306 -0.5668137087745204 0.39
    endloop
  endfacet
  facet normal 0 0 -1
    outer loop
      vertex 9.988903248311608 -0.4414108408591701 0
      vertex 9.993777613376963 -0.3670424011095811 0
      vertex 10.062983158520316 -0.6888301782571618 0
    endloop
  endfacet
  facet normal 0 0 -1
    outer loop
      vertex 9.709033011480539 -0.7198643657665331 0
      vertex 9.95884572681199 -0.1059061744712596 0
      vertex 9.95884572681199 -0.5299574438691383 0
    endloop
  endfacet
  facet normal 0.6942627593342356 -0.13809744904270585 -0.7063485793639784
    outer loop
      vertex 10.51537755957306 -0.5668137087745204 0.39
      vertex 10.138666487320323 -0.4658742811845374 0
      vertex 10.571264246408646 -0.28585236096191297 0.39
    endloop
  endfacet
  facet normal 0 0 -1
    outer loop
      vertex 9.495770572215697 -1.228952594757765 0
      vertex 9.40445635786439 0.03485032429295343 0
      vertex 9.495770572215697 0.08415267675073301 0
    endloop
  endfacet
  facet normal 0 0 -1
    outer loop
      vertex 9.672792206135787 -1.0457810762280693 0
      vertex 9.566726188957803 -0.3454625003171541 0
      vertex 9.672792206135787 0.4515285174951371 0
    endloop
  endfacet
  facet normal 0.6942627593342354 -0.13809744904270474 -0.7063485793639788
    outer loop
      vertex 10.138666487320323 -0.4658742811845374 0
      vertex 10.184600750472859 -0.23494714599609287 0
      vertex 10.571264246408646 -0.28585236096191297 0.39
    endloop
  endfacet
  facet normal 0 0 -1
    outer loop
      vertex 10.062983158520316 -0.6888301782571618 0
      vertex 10.138666487320323 0.4658742811845374 0
      vertex 10.138666487320323 -0.4658742811845374 0
    endloop
  endfacet
  facet normal 0 0 -1
    outer loop
      vertex 10.138666487320323 -0.4658742811845374 0
      vertex 10.184600750472859 0.23494714599609287 0
      vertex 10.184600750472859 -0.23494714599609287 0
    endloop
  endfacet
  facet normal 0 0 -1
    outer loop
      vertex 9.993777613376963 -0.3670424011095811 0
      vertex 10.062983158520316 0.6888301782571618 0
      vertex 10.062983158520316 -0.6888301782571618 0
    endloop
  endfacet
  facet normal 0.7063485793639789 -0.04629653184614286 -0.7063485793639768
    outer loop
      vertex 10.184600750472859 -0.23494714599609287 0
      vertex 10.200000000000001 0 0
      vertex 10.59 0 0.39
    endloop
  endfacet
  facet normal 0.7063485793639773 -0.04629653184613668 -0.7063485793639788
    outer loop
      vertex 10.184600750472859 -0.23494714599609287 0
      vertex 10.59 0 0.39
      vertex 10.571264246408646 -0.28585236096191297 0.39
    endloop
  endfacet
  facet normal -0.7063485793639781 0.046296531846140215 -0.7063485793639775
    outer loop
      vertex 6.21 0 0.39
      vertex 6.615399249527141 0.23494714599609287 0
      vertex 6.6 0 0
    endloop
  endfacet
  facet normal 0 0 -1
    outer loop
      vertex 6.615399249527141 -0.23494714599609287 0
      vertex 6.6 0 0
      vertex 6.615399249527141 0.23494714599609287 0
    endloop
  endfacet
  facet normal 0 0 -1
    outer loop
      vertex 6.84115427318801 -0.5299574438691383 0
      vertex 6.737016841479684 0.6888301782571618 0
      vertex 6.84115427318801 0.1059061744712596 0
    endloop
  endfacet
  facet normal 0 0 -1
    outer loop
      vertex 6.615399249527141 -0.23494714599609287 0
      vertex 6.615399249527141 0.23494714599609287 0
      vertex 6.661333512679677 0.4658742811845374 0
    endloop
  endfacet
  facet normal -0.7063485793639778 0.04629653184613884 -0.706348579363978
    outer loop
      vertex 6.21 0 0.39
      vertex 6.228735753591355 0.28585236096191297 0.39
      vertex 6.615399249527141 0.23494714599609287 0
    endloop
  endfacet
  facet normal 0 0 -1
    outer loop
      vertex 6.661333512679677 -0.4658742811845374 0
      vertex 6.661333512679677 0.4658742811845374 0
      vertex 6.737016841479684 0.6888301782571618 0
    endloop
  endfacet
  facet normal 0 0 -1
    outer loop
      vertex 6.875598771356377 -0.37447851106886143 0
      vertex 6.84115427318801 0.1059061744712596 0
      vertex 6.971963987475776 1.0957705722156974 0
    endloop
  endfacet
  facet normal 0 0 -1
    outer loop
      vertex 6.971963987475776 -0.8111785801178418 0
      vertex 6.971963987475776 1.0957705722156974 0
      vertex 7.090966988519463 0.7198643657665331 0
    endloop
  endfacet
  facet normal -0.6942627593342358 0.13809744904270754 -0.7063485793639778
    outer loop
      vertex 6.228735753591355 0.28585236096191297 0.39
      vertex 6.661333512679677 0.4658742811845374 0
      vertex 6.615399249527141 0.23494714599609287 0
    endloop
  endfacet
  facet normal 0 0 -1
    outer loop
      vertex 7.127207793864215 -0.4515285174951371 0
      vertex 7.127207793864215 1.272792206135786 0
      vertex 7.2332738110421975 0.3454625003171541 0
    endloop
  endfacet
  facet normal 0 0 -1
    outer loop
      vertex 6.737016841479684 0.6888301782571618 0
      vertex 6.84115427318801 0.9000000000000001 0
      vertex 6.84115427318801 0.1059061744712596 0
    endloop
  endfacet
  facet normal 0 0 -1
    outer loop
      vertex 7.127207793864215 -0.4515285174951371 0
      vertex 7.090966988519463 0.7198643657665331 0
      vertex 7.127207793864215 1.272792206135786 0
    endloop
  endfacet
  facet normal -0.6702979110062833 0.22753548059830603 -0.7063485793639784
    outer loop
      vertex 6.661333512679677 0.4658742811845374 0
      vertex 6.28462244042694 0.5668137087745204 0.39
      vertex 6.737016841479684 0.6888301782571618 0
    endloop
  endfacet
  facet normal -0.6942627593342356 0.13809744904270585 -0.7063485793639784
    outer loop
      vertex 6.228735753591355 0.28585236096191297 0.39
      vertex 6.28462244042694 0.5668137087745204 0.39
      vertex 6.661333512679677 0.4658742811845374 0
    endloop
  endfacet
  facet normal 0 0 -1
    outer loop
      vertex 6.84115427318801 0.1059061744712596 0
      vertex 6.84115427318801 0.9000000000000001 0
      vertex 6.971963987475776 1.0957705722156974 0
    endloop
  endfacet
  facet normal -0.6348640795793234 0.31308031699611716 -0.7063485793639777
    outer loop
      vertex 6.376703823800282 0.8380767168795467 0.39
      vertex 6.84115427318801 0.9000000000000001 0
      vertex 6.737016841479684 0.6888301782571618 0
    endloop
  endfacet
  facet normal -0.6702979110062833 0.22753548059830858 -0.7063485793639777
    outer loop
      vertex 6.28462244042694 0.5668137087745204 0.39
      vertex 6.376703823800282 0.8380767168795467 0.39
      vertex 6.737016841479684 0.6888301782571618 0
    endloop
  endfacet
  facet normal 0 0 -1
    outer loop
      vertex 7.304229427784303 -0.08415267675073301 0
      vertex 7.304229427784303 1.4280360125242235 0
      vertex 7.395543642135611 -0.03485032429295343 0
    endloop
  endfacet
  facet normal 0 0 -1
    outer loop
      vertex 7.575 -0.4145668501920714 0
      vertex 7.5 0.28466303962440564 0
      vertex 7.699865921910657 1.490518974501746 0
    endloop
  endfacet
  facet normal 0 0 -1
    outer loop
      vertex 7.768572336597602 -0.7871900223447572 0
      vertex 7.711169821742839 0.6486080924680634 0
      vertex 7.923529678885999 1.5770021584255691 0
    endloop
  endfacet
  facet normal 0 0 -1
    outer loop
      vertex 7.304229427784303 -0.08415267675073301 0
      vertex 7.2332738110421975 0.3454625003171541 0
      vertex 7.304229427784303 1.4280360125242235 0
    endloop
  endfacet
  facet normal 0 0 -1
    outer loop
      vertex 7.972948575580841 -1.146344154964819 0
      vertex 7.934125718815463 1.0014552810214585 0
      vertex 8.154918054674528 1.629973593254331 0
    endloop
  endfacet
  facet normal 0 0 -1
    outer loop
      vertex 8.165052854003907 1.3371672920607147 0
      vertex 8.165052854003907 1.784600750472859 0
      vertex 8.4 -1.8000000000000003 0
    endloop
  endfacet
  facet normal 0 0 -1
    outer loop
      vertex 8.165052854003907 1.784600750472859 0
      vertex 8.4 1.8000000000000003 0
      vertex 8.4 -1.8000000000000003 0
    endloop
  endfacet
  facet normal 0 0 -1
    outer loop
      vertex 8.4 -1.8000000000000003 0
      vertex 8.4 1.8000000000000003 0
      vertex 8.634947145996094 1.784600750472859 0
    endloop
  endfacet
  facet normal -0.6348640795793232 0.31308031699611805 -0.7063485793639773
    outer loop
      vertex 6.376703823800282 0.8380767168795467 0.39
      vertex 6.50340436571208 1.095 0.39
      vertex 6.84115427318801 0.9000000000000001 0
    endloop
  endfacet
  facet normal 0 0 -1
    outer loop
      vertex 6.971963987475776 1.0957705722156974 0
      vertex 7.127207793864215 1.272792206135786 0
      vertex 7.090966988519463 0.7198643657665331 0
    endloop
  endfacet
  facet normal -0.5885675477331848 0.3932682623678605 -0.7063485793639773
    outer loop
      vertex 6.50340436571208 1.095 0.39
      vertex 6.971963987475776 1.0957705722156974 0
      vertex 6.84115427318801 0.9000000000000001 0
    endloop
  endfacet
  facet normal -0.5885675477331848 0.39326826236786055 -0.7063485793639773
    outer loop
      vertex 6.50340436571208 1.095 0.39
      vertex 6.662556184762195 1.3331875295290982 0.39
      vertex 6.971963987475776 1.0957705722156974 0
    endloop
  endfacet
  facet normal 0 0 -1
    outer loop
      vertex 7.395543642135611 -0.03485032429295343 0
      vertex 7.304229427784303 1.4280360125242235 0
      vertex 7.487660650155062 1.3705836284281756 0
    endloop
  endfacet
  facet normal 0 0 -1
    outer loop
      vertex 7.2332738110421975 0.3454625003171541 0
      vertex 7.127207793864215 1.272792206135786 0
      vertex 7.304229427784303 1.4280360125242235 0
    endloop
  endfacet
  facet normal 0 0 -1
    outer loop
      vertex 7.5 0.28466303962440564 0
      vertex 7.487660650155062 1.3705836284281756 0
      vertex 7.5 1.5588457268119897 0
    endloop
  endfacet
  facet normal 0 0 -1
    outer loop
      vertex 7.5 0.28466303962440564 0
      vertex 7.5 1.5588457268119897 0
      vertex 7.699865921910657 1.490518974501746 0
    endloop
  endfacet
  facet normal -0.5322004619635768 0.46672727873592995 -0.7063485793639772
    outer loop
      vertex 6.971963987475776 1.0957705722156974 0
      vertex 6.662556184762195 1.3331875295290982 0.39
      vertex 7.127207793864215 1.272792206135786 0
    endloop
  endfacet
  facet normal -0.46672727873592845 0.5322004619635778 -0.7063485793639775
    outer loop
      vertex 6.8514361492014615 1.5485638507985393 0.39
      vertex 7.304229427784303 1.4280360125242235 0
      vertex 7.127207793864215 1.272792206135786 0
    endloop
  endfacet
  facet normal -0.5322004619635771 0.46672727873592945 -0.7063485793639774
    outer loop
      vertex 6.662556184762195 1.3331875295290982 0.39
      vertex 6.8514361492014615 1.5485638507985393 0.39
      vertex 7.127207793864215 1.272792206135786 0
    endloop
  endfacet
  facet normal -0.46672727873592956 0.5322004619635762 -0.7063485793639782
    outer loop
      vertex 6.8514361492014615 1.5485638507985393 0.39
      vertex 7.066812470470902 1.7374438152378053 0.39
      vertex 7.304229427784303 1.4280360125242235 0
    endloop
  endfacet
  facet normal 0 0 -1
    outer loop
      vertex 7.711169821742839 0.6486080924680634 0
      vertex 7.699865921910657 1.490518974501746 0
      vertex 7.711169821742839 1.6629831585203163 0
    endloop
  endfacet
  facet normal 0 0 -1
    outer loop
      vertex 7.711169821742839 0.6486080924680634 0
      vertex 7.711169821742839 1.6629831585203163 0
      vertex 7.923529678885999 1.5770021584255691 0
    endloop
  endfacet
  facet normal 0 0 -1
    outer loop
      vertex 7.487660650155062 1.3705836284281756 0
      vertex 7.304229427784303 1.4280360125242235 0
      vertex 7.5 1.5588457268119897 0
    endloop
  endfacet
  facet normal 0 0 -1
    outer loop
      vertex 7.5 1.5588457268119897 0
      vertex 7.711169821742839 1.6629831585203163 0
      vertex 7.699865921910657 1.490518974501746 0
    endloop
  endfacet
  facet normal -0.3932682623678613 0.5885675477331831 -0.7063485793639782
    outer loop
      vertex 7.066812470470902 1.7374438152378053 0.39
      vertex 7.5 1.5588457268119897 0
      vertex 7.304229427784303 1.4280360125242235 0
    endloop
  endfacet
  facet normal 0 0 -1
    outer loop
      vertex 7.934125718815463 1.0014552810214585 0
      vertex 7.923529678885999 1.5770021584255691 0
      vertex 7.934125718815463 1.7386664873203233 0
    endloop
  endfacet
  facet normal 0 0 -1
    outer loop
      vertex 7.934125718815463 1.0014552810214585 0
      vertex 7.934125718815463 1.7386664873203233 0
      vertex 8.154918054674528 1.629973593254331 0
    endloop
  endfacet
  facet normal 0 0 -1
    outer loop
      vertex 8.165052854003907 1.3371672920607147 0
      vertex 8.154918054674528 1.629973593254331 0
      vertex 8.165052854003907 1.784600750472859 0
    endloop
  endfacet
  facet normal -0.3130803169961162 0.6348640795793236 -0.7063485793639778
    outer loop
      vertex 7.5 1.5588457268119897 0
      vertex 7.305 1.8965956342879207 0.39
      vertex 7.711169821742839 1.6629831585203163 0
    endloop
  endfacet
  facet normal -0.2275354805983077 0.6702979110062832 -0.706348579363978
    outer loop
      vertex 7.5619232831204535 2.023296176199718 0.39
      vertex 7.934125718815463 1.7386664873203233 0
      vertex 7.711169821742839 1.6629831585203163 0
    endloop
  endfacet
  facet normal 0 0 -1
    outer loop
      vertex 7.711169821742839 1.6629831585203163 0
      vertex 7.934125718815463 1.7386664873203233 0
      vertex 7.923529678885999 1.5770021584255691 0
    endloop
  endfacet
  facet normal 0 0 -1
    outer loop
      vertex 8.154918054674528 1.629973593254331 0
      vertex 7.934125718815463 1.7386664873203233 0
      vertex 8.165052854003907 1.784600750472859 0
    endloop
  endfacet
  facet normal -0.39326826236786067 0.588567547733184 -0.7063485793639779
    outer loop
      vertex 7.066812470470902 1.7374438152378053 0.39
      vertex 7.305 1.8965956342879207 0.39
      vertex 7.5 1.5588457268119897 0
    endloop
  endfacet
  facet normal -0.1380974490427066 0.6942627593342359 -0.706348579363978
    outer loop
      vertex 7.83318629122548 2.11537755957306 0.39
      vertex 8.165052854003907 1.784600750472859 0
      vertex 7.934125718815463 1.7386664873203233 0
    endloop
  endfacet
  facet normal -0.04629653184613942 0.706348579363978 -0.7063485793639777
    outer loop
      vertex 8.114147639038087 2.171264246408645 0.39
      vertex 8.4 1.8000000000000003 0
      vertex 8.165052854003907 1.784600750472859 0
    endloop
  endfacet
  facet normal 0.046296531846139334 0.7063485793639778 -0.7063485793639779
    outer loop
      vertex 8.4 1.8000000000000003 0
      vertex 8.4 2.1900000000000004 0.39
      vertex 8.634947145996094 1.784600750472859 0
    endloop
  endfacet
  facet normal -0.3130803169961169 0.634864079579323 -0.7063485793639781
    outer loop
      vertex 7.305 1.8965956342879207 0.39
      vertex 7.5619232831204535 2.023296176199718 0.39
      vertex 7.711169821742839 1.6629831585203163 0
    endloop
  endfacet
  facet normal -0.22753548059830753 0.6702979110062834 -0.706348579363978
    outer loop
      vertex 7.5619232831204535 2.023296176199718 0.39
      vertex 7.83318629122548 2.11537755957306 0.39
      vertex 7.934125718815463 1.7386664873203233 0
    endloop
  endfacet
  facet normal -0.1380974490427059 0.6942627593342364 -0.7063485793639777
    outer loop
      vertex 7.83318629122548 2.11537755957306 0.39
      vertex 8.114147639038087 2.171264246408645 0.39
      vertex 8.165052854003907 1.784600750472859 0
    endloop
  endfacet
  facet normal -0.046296531846139924 0.7063485793639777 -0.7063485793639779
    outer loop
      vertex 8.114147639038087 2.171264246408645 0.39
      vertex 8.4 2.1900000000000004 0.39
      vertex 8.4 1.8000000000000003 0
    endloop
  endfacet
  facet normal 0 0 -1
    outer loop
      vertex 9.709033011480539 -0.7198643657665331 0
      vertex 9.672792206135787 0.4515285174951371 0
      vertex 9.811955058721937 0.850422628857583 0
    endloop
  endfacet
  facet normal 0 0 -1
    outer loop
      vertex 9.566726188957803 -0.3454625003171541 0
      vertex 9.495770572215697 0.08415267675073301 0
      vertex 9.658947812789597 1.0615675812603063 0
    endloop
  endfacet
  facet normal 0 0 -1
    outer loop
      vertex 9.709033011480539 -0.7198643657665331 0
      vertex 9.828036012524224 0.8111785801178418 0
      vertex 9.95884572681199 0.9000000000000001 0
    endloop
  endfacet
  facet normal 0 0 -1
    outer loop
      vertex 9.709033011480539 -0.7198643657665331 0
      vertex 9.95884572681199 0.9000000000000001 0
      vertex 9.95884572681199 -0.1059061744712596 0
    endloop
  endfacet
  facet normal 0 0 -1
    outer loop
      vertex 9.993777613376963 -0.3670424011095811 0
      vertex 9.95884572681199 -0.1059061744712596 0
      vertex 10.062983158520316 0.6888301782571618 0
    endloop
  endfacet
  facet normal 0 0 -1
    outer loop
      vertex 10.138666487320323 -0.4658742811845374 0
      vertex 10.138666487320323 0.4658742811845374 0
      vertex 10.184600750472859 0.23494714599609287 0
    endloop
  endfacet
  facet normal 0 0 -1
    outer loop
      vertex 10.184600750472859 -0.23494714599609287 0
      vertex 10.184600750472859 0.23494714599609287 0
      vertex 10.200000000000001 0 0
    endloop
  endfacet
  facet normal 0 0 -1
    outer loop
      vertex 10.062983158520316 -0.6888301782571618 0
      vertex 10.062983158520316 0.6888301782571618 0
      vertex 10.138666487320323 0.4658742811845374 0
    endloop
  endfacet
  facet normal 0.7063485793639765 0.046296531846142706 -0.706348579363979
    outer loop
      vertex 10.184600750472859 0.23494714599609287 0
      vertex 10.571264246408646 0.28585236096191297 0.39
      vertex 10.200000000000001 0 0
    endloop
  endfacet
  facet normal 0.706348579363979 0.046296531846136794 -0.7063485793639768
    outer loop
      vertex 10.200000000000001 0 0
      vertex 10.571264246408646 0.28585236096191297 0.39
      vertex 10.59 0 0.39
    endloop
  endfacet
  facet normal 0.6942627593342353 0.13809744904270574 -0.7063485793639788
    outer loop
      vertex 10.184600750472859 0.23494714599609287 0
      vertex 10.51537755957306 0.5668137087745204 0.39
      vertex 10.571264246408646 0.28585236096191297 0.39
    endloop
  endfacet
  facet normal 0 0 -1
    outer loop
      vertex 9.088830178257162 -0.6486080924680634 0
      vertex 9.088830178257162 1.6629831585203163 0
      vertex 9.225 0.4145668501920714 0
    endloop
  endfacet
  facet normal 0 0 -1
    outer loop
      vertex 8.634947145996094 -1.3371672920607147 0
      vertex 8.865874281184539 1.7386664873203233 0
      vertex 8.82705142441916 1.146344154964819 0
    endloop
  endfacet
  facet normal 0 0 -1
    outer loop
      vertex 8.865874281184539 -1.0014552810214585 0
      vertex 8.865874281184539 1.7386664873203233 0
      vertex 9.031427663402399 0.7871900223447572 0
    endloop
  endfacet
  facet normal 0 0 -1
    outer loop
      vertex 9.088830178257162 -0.6486080924680634 0
      vertex 9.031427663402399 0.7871900223447572 0
      vertex 9.088830178257162 1.6629831585203163 0
    endloop
  endfacet
  facet normal 0 0 -1
    outer loop
      vertex 9.3 -0.28466303962440564 0
      vertex 9.3 1.5588457268119897 0
      vertex 9.40445635786439 0.03485032429295343 0
    endloop
  endfacet
  facet normal 0 0 -1
    outer loop
      vertex 9.3 -0.28466303962440564 0
      vertex 9.225 0.4145668501920714 0
      vertex 9.3 1.5588457268119897 0
    endloop
  endfacet
  facet normal 0 0 -1
    outer loop
      vertex 8.865874281184539 -1.0014552810214585 0
      vertex 8.82705142441916 1.146344154964819 0
      vertex 8.865874281184539 1.7386664873203233 0
    endloop
  endfacet
  facet normal 0 0 -1
    outer loop
      vertex 8.634947145996094 -1.3371672920607147 0
      vertex 8.634947145996094 1.784600750472859 0
      vertex 8.865874281184539 1.7386664873203233 0
    endloop
  endfacet
  facet normal 0 0 -1
    outer loop
      vertex 9.495770572215697 0.08415267675073301 0
      vertex 9.672792206135787 1.272792206135786 0
      vertex 9.658947812789597 1.0615675812603063 0
    endloop
  endfacet
  facet normal 0 0 -1
    outer loop
      vertex 9.95884572681199 -0.1059061744712596 0
      vertex 9.95884572681199 0.9000000000000001 0
      vertex 10.062983158520316 0.6888301782571618 0
    endloop
  endfacet
  facet normal 0.6942627593342359 0.13809744904270482 -0.7063485793639784
    outer loop
      vertex 10.184600750472859 0.23494714599609287 0
      vertex 10.138666487320323 0.4658742811845374 0
      vertex 10.51537755957306 0.5668137087745204 0.39
    endloop
  endfacet
  facet normal 0.6702979110062826 0.22753548059830844 -0.7063485793639784
    outer loop
      vertex 10.138666487320323 0.4658742811845374 0
      vertex 10.062983158520316 0.6888301782571618 0
      vertex 10.423296176199718 0.8380767168795467 0.39
    endloop
  endfacet
  facet normal 0.6702979110062826 0.22753548059830836 -0.7063485793639783
    outer loop
      vertex 10.138666487320323 0.4658742811845374 0
      vertex 10.423296176199718 0.8380767168795467 0.39
      vertex 10.51537755957306 0.5668137087745204 0.39
    endloop
  endfacet
  facet normal 0 0 -1
    outer loop
      vertex 9.672792206135787 0.4515285174951371 0
      vertex 9.672792206135787 1.272792206135786 0
      vertex 9.811955058721937 0.850422628857583 0
    endloop
  endfacet
  facet normal 0 0 -1
    outer loop
      vertex 9.495770572215697 0.08415267675073301 0
      vertex 9.48343122237076 1.2397739141404092 0
      vertex 9.495770572215697 1.4280360125242235 0
    endloop
  endfacet
  facet normal 0 0 -1
    outer loop
      vertex 9.40445635786439 0.03485032429295343 0
      vertex 9.3 1.5588457268119897 0
      vertex 9.48343122237076 1.2397739141404092 0
    endloop
  endfacet
  facet normal 0 0 -1
    outer loop
      vertex 9.495770572215697 0.08415267675073301 0
      vertex 9.495770572215697 1.4280360125242235 0
      vertex 9.672792206135787 1.272792206135786 0
    endloop
  endfacet
  facet normal 0 0 -1
    outer loop
      vertex 9.672792206135787 0.4515285174951371 0
      vertex 9.658947812789597 1.0615675812603063 0
      vertex 9.672792206135787 1.272792206135786 0
    endloop
  endfacet
  facet normal 0 0 -1
    outer loop
      vertex 9.828036012524224 0.8111785801178418 0
      vertex 9.811955058721937 0.850422628857583 0
      vertex 9.828036012524224 1.0957705722156974 0
    endloop
  endfacet
  facet normal 0 0 -1
    outer loop
      vertex 9.811955058721937 0.850422628857583 0
      vertex 9.672792206135787 1.272792206135786 0
      vertex 9.828036012524224 1.0957705722156974 0
    endloop
  endfacet
  facet normal 0 0 -1
    outer loop
      vertex 9.225 0.4145668501920714 0
      vertex 9.088830178257162 1.6629831585203163 0
      vertex 9.3 1.5588457268119897 0
    endloop
  endfacet
  facet normal 0.6348640795793241 0.3130803169961148 -0.706348579363978
    outer loop
      vertex 9.95884572681199 0.9000000000000001 0
      vertex 10.296595634287922 1.0950000000000002 0.39
      vertex 10.062983158520316 0.6888301782571618 0
    endloop
  endfacet
  facet normal 0 0 -1
    outer loop
      vertex 9.828036012524224 0.8111785801178418 0
      vertex 9.828036012524224 1.0957705722156974 0
      vertex 9.95884572681199 0.9000000000000001 0
    endloop
  endfacet
  facet normal 0.6348640795793232 0.3130803169961156 -0.7063485793639783
    outer loop
      vertex 10.062983158520316 0.6888301782571618 0
      vertex 10.296595634287922 1.0950000000000002 0.39
      vertex 10.423296176199718 0.8380767168795467 0.39
    endloop
  endfacet
  facet normal 0.5885675477331849 0.3932682623678604 -0.7063485793639773
    outer loop
      vertex 9.828036012524224 1.0957705722156974 0
      vertex 10.137443815237805 1.3331875295290982 0.39
      vertex 9.95884572681199 0.9000000000000001 0
    endloop
  endfacet
  facet normal 0.5885675477331829 0.39326826236786183 -0.706348579363978
    outer loop
      vertex 9.95884572681199 0.9000000000000001 0
      vertex 10.137443815237805 1.3331875295290982 0.39
      vertex 10.296595634287922 1.0950000000000002 0.39
    endloop
  endfacet
  facet normal 0 0 -1
    outer loop
      vertex 9.031427663402399 0.7871900223447572 0
      vertex 8.865874281184539 1.7386664873203233 0
      vertex 9.088830178257162 1.6629831585203163 0
    endloop
  endfacet
  facet normal 0.5322004619635785 0.4667272787359288 -0.7063485793639769
    outer loop
      vertex 9.828036012524224 1.0957705722156974 0
      vertex 9.672792206135787 1.272792206135786 0
      vertex 9.94856385079854 1.5485638507985393 0.39
    endloop
  endfacet
  facet normal 0 0 -1
    outer loop
      vertex 9.48343122237076 1.2397739141404092 0
      vertex 9.3 1.5588457268119897 0
      vertex 9.495770572215697 1.4280360125242235 0
    endloop
  endfacet
  facet normal 0.4667272787359266 0.5322004619635785 -0.7063485793639782
    outer loop
      vertex 9.495770572215697 1.4280360125242235 0
      vertex 9.733187529529099 1.7374438152378053 0.39
      vertex 9.672792206135787 1.272792206135786 0
    endloop
  endfacet
  facet normal 0.46672727873593023 0.5322004619635768 -0.706348579363977
    outer loop
      vertex 9.672792206135787 1.272792206135786 0
      vertex 9.733187529529099 1.7374438152378053 0.39
      vertex 9.94856385079854 1.5485638507985393 0.39
    endloop
  endfacet
  facet normal 0.5322004619635772 0.4667272787359295 -0.7063485793639773
    outer loop
      vertex 9.828036012524224 1.0957705722156974 0
      vertex 9.94856385079854 1.5485638507985393 0.39
      vertex 10.137443815237805 1.3331875295290982 0.39
    endloop
  endfacet
  facet normal 0.39326826236786144 0.5885675477331834 -0.7063485793639779
    outer loop
      vertex 9.3 1.5588457268119897 0
      vertex 9.495000000000001 1.8965956342879207 0.39
      vertex 9.495770572215697 1.4280360125242235 0
    endloop
  endfacet
  facet normal 0.31308031699611605 0.6348640795793232 -0.706348579363978
    outer loop
      vertex 9.3 1.5588457268119897 0
      vertex 9.088830178257162 1.6629831585203163 0
      vertex 9.238076716879547 2.023296176199718 0.39
    endloop
  endfacet
  facet normal 0.3932682623678605 0.5885675477331838 -0.7063485793639781
    outer loop
      vertex 9.495770572215697 1.4280360125242235 0
      vertex 9.495000000000001 1.8965956342879207 0.39
      vertex 9.733187529529099 1.7374438152378053 0.39
    endloop
  endfacet
  facet normal 0.31308031699611694 0.6348640795793232 -0.7063485793639778
    outer loop
      vertex 9.3 1.5588457268119897 0
      vertex 9.238076716879547 2.023296176199718 0.39
      vertex 9.495000000000001 1.8965956342879207 0.39
    endloop
  endfacet
  facet normal 0.13809744904270613 0.6942627593342363 -0.7063485793639777
    outer loop
      vertex 8.634947145996094 1.784600750472859 0
      vertex 8.685852360961913 2.171264246408645 0.39
      vertex 8.865874281184539 1.7386664873203233 0
    endloop
  endfacet
  facet normal 0.22753548059830875 0.6702979110062837 -0.7063485793639774
    outer loop
      vertex 8.865874281184539 1.7386664873203233 0
      vertex 8.96681370877452 2.11537755957306 0.39
      vertex 9.088830178257162 1.6629831585203163 0
    endloop
  endfacet
  facet normal 0.2275354805983069 0.6702979110062834 -0.706348579363978
    outer loop
      vertex 9.088830178257162 1.6629831585203163 0
      vertex 8.96681370877452 2.11537755957306 0.39
      vertex 9.238076716879547 2.023296176199718 0.39
    endloop
  endfacet
  facet normal 0.13809744904270635 0.6942627593342364 -0.7063485793639777
    outer loop
      vertex 8.865874281184539 1.7386664873203233 0
      vertex 8.685852360961913 2.171264246408645 0.39
      vertex 8.96681370877452 2.11537755957306 0.39
    endloop
  endfacet
  facet normal 0.04629653184613988 0.706348579363978 -0.7063485793639778
    outer loop
      vertex 8.634947145996094 1.784600750472859 0
      vertex 8.4 2.1900000000000004 0.39
      vertex 8.685852360961913 2.171264246408645 0.39
    endloop
  endfacet
  facet normal 0 0 -1
    outer loop
      vertex 24.358096448796804 -2.032534971524831 0.39
      vertex 24.63318629122548 -2.11537755957306 0.39
      vertex 24.630598100774456 -2.1250368178359507 0.39
    endloop
  endfacet
  facet normal 0 0 -1
    outer loop
      vertex 24.358096448796804 -2.032534971524831 0.39
      vertex 24.361923283120458 -2.023296176199718 0.39
      vertex 24.63318629122548 -2.11537755957306 0.39
    endloop
  endfacet
  facet normal 0 0 -1
    outer loop
      vertex 24.361923283120458 -2.023296176199718 0.39
      vertex 24.1 -1.905255888325765 0.39
      vertex 24.105000000000004 -1.8965956342879207 0.39
    endloop
  endfacet
  facet normal 0 0 -1
    outer loop
      vertex 24.358096448796804 -2.032534971524831 0.39
      vertex 24.1 -1.905255888325765 0.39
      vertex 24.361923283120458 -2.023296176199718 0.39
    endloop
  endfacet
  facet normal 0 0 -1
    outer loop
      vertex 23.860724856180816 -1.7453773486407176 0.39
      vertex 24.105000000000004 -1.8965956342879207 0.39
      vertex 24.1 -1.905255888325765 0.39
    endloop
  endfacet
  facet normal 0 0 -1
    outer loop
      vertex 23.860724856180816 -1.7453773486407176 0.39
      vertex 23.644365081389598 -1.5556349186104048 0.39
      vertex 23.866812470470904 -1.7374438152378053 0.39
    endloop
  endfacet
  facet normal 0 0 -1
    outer loop
      vertex 23.860724856180816 -1.7453773486407176 0.39
      vertex 23.866812470470904 -1.7374438152378053 0.39
      vertex 24.105000000000004 -1.8965956342879207 0.39
    endloop
  endfacet
  facet normal -0.3214394653031623 -0.9469301294951055 1.434097567487568e-18
    outer loop
      vertex 24.358096448796804 -2.032534971524831 0.39
      vertex 24.630598100774456 -2.1250368178359507 0.39
      vertex 24.630598100774456 -2.1250368178359507 3.49
    endloop
  endfacet
  facet normal -0.44228869021900113 -0.8968727415326884 0
    outer loop
      vertex 24.358096448796804 -2.032534971524831 0.39
      vertex 24.358096448796804 -2.032534971524831 3.49
      vertex 24.1 -1.905255888325765 0.39
    endloop
  endfacet
  facet normal -0.65934581510007 -0.7518398074789764 0
    outer loop
      vertex 23.860724856180816 -1.7453773486407176 0.39
      vertex 23.860724856180816 -1.7453773486407176 3.49
      vertex 23.644365081389598 -1.5556349186104048 0.39
    endloop
  endfacet
  facet normal -0.5555702330196023 -0.8314696123025452 0
    outer loop
      vertex 23.860724856180816 -1.7453773486407176 0.39
      vertex 24.1 -1.905255888325765 0.39
      vertex 23.860724856180816 -1.7453773486407176 3.49
    endloop
  endfacet
  facet normal 0 0 -1
    outer loop
      vertex 24.630598100774456 -2.1250368178359507 0.39
      vertex 24.91414763903809 -2.171264246408645 0.39
      vertex 24.91284237711589 -2.181178695022383 0.39
    endloop
  endfacet
  facet normal 0 0 -1
    outer loop
      vertex 24.630598100774456 -2.1250368178359507 0.39
      vertex 24.63318629122548 -2.11537755957306 0.39
      vertex 24.91414763903809 -2.171264246408645 0.39
    endloop
  endfacet
  facet normal 0 0 -1
    outer loop
      vertex 24.91284237711589 -2.181178695022383 0.39
      vertex 25.200000000000003 -2.1900000000000004 0.39
      vertex 25.200000000000003 -2.2 0.39
    endloop
  endfacet
  facet normal 0 0 -1
    outer loop
      vertex 24.91284237711589 -2.181178695022383 0.39
      vertex 24.91414763903809 -2.171264246408645 0.39
      vertex 25.200000000000003 -2.1900000000000004 0.39
    endloop
  endfacet
  facet normal 0 0 -1
    outer loop
      vertex 25.200000000000003 -2.2 0.39
      vertex 25.200000000000003 -2.1900000000000004 0.39
      vertex 25.485852360961914 -2.171264246408645 0.39
    endloop
  endfacet
  facet normal 0 0 -1
    outer loop
      vertex 25.200000000000003 -2.2 0.39
      vertex 25.485852360961914 -2.171264246408645 0.39
      vertex 25.487157622884116 -2.181178695022383 0.39
    endloop
  endfacet
  facet normal 0 0 -1
    outer loop
      vertex 25.487157622884116 -2.181178695022383 0.39
      vertex 25.485852360961914 -2.171264246408645 0.39
      vertex 25.766813708774524 -2.11537755957306 0.39
    endloop
  endfacet
  facet normal 0 0 -1
    outer loop
      vertex 25.487157622884116 -2.181178695022383 0.39
      vertex 25.766813708774524 -2.11537755957306 0.39
      vertex 25.76940189922555 -2.1250368178359507 0.39
    endloop
  endfacet
  facet normal 0 0 -1
    outer loop
      vertex 25.766813708774524 -2.11537755957306 0.39
      vertex 26.038076716879548 -2.023296176199718 0.39
      vertex 25.76940189922555 -2.1250368178359507 0.39
    endloop
  endfacet
  facet normal 0 0 -1
    outer loop
      vertex 25.76940189922555 -2.1250368178359507 0.39
      vertex 26.038076716879548 -2.023296176199718 0.39
      vertex 26.0419035512032 -2.032534971524831 0.39
    endloop
  endfacet
  facet normal 0 0 -1
    outer loop
      vertex 26.0419035512032 -2.032534971524831 0.39
      vertex 26.038076716879548 -2.023296176199718 0.39
      vertex 26.295 -1.8965956342879207 0.39
    endloop
  endfacet
  facet normal 0 0 -1
    outer loop
      vertex 26.0419035512032 -2.032534971524831 0.39
      vertex 26.295 -1.8965956342879207 0.39
      vertex 26.300000000000004 -1.905255888325765 0.39
    endloop
  endfacet
  facet normal 0 0 -1
    outer loop
      vertex 26.295 -1.8965956342879207 0.39
      vertex 26.5331875295291 -1.7374438152378053 0.39
      vertex 26.300000000000004 -1.905255888325765 0.39
    endloop
  endfacet
  facet normal 0 0 -1
    outer loop
      vertex 26.300000000000004 -1.905255888325765 0.39
      vertex 26.5331875295291 -1.7374438152378053 0.39
      vertex 26.53927514381919 -1.7453773486407176 0.39
    endloop
  endfacet
  facet normal 0 0 -1
    outer loop
      vertex 26.53927514381919 -1.7453773486407176 0.39
      vertex 26.5331875295291 -1.7374438152378053 0.39
      vertex 26.748563850798543 -1.5485638507985393 0.39
    endloop
  endfacet
  facet normal -0.19509032201612556 -0.9807852804032311 3.5277924610017197e-19
    outer loop
      vertex 24.630598100774456 -2.1250368178359507 0.39
      vertex 24.91284237711589 -2.181178695022383 0.39
      vertex 24.91284237711589 -2.181178695022383 3.49
    endloop
  endfacet
  facet normal -0.06540312923014413 -0.9978589232386035 6.749486886423458e-20
    outer loop
      vertex 24.91284237711589 -2.181178695022383 0.39
      vertex 25.200000000000003 -2.2 0.39
      vertex 25.200000000000003 -2.2 3.49
    endloop
  endfacet
  facet normal 0.06540312923014413 -0.9978589232386035 0
    outer loop
      vertex 25.200000000000003 -2.2 0.39
      vertex 25.487157622884116 -2.181178695022383 0.39
      vertex 25.200000000000003 -2.2 3.49
    endloop
  endfacet
  facet normal 0.19509032201612556 -0.9807852804032311 0
    outer loop
      vertex 25.487157622884116 -2.181178695022383 0.39
      vertex 25.76940189922555 -2.1250368178359507 0.39
      vertex 25.487157622884116 -2.181178695022383 3.49
    endloop
  endfacet
  facet normal 0.3214394653031623 -0.9469301294951055 0
    outer loop
      vertex 25.76940189922555 -2.1250368178359507 0.39
      vertex 26.0419035512032 -2.032534971524831 0.39
      vertex 25.76940189922555 -2.1250368178359507 3.49
    endloop
  endfacet
  facet normal 0.44228869021900113 -0.8968727415326884 -6.80835031478182e-19
    outer loop
      vertex 26.0419035512032 -2.032534971524831 0.39
      vertex 26.300000000000004 -1.905255888325765 0.39
      vertex 26.300000000000004 -1.905255888325765 3.49
    endloop
  endfacet
  facet normal 0.5555702330196023 -0.8314696123025452 -2.2886641144928184e-18
    outer loop
      vertex 26.300000000000004 -1.905255888325765 0.39
      vertex 26.53927514381919 -1.7453773486407176 0.39
      vertex 26.53927514381919 -1.7453773486407176 3.49
    endloop
  endfacet
  facet normal -0.3214394653031623 -0.9469301294951055 0
    outer loop
      vertex 24.358096448796804 -2.032534971524831 0.39
      vertex 24.630598100774456 -2.1250368178359507 3.49
      vertex 24.358096448796804 -2.032534971524831 3.49
    endloop
  endfacet
  facet normal -0.44228869021900113 -0.8968727415326884 0
    outer loop
      vertex 24.1 -1.905255888325765 0.39
      vertex 24.358096448796804 -2.032534971524831 3.49
      vertex 24.1 -1.905255888325765 3.49
    endloop
  endfacet
  facet normal -0.5555702330196023 -0.8314696123025452 0
    outer loop
      vertex 24.1 -1.905255888325765 0.39
      vertex 24.1 -1.905255888325765 3.49
      vertex 23.860724856180816 -1.7453773486407176 3.49
    endloop
  endfacet
  facet normal -0.19509032201612556 -0.9807852804032311 0
    outer loop
      vertex 24.630598100774456 -2.1250368178359507 0.39
      vertex 24.91284237711589 -2.181178695022383 3.49
      vertex 24.630598100774456 -2.1250368178359507 3.49
    endloop
  endfacet
  facet normal -0.06540312923014413 -0.9978589232386035 0
    outer loop
      vertex 24.91284237711589 -2.181178695022383 0.39
      vertex 25.200000000000003 -2.2 3.49
      vertex 24.91284237711589 -2.181178695022383 3.49
    endloop
  endfacet
  facet normal 0.06540312923014413 -0.9978589232386035 0
    outer loop
      vertex 25.487157622884116 -2.181178695022383 0.39
      vertex 25.487157622884116 -2.181178695022383 3.49
      vertex 25.200000000000003 -2.2 3.49
    endloop
  endfacet
  facet normal 0.19509032201612556 -0.9807852804032311 0
    outer loop
      vertex 25.76940189922555 -2.1250368178359507 0.39
      vertex 25.76940189922555 -2.1250368178359507 3.49
      vertex 25.487157622884116 -2.181178695022383 3.49
    endloop
  endfacet
  facet normal 0.3214394653031623 -0.9469301294951055 0
    outer loop
      vertex 26.0419035512032 -2.032534971524831 0.39
      vertex 26.0419035512032 -2.032534971524831 3.49
      vertex 25.76940189922555 -2.1250368178359507 3.49
    endloop
  endfacet
  facet normal 0.44228869021900113 -0.8968727415326884 0
    outer loop
      vertex 26.0419035512032 -2.032534971524831 0.39
      vertex 26.300000000000004 -1.905255888325765 3.49
      vertex 26.0419035512032 -2.032534971524831 3.49
    endloop
  endfacet
  facet normal 0.5555702330196023 -0.8314696123025452 0
    outer loop
      vertex 26.300000000000004 -1.905255888325765 0.39
      vertex 26.53927514381919 -1.7453773486407176 3.49
      vertex 26.300000000000004 -1.905255888325765 3.49
    endloop
  endfacet
  facet normal 0.65934581510007 -0.7518398074789764 0
    outer loop
      vertex 26.53927514381919 -1.7453773486407176 0.39
      vertex 26.755634918610408 -1.5556349186104048 3.49
      vertex 26.53927514381919 -1.7453773486407176 3.49
    endloop
  endfacet
  facet normal 0 0 -1
    outer loop
      vertex 23.866812470470904 -1.7374438152378053 0.39
      vertex 23.644365081389598 -1.5556349186104048 0.39
      vertex 23.651436149201462 -1.5485638507985393 0.39
    endloop
  endfacet
  facet normal 0 0 -1
    outer loop
      vertex 23.454622651359287 -1.3392751438191854 0.39
      vertex 23.651436149201462 -1.5485638507985393 0.39
      vertex 23.644365081389598 -1.5556349186104048 0.39
    endloop
  endfacet
  facet normal 0 0 -1
    outer loop
      vertex 23.454622651359287 -1.3392751438191854 0.39
      vertex 23.462556184762196 -1.3331875295290982 0.39
      vertex 23.651436149201462 -1.5485638507985393 0.39
    endloop
  endfacet
  facet normal 0 0 -1
    outer loop
      vertex 23.454622651359287 -1.3392751438191854 0.39
      vertex 23.294744111674238 -1.1 0.39
      vertex 23.462556184762196 -1.3331875295290982 0.39
    endloop
  endfacet
  facet normal 0 0 -1
    outer loop
      vertex 23.462556184762196 -1.3331875295290982 0.39
      vertex 23.294744111674238 -1.1 0.39
      vertex 23.303404365712083 -1.0950000000000002 0.39
    endloop
  endfacet
  facet normal 0 0 -1
    outer loop
      vertex 23.16746502847517 -0.8419035512031976 0.39
      vertex 23.303404365712083 -1.0950000000000002 0.39
      vertex 23.294744111674238 -1.1 0.39
    endloop
  endfacet
  facet normal 0 0 -1
    outer loop
      vertex 23.16746502847517 -0.8419035512031976 0.39
      vertex 23.176703823800285 -0.8380767168795467 0.39
      vertex 23.303404365712083 -1.0950000000000002 0.39
    endloop
  endfacet
  facet normal -0.7518398074789813 -0.6593458151000644 -1.5023762470358981e-18
    outer loop
      vertex 23.454622651359287 -1.3392751438191854 0.39
      vertex 23.644365081389598 -1.5556349186104048 0.39
      vertex 23.644365081389598 -1.5556349186104048 3.49
    endloop
  endfacet
  facet normal -0.8314696123025422 -0.5555702330196067 0
    outer loop
      vertex 23.454622651359287 -1.3392751438191854 0.39
      vertex 23.454622651359287 -1.3392751438191854 3.49
      vertex 23.294744111674238 -1.1 0.39
    endloop
  endfacet
  facet normal -0.8968727415326868 -0.44228869021900424 -1.617083357773454e-18
    outer loop
      vertex 23.16746502847517 -0.8419035512031976 0.39
      vertex 23.294744111674238 -1.1 0.39
      vertex 23.294744111674238 -1.1 3.49
    endloop
  endfacet
  facet normal 0 0 -1
    outer loop
      vertex 23.16746502847517 -0.8419035512031976 0.39
      vertex 23.07496318216405 -0.5694018992255456 0.39
      vertex 23.176703823800285 -0.8380767168795467 0.39
    endloop
  endfacet
  facet normal 0 0 -1
    outer loop
      vertex 23.176703823800285 -0.8380767168795467 0.39
      vertex 23.07496318216405 -0.5694018992255456 0.39
      vertex 23.084622440426944 -0.5668137087745204 0.39
    endloop
  endfacet
  facet normal 0 0 -1
    outer loop
      vertex 23.07496318216405 -0.5694018992255456 0.39
      vertex 23.01882130497762 -0.2871576228841135 0.39
      vertex 23.084622440426944 -0.5668137087745204 0.39
    endloop
  endfacet
  facet normal 0 0 -1
    outer loop
      vertex 23.084622440426944 -0.5668137087745204 0.39
      vertex 23.01882130497762 -0.2871576228841135 0.39
      vertex 23.02873575359136 -0.28585236096191297 0.39
    endloop
  endfacet
  facet normal 0 0 -1
    outer loop
      vertex 23.01882130497762 -0.2871576228841135 0.39
      vertex 23.000000000000004 0 0.39
      vertex 23.02873575359136 -0.28585236096191297 0.39
    endloop
  endfacet
  facet normal 0 0 -1
    outer loop
      vertex 23.02873575359136 -0.28585236096191297 0.39
      vertex 23.000000000000004 0 0.39
      vertex 23.01 0 0.39
    endloop
  endfacet
  facet normal -0.9469301294951057 -0.32143946530316136 0
    outer loop
      vertex 23.16746502847517 -0.8419035512031976 0.39
      vertex 23.16746502847517 -0.8419035512031976 3.49
      vertex 23.07496318216405 -0.5694018992255456 0.39
    endloop
  endfacet
  facet normal -0.9807852804032319 -0.19509032201612064 0
    outer loop
      vertex 23.07496318216405 -0.5694018992255456 0.39
      vertex 23.07496318216405 -0.5694018992255456 3.49
      vertex 23.01882130497762 -0.2871576228841135 0.39
    endloop
  endfacet
  facet normal -0.9978589232386035 -0.06540312923014398 0
    outer loop
      vertex 23.01882130497762 -0.2871576228841135 0.39
      vertex 23.01882130497762 -0.2871576228841135 3.49
      vertex 23.000000000000004 0 0.39
    endloop
  endfacet
  facet normal 0 0 -1
    outer loop
      vertex 26.53927514381919 -1.7453773486407176 0.39
      vertex 26.748563850798543 -1.5485638507985393 0.39
      vertex 26.755634918610408 -1.5556349186104048 0.39
    endloop
  endfacet
  facet normal 0 0 -1
    outer loop
      vertex 26.748563850798543 -1.5485638507985393 0.39
      vertex 26.93744381523781 -1.3331875295290982 0.39
      vertex 26.755634918610408 -1.5556349186104048 0.39
    endloop
  endfacet
  facet normal 0 0 -1
    outer loop
      vertex 26.755634918610408 -1.5556349186104048 0.39
      vertex 26.93744381523781 -1.3331875295290982 0.39
      vertex 26.94537734864072 -1.3392751438191854 0.39
    endloop
  endfacet
  facet normal 0 0 -1
    outer loop
      vertex 26.93744381523781 -1.3331875295290982 0.39
      vertex 27.096595634287922 -1.095 0.39
      vertex 26.94537734864072 -1.3392751438191854 0.39
    endloop
  endfacet
  facet normal 0 0 -1
    outer loop
      vertex 26.94537734864072 -1.3392751438191854 0.39
      vertex 27.096595634287922 -1.095 0.39
      vertex 27.105255888325768 -1.1 0.39
    endloop
  endfacet
  facet normal 0 0 -1
    outer loop
      vertex 27.096595634287922 -1.095 0.39
      vertex 27.22329617619972 -0.8380767168795467 0.39
      vertex 27.105255888325768 -1.1 0.39
    endloop
  endfacet
  facet normal 0 0 -1
    outer loop
      vertex 27.105255888325768 -1.1 0.39
      vertex 27.22329617619972 -0.8380767168795467 0.39
      vertex 27.232534971524835 -0.8419035512031976 0.39
    endloop
  endfacet
  facet normal 0.65934581510007 -0.7518398074789764 1.6935954889362359e-18
    outer loop
      vertex 26.53927514381919 -1.7453773486407176 0.39
      vertex 26.755634918610408 -1.5556349186104048 0.39
      vertex 26.755634918610408 -1.5556349186104048 3.49
    endloop
  endfacet
  facet normal 0.7518398074789813 -0.6593458151000644 1.5023762470358981e-18
    outer loop
      vertex 26.755634918610408 -1.5556349186104048 0.39
      vertex 26.94537734864072 -1.3392751438191854 0.39
      vertex 26.94537734864072 -1.3392751438191854 3.49
    endloop
  endfacet
  facet normal 0.8314696123025422 -0.5555702330196067 0
    outer loop
      vertex 26.94537734864072 -1.3392751438191854 0.39
      vertex 27.105255888325768 -1.1 0.39
      vertex 26.94537734864072 -1.3392751438191854 3.49
    endloop
  endfacet
  facet normal 0.8968727415326868 -0.44228869021900424 0
    outer loop
      vertex 27.105255888325768 -1.1 0.39
      vertex 27.232534971524835 -0.8419035512031976 0.39
      vertex 27.105255888325768 -1.1 3.49
    endloop
  endfacet
  facet normal 0 0 -1
    outer loop
      vertex 27.22329617619972 -0.8380767168795467 0.39
      vertex 27.31537755957306 -0.5668137087745204 0.39
      vertex 27.232534971524835 -0.8419035512031976 0.39
    endloop
  endfacet
  facet normal 0 0 -1
    outer loop
      vertex 27.232534971524835 -0.8419035512031976 0.39
      vertex 27.31537755957306 -0.5668137087745204 0.39
      vertex 27.325036817835954 -0.5694018992255456 0.39
    endloop
  endfacet
  facet normal 0 0 -1
    outer loop
      vertex 27.325036817835954 -0.5694018992255456 0.39
      vertex 27.31537755957306 -0.5668137087745204 0.39
      vertex 27.371264246408646 -0.28585236096191297 0.39
    endloop
  endfacet
  facet normal 0 0 -1
    outer loop
      vertex 27.325036817835954 -0.5694018992255456 0.39
      vertex 27.371264246408646 -0.28585236096191297 0.39
      vertex 27.381178695022385 -0.2871576228841135 0.39
    endloop
  endfacet
  facet normal 0 0 -1
    outer loop
      vertex 27.371264246408646 -0.28585236096191297 0.39
      vertex 27.390000000000004 0 0.39
      vertex 27.381178695022385 -0.2871576228841135 0.39
    endloop
  endfacet
  facet normal 0 0 -1
    outer loop
      vertex 27.381178695022385 -0.2871576228841135 0.39
      vertex 27.390000000000004 0 0.39
      vertex 27.400000000000002 0 0.39
    endloop
  endfacet
  facet normal 0.9469301294951057 -0.32143946530316136 0
    outer loop
      vertex 27.232534971524835 -0.8419035512031976 0.39
      vertex 27.325036817835954 -0.5694018992255456 0.39
      vertex 27.232534971524835 -0.8419035512031976 3.49
    endloop
  endfacet
  facet normal 0.9807852804032319 -0.19509032201612064 0
    outer loop
      vertex 27.325036817835954 -0.5694018992255456 0.39
      vertex 27.381178695022385 -0.2871576228841135 0.39
      vertex 27.325036817835954 -0.5694018992255456 3.49
    endloop
  endfacet
  facet normal 0.9978589232386035 -0.06540312923014398 0
    outer loop
      vertex 27.381178695022385 -0.2871576228841135 0.39
      vertex 27.400000000000002 0 0.39
      vertex 27.381178695022385 -0.2871576228841135 3.49
    endloop
  endfacet
  facet normal 0.9978589232386034 -0.06540312923014491 1.1614375763179767e-16
    outer loop
      vertex 27.381178695022385 -0.2871576228841135 3.49
      vertex 27.400000000000002 0 0.39
      vertex 27.400000000000002 0 0.4
    endloop
  endfacet
  facet normal -0.65934581510007 -0.7518398074789764 0
    outer loop
      vertex 23.644365081389598 -1.5556349186104048 0.39
      vertex 23.860724856180816 -1.7453773486407176 3.49
      vertex 23.644365081389598 -1.5556349186104048 3.49
    endloop
  endfacet
  facet normal -0.7518398074789813 -0.6593458151000644 0
    outer loop
      vertex 23.454622651359287 -1.3392751438191854 0.39
      vertex 23.644365081389598 -1.5556349186104048 3.49
      vertex 23.454622651359287 -1.3392751438191854 3.49
    endloop
  endfacet
  facet normal -0.8968727415326868 -0.44228869021900424 0
    outer loop
      vertex 23.16746502847517 -0.8419035512031976 0.39
      vertex 23.294744111674238 -1.1 3.49
      vertex 23.16746502847517 -0.8419035512031976 3.49
    endloop
  endfacet
  facet normal -0.8314696123025422 -0.5555702330196067 0
    outer loop
      vertex 23.294744111674238 -1.1 0.39
      vertex 23.454622651359287 -1.3392751438191854 3.49
      vertex 23.294744111674238 -1.1 3.49
    endloop
  endfacet
  facet normal -0.9469301294951057 -0.32143946530316136 0
    outer loop
      vertex 23.07496318216405 -0.5694018992255456 0.39
      vertex 23.16746502847517 -0.8419035512031976 3.49
      vertex 23.07496318216405 -0.5694018992255456 3.49
    endloop
  endfacet
  facet normal -0.9807852804032319 -0.19509032201612064 0
    outer loop
      vertex 23.01882130497762 -0.2871576228841135 0.39
      vertex 23.07496318216405 -0.5694018992255456 3.49
      vertex 23.01882130497762 -0.2871576228841135 3.49
    endloop
  endfacet
  facet normal -0.9978589232386035 -0.06540312923014398 -3.746572826832041e-19
    outer loop
      vertex 23.01882130497762 -0.2871576228841135 3.49
      vertex 23.000000000000004 0 3.49
      vertex 23.000000000000004 0 0.39
    endloop
  endfacet
  facet normal 0.7518398074789813 -0.6593458151000644 0
    outer loop
      vertex 26.755634918610408 -1.5556349186104048 0.39
      vertex 26.94537734864072 -1.3392751438191854 3.49
      vertex 26.755634918610408 -1.5556349186104048 3.49
    endloop
  endfacet
  facet normal 0.8314696123025422 -0.5555702330196067 0
    outer loop
      vertex 27.105255888325768 -1.1 0.39
      vertex 27.105255888325768 -1.1 3.49
      vertex 26.94537734864072 -1.3392751438191854 3.49
    endloop
  endfacet
  facet normal 0.8968727415326868 -0.44228869021900424 0
    outer loop
      vertex 27.232534971524835 -0.8419035512031976 0.39
      vertex 27.232534971524835 -0.8419035512031976 3.49
      vertex 27.105255888325768 -1.1 3.49
    endloop
  endfacet
  facet normal 0.9469301294951057 -0.32143946530316136 0
    outer loop
      vertex 27.325036817835954 -0.5694018992255456 0.39
      vertex 27.325036817835954 -0.5694018992255456 3.49
      vertex 27.232534971524835 -0.8419035512031976 3.49
    endloop
  endfacet
  facet normal 0.9807852804032319 -0.19509032201612064 0
    outer loop
      vertex 27.381178695022385 -0.2871576228841135 0.39
      vertex 27.381178695022385 -0.2871576228841135 3.49
      vertex 27.325036817835954 -0.5694018992255456 3.49
    endloop
  endfacet
  facet normal 0.9978589232386035 -0.06540312923014398 3.758697657986837e-19
    outer loop
      vertex 27.381178695022385 -0.2871576228841135 3.49
      vertex 27.400000000000002 0 0.4
      vertex 27.400000000000002 0 3.49
    endloop
  endfacet
  facet normal 0 0 1
    outer loop
      vertex 24.358096448796804 -2.032534971524831 3.49
      vertex 24.630598100774456 -2.1250368178359507 3.49
      vertex 24.568572336597605 -1.524401228643623 3.49
    endloop
  endfacet
  facet normal 0 0 1
    outer loop
      vertex 24.358096448796804 -2.032534971524831 3.49
      vertex 24.195543642135615 -1.309033011480538 3.49
      vertex 24.1 -1.905255888325765 3.49
    endloop
  endfacet
  facet normal 0 0 1
    outer loop
      vertex 24.358096448796804 -2.032534971524831 3.49
      vertex 24.568572336597605 -1.524401228643623 3.49
      vertex 24.375000000000004 -1.4289419162443235 3.49
    endloop
  endfacet
  facet normal 0 0 1
    outer loop
      vertex 24.630598100774456 -2.1250368178359507 3.49
      vertex 24.91284237711589 -2.181178695022383 3.49
      vertex 24.772948575580845 -1.5937776133769626 3.49
    endloop
  endfacet
  facet normal 0 0 1
    outer loop
      vertex 24.91284237711589 -2.181178695022383 3.49
      vertex 25.200000000000003 -2.2 3.49
      vertex 24.984631782836917 -1.6358840212667871 3.49
    endloop
  endfacet
  facet normal 0 0 1
    outer loop
      vertex 24.984631782836917 -1.6358840212667871 3.49
      vertex 25.200000000000003 -2.2 3.49
      vertex 25.200000000000003 -1.65 3.49
    endloop
  endfacet
  facet normal 0 0 1
    outer loop
      vertex 25.200000000000003 -2.2 3.49
      vertex 25.487157622884116 -2.181178695022383 3.49
      vertex 25.200000000000003 -1.65 3.49
    endloop
  endfacet
  facet normal 0 0 1
    outer loop
      vertex 25.487157622884116 -2.181178695022383 3.49
      vertex 25.76940189922555 -2.1250368178359507 3.49
      vertex 25.41536821716309 -1.6358840212667871 3.49
    endloop
  endfacet
  facet normal 0 0 1
    outer loop
      vertex 25.62705142441916 -1.5937776133769626 3.49
      vertex 25.76940189922555 -2.1250368178359507 3.49
      vertex 26.0419035512032 -2.032534971524831 3.49
    endloop
  endfacet
  facet normal 0 0 1
    outer loop
      vertex 24.630598100774456 -2.1250368178359507 3.49
      vertex 24.772948575580845 -1.5937776133769626 3.49
      vertex 24.568572336597605 -1.524401228643623 3.49
    endloop
  endfacet
  facet normal 0 0 1
    outer loop
      vertex 24.91284237711589 -2.181178695022383 3.49
      vertex 24.984631782836917 -1.6358840212667871 3.49
      vertex 24.772948575580845 -1.5937776133769626 3.49
    endloop
  endfacet
  facet normal 0 0 1
    outer loop
      vertex 25.487157622884116 -2.181178695022383 3.49
      vertex 25.41536821716309 -1.6358840212667871 3.49
      vertex 25.200000000000003 -1.65 3.49
    endloop
  endfacet
  facet normal 0 0 1
    outer loop
      vertex 25.41536821716309 -1.6358840212667871 3.49
      vertex 25.76940189922555 -2.1250368178359507 3.49
      vertex 25.62705142441916 -1.5937776133769626 3.49
    endloop
  endfacet
  facet normal 0 0 1
    outer loop
      vertex 25.62705142441916 -1.5937776133769626 3.49
      vertex 26.0419035512032 -2.032534971524831 3.49
      vertex 25.8314276634024 -1.524401228643623 3.49
    endloop
  endfacet
  facet normal 0 0 1
    outer loop
      vertex 26.0419035512032 -2.032534971524831 3.49
      vertex 26.300000000000004 -1.905255888325765 3.49
      vertex 26.025000000000002 -1.4289419162443235 3.49
    endloop
  endfacet
  facet normal 0 0 1
    outer loop
      vertex 26.0419035512032 -2.032534971524831 3.49
      vertex 26.025000000000002 -1.4289419162443235 3.49
      vertex 25.8314276634024 -1.524401228643623 3.49
    endloop
  endfacet
  facet normal 0 0 1
    outer loop
      vertex 26.20445635786439 -1.309033011480538 3.49
      vertex 26.300000000000004 -1.905255888325765 3.49
      vertex 26.53927514381919 -1.7453773486407176 3.49
    endloop
  endfacet
  facet normal 0 0 1
    outer loop
      vertex 23.860724856180816 -1.7453773486407176 3.49
      vertex 24.1 -1.905255888325765 3.49
      vertex 24.0332738110422 -1.1667261889578033 3.49
    endloop
  endfacet
  facet normal 0 0 1
    outer loop
      vertex 24.358096448796804 -2.032534971524831 3.49
      vertex 24.375000000000004 -1.4289419162443235 3.49
      vertex 24.195543642135615 -1.309033011480538 3.49
    endloop
  endfacet
  facet normal 0 0 1
    outer loop
      vertex 24.0332738110422 -1.1667261889578033 3.49
      vertex 24.1 -1.905255888325765 3.49
      vertex 24.195543642135615 -1.309033011480538 3.49
    endloop
  endfacet
  facet normal 0 0 1
    outer loop
      vertex 23.860724856180816 -1.7453773486407176 3.49
      vertex 23.77105808375568 -0.825 3.49
      vertex 23.644365081389598 -1.5556349186104048 3.49
    endloop
  endfacet
  facet normal 0 0 1
    outer loop
      vertex 23.860724856180816 -1.7453773486407176 3.49
      vertex 24.0332738110422 -1.1667261889578033 3.49
      vertex 23.890966988519466 -1.004456357864389 3.49
    endloop
  endfacet
  facet normal 0 0 1
    outer loop
      vertex 23.860724856180816 -1.7453773486407176 3.49
      vertex 23.890966988519466 -1.004456357864389 3.49
      vertex 23.77105808375568 -0.825 3.49
    endloop
  endfacet
  facet normal 0 0 1
    outer loop
      vertex 23.644365081389598 -1.5556349186104048 3.49
      vertex 23.77105808375568 -0.825 3.49
      vertex 23.67559877135638 -0.6314276634023981 3.49
    endloop
  endfacet
  facet normal 0 0 1
    outer loop
      vertex 23.644365081389598 -1.5556349186104048 3.49
      vertex 23.67559877135638 -0.6314276634023981 3.49
      vertex 23.606222386623042 -0.4270514244191592 3.49
    endloop
  endfacet
  facet normal 0 0 1
    outer loop
      vertex 23.644365081389598 -1.5556349186104048 3.49
      vertex 23.606222386623042 -0.4270514244191592 3.49
      vertex 23.564115978733216 -0.21536821716308507 3.49
    endloop
  endfacet
  facet normal 0 0 1
    outer loop
      vertex 23.454622651359287 -1.3392751438191854 3.49
      vertex 23.644365081389598 -1.5556349186104048 3.49
      vertex 23.454622651359287 1.3392751438191854 3.49
    endloop
  endfacet
  facet normal 0 0 1
    outer loop
      vertex 23.644365081389598 -1.5556349186104048 3.49
      vertex 23.564115978733216 -0.21536821716308507 3.49
      vertex 23.550000000000004 0 3.49
    endloop
  endfacet
  facet normal 0 0 1
    outer loop
      vertex 23.454622651359287 -1.3392751438191854 3.49
      vertex 23.294744111674238 1.1 3.49
      vertex 23.294744111674238 -1.1 3.49
    endloop
  endfacet
  facet normal 0 0 1
    outer loop
      vertex 23.16746502847517 -0.8419035512031976 3.49
      vertex 23.294744111674238 -1.1 3.49
      vertex 23.16746502847517 0.8419035512031976 3.49
    endloop
  endfacet
  facet normal 0 0 1
    outer loop
      vertex 23.16746502847517 -0.8419035512031976 3.49
      vertex 23.07496318216405 0.5694018992255456 3.49
      vertex 23.07496318216405 -0.5694018992255456 3.49
    endloop
  endfacet
  facet normal 0 0 1
    outer loop
      vertex 23.07496318216405 -0.5694018992255456 3.49
      vertex 23.01882130497762 0.2871576228841135 3.49
      vertex 23.01882130497762 -0.2871576228841135 3.49
    endloop
  endfacet
  facet normal 0 0 1
    outer loop
      vertex 23.644365081389598 -1.5556349186104048 3.49
      vertex 23.550000000000004 0 3.49
      vertex 23.454622651359287 1.3392751438191854 3.49
    endloop
  endfacet
  facet normal 0 0 1
    outer loop
      vertex 26.025000000000002 -1.4289419162443235 3.49
      vertex 26.300000000000004 -1.905255888325765 3.49
      vertex 26.20445635786439 -1.309033011480538 3.49
    endloop
  endfacet
  facet normal 0 0 1
    outer loop
      vertex 26.53927514381919 -1.7453773486407176 3.49
      vertex 26.755634918610408 -1.5556349186104048 3.49
      vertex 26.50903301148054 -1.004456357864389 3.49
    endloop
  endfacet
  facet normal 0 0 1
    outer loop
      vertex 26.20445635786439 -1.309033011480538 3.49
      vertex 26.53927514381919 -1.7453773486407176 3.49
      vertex 26.366726188957806 -1.1667261889578033 3.49
    endloop
  endfacet
  facet normal 0 0 1
    outer loop
      vertex 26.53927514381919 -1.7453773486407176 3.49
      vertex 26.50903301148054 -1.004456357864389 3.49
      vertex 26.366726188957806 -1.1667261889578033 3.49
    endloop
  endfacet
  facet normal 0 0 1
    outer loop
      vertex 26.755634918610408 -1.5556349186104048 3.49
      vertex 26.94537734864072 -1.3392751438191854 3.49
      vertex 26.724401228643625 -0.6314276634023981 3.49
    endloop
  endfacet
  facet normal 0 0 1
    outer loop
      vertex 26.755634918610408 -1.5556349186104048 3.49
      vertex 26.628941916244326 -0.825 3.49
      vertex 26.50903301148054 -1.004456357864389 3.49
    endloop
  endfacet
  facet normal 0 0 1
    outer loop
      vertex 26.755634918610408 -1.5556349186104048 3.49
      vertex 26.724401228643625 -0.6314276634023981 3.49
      vertex 26.628941916244326 -0.825 3.49
    endloop
  endfacet
  facet normal 0 0 1
    outer loop
      vertex 26.94537734864072 -1.3392751438191854 3.49
      vertex 26.793777613376964 -0.4270514244191592 3.49
      vertex 26.724401228643625 -0.6314276634023981 3.49
    endloop
  endfacet
  facet normal 0 0 1
    outer loop
      vertex 26.94537734864072 -1.3392751438191854 3.49
      vertex 26.83588402126679 -0.21536821716308507 3.49
      vertex 26.793777613376964 -0.4270514244191592 3.49
    endloop
  endfacet
  facet normal 0 0 1
    outer loop
      vertex 26.94537734864072 -1.3392751438191854 3.49
      vertex 26.85 0 3.49
      vertex 26.83588402126679 -0.21536821716308507 3.49
    endloop
  endfacet
  facet normal 0 0 1
    outer loop
      vertex 26.94537734864072 -1.3392751438191854 3.49
      vertex 27.105255888325768 -1.1 3.49
      vertex 26.94537734864072 1.3392751438191854 3.49
    endloop
  endfacet
  facet normal 0 0 1
    outer loop
      vertex 27.105255888325768 -1.1 3.49
      vertex 27.232534971524835 -0.8419035512031976 3.49
      vertex 27.105255888325768 1.1 3.49
    endloop
  endfacet
  facet normal 0 0 1
    outer loop
      vertex 27.232534971524835 -0.8419035512031976 3.49
      vertex 27.325036817835954 -0.5694018992255456 3.49
      vertex 27.232534971524835 0.8419035512031976 3.49
    endloop
  endfacet
  facet normal 0 0 1
    outer loop
      vertex 27.325036817835954 -0.5694018992255456 3.49
      vertex 27.381178695022385 -0.2871576228841135 3.49
      vertex 27.325036817835954 0.5694018992255456 3.49
    endloop
  endfacet
  facet normal 0 0 -1
    outer loop
      vertex 23.000000000000004 0 0.39
      vertex 23.01882130497762 0.2871576228841135 0.39
      vertex 23.01 0 0.39
    endloop
  endfacet
  facet normal 0 0 -1
    outer loop
      vertex 23.01 0 0.39
      vertex 23.01882130497762 0.2871576228841135 0.39
      vertex 23.02873575359136 0.28585236096191297 0.39
    endloop
  endfacet
  facet normal 0 0 -1
    outer loop
      vertex 23.01882130497762 0.2871576228841135 0.39
      vertex 23.07496318216405 0.5694018992255456 0.39
      vertex 23.02873575359136 0.28585236096191297 0.39
    endloop
  endfacet
  facet normal 0 0 -1
    outer loop
      vertex 23.02873575359136 0.28585236096191297 0.39
      vertex 23.07496318216405 0.5694018992255456 0.39
      vertex 23.084622440426944 0.5668137087745204 0.39
    endloop
  endfacet
  facet normal 0 0 -1
    outer loop
      vertex 23.084622440426944 0.5668137087745204 0.39
      vertex 23.07496318216405 0.5694018992255456 0.39
      vertex 23.16746502847517 0.8419035512031976 0.39
    endloop
  endfacet
  facet normal 0 0 -1
    outer loop
      vertex 23.084622440426944 0.5668137087745204 0.39
      vertex 23.16746502847517 0.8419035512031976 0.39
      vertex 23.176703823800285 0.8380767168795467 0.39
    endloop
  endfacet
  facet normal -0.9978589232386035 0.06540312923014398 3.746572826832041e-19
    outer loop
      vertex 23.000000000000004 0 0.39
      vertex 23.01882130497762 0.2871576228841135 3.49
      vertex 23.01882130497762 0.2871576228841135 0.39
    endloop
  endfacet
  facet normal -0.9807852804032319 0.19509032201612064 9.670574681499056e-19
    outer loop
      vertex 23.01882130497762 0.2871576228841135 0.39
      vertex 23.07496318216405 0.5694018992255456 3.49
      vertex 23.07496318216405 0.5694018992255456 0.39
    endloop
  endfacet
  facet normal -0.9469301294951057 0.32143946530316136 -3.4689543048182233e-19
    outer loop
      vertex 23.07496318216405 0.5694018992255456 0.39
      vertex 23.16746502847517 0.8419035512031976 3.49
      vertex 23.16746502847517 0.8419035512031976 0.39
    endloop
  endfacet
  facet normal 0 0 -1
    outer loop
      vertex 23.16746502847517 0.8419035512031976 0.39
      vertex 23.294744111674238 1.1 0.39
      vertex 23.176703823800285 0.8380767168795467 0.39
    endloop
  endfacet
  facet normal 0 0 -1
    outer loop
      vertex 23.176703823800285 0.8380767168795467 0.39
      vertex 23.294744111674238 1.1 0.39
      vertex 23.303404365712083 1.095 0.39
    endloop
  endfacet
  facet normal 0 0 -1
    outer loop
      vertex 23.303404365712083 1.095 0.39
      vertex 23.294744111674238 1.1 0.39
      vertex 23.454622651359287 1.3392751438191854 0.39
    endloop
  endfacet
  facet normal 0 0 -1
    outer loop
      vertex 23.303404365712083 1.095 0.39
      vertex 23.454622651359287 1.3392751438191854 0.39
      vertex 23.462556184762196 1.3331875295290982 0.39
    endloop
  endfacet
  facet normal 0 0 -1
    outer loop
      vertex 23.454622651359287 1.3392751438191854 0.39
      vertex 23.644365081389598 1.5556349186104048 0.39
      vertex 23.462556184762196 1.3331875295290982 0.39
    endloop
  endfacet
  facet normal 0 0 -1
    outer loop
      vertex 23.462556184762196 1.3331875295290982 0.39
      vertex 23.644365081389598 1.5556349186104048 0.39
      vertex 23.651436149201462 1.5485638507985393 0.39
    endloop
  endfacet
  facet normal 0 0 -1
    outer loop
      vertex 23.644365081389598 1.5556349186104048 0.39
      vertex 23.860724856180816 1.7453773486407176 0.39
      vertex 23.651436149201462 1.5485638507985393 0.39
    endloop
  endfacet
  facet normal -0.8968727415326868 0.44228869021900424 1.617083357773454e-18
    outer loop
      vertex 23.16746502847517 0.8419035512031976 0.39
      vertex 23.294744111674238 1.1 3.49
      vertex 23.294744111674238 1.1 0.39
    endloop
  endfacet
  facet normal -0.8314696123025422 0.5555702330196067 -2.075894726640284e-18
    outer loop
      vertex 23.294744111674238 1.1 0.39
      vertex 23.454622651359287 1.3392751438191854 3.49
      vertex 23.454622651359287 1.3392751438191854 0.39
    endloop
  endfacet
  facet normal -0.7518398074789813 0.6593458151000644 1.5023762470358981e-18
    outer loop
      vertex 23.454622651359287 1.3392751438191854 0.39
      vertex 23.644365081389598 1.5556349186104048 3.49
      vertex 23.644365081389598 1.5556349186104048 0.39
    endloop
  endfacet
  facet normal 0 0 -1
    outer loop
      vertex 27.390000000000004 0 0.39
      vertex 27.371264246408646 0.28585236096191297 0.39
      vertex 27.400000000000002 0 0.39
    endloop
  endfacet
  facet normal 0.9978589232386035 0.06540312923014398 0
    outer loop
      vertex 27.400000000000002 0 0.39
      vertex 27.381178695022385 0.2871576228841135 0.39
      vertex 27.400000000000002 0 0.4
    endloop
  endfacet
  facet normal 0 0 -1
    outer loop
      vertex 27.400000000000002 0 0.39
      vertex 27.371264246408646 0.28585236096191297 0.39
      vertex 27.381178695022385 0.2871576228841135 0.39
    endloop
  endfacet
  facet normal 0 0 -1
    outer loop
      vertex 27.371264246408646 0.28585236096191297 0.39
      vertex 27.31537755957306 0.5668137087745204 0.39
      vertex 27.381178695022385 0.2871576228841135 0.39
    endloop
  endfacet
  facet normal 0 0 -1
    outer loop
      vertex 27.381178695022385 0.2871576228841135 0.39
      vertex 27.31537755957306 0.5668137087745204 0.39
      vertex 27.325036817835954 0.5694018992255456 0.39
    endloop
  endfacet
  facet normal 0 0 -1
    outer loop
      vertex 27.31537755957306 0.5668137087745204 0.39
      vertex 27.22329617619972 0.8380767168795467 0.39
      vertex 27.325036817835954 0.5694018992255456 0.39
    endloop
  endfacet
  facet normal 0 0 -1
    outer loop
      vertex 27.325036817835954 0.5694018992255456 0.39
      vertex 27.22329617619972 0.8380767168795467 0.39
      vertex 27.232534971524835 0.8419035512031976 0.39
    endloop
  endfacet
  facet normal 0.9978589232386035 0.06540312923014398 0
    outer loop
      vertex 27.400000000000002 0 0.4
      vertex 27.381178695022385 0.2871576228841135 0.39
      vertex 27.400000000000002 0 3.49
    endloop
  endfacet
  facet normal 0.9807852804032319 0.19509032201612064 0
    outer loop
      vertex 27.381178695022385 0.2871576228841135 0.39
      vertex 27.325036817835954 0.5694018992255456 0.39
      vertex 27.381178695022385 0.2871576228841135 3.49
    endloop
  endfacet
  facet normal 0.9469301294951057 0.32143946530316136 0
    outer loop
      vertex 27.325036817835954 0.5694018992255456 0.39
      vertex 27.232534971524835 0.8419035512031976 0.39
      vertex 27.325036817835954 0.5694018992255456 3.49
    endloop
  endfacet
  facet normal 0 0 -1
    outer loop
      vertex 27.096595634287922 1.0950000000000002 0.39
      vertex 27.232534971524835 0.8419035512031976 0.39
      vertex 27.22329617619972 0.8380767168795467 0.39
    endloop
  endfacet
  facet normal 0 0 -1
    outer loop
      vertex 27.096595634287922 1.0950000000000002 0.39
      vertex 27.105255888325768 1.1 0.39
      vertex 27.232534971524835 0.8419035512031976 0.39
    endloop
  endfacet
  facet normal 0 0 -1
    outer loop
      vertex 27.096595634287922 1.0950000000000002 0.39
      vertex 26.93744381523781 1.3331875295290982 0.39
      vertex 27.105255888325768 1.1 0.39
    endloop
  endfacet
  facet normal 0 0 -1
    outer loop
      vertex 26.93744381523781 1.3331875295290982 0.39
      vertex 26.94537734864072 1.3392751438191854 0.39
      vertex 27.105255888325768 1.1 0.39
    endloop
  endfacet
  facet normal 0 0 -1
    outer loop
      vertex 26.748563850798543 1.5485638507985393 0.39
      vertex 26.94537734864072 1.3392751438191854 0.39
      vertex 26.93744381523781 1.3331875295290982 0.39
    endloop
  endfacet
  facet normal 0 0 -1
    outer loop
      vertex 26.748563850798543 1.5485638507985393 0.39
      vertex 26.755634918610408 1.5556349186104048 0.39
      vertex 26.94537734864072 1.3392751438191854 0.39
    endloop
  endfacet
  facet normal 0 0 -1
    outer loop
      vertex 26.748563850798543 1.5485638507985393 0.39
      vertex 26.5331875295291 1.7374438152378053 0.39
      vertex 26.755634918610408 1.5556349186104048 0.39
    endloop
  endfacet
  facet normal 0.8968727415326868 0.44228869021900424 0
    outer loop
      vertex 27.232534971524835 0.8419035512031976 0.39
      vertex 27.105255888325768 1.1 0.39
      vertex 27.232534971524835 0.8419035512031976 3.49
    endloop
  endfacet
  facet normal 0.8314696123025422 0.5555702330196067 0
    outer loop
      vertex 26.94537734864072 1.3392751438191854 0.39
      vertex 26.94537734864072 1.3392751438191854 3.49
      vertex 27.105255888325768 1.1 0.39
    endloop
  endfacet
  facet normal 0.7518398074789813 0.6593458151000644 -1.5023762470358981e-18
    outer loop
      vertex 26.755634918610408 1.5556349186104048 0.39
      vertex 26.94537734864072 1.3392751438191854 3.49
      vertex 26.94537734864072 1.3392751438191854 0.39
    endloop
  endfacet
  facet normal -0.9978589232386035 0.06540312923014398 0
    outer loop
      vertex 23.000000000000004 0 0.39
      vertex 23.000000000000004 0 3.49
      vertex 23.01882130497762 0.2871576228841135 3.49
    endloop
  endfacet
  facet normal -0.9807852804032319 0.19509032201612064 0
    outer loop
      vertex 23.01882130497762 0.2871576228841135 0.39
      vertex 23.01882130497762 0.2871576228841135 3.49
      vertex 23.07496318216405 0.5694018992255456 3.49
    endloop
  endfacet
  facet normal -0.9469301294951057 0.32143946530316136 0
    outer loop
      vertex 23.07496318216405 0.5694018992255456 0.39
      vertex 23.07496318216405 0.5694018992255456 3.49
      vertex 23.16746502847517 0.8419035512031976 3.49
    endloop
  endfacet
  facet normal -0.8968727415326868 0.44228869021900424 0
    outer loop
      vertex 23.16746502847517 0.8419035512031976 0.39
      vertex 23.16746502847517 0.8419035512031976 3.49
      vertex 23.294744111674238 1.1 3.49
    endloop
  endfacet
  facet normal -0.8314696123025422 0.5555702330196067 0
    outer loop
      vertex 23.294744111674238 1.1 0.39
      vertex 23.294744111674238 1.1 3.49
      vertex 23.454622651359287 1.3392751438191854 3.49
    endloop
  endfacet
  facet normal -0.7518398074789813 0.6593458151000644 0
    outer loop
      vertex 23.454622651359287 1.3392751438191854 0.39
      vertex 23.454622651359287 1.3392751438191854 3.49
      vertex 23.644365081389598 1.5556349186104048 3.49
    endloop
  endfacet
  facet normal -0.65934581510007 0.7518398074789764 0
    outer loop
      vertex 23.644365081389598 1.5556349186104048 0.39
      vertex 23.644365081389598 1.5556349186104048 3.49
      vertex 23.860724856180816 1.7453773486407176 3.49
    endloop
  endfacet
  facet normal 0.9978589232386035 0.06540312923014398 0
    outer loop
      vertex 27.381178695022385 0.2871576228841135 0.39
      vertex 27.381178695022385 0.2871576228841135 3.49
      vertex 27.400000000000002 0 3.49
    endloop
  endfacet
  facet normal 0.9807852804032319 0.19509032201612064 0
    outer loop
      vertex 27.325036817835954 0.5694018992255456 0.39
      vertex 27.325036817835954 0.5694018992255456 3.49
      vertex 27.381178695022385 0.2871576228841135 3.49
    endloop
  endfacet
  facet normal 0.9469301294951057 0.32143946530316136 0
    outer loop
      vertex 27.232534971524835 0.8419035512031976 0.39
      vertex 27.232534971524835 0.8419035512031976 3.49
      vertex 27.325036817835954 0.5694018992255456 3.49
    endloop
  endfacet
  facet normal 0.8968727415326868 0.44228869021900424 0
    outer loop
      vertex 27.105255888325768 1.1 0.39
      vertex 27.105255888325768 1.1 3.49
      vertex 27.232534971524835 0.8419035512031976 3.49
    endloop
  endfacet
  facet normal 0.8314696123025422 0.5555702330196067 0
    outer loop
      vertex 27.105255888325768 1.1 0.39
      vertex 26.94537734864072 1.3392751438191854 3.49
      vertex 27.105255888325768 1.1 3.49
    endloop
  endfacet
  facet normal 0.7518398074789813 0.6593458151000644 0
    outer loop
      vertex 26.755634918610408 1.5556349186104048 0.39
      vertex 26.755634918610408 1.5556349186104048 3.49
      vertex 26.94537734864072 1.3392751438191854 3.49
    endloop
  endfacet
  facet normal 0.65934581510007 0.7518398074789764 0
    outer loop
      vertex 26.755634918610408 1.5556349186104048 0.39
      vertex 26.53927514381919 1.7453773486407176 3.49
      vertex 26.755634918610408 1.5556349186104048 3.49
    endloop
  endfacet
  facet normal 0 0 -1
    outer loop
      vertex 23.651436149201462 1.5485638507985393 0.39
      vertex 23.860724856180816 1.7453773486407176 0.39
      vertex 23.866812470470904 1.7374438152378053 0.39
    endloop
  endfacet
  facet normal 0 0 -1
    outer loop
      vertex 23.866812470470904 1.7374438152378053 0.39
      vertex 23.860724856180816 1.7453773486407176 0.39
      vertex 24.1 1.905255888325765 0.39
    endloop
  endfacet
  facet normal 0 0 -1
    outer loop
      vertex 23.866812470470904 1.7374438152378053 0.39
      vertex 24.1 1.905255888325765 0.39
      vertex 24.105000000000004 1.8965956342879207 0.39
    endloop
  endfacet
  facet normal 0 0 -1
    outer loop
      vertex 24.105000000000004 1.8965956342879207 0.39
      vertex 24.1 1.905255888325765 0.39
      vertex 24.358096448796804 2.032534971524831 0.39
    endloop
  endfacet
  facet normal 0 0 -1
    outer loop
      vertex 24.105000000000004 1.8965956342879207 0.39
      vertex 24.358096448796804 2.032534971524831 0.39
      vertex 24.361923283120458 2.023296176199718 0.39
    endloop
  endfacet
  facet normal 0 0 -1
    outer loop
      vertex 24.361923283120458 2.023296176199718 0.39
      vertex 24.358096448796804 2.032534971524831 0.39
      vertex 24.630598100774456 2.1250368178359507 0.39
    endloop
  endfacet
  facet normal 0 0 -1
    outer loop
      vertex 24.361923283120458 2.023296176199718 0.39
      vertex 24.630598100774456 2.1250368178359507 0.39
      vertex 24.63318629122548 2.11537755957306 0.39
    endloop
  endfacet
  facet normal -0.65934581510007 0.7518398074789764 1.6935954889362359e-18
    outer loop
      vertex 23.644365081389598 1.5556349186104048 0.39
      vertex 23.860724856180816 1.7453773486407176 3.49
      vertex 23.860724856180816 1.7453773486407176 0.39
    endloop
  endfacet
  facet normal -0.5555702330196023 0.8314696123025452 0
    outer loop
      vertex 23.860724856180816 1.7453773486407176 0.39
      vertex 23.860724856180816 1.7453773486407176 3.49
      vertex 24.1 1.905255888325765 0.39
    endloop
  endfacet
  facet normal -0.44228869021900113 0.8968727415326884 -6.80835031478182e-19
    outer loop
      vertex 24.1 1.905255888325765 0.39
      vertex 24.358096448796804 2.032534971524831 3.49
      vertex 24.358096448796804 2.032534971524831 0.39
    endloop
  endfacet
  facet normal -0.3214394653031623 0.9469301294951055 -1.434097567487568e-18
    outer loop
      vertex 24.358096448796804 2.032534971524831 0.39
      vertex 24.630598100774456 2.1250368178359507 3.49
      vertex 24.630598100774456 2.1250368178359507 0.39
    endloop
  endfacet
  facet normal 0 0 -1
    outer loop
      vertex 26.295 1.8965956342879207 0.39
      vertex 26.53927514381919 1.7453773486407176 0.39
      vertex 26.5331875295291 1.7374438152378053 0.39
    endloop
  endfacet
  facet normal 0 0 -1
    outer loop
      vertex 26.755634918610408 1.5556349186104048 0.39
      vertex 26.5331875295291 1.7374438152378053 0.39
      vertex 26.53927514381919 1.7453773486407176 0.39
    endloop
  endfacet
  facet normal 0 0 -1
    outer loop
      vertex 26.295 1.8965956342879207 0.39
      vertex 26.300000000000004 1.905255888325765 0.39
      vertex 26.53927514381919 1.7453773486407176 0.39
    endloop
  endfacet
  facet normal 0 0 -1
    outer loop
      vertex 26.295 1.8965956342879207 0.39
      vertex 26.038076716879548 2.023296176199718 0.39
      vertex 26.300000000000004 1.905255888325765 0.39
    endloop
  endfacet
  facet normal 0 0 -1
    outer loop
      vertex 26.038076716879548 2.023296176199718 0.39
      vertex 26.0419035512032 2.032534971524831 0.39
      vertex 26.300000000000004 1.905255888325765 0.39
    endloop
  endfacet
  facet normal 0 0 -1
    outer loop
      vertex 24.630598100774456 2.1250368178359507 0.39
      vertex 24.91284237711589 2.181178695022383 0.39
      vertex 24.63318629122548 2.11537755957306 0.39
    endloop
  endfacet
  facet normal 0 0 -1
    outer loop
      vertex 24.63318629122548 2.11537755957306 0.39
      vertex 24.91284237711589 2.181178695022383 0.39
      vertex 24.91414763903809 2.171264246408645 0.39
    endloop
  endfacet
  facet normal 0 0 -1
    outer loop
      vertex 24.91414763903809 2.171264246408645 0.39
      vertex 24.91284237711589 2.181178695022383 0.39
      vertex 25.200000000000003 2.2 0.39
    endloop
  endfacet
  facet normal 0 0 -1
    outer loop
      vertex 24.91414763903809 2.171264246408645 0.39
      vertex 25.200000000000003 2.2 0.39
      vertex 25.200000000000003 2.1900000000000004 0.39
    endloop
  endfacet
  facet normal 0 0 -1
    outer loop
      vertex 25.766813708774524 2.11537755957306 0.39
      vertex 25.76940189922555 2.1250368178359507 0.39
      vertex 26.0419035512032 2.032534971524831 0.39
    endloop
  endfacet
  facet normal 0 0 -1
    outer loop
      vertex 25.200000000000003 2.1900000000000004 0.39
      vertex 25.487157622884116 2.181178695022383 0.39
      vertex 25.485852360961914 2.171264246408645 0.39
    endloop
  endfacet
  facet normal 0 0 -1
    outer loop
      vertex 25.200000000000003 2.1900000000000004 0.39
      vertex 25.200000000000003 2.2 0.39
      vertex 25.487157622884116 2.181178695022383 0.39
    endloop
  endfacet
  facet normal 0 0 -1
    outer loop
      vertex 25.485852360961914 2.171264246408645 0.39
      vertex 25.76940189922555 2.1250368178359507 0.39
      vertex 25.766813708774524 2.11537755957306 0.39
    endloop
  endfacet
  facet normal 0 0 -1
    outer loop
      vertex 25.485852360961914 2.171264246408645 0.39
      vertex 25.487157622884116 2.181178695022383 0.39
      vertex 25.76940189922555 2.1250368178359507 0.39
    endloop
  endfacet
  facet normal 0 0 -1
    outer loop
      vertex 25.766813708774524 2.11537755957306 0.39
      vertex 26.0419035512032 2.032534971524831 0.39
      vertex 26.038076716879548 2.023296176199718 0.39
    endloop
  endfacet
  facet normal 0.5555702330196023 0.8314696123025452 2.2886641144928184e-18
    outer loop
      vertex 26.300000000000004 1.905255888325765 0.39
      vertex 26.53927514381919 1.7453773486407176 3.49
      vertex 26.53927514381919 1.7453773486407176 0.39
    endloop
  endfacet
  facet normal 0.65934581510007 0.7518398074789764 -1.6935954889362359e-18
    outer loop
      vertex 26.755634918610408 1.5556349186104048 0.39
      vertex 26.53927514381919 1.7453773486407176 0.39
      vertex 26.53927514381919 1.7453773486407176 3.49
    endloop
  endfacet
  facet normal 0.44228869021900113 0.8968727415326884 6.80835031478182e-19
    outer loop
      vertex 26.0419035512032 2.032534971524831 0.39
      vertex 26.300000000000004 1.905255888325765 3.49
      vertex 26.300000000000004 1.905255888325765 0.39
    endloop
  endfacet
  facet normal -0.19509032201612556 0.9807852804032311 -3.5277924610017197e-19
    outer loop
      vertex 24.630598100774456 2.1250368178359507 0.39
      vertex 24.91284237711589 2.181178695022383 3.49
      vertex 24.91284237711589 2.181178695022383 0.39
    endloop
  endfacet
  facet normal -0.06540312923014413 0.9978589232386035 -6.749486886423458e-20
    outer loop
      vertex 24.91284237711589 2.181178695022383 0.39
      vertex 25.200000000000003 2.2 3.49
      vertex 25.200000000000003 2.2 0.39
    endloop
  endfacet
  facet normal 0.06540312923014413 0.9978589232386035 6.749486886423458e-20
    outer loop
      vertex 25.200000000000003 2.2 0.39
      vertex 25.487157622884116 2.181178695022383 3.49
      vertex 25.487157622884116 2.181178695022383 0.39
    endloop
  endfacet
  facet normal 0.19509032201612556 0.9807852804032311 0
    outer loop
      vertex 25.487157622884116 2.181178695022383 0.39
      vertex 25.487157622884116 2.181178695022383 3.49
      vertex 25.76940189922555 2.1250368178359507 0.39
    endloop
  endfacet
  facet normal 0.3214394653031623 0.9469301294951055 1.434097567487568e-18
    outer loop
      vertex 25.76940189922555 2.1250368178359507 0.39
      vertex 26.0419035512032 2.032534971524831 3.49
      vertex 26.0419035512032 2.032534971524831 0.39
    endloop
  endfacet
  facet normal -0.5555702330196023 0.8314696123025452 0
    outer loop
      vertex 24.1 1.905255888325765 0.39
      vertex 23.860724856180816 1.7453773486407176 3.49
      vertex 24.1 1.905255888325765 3.49
    endloop
  endfacet
  facet normal -0.44228869021900113 0.8968727415326884 0
    outer loop
      vertex 24.1 1.905255888325765 0.39
      vertex 24.1 1.905255888325765 3.49
      vertex 24.358096448796804 2.032534971524831 3.49
    endloop
  endfacet
  facet normal -0.3214394653031623 0.9469301294951055 0
    outer loop
      vertex 24.358096448796804 2.032534971524831 0.39
      vertex 24.358096448796804 2.032534971524831 3.49
      vertex 24.630598100774456 2.1250368178359507 3.49
    endloop
  endfacet
  facet normal 0.5555702330196023 0.8314696123025452 0
    outer loop
      vertex 26.300000000000004 1.905255888325765 0.39
      vertex 26.300000000000004 1.905255888325765 3.49
      vertex 26.53927514381919 1.7453773486407176 3.49
    endloop
  endfacet
  facet normal 0.44228869021900113 0.8968727415326884 0
    outer loop
      vertex 26.0419035512032 2.032534971524831 0.39
      vertex 26.0419035512032 2.032534971524831 3.49
      vertex 26.300000000000004 1.905255888325765 3.49
    endloop
  endfacet
  facet normal -0.19509032201612556 0.9807852804032311 0
    outer loop
      vertex 24.630598100774456 2.1250368178359507 0.39
      vertex 24.630598100774456 2.1250368178359507 3.49
      vertex 24.91284237711589 2.181178695022383 3.49
    endloop
  endfacet
  facet normal -0.06540312923014413 0.9978589232386035 0
    outer loop
      vertex 24.91284237711589 2.181178695022383 0.39
      vertex 24.91284237711589 2.181178695022383 3.49
      vertex 25.200000000000003 2.2 3.49
    endloop
  endfacet
  facet normal 0.3214394653031623 0.9469301294951055 0
    outer loop
      vertex 25.76940189922555 2.1250368178359507 0.39
      vertex 25.76940189922555 2.1250368178359507 3.49
      vertex 26.0419035512032 2.032534971524831 3.49
    endloop
  endfacet
  facet normal 0.06540312923014413 0.9978589232386035 0
    outer loop
      vertex 25.200000000000003 2.2 0.39
      vertex 25.200000000000003 2.2 3.49
      vertex 25.487157622884116 2.181178695022383 3.49
    endloop
  endfacet
  facet normal 0.19509032201612556 0.9807852804032311 0
    outer loop
      vertex 25.76940189922555 2.1250368178359507 0.39
      vertex 25.487157622884116 2.181178695022383 3.49
      vertex 25.76940189922555 2.1250368178359507 3.49
    endloop
  endfacet
  facet normal 0 0 1
    outer loop
      vertex 23.01882130497762 -0.2871576228841135 3.49
      vertex 23.01882130497762 0.2871576228841135 3.49
      vertex 23.000000000000004 0 3.49
    endloop
  endfacet
  facet normal 0 0 1
    outer loop
      vertex 23.07496318216405 -0.5694018992255456 3.49
      vertex 23.07496318216405 0.5694018992255456 3.49
      vertex 23.01882130497762 0.2871576228841135 3.49
    endloop
  endfacet
  facet normal 0 0 1
    outer loop
      vertex 23.16746502847517 -0.8419035512031976 3.49
      vertex 23.16746502847517 0.8419035512031976 3.49
      vertex 23.07496318216405 0.5694018992255456 3.49
    endloop
  endfacet
  facet normal 0 0 1
    outer loop
      vertex 23.294744111674238 -1.1 3.49
      vertex 23.294744111674238 1.1 3.49
      vertex 23.16746502847517 0.8419035512031976 3.49
    endloop
  endfacet
  facet normal 0 0 1
    outer loop
      vertex 23.454622651359287 -1.3392751438191854 3.49
      vertex 23.454622651359287 1.3392751438191854 3.49
      vertex 23.294744111674238 1.1 3.49
    endloop
  endfacet
  facet normal 0 0 1
    outer loop
      vertex 23.550000000000004 0 3.49
      vertex 23.564115978733216 0.21536821716308507 3.49
      vertex 23.454622651359287 1.3392751438191854 3.49
    endloop
  endfacet
  facet normal 0 0 1
    outer loop
      vertex 23.564115978733216 0.21536821716308507 3.49
      vertex 23.606222386623042 0.4270514244191592 3.49
      vertex 23.454622651359287 1.3392751438191854 3.49
    endloop
  endfacet
  facet normal 0 0 1
    outer loop
      vertex 23.606222386623042 0.4270514244191592 3.49
      vertex 23.67559877135638 0.6314276634023981 3.49
      vertex 23.454622651359287 1.3392751438191854 3.49
    endloop
  endfacet
  facet normal 0 0 1
    outer loop
      vertex 23.67559877135638 0.6314276634023981 3.49
      vertex 23.77105808375568 0.825 3.49
      vertex 23.644365081389598 1.5556349186104048 3.49
    endloop
  endfacet
  facet normal 0 0 1
    outer loop
      vertex 23.77105808375568 0.825 3.49
      vertex 23.890966988519466 1.004456357864389 3.49
      vertex 23.644365081389598 1.5556349186104048 3.49
    endloop
  endfacet
  facet normal 0 0 1
    outer loop
      vertex 23.67559877135638 0.6314276634023981 3.49
      vertex 23.644365081389598 1.5556349186104048 3.49
      vertex 23.454622651359287 1.3392751438191854 3.49
    endloop
  endfacet
  facet normal 0 0 1
    outer loop
      vertex 23.890966988519466 1.004456357864389 3.49
      vertex 24.0332738110422 1.1667261889578033 3.49
      vertex 23.860724856180816 1.7453773486407176 3.49
    endloop
  endfacet
  facet normal 0 0 1
    outer loop
      vertex 24.0332738110422 1.1667261889578033 3.49
      vertex 24.195543642135615 1.309033011480538 3.49
      vertex 23.860724856180816 1.7453773486407176 3.49
    endloop
  endfacet
  facet normal 0 0 1
    outer loop
      vertex 23.890966988519466 1.004456357864389 3.49
      vertex 23.860724856180816 1.7453773486407176 3.49
      vertex 23.644365081389598 1.5556349186104048 3.49
    endloop
  endfacet
  facet normal 0 0 1
    outer loop
      vertex 24.195543642135615 1.309033011480538 3.49
      vertex 24.375000000000004 1.4289419162443235 3.49
      vertex 24.1 1.905255888325765 3.49
    endloop
  endfacet
  facet normal 0 0 1
    outer loop
      vertex 26.94537734864072 -1.3392751438191854 3.49
      vertex 26.755634918610408 1.5556349186104048 3.49
      vertex 26.85 0 3.49
    endloop
  endfacet
  facet normal 0 0 1
    outer loop
      vertex 27.232534971524835 -0.8419035512031976 3.49
      vertex 27.232534971524835 0.8419035512031976 3.49
      vertex 27.105255888325768 1.1 3.49
    endloop
  endfacet
  facet normal 0 0 1
    outer loop
      vertex 27.105255888325768 -1.1 3.49
      vertex 27.105255888325768 1.1 3.49
      vertex 26.94537734864072 1.3392751438191854 3.49
    endloop
  endfacet
  facet normal 0 0 1
    outer loop
      vertex 26.94537734864072 -1.3392751438191854 3.49
      vertex 26.94537734864072 1.3392751438191854 3.49
      vertex 26.755634918610408 1.5556349186104048 3.49
    endloop
  endfacet
  facet normal 0 0 1
    outer loop
      vertex 26.83588402126679 0.21536821716308507 3.49
      vertex 26.85 0 3.49
      vertex 26.755634918610408 1.5556349186104048 3.49
    endloop
  endfacet
  facet normal 0 0 1
    outer loop
      vertex 26.83588402126679 0.21536821716308507 3.49
      vertex 26.755634918610408 1.5556349186104048 3.49
      vertex 26.793777613376964 0.4270514244191592 3.49
    endloop
  endfacet
  facet normal 0 0 1
    outer loop
      vertex 27.381178695022385 -0.2871576228841135 3.49
      vertex 27.400000000000002 0 3.49
      vertex 27.381178695022385 0.2871576228841135 3.49
    endloop
  endfacet
  facet normal 0 0 1
    outer loop
      vertex 27.381178695022385 -0.2871576228841135 3.49
      vertex 27.381178695022385 0.2871576228841135 3.49
      vertex 27.325036817835954 0.5694018992255456 3.49
    endloop
  endfacet
  facet normal 0 0 1
    outer loop
      vertex 27.325036817835954 -0.5694018992255456 3.49
      vertex 27.325036817835954 0.5694018992255456 3.49
      vertex 27.232534971524835 0.8419035512031976 3.49
    endloop
  endfacet
  facet normal 0 0 1
    outer loop
      vertex 26.793777613376964 0.4270514244191592 3.49
      vertex 26.755634918610408 1.5556349186104048 3.49
      vertex 26.724401228643625 0.6314276634023981 3.49
    endloop
  endfacet
  facet normal 0 0 1
    outer loop
      vertex 26.724401228643625 0.6314276634023981 3.49
      vertex 26.755634918610408 1.5556349186104048 3.49
      vertex 26.628941916244326 0.825 3.49
    endloop
  endfacet
  facet normal 0 0 1
    outer loop
      vertex 26.50903301148054 1.004456357864389 3.49
      vertex 26.628941916244326 0.825 3.49
      vertex 26.53927514381919 1.7453773486407176 3.49
    endloop
  endfacet
  facet normal 0 0 1
    outer loop
      vertex 26.50903301148054 1.004456357864389 3.49
      vertex 26.53927514381919 1.7453773486407176 3.49
      vertex 26.366726188957806 1.1667261889578033 3.49
    endloop
  endfacet
  facet normal 0 0 1
    outer loop
      vertex 26.628941916244326 0.825 3.49
      vertex 26.755634918610408 1.5556349186104048 3.49
      vertex 26.53927514381919 1.7453773486407176 3.49
    endloop
  endfacet
  facet normal 0 0 1
    outer loop
      vertex 26.20445635786439 1.309033011480538 3.49
      vertex 26.366726188957806 1.1667261889578033 3.49
      vertex 26.300000000000004 1.905255888325765 3.49
    endloop
  endfacet
  facet normal 0 0 1
    outer loop
      vertex 26.20445635786439 1.309033011480538 3.49
      vertex 26.0419035512032 2.032534971524831 3.49
      vertex 26.025000000000002 1.4289419162443235 3.49
    endloop
  endfacet
  facet normal 0 0 1
    outer loop
      vertex 26.366726188957806 1.1667261889578033 3.49
      vertex 26.53927514381919 1.7453773486407176 3.49
      vertex 26.300000000000004 1.905255888325765 3.49
    endloop
  endfacet
  facet normal 0 0 1
    outer loop
      vertex 23.860724856180816 1.7453773486407176 3.49
      vertex 24.195543642135615 1.309033011480538 3.49
      vertex 24.1 1.905255888325765 3.49
    endloop
  endfacet
  facet normal 0 0 1
    outer loop
      vertex 24.375000000000004 1.4289419162443235 3.49
      vertex 24.568572336597605 1.524401228643623 3.49
      vertex 24.358096448796804 2.032534971524831 3.49
    endloop
  endfacet
  facet normal 0 0 1
    outer loop
      vertex 24.375000000000004 1.4289419162443235 3.49
      vertex 24.358096448796804 2.032534971524831 3.49
      vertex 24.1 1.905255888325765 3.49
    endloop
  endfacet
  facet normal 0 0 1
    outer loop
      vertex 24.568572336597605 1.524401228643623 3.49
      vertex 24.772948575580845 1.5937776133769626 3.49
      vertex 24.358096448796804 2.032534971524831 3.49
    endloop
  endfacet
  facet normal 0 0 1
    outer loop
      vertex 24.630598100774456 2.1250368178359507 3.49
      vertex 24.772948575580845 1.5937776133769626 3.49
      vertex 24.984631782836917 1.6358840212667871 3.49
    endloop
  endfacet
  facet normal 0 0 1
    outer loop
      vertex 24.984631782836917 1.6358840212667871 3.49
      vertex 25.200000000000003 1.65 3.49
      vertex 24.91284237711589 2.181178695022383 3.49
    endloop
  endfacet
  facet normal 0 0 1
    outer loop
      vertex 25.41536821716309 1.6358840212667871 3.49
      vertex 25.62705142441916 1.5937776133769626 3.49
      vertex 25.487157622884116 2.181178695022383 3.49
    endloop
  endfacet
  facet normal 0 0 1
    outer loop
      vertex 25.62705142441916 1.5937776133769626 3.49
      vertex 25.8314276634024 1.524401228643623 3.49
      vertex 25.76940189922555 2.1250368178359507 3.49
    endloop
  endfacet
  facet normal 0 0 1
    outer loop
      vertex 24.358096448796804 2.032534971524831 3.49
      vertex 24.772948575580845 1.5937776133769626 3.49
      vertex 24.630598100774456 2.1250368178359507 3.49
    endloop
  endfacet
  facet normal 0 0 1
    outer loop
      vertex 24.630598100774456 2.1250368178359507 3.49
      vertex 24.984631782836917 1.6358840212667871 3.49
      vertex 24.91284237711589 2.181178695022383 3.49
    endloop
  endfacet
  facet normal 0 0 1
    outer loop
      vertex 24.91284237711589 2.181178695022383 3.49
      vertex 25.200000000000003 1.65 3.49
      vertex 25.200000000000003 2.2 3.49
    endloop
  endfacet
  facet normal 0 0 1
    outer loop
      vertex 25.41536821716309 1.6358840212667871 3.49
      vertex 25.200000000000003 2.2 3.49
      vertex 25.200000000000003 1.65 3.49
    endloop
  endfacet
  facet normal 0 0 1
    outer loop
      vertex 25.8314276634024 1.524401228643623 3.49
      vertex 26.0419035512032 2.032534971524831 3.49
      vertex 25.76940189922555 2.1250368178359507 3.49
    endloop
  endfacet
  facet normal 0 0 1
    outer loop
      vertex 25.41536821716309 1.6358840212667871 3.49
      vertex 25.487157622884116 2.181178695022383 3.49
      vertex 25.200000000000003 2.2 3.49
    endloop
  endfacet
  facet normal 0 0 1
    outer loop
      vertex 25.62705142441916 1.5937776133769626 3.49
      vertex 25.76940189922555 2.1250368178359507 3.49
      vertex 25.487157622884116 2.181178695022383 3.49
    endloop
  endfacet
  facet normal 0 0 1
    outer loop
      vertex 25.8314276634024 1.524401228643623 3.49
      vertex 26.025000000000002 1.4289419162443235 3.49
      vertex 26.0419035512032 2.032534971524831 3.49
    endloop
  endfacet
  facet normal 0 0 1
    outer loop
      vertex 26.20445635786439 1.309033011480538 3.49
      vertex 26.300000000000004 1.905255888325765 3.49
      vertex 26.0419035512032 2.032534971524831 3.49
    endloop
  endfacet
  facet normal 0 0 -1
    outer loop
      vertex 16.230598100774454 -2.1250368178359507 0.39
      vertex 16.23318629122548 -2.11537755957306 0.39
      vertex 16.51414763903809 -2.171264246408645 0.39
    endloop
  endfacet
  facet normal 0 0 -1
    outer loop
      vertex 16.230598100774454 -2.1250368178359507 0.39
      vertex 16.51414763903809 -2.171264246408645 0.39
      vertex 16.512842377115888 -2.181178695022383 0.39
    endloop
  endfacet
  facet normal 0 0 -1
    outer loop
      vertex 15.958096448796804 -2.032534971524831 0.39
      vertex 16.23318629122548 -2.11537755957306 0.39
      vertex 16.230598100774454 -2.1250368178359507 0.39
    endloop
  endfacet
  facet normal 0 0 -1
    outer loop
      vertex 15.958096448796804 -2.032534971524831 0.39
      vertex 15.961923283120454 -2.023296176199718 0.39
      vertex 16.23318629122548 -2.11537755957306 0.39
    endloop
  endfacet
  facet normal 0 0 -1
    outer loop
      vertex 15.961923283120454 -2.023296176199718 0.39
      vertex 15.700000000000001 -1.905255888325765 0.39
      vertex 15.705 -1.8965956342879207 0.39
    endloop
  endfacet
  facet normal 0 0 -1
    outer loop
      vertex 15.460724856180816 -1.7453773486407176 0.39
      vertex 15.705 -1.8965956342879207 0.39
      vertex 15.700000000000001 -1.905255888325765 0.39
    endloop
  endfacet
  facet normal 0 0 -1
    outer loop
      vertex 15.958096448796804 -2.032534971524831 0.39
      vertex 15.700000000000001 -1.905255888325765 0.39
      vertex 15.961923283120454 -2.023296176199718 0.39
    endloop
  endfacet
  facet normal 0 0 -1
    outer loop
      vertex 15.460724856180816 -1.7453773486407176 0.39
      vertex 15.466812470470902 -1.7374438152378053 0.39
      vertex 15.705 -1.8965956342879207 0.39
    endloop
  endfacet
  facet normal 0 0 -1
    outer loop
      vertex 15.460724856180816 -1.7453773486407176 0.39
      vertex 15.244365081389596 -1.5556349186104048 0.39
      vertex 15.466812470470902 -1.7374438152378053 0.39
    endloop
  endfacet
  facet normal 0 0 -1
    outer loop
      vertex 16.512842377115888 -2.181178695022383 0.39
      vertex 16.8 -2.1900000000000004 0.39
      vertex 16.8 -2.2 0.39
    endloop
  endfacet
  facet normal 0 0 -1
    outer loop
      vertex 16.512842377115888 -2.181178695022383 0.39
      vertex 16.51414763903809 -2.171264246408645 0.39
      vertex 16.8 -2.1900000000000004 0.39
    endloop
  endfacet
  facet normal 0 0 -1
    outer loop
      vertex 16.8 -2.2 0.39
      vertex 16.8 -2.1900000000000004 0.39
      vertex 17.085852360961912 -2.171264246408645 0.39
    endloop
  endfacet
  facet normal 0 0 -1
    outer loop
      vertex 16.8 -2.2 0.39
      vertex 17.085852360961912 -2.171264246408645 0.39
      vertex 17.087157622884114 -2.181178695022383 0.39
    endloop
  endfacet
  facet normal 0 0 -1
    outer loop
      vertex 17.087157622884114 -2.181178695022383 0.39
      vertex 17.085852360961912 -2.171264246408645 0.39
      vertex 17.366813708774522 -2.11537755957306 0.39
    endloop
  endfacet
  facet normal 0 0 -1
    outer loop
      vertex 17.087157622884114 -2.181178695022383 0.39
      vertex 17.366813708774522 -2.11537755957306 0.39
      vertex 17.369401899225547 -2.1250368178359507 0.39
    endloop
  endfacet
  facet normal 0 0 -1
    outer loop
      vertex 17.366813708774522 -2.11537755957306 0.39
      vertex 17.638076716879546 -2.023296176199718 0.39
      vertex 17.369401899225547 -2.1250368178359507 0.39
    endloop
  endfacet
  facet normal 0 0 -1
    outer loop
      vertex 17.369401899225547 -2.1250368178359507 0.39
      vertex 17.638076716879546 -2.023296176199718 0.39
      vertex 17.6419035512032 -2.032534971524831 0.39
    endloop
  endfacet
  facet normal 0 0 -1
    outer loop
      vertex 17.6419035512032 -2.032534971524831 0.39
      vertex 17.638076716879546 -2.023296176199718 0.39
      vertex 17.895 -1.8965956342879207 0.39
    endloop
  endfacet
  facet normal 0 0 -1
    outer loop
      vertex 17.6419035512032 -2.032534971524831 0.39
      vertex 17.895 -1.8965956342879207 0.39
      vertex 17.900000000000002 -1.905255888325765 0.39
    endloop
  endfacet
  facet normal 0 0 -1
    outer loop
      vertex 17.895 -1.8965956342879207 0.39
      vertex 18.1331875295291 -1.7374438152378053 0.39
      vertex 17.900000000000002 -1.905255888325765 0.39
    endloop
  endfacet
  facet normal 0 0 -1
    outer loop
      vertex 17.900000000000002 -1.905255888325765 0.39
      vertex 18.1331875295291 -1.7374438152378053 0.39
      vertex 18.139275143819187 -1.7453773486407176 0.39
    endloop
  endfacet
  facet normal 0 0 -1
    outer loop
      vertex 18.139275143819187 -1.7453773486407176 0.39
      vertex 18.1331875295291 -1.7374438152378053 0.39
      vertex 18.34856385079854 -1.5485638507985393 0.39
    endloop
  endfacet
  facet normal -0.19509032201612556 -0.9807852804032311 3.5277924610017197e-19
    outer loop
      vertex 16.230598100774454 -2.1250368178359507 0.39
      vertex 16.512842377115888 -2.181178695022383 0.39
      vertex 16.512842377115888 -2.181178695022383 3.49
    endloop
  endfacet
  facet normal -0.32143946530316414 -0.9469301294951048 -1.0512399684414188e-18
    outer loop
      vertex 15.958096448796804 -2.032534971524831 0.39
      vertex 16.230598100774454 -2.1250368178359507 0.39
      vertex 16.230598100774454 -2.1250368178359507 3.49
    endloop
  endfacet
  facet normal -0.44228869021900113 -0.8968727415326884 0
    outer loop
      vertex 15.958096448796804 -2.032534971524831 0.39
      vertex 15.958096448796804 -2.032534971524831 3.49
      vertex 15.700000000000001 -1.905255888325765 0.39
    endloop
  endfacet
  facet normal -0.5555702330196023 -0.8314696123025452 0
    outer loop
      vertex 15.460724856180816 -1.7453773486407176 0.39
      vertex 15.700000000000001 -1.905255888325765 0.39
      vertex 15.460724856180816 -1.7453773486407176 3.49
    endloop
  endfacet
  facet normal -0.659345815100067 -0.7518398074789792 0
    outer loop
      vertex 15.460724856180816 -1.7453773486407176 0.39
      vertex 15.460724856180816 -1.7453773486407176 3.49
      vertex 15.244365081389596 -1.5556349186104048 0.39
    endloop
  endfacet
  facet normal -0.06540312923014413 -0.9978589232386035 6.749486886423458e-20
    outer loop
      vertex 16.512842377115888 -2.181178695022383 0.39
      vertex 16.8 -2.2 0.39
      vertex 16.8 -2.2 3.49
    endloop
  endfacet
  facet normal 0.06540312923014413 -0.9978589232386035 0
    outer loop
      vertex 16.8 -2.2 0.39
      vertex 17.087157622884114 -2.181178695022383 0.39
      vertex 16.8 -2.2 3.49
    endloop
  endfacet
  facet normal 0.19509032201612556 -0.9807852804032311 0
    outer loop
      vertex 17.087157622884114 -2.181178695022383 0.39
      vertex 17.369401899225547 -2.1250368178359507 0.39
      vertex 17.087157622884114 -2.181178695022383 3.49
    endloop
  endfacet
  facet normal 0.3214394653031623 -0.9469301294951055 0
    outer loop
      vertex 17.369401899225547 -2.1250368178359507 0.39
      vertex 17.6419035512032 -2.032534971524831 0.39
      vertex 17.369401899225547 -2.1250368178359507 3.49
    endloop
  endfacet
  facet normal 0.44228869021900113 -0.8968727415326884 -6.80835031478182e-19
    outer loop
      vertex 17.6419035512032 -2.032534971524831 0.39
      vertex 17.900000000000002 -1.905255888325765 0.39
      vertex 17.900000000000002 -1.905255888325765 3.49
    endloop
  endfacet
  facet normal 0.5555702330196023 -0.8314696123025452 -2.2886641144928184e-18
    outer loop
      vertex 17.900000000000002 -1.905255888325765 0.39
      vertex 18.139275143819187 -1.7453773486407176 0.39
      vertex 18.139275143819187 -1.7453773486407176 3.49
    endloop
  endfacet
  facet normal -0.19509032201612556 -0.9807852804032311 0
    outer loop
      vertex 16.230598100774454 -2.1250368178359507 0.39
      vertex 16.512842377115888 -2.181178695022383 3.49
      vertex 16.230598100774454 -2.1250368178359507 3.49
    endloop
  endfacet
  facet normal -0.32143946530316414 -0.9469301294951048 0
    outer loop
      vertex 15.958096448796804 -2.032534971524831 0.39
      vertex 16.230598100774454 -2.1250368178359507 3.49
      vertex 15.958096448796804 -2.032534971524831 3.49
    endloop
  endfacet
  facet normal -0.44228869021900113 -0.8968727415326884 0
    outer loop
      vertex 15.700000000000001 -1.905255888325765 0.39
      vertex 15.958096448796804 -2.032534971524831 3.49
      vertex 15.700000000000001 -1.905255888325765 3.49
    endloop
  endfacet
  facet normal -0.5555702330196023 -0.8314696123025452 0
    outer loop
      vertex 15.700000000000001 -1.905255888325765 0.39
      vertex 15.700000000000001 -1.905255888325765 3.49
      vertex 15.460724856180816 -1.7453773486407176 3.49
    endloop
  endfacet
  facet normal -0.06540312923014413 -0.9978589232386035 0
    outer loop
      vertex 16.512842377115888 -2.181178695022383 0.39
      vertex 16.8 -2.2 3.49
      vertex 16.512842377115888 -2.181178695022383 3.49
    endloop
  endfacet
  facet normal 0.06540312923014413 -0.9978589232386035 0
    outer loop
      vertex 17.087157622884114 -2.181178695022383 0.39
      vertex 17.087157622884114 -2.181178695022383 3.49
      vertex 16.8 -2.2 3.49
    endloop
  endfacet
  facet normal 0.19509032201612556 -0.9807852804032311 0
    outer loop
      vertex 17.369401899225547 -2.1250368178359507 0.39
      vertex 17.369401899225547 -2.1250368178359507 3.49
      vertex 17.087157622884114 -2.181178695022383 3.49
    endloop
  endfacet
  facet normal 0.3214394653031623 -0.9469301294951055 0
    outer loop
      vertex 17.6419035512032 -2.032534971524831 0.39
      vertex 17.6419035512032 -2.032534971524831 3.49
      vertex 17.369401899225547 -2.1250368178359507 3.49
    endloop
  endfacet
  facet normal 0.44228869021900113 -0.8968727415326884 0
    outer loop
      vertex 17.6419035512032 -2.032534971524831 0.39
      vertex 17.900000000000002 -1.905255888325765 3.49
      vertex 17.6419035512032 -2.032534971524831 3.49
    endloop
  endfacet
  facet normal 0.5555702330196023 -0.8314696123025452 0
    outer loop
      vertex 17.900000000000002 -1.905255888325765 0.39
      vertex 18.139275143819187 -1.7453773486407176 3.49
      vertex 17.900000000000002 -1.905255888325765 3.49
    endloop
  endfacet
  facet normal 0.65934581510007 -0.7518398074789764 0
    outer loop
      vertex 18.139275143819187 -1.7453773486407176 0.39
      vertex 18.355634918610406 -1.5556349186104048 3.49
      vertex 18.139275143819187 -1.7453773486407176 3.49
    endloop
  endfacet
  facet normal 0 0 -1
    outer loop
      vertex 15.054622651359283 -1.3392751438191854 0.39
      vertex 15.251436149201462 -1.5485638507985393 0.39
      vertex 15.244365081389596 -1.5556349186104048 0.39
    endloop
  endfacet
  facet normal 0 0 -1
    outer loop
      vertex 15.054622651359283 -1.3392751438191854 0.39
      vertex 15.062556184762196 -1.3331875295290982 0.39
      vertex 15.251436149201462 -1.5485638507985393 0.39
    endloop
  endfacet
  facet normal 0 0 -1
    outer loop
      vertex 15.054622651359283 -1.3392751438191854 0.39
      vertex 14.894744111674235 -1.1 0.39
      vertex 15.062556184762196 -1.3331875295290982 0.39
    endloop
  endfacet
  facet normal 0 0 -1
    outer loop
      vertex 15.466812470470902 -1.7374438152378053 0.39
      vertex 15.244365081389596 -1.5556349186104048 0.39
      vertex 15.251436149201462 -1.5485638507985393 0.39
    endloop
  endfacet
  facet normal 0 0 -1
    outer loop
      vertex 15.062556184762196 -1.3331875295290982 0.39
      vertex 14.894744111674235 -1.1 0.39
      vertex 14.90340436571208 -1.0950000000000002 0.39
    endloop
  endfacet
  facet normal 0 0 -1
    outer loop
      vertex 14.76746502847517 -0.8419035512031976 0.39
      vertex 14.776703823800283 -0.8380767168795467 0.39
      vertex 14.90340436571208 -1.0950000000000002 0.39
    endloop
  endfacet
  facet normal 0 0 -1
    outer loop
      vertex 14.76746502847517 -0.8419035512031976 0.39
      vertex 14.90340436571208 -1.0950000000000002 0.39
      vertex 14.894744111674235 -1.1 0.39
    endloop
  endfacet
  facet normal 0 0 -1
    outer loop
      vertex 18.139275143819187 -1.7453773486407176 0.39
      vertex 18.34856385079854 -1.5485638507985393 0.39
      vertex 18.355634918610406 -1.5556349186104048 0.39
    endloop
  endfacet
  facet normal 0 0 -1
    outer loop
      vertex 18.34856385079854 -1.5485638507985393 0.39
      vertex 18.537443815237808 -1.3331875295290982 0.39
      vertex 18.355634918610406 -1.5556349186104048 0.39
    endloop
  endfacet
  facet normal 0 0 -1
    outer loop
      vertex 18.355634918610406 -1.5556349186104048 0.39
      vertex 18.537443815237808 -1.3331875295290982 0.39
      vertex 18.54537734864072 -1.3392751438191854 0.39
    endloop
  endfacet
  facet normal 0 0 -1
    outer loop
      vertex 18.537443815237808 -1.3331875295290982 0.39
      vertex 18.69659563428792 -1.095 0.39
      vertex 18.54537734864072 -1.3392751438191854 0.39
    endloop
  endfacet
  facet normal 0 0 -1
    outer loop
      vertex 18.54537734864072 -1.3392751438191854 0.39
      vertex 18.69659563428792 -1.095 0.39
      vertex 18.705255888325766 -1.1 0.39
    endloop
  endfacet
  facet normal 0 0 -1
    outer loop
      vertex 18.69659563428792 -1.095 0.39
      vertex 18.82329617619972 -0.8380767168795467 0.39
      vertex 18.705255888325766 -1.1 0.39
    endloop
  endfacet
  facet normal 0 0 -1
    outer loop
      vertex 18.705255888325766 -1.1 0.39
      vertex 18.82329617619972 -0.8380767168795467 0.39
      vertex 18.832534971524833 -0.8419035512031976 0.39
    endloop
  endfacet
  facet normal -0.7518398074789782 -0.659345815100068 3.2570668276673477e-18
    outer loop
      vertex 15.054622651359283 -1.3392751438191854 0.39
      vertex 15.244365081389596 -1.5556349186104048 0.39
      vertex 15.244365081389596 -1.5556349186104048 3.49
    endloop
  endfacet
  facet normal -0.8314696123025451 -0.5555702330196025 0
    outer loop
      vertex 15.054622651359283 -1.3392751438191854 0.39
      vertex 15.054622651359283 -1.3392751438191854 3.49
      vertex 14.894744111674235 -1.1 0.39
    endloop
  endfacet
  facet normal -0.8968727415326893 -0.4422886902189992 -1.0516813489805836e-18
    outer loop
      vertex 14.76746502847517 -0.8419035512031976 0.39
      vertex 14.894744111674235 -1.1 0.39
      vertex 14.894744111674235 -1.1 3.49
    endloop
  endfacet
  facet normal 0.65934581510007 -0.7518398074789764 1.6935954889362359e-18
    outer loop
      vertex 18.139275143819187 -1.7453773486407176 0.39
      vertex 18.355634918610406 -1.5556349186104048 0.39
      vertex 18.355634918610406 -1.5556349186104048 3.49
    endloop
  endfacet
  facet normal 0.7518398074789752 -0.6593458151000714 -2.3834136734621736e-19
    outer loop
      vertex 18.355634918610406 -1.5556349186104048 0.39
      vertex 18.54537734864072 -1.3392751438191854 0.39
      vertex 18.54537734864072 -1.3392751438191854 3.49
    endloop
  endfacet
  facet normal 0.8314696123025479 -0.5555702330195982 0
    outer loop
      vertex 18.54537734864072 -1.3392751438191854 0.39
      vertex 18.705255888325766 -1.1 0.39
      vertex 18.54537734864072 -1.3392751438191854 3.49
    endloop
  endfacet
  facet normal 0.8968727415326868 -0.44228869021900424 0
    outer loop
      vertex 18.705255888325766 -1.1 0.39
      vertex 18.832534971524833 -0.8419035512031976 0.39
      vertex 18.705255888325766 -1.1 3.49
    endloop
  endfacet
  facet normal 0 0 -1
    outer loop
      vertex 14.76746502847517 -0.8419035512031976 0.39
      vertex 14.67496318216405 -0.5694018992255456 0.39
      vertex 14.776703823800283 -0.8380767168795467 0.39
    endloop
  endfacet
  facet normal 0 0 -1
    outer loop
      vertex 14.776703823800283 -0.8380767168795467 0.39
      vertex 14.67496318216405 -0.5694018992255456 0.39
      vertex 14.68462244042694 -0.5668137087745204 0.39
    endloop
  endfacet
  facet normal 0 0 -1
    outer loop
      vertex 14.67496318216405 -0.5694018992255456 0.39
      vertex 14.618821304977619 -0.2871576228841135 0.39
      vertex 14.68462244042694 -0.5668137087745204 0.39
    endloop
  endfacet
  facet normal 0 0 -1
    outer loop
      vertex 14.68462244042694 -0.5668137087745204 0.39
      vertex 14.618821304977619 -0.2871576228841135 0.39
      vertex 14.628735753591355 -0.28585236096191297 0.39
    endloop
  endfacet
  facet normal 0 0 -1
    outer loop
      vertex 14.618821304977619 -0.2871576228841135 0.39
      vertex 14.600000000000001 0 0.39
      vertex 14.628735753591355 -0.28585236096191297 0.39
    endloop
  endfacet
  facet normal 0 0 -1
    outer loop
      vertex 14.628735753591355 -0.28585236096191297 0.39
      vertex 14.600000000000001 0 0.39
      vertex 14.61 0 0.39
    endloop
  endfacet
  facet normal 0 0 -1
    outer loop
      vertex 18.82329617619972 -0.8380767168795467 0.39
      vertex 18.91537755957306 -0.5668137087745204 0.39
      vertex 18.832534971524833 -0.8419035512031976 0.39
    endloop
  endfacet
  facet normal 0 0 -1
    outer loop
      vertex 18.832534971524833 -0.8419035512031976 0.39
      vertex 18.91537755957306 -0.5668137087745204 0.39
      vertex 18.925036817835952 -0.5694018992255456 0.39
    endloop
  endfacet
  facet normal 0 0 -1
    outer loop
      vertex 18.925036817835952 -0.5694018992255456 0.39
      vertex 18.91537755957306 -0.5668137087745204 0.39
      vertex 18.971264246408644 -0.28585236096191297 0.39
    endloop
  endfacet
  facet normal 0 0 -1
    outer loop
      vertex 18.925036817835952 -0.5694018992255456 0.39
      vertex 18.971264246408644 -0.28585236096191297 0.39
      vertex 18.981178695022383 -0.2871576228841135 0.39
    endloop
  endfacet
  facet normal 0 0 -1
    outer loop
      vertex 18.971264246408644 -0.28585236096191297 0.39
      vertex 18.990000000000002 0 0.39
      vertex 18.981178695022383 -0.2871576228841135 0.39
    endloop
  endfacet
  facet normal 0 0 -1
    outer loop
      vertex 18.981178695022383 -0.2871576228841135 0.39
      vertex 18.990000000000002 0 0.39
      vertex 19 0 0.39
    endloop
  endfacet
  facet normal -0.9469301294951038 -0.32143946530316686 0
    outer loop
      vertex 14.76746502847517 -0.8419035512031976 0.39
      vertex 14.76746502847517 -0.8419035512031976 3.49
      vertex 14.67496318216405 -0.5694018992255456 0.39
    endloop
  endfacet
  facet normal -0.9807852804032319 -0.19509032201612064 0
    outer loop
      vertex 14.67496318216405 -0.5694018992255456 0.39
      vertex 14.67496318216405 -0.5694018992255456 3.49
      vertex 14.618821304977619 -0.2871576228841135 0.39
    endloop
  endfacet
  facet normal -0.9978589232386035 -0.06540312923014398 0
    outer loop
      vertex 14.618821304977619 -0.2871576228841135 0.39
      vertex 14.618821304977619 -0.2871576228841135 3.49
      vertex 14.600000000000001 0 0.39
    endloop
  endfacet
  facet normal 0.9469301294951057 -0.32143946530316136 0
    outer loop
      vertex 18.832534971524833 -0.8419035512031976 0.39
      vertex 18.925036817835952 -0.5694018992255456 0.39
      vertex 18.832534971524833 -0.8419035512031976 3.49
    endloop
  endfacet
  facet normal 0.9807852804032319 -0.19509032201612064 0
    outer loop
      vertex 18.925036817835952 -0.5694018992255456 0.39
      vertex 18.981178695022383 -0.2871576228841135 0.39
      vertex 18.925036817835952 -0.5694018992255456 3.49
    endloop
  endfacet
  facet normal 0.9978589232386035 -0.06540312923014398 0
    outer loop
      vertex 18.981178695022383 -0.2871576228841135 0.39
      vertex 19 0 0.39
      vertex 18.981178695022383 -0.2871576228841135 3.49
    endloop
  endfacet
  facet normal 0.9978589232386034 -0.06540312923014491 1.1614375763179767e-16
    outer loop
      vertex 18.981178695022383 -0.2871576228841135 3.49
      vertex 19 0 0.39
      vertex 19 0 0.4
    endloop
  endfacet
  facet normal -0.7518398074789782 -0.659345815100068 0
    outer loop
      vertex 15.054622651359283 -1.3392751438191854 0.39
      vertex 15.244365081389596 -1.5556349186104048 3.49
      vertex 15.054622651359283 -1.3392751438191854 3.49
    endloop
  endfacet
  facet normal -0.659345815100067 -0.7518398074789792 0
    outer loop
      vertex 15.244365081389596 -1.5556349186104048 0.39
      vertex 15.460724856180816 -1.7453773486407176 3.49
      vertex 15.244365081389596 -1.5556349186104048 3.49
    endloop
  endfacet
  facet normal -0.8314696123025451 -0.5555702330196025 0
    outer loop
      vertex 14.894744111674235 -1.1 0.39
      vertex 15.054622651359283 -1.3392751438191854 3.49
      vertex 14.894744111674235 -1.1 3.49
    endloop
  endfacet
  facet normal -0.8968727415326893 -0.4422886902189992 0
    outer loop
      vertex 14.76746502847517 -0.8419035512031976 0.39
      vertex 14.894744111674235 -1.1 3.49
      vertex 14.76746502847517 -0.8419035512031976 3.49
    endloop
  endfacet
  facet normal 0.7518398074789752 -0.6593458151000714 0
    outer loop
      vertex 18.355634918610406 -1.5556349186104048 0.39
      vertex 18.54537734864072 -1.3392751438191854 3.49
      vertex 18.355634918610406 -1.5556349186104048 3.49
    endloop
  endfacet
  facet normal 0.8314696123025479 -0.5555702330195982 0
    outer loop
      vertex 18.705255888325766 -1.1 0.39
      vertex 18.705255888325766 -1.1 3.49
      vertex 18.54537734864072 -1.3392751438191854 3.49
    endloop
  endfacet
  facet normal 0.8968727415326868 -0.44228869021900424 0
    outer loop
      vertex 18.832534971524833 -0.8419035512031976 0.39
      vertex 18.832534971524833 -0.8419035512031976 3.49
      vertex 18.705255888325766 -1.1 3.49
    endloop
  endfacet
  facet normal -0.9469301294951038 -0.32143946530316686 0
    outer loop
      vertex 14.67496318216405 -0.5694018992255456 0.39
      vertex 14.76746502847517 -0.8419035512031976 3.49
      vertex 14.67496318216405 -0.5694018992255456 3.49
    endloop
  endfacet
  facet normal -0.9807852804032319 -0.19509032201612064 0
    outer loop
      vertex 14.618821304977619 -0.2871576228841135 0.39
      vertex 14.67496318216405 -0.5694018992255456 3.49
      vertex 14.618821304977619 -0.2871576228841135 3.49
    endloop
  endfacet
  facet normal -0.9978589232386035 -0.06540312923014398 -3.746572826832041e-19
    outer loop
      vertex 14.618821304977619 -0.2871576228841135 3.49
      vertex 14.600000000000001 0 3.49
      vertex 14.600000000000001 0 0.39
    endloop
  endfacet
  facet normal 0.9469301294951057 -0.32143946530316136 0
    outer loop
      vertex 18.925036817835952 -0.5694018992255456 0.39
      vertex 18.925036817835952 -0.5694018992255456 3.49
      vertex 18.832534971524833 -0.8419035512031976 3.49
    endloop
  endfacet
  facet normal 0.9807852804032319 -0.19509032201612064 0
    outer loop
      vertex 18.981178695022383 -0.2871576228841135 0.39
      vertex 18.981178695022383 -0.2871576228841135 3.49
      vertex 18.925036817835952 -0.5694018992255456 3.49
    endloop
  endfacet
  facet normal 0.9978589232386035 -0.06540312923014398 3.758697657986837e-19
    outer loop
      vertex 18.981178695022383 -0.2871576228841135 3.49
      vertex 19 0 0.4
      vertex 19 0 3.49
    endloop
  endfacet
  facet normal 0 0 1
    outer loop
      vertex 16.230598100774454 -2.1250368178359507 3.49
      vertex 16.512842377115888 -2.181178695022383 3.49
      vertex 16.372948575580843 -1.5937776133769626 3.49
    endloop
  endfacet
  facet normal 0 0 1
    outer loop
      vertex 15.958096448796804 -2.032534971524831 3.49
      vertex 16.230598100774454 -2.1250368178359507 3.49
      vertex 16.168572336597602 -1.524401228643623 3.49
    endloop
  endfacet
  facet normal 0 0 1
    outer loop
      vertex 15.958096448796804 -2.032534971524831 3.49
      vertex 15.795543642135613 -1.309033011480538 3.49
      vertex 15.700000000000001 -1.905255888325765 3.49
    endloop
  endfacet
  facet normal 0 0 1
    outer loop
      vertex 16.512842377115888 -2.181178695022383 3.49
      vertex 16.584631782836915 -1.6358840212667871 3.49
      vertex 16.372948575580843 -1.5937776133769626 3.49
    endloop
  endfacet
  facet normal 0 0 1
    outer loop
      vertex 16.230598100774454 -2.1250368178359507 3.49
      vertex 16.372948575580843 -1.5937776133769626 3.49
      vertex 16.168572336597602 -1.524401228643623 3.49
    endloop
  endfacet
  facet normal 0 0 1
    outer loop
      vertex 15.958096448796804 -2.032534971524831 3.49
      vertex 16.168572336597602 -1.524401228643623 3.49
      vertex 15.975000000000001 -1.4289419162443235 3.49
    endloop
  endfacet
  facet normal 0 0 1
    outer loop
      vertex 16.512842377115888 -2.181178695022383 3.49
      vertex 16.8 -2.2 3.49
      vertex 16.584631782836915 -1.6358840212667871 3.49
    endloop
  endfacet
  facet normal 0 0 1
    outer loop
      vertex 16.8 -2.2 3.49
      vertex 17.087157622884114 -2.181178695022383 3.49
      vertex 16.8 -1.65 3.49
    endloop
  endfacet
  facet normal 0 0 1
    outer loop
      vertex 17.087157622884114 -2.181178695022383 3.49
      vertex 17.369401899225547 -2.1250368178359507 3.49
      vertex 17.015368217163086 -1.6358840212667871 3.49
    endloop
  endfacet
  facet normal 0 0 1
    outer loop
      vertex 16.584631782836915 -1.6358840212667871 3.49
      vertex 16.8 -2.2 3.49
      vertex 16.8 -1.65 3.49
    endloop
  endfacet
  facet normal 0 0 1
    outer loop
      vertex 17.22705142441916 -1.5937776133769626 3.49
      vertex 17.369401899225547 -2.1250368178359507 3.49
      vertex 17.6419035512032 -2.032534971524831 3.49
    endloop
  endfacet
  facet normal 0 0 1
    outer loop
      vertex 17.087157622884114 -2.181178695022383 3.49
      vertex 17.015368217163086 -1.6358840212667871 3.49
      vertex 16.8 -1.65 3.49
    endloop
  endfacet
  facet normal 0 0 1
    outer loop
      vertex 17.015368217163086 -1.6358840212667871 3.49
      vertex 17.369401899225547 -2.1250368178359507 3.49
      vertex 17.22705142441916 -1.5937776133769626 3.49
    endloop
  endfacet
  facet normal 0 0 1
    outer loop
      vertex 17.6419035512032 -2.032534971524831 3.49
      vertex 17.900000000000002 -1.905255888325765 3.49
      vertex 17.625 -1.4289419162443235 3.49
    endloop
  endfacet
  facet normal 0 0 1
    outer loop
      vertex 17.22705142441916 -1.5937776133769626 3.49
      vertex 17.6419035512032 -2.032534971524831 3.49
      vertex 17.4314276634024 -1.524401228643623 3.49
    endloop
  endfacet
  facet normal 0 0 1
    outer loop
      vertex 17.6419035512032 -2.032534971524831 3.49
      vertex 17.625 -1.4289419162443235 3.49
      vertex 17.4314276634024 -1.524401228643623 3.49
    endloop
  endfacet
  facet normal 0 0 1
    outer loop
      vertex 17.80445635786439 -1.309033011480538 3.49
      vertex 17.900000000000002 -1.905255888325765 3.49
      vertex 18.139275143819187 -1.7453773486407176 3.49
    endloop
  endfacet
  facet normal 0 0 1
    outer loop
      vertex 15.460724856180816 -1.7453773486407176 3.49
      vertex 15.700000000000001 -1.905255888325765 3.49
      vertex 15.633273811042198 -1.1667261889578033 3.49
    endloop
  endfacet
  facet normal 0 0 1
    outer loop
      vertex 15.633273811042198 -1.1667261889578033 3.49
      vertex 15.700000000000001 -1.905255888325765 3.49
      vertex 15.795543642135613 -1.309033011480538 3.49
    endloop
  endfacet
  facet normal 0 0 1
    outer loop
      vertex 15.958096448796804 -2.032534971524831 3.49
      vertex 15.975000000000001 -1.4289419162443235 3.49
      vertex 15.795543642135613 -1.309033011480538 3.49
    endloop
  endfacet
  facet normal 0 0 1
    outer loop
      vertex 15.460724856180816 -1.7453773486407176 3.49
      vertex 15.371058083755678 -0.825 3.49
      vertex 15.244365081389596 -1.5556349186104048 3.49
    endloop
  endfacet
  facet normal 0 0 1
    outer loop
      vertex 15.460724856180816 -1.7453773486407176 3.49
      vertex 15.633273811042198 -1.1667261889578033 3.49
      vertex 15.490966988519462 -1.004456357864389 3.49
    endloop
  endfacet
  facet normal 0 0 1
    outer loop
      vertex 15.460724856180816 -1.7453773486407176 3.49
      vertex 15.490966988519462 -1.004456357864389 3.49
      vertex 15.371058083755678 -0.825 3.49
    endloop
  endfacet
  facet normal 0 0 1
    outer loop
      vertex 15.244365081389596 -1.5556349186104048 3.49
      vertex 15.371058083755678 -0.825 3.49
      vertex 15.275598771356378 -0.6314276634023981 3.49
    endloop
  endfacet
  facet normal 0 0 1
    outer loop
      vertex 15.244365081389596 -1.5556349186104048 3.49
      vertex 15.275598771356378 -0.6314276634023981 3.49
      vertex 15.206222386623038 -0.4270514244191592 3.49
    endloop
  endfacet
  facet normal 0 0 1
    outer loop
      vertex 17.625 -1.4289419162443235 3.49
      vertex 17.900000000000002 -1.905255888325765 3.49
      vertex 17.80445635786439 -1.309033011480538 3.49
    endloop
  endfacet
  facet normal 0 0 1
    outer loop
      vertex 18.139275143819187 -1.7453773486407176 3.49
      vertex 18.355634918610406 -1.5556349186104048 3.49
      vertex 18.109033011480538 -1.004456357864389 3.49
    endloop
  endfacet
  facet normal 0 0 1
    outer loop
      vertex 17.80445635786439 -1.309033011480538 3.49
      vertex 18.139275143819187 -1.7453773486407176 3.49
      vertex 17.966726188957804 -1.1667261889578033 3.49
    endloop
  endfacet
  facet normal 0 0 1
    outer loop
      vertex 18.139275143819187 -1.7453773486407176 3.49
      vertex 18.109033011480538 -1.004456357864389 3.49
      vertex 17.966726188957804 -1.1667261889578033 3.49
    endloop
  endfacet
  facet normal 0 0 1
    outer loop
      vertex 18.355634918610406 -1.5556349186104048 3.49
      vertex 18.54537734864072 -1.3392751438191854 3.49
      vertex 18.324401228643623 -0.6314276634023981 3.49
    endloop
  endfacet
  facet normal 0 0 1
    outer loop
      vertex 18.355634918610406 -1.5556349186104048 3.49
      vertex 18.228941916244324 -0.825 3.49
      vertex 18.109033011480538 -1.004456357864389 3.49
    endloop
  endfacet
  facet normal 0 0 1
    outer loop
      vertex 18.355634918610406 -1.5556349186104048 3.49
      vertex 18.324401228643623 -0.6314276634023981 3.49
      vertex 18.228941916244324 -0.825 3.49
    endloop
  endfacet
  facet normal 0 0 1
    outer loop
      vertex 15.244365081389596 -1.5556349186104048 3.49
      vertex 15.164115978733214 -0.21536821716308507 3.49
      vertex 15.15 0 3.49
    endloop
  endfacet
  facet normal 0 0 1
    outer loop
      vertex 15.054622651359283 -1.3392751438191854 3.49
      vertex 15.244365081389596 -1.5556349186104048 3.49
      vertex 15.054622651359283 1.3392751438191854 3.49
    endloop
  endfacet
  facet normal 0 0 1
    outer loop
      vertex 15.054622651359283 -1.3392751438191854 3.49
      vertex 14.894744111674235 1.1 3.49
      vertex 14.894744111674235 -1.1 3.49
    endloop
  endfacet
  facet normal 0 0 1
    outer loop
      vertex 15.244365081389596 -1.5556349186104048 3.49
      vertex 15.206222386623038 -0.4270514244191592 3.49
      vertex 15.164115978733214 -0.21536821716308507 3.49
    endloop
  endfacet
  facet normal 0 0 1
    outer loop
      vertex 14.76746502847517 -0.8419035512031976 3.49
      vertex 14.894744111674235 -1.1 3.49
      vertex 14.76746502847517 0.8419035512031976 3.49
    endloop
  endfacet
  facet normal 0 0 1
    outer loop
      vertex 14.76746502847517 -0.8419035512031976 3.49
      vertex 14.67496318216405 0.5694018992255456 3.49
      vertex 14.67496318216405 -0.5694018992255456 3.49
    endloop
  endfacet
  facet normal 0 0 1
    outer loop
      vertex 14.67496318216405 -0.5694018992255456 3.49
      vertex 14.618821304977619 0.2871576228841135 3.49
      vertex 14.618821304977619 -0.2871576228841135 3.49
    endloop
  endfacet
  facet normal 0 0 1
    outer loop
      vertex 15.244365081389596 -1.5556349186104048 3.49
      vertex 15.15 0 3.49
      vertex 15.054622651359283 1.3392751438191854 3.49
    endloop
  endfacet
  facet normal 0 0 1
    outer loop
      vertex 18.54537734864072 -1.3392751438191854 3.49
      vertex 18.39377761337696 -0.4270514244191592 3.49
      vertex 18.324401228643623 -0.6314276634023981 3.49
    endloop
  endfacet
  facet normal 0 0 1
    outer loop
      vertex 18.54537734864072 -1.3392751438191854 3.49
      vertex 18.435884021266787 -0.21536821716308507 3.49
      vertex 18.39377761337696 -0.4270514244191592 3.49
    endloop
  endfacet
  facet normal 0 0 1
    outer loop
      vertex 18.54537734864072 -1.3392751438191854 3.49
      vertex 18.45 0 3.49
      vertex 18.435884021266787 -0.21536821716308507 3.49
    endloop
  endfacet
  facet normal 0 0 1
    outer loop
      vertex 18.54537734864072 -1.3392751438191854 3.49
      vertex 18.705255888325766 -1.1 3.49
      vertex 18.54537734864072 1.3392751438191854 3.49
    endloop
  endfacet
  facet normal 0 0 1
    outer loop
      vertex 18.705255888325766 -1.1 3.49
      vertex 18.832534971524833 -0.8419035512031976 3.49
      vertex 18.705255888325766 1.1 3.49
    endloop
  endfacet
  facet normal 0 0 1
    outer loop
      vertex 18.832534971524833 -0.8419035512031976 3.49
      vertex 18.925036817835952 -0.5694018992255456 3.49
      vertex 18.832534971524833 0.8419035512031976 3.49
    endloop
  endfacet
  facet normal 0 0 1
    outer loop
      vertex 18.925036817835952 -0.5694018992255456 3.49
      vertex 18.981178695022383 -0.2871576228841135 3.49
      vertex 18.925036817835952 0.5694018992255456 3.49
    endloop
  endfacet
  facet normal 0 0 -1
    outer loop
      vertex 14.600000000000001 0 0.39
      vertex 14.618821304977619 0.2871576228841135 0.39
      vertex 14.61 0 0.39
    endloop
  endfacet
  facet normal 0 0 -1
    outer loop
      vertex 14.61 0 0.39
      vertex 14.618821304977619 0.2871576228841135 0.39
      vertex 14.628735753591355 0.28585236096191297 0.39
    endloop
  endfacet
  facet normal 0 0 -1
    outer loop
      vertex 14.618821304977619 0.2871576228841135 0.39
      vertex 14.67496318216405 0.5694018992255456 0.39
      vertex 14.628735753591355 0.28585236096191297 0.39
    endloop
  endfacet
  facet normal 0 0 -1
    outer loop
      vertex 14.628735753591355 0.28585236096191297 0.39
      vertex 14.67496318216405 0.5694018992255456 0.39
      vertex 14.68462244042694 0.5668137087745204 0.39
    endloop
  endfacet
  facet normal 0 0 -1
    outer loop
      vertex 14.68462244042694 0.5668137087745204 0.39
      vertex 14.67496318216405 0.5694018992255456 0.39
      vertex 14.76746502847517 0.8419035512031976 0.39
    endloop
  endfacet
  facet normal 0 0 -1
    outer loop
      vertex 14.68462244042694 0.5668137087745204 0.39
      vertex 14.76746502847517 0.8419035512031976 0.39
      vertex 14.776703823800283 0.8380767168795467 0.39
    endloop
  endfacet
  facet normal 0 0 -1
    outer loop
      vertex 18.990000000000002 0 0.39
      vertex 18.971264246408644 0.28585236096191297 0.39
      vertex 19 0 0.39
    endloop
  endfacet
  facet normal 0.9978589232386035 0.06540312923014398 0
    outer loop
      vertex 19 0 0.39
      vertex 18.981178695022383 0.2871576228841135 0.39
      vertex 19 0 0.4
    endloop
  endfacet
  facet normal 0 0 -1
    outer loop
      vertex 19 0 0.39
      vertex 18.971264246408644 0.28585236096191297 0.39
      vertex 18.981178695022383 0.2871576228841135 0.39
    endloop
  endfacet
  facet normal 0 0 -1
    outer loop
      vertex 18.971264246408644 0.28585236096191297 0.39
      vertex 18.91537755957306 0.5668137087745204 0.39
      vertex 18.981178695022383 0.2871576228841135 0.39
    endloop
  endfacet
  facet normal 0 0 -1
    outer loop
      vertex 18.981178695022383 0.2871576228841135 0.39
      vertex 18.91537755957306 0.5668137087745204 0.39
      vertex 18.925036817835952 0.5694018992255456 0.39
    endloop
  endfacet
  facet normal 0 0 -1
    outer loop
      vertex 18.91537755957306 0.5668137087745204 0.39
      vertex 18.82329617619972 0.8380767168795467 0.39
      vertex 18.925036817835952 0.5694018992255456 0.39
    endloop
  endfacet
  facet normal 0 0 -1
    outer loop
      vertex 18.925036817835952 0.5694018992255456 0.39
      vertex 18.82329617619972 0.8380767168795467 0.39
      vertex 18.832534971524833 0.8419035512031976 0.39
    endloop
  endfacet
  facet normal -0.9978589232386035 0.06540312923014398 3.746572826832041e-19
    outer loop
      vertex 14.600000000000001 0 0.39
      vertex 14.618821304977619 0.2871576228841135 3.49
      vertex 14.618821304977619 0.2871576228841135 0.39
    endloop
  endfacet
  facet normal -0.9807852804032319 0.19509032201612064 9.670574681499056e-19
    outer loop
      vertex 14.618821304977619 0.2871576228841135 0.39
      vertex 14.67496318216405 0.5694018992255456 3.49
      vertex 14.67496318216405 0.5694018992255456 0.39
    endloop
  endfacet
  facet normal -0.9469301294951038 0.32143946530316686 1.6787178249363485e-18
    outer loop
      vertex 14.67496318216405 0.5694018992255456 0.39
      vertex 14.76746502847517 0.8419035512031976 3.49
      vertex 14.76746502847517 0.8419035512031976 0.39
    endloop
  endfacet
  facet normal 0.9978589232386035 0.06540312923014398 0
    outer loop
      vertex 19 0 0.4
      vertex 18.981178695022383 0.2871576228841135 0.39
      vertex 19 0 3.49
    endloop
  endfacet
  facet normal 0.9807852804032319 0.19509032201612064 0
    outer loop
      vertex 18.981178695022383 0.2871576228841135 0.39
      vertex 18.925036817835952 0.5694018992255456 0.39
      vertex 18.981178695022383 0.2871576228841135 3.49
    endloop
  endfacet
  facet normal 0.9469301294951057 0.32143946530316136 0
    outer loop
      vertex 18.925036817835952 0.5694018992255456 0.39
      vertex 18.832534971524833 0.8419035512031976 0.39
      vertex 18.925036817835952 0.5694018992255456 3.49
    endloop
  endfacet
  facet normal 0 0 -1
    outer loop
      vertex 14.76746502847517 0.8419035512031976 0.39
      vertex 14.894744111674235 1.1 0.39
      vertex 14.776703823800283 0.8380767168795467 0.39
    endloop
  endfacet
  facet normal 0 0 -1
    outer loop
      vertex 14.776703823800283 0.8380767168795467 0.39
      vertex 14.894744111674235 1.1 0.39
      vertex 14.90340436571208 1.095 0.39
    endloop
  endfacet
  facet normal 0 0 -1
    outer loop
      vertex 14.90340436571208 1.095 0.39
      vertex 14.894744111674235 1.1 0.39
      vertex 15.054622651359283 1.3392751438191854 0.39
    endloop
  endfacet
  facet normal 0 0 -1
    outer loop
      vertex 14.90340436571208 1.095 0.39
      vertex 15.054622651359283 1.3392751438191854 0.39
      vertex 15.062556184762196 1.3331875295290982 0.39
    endloop
  endfacet
  facet normal 0 0 -1
    outer loop
      vertex 15.054622651359283 1.3392751438191854 0.39
      vertex 15.244365081389596 1.5556349186104048 0.39
      vertex 15.062556184762196 1.3331875295290982 0.39
    endloop
  endfacet
  facet normal 0 0 -1
    outer loop
      vertex 15.062556184762196 1.3331875295290982 0.39
      vertex 15.244365081389596 1.5556349186104048 0.39
      vertex 15.251436149201462 1.5485638507985393 0.39
    endloop
  endfacet
  facet normal 0 0 -1
    outer loop
      vertex 15.244365081389596 1.5556349186104048 0.39
      vertex 15.460724856180816 1.7453773486407176 0.39
      vertex 15.251436149201462 1.5485638507985393 0.39
    endloop
  endfacet
  facet normal 0 0 -1
    outer loop
      vertex 18.69659563428792 1.0950000000000002 0.39
      vertex 18.832534971524833 0.8419035512031976 0.39
      vertex 18.82329617619972 0.8380767168795467 0.39
    endloop
  endfacet
  facet normal 0 0 -1
    outer loop
      vertex 18.69659563428792 1.0950000000000002 0.39
      vertex 18.705255888325766 1.1 0.39
      vertex 18.832534971524833 0.8419035512031976 0.39
    endloop
  endfacet
  facet normal 0 0 -1
    outer loop
      vertex 18.69659563428792 1.0950000000000002 0.39
      vertex 18.537443815237808 1.3331875295290982 0.39
      vertex 18.705255888325766 1.1 0.39
    endloop
  endfacet
  facet normal 0 0 -1
    outer loop
      vertex 18.34856385079854 1.5485638507985393 0.39
      vertex 18.54537734864072 1.3392751438191854 0.39
      vertex 18.537443815237808 1.3331875295290982 0.39
    endloop
  endfacet
  facet normal 0 0 -1
    outer loop
      vertex 18.537443815237808 1.3331875295290982 0.39
      vertex 18.54537734864072 1.3392751438191854 0.39
      vertex 18.705255888325766 1.1 0.39
    endloop
  endfacet
  facet normal 0 0 -1
    outer loop
      vertex 18.34856385079854 1.5485638507985393 0.39
      vertex 18.355634918610406 1.5556349186104048 0.39
      vertex 18.54537734864072 1.3392751438191854 0.39
    endloop
  endfacet
  facet normal 0 0 -1
    outer loop
      vertex 18.34856385079854 1.5485638507985393 0.39
      vertex 18.1331875295291 1.7374438152378053 0.39
      vertex 18.355634918610406 1.5556349186104048 0.39
    endloop
  endfacet
  facet normal -0.8968727415326893 0.4422886902189992 1.0516813489805836e-18
    outer loop
      vertex 14.76746502847517 0.8419035512031976 0.39
      vertex 14.894744111674235 1.1 3.49
      vertex 14.894744111674235 1.1 0.39
    endloop
  endfacet
  facet normal -0.8314696123025451 0.5555702330196025 3.7232213587091415e-18
    outer loop
      vertex 14.894744111674235 1.1 0.39
      vertex 15.054622651359283 1.3392751438191854 3.49
      vertex 15.054622651359283 1.3392751438191854 0.39
    endloop
  endfacet
  facet normal -0.7518398074789782 0.659345815100068 -3.2570668276673477e-18
    outer loop
      vertex 15.054622651359283 1.3392751438191854 0.39
      vertex 15.244365081389596 1.5556349186104048 3.49
      vertex 15.244365081389596 1.5556349186104048 0.39
    endloop
  endfacet
  facet normal 0.8968727415326868 0.44228869021900424 0
    outer loop
      vertex 18.832534971524833 0.8419035512031976 0.39
      vertex 18.705255888325766 1.1 0.39
      vertex 18.832534971524833 0.8419035512031976 3.49
    endloop
  endfacet
  facet normal 0.7518398074789752 0.6593458151000714 2.3834136734621736e-19
    outer loop
      vertex 18.355634918610406 1.5556349186104048 0.39
      vertex 18.54537734864072 1.3392751438191854 3.49
      vertex 18.54537734864072 1.3392751438191854 0.39
    endloop
  endfacet
  facet normal 0.8314696123025479 0.5555702330195982 0
    outer loop
      vertex 18.54537734864072 1.3392751438191854 0.39
      vertex 18.54537734864072 1.3392751438191854 3.49
      vertex 18.705255888325766 1.1 0.39
    endloop
  endfacet
  facet normal -0.9978589232386035 0.06540312923014398 0
    outer loop
      vertex 14.600000000000001 0 0.39
      vertex 14.600000000000001 0 3.49
      vertex 14.618821304977619 0.2871576228841135 3.49
    endloop
  endfacet
  facet normal -0.9807852804032319 0.19509032201612064 0
    outer loop
      vertex 14.618821304977619 0.2871576228841135 0.39
      vertex 14.618821304977619 0.2871576228841135 3.49
      vertex 14.67496318216405 0.5694018992255456 3.49
    endloop
  endfacet
  facet normal -0.9469301294951038 0.32143946530316686 0
    outer loop
      vertex 14.67496318216405 0.5694018992255456 0.39
      vertex 14.67496318216405 0.5694018992255456 3.49
      vertex 14.76746502847517 0.8419035512031976 3.49
    endloop
  endfacet
  facet normal 0.9978589232386035 0.06540312923014398 0
    outer loop
      vertex 18.981178695022383 0.2871576228841135 0.39
      vertex 18.981178695022383 0.2871576228841135 3.49
      vertex 19 0 3.49
    endloop
  endfacet
  facet normal 0.9807852804032319 0.19509032201612064 0
    outer loop
      vertex 18.925036817835952 0.5694018992255456 0.39
      vertex 18.925036817835952 0.5694018992255456 3.49
      vertex 18.981178695022383 0.2871576228841135 3.49
    endloop
  endfacet
  facet normal 0.9469301294951057 0.32143946530316136 0
    outer loop
      vertex 18.832534971524833 0.8419035512031976 0.39
      vertex 18.832534971524833 0.8419035512031976 3.49
      vertex 18.925036817835952 0.5694018992255456 3.49
    endloop
  endfacet
  facet normal -0.8968727415326893 0.4422886902189992 0
    outer loop
      vertex 14.76746502847517 0.8419035512031976 0.39
      vertex 14.76746502847517 0.8419035512031976 3.49
      vertex 14.894744111674235 1.1 3.49
    endloop
  endfacet
  facet normal -0.8314696123025451 0.5555702330196025 0
    outer loop
      vertex 14.894744111674235 1.1 0.39
      vertex 14.894744111674235 1.1 3.49
      vertex 15.054622651359283 1.3392751438191854 3.49
    endloop
  endfacet
  facet normal -0.7518398074789782 0.659345815100068 0
    outer loop
      vertex 15.054622651359283 1.3392751438191854 0.39
      vertex 15.054622651359283 1.3392751438191854 3.49
      vertex 15.244365081389596 1.5556349186104048 3.49
    endloop
  endfacet
  facet normal -0.659345815100067 0.7518398074789792 0
    outer loop
      vertex 15.244365081389596 1.5556349186104048 0.39
      vertex 15.244365081389596 1.5556349186104048 3.49
      vertex 15.460724856180816 1.7453773486407176 3.49
    endloop
  endfacet
  facet normal 0.8968727415326868 0.44228869021900424 0
    outer loop
      vertex 18.705255888325766 1.1 0.39
      vertex 18.705255888325766 1.1 3.49
      vertex 18.832534971524833 0.8419035512031976 3.49
    endloop
  endfacet
  facet normal 0.8314696123025479 0.5555702330195982 0
    outer loop
      vertex 18.705255888325766 1.1 0.39
      vertex 18.54537734864072 1.3392751438191854 3.49
      vertex 18.705255888325766 1.1 3.49
    endloop
  endfacet
  facet normal 0.7518398074789752 0.6593458151000714 0
    outer loop
      vertex 18.355634918610406 1.5556349186104048 0.39
      vertex 18.355634918610406 1.5556349186104048 3.49
      vertex 18.54537734864072 1.3392751438191854 3.49
    endloop
  endfacet
  facet normal 0.65934581510007 0.7518398074789764 0
    outer loop
      vertex 18.355634918610406 1.5556349186104048 0.39
      vertex 18.139275143819187 1.7453773486407176 3.49
      vertex 18.355634918610406 1.5556349186104048 3.49
    endloop
  endfacet
  facet normal 0 0 -1
    outer loop
      vertex 15.251436149201462 1.5485638507985393 0.39
      vertex 15.460724856180816 1.7453773486407176 0.39
      vertex 15.466812470470902 1.7374438152378053 0.39
    endloop
  endfacet
  facet normal 0 0 -1
    outer loop
      vertex 15.466812470470902 1.7374438152378053 0.39
      vertex 15.460724856180816 1.7453773486407176 0.39
      vertex 15.700000000000001 1.905255888325765 0.39
    endloop
  endfacet
  facet normal 0 0 -1
    outer loop
      vertex 15.466812470470902 1.7374438152378053 0.39
      vertex 15.700000000000001 1.905255888325765 0.39
      vertex 15.705 1.8965956342879207 0.39
    endloop
  endfacet
  facet normal 0 0 -1
    outer loop
      vertex 15.705 1.8965956342879207 0.39
      vertex 15.700000000000001 1.905255888325765 0.39
      vertex 15.958096448796804 2.032534971524831 0.39
    endloop
  endfacet
  facet normal 0 0 -1
    outer loop
      vertex 15.705 1.8965956342879207 0.39
      vertex 15.958096448796804 2.032534971524831 0.39
      vertex 15.961923283120454 2.023296176199718 0.39
    endloop
  endfacet
  facet normal 0 0 -1
    outer loop
      vertex 15.961923283120454 2.023296176199718 0.39
      vertex 15.958096448796804 2.032534971524831 0.39
      vertex 16.230598100774454 2.1250368178359507 0.39
    endloop
  endfacet
  facet normal 0 0 -1
    outer loop
      vertex 15.961923283120454 2.023296176199718 0.39
      vertex 16.230598100774454 2.1250368178359507 0.39
      vertex 16.23318629122548 2.11537755957306 0.39
    endloop
  endfacet
  facet normal 0 0 -1
    outer loop
      vertex 16.230598100774454 2.1250368178359507 0.39
      vertex 16.512842377115888 2.181178695022383 0.39
      vertex 16.23318629122548 2.11537755957306 0.39
    endloop
  endfacet
  facet normal 0 0 -1
    outer loop
      vertex 16.23318629122548 2.11537755957306 0.39
      vertex 16.512842377115888 2.181178695022383 0.39
      vertex 16.51414763903809 2.171264246408645 0.39
    endloop
  endfacet
  facet normal 0 0 -1
    outer loop
      vertex 17.895 1.8965956342879207 0.39
      vertex 17.638076716879546 2.023296176199718 0.39
      vertex 17.900000000000002 1.905255888325765 0.39
    endloop
  endfacet
  facet normal 0 0 -1
    outer loop
      vertex 17.638076716879546 2.023296176199718 0.39
      vertex 17.6419035512032 2.032534971524831 0.39
      vertex 17.900000000000002 1.905255888325765 0.39
    endloop
  endfacet
  facet normal 0 0 -1
    outer loop
      vertex 18.355634918610406 1.5556349186104048 0.39
      vertex 18.1331875295291 1.7374438152378053 0.39
      vertex 18.139275143819187 1.7453773486407176 0.39
    endloop
  endfacet
  facet normal 0 0 -1
    outer loop
      vertex 17.895 1.8965956342879207 0.39
      vertex 18.139275143819187 1.7453773486407176 0.39
      vertex 18.1331875295291 1.7374438152378053 0.39
    endloop
  endfacet
  facet normal 0 0 -1
    outer loop
      vertex 17.895 1.8965956342879207 0.39
      vertex 17.900000000000002 1.905255888325765 0.39
      vertex 18.139275143819187 1.7453773486407176 0.39
    endloop
  endfacet
  facet normal 0 0 -1
    outer loop
      vertex 16.51414763903809 2.171264246408645 0.39
      vertex 16.512842377115888 2.181178695022383 0.39
      vertex 16.8 2.2 0.39
    endloop
  endfacet
  facet normal 0 0 -1
    outer loop
      vertex 16.51414763903809 2.171264246408645 0.39
      vertex 16.8 2.2 0.39
      vertex 16.8 2.1900000000000004 0.39
    endloop
  endfacet
  facet normal 0 0 -1
    outer loop
      vertex 16.8 2.1900000000000004 0.39
      vertex 17.087157622884114 2.181178695022383 0.39
      vertex 17.085852360961912 2.171264246408645 0.39
    endloop
  endfacet
  facet normal 0 0 -1
    outer loop
      vertex 17.085852360961912 2.171264246408645 0.39
      vertex 17.087157622884114 2.181178695022383 0.39
      vertex 17.369401899225547 2.1250368178359507 0.39
    endloop
  endfacet
  facet normal 0 0 -1
    outer loop
      vertex 16.8 2.1900000000000004 0.39
      vertex 16.8 2.2 0.39
      vertex 17.087157622884114 2.181178695022383 0.39
    endloop
  endfacet
  facet normal 0 0 -1
    outer loop
      vertex 17.366813708774522 2.11537755957306 0.39
      vertex 17.369401899225547 2.1250368178359507 0.39
      vertex 17.6419035512032 2.032534971524831 0.39
    endloop
  endfacet
  facet normal 0 0 -1
    outer loop
      vertex 17.366813708774522 2.11537755957306 0.39
      vertex 17.6419035512032 2.032534971524831 0.39
      vertex 17.638076716879546 2.023296176199718 0.39
    endloop
  endfacet
  facet normal 0 0 -1
    outer loop
      vertex 17.085852360961912 2.171264246408645 0.39
      vertex 17.369401899225547 2.1250368178359507 0.39
      vertex 17.366813708774522 2.11537755957306 0.39
    endloop
  endfacet
  facet normal -0.659345815100067 0.7518398074789792 -1.6194213779223645e-18
    outer loop
      vertex 15.244365081389596 1.5556349186104048 0.39
      vertex 15.460724856180816 1.7453773486407176 3.49
      vertex 15.460724856180816 1.7453773486407176 0.39
    endloop
  endfacet
  facet normal -0.5555702330196023 0.8314696123025452 0
    outer loop
      vertex 15.460724856180816 1.7453773486407176 0.39
      vertex 15.460724856180816 1.7453773486407176 3.49
      vertex 15.700000000000001 1.905255888325765 0.39
    endloop
  endfacet
  facet normal -0.44228869021900113 0.8968727415326884 -6.80835031478182e-19
    outer loop
      vertex 15.700000000000001 1.905255888325765 0.39
      vertex 15.958096448796804 2.032534971524831 3.49
      vertex 15.958096448796804 2.032534971524831 0.39
    endloop
  endfacet
  facet normal -0.32143946530316414 0.9469301294951048 1.0512399684414188e-18
    outer loop
      vertex 15.958096448796804 2.032534971524831 0.39
      vertex 16.230598100774454 2.1250368178359507 3.49
      vertex 16.230598100774454 2.1250368178359507 0.39
    endloop
  endfacet
  facet normal -0.19509032201612556 0.9807852804032311 -3.5277924610017197e-19
    outer loop
      vertex 16.230598100774454 2.1250368178359507 0.39
      vertex 16.512842377115888 2.181178695022383 3.49
      vertex 16.512842377115888 2.181178695022383 0.39
    endloop
  endfacet
  facet normal 0.44228869021900113 0.8968727415326884 6.80835031478182e-19
    outer loop
      vertex 17.6419035512032 2.032534971524831 0.39
      vertex 17.900000000000002 1.905255888325765 3.49
      vertex 17.900000000000002 1.905255888325765 0.39
    endloop
  endfacet
  facet normal 0.65934581510007 0.7518398074789764 -1.6935954889362359e-18
    outer loop
      vertex 18.355634918610406 1.5556349186104048 0.39
      vertex 18.139275143819187 1.7453773486407176 0.39
      vertex 18.139275143819187 1.7453773486407176 3.49
    endloop
  endfacet
  facet normal 0.5555702330196023 0.8314696123025452 2.2886641144928184e-18
    outer loop
      vertex 17.900000000000002 1.905255888325765 0.39
      vertex 18.139275143819187 1.7453773486407176 3.49
      vertex 18.139275143819187 1.7453773486407176 0.39
    endloop
  endfacet
  facet normal -0.06540312923014413 0.9978589232386035 -6.749486886423458e-20
    outer loop
      vertex 16.512842377115888 2.181178695022383 0.39
      vertex 16.8 2.2 3.49
      vertex 16.8 2.2 0.39
    endloop
  endfacet
  facet normal 0.19509032201612556 0.9807852804032311 0
    outer loop
      vertex 17.087157622884114 2.181178695022383 0.39
      vertex 17.087157622884114 2.181178695022383 3.49
      vertex 17.369401899225547 2.1250368178359507 0.39
    endloop
  endfacet
  facet normal 0.06540312923014413 0.9978589232386035 6.749486886423458e-20
    outer loop
      vertex 16.8 2.2 0.39
      vertex 17.087157622884114 2.181178695022383 3.49
      vertex 17.087157622884114 2.181178695022383 0.39
    endloop
  endfacet
  facet normal 0.3214394653031623 0.9469301294951055 1.434097567487568e-18
    outer loop
      vertex 17.369401899225547 2.1250368178359507 0.39
      vertex 17.6419035512032 2.032534971524831 3.49
      vertex 17.6419035512032 2.032534971524831 0.39
    endloop
  endfacet
  facet normal -0.5555702330196023 0.8314696123025452 0
    outer loop
      vertex 15.700000000000001 1.905255888325765 0.39
      vertex 15.460724856180816 1.7453773486407176 3.49
      vertex 15.700000000000001 1.905255888325765 3.49
    endloop
  endfacet
  facet normal -0.44228869021900113 0.8968727415326884 0
    outer loop
      vertex 15.700000000000001 1.905255888325765 0.39
      vertex 15.700000000000001 1.905255888325765 3.49
      vertex 15.958096448796804 2.032534971524831 3.49
    endloop
  endfacet
  facet normal -0.32143946530316414 0.9469301294951048 0
    outer loop
      vertex 15.958096448796804 2.032534971524831 0.39
      vertex 15.958096448796804 2.032534971524831 3.49
      vertex 16.230598100774454 2.1250368178359507 3.49
    endloop
  endfacet
  facet normal -0.19509032201612556 0.9807852804032311 0
    outer loop
      vertex 16.230598100774454 2.1250368178359507 0.39
      vertex 16.230598100774454 2.1250368178359507 3.49
      vertex 16.512842377115888 2.181178695022383 3.49
    endloop
  endfacet
  facet normal 0.44228869021900113 0.8968727415326884 0
    outer loop
      vertex 17.6419035512032 2.032534971524831 0.39
      vertex 17.6419035512032 2.032534971524831 3.49
      vertex 17.900000000000002 1.905255888325765 3.49
    endloop
  endfacet
  facet normal 0.5555702330196023 0.8314696123025452 0
    outer loop
      vertex 17.900000000000002 1.905255888325765 0.39
      vertex 17.900000000000002 1.905255888325765 3.49
      vertex 18.139275143819187 1.7453773486407176 3.49
    endloop
  endfacet
  facet normal -0.06540312923014413 0.9978589232386035 0
    outer loop
      vertex 16.512842377115888 2.181178695022383 0.39
      vertex 16.512842377115888 2.181178695022383 3.49
      vertex 16.8 2.2 3.49
    endloop
  endfacet
  facet normal 0.06540312923014413 0.9978589232386035 0
    outer loop
      vertex 16.8 2.2 0.39
      vertex 16.8 2.2 3.49
      vertex 17.087157622884114 2.181178695022383 3.49
    endloop
  endfacet
  facet normal 0.3214394653031623 0.9469301294951055 0
    outer loop
      vertex 17.369401899225547 2.1250368178359507 0.39
      vertex 17.369401899225547 2.1250368178359507 3.49
      vertex 17.6419035512032 2.032534971524831 3.49
    endloop
  endfacet
  facet normal 0.19509032201612556 0.9807852804032311 0
    outer loop
      vertex 17.369401899225547 2.1250368178359507 0.39
      vertex 17.087157622884114 2.181178695022383 3.49
      vertex 17.369401899225547 2.1250368178359507 3.49
    endloop
  endfacet
  facet normal 0 0 1
    outer loop
      vertex 14.618821304977619 -0.2871576228841135 3.49
      vertex 14.618821304977619 0.2871576228841135 3.49
      vertex 14.600000000000001 0 3.49
    endloop
  endfacet
  facet normal 0 0 1
    outer loop
      vertex 14.67496318216405 -0.5694018992255456 3.49
      vertex 14.67496318216405 0.5694018992255456 3.49
      vertex 14.618821304977619 0.2871576228841135 3.49
    endloop
  endfacet
  facet normal 0 0 1
    outer loop
      vertex 14.76746502847517 -0.8419035512031976 3.49
      vertex 14.76746502847517 0.8419035512031976 3.49
      vertex 14.67496318216405 0.5694018992255456 3.49
    endloop
  endfacet
  facet normal 0 0 1
    outer loop
      vertex 14.894744111674235 -1.1 3.49
      vertex 14.894744111674235 1.1 3.49
      vertex 14.76746502847517 0.8419035512031976 3.49
    endloop
  endfacet
  facet normal 0 0 1
    outer loop
      vertex 15.054622651359283 -1.3392751438191854 3.49
      vertex 15.054622651359283 1.3392751438191854 3.49
      vertex 14.894744111674235 1.1 3.49
    endloop
  endfacet
  facet normal 0 0 1
    outer loop
      vertex 15.15 0 3.49
      vertex 15.164115978733214 0.21536821716308507 3.49
      vertex 15.054622651359283 1.3392751438191854 3.49
    endloop
  endfacet
  facet normal 0 0 1
    outer loop
      vertex 15.164115978733214 0.21536821716308507 3.49
      vertex 15.206222386623038 0.4270514244191592 3.49
      vertex 15.054622651359283 1.3392751438191854 3.49
    endloop
  endfacet
  facet normal 0 0 1
    outer loop
      vertex 15.206222386623038 0.4270514244191592 3.49
      vertex 15.275598771356378 0.6314276634023981 3.49
      vertex 15.054622651359283 1.3392751438191854 3.49
    endloop
  endfacet
  facet normal 0 0 1
    outer loop
      vertex 18.54537734864072 -1.3392751438191854 3.49
      vertex 18.355634918610406 1.5556349186104048 3.49
      vertex 18.45 0 3.49
    endloop
  endfacet
  facet normal 0 0 1
    outer loop
      vertex 18.981178695022383 -0.2871576228841135 3.49
      vertex 19 0 3.49
      vertex 18.981178695022383 0.2871576228841135 3.49
    endloop
  endfacet
  facet normal 0 0 1
    outer loop
      vertex 18.981178695022383 -0.2871576228841135 3.49
      vertex 18.981178695022383 0.2871576228841135 3.49
      vertex 18.925036817835952 0.5694018992255456 3.49
    endloop
  endfacet
  facet normal 0 0 1
    outer loop
      vertex 18.925036817835952 -0.5694018992255456 3.49
      vertex 18.925036817835952 0.5694018992255456 3.49
      vertex 18.832534971524833 0.8419035512031976 3.49
    endloop
  endfacet
  facet normal 0 0 1
    outer loop
      vertex 18.832534971524833 -0.8419035512031976 3.49
      vertex 18.832534971524833 0.8419035512031976 3.49
      vertex 18.705255888325766 1.1 3.49
    endloop
  endfacet
  facet normal 0 0 1
    outer loop
      vertex 18.54537734864072 -1.3392751438191854 3.49
      vertex 18.54537734864072 1.3392751438191854 3.49
      vertex 18.355634918610406 1.5556349186104048 3.49
    endloop
  endfacet
  facet normal 0 0 1
    outer loop
      vertex 18.435884021266787 0.21536821716308507 3.49
      vertex 18.45 0 3.49
      vertex 18.355634918610406 1.5556349186104048 3.49
    endloop
  endfacet
  facet normal 0 0 1
    outer loop
      vertex 18.705255888325766 -1.1 3.49
      vertex 18.705255888325766 1.1 3.49
      vertex 18.54537734864072 1.3392751438191854 3.49
    endloop
  endfacet
  facet normal 0 0 1
    outer loop
      vertex 18.435884021266787 0.21536821716308507 3.49
      vertex 18.355634918610406 1.5556349186104048 3.49
      vertex 18.39377761337696 0.4270514244191592 3.49
    endloop
  endfacet
  facet normal 0 0 1
    outer loop
      vertex 15.275598771356378 0.6314276634023981 3.49
      vertex 15.371058083755678 0.825 3.49
      vertex 15.244365081389596 1.5556349186104048 3.49
    endloop
  endfacet
  facet normal 0 0 1
    outer loop
      vertex 15.371058083755678 0.825 3.49
      vertex 15.490966988519462 1.004456357864389 3.49
      vertex 15.244365081389596 1.5556349186104048 3.49
    endloop
  endfacet
  facet normal 0 0 1
    outer loop
      vertex 15.275598771356378 0.6314276634023981 3.49
      vertex 15.244365081389596 1.5556349186104048 3.49
      vertex 15.054622651359283 1.3392751438191854 3.49
    endloop
  endfacet
  facet normal 0 0 1
    outer loop
      vertex 15.490966988519462 1.004456357864389 3.49
      vertex 15.633273811042198 1.1667261889578033 3.49
      vertex 15.460724856180816 1.7453773486407176 3.49
    endloop
  endfacet
  facet normal 0 0 1
    outer loop
      vertex 15.633273811042198 1.1667261889578033 3.49
      vertex 15.795543642135613 1.309033011480538 3.49
      vertex 15.460724856180816 1.7453773486407176 3.49
    endloop
  endfacet
  facet normal 0 0 1
    outer loop
      vertex 15.490966988519462 1.004456357864389 3.49
      vertex 15.460724856180816 1.7453773486407176 3.49
      vertex 15.244365081389596 1.5556349186104048 3.49
    endloop
  endfacet
  facet normal 0 0 1
    outer loop
      vertex 15.795543642135613 1.309033011480538 3.49
      vertex 15.975000000000001 1.4289419162443235 3.49
      vertex 15.700000000000001 1.905255888325765 3.49
    endloop
  endfacet
  facet normal 0 0 1
    outer loop
      vertex 18.39377761337696 0.4270514244191592 3.49
      vertex 18.355634918610406 1.5556349186104048 3.49
      vertex 18.324401228643623 0.6314276634023981 3.49
    endloop
  endfacet
  facet normal 0 0 1
    outer loop
      vertex 18.324401228643623 0.6314276634023981 3.49
      vertex 18.355634918610406 1.5556349186104048 3.49
      vertex 18.228941916244324 0.825 3.49
    endloop
  endfacet
  facet normal 0 0 1
    outer loop
      vertex 18.109033011480538 1.004456357864389 3.49
      vertex 18.228941916244324 0.825 3.49
      vertex 18.139275143819187 1.7453773486407176 3.49
    endloop
  endfacet
  facet normal 0 0 1
    outer loop
      vertex 17.80445635786439 1.309033011480538 3.49
      vertex 17.6419035512032 2.032534971524831 3.49
      vertex 17.625 1.4289419162443235 3.49
    endloop
  endfacet
  facet normal 0 0 1
    outer loop
      vertex 18.109033011480538 1.004456357864389 3.49
      vertex 18.139275143819187 1.7453773486407176 3.49
      vertex 17.966726188957804 1.1667261889578033 3.49
    endloop
  endfacet
  facet normal 0 0 1
    outer loop
      vertex 18.228941916244324 0.825 3.49
      vertex 18.355634918610406 1.5556349186104048 3.49
      vertex 18.139275143819187 1.7453773486407176 3.49
    endloop
  endfacet
  facet normal 0 0 1
    outer loop
      vertex 17.80445635786439 1.309033011480538 3.49
      vertex 17.966726188957804 1.1667261889578033 3.49
      vertex 17.900000000000002 1.905255888325765 3.49
    endloop
  endfacet
  facet normal 0 0 1
    outer loop
      vertex 17.966726188957804 1.1667261889578033 3.49
      vertex 18.139275143819187 1.7453773486407176 3.49
      vertex 17.900000000000002 1.905255888325765 3.49
    endloop
  endfacet
  facet normal 0 0 1
    outer loop
      vertex 15.460724856180816 1.7453773486407176 3.49
      vertex 15.795543642135613 1.309033011480538 3.49
      vertex 15.700000000000001 1.905255888325765 3.49
    endloop
  endfacet
  facet normal 0 0 1
    outer loop
      vertex 15.975000000000001 1.4289419162443235 3.49
      vertex 16.168572336597602 1.524401228643623 3.49
      vertex 15.958096448796804 2.032534971524831 3.49
    endloop
  endfacet
  facet normal 0 0 1
    outer loop
      vertex 16.168572336597602 1.524401228643623 3.49
      vertex 16.372948575580843 1.5937776133769626 3.49
      vertex 15.958096448796804 2.032534971524831 3.49
    endloop
  endfacet
  facet normal 0 0 1
    outer loop
      vertex 15.975000000000001 1.4289419162443235 3.49
      vertex 15.958096448796804 2.032534971524831 3.49
      vertex 15.700000000000001 1.905255888325765 3.49
    endloop
  endfacet
  facet normal 0 0 1
    outer loop
      vertex 16.230598100774454 2.1250368178359507 3.49
      vertex 16.372948575580843 1.5937776133769626 3.49
      vertex 16.584631782836915 1.6358840212667871 3.49
    endloop
  endfacet
  facet normal 0 0 1
    outer loop
      vertex 15.958096448796804 2.032534971524831 3.49
      vertex 16.372948575580843 1.5937776133769626 3.49
      vertex 16.230598100774454 2.1250368178359507 3.49
    endloop
  endfacet
  facet normal 0 0 1
    outer loop
      vertex 16.230598100774454 2.1250368178359507 3.49
      vertex 16.584631782836915 1.6358840212667871 3.49
      vertex 16.512842377115888 2.181178695022383 3.49
    endloop
  endfacet
  facet normal 0 0 1
    outer loop
      vertex 16.584631782836915 1.6358840212667871 3.49
      vertex 16.8 1.65 3.49
      vertex 16.512842377115888 2.181178695022383 3.49
    endloop
  endfacet
  facet normal 0 0 1
    outer loop
      vertex 17.015368217163086 1.6358840212667871 3.49
      vertex 17.22705142441916 1.5937776133769626 3.49
      vertex 17.087157622884114 2.181178695022383 3.49
    endloop
  endfacet
  facet normal 0 0 1
    outer loop
      vertex 17.4314276634024 1.524401228643623 3.49
      vertex 17.625 1.4289419162443235 3.49
      vertex 17.6419035512032 2.032534971524831 3.49
    endloop
  endfacet
  facet normal 0 0 1
    outer loop
      vertex 17.22705142441916 1.5937776133769626 3.49
      vertex 17.4314276634024 1.524401228643623 3.49
      vertex 17.369401899225547 2.1250368178359507 3.49
    endloop
  endfacet
  facet normal 0 0 1
    outer loop
      vertex 17.80445635786439 1.309033011480538 3.49
      vertex 17.900000000000002 1.905255888325765 3.49
      vertex 17.6419035512032 2.032534971524831 3.49
    endloop
  endfacet
  facet normal 0 0 1
    outer loop
      vertex 17.015368217163086 1.6358840212667871 3.49
      vertex 16.8 2.2 3.49
      vertex 16.8 1.65 3.49
    endloop
  endfacet
  facet normal 0 0 1
    outer loop
      vertex 16.512842377115888 2.181178695022383 3.49
      vertex 16.8 1.65 3.49
      vertex 16.8 2.2 3.49
    endloop
  endfacet
  facet normal 0 0 1
    outer loop
      vertex 17.015368217163086 1.6358840212667871 3.49
      vertex 17.087157622884114 2.181178695022383 3.49
      vertex 16.8 2.2 3.49
    endloop
  endfacet
  facet normal 0 0 1
    outer loop
      vertex 17.4314276634024 1.524401228643623 3.49
      vertex 17.6419035512032 2.032534971524831 3.49
      vertex 17.369401899225547 2.1250368178359507 3.49
    endloop
  endfacet
  facet normal 0 0 1
    outer loop
      vertex 17.22705142441916 1.5937776133769626 3.49
      vertex 17.369401899225547 2.1250368178359507 3.49
      vertex 17.087157622884114 2.181178695022383 3.49
    endloop
  endfacet
  facet normal 0 0 -1
    outer loop
      vertex -0.5694018992255456 -2.1250368178359507 0.39
      vertex -0.28585236096191297 -2.171264246408645 0.39
      vertex -0.2871576228841135 -2.181178695022383 0.39
    endloop
  endfacet
  facet normal 0 0 -1
    outer loop
      vertex -0.5694018992255456 -2.1250368178359507 0.39
      vertex -0.5668137087745204 -2.11537755957306 0.39
      vertex -0.28585236096191297 -2.171264246408645 0.39
    endloop
  endfacet
  facet normal 0 0 -1
    outer loop
      vertex -0.8419035512031976 -2.032534971524831 0.39
      vertex -0.5668137087745204 -2.11537755957306 0.39
      vertex -0.5694018992255456 -2.1250368178359507 0.39
    endloop
  endfacet
  facet normal 0 0 -1
    outer loop
      vertex -0.8419035512031976 -2.032534971524831 0.39
      vertex -0.8380767168795467 -2.023296176199718 0.39
      vertex -0.5668137087745204 -2.11537755957306 0.39
    endloop
  endfacet
  facet normal 0 0 -1
    outer loop
      vertex -0.2871576228841135 -2.181178695022383 0.39
      vertex 0 -2.1900000000000004 0.39
      vertex 0 -2.2 0.39
    endloop
  endfacet
  facet normal 0 0 -1
    outer loop
      vertex 0 -2.2 0.39
      vertex 0 -2.1900000000000004 0.39
      vertex 0.28585236096191297 -2.171264246408645 0.39
    endloop
  endfacet
  facet normal 0 0 -1
    outer loop
      vertex -0.2871576228841135 -2.181178695022383 0.39
      vertex -0.28585236096191297 -2.171264246408645 0.39
      vertex 0 -2.1900000000000004 0.39
    endloop
  endfacet
  facet normal 0 0 -1
    outer loop
      vertex 0 -2.2 0.39
      vertex 0.28585236096191297 -2.171264246408645 0.39
      vertex 0.2871576228841135 -2.181178695022383 0.39
    endloop
  endfacet
  facet normal 0 0 -1
    outer loop
      vertex 0.2871576228841135 -2.181178695022383 0.39
      vertex 0.28585236096191297 -2.171264246408645 0.39
      vertex 0.5668137087745204 -2.11537755957306 0.39
    endloop
  endfacet
  facet normal 0 0 -1
    outer loop
      vertex 0.2871576228841135 -2.181178695022383 0.39
      vertex 0.5668137087745204 -2.11537755957306 0.39
      vertex 0.5694018992255456 -2.1250368178359507 0.39
    endloop
  endfacet
  facet normal 0 0 -1
    outer loop
      vertex -0.8419035512031976 -2.032534971524831 0.39
      vertex -1.1 -1.905255888325765 0.39
      vertex -0.8380767168795467 -2.023296176199718 0.39
    endloop
  endfacet
  facet normal 0 0 -1
    outer loop
      vertex -0.8380767168795467 -2.023296176199718 0.39
      vertex -1.1 -1.905255888325765 0.39
      vertex -1.0950000000000002 -1.8965956342879207 0.39
    endloop
  endfacet
  facet normal 0 0 -1
    outer loop
      vertex -1.3392751438191854 -1.7453773486407176 0.39
      vertex -1.0950000000000002 -1.8965956342879207 0.39
      vertex -1.1 -1.905255888325765 0.39
    endloop
  endfacet
  facet normal 0 0 -1
    outer loop
      vertex -1.3392751438191854 -1.7453773486407176 0.39
      vertex -1.3331875295290982 -1.7374438152378053 0.39
      vertex -1.0950000000000002 -1.8965956342879207 0.39
    endloop
  endfacet
  facet normal 0 0 -1
    outer loop
      vertex -1.3392751438191854 -1.7453773486407176 0.39
      vertex -1.5556349186104048 -1.5556349186104048 0.39
      vertex -1.3331875295290982 -1.7374438152378053 0.39
    endloop
  endfacet
  facet normal 0 0 -1
    outer loop
      vertex 0.5668137087745204 -2.11537755957306 0.39
      vertex 0.8380767168795467 -2.023296176199718 0.39
      vertex 0.5694018992255456 -2.1250368178359507 0.39
    endloop
  endfacet
  facet normal 0 0 -1
    outer loop
      vertex 0.5694018992255456 -2.1250368178359507 0.39
      vertex 0.8380767168795467 -2.023296176199718 0.39
      vertex 0.8419035512031976 -2.032534971524831 0.39
    endloop
  endfacet
  facet normal 0 0 -1
    outer loop
      vertex 0.8419035512031976 -2.032534971524831 0.39
      vertex 0.8380767168795467 -2.023296176199718 0.39
      vertex 1.0950000000000002 -1.8965956342879207 0.39
    endloop
  endfacet
  facet normal 0 0 -1
    outer loop
      vertex 0.8419035512031976 -2.032534971524831 0.39
      vertex 1.0950000000000002 -1.8965956342879207 0.39
      vertex 1.1 -1.905255888325765 0.39
    endloop
  endfacet
  facet normal 0 0 -1
    outer loop
      vertex 1.0950000000000002 -1.8965956342879207 0.39
      vertex 1.3331875295290982 -1.7374438152378053 0.39
      vertex 1.1 -1.905255888325765 0.39
    endloop
  endfacet
  facet normal 0 0 -1
    outer loop
      vertex 1.1 -1.905255888325765 0.39
      vertex 1.3331875295290982 -1.7374438152378053 0.39
      vertex 1.3392751438191854 -1.7453773486407176 0.39
    endloop
  endfacet
  facet normal 0 0 -1
    outer loop
      vertex 1.3392751438191854 -1.7453773486407176 0.39
      vertex 1.3331875295290982 -1.7374438152378053 0.39
      vertex 1.5485638507985393 -1.5485638507985393 0.39
    endloop
  endfacet
  facet normal -0.19509032201612658 -0.9807852804032309 9.422126671263848e-19
    outer loop
      vertex -0.5694018992255456 -2.1250368178359507 0.39
      vertex -0.2871576228841135 -2.181178695022383 0.39
      vertex -0.2871576228841135 -2.181178695022383 3.49
    endloop
  endfacet
  facet normal -0.32143946530316275 -0.9469301294951052 8.12763183505324e-19
    outer loop
      vertex -0.8419035512031976 -2.032534971524831 0.39
      vertex -0.5694018992255456 -2.1250368178359507 0.39
      vertex -0.5694018992255456 -2.1250368178359507 3.49
    endloop
  endfacet
  facet normal -0.06540312923014398 -0.9978589232386035 -3.746572826832041e-19
    outer loop
      vertex -0.2871576228841135 -2.181178695022383 0.39
      vertex 0 -2.2 0.39
      vertex 0 -2.2 3.49
    endloop
  endfacet
  facet normal 0.06540312923014398 -0.9978589232386035 0
    outer loop
      vertex 0 -2.2 0.39
      vertex 0.2871576228841135 -2.181178695022383 0.39
      vertex 0 -2.2 3.49
    endloop
  endfacet
  facet normal 0.19509032201612658 -0.9807852804032309 0
    outer loop
      vertex 0.2871576228841135 -2.181178695022383 0.39
      vertex 0.5694018992255456 -2.1250368178359507 0.39
      vertex 0.2871576228841135 -2.181178695022383 3.49
    endloop
  endfacet
  facet normal -0.44228869021900113 -0.8968727415326884 0
    outer loop
      vertex -0.8419035512031976 -2.032534971524831 0.39
      vertex -0.8419035512031976 -2.032534971524831 3.49
      vertex -1.1 -1.905255888325765 0.39
    endloop
  endfacet
  facet normal -0.555570233019602 -0.8314696123025455 0
    outer loop
      vertex -1.3392751438191854 -1.7453773486407176 0.39
      vertex -1.1 -1.905255888325765 0.39
      vertex -1.3392751438191854 -1.7453773486407176 3.49
    endloop
  endfacet
  facet normal -0.6593458151000684 -0.7518398074789777 0
    outer loop
      vertex -1.3392751438191854 -1.7453773486407176 0.39
      vertex -1.3392751438191854 -1.7453773486407176 3.49
      vertex -1.5556349186104048 -1.5556349186104048 0.39
    endloop
  endfacet
  facet normal 0.32143946530316275 -0.9469301294951052 0
    outer loop
      vertex 0.5694018992255456 -2.1250368178359507 0.39
      vertex 0.8419035512031976 -2.032534971524831 0.39
      vertex 0.5694018992255456 -2.1250368178359507 3.49
    endloop
  endfacet
  facet normal 0.44228869021900113 -0.8968727415326884 -6.80835031478182e-19
    outer loop
      vertex 0.8419035512031976 -2.032534971524831 0.39
      vertex 1.1 -1.905255888325765 0.39
      vertex 1.1 -1.905255888325765 3.49
    endloop
  endfacet
  facet normal 0.555570233019602 -0.8314696123025455 -1.3855155318904569e-18
    outer loop
      vertex 1.1 -1.905255888325765 0.39
      vertex 1.3392751438191854 -1.7453773486407176 0.39
      vertex 1.3392751438191854 -1.7453773486407176 3.49
    endloop
  endfacet
  facet normal -0.19509032201612658 -0.9807852804032309 0
    outer loop
      vertex -0.5694018992255456 -2.1250368178359507 0.39
      vertex -0.2871576228841135 -2.181178695022383 3.49
      vertex -0.5694018992255456 -2.1250368178359507 3.49
    endloop
  endfacet
  facet normal -0.32143946530316275 -0.9469301294951052 0
    outer loop
      vertex -0.8419035512031976 -2.032534971524831 0.39
      vertex -0.5694018992255456 -2.1250368178359507 3.49
      vertex -0.8419035512031976 -2.032534971524831 3.49
    endloop
  endfacet
  facet normal -0.06540312923014398 -0.9978589232386035 0
    outer loop
      vertex -0.2871576228841135 -2.181178695022383 0.39
      vertex 0 -2.2 3.49
      vertex -0.2871576228841135 -2.181178695022383 3.49
    endloop
  endfacet
  facet normal 0.06540312923014398 -0.9978589232386035 0
    outer loop
      vertex 0.2871576228841135 -2.181178695022383 0.39
      vertex 0.2871576228841135 -2.181178695022383 3.49
      vertex 0 -2.2 3.49
    endloop
  endfacet
  facet normal -0.44228869021900113 -0.8968727415326884 0
    outer loop
      vertex -1.1 -1.905255888325765 0.39
      vertex -0.8419035512031976 -2.032534971524831 3.49
      vertex -1.1 -1.905255888325765 3.49
    endloop
  endfacet
  facet normal -0.555570233019602 -0.8314696123025455 0
    outer loop
      vertex -1.1 -1.905255888325765 0.39
      vertex -1.1 -1.905255888325765 3.49
      vertex -1.3392751438191854 -1.7453773486407176 3.49
    endloop
  endfacet
  facet normal 0.19509032201612658 -0.9807852804032309 0
    outer loop
      vertex 0.5694018992255456 -2.1250368178359507 0.39
      vertex 0.5694018992255456 -2.1250368178359507 3.49
      vertex 0.2871576228841135 -2.181178695022383 3.49
    endloop
  endfacet
  facet normal 0.32143946530316275 -0.9469301294951052 0
    outer loop
      vertex 0.8419035512031976 -2.032534971524831 0.39
      vertex 0.8419035512031976 -2.032534971524831 3.49
      vertex 0.5694018992255456 -2.1250368178359507 3.49
    endloop
  endfacet
  facet normal 0.44228869021900113 -0.8968727415326884 0
    outer loop
      vertex 0.8419035512031976 -2.032534971524831 0.39
      vertex 1.1 -1.905255888325765 3.49
      vertex 0.8419035512031976 -2.032534971524831 3.49
    endloop
  endfacet
  facet normal 0.555570233019602 -0.8314696123025455 0
    outer loop
      vertex 1.1 -1.905255888325765 0.39
      vertex 1.3392751438191854 -1.7453773486407176 3.49
      vertex 1.1 -1.905255888325765 3.49
    endloop
  endfacet
  facet normal 0.6593458151000684 -0.7518398074789777 0
    outer loop
      vertex 1.3392751438191854 -1.7453773486407176 0.39
      vertex 1.5556349186104048 -1.5556349186104048 3.49
      vertex 1.3392751438191854 -1.7453773486407176 3.49
    endloop
  endfacet
  facet normal 0 0 -1
    outer loop
      vertex -1.7453773486407176 -1.3392751438191854 0.39
      vertex -1.5485638507985393 -1.5485638507985393 0.39
      vertex -1.5556349186104048 -1.5556349186104048 0.39
    endloop
  endfacet
  facet normal 0 0 -1
    outer loop
      vertex -1.3331875295290982 -1.7374438152378053 0.39
      vertex -1.5556349186104048 -1.5556349186104048 0.39
      vertex -1.5485638507985393 -1.5485638507985393 0.39
    endloop
  endfacet
  facet normal 0 0 -1
    outer loop
      vertex -1.7453773486407176 -1.3392751438191854 0.39
      vertex -1.7374438152378053 -1.3331875295290982 0.39
      vertex -1.5485638507985393 -1.5485638507985393 0.39
    endloop
  endfacet
  facet normal 0 0 -1
    outer loop
      vertex -1.7453773486407176 -1.3392751438191854 0.39
      vertex -1.905255888325765 -1.1 0.39
      vertex -1.7374438152378053 -1.3331875295290982 0.39
    endloop
  endfacet
  facet normal 0 0 -1
    outer loop
      vertex -1.7374438152378053 -1.3331875295290982 0.39
      vertex -1.905255888325765 -1.1 0.39
      vertex -1.8965956342879207 -1.0950000000000002 0.39
    endloop
  endfacet
  facet normal 0 0 -1
    outer loop
      vertex -2.032534971524831 -0.8419035512031976 0.39
      vertex -1.8965956342879207 -1.0950000000000002 0.39
      vertex -1.905255888325765 -1.1 0.39
    endloop
  endfacet
  facet normal 0 0 -1
    outer loop
      vertex -2.032534971524831 -0.8419035512031976 0.39
      vertex -2.023296176199718 -0.8380767168795467 0.39
      vertex -1.8965956342879207 -1.0950000000000002 0.39
    endloop
  endfacet
  facet normal 0 0 -1
    outer loop
      vertex 1.3392751438191854 -1.7453773486407176 0.39
      vertex 1.5485638507985393 -1.5485638507985393 0.39
      vertex 1.5556349186104048 -1.5556349186104048 0.39
    endloop
  endfacet
  facet normal 0 0 -1
    outer loop
      vertex 1.5485638507985393 -1.5485638507985393 0.39
      vertex 1.7374438152378053 -1.3331875295290982 0.39
      vertex 1.5556349186104048 -1.5556349186104048 0.39
    endloop
  endfacet
  facet normal 0 0 -1
    outer loop
      vertex 1.5556349186104048 -1.5556349186104048 0.39
      vertex 1.7374438152378053 -1.3331875295290982 0.39
      vertex 1.7453773486407176 -1.3392751438191854 0.39
    endloop
  endfacet
  facet normal 0 0 -1
    outer loop
      vertex 1.7374438152378053 -1.3331875295290982 0.39
      vertex 1.8965956342879207 -1.095 0.39
      vertex 1.7453773486407176 -1.3392751438191854 0.39
    endloop
  endfacet
  facet normal 0 0 -1
    outer loop
      vertex 1.7453773486407176 -1.3392751438191854 0.39
      vertex 1.8965956342879207 -1.095 0.39
      vertex 1.905255888325765 -1.1 0.39
    endloop
  endfacet
  facet normal 0 0 -1
    outer loop
      vertex 1.8965956342879207 -1.095 0.39
      vertex 2.023296176199718 -0.8380767168795467 0.39
      vertex 1.905255888325765 -1.1 0.39
    endloop
  endfacet
  facet normal 0 0 -1
    outer loop
      vertex 1.905255888325765 -1.1 0.39
      vertex 2.023296176199718 -0.8380767168795467 0.39
      vertex 2.032534971524831 -0.8419035512031976 0.39
    endloop
  endfacet
  facet normal -0.7518398074789777 -0.6593458151000684 3.8519972120052504e-18
    outer loop
      vertex -1.7453773486407176 -1.3392751438191854 0.39
      vertex -1.5556349186104048 -1.5556349186104048 0.39
      vertex -1.5556349186104048 -1.5556349186104048 3.49
    endloop
  endfacet
  facet normal -0.8314696123025455 -0.555570233019602 0
    outer loop
      vertex -1.7453773486407176 -1.3392751438191854 0.39
      vertex -1.7453773486407176 -1.3392751438191854 3.49
      vertex -1.905255888325765 -1.1 0.39
    endloop
  endfacet
  facet normal -0.8968727415326884 -0.44228869021900113 6.80835031478182e-19
    outer loop
      vertex -2.032534971524831 -0.8419035512031976 0.39
      vertex -1.905255888325765 -1.1 0.39
      vertex -1.905255888325765 -1.1 3.49
    endloop
  endfacet
  facet normal 0.6593458151000684 -0.7518398074789777 -3.8519972120052504e-18
    outer loop
      vertex 1.3392751438191854 -1.7453773486407176 0.39
      vertex 1.5556349186104048 -1.5556349186104048 0.39
      vertex 1.5556349186104048 -1.5556349186104048 3.49
    endloop
  endfacet
  facet normal 0.7518398074789777 -0.6593458151000684 -3.8519972120052504e-18
    outer loop
      vertex 1.5556349186104048 -1.5556349186104048 0.39
      vertex 1.7453773486407176 -1.3392751438191854 0.39
      vertex 1.7453773486407176 -1.3392751438191854 3.49
    endloop
  endfacet
  facet normal 0.8314696123025455 -0.555570233019602 0
    outer loop
      vertex 1.7453773486407176 -1.3392751438191854 0.39
      vertex 1.905255888325765 -1.1 0.39
      vertex 1.7453773486407176 -1.3392751438191854 3.49
    endloop
  endfacet
  facet normal 0.8968727415326884 -0.44228869021900113 0
    outer loop
      vertex 1.905255888325765 -1.1 0.39
      vertex 2.032534971524831 -0.8419035512031976 0.39
      vertex 1.905255888325765 -1.1 3.49
    endloop
  endfacet
  facet normal 0 0 -1
    outer loop
      vertex -2.032534971524831 -0.8419035512031976 0.39
      vertex -2.1250368178359507 -0.5694018992255456 0.39
      vertex -2.023296176199718 -0.8380767168795467 0.39
    endloop
  endfacet
  facet normal 0 0 -1
    outer loop
      vertex -2.023296176199718 -0.8380767168795467 0.39
      vertex -2.1250368178359507 -0.5694018992255456 0.39
      vertex -2.11537755957306 -0.5668137087745204 0.39
    endloop
  endfacet
  facet normal 0 0 -1
    outer loop
      vertex -2.1250368178359507 -0.5694018992255456 0.39
      vertex -2.181178695022383 -0.2871576228841135 0.39
      vertex -2.11537755957306 -0.5668137087745204 0.39
    endloop
  endfacet
  facet normal 0 0 -1
    outer loop
      vertex -2.11537755957306 -0.5668137087745204 0.39
      vertex -2.181178695022383 -0.2871576228841135 0.39
      vertex -2.171264246408645 -0.28585236096191297 0.39
    endloop
  endfacet
  facet normal 0 0 -1
    outer loop
      vertex -2.181178695022383 -0.2871576228841135 0.39
      vertex -2.2 0 0.39
      vertex -2.171264246408645 -0.28585236096191297 0.39
    endloop
  endfacet
  facet normal 0 0 -1
    outer loop
      vertex -2.171264246408645 -0.28585236096191297 0.39
      vertex -2.2 0 0.39
      vertex -2.1900000000000004 0 0.39
    endloop
  endfacet
  facet normal 0 0 -1
    outer loop
      vertex 2.023296176199718 -0.8380767168795467 0.39
      vertex 2.11537755957306 -0.5668137087745204 0.39
      vertex 2.032534971524831 -0.8419035512031976 0.39
    endloop
  endfacet
  facet normal 0 0 -1
    outer loop
      vertex 2.032534971524831 -0.8419035512031976 0.39
      vertex 2.11537755957306 -0.5668137087745204 0.39
      vertex 2.1250368178359507 -0.5694018992255456 0.39
    endloop
  endfacet
  facet normal 0 0 -1
    outer loop
      vertex 2.1250368178359507 -0.5694018992255456 0.39
      vertex 2.11537755957306 -0.5668137087745204 0.39
      vertex 2.171264246408645 -0.28585236096191297 0.39
    endloop
  endfacet
  facet normal 0 0 -1
    outer loop
      vertex 2.1250368178359507 -0.5694018992255456 0.39
      vertex 2.171264246408645 -0.28585236096191297 0.39
      vertex 2.181178695022383 -0.2871576228841135 0.39
    endloop
  endfacet
  facet normal 0 0 -1
    outer loop
      vertex 2.171264246408645 -0.28585236096191297 0.39
      vertex 2.1900000000000004 0 0.39
      vertex 2.181178695022383 -0.2871576228841135 0.39
    endloop
  endfacet
  facet normal 0 0 -1
    outer loop
      vertex 2.181178695022383 -0.2871576228841135 0.39
      vertex 2.1900000000000004 0 0.39
      vertex 2.2 0 0.39
    endloop
  endfacet
  facet normal -0.9469301294951052 -0.32143946530316275 0
    outer loop
      vertex -2.032534971524831 -0.8419035512031976 0.39
      vertex -2.032534971524831 -0.8419035512031976 3.49
      vertex -2.1250368178359507 -0.5694018992255456 0.39
    endloop
  endfacet
  facet normal -0.9807852804032309 -0.19509032201612658 0
    outer loop
      vertex -2.1250368178359507 -0.5694018992255456 0.39
      vertex -2.1250368178359507 -0.5694018992255456 3.49
      vertex -2.181178695022383 -0.2871576228841135 0.39
    endloop
  endfacet
  facet normal -0.9978589232386035 -0.06540312923014398 0
    outer loop
      vertex -2.181178695022383 -0.2871576228841135 0.39
      vertex -2.181178695022383 -0.2871576228841135 3.49
      vertex -2.2 0 0.39
    endloop
  endfacet
  facet normal 0.9469301294951052 -0.32143946530316275 0
    outer loop
      vertex 2.032534971524831 -0.8419035512031976 0.39
      vertex 2.1250368178359507 -0.5694018992255456 0.39
      vertex 2.032534971524831 -0.8419035512031976 3.49
    endloop
  endfacet
  facet normal 0.9807852804032309 -0.19509032201612658 0
    outer loop
      vertex 2.1250368178359507 -0.5694018992255456 0.39
      vertex 2.181178695022383 -0.2871576228841135 0.39
      vertex 2.1250368178359507 -0.5694018992255456 3.49
    endloop
  endfacet
  facet normal 0.9978589232386035 -0.06540312923014398 0
    outer loop
      vertex 2.181178695022383 -0.2871576228841135 0.39
      vertex 2.2 0 0.39
      vertex 2.181178695022383 -0.2871576228841135 3.49
    endloop
  endfacet
  facet normal 0.9978589232386034 -0.06540312923014491 1.1614375763179767e-16
    outer loop
      vertex 2.181178695022383 -0.2871576228841135 3.49
      vertex 2.2 0 0.39
      vertex 2.2 0 0.4
    endloop
  endfacet
  facet normal -0.6593458151000684 -0.7518398074789777 0
    outer loop
      vertex -1.5556349186104048 -1.5556349186104048 0.39
      vertex -1.3392751438191854 -1.7453773486407176 3.49
      vertex -1.5556349186104048 -1.5556349186104048 3.49
    endloop
  endfacet
  facet normal -0.7518398074789777 -0.6593458151000684 0
    outer loop
      vertex -1.7453773486407176 -1.3392751438191854 0.39
      vertex -1.5556349186104048 -1.5556349186104048 3.49
      vertex -1.7453773486407176 -1.3392751438191854 3.49
    endloop
  endfacet
  facet normal -0.8314696123025455 -0.555570233019602 0
    outer loop
      vertex -1.905255888325765 -1.1 0.39
      vertex -1.7453773486407176 -1.3392751438191854 3.49
      vertex -1.905255888325765 -1.1 3.49
    endloop
  endfacet
  facet normal -0.8968727415326884 -0.44228869021900113 0
    outer loop
      vertex -2.032534971524831 -0.8419035512031976 0.39
      vertex -1.905255888325765 -1.1 3.49
      vertex -2.032534971524831 -0.8419035512031976 3.49
    endloop
  endfacet
  facet normal 0.7518398074789777 -0.6593458151000684 0
    outer loop
      vertex 1.5556349186104048 -1.5556349186104048 0.39
      vertex 1.7453773486407176 -1.3392751438191854 3.49
      vertex 1.5556349186104048 -1.5556349186104048 3.49
    endloop
  endfacet
  facet normal 0.8314696123025455 -0.555570233019602 0
    outer loop
      vertex 1.905255888325765 -1.1 0.39
      vertex 1.905255888325765 -1.1 3.49
      vertex 1.7453773486407176 -1.3392751438191854 3.49
    endloop
  endfacet
  facet normal 0.8968727415326884 -0.44228869021900113 0
    outer loop
      vertex 2.032534971524831 -0.8419035512031976 0.39
      vertex 2.032534971524831 -0.8419035512031976 3.49
      vertex 1.905255888325765 -1.1 3.49
    endloop
  endfacet
  facet normal -0.9469301294951052 -0.32143946530316275 0
    outer loop
      vertex -2.1250368178359507 -0.5694018992255456 0.39
      vertex -2.032534971524831 -0.8419035512031976 3.49
      vertex -2.1250368178359507 -0.5694018992255456 3.49
    endloop
  endfacet
  facet normal -0.9807852804032309 -0.19509032201612658 0
    outer loop
      vertex -2.181178695022383 -0.2871576228841135 0.39
      vertex -2.1250368178359507 -0.5694018992255456 3.49
      vertex -2.181178695022383 -0.2871576228841135 3.49
    endloop
  endfacet
  facet normal -0.9978589232386035 -0.06540312923014398 -3.746572826832041e-19
    outer loop
      vertex -2.181178695022383 -0.2871576228841135 3.49
      vertex -2.2 0 3.49
      vertex -2.2 0 0.39
    endloop
  endfacet
  facet normal 0.9469301294951052 -0.32143946530316275 0
    outer loop
      vertex 2.1250368178359507 -0.5694018992255456 0.39
      vertex 2.1250368178359507 -0.5694018992255456 3.49
      vertex 2.032534971524831 -0.8419035512031976 3.49
    endloop
  endfacet
  facet normal 0.9807852804032309 -0.19509032201612658 0
    outer loop
      vertex 2.181178695022383 -0.2871576228841135 0.39
      vertex 2.181178695022383 -0.2871576228841135 3.49
      vertex 2.1250368178359507 -0.5694018992255456 3.49
    endloop
  endfacet
  facet normal 0.9978589232386035 -0.06540312923014398 3.758697657986837e-19
    outer loop
      vertex 2.181178695022383 -0.2871576228841135 3.49
      vertex 2.2 0 0.4
      vertex 2.2 0 3.49
    endloop
  endfacet
  facet normal 0 0 1
    outer loop
      vertex -0.8419035512031976 -2.032534971524831 3.49
      vertex -1.004456357864389 -1.309033011480538 3.49
      vertex -1.1 -1.905255888325765 3.49
    endloop
  endfacet
  facet normal 0 0 1
    outer loop
      vertex -0.5694018992255456 -2.1250368178359507 3.49
      vertex -0.2871576228841135 -2.181178695022383 3.49
      vertex -0.4270514244191592 -1.5937776133769626 3.49
    endloop
  endfacet
  facet normal 0 0 1
    outer loop
      vertex -0.8419035512031976 -2.032534971524831 3.49
      vertex -0.5694018992255456 -2.1250368178359507 3.49
      vertex -0.6314276634023981 -1.524401228643623 3.49
    endloop
  endfacet
  facet normal 0 0 1
    outer loop
      vertex -0.2871576228841135 -2.181178695022383 3.49
      vertex 0 -2.2 3.49
      vertex -0.21536821716308507 -1.6358840212667871 3.49
    endloop
  endfacet
  facet normal 0 0 1
    outer loop
      vertex 0 -2.2 3.49
      vertex 0.2871576228841135 -2.181178695022383 3.49
      vertex 0 -1.65 3.49
    endloop
  endfacet
  facet normal 0 0 1
    outer loop
      vertex 0.2871576228841135 -2.181178695022383 3.49
      vertex 0.5694018992255456 -2.1250368178359507 3.49
      vertex 0.21536821716308507 -1.6358840212667871 3.49
    endloop
  endfacet
  facet normal 0 0 1
    outer loop
      vertex -0.21536821716308507 -1.6358840212667871 3.49
      vertex 0 -2.2 3.49
      vertex 0 -1.65 3.49
    endloop
  endfacet
  facet normal 0 0 1
    outer loop
      vertex -0.5694018992255456 -2.1250368178359507 3.49
      vertex -0.4270514244191592 -1.5937776133769626 3.49
      vertex -0.6314276634023981 -1.524401228643623 3.49
    endloop
  endfacet
  facet normal 0 0 1
    outer loop
      vertex -0.2871576228841135 -2.181178695022383 3.49
      vertex -0.21536821716308507 -1.6358840212667871 3.49
      vertex -0.4270514244191592 -1.5937776133769626 3.49
    endloop
  endfacet
  facet normal 0 0 1
    outer loop
      vertex -0.8419035512031976 -2.032534971524831 3.49
      vertex -0.6314276634023981 -1.524401228643623 3.49
      vertex -0.825 -1.4289419162443235 3.49
    endloop
  endfacet
  facet normal 0 0 1
    outer loop
      vertex 0.2871576228841135 -2.181178695022383 3.49
      vertex 0.21536821716308507 -1.6358840212667871 3.49
      vertex 0 -1.65 3.49
    endloop
  endfacet
  facet normal 0 0 1
    outer loop
      vertex 0.21536821716308507 -1.6358840212667871 3.49
      vertex 0.5694018992255456 -2.1250368178359507 3.49
      vertex 0.4270514244191592 -1.5937776133769626 3.49
    endloop
  endfacet
  facet normal 0 0 1
    outer loop
      vertex 0.4270514244191592 -1.5937776133769626 3.49
      vertex 0.5694018992255456 -2.1250368178359507 3.49
      vertex 0.8419035512031976 -2.032534971524831 3.49
    endloop
  endfacet
  facet normal 0 0 1
    outer loop
      vertex 0.8419035512031976 -2.032534971524831 3.49
      vertex 1.1 -1.905255888325765 3.49
      vertex 0.825 -1.4289419162443235 3.49
    endloop
  endfacet
  facet normal 0 0 1
    outer loop
      vertex 0.4270514244191592 -1.5937776133769626 3.49
      vertex 0.8419035512031976 -2.032534971524831 3.49
      vertex 0.6314276634023981 -1.524401228643623 3.49
    endloop
  endfacet
  facet normal 0 0 1
    outer loop
      vertex 0.8419035512031976 -2.032534971524831 3.49
      vertex 0.825 -1.4289419162443235 3.49
      vertex 0.6314276634023981 -1.524401228643623 3.49
    endloop
  endfacet
  facet normal 0 0 1
    outer loop
      vertex 1.004456357864389 -1.309033011480538 3.49
      vertex 1.1 -1.905255888325765 3.49
      vertex 1.3392751438191854 -1.7453773486407176 3.49
    endloop
  endfacet
  facet normal 0 0 1
    outer loop
      vertex -1.3392751438191854 -1.7453773486407176 3.49
      vertex -1.1 -1.905255888325765 3.49
      vertex -1.1667261889578033 -1.1667261889578033 3.49
    endloop
  endfacet
  facet normal 0 0 1
    outer loop
      vertex -0.8419035512031976 -2.032534971524831 3.49
      vertex -0.825 -1.4289419162443235 3.49
      vertex -1.004456357864389 -1.309033011480538 3.49
    endloop
  endfacet
  facet normal 0 0 1
    outer loop
      vertex -1.1667261889578033 -1.1667261889578033 3.49
      vertex -1.1 -1.905255888325765 3.49
      vertex -1.004456357864389 -1.309033011480538 3.49
    endloop
  endfacet
  facet normal 0 0 1
    outer loop
      vertex -1.3392751438191854 -1.7453773486407176 3.49
      vertex -1.4289419162443235 -0.825 3.49
      vertex -1.5556349186104048 -1.5556349186104048 3.49
    endloop
  endfacet
  facet normal 0 0 1
    outer loop
      vertex -1.3392751438191854 -1.7453773486407176 3.49
      vertex -1.1667261889578033 -1.1667261889578033 3.49
      vertex -1.309033011480538 -1.004456357864389 3.49
    endloop
  endfacet
  facet normal 0 0 1
    outer loop
      vertex -1.3392751438191854 -1.7453773486407176 3.49
      vertex -1.309033011480538 -1.004456357864389 3.49
      vertex -1.4289419162443235 -0.825 3.49
    endloop
  endfacet
  facet normal 0 0 1
    outer loop
      vertex -1.5556349186104048 -1.5556349186104048 3.49
      vertex -1.524401228643623 -0.6314276634023981 3.49
      vertex -1.5937776133769626 -0.4270514244191592 3.49
    endloop
  endfacet
  facet normal 0 0 1
    outer loop
      vertex -1.5556349186104048 -1.5556349186104048 3.49
      vertex -1.4289419162443235 -0.825 3.49
      vertex -1.524401228643623 -0.6314276634023981 3.49
    endloop
  endfacet
  facet normal 0 0 1
    outer loop
      vertex 0.825 -1.4289419162443235 3.49
      vertex 1.1 -1.905255888325765 3.49
      vertex 1.004456357864389 -1.309033011480538 3.49
    endloop
  endfacet
  facet normal 0 0 1
    outer loop
      vertex 1.3392751438191854 -1.7453773486407176 3.49
      vertex 1.5556349186104048 -1.5556349186104048 3.49
      vertex 1.309033011480538 -1.004456357864389 3.49
    endloop
  endfacet
  facet normal 0 0 1
    outer loop
      vertex 1.004456357864389 -1.309033011480538 3.49
      vertex 1.3392751438191854 -1.7453773486407176 3.49
      vertex 1.1667261889578033 -1.1667261889578033 3.49
    endloop
  endfacet
  facet normal 0 0 1
    outer loop
      vertex 1.3392751438191854 -1.7453773486407176 3.49
      vertex 1.309033011480538 -1.004456357864389 3.49
      vertex 1.1667261889578033 -1.1667261889578033 3.49
    endloop
  endfacet
  facet normal 0 0 1
    outer loop
      vertex 1.5556349186104048 -1.5556349186104048 3.49
      vertex 1.4289419162443235 -0.825 3.49
      vertex 1.309033011480538 -1.004456357864389 3.49
    endloop
  endfacet
  facet normal 0 0 1
    outer loop
      vertex 1.5556349186104048 -1.5556349186104048 3.49
      vertex 1.7453773486407176 -1.3392751438191854 3.49
      vertex 1.524401228643623 -0.6314276634023981 3.49
    endloop
  endfacet
  facet normal 0 0 1
    outer loop
      vertex 1.5556349186104048 -1.5556349186104048 3.49
      vertex 1.524401228643623 -0.6314276634023981 3.49
      vertex 1.4289419162443235 -0.825 3.49
    endloop
  endfacet
  facet normal 0 0 1
    outer loop
      vertex -1.5556349186104048 -1.5556349186104048 3.49
      vertex -1.5937776133769626 -0.4270514244191592 3.49
      vertex -1.6358840212667871 -0.21536821716308507 3.49
    endloop
  endfacet
  facet normal 0 0 1
    outer loop
      vertex -1.5556349186104048 -1.5556349186104048 3.49
      vertex -1.6358840212667871 -0.21536821716308507 3.49
      vertex -1.65 0 3.49
    endloop
  endfacet
  facet normal 0 0 1
    outer loop
      vertex -1.7453773486407176 -1.3392751438191854 3.49
      vertex -1.5556349186104048 -1.5556349186104048 3.49
      vertex -1.7453773486407176 1.3392751438191854 3.49
    endloop
  endfacet
  facet normal 0 0 1
    outer loop
      vertex -1.7453773486407176 -1.3392751438191854 3.49
      vertex -1.905255888325765 1.1 3.49
      vertex -1.905255888325765 -1.1 3.49
    endloop
  endfacet
  facet normal 0 0 1
    outer loop
      vertex -2.032534971524831 -0.8419035512031976 3.49
      vertex -1.905255888325765 -1.1 3.49
      vertex -2.032534971524831 0.8419035512031976 3.49
    endloop
  endfacet
  facet normal 0 0 1
    outer loop
      vertex -2.032534971524831 -0.8419035512031976 3.49
      vertex -2.1250368178359507 0.5694018992255456 3.49
      vertex -2.1250368178359507 -0.5694018992255456 3.49
    endloop
  endfacet
  facet normal 0 0 1
    outer loop
      vertex -2.1250368178359507 -0.5694018992255456 3.49
      vertex -2.181178695022383 0.2871576228841135 3.49
      vertex -2.181178695022383 -0.2871576228841135 3.49
    endloop
  endfacet
  facet normal 0 0 1
    outer loop
      vertex -1.5556349186104048 -1.5556349186104048 3.49
      vertex -1.65 0 3.49
      vertex -1.7453773486407176 1.3392751438191854 3.49
    endloop
  endfacet
  facet normal 0 0 1
    outer loop
      vertex 1.7453773486407176 -1.3392751438191854 3.49
      vertex 1.5937776133769626 -0.4270514244191592 3.49
      vertex 1.524401228643623 -0.6314276634023981 3.49
    endloop
  endfacet
  facet normal 0 0 1
    outer loop
      vertex 1.7453773486407176 -1.3392751438191854 3.49
      vertex 1.6358840212667871 -0.21536821716308507 3.49
      vertex 1.5937776133769626 -0.4270514244191592 3.49
    endloop
  endfacet
  facet normal 0 0 1
    outer loop
      vertex 1.7453773486407176 -1.3392751438191854 3.49
      vertex 1.65 0 3.49
      vertex 1.6358840212667871 -0.21536821716308507 3.49
    endloop
  endfacet
  facet normal 0 0 1
    outer loop
      vertex 1.7453773486407176 -1.3392751438191854 3.49
      vertex 1.905255888325765 -1.1 3.49
      vertex 1.7453773486407176 1.3392751438191854 3.49
    endloop
  endfacet
  facet normal 0 0 1
    outer loop
      vertex 1.905255888325765 -1.1 3.49
      vertex 2.032534971524831 -0.8419035512031976 3.49
      vertex 1.905255888325765 1.1 3.49
    endloop
  endfacet
  facet normal 0 0 1
    outer loop
      vertex 2.032534971524831 -0.8419035512031976 3.49
      vertex 2.1250368178359507 -0.5694018992255456 3.49
      vertex 2.032534971524831 0.8419035512031976 3.49
    endloop
  endfacet
  facet normal 0 0 1
    outer loop
      vertex 2.1250368178359507 -0.5694018992255456 3.49
      vertex 2.181178695022383 -0.2871576228841135 3.49
      vertex 2.1250368178359507 0.5694018992255456 3.49
    endloop
  endfacet
  facet normal 0 0 -1
    outer loop
      vertex -2.2 0 0.39
      vertex -2.181178695022383 0.2871576228841135 0.39
      vertex -2.1900000000000004 0 0.39
    endloop
  endfacet
  facet normal 0 0 -1
    outer loop
      vertex -2.1900000000000004 0 0.39
      vertex -2.181178695022383 0.2871576228841135 0.39
      vertex -2.171264246408645 0.28585236096191297 0.39
    endloop
  endfacet
  facet normal 0 0 -1
    outer loop
      vertex -2.181178695022383 0.2871576228841135 0.39
      vertex -2.1250368178359507 0.5694018992255456 0.39
      vertex -2.171264246408645 0.28585236096191297 0.39
    endloop
  endfacet
  facet normal 0 0 -1
    outer loop
      vertex -2.171264246408645 0.28585236096191297 0.39
      vertex -2.1250368178359507 0.5694018992255456 0.39
      vertex -2.11537755957306 0.5668137087745204 0.39
    endloop
  endfacet
  facet normal 0 0 -1
    outer loop
      vertex -2.11537755957306 0.5668137087745204 0.39
      vertex -2.1250368178359507 0.5694018992255456 0.39
      vertex -2.032534971524831 0.8419035512031976 0.39
    endloop
  endfacet
  facet normal 0 0 -1
    outer loop
      vertex -2.11537755957306 0.5668137087745204 0.39
      vertex -2.032534971524831 0.8419035512031976 0.39
      vertex -2.023296176199718 0.8380767168795467 0.39
    endloop
  endfacet
  facet normal 0 0 -1
    outer loop
      vertex 2.1900000000000004 0 0.39
      vertex 2.171264246408645 0.28585236096191297 0.39
      vertex 2.2 0 0.39
    endloop
  endfacet
  facet normal 0.9978589232386035 0.06540312923014398 0
    outer loop
      vertex 2.2 0 0.39
      vertex 2.181178695022383 0.2871576228841135 0.39
      vertex 2.2 0 0.4
    endloop
  endfacet
  facet normal 0 0 -1
    outer loop
      vertex 2.2 0 0.39
      vertex 2.171264246408645 0.28585236096191297 0.39
      vertex 2.181178695022383 0.2871576228841135 0.39
    endloop
  endfacet
  facet normal 0 0 -1
    outer loop
      vertex 2.171264246408645 0.28585236096191297 0.39
      vertex 2.11537755957306 0.5668137087745204 0.39
      vertex 2.181178695022383 0.2871576228841135 0.39
    endloop
  endfacet
  facet normal 0 0 -1
    outer loop
      vertex 2.181178695022383 0.2871576228841135 0.39
      vertex 2.11537755957306 0.5668137087745204 0.39
      vertex 2.1250368178359507 0.5694018992255456 0.39
    endloop
  endfacet
  facet normal 0 0 -1
    outer loop
      vertex 2.11537755957306 0.5668137087745204 0.39
      vertex 2.023296176199718 0.8380767168795467 0.39
      vertex 2.1250368178359507 0.5694018992255456 0.39
    endloop
  endfacet
  facet normal 0 0 -1
    outer loop
      vertex 2.1250368178359507 0.5694018992255456 0.39
      vertex 2.023296176199718 0.8380767168795467 0.39
      vertex 2.032534971524831 0.8419035512031976 0.39
    endloop
  endfacet
  facet normal -0.9978589232386035 0.06540312923014398 3.746572826832041e-19
    outer loop
      vertex -2.2 0 0.39
      vertex -2.181178695022383 0.2871576228841135 3.49
      vertex -2.181178695022383 0.2871576228841135 0.39
    endloop
  endfacet
  facet normal -0.9807852804032309 0.19509032201612658 -9.422126671263848e-19
    outer loop
      vertex -2.181178695022383 0.2871576228841135 0.39
      vertex -2.1250368178359507 0.5694018992255456 3.49
      vertex -2.1250368178359507 0.5694018992255456 0.39
    endloop
  endfacet
  facet normal -0.9469301294951052 0.32143946530316275 -8.12763183505324e-19
    outer loop
      vertex -2.1250368178359507 0.5694018992255456 0.39
      vertex -2.032534971524831 0.8419035512031976 3.49
      vertex -2.032534971524831 0.8419035512031976 0.39
    endloop
  endfacet
  facet normal 0.9978589232386035 0.06540312923014398 0
    outer loop
      vertex 2.2 0 0.4
      vertex 2.181178695022383 0.2871576228841135 0.39
      vertex 2.2 0 3.49
    endloop
  endfacet
  facet normal 0.9807852804032309 0.19509032201612658 0
    outer loop
      vertex 2.181178695022383 0.2871576228841135 0.39
      vertex 2.1250368178359507 0.5694018992255456 0.39
      vertex 2.181178695022383 0.2871576228841135 3.49
    endloop
  endfacet
  facet normal 0.9469301294951052 0.32143946530316275 0
    outer loop
      vertex 2.1250368178359507 0.5694018992255456 0.39
      vertex 2.032534971524831 0.8419035512031976 0.39
      vertex 2.1250368178359507 0.5694018992255456 3.49
    endloop
  endfacet
  facet normal 0 0 -1
    outer loop
      vertex -2.032534971524831 0.8419035512031976 0.39
      vertex -1.905255888325765 1.1 0.39
      vertex -2.023296176199718 0.8380767168795467 0.39
    endloop
  endfacet
  facet normal 0 0 -1
    outer loop
      vertex -2.023296176199718 0.8380767168795467 0.39
      vertex -1.905255888325765 1.1 0.39
      vertex -1.8965956342879207 1.095 0.39
    endloop
  endfacet
  facet normal 0 0 -1
    outer loop
      vertex -1.8965956342879207 1.095 0.39
      vertex -1.905255888325765 1.1 0.39
      vertex -1.7453773486407176 1.3392751438191854 0.39
    endloop
  endfacet
  facet normal 0 0 -1
    outer loop
      vertex -1.8965956342879207 1.095 0.39
      vertex -1.7453773486407176 1.3392751438191854 0.39
      vertex -1.7374438152378053 1.3331875295290982 0.39
    endloop
  endfacet
  facet normal 0 0 -1
    outer loop
      vertex -1.7453773486407176 1.3392751438191854 0.39
      vertex -1.5556349186104048 1.5556349186104048 0.39
      vertex -1.7374438152378053 1.3331875295290982 0.39
    endloop
  endfacet
  facet normal 0 0 -1
    outer loop
      vertex -1.7374438152378053 1.3331875295290982 0.39
      vertex -1.5556349186104048 1.5556349186104048 0.39
      vertex -1.5485638507985393 1.5485638507985393 0.39
    endloop
  endfacet
  facet normal 0 0 -1
    outer loop
      vertex -1.5556349186104048 1.5556349186104048 0.39
      vertex -1.3392751438191854 1.7453773486407176 0.39
      vertex -1.5485638507985393 1.5485638507985393 0.39
    endloop
  endfacet
  facet normal 0 0 -1
    outer loop
      vertex 1.8965956342879207 1.0950000000000002 0.39
      vertex 2.032534971524831 0.8419035512031976 0.39
      vertex 2.023296176199718 0.8380767168795467 0.39
    endloop
  endfacet
  facet normal 0 0 -1
    outer loop
      vertex 1.8965956342879207 1.0950000000000002 0.39
      vertex 1.905255888325765 1.1 0.39
      vertex 2.032534971524831 0.8419035512031976 0.39
    endloop
  endfacet
  facet normal 0 0 -1
    outer loop
      vertex 1.8965956342879207 1.0950000000000002 0.39
      vertex 1.7374438152378053 1.3331875295290982 0.39
      vertex 1.905255888325765 1.1 0.39
    endloop
  endfacet
  facet normal 0 0 -1
    outer loop
      vertex 1.7374438152378053 1.3331875295290982 0.39
      vertex 1.7453773486407176 1.3392751438191854 0.39
      vertex 1.905255888325765 1.1 0.39
    endloop
  endfacet
  facet normal 0 0 -1
    outer loop
      vertex 1.5485638507985393 1.5485638507985393 0.39
      vertex 1.7453773486407176 1.3392751438191854 0.39
      vertex 1.7374438152378053 1.3331875295290982 0.39
    endloop
  endfacet
  facet normal 0 0 -1
    outer loop
      vertex 1.5485638507985393 1.5485638507985393 0.39
      vertex 1.5556349186104048 1.5556349186104048 0.39
      vertex 1.7453773486407176 1.3392751438191854 0.39
    endloop
  endfacet
  facet normal 0 0 -1
    outer loop
      vertex 1.5485638507985393 1.5485638507985393 0.39
      vertex 1.3331875295290982 1.7374438152378053 0.39
      vertex 1.5556349186104048 1.5556349186104048 0.39
    endloop
  endfacet
  facet normal -0.8968727415326884 0.44228869021900113 -6.80835031478182e-19
    outer loop
      vertex -2.032534971524831 0.8419035512031976 0.39
      vertex -1.905255888325765 1.1 3.49
      vertex -1.905255888325765 1.1 0.39
    endloop
  endfacet
  facet normal -0.8314696123025455 0.555570233019602 -1.3855155318904569e-18
    outer loop
      vertex -1.905255888325765 1.1 0.39
      vertex -1.7453773486407176 1.3392751438191854 3.49
      vertex -1.7453773486407176 1.3392751438191854 0.39
    endloop
  endfacet
  facet normal -0.7518398074789777 0.6593458151000684 -3.8519972120052504e-18
    outer loop
      vertex -1.7453773486407176 1.3392751438191854 0.39
      vertex -1.5556349186104048 1.5556349186104048 3.49
      vertex -1.5556349186104048 1.5556349186104048 0.39
    endloop
  endfacet
  facet normal 0.8968727415326884 0.44228869021900113 0
    outer loop
      vertex 2.032534971524831 0.8419035512031976 0.39
      vertex 1.905255888325765 1.1 0.39
      vertex 2.032534971524831 0.8419035512031976 3.49
    endloop
  endfacet
  facet normal 0.8314696123025455 0.555570233019602 0
    outer loop
      vertex 1.7453773486407176 1.3392751438191854 0.39
      vertex 1.7453773486407176 1.3392751438191854 3.49
      vertex 1.905255888325765 1.1 0.39
    endloop
  endfacet
  facet normal 0.7518398074789777 0.6593458151000684 3.8519972120052504e-18
    outer loop
      vertex 1.5556349186104048 1.5556349186104048 0.39
      vertex 1.7453773486407176 1.3392751438191854 3.49
      vertex 1.7453773486407176 1.3392751438191854 0.39
    endloop
  endfacet
  facet normal -0.9978589232386035 0.06540312923014398 0
    outer loop
      vertex -2.2 0 0.39
      vertex -2.2 0 3.49
      vertex -2.181178695022383 0.2871576228841135 3.49
    endloop
  endfacet
  facet normal -0.9807852804032309 0.19509032201612658 0
    outer loop
      vertex -2.181178695022383 0.2871576228841135 0.39
      vertex -2.181178695022383 0.2871576228841135 3.49
      vertex -2.1250368178359507 0.5694018992255456 3.49
    endloop
  endfacet
  facet normal -0.9469301294951052 0.32143946530316275 0
    outer loop
      vertex -2.1250368178359507 0.5694018992255456 0.39
      vertex -2.1250368178359507 0.5694018992255456 3.49
      vertex -2.032534971524831 0.8419035512031976 3.49
    endloop
  endfacet
  facet normal 0.9978589232386035 0.06540312923014398 0
    outer loop
      vertex 2.181178695022383 0.2871576228841135 0.39
      vertex 2.181178695022383 0.2871576228841135 3.49
      vertex 2.2 0 3.49
    endloop
  endfacet
  facet normal 0.9807852804032309 0.19509032201612658 0
    outer loop
      vertex 2.1250368178359507 0.5694018992255456 0.39
      vertex 2.1250368178359507 0.5694018992255456 3.49
      vertex 2.181178695022383 0.2871576228841135 3.49
    endloop
  endfacet
  facet normal 0.9469301294951052 0.32143946530316275 0
    outer loop
      vertex 2.032534971524831 0.8419035512031976 0.39
      vertex 2.032534971524831 0.8419035512031976 3.49
      vertex 2.1250368178359507 0.5694018992255456 3.49
    endloop
  endfacet
  facet normal -0.8968727415326884 0.44228869021900113 0
    outer loop
      vertex -2.032534971524831 0.8419035512031976 0.39
      vertex -2.032534971524831 0.8419035512031976 3.49
      vertex -1.905255888325765 1.1 3.49
    endloop
  endfacet
  facet normal -0.8314696123025455 0.555570233019602 0
    outer loop
      vertex -1.905255888325765 1.1 0.39
      vertex -1.905255888325765 1.1 3.49
      vertex -1.7453773486407176 1.3392751438191854 3.49
    endloop
  endfacet
  facet normal -0.7518398074789777 0.6593458151000684 0
    outer loop
      vertex -1.7453773486407176 1.3392751438191854 0.39
      vertex -1.7453773486407176 1.3392751438191854 3.49
      vertex -1.5556349186104048 1.5556349186104048 3.49
    endloop
  endfacet
  facet normal -0.6593458151000684 0.7518398074789777 0
    outer loop
      vertex -1.5556349186104048 1.5556349186104048 0.39
      vertex -1.5556349186104048 1.5556349186104048 3.49
      vertex -1.3392751438191854 1.7453773486407176 3.49
    endloop
  endfacet
  facet normal 0.8968727415326884 0.44228869021900113 0
    outer loop
      vertex 1.905255888325765 1.1 0.39
      vertex 1.905255888325765 1.1 3.49
      vertex 2.032534971524831 0.8419035512031976 3.49
    endloop
  endfacet
  facet normal 0.8314696123025455 0.555570233019602 0
    outer loop
      vertex 1.905255888325765 1.1 0.39
      vertex 1.7453773486407176 1.3392751438191854 3.49
      vertex 1.905255888325765 1.1 3.49
    endloop
  endfacet
  facet normal 0.7518398074789777 0.6593458151000684 0
    outer loop
      vertex 1.5556349186104048 1.5556349186104048 0.39
      vertex 1.5556349186104048 1.5556349186104048 3.49
      vertex 1.7453773486407176 1.3392751438191854 3.49
    endloop
  endfacet
  facet normal 0.6593458151000684 0.7518398074789777 0
    outer loop
      vertex 1.5556349186104048 1.5556349186104048 0.39
      vertex 1.3392751438191854 1.7453773486407176 3.49
      vertex 1.5556349186104048 1.5556349186104048 3.49
    endloop
  endfacet
  facet normal 0 0 -1
    outer loop
      vertex -1.5485638507985393 1.5485638507985393 0.39
      vertex -1.3392751438191854 1.7453773486407176 0.39
      vertex -1.3331875295290982 1.7374438152378053 0.39
    endloop
  endfacet
  facet normal 0 0 -1
    outer loop
      vertex -1.3331875295290982 1.7374438152378053 0.39
      vertex -1.3392751438191854 1.7453773486407176 0.39
      vertex -1.1 1.905255888325765 0.39
    endloop
  endfacet
  facet normal 0 0 -1
    outer loop
      vertex -1.3331875295290982 1.7374438152378053 0.39
      vertex -1.1 1.905255888325765 0.39
      vertex -1.0950000000000002 1.8965956342879207 0.39
    endloop
  endfacet
  facet normal 0 0 -1
    outer loop
      vertex -1.0950000000000002 1.8965956342879207 0.39
      vertex -1.1 1.905255888325765 0.39
      vertex -0.8419035512031976 2.032534971524831 0.39
    endloop
  endfacet
  facet normal 0 0 -1
    outer loop
      vertex -1.0950000000000002 1.8965956342879207 0.39
      vertex -0.8419035512031976 2.032534971524831 0.39
      vertex -0.8380767168795467 2.023296176199718 0.39
    endloop
  endfacet
  facet normal 0 0 -1
    outer loop
      vertex -0.8380767168795467 2.023296176199718 0.39
      vertex -0.8419035512031976 2.032534971524831 0.39
      vertex -0.5694018992255456 2.1250368178359507 0.39
    endloop
  endfacet
  facet normal 0 0 -1
    outer loop
      vertex -0.8380767168795467 2.023296176199718 0.39
      vertex -0.5694018992255456 2.1250368178359507 0.39
      vertex -0.5668137087745204 2.11537755957306 0.39
    endloop
  endfacet
  facet normal 0 0 -1
    outer loop
      vertex -0.5694018992255456 2.1250368178359507 0.39
      vertex -0.2871576228841135 2.181178695022383 0.39
      vertex -0.5668137087745204 2.11537755957306 0.39
    endloop
  endfacet
  facet normal 0 0 -1
    outer loop
      vertex -0.5668137087745204 2.11537755957306 0.39
      vertex -0.2871576228841135 2.181178695022383 0.39
      vertex -0.28585236096191297 2.171264246408645 0.39
    endloop
  endfacet
  facet normal 0 0 -1
    outer loop
      vertex -0.28585236096191297 2.171264246408645 0.39
      vertex -0.2871576228841135 2.181178695022383 0.39
      vertex 0 2.2 0.39
    endloop
  endfacet
  facet normal 0 0 -1
    outer loop
      vertex -0.28585236096191297 2.171264246408645 0.39
      vertex 0 2.2 0.39
      vertex 0 2.1900000000000004 0.39
    endloop
  endfacet
  facet normal 0 0 -1
    outer loop
      vertex 0 2.1900000000000004 0.39
      vertex 0 2.2 0.39
      vertex 0.2871576228841135 2.181178695022383 0.39
    endloop
  endfacet
  facet normal 0 0 -1
    outer loop
      vertex 0 2.1900000000000004 0.39
      vertex 0.2871576228841135 2.181178695022383 0.39
      vertex 0.28585236096191297 2.171264246408645 0.39
    endloop
  endfacet
  facet normal 0 0 -1
    outer loop
      vertex 0.28585236096191297 2.171264246408645 0.39
      vertex 0.5694018992255456 2.1250368178359507 0.39
      vertex 0.5668137087745204 2.11537755957306 0.39
    endloop
  endfacet
  facet normal 0 0 -1
    outer loop
      vertex 0.28585236096191297 2.171264246408645 0.39
      vertex 0.2871576228841135 2.181178695022383 0.39
      vertex 0.5694018992255456 2.1250368178359507 0.39
    endloop
  endfacet
  facet normal 0 0 -1
    outer loop
      vertex 1.5556349186104048 1.5556349186104048 0.39
      vertex 1.3331875295290982 1.7374438152378053 0.39
      vertex 1.3392751438191854 1.7453773486407176 0.39
    endloop
  endfacet
  facet normal 0 0 -1
    outer loop
      vertex 1.0950000000000002 1.8965956342879207 0.39
      vertex 1.3392751438191854 1.7453773486407176 0.39
      vertex 1.3331875295290982 1.7374438152378053 0.39
    endloop
  endfacet
  facet normal 0 0 -1
    outer loop
      vertex 1.0950000000000002 1.8965956342879207 0.39
      vertex 0.8380767168795467 2.023296176199718 0.39
      vertex 1.1 1.905255888325765 0.39
    endloop
  endfacet
  facet normal 0 0 -1
    outer loop
      vertex 0.8380767168795467 2.023296176199718 0.39
      vertex 0.8419035512031976 2.032534971524831 0.39
      vertex 1.1 1.905255888325765 0.39
    endloop
  endfacet
  facet normal 0 0 -1
    outer loop
      vertex 1.0950000000000002 1.8965956342879207 0.39
      vertex 1.1 1.905255888325765 0.39
      vertex 1.3392751438191854 1.7453773486407176 0.39
    endloop
  endfacet
  facet normal 0 0 -1
    outer loop
      vertex 0.5668137087745204 2.11537755957306 0.39
      vertex 0.8419035512031976 2.032534971524831 0.39
      vertex 0.8380767168795467 2.023296176199718 0.39
    endloop
  endfacet
  facet normal 0 0 -1
    outer loop
      vertex 0.5668137087745204 2.11537755957306 0.39
      vertex 0.5694018992255456 2.1250368178359507 0.39
      vertex 0.8419035512031976 2.032534971524831 0.39
    endloop
  endfacet
  facet normal -0.6593458151000684 0.7518398074789777 -3.8519972120052504e-18
    outer loop
      vertex -1.5556349186104048 1.5556349186104048 0.39
      vertex -1.3392751438191854 1.7453773486407176 3.49
      vertex -1.3392751438191854 1.7453773486407176 0.39
    endloop
  endfacet
  facet normal -0.555570233019602 0.8314696123025455 0
    outer loop
      vertex -1.3392751438191854 1.7453773486407176 0.39
      vertex -1.3392751438191854 1.7453773486407176 3.49
      vertex -1.1 1.905255888325765 0.39
    endloop
  endfacet
  facet normal -0.44228869021900113 0.8968727415326884 -6.80835031478182e-19
    outer loop
      vertex -1.1 1.905255888325765 0.39
      vertex -0.8419035512031976 2.032534971524831 3.49
      vertex -0.8419035512031976 2.032534971524831 0.39
    endloop
  endfacet
  facet normal -0.32143946530316275 0.9469301294951052 -8.12763183505324e-19
    outer loop
      vertex -0.8419035512031976 2.032534971524831 0.39
      vertex -0.5694018992255456 2.1250368178359507 3.49
      vertex -0.5694018992255456 2.1250368178359507 0.39
    endloop
  endfacet
  facet normal -0.19509032201612658 0.9807852804032309 -9.422126671263848e-19
    outer loop
      vertex -0.5694018992255456 2.1250368178359507 0.39
      vertex -0.2871576228841135 2.181178695022383 3.49
      vertex -0.2871576228841135 2.181178695022383 0.39
    endloop
  endfacet
  facet normal -0.06540312923014398 0.9978589232386035 3.746572826832041e-19
    outer loop
      vertex -0.2871576228841135 2.181178695022383 0.39
      vertex 0 2.2 3.49
      vertex 0 2.2 0.39
    endloop
  endfacet
  facet normal 0.19509032201612658 0.9807852804032309 0
    outer loop
      vertex 0.2871576228841135 2.181178695022383 0.39
      vertex 0.2871576228841135 2.181178695022383 3.49
      vertex 0.5694018992255456 2.1250368178359507 0.39
    endloop
  endfacet
  facet normal 0.06540312923014398 0.9978589232386035 -3.746572826832041e-19
    outer loop
      vertex 0 2.2 0.39
      vertex 0.2871576228841135 2.181178695022383 3.49
      vertex 0.2871576228841135 2.181178695022383 0.39
    endloop
  endfacet
  facet normal 0.6593458151000684 0.7518398074789777 3.8519972120052504e-18
    outer loop
      vertex 1.5556349186104048 1.5556349186104048 0.39
      vertex 1.3392751438191854 1.7453773486407176 0.39
      vertex 1.3392751438191854 1.7453773486407176 3.49
    endloop
  endfacet
  facet normal 0.555570233019602 0.8314696123025455 1.3855155318904569e-18
    outer loop
      vertex 1.1 1.905255888325765 0.39
      vertex 1.3392751438191854 1.7453773486407176 3.49
      vertex 1.3392751438191854 1.7453773486407176 0.39
    endloop
  endfacet
  facet normal 0.44228869021900113 0.8968727415326884 6.80835031478182e-19
    outer loop
      vertex 0.8419035512031976 2.032534971524831 0.39
      vertex 1.1 1.905255888325765 3.49
      vertex 1.1 1.905255888325765 0.39
    endloop
  endfacet
  facet normal 0.32143946530316275 0.9469301294951052 8.12763183505324e-19
    outer loop
      vertex 0.5694018992255456 2.1250368178359507 0.39
      vertex 0.8419035512031976 2.032534971524831 3.49
      vertex 0.8419035512031976 2.032534971524831 0.39
    endloop
  endfacet
  facet normal -0.555570233019602 0.8314696123025455 0
    outer loop
      vertex -1.1 1.905255888325765 0.39
      vertex -1.3392751438191854 1.7453773486407176 3.49
      vertex -1.1 1.905255888325765 3.49
    endloop
  endfacet
  facet normal -0.44228869021900113 0.8968727415326884 0
    outer loop
      vertex -1.1 1.905255888325765 0.39
      vertex -1.1 1.905255888325765 3.49
      vertex -0.8419035512031976 2.032534971524831 3.49
    endloop
  endfacet
  facet normal -0.32143946530316275 0.9469301294951052 0
    outer loop
      vertex -0.8419035512031976 2.032534971524831 0.39
      vertex -0.8419035512031976 2.032534971524831 3.49
      vertex -0.5694018992255456 2.1250368178359507 3.49
    endloop
  endfacet
  facet normal -0.19509032201612658 0.9807852804032309 0
    outer loop
      vertex -0.5694018992255456 2.1250368178359507 0.39
      vertex -0.5694018992255456 2.1250368178359507 3.49
      vertex -0.2871576228841135 2.181178695022383 3.49
    endloop
  endfacet
  facet normal -0.06540312923014398 0.9978589232386035 0
    outer loop
      vertex -0.2871576228841135 2.181178695022383 0.39
      vertex -0.2871576228841135 2.181178695022383 3.49
      vertex 0 2.2 3.49
    endloop
  endfacet
  facet normal 0.06540312923014398 0.9978589232386035 0
    outer loop
      vertex 0 2.2 0.39
      vertex 0 2.2 3.49
      vertex 0.2871576228841135 2.181178695022383 3.49
    endloop
  endfacet
  facet normal 0.44228869021900113 0.8968727415326884 0
    outer loop
      vertex 0.8419035512031976 2.032534971524831 0.39
      vertex 0.8419035512031976 2.032534971524831 3.49
      vertex 1.1 1.905255888325765 3.49
    endloop
  endfacet
  facet normal 0.555570233019602 0.8314696123025455 0
    outer loop
      vertex 1.1 1.905255888325765 0.39
      vertex 1.1 1.905255888325765 3.49
      vertex 1.3392751438191854 1.7453773486407176 3.49
    endloop
  endfacet
  facet normal 0.32143946530316275 0.9469301294951052 0
    outer loop
      vertex 0.5694018992255456 2.1250368178359507 0.39
      vertex 0.5694018992255456 2.1250368178359507 3.49
      vertex 0.8419035512031976 2.032534971524831 3.49
    endloop
  endfacet
  facet normal 0.19509032201612658 0.9807852804032309 0
    outer loop
      vertex 0.5694018992255456 2.1250368178359507 0.39
      vertex 0.2871576228841135 2.181178695022383 3.49
      vertex 0.5694018992255456 2.1250368178359507 3.49
    endloop
  endfacet
  facet normal 0 0 1
    outer loop
      vertex -2.181178695022383 -0.2871576228841135 3.49
      vertex -2.181178695022383 0.2871576228841135 3.49
      vertex -2.2 0 3.49
    endloop
  endfacet
  facet normal 0 0 1
    outer loop
      vertex -2.1250368178359507 -0.5694018992255456 3.49
      vertex -2.1250368178359507 0.5694018992255456 3.49
      vertex -2.181178695022383 0.2871576228841135 3.49
    endloop
  endfacet
  facet normal 0 0 1
    outer loop
      vertex -2.032534971524831 -0.8419035512031976 3.49
      vertex -2.032534971524831 0.8419035512031976 3.49
      vertex -2.1250368178359507 0.5694018992255456 3.49
    endloop
  endfacet
  facet normal 0 0 1
    outer loop
      vertex -1.905255888325765 -1.1 3.49
      vertex -1.905255888325765 1.1 3.49
      vertex -2.032534971524831 0.8419035512031976 3.49
    endloop
  endfacet
  facet normal 0 0 1
    outer loop
      vertex -1.7453773486407176 -1.3392751438191854 3.49
      vertex -1.7453773486407176 1.3392751438191854 3.49
      vertex -1.905255888325765 1.1 3.49
    endloop
  endfacet
  facet normal 0 0 1
    outer loop
      vertex -1.65 0 3.49
      vertex -1.6358840212667871 0.21536821716308507 3.49
      vertex -1.7453773486407176 1.3392751438191854 3.49
    endloop
  endfacet
  facet normal 0 0 1
    outer loop
      vertex -1.6358840212667871 0.21536821716308507 3.49
      vertex -1.5937776133769626 0.4270514244191592 3.49
      vertex -1.7453773486407176 1.3392751438191854 3.49
    endloop
  endfacet
  facet normal 0 0 1
    outer loop
      vertex -1.5937776133769626 0.4270514244191592 3.49
      vertex -1.524401228643623 0.6314276634023981 3.49
      vertex -1.7453773486407176 1.3392751438191854 3.49
    endloop
  endfacet
  facet normal 0 0 1
    outer loop
      vertex 1.7453773486407176 -1.3392751438191854 3.49
      vertex 1.5556349186104048 1.5556349186104048 3.49
      vertex 1.65 0 3.49
    endloop
  endfacet
  facet normal 0 0 1
    outer loop
      vertex 2.181178695022383 -0.2871576228841135 3.49
      vertex 2.2 0 3.49
      vertex 2.181178695022383 0.2871576228841135 3.49
    endloop
  endfacet
  facet normal 0 0 1
    outer loop
      vertex 2.181178695022383 -0.2871576228841135 3.49
      vertex 2.181178695022383 0.2871576228841135 3.49
      vertex 2.1250368178359507 0.5694018992255456 3.49
    endloop
  endfacet
  facet normal 0 0 1
    outer loop
      vertex 2.1250368178359507 -0.5694018992255456 3.49
      vertex 2.1250368178359507 0.5694018992255456 3.49
      vertex 2.032534971524831 0.8419035512031976 3.49
    endloop
  endfacet
  facet normal 0 0 1
    outer loop
      vertex 2.032534971524831 -0.8419035512031976 3.49
      vertex 2.032534971524831 0.8419035512031976 3.49
      vertex 1.905255888325765 1.1 3.49
    endloop
  endfacet
  facet normal 0 0 1
    outer loop
      vertex 1.7453773486407176 -1.3392751438191854 3.49
      vertex 1.7453773486407176 1.3392751438191854 3.49
      vertex 1.5556349186104048 1.5556349186104048 3.49
    endloop
  endfacet
  facet normal 0 0 1
    outer loop
      vertex 1.6358840212667871 0.21536821716308507 3.49
      vertex 1.65 0 3.49
      vertex 1.5556349186104048 1.5556349186104048 3.49
    endloop
  endfacet
  facet normal 0 0 1
    outer loop
      vertex 1.6358840212667871 0.21536821716308507 3.49
      vertex 1.5556349186104048 1.5556349186104048 3.49
      vertex 1.5937776133769626 0.4270514244191592 3.49
    endloop
  endfacet
  facet normal 0 0 1
    outer loop
      vertex 1.905255888325765 -1.1 3.49
      vertex 1.905255888325765 1.1 3.49
      vertex 1.7453773486407176 1.3392751438191854 3.49
    endloop
  endfacet
  facet normal 0 0 1
    outer loop
      vertex -1.524401228643623 0.6314276634023981 3.49
      vertex -1.4289419162443235 0.825 3.49
      vertex -1.5556349186104048 1.5556349186104048 3.49
    endloop
  endfacet
  facet normal 0 0 1
    outer loop
      vertex -1.524401228643623 0.6314276634023981 3.49
      vertex -1.5556349186104048 1.5556349186104048 3.49
      vertex -1.7453773486407176 1.3392751438191854 3.49
    endloop
  endfacet
  facet normal 0 0 1
    outer loop
      vertex -1.4289419162443235 0.825 3.49
      vertex -1.309033011480538 1.004456357864389 3.49
      vertex -1.5556349186104048 1.5556349186104048 3.49
    endloop
  endfacet
  facet normal 0 0 1
    outer loop
      vertex -1.309033011480538 1.004456357864389 3.49
      vertex -1.1667261889578033 1.1667261889578033 3.49
      vertex -1.3392751438191854 1.7453773486407176 3.49
    endloop
  endfacet
  facet normal 0 0 1
    outer loop
      vertex -1.1667261889578033 1.1667261889578033 3.49
      vertex -1.004456357864389 1.309033011480538 3.49
      vertex -1.3392751438191854 1.7453773486407176 3.49
    endloop
  endfacet
  facet normal 0 0 1
    outer loop
      vertex -1.309033011480538 1.004456357864389 3.49
      vertex -1.3392751438191854 1.7453773486407176 3.49
      vertex -1.5556349186104048 1.5556349186104048 3.49
    endloop
  endfacet
  facet normal 0 0 1
    outer loop
      vertex -1.004456357864389 1.309033011480538 3.49
      vertex -0.825 1.4289419162443235 3.49
      vertex -1.1 1.905255888325765 3.49
    endloop
  endfacet
  facet normal 0 0 1
    outer loop
      vertex 1.5937776133769626 0.4270514244191592 3.49
      vertex 1.5556349186104048 1.5556349186104048 3.49
      vertex 1.524401228643623 0.6314276634023981 3.49
    endloop
  endfacet
  facet normal 0 0 1
    outer loop
      vertex 1.524401228643623 0.6314276634023981 3.49
      vertex 1.5556349186104048 1.5556349186104048 3.49
      vertex 1.4289419162443235 0.825 3.49
    endloop
  endfacet
  facet normal 0 0 1
    outer loop
      vertex 1.309033011480538 1.004456357864389 3.49
      vertex 1.4289419162443235 0.825 3.49
      vertex 1.3392751438191854 1.7453773486407176 3.49
    endloop
  endfacet
  facet normal 0 0 1
    outer loop
      vertex 1.309033011480538 1.004456357864389 3.49
      vertex 1.3392751438191854 1.7453773486407176 3.49
      vertex 1.1667261889578033 1.1667261889578033 3.49
    endloop
  endfacet
  facet normal 0 0 1
    outer loop
      vertex 1.4289419162443235 0.825 3.49
      vertex 1.5556349186104048 1.5556349186104048 3.49
      vertex 1.3392751438191854 1.7453773486407176 3.49
    endloop
  endfacet
  facet normal 0 0 1
    outer loop
      vertex 1.004456357864389 1.309033011480538 3.49
      vertex 1.1667261889578033 1.1667261889578033 3.49
      vertex 1.1 1.905255888325765 3.49
    endloop
  endfacet
  facet normal 0 0 1
    outer loop
      vertex 1.004456357864389 1.309033011480538 3.49
      vertex 0.8419035512031976 2.032534971524831 3.49
      vertex 0.825 1.4289419162443235 3.49
    endloop
  endfacet
  facet normal 0 0 1
    outer loop
      vertex 1.1667261889578033 1.1667261889578033 3.49
      vertex 1.3392751438191854 1.7453773486407176 3.49
      vertex 1.1 1.905255888325765 3.49
    endloop
  endfacet
  facet normal 0 0 1
    outer loop
      vertex -1.3392751438191854 1.7453773486407176 3.49
      vertex -1.004456357864389 1.309033011480538 3.49
      vertex -1.1 1.905255888325765 3.49
    endloop
  endfacet
  facet normal 0 0 1
    outer loop
      vertex -0.825 1.4289419162443235 3.49
      vertex -0.8419035512031976 2.032534971524831 3.49
      vertex -1.1 1.905255888325765 3.49
    endloop
  endfacet
  facet normal 0 0 1
    outer loop
      vertex -0.825 1.4289419162443235 3.49
      vertex -0.6314276634023981 1.524401228643623 3.49
      vertex -0.8419035512031976 2.032534971524831 3.49
    endloop
  endfacet
  facet normal 0 0 1
    outer loop
      vertex -0.6314276634023981 1.524401228643623 3.49
      vertex -0.4270514244191592 1.5937776133769626 3.49
      vertex -0.8419035512031976 2.032534971524831 3.49
    endloop
  endfacet
  facet normal 0 0 1
    outer loop
      vertex -0.5694018992255456 2.1250368178359507 3.49
      vertex -0.4270514244191592 1.5937776133769626 3.49
      vertex -0.21536821716308507 1.6358840212667871 3.49
    endloop
  endfacet
  facet normal 0 0 1
    outer loop
      vertex -0.21536821716308507 1.6358840212667871 3.49
      vertex 0 1.65 3.49
      vertex -0.2871576228841135 2.181178695022383 3.49
    endloop
  endfacet
  facet normal 0 0 1
    outer loop
      vertex 0.21536821716308507 1.6358840212667871 3.49
      vertex 0.4270514244191592 1.5937776133769626 3.49
      vertex 0.2871576228841135 2.181178695022383 3.49
    endloop
  endfacet
  facet normal 0 0 1
    outer loop
      vertex -0.8419035512031976 2.032534971524831 3.49
      vertex -0.4270514244191592 1.5937776133769626 3.49
      vertex -0.5694018992255456 2.1250368178359507 3.49
    endloop
  endfacet
  facet normal 0 0 1
    outer loop
      vertex -0.5694018992255456 2.1250368178359507 3.49
      vertex -0.21536821716308507 1.6358840212667871 3.49
      vertex -0.2871576228841135 2.181178695022383 3.49
    endloop
  endfacet
  facet normal 0 0 1
    outer loop
      vertex 0.21536821716308507 1.6358840212667871 3.49
      vertex 0 2.2 3.49
      vertex 0 1.65 3.49
    endloop
  endfacet
  facet normal 0 0 1
    outer loop
      vertex -0.2871576228841135 2.181178695022383 3.49
      vertex 0 1.65 3.49
      vertex 0 2.2 3.49
    endloop
  endfacet
  facet normal 0 0 1
    outer loop
      vertex 0.4270514244191592 1.5937776133769626 3.49
      vertex 0.5694018992255456 2.1250368178359507 3.49
      vertex 0.2871576228841135 2.181178695022383 3.49
    endloop
  endfacet
  facet normal 0 0 1
    outer loop
      vertex 0.21536821716308507 1.6358840212667871 3.49
      vertex 0.2871576228841135 2.181178695022383 3.49
      vertex 0 2.2 3.49
    endloop
  endfacet
  facet normal 0 0 1
    outer loop
      vertex 0.6314276634023981 1.524401228643623 3.49
      vertex 0.825 1.4289419162443235 3.49
      vertex 0.8419035512031976 2.032534971524831 3.49
    endloop
  endfacet
  facet normal 0 0 1
    outer loop
      vertex 0.4270514244191592 1.5937776133769626 3.49
      vertex 0.6314276634023981 1.524401228643623 3.49
      vertex 0.5694018992255456 2.1250368178359507 3.49
    endloop
  endfacet
  facet normal 0 0 1
    outer loop
      vertex 1.004456357864389 1.309033011480538 3.49
      vertex 1.1 1.905255888325765 3.49
      vertex 0.8419035512031976 2.032534971524831 3.49
    endloop
  endfacet
  facet normal 0 0 1
    outer loop
      vertex 0.6314276634023981 1.524401228643623 3.49
      vertex 0.8419035512031976 2.032534971524831 3.49
      vertex 0.5694018992255456 2.1250368178359507 3.49
    endloop
  endfacet
  facet normal 0 0 -1
    outer loop
      vertex 7.558096448796803 -2.032534971524831 0.39
      vertex 7.83318629122548 -2.11537755957306 0.39
      vertex 7.830598100774455 -2.1250368178359507 0.39
    endloop
  endfacet
  facet normal 0 0 -1
    outer loop
      vertex 7.558096448796803 -2.032534971524831 0.39
      vertex 7.5619232831204535 -2.023296176199718 0.39
      vertex 7.83318629122548 -2.11537755957306 0.39
    endloop
  endfacet
  facet normal 0 0 -1
    outer loop
      vertex 7.830598100774455 -2.1250368178359507 0.39
      vertex 7.83318629122548 -2.11537755957306 0.39
      vertex 8.114147639038087 -2.171264246408645 0.39
    endloop
  endfacet
  facet normal 0 0 -1
    outer loop
      vertex 7.830598100774455 -2.1250368178359507 0.39
      vertex 8.114147639038087 -2.171264246408645 0.39
      vertex 8.112842377115888 -2.181178695022383 0.39
    endloop
  endfacet
  facet normal 0 0 -1
    outer loop
      vertex 8.112842377115888 -2.181178695022383 0.39
      vertex 8.4 -2.1900000000000004 0.39
      vertex 8.4 -2.2 0.39
    endloop
  endfacet
  facet normal 0 0 -1
    outer loop
      vertex 8.4 -2.2 0.39
      vertex 8.4 -2.1900000000000004 0.39
      vertex 8.685852360961913 -2.171264246408645 0.39
    endloop
  endfacet
  facet normal 0 0 -1
    outer loop
      vertex 8.112842377115888 -2.181178695022383 0.39
      vertex 8.114147639038087 -2.171264246408645 0.39
      vertex 8.4 -2.1900000000000004 0.39
    endloop
  endfacet
  facet normal 0 0 -1
    outer loop
      vertex 7.060724856180815 -1.7453773486407176 0.39
      vertex 7.066812470470902 -1.7374438152378053 0.39
      vertex 7.305 -1.8965956342879207 0.39
    endloop
  endfacet
  facet normal 0 0 -1
    outer loop
      vertex 7.060724856180815 -1.7453773486407176 0.39
      vertex 6.844365081389595 -1.5556349186104048 0.39
      vertex 7.066812470470902 -1.7374438152378053 0.39
    endloop
  endfacet
  facet normal 0 0 -1
    outer loop
      vertex 7.558096448796803 -2.032534971524831 0.39
      vertex 7.300000000000001 -1.905255888325765 0.39
      vertex 7.5619232831204535 -2.023296176199718 0.39
    endloop
  endfacet
  facet normal 0 0 -1
    outer loop
      vertex 7.5619232831204535 -2.023296176199718 0.39
      vertex 7.300000000000001 -1.905255888325765 0.39
      vertex 7.305 -1.8965956342879207 0.39
    endloop
  endfacet
  facet normal 0 0 -1
    outer loop
      vertex 7.060724856180815 -1.7453773486407176 0.39
      vertex 7.305 -1.8965956342879207 0.39
      vertex 7.300000000000001 -1.905255888325765 0.39
    endloop
  endfacet
  facet normal -0.32143946530316325 -0.9469301294951051 1.9142879952307827e-19
    outer loop
      vertex 7.558096448796803 -2.032534971524831 0.39
      vertex 7.830598100774455 -2.1250368178359507 0.39
      vertex 7.830598100774455 -2.1250368178359507 3.49
    endloop
  endfacet
  facet normal -0.1950903220161261 -0.9807852804032309 1.8007652774043435e-18
    outer loop
      vertex 7.830598100774455 -2.1250368178359507 0.39
      vertex 8.112842377115888 -2.181178695022383 0.39
      vertex 8.112842377115888 -2.181178695022383 3.49
    endloop
  endfacet
  facet normal -0.06540312923014413 -0.9978589232386035 6.749486886423458e-20
    outer loop
      vertex 8.112842377115888 -2.181178695022383 0.39
      vertex 8.4 -2.2 0.39
      vertex 8.4 -2.2 3.49
    endloop
  endfacet
  facet normal 0.06540312923014413 -0.9978589232386035 0
    outer loop
      vertex 8.4 -2.2 0.39
      vertex 8.687157622884113 -2.181178695022383 0.39
      vertex 8.4 -2.2 3.49
    endloop
  endfacet
  facet normal -0.555570233019601 -0.8314696123025462 0
    outer loop
      vertex 7.060724856180815 -1.7453773486407176 0.39
      vertex 7.300000000000001 -1.905255888325765 0.39
      vertex 7.060724856180815 -1.7453773486407176 3.49
    endloop
  endfacet
  facet normal -0.6593458151000684 -0.7518398074789777 0
    outer loop
      vertex 7.060724856180815 -1.7453773486407176 0.39
      vertex 7.060724856180815 -1.7453773486407176 3.49
      vertex 6.844365081389595 -1.5556349186104048 0.39
    endloop
  endfacet
  facet normal -0.44228869021900113 -0.8968727415326884 0
    outer loop
      vertex 7.558096448796803 -2.032534971524831 0.39
      vertex 7.558096448796803 -2.032534971524831 3.49
      vertex 7.300000000000001 -1.905255888325765 0.39
    endloop
  endfacet
  facet normal -0.32143946530316325 -0.9469301294951051 0
    outer loop
      vertex 7.558096448796803 -2.032534971524831 0.39
      vertex 7.830598100774455 -2.1250368178359507 3.49
      vertex 7.558096448796803 -2.032534971524831 3.49
    endloop
  endfacet
  facet normal -0.1950903220161261 -0.9807852804032309 0
    outer loop
      vertex 7.830598100774455 -2.1250368178359507 0.39
      vertex 8.112842377115888 -2.181178695022383 3.49
      vertex 7.830598100774455 -2.1250368178359507 3.49
    endloop
  endfacet
  facet normal -0.06540312923014413 -0.9978589232386035 0
    outer loop
      vertex 8.112842377115888 -2.181178695022383 0.39
      vertex 8.4 -2.2 3.49
      vertex 8.112842377115888 -2.181178695022383 3.49
    endloop
  endfacet
  facet normal -0.44228869021900113 -0.8968727415326884 0
    outer loop
      vertex 7.300000000000001 -1.905255888325765 0.39
      vertex 7.558096448796803 -2.032534971524831 3.49
      vertex 7.300000000000001 -1.905255888325765 3.49
    endloop
  endfacet
  facet normal -0.555570233019601 -0.8314696123025462 0
    outer loop
      vertex 7.300000000000001 -1.905255888325765 0.39
      vertex 7.300000000000001 -1.905255888325765 3.49
      vertex 7.060724856180815 -1.7453773486407176 3.49
    endloop
  endfacet
  facet normal 0 0 -1
    outer loop
      vertex 7.066812470470902 -1.7374438152378053 0.39
      vertex 6.844365081389595 -1.5556349186104048 0.39
      vertex 6.8514361492014615 -1.5485638507985393 0.39
    endloop
  endfacet
  facet normal 0 0 -1
    outer loop
      vertex 6.654622651359283 -1.3392751438191854 0.39
      vertex 6.8514361492014615 -1.5485638507985393 0.39
      vertex 6.844365081389595 -1.5556349186104048 0.39
    endloop
  endfacet
  facet normal 0 0 -1
    outer loop
      vertex 6.654622651359283 -1.3392751438191854 0.39
      vertex 6.662556184762195 -1.3331875295290982 0.39
      vertex 6.8514361492014615 -1.5485638507985393 0.39
    endloop
  endfacet
  facet normal 0 0 -1
    outer loop
      vertex 6.654622651359283 -1.3392751438191854 0.39
      vertex 6.494744111674235 -1.1 0.39
      vertex 6.662556184762195 -1.3331875295290982 0.39
    endloop
  endfacet
  facet normal 0 0 -1
    outer loop
      vertex 6.662556184762195 -1.3331875295290982 0.39
      vertex 6.494744111674235 -1.1 0.39
      vertex 6.50340436571208 -1.0950000000000002 0.39
    endloop
  endfacet
  facet normal 0 0 -1
    outer loop
      vertex 6.36746502847517 -0.8419035512031976 0.39
      vertex 6.50340436571208 -1.0950000000000002 0.39
      vertex 6.494744111674235 -1.1 0.39
    endloop
  endfacet
  facet normal 0 0 -1
    outer loop
      vertex 6.36746502847517 -0.8419035512031976 0.39
      vertex 6.376703823800282 -0.8380767168795467 0.39
      vertex 6.50340436571208 -1.0950000000000002 0.39
    endloop
  endfacet
  facet normal -0.7518398074789782 -0.659345815100068 3.2570668276673477e-18
    outer loop
      vertex 6.654622651359283 -1.3392751438191854 0.39
      vertex 6.844365081389595 -1.5556349186104048 0.39
      vertex 6.844365081389595 -1.5556349186104048 3.49
    endloop
  endfacet
  facet normal -0.8314696123025451 -0.5555702330196025 0
    outer loop
      vertex 6.654622651359283 -1.3392751438191854 0.39
      vertex 6.654622651359283 -1.3392751438191854 3.49
      vertex 6.494744111674235 -1.1 0.39
    endloop
  endfacet
  facet normal -0.8968727415326893 -0.4422886902189992 -1.0516813489805836e-18
    outer loop
      vertex 6.36746502847517 -0.8419035512031976 0.39
      vertex 6.494744111674235 -1.1 0.39
      vertex 6.494744111674235 -1.1 3.49
    endloop
  endfacet
  facet normal 0 0 -1
    outer loop
      vertex 6.36746502847517 -0.8419035512031976 0.39
      vertex 6.27496318216405 -0.5694018992255456 0.39
      vertex 6.376703823800282 -0.8380767168795467 0.39
    endloop
  endfacet
  facet normal 0 0 -1
    outer loop
      vertex 6.376703823800282 -0.8380767168795467 0.39
      vertex 6.27496318216405 -0.5694018992255456 0.39
      vertex 6.28462244042694 -0.5668137087745204 0.39
    endloop
  endfacet
  facet normal 0 0 -1
    outer loop
      vertex 6.27496318216405 -0.5694018992255456 0.39
      vertex 6.2188213049776175 -0.2871576228841135 0.39
      vertex 6.28462244042694 -0.5668137087745204 0.39
    endloop
  endfacet
  facet normal 0 0 -1
    outer loop
      vertex 6.28462244042694 -0.5668137087745204 0.39
      vertex 6.2188213049776175 -0.2871576228841135 0.39
      vertex 6.228735753591355 -0.28585236096191297 0.39
    endloop
  endfacet
  facet normal 0 0 -1
    outer loop
      vertex 6.2188213049776175 -0.2871576228841135 0.39
      vertex 6.2 0 0.39
      vertex 6.228735753591355 -0.28585236096191297 0.39
    endloop
  endfacet
  facet normal 0 0 -1
    outer loop
      vertex 6.228735753591355 -0.28585236096191297 0.39
      vertex 6.2 0 0.39
      vertex 6.21 0 0.39
    endloop
  endfacet
  facet normal -0.9469301294951048 -0.32143946530316414 0
    outer loop
      vertex 6.36746502847517 -0.8419035512031976 0.39
      vertex 6.36746502847517 -0.8419035512031976 3.49
      vertex 6.27496318216405 -0.5694018992255456 0.39
    endloop
  endfacet
  facet normal -0.9807852804032309 -0.19509032201612658 0
    outer loop
      vertex 6.27496318216405 -0.5694018992255456 0.39
      vertex 6.27496318216405 -0.5694018992255456 3.49
      vertex 6.2188213049776175 -0.2871576228841135 0.39
    endloop
  endfacet
  facet normal -0.9978589232386035 -0.06540312923014398 0
    outer loop
      vertex 6.2188213049776175 -0.2871576228841135 0.39
      vertex 6.2188213049776175 -0.2871576228841135 3.49
      vertex 6.2 0 0.39
    endloop
  endfacet
  facet normal -0.6593458151000684 -0.7518398074789777 0
    outer loop
      vertex 6.844365081389595 -1.5556349186104048 0.39
      vertex 7.060724856180815 -1.7453773486407176 3.49
      vertex 6.844365081389595 -1.5556349186104048 3.49
    endloop
  endfacet
  facet normal -0.7518398074789782 -0.659345815100068 0
    outer loop
      vertex 6.654622651359283 -1.3392751438191854 0.39
      vertex 6.844365081389595 -1.5556349186104048 3.49
      vertex 6.654622651359283 -1.3392751438191854 3.49
    endloop
  endfacet
  facet normal -0.8314696123025451 -0.5555702330196025 0
    outer loop
      vertex 6.494744111674235 -1.1 0.39
      vertex 6.654622651359283 -1.3392751438191854 3.49
      vertex 6.494744111674235 -1.1 3.49
    endloop
  endfacet
  facet normal -0.8968727415326893 -0.4422886902189992 0
    outer loop
      vertex 6.36746502847517 -0.8419035512031976 0.39
      vertex 6.494744111674235 -1.1 3.49
      vertex 6.36746502847517 -0.8419035512031976 3.49
    endloop
  endfacet
  facet normal -0.9469301294951048 -0.32143946530316414 0
    outer loop
      vertex 6.27496318216405 -0.5694018992255456 0.39
      vertex 6.36746502847517 -0.8419035512031976 3.49
      vertex 6.27496318216405 -0.5694018992255456 3.49
    endloop
  endfacet
  facet normal -0.9807852804032309 -0.19509032201612658 0
    outer loop
      vertex 6.2188213049776175 -0.2871576228841135 0.39
      vertex 6.27496318216405 -0.5694018992255456 3.49
      vertex 6.2188213049776175 -0.2871576228841135 3.49
    endloop
  endfacet
  facet normal -0.9978589232386035 -0.06540312923014398 -3.746572826832041e-19
    outer loop
      vertex 6.2188213049776175 -0.2871576228841135 3.49
      vertex 6.2 0 3.49
      vertex 6.2 0 0.39
    endloop
  endfacet
  facet normal 0 0 -1
    outer loop
      vertex 8.4 -2.2 0.39
      vertex 8.685852360961913 -2.171264246408645 0.39
      vertex 8.687157622884113 -2.181178695022383 0.39
    endloop
  endfacet
  facet normal 0 0 -1
    outer loop
      vertex 8.687157622884113 -2.181178695022383 0.39
      vertex 8.685852360961913 -2.171264246408645 0.39
      vertex 8.96681370877452 -2.11537755957306 0.39
    endloop
  endfacet
  facet normal 0 0 -1
    outer loop
      vertex 8.687157622884113 -2.181178695022383 0.39
      vertex 8.96681370877452 -2.11537755957306 0.39
      vertex 8.969401899225545 -2.1250368178359507 0.39
    endloop
  endfacet
  facet normal 0 0 -1
    outer loop
      vertex 8.96681370877452 -2.11537755957306 0.39
      vertex 9.238076716879547 -2.023296176199718 0.39
      vertex 8.969401899225545 -2.1250368178359507 0.39
    endloop
  endfacet
  facet normal 0 0 -1
    outer loop
      vertex 8.969401899225545 -2.1250368178359507 0.39
      vertex 9.238076716879547 -2.023296176199718 0.39
      vertex 9.241903551203198 -2.032534971524831 0.39
    endloop
  endfacet
  facet normal 0 0 -1
    outer loop
      vertex 9.241903551203198 -2.032534971524831 0.39
      vertex 9.238076716879547 -2.023296176199718 0.39
      vertex 9.495000000000001 -1.8965956342879207 0.39
    endloop
  endfacet
  facet normal 0 0 -1
    outer loop
      vertex 9.241903551203198 -2.032534971524831 0.39
      vertex 9.495000000000001 -1.8965956342879207 0.39
      vertex 9.5 -1.905255888325765 0.39
    endloop
  endfacet
  facet normal 0 0 -1
    outer loop
      vertex 9.495000000000001 -1.8965956342879207 0.39
      vertex 9.733187529529099 -1.7374438152378053 0.39
      vertex 9.5 -1.905255888325765 0.39
    endloop
  endfacet
  facet normal 0 0 -1
    outer loop
      vertex 9.5 -1.905255888325765 0.39
      vertex 9.733187529529099 -1.7374438152378053 0.39
      vertex 9.739275143819185 -1.7453773486407176 0.39
    endloop
  endfacet
  facet normal 0 0 -1
    outer loop
      vertex 9.739275143819185 -1.7453773486407176 0.39
      vertex 9.733187529529099 -1.7374438152378053 0.39
      vertex 9.94856385079854 -1.5485638507985393 0.39
    endloop
  endfacet
  facet normal 0.1950903220161267 -0.9807852804032307 0
    outer loop
      vertex 8.687157622884113 -2.181178695022383 0.39
      vertex 8.969401899225545 -2.1250368178359507 0.39
      vertex 8.687157622884113 -2.181178695022383 3.49
    endloop
  endfacet
  facet normal 0.3214394653031623 -0.9469301294951055 0
    outer loop
      vertex 8.969401899225545 -2.1250368178359507 0.39
      vertex 9.241903551203198 -2.032534971524831 0.39
      vertex 8.969401899225545 -2.1250368178359507 3.49
    endloop
  endfacet
  facet normal 0.44228869021900113 -0.8968727415326884 -6.80835031478182e-19
    outer loop
      vertex 9.241903551203198 -2.032534971524831 0.39
      vertex 9.5 -1.905255888325765 0.39
      vertex 9.5 -1.905255888325765 3.49
    endloop
  endfacet
  facet normal 0.5555702330196023 -0.8314696123025452 -2.2886641144928184e-18
    outer loop
      vertex 9.5 -1.905255888325765 0.39
      vertex 9.739275143819185 -1.7453773486407176 0.39
      vertex 9.739275143819185 -1.7453773486407176 3.49
    endloop
  endfacet
  facet normal 0.06540312923014413 -0.9978589232386035 0
    outer loop
      vertex 8.687157622884113 -2.181178695022383 0.39
      vertex 8.687157622884113 -2.181178695022383 3.49
      vertex 8.4 -2.2 3.49
    endloop
  endfacet
  facet normal 0.1950903220161267 -0.9807852804032307 0
    outer loop
      vertex 8.969401899225545 -2.1250368178359507 0.39
      vertex 8.969401899225545 -2.1250368178359507 3.49
      vertex 8.687157622884113 -2.181178695022383 3.49
    endloop
  endfacet
  facet normal 0.3214394653031623 -0.9469301294951055 0
    outer loop
      vertex 9.241903551203198 -2.032534971524831 0.39
      vertex 9.241903551203198 -2.032534971524831 3.49
      vertex 8.969401899225545 -2.1250368178359507 3.49
    endloop
  endfacet
  facet normal 0.44228869021900113 -0.8968727415326884 0
    outer loop
      vertex 9.241903551203198 -2.032534971524831 0.39
      vertex 9.5 -1.905255888325765 3.49
      vertex 9.241903551203198 -2.032534971524831 3.49
    endloop
  endfacet
  facet normal 0.5555702330196023 -0.8314696123025452 0
    outer loop
      vertex 9.5 -1.905255888325765 0.39
      vertex 9.739275143819185 -1.7453773486407176 3.49
      vertex 9.5 -1.905255888325765 3.49
    endloop
  endfacet
  facet normal 0.659345815100067 -0.7518398074789792 0
    outer loop
      vertex 9.739275143819185 -1.7453773486407176 0.39
      vertex 9.955634918610405 -1.5556349186104048 3.49
      vertex 9.739275143819185 -1.7453773486407176 3.49
    endloop
  endfacet
  facet normal 0 0 -1
    outer loop
      vertex 9.739275143819185 -1.7453773486407176 0.39
      vertex 9.94856385079854 -1.5485638507985393 0.39
      vertex 9.955634918610405 -1.5556349186104048 0.39
    endloop
  endfacet
  facet normal 0 0 -1
    outer loop
      vertex 9.94856385079854 -1.5485638507985393 0.39
      vertex 10.137443815237805 -1.3331875295290982 0.39
      vertex 9.955634918610405 -1.5556349186104048 0.39
    endloop
  endfacet
  facet normal 0 0 -1
    outer loop
      vertex 9.955634918610405 -1.5556349186104048 0.39
      vertex 10.137443815237805 -1.3331875295290982 0.39
      vertex 10.145377348640718 -1.3392751438191854 0.39
    endloop
  endfacet
  facet normal 0 0 -1
    outer loop
      vertex 10.137443815237805 -1.3331875295290982 0.39
      vertex 10.296595634287922 -1.095 0.39
      vertex 10.145377348640718 -1.3392751438191854 0.39
    endloop
  endfacet
  facet normal 0 0 -1
    outer loop
      vertex 10.145377348640718 -1.3392751438191854 0.39
      vertex 10.296595634287922 -1.095 0.39
      vertex 10.305255888325766 -1.1 0.39
    endloop
  endfacet
  facet normal 0 0 -1
    outer loop
      vertex 10.296595634287922 -1.095 0.39
      vertex 10.423296176199718 -0.8380767168795467 0.39
      vertex 10.305255888325766 -1.1 0.39
    endloop
  endfacet
  facet normal 0 0 -1
    outer loop
      vertex 10.305255888325766 -1.1 0.39
      vertex 10.423296176199718 -0.8380767168795467 0.39
      vertex 10.43253497152483 -0.8419035512031976 0.39
    endloop
  endfacet
  facet normal 0.659345815100067 -0.7518398074789792 -1.6194213779223645e-18
    outer loop
      vertex 9.739275143819185 -1.7453773486407176 0.39
      vertex 9.955634918610405 -1.5556349186104048 0.39
      vertex 9.955634918610405 -1.5556349186104048 3.49
    endloop
  endfacet
  facet normal 0.7518398074789782 -0.659345815100068 -3.2570668276673477e-18
    outer loop
      vertex 9.955634918610405 -1.5556349186104048 0.39
      vertex 10.145377348640718 -1.3392751438191854 0.39
      vertex 10.145377348640718 -1.3392751438191854 3.49
    endloop
  endfacet
  facet normal 0.8314696123025451 -0.5555702330196025 0
    outer loop
      vertex 10.145377348640718 -1.3392751438191854 0.39
      vertex 10.305255888325766 -1.1 0.39
      vertex 10.145377348640718 -1.3392751438191854 3.49
    endloop
  endfacet
  facet normal 0.8968727415326893 -0.4422886902189992 0
    outer loop
      vertex 10.305255888325766 -1.1 0.39
      vertex 10.43253497152483 -0.8419035512031976 0.39
      vertex 10.305255888325766 -1.1 3.49
    endloop
  endfacet
  facet normal 0 0 -1
    outer loop
      vertex 10.423296176199718 -0.8380767168795467 0.39
      vertex 10.51537755957306 -0.5668137087745204 0.39
      vertex 10.43253497152483 -0.8419035512031976 0.39
    endloop
  endfacet
  facet normal 0 0 -1
    outer loop
      vertex 10.43253497152483 -0.8419035512031976 0.39
      vertex 10.51537755957306 -0.5668137087745204 0.39
      vertex 10.52503681783595 -0.5694018992255456 0.39
    endloop
  endfacet
  facet normal 0 0 -1
    outer loop
      vertex 10.52503681783595 -0.5694018992255456 0.39
      vertex 10.51537755957306 -0.5668137087745204 0.39
      vertex 10.571264246408646 -0.28585236096191297 0.39
    endloop
  endfacet
  facet normal 0 0 -1
    outer loop
      vertex 10.52503681783595 -0.5694018992255456 0.39
      vertex 10.571264246408646 -0.28585236096191297 0.39
      vertex 10.581178695022384 -0.2871576228841135 0.39
    endloop
  endfacet
  facet normal 0 0 -1
    outer loop
      vertex 10.571264246408646 -0.28585236096191297 0.39
      vertex 10.59 0 0.39
      vertex 10.581178695022384 -0.2871576228841135 0.39
    endloop
  endfacet
  facet normal 0 0 -1
    outer loop
      vertex 10.581178695022384 -0.2871576228841135 0.39
      vertex 10.59 0 0.39
      vertex 10.600000000000001 0 0.39
    endloop
  endfacet
  facet normal 0.9469301294951057 -0.32143946530316136 0
    outer loop
      vertex 10.43253497152483 -0.8419035512031976 0.39
      vertex 10.52503681783595 -0.5694018992255456 0.39
      vertex 10.43253497152483 -0.8419035512031976 3.49
    endloop
  endfacet
  facet normal 0.9807852804032297 -0.1950903220161325 0
    outer loop
      vertex 10.52503681783595 -0.5694018992255456 0.39
      vertex 10.581178695022384 -0.2871576228841135 0.39
      vertex 10.52503681783595 -0.5694018992255456 3.49
    endloop
  endfacet
  facet normal 0.9978589232386035 -0.06540312923014398 0
    outer loop
      vertex 10.581178695022384 -0.2871576228841135 0.39
      vertex 10.600000000000001 0 0.39
      vertex 10.581178695022384 -0.2871576228841135 3.49
    endloop
  endfacet
  facet normal 0.9978589232386034 -0.06540312923014491 1.1614375763179767e-16
    outer loop
      vertex 10.581178695022384 -0.2871576228841135 3.49
      vertex 10.600000000000001 0 0.39
      vertex 10.600000000000001 0 0.4
    endloop
  endfacet
  facet normal 0.7518398074789782 -0.659345815100068 0
    outer loop
      vertex 9.955634918610405 -1.5556349186104048 0.39
      vertex 10.145377348640718 -1.3392751438191854 3.49
      vertex 9.955634918610405 -1.5556349186104048 3.49
    endloop
  endfacet
  facet normal 0.8314696123025451 -0.5555702330196025 0
    outer loop
      vertex 10.305255888325766 -1.1 0.39
      vertex 10.305255888325766 -1.1 3.49
      vertex 10.145377348640718 -1.3392751438191854 3.49
    endloop
  endfacet
  facet normal 0.8968727415326893 -0.4422886902189992 0
    outer loop
      vertex 10.43253497152483 -0.8419035512031976 0.39
      vertex 10.43253497152483 -0.8419035512031976 3.49
      vertex 10.305255888325766 -1.1 3.49
    endloop
  endfacet
  facet normal 0.9469301294951057 -0.32143946530316136 0
    outer loop
      vertex 10.52503681783595 -0.5694018992255456 0.39
      vertex 10.52503681783595 -0.5694018992255456 3.49
      vertex 10.43253497152483 -0.8419035512031976 3.49
    endloop
  endfacet
  facet normal 0.9807852804032297 -0.1950903220161325 0
    outer loop
      vertex 10.581178695022384 -0.2871576228841135 0.39
      vertex 10.581178695022384 -0.2871576228841135 3.49
      vertex 10.52503681783595 -0.5694018992255456 3.49
    endloop
  endfacet
  facet normal 0.9978589232386035 -0.06540312923014398 3.758697657986837e-19
    outer loop
      vertex 10.581178695022384 -0.2871576228841135 3.49
      vertex 10.600000000000001 0 0.4
      vertex 10.600000000000001 0 3.49
    endloop
  endfacet
  facet normal 0 0 1
    outer loop
      vertex 7.558096448796803 -2.032534971524831 3.49
      vertex 7.830598100774455 -2.1250368178359507 3.49
      vertex 7.768572336597602 -1.524401228643623 3.49
    endloop
  endfacet
  facet normal 0 0 1
    outer loop
      vertex 7.830598100774455 -2.1250368178359507 3.49
      vertex 8.112842377115888 -2.181178695022383 3.49
      vertex 7.972948575580841 -1.5937776133769626 3.49
    endloop
  endfacet
  facet normal 0 0 1
    outer loop
      vertex 8.112842377115888 -2.181178695022383 3.49
      vertex 8.4 -2.2 3.49
      vertex 8.184631782836915 -1.6358840212667871 3.49
    endloop
  endfacet
  facet normal 0 0 1
    outer loop
      vertex 8.4 -2.2 3.49
      vertex 8.687157622884113 -2.181178695022383 3.49
      vertex 8.4 -1.65 3.49
    endloop
  endfacet
  facet normal 0 0 1
    outer loop
      vertex 8.184631782836915 -1.6358840212667871 3.49
      vertex 8.4 -2.2 3.49
      vertex 8.4 -1.65 3.49
    endloop
  endfacet
  facet normal 0 0 1
    outer loop
      vertex 7.558096448796803 -2.032534971524831 3.49
      vertex 7.395543642135611 -1.309033011480538 3.49
      vertex 7.300000000000001 -1.905255888325765 3.49
    endloop
  endfacet
  facet normal 0 0 1
    outer loop
      vertex 7.558096448796803 -2.032534971524831 3.49
      vertex 7.768572336597602 -1.524401228643623 3.49
      vertex 7.575 -1.4289419162443235 3.49
    endloop
  endfacet
  facet normal 0 0 1
    outer loop
      vertex 8.112842377115888 -2.181178695022383 3.49
      vertex 8.184631782836915 -1.6358840212667871 3.49
      vertex 7.972948575580841 -1.5937776133769626 3.49
    endloop
  endfacet
  facet normal 0 0 1
    outer loop
      vertex 7.830598100774455 -2.1250368178359507 3.49
      vertex 7.972948575580841 -1.5937776133769626 3.49
      vertex 7.768572336597602 -1.524401228643623 3.49
    endloop
  endfacet
  facet normal 0 0 1
    outer loop
      vertex 7.060724856180815 -1.7453773486407176 3.49
      vertex 6.971058083755677 -0.825 3.49
      vertex 6.844365081389595 -1.5556349186104048 3.49
    endloop
  endfacet
  facet normal 0 0 1
    outer loop
      vertex 7.060724856180815 -1.7453773486407176 3.49
      vertex 7.2332738110421975 -1.1667261889578033 3.49
      vertex 7.090966988519463 -1.004456357864389 3.49
    endloop
  endfacet
  facet normal 0 0 1
    outer loop
      vertex 7.060724856180815 -1.7453773486407176 3.49
      vertex 7.300000000000001 -1.905255888325765 3.49
      vertex 7.2332738110421975 -1.1667261889578033 3.49
    endloop
  endfacet
  facet normal 0 0 1
    outer loop
      vertex 7.558096448796803 -2.032534971524831 3.49
      vertex 7.575 -1.4289419162443235 3.49
      vertex 7.395543642135611 -1.309033011480538 3.49
    endloop
  endfacet
  facet normal 0 0 1
    outer loop
      vertex 7.2332738110421975 -1.1667261889578033 3.49
      vertex 7.300000000000001 -1.905255888325765 3.49
      vertex 7.395543642135611 -1.309033011480538 3.49
    endloop
  endfacet
  facet normal 0 0 1
    outer loop
      vertex 7.060724856180815 -1.7453773486407176 3.49
      vertex 7.090966988519463 -1.004456357864389 3.49
      vertex 6.971058083755677 -0.825 3.49
    endloop
  endfacet
  facet normal 0 0 1
    outer loop
      vertex 6.844365081389595 -1.5556349186104048 3.49
      vertex 6.971058083755677 -0.825 3.49
      vertex 6.875598771356377 -0.6314276634023981 3.49
    endloop
  endfacet
  facet normal 0 0 1
    outer loop
      vertex 6.844365081389595 -1.5556349186104048 3.49
      vertex 6.875598771356377 -0.6314276634023981 3.49
      vertex 6.806222386623038 -0.4270514244191592 3.49
    endloop
  endfacet
  facet normal 0 0 1
    outer loop
      vertex 6.844365081389595 -1.5556349186104048 3.49
      vertex 6.806222386623038 -0.4270514244191592 3.49
      vertex 6.764115978733213 -0.21536821716308507 3.49
    endloop
  endfacet
  facet normal 0 0 1
    outer loop
      vertex 6.844365081389595 -1.5556349186104048 3.49
      vertex 6.764115978733213 -0.21536821716308507 3.49
      vertex 6.75 0 3.49
    endloop
  endfacet
  facet normal 0 0 1
    outer loop
      vertex 6.654622651359283 -1.3392751438191854 3.49
      vertex 6.844365081389595 -1.5556349186104048 3.49
      vertex 6.654622651359283 1.3392751438191854 3.49
    endloop
  endfacet
  facet normal 0 0 1
    outer loop
      vertex 6.654622651359283 -1.3392751438191854 3.49
      vertex 6.494744111674235 1.1 3.49
      vertex 6.494744111674235 -1.1 3.49
    endloop
  endfacet
  facet normal 0 0 1
    outer loop
      vertex 6.36746502847517 -0.8419035512031976 3.49
      vertex 6.494744111674235 -1.1 3.49
      vertex 6.36746502847517 0.8419035512031976 3.49
    endloop
  endfacet
  facet normal 0 0 1
    outer loop
      vertex 6.36746502847517 -0.8419035512031976 3.49
      vertex 6.27496318216405 0.5694018992255456 3.49
      vertex 6.27496318216405 -0.5694018992255456 3.49
    endloop
  endfacet
  facet normal 0 0 1
    outer loop
      vertex 6.27496318216405 -0.5694018992255456 3.49
      vertex 6.2188213049776175 0.2871576228841135 3.49
      vertex 6.2188213049776175 -0.2871576228841135 3.49
    endloop
  endfacet
  facet normal 0 0 1
    outer loop
      vertex 6.844365081389595 -1.5556349186104048 3.49
      vertex 6.75 0 3.49
      vertex 6.654622651359283 1.3392751438191854 3.49
    endloop
  endfacet
  facet normal 0 0 1
    outer loop
      vertex 8.687157622884113 -2.181178695022383 3.49
      vertex 8.969401899225545 -2.1250368178359507 3.49
      vertex 8.615368217163086 -1.6358840212667871 3.49
    endloop
  endfacet
  facet normal 0 0 1
    outer loop
      vertex 8.82705142441916 -1.5937776133769626 3.49
      vertex 8.969401899225545 -2.1250368178359507 3.49
      vertex 9.241903551203198 -2.032534971524831 3.49
    endloop
  endfacet
  facet normal 0 0 1
    outer loop
      vertex 8.687157622884113 -2.181178695022383 3.49
      vertex 8.615368217163086 -1.6358840212667871 3.49
      vertex 8.4 -1.65 3.49
    endloop
  endfacet
  facet normal 0 0 1
    outer loop
      vertex 8.615368217163086 -1.6358840212667871 3.49
      vertex 8.969401899225545 -2.1250368178359507 3.49
      vertex 8.82705142441916 -1.5937776133769626 3.49
    endloop
  endfacet
  facet normal 0 0 1
    outer loop
      vertex 8.82705142441916 -1.5937776133769626 3.49
      vertex 9.241903551203198 -2.032534971524831 3.49
      vertex 9.031427663402399 -1.524401228643623 3.49
    endloop
  endfacet
  facet normal 0 0 1
    outer loop
      vertex 9.241903551203198 -2.032534971524831 3.49
      vertex 9.225 -1.4289419162443235 3.49
      vertex 9.031427663402399 -1.524401228643623 3.49
    endloop
  endfacet
  facet normal 0 0 1
    outer loop
      vertex 9.241903551203198 -2.032534971524831 3.49
      vertex 9.5 -1.905255888325765 3.49
      vertex 9.225 -1.4289419162443235 3.49
    endloop
  endfacet
  facet normal 0 0 1
    outer loop
      vertex 9.40445635786439 -1.309033011480538 3.49
      vertex 9.5 -1.905255888325765 3.49
      vertex 9.739275143819185 -1.7453773486407176 3.49
    endloop
  endfacet
  facet normal 0 0 1
    outer loop
      vertex 9.225 -1.4289419162443235 3.49
      vertex 9.5 -1.905255888325765 3.49
      vertex 9.40445635786439 -1.309033011480538 3.49
    endloop
  endfacet
  facet normal 0 0 1
    outer loop
      vertex 9.739275143819185 -1.7453773486407176 3.49
      vertex 9.955634918610405 -1.5556349186104048 3.49
      vertex 9.709033011480539 -1.004456357864389 3.49
    endloop
  endfacet
  facet normal 0 0 1
    outer loop
      vertex 9.40445635786439 -1.309033011480538 3.49
      vertex 9.739275143819185 -1.7453773486407176 3.49
      vertex 9.566726188957803 -1.1667261889578033 3.49
    endloop
  endfacet
  facet normal 0 0 1
    outer loop
      vertex 9.739275143819185 -1.7453773486407176 3.49
      vertex 9.709033011480539 -1.004456357864389 3.49
      vertex 9.566726188957803 -1.1667261889578033 3.49
    endloop
  endfacet
  facet normal 0 0 1
    outer loop
      vertex 9.955634918610405 -1.5556349186104048 3.49
      vertex 9.828941916244323 -0.825 3.49
      vertex 9.709033011480539 -1.004456357864389 3.49
    endloop
  endfacet
  facet normal 0 0 1
    outer loop
      vertex 9.955634918610405 -1.5556349186104048 3.49
      vertex 10.145377348640718 -1.3392751438191854 3.49
      vertex 9.924401228643623 -0.6314276634023981 3.49
    endloop
  endfacet
  facet normal 0 0 1
    outer loop
      vertex 9.955634918610405 -1.5556349186104048 3.49
      vertex 9.924401228643623 -0.6314276634023981 3.49
      vertex 9.828941916244323 -0.825 3.49
    endloop
  endfacet
  facet normal 0 0 1
    outer loop
      vertex 10.145377348640718 -1.3392751438191854 3.49
      vertex 9.993777613376963 -0.4270514244191592 3.49
      vertex 9.924401228643623 -0.6314276634023981 3.49
    endloop
  endfacet
  facet normal 0 0 1
    outer loop
      vertex 10.145377348640718 -1.3392751438191854 3.49
      vertex 10.035884021266787 -0.21536821716308507 3.49
      vertex 9.993777613376963 -0.4270514244191592 3.49
    endloop
  endfacet
  facet normal 0 0 1
    outer loop
      vertex 10.145377348640718 -1.3392751438191854 3.49
      vertex 10.05 0 3.49
      vertex 10.035884021266787 -0.21536821716308507 3.49
    endloop
  endfacet
  facet normal 0 0 1
    outer loop
      vertex 10.145377348640718 -1.3392751438191854 3.49
      vertex 10.305255888325766 -1.1 3.49
      vertex 10.145377348640718 1.3392751438191854 3.49
    endloop
  endfacet
  facet normal 0 0 1
    outer loop
      vertex 10.305255888325766 -1.1 3.49
      vertex 10.43253497152483 -0.8419035512031976 3.49
      vertex 10.305255888325766 1.1 3.49
    endloop
  endfacet
  facet normal 0 0 1
    outer loop
      vertex 10.43253497152483 -0.8419035512031976 3.49
      vertex 10.52503681783595 -0.5694018992255456 3.49
      vertex 10.43253497152483 0.8419035512031976 3.49
    endloop
  endfacet
  facet normal 0 0 1
    outer loop
      vertex 10.52503681783595 -0.5694018992255456 3.49
      vertex 10.581178695022384 -0.2871576228841135 3.49
      vertex 10.52503681783595 0.5694018992255456 3.49
    endloop
  endfacet
  facet normal 0 0 -1
    outer loop
      vertex 6.2 0 0.39
      vertex 6.2188213049776175 0.2871576228841135 0.39
      vertex 6.21 0 0.39
    endloop
  endfacet
  facet normal 0 0 -1
    outer loop
      vertex 6.21 0 0.39
      vertex 6.2188213049776175 0.2871576228841135 0.39
      vertex 6.228735753591355 0.28585236096191297 0.39
    endloop
  endfacet
  facet normal 0 0 -1
    outer loop
      vertex 6.2188213049776175 0.2871576228841135 0.39
      vertex 6.27496318216405 0.5694018992255456 0.39
      vertex 6.228735753591355 0.28585236096191297 0.39
    endloop
  endfacet
  facet normal 0 0 -1
    outer loop
      vertex 6.228735753591355 0.28585236096191297 0.39
      vertex 6.27496318216405 0.5694018992255456 0.39
      vertex 6.28462244042694 0.5668137087745204 0.39
    endloop
  endfacet
  facet normal 0 0 -1
    outer loop
      vertex 6.28462244042694 0.5668137087745204 0.39
      vertex 6.27496318216405 0.5694018992255456 0.39
      vertex 6.36746502847517 0.8419035512031976 0.39
    endloop
  endfacet
  facet normal 0 0 -1
    outer loop
      vertex 6.28462244042694 0.5668137087745204 0.39
      vertex 6.36746502847517 0.8419035512031976 0.39
      vertex 6.376703823800282 0.8380767168795467 0.39
    endloop
  endfacet
  facet normal -0.9978589232386035 0.06540312923014398 3.746572826832041e-19
    outer loop
      vertex 6.2 0 0.39
      vertex 6.2188213049776175 0.2871576228841135 3.49
      vertex 6.2188213049776175 0.2871576228841135 0.39
    endloop
  endfacet
  facet normal -0.9807852804032309 0.19509032201612658 -9.422126671263848e-19
    outer loop
      vertex 6.2188213049776175 0.2871576228841135 0.39
      vertex 6.27496318216405 0.5694018992255456 3.49
      vertex 6.27496318216405 0.5694018992255456 0.39
    endloop
  endfacet
  facet normal -0.9469301294951048 0.32143946530316414 -1.278630936528825e-18
    outer loop
      vertex 6.27496318216405 0.5694018992255456 0.39
      vertex 6.36746502847517 0.8419035512031976 3.49
      vertex 6.36746502847517 0.8419035512031976 0.39
    endloop
  endfacet
  facet normal 0 0 -1
    outer loop
      vertex 6.36746502847517 0.8419035512031976 0.39
      vertex 6.494744111674235 1.1 0.39
      vertex 6.376703823800282 0.8380767168795467 0.39
    endloop
  endfacet
  facet normal 0 0 -1
    outer loop
      vertex 6.376703823800282 0.8380767168795467 0.39
      vertex 6.494744111674235 1.1 0.39
      vertex 6.50340436571208 1.095 0.39
    endloop
  endfacet
  facet normal 0 0 -1
    outer loop
      vertex 6.50340436571208 1.095 0.39
      vertex 6.494744111674235 1.1 0.39
      vertex 6.654622651359283 1.3392751438191854 0.39
    endloop
  endfacet
  facet normal 0 0 -1
    outer loop
      vertex 6.50340436571208 1.095 0.39
      vertex 6.654622651359283 1.3392751438191854 0.39
      vertex 6.662556184762195 1.3331875295290982 0.39
    endloop
  endfacet
  facet normal 0 0 -1
    outer loop
      vertex 6.654622651359283 1.3392751438191854 0.39
      vertex 6.844365081389595 1.5556349186104048 0.39
      vertex 6.662556184762195 1.3331875295290982 0.39
    endloop
  endfacet
  facet normal 0 0 -1
    outer loop
      vertex 6.662556184762195 1.3331875295290982 0.39
      vertex 6.844365081389595 1.5556349186104048 0.39
      vertex 6.8514361492014615 1.5485638507985393 0.39
    endloop
  endfacet
  facet normal 0 0 -1
    outer loop
      vertex 6.844365081389595 1.5556349186104048 0.39
      vertex 7.060724856180815 1.7453773486407176 0.39
      vertex 6.8514361492014615 1.5485638507985393 0.39
    endloop
  endfacet
  facet normal -0.8968727415326893 0.4422886902189992 1.0516813489805836e-18
    outer loop
      vertex 6.36746502847517 0.8419035512031976 0.39
      vertex 6.494744111674235 1.1 3.49
      vertex 6.494744111674235 1.1 0.39
    endloop
  endfacet
  facet normal -0.8314696123025451 0.5555702330196025 3.7232213587091415e-18
    outer loop
      vertex 6.494744111674235 1.1 0.39
      vertex 6.654622651359283 1.3392751438191854 3.49
      vertex 6.654622651359283 1.3392751438191854 0.39
    endloop
  endfacet
  facet normal -0.7518398074789782 0.659345815100068 -3.2570668276673477e-18
    outer loop
      vertex 6.654622651359283 1.3392751438191854 0.39
      vertex 6.844365081389595 1.5556349186104048 3.49
      vertex 6.844365081389595 1.5556349186104048 0.39
    endloop
  endfacet
  facet normal -0.9978589232386035 0.06540312923014398 0
    outer loop
      vertex 6.2 0 0.39
      vertex 6.2 0 3.49
      vertex 6.2188213049776175 0.2871576228841135 3.49
    endloop
  endfacet
  facet normal -0.9807852804032309 0.19509032201612658 0
    outer loop
      vertex 6.2188213049776175 0.2871576228841135 0.39
      vertex 6.2188213049776175 0.2871576228841135 3.49
      vertex 6.27496318216405 0.5694018992255456 3.49
    endloop
  endfacet
  facet normal -0.9469301294951048 0.32143946530316414 0
    outer loop
      vertex 6.27496318216405 0.5694018992255456 0.39
      vertex 6.27496318216405 0.5694018992255456 3.49
      vertex 6.36746502847517 0.8419035512031976 3.49
    endloop
  endfacet
  facet normal -0.8968727415326893 0.4422886902189992 0
    outer loop
      vertex 6.36746502847517 0.8419035512031976 0.39
      vertex 6.36746502847517 0.8419035512031976 3.49
      vertex 6.494744111674235 1.1 3.49
    endloop
  endfacet
  facet normal -0.8314696123025451 0.5555702330196025 0
    outer loop
      vertex 6.494744111674235 1.1 0.39
      vertex 6.494744111674235 1.1 3.49
      vertex 6.654622651359283 1.3392751438191854 3.49
    endloop
  endfacet
  facet normal -0.7518398074789782 0.659345815100068 0
    outer loop
      vertex 6.654622651359283 1.3392751438191854 0.39
      vertex 6.654622651359283 1.3392751438191854 3.49
      vertex 6.844365081389595 1.5556349186104048 3.49
    endloop
  endfacet
  facet normal -0.6593458151000684 0.7518398074789777 0
    outer loop
      vertex 6.844365081389595 1.5556349186104048 0.39
      vertex 6.844365081389595 1.5556349186104048 3.49
      vertex 7.060724856180815 1.7453773486407176 3.49
    endloop
  endfacet
  facet normal 0 0 -1
    outer loop
      vertex 6.8514361492014615 1.5485638507985393 0.39
      vertex 7.060724856180815 1.7453773486407176 0.39
      vertex 7.066812470470902 1.7374438152378053 0.39
    endloop
  endfacet
  facet normal 0 0 -1
    outer loop
      vertex 7.066812470470902 1.7374438152378053 0.39
      vertex 7.060724856180815 1.7453773486407176 0.39
      vertex 7.300000000000001 1.905255888325765 0.39
    endloop
  endfacet
  facet normal 0 0 -1
    outer loop
      vertex 7.066812470470902 1.7374438152378053 0.39
      vertex 7.300000000000001 1.905255888325765 0.39
      vertex 7.305 1.8965956342879207 0.39
    endloop
  endfacet
  facet normal 0 0 -1
    outer loop
      vertex 7.305 1.8965956342879207 0.39
      vertex 7.300000000000001 1.905255888325765 0.39
      vertex 7.558096448796803 2.032534971524831 0.39
    endloop
  endfacet
  facet normal 0 0 -1
    outer loop
      vertex 7.305 1.8965956342879207 0.39
      vertex 7.558096448796803 2.032534971524831 0.39
      vertex 7.5619232831204535 2.023296176199718 0.39
    endloop
  endfacet
  facet normal 0 0 -1
    outer loop
      vertex 7.5619232831204535 2.023296176199718 0.39
      vertex 7.558096448796803 2.032534971524831 0.39
      vertex 7.830598100774455 2.1250368178359507 0.39
    endloop
  endfacet
  facet normal 0 0 -1
    outer loop
      vertex 7.5619232831204535 2.023296176199718 0.39
      vertex 7.830598100774455 2.1250368178359507 0.39
      vertex 7.83318629122548 2.11537755957306 0.39
    endloop
  endfacet
  facet normal 0 0 -1
    outer loop
      vertex 7.830598100774455 2.1250368178359507 0.39
      vertex 8.112842377115888 2.181178695022383 0.39
      vertex 7.83318629122548 2.11537755957306 0.39
    endloop
  endfacet
  facet normal 0 0 -1
    outer loop
      vertex 7.83318629122548 2.11537755957306 0.39
      vertex 8.112842377115888 2.181178695022383 0.39
      vertex 8.114147639038087 2.171264246408645 0.39
    endloop
  endfacet
  facet normal 0 0 -1
    outer loop
      vertex 8.114147639038087 2.171264246408645 0.39
      vertex 8.112842377115888 2.181178695022383 0.39
      vertex 8.4 2.2 0.39
    endloop
  endfacet
  facet normal 0 0 -1
    outer loop
      vertex 8.114147639038087 2.171264246408645 0.39
      vertex 8.4 2.2 0.39
      vertex 8.4 2.1900000000000004 0.39
    endloop
  endfacet
  facet normal 0 0 -1
    outer loop
      vertex 8.4 2.1900000000000004 0.39
      vertex 8.4 2.2 0.39
      vertex 8.687157622884113 2.181178695022383 0.39
    endloop
  endfacet
  facet normal -0.6593458151000684 0.7518398074789777 -3.8519972120052504e-18
    outer loop
      vertex 6.844365081389595 1.5556349186104048 0.39
      vertex 7.060724856180815 1.7453773486407176 3.49
      vertex 7.060724856180815 1.7453773486407176 0.39
    endloop
  endfacet
  facet normal -0.555570233019601 0.8314696123025462 0
    outer loop
      vertex 7.060724856180815 1.7453773486407176 0.39
      vertex 7.060724856180815 1.7453773486407176 3.49
      vertex 7.300000000000001 1.905255888325765 0.39
    endloop
  endfacet
  facet normal -0.44228869021900113 0.8968727415326884 -6.80835031478182e-19
    outer loop
      vertex 7.300000000000001 1.905255888325765 0.39
      vertex 7.558096448796803 2.032534971524831 3.49
      vertex 7.558096448796803 2.032534971524831 0.39
    endloop
  endfacet
  facet normal -0.32143946530316325 0.9469301294951051 -1.9142879952307827e-19
    outer loop
      vertex 7.558096448796803 2.032534971524831 0.39
      vertex 7.830598100774455 2.1250368178359507 3.49
      vertex 7.830598100774455 2.1250368178359507 0.39
    endloop
  endfacet
  facet normal -0.1950903220161261 0.9807852804032309 -1.8007652774043435e-18
    outer loop
      vertex 7.830598100774455 2.1250368178359507 0.39
      vertex 8.112842377115888 2.181178695022383 3.49
      vertex 8.112842377115888 2.181178695022383 0.39
    endloop
  endfacet
  facet normal -0.06540312923014413 0.9978589232386035 -6.749486886423458e-20
    outer loop
      vertex 8.112842377115888 2.181178695022383 0.39
      vertex 8.4 2.2 3.49
      vertex 8.4 2.2 0.39
    endloop
  endfacet
  facet normal -0.555570233019601 0.8314696123025462 0
    outer loop
      vertex 7.300000000000001 1.905255888325765 0.39
      vertex 7.060724856180815 1.7453773486407176 3.49
      vertex 7.300000000000001 1.905255888325765 3.49
    endloop
  endfacet
  facet normal -0.44228869021900113 0.8968727415326884 0
    outer loop
      vertex 7.300000000000001 1.905255888325765 0.39
      vertex 7.300000000000001 1.905255888325765 3.49
      vertex 7.558096448796803 2.032534971524831 3.49
    endloop
  endfacet
  facet normal -0.32143946530316325 0.9469301294951051 0
    outer loop
      vertex 7.558096448796803 2.032534971524831 0.39
      vertex 7.558096448796803 2.032534971524831 3.49
      vertex 7.830598100774455 2.1250368178359507 3.49
    endloop
  endfacet
  facet normal -0.1950903220161261 0.9807852804032309 0
    outer loop
      vertex 7.830598100774455 2.1250368178359507 0.39
      vertex 7.830598100774455 2.1250368178359507 3.49
      vertex 8.112842377115888 2.181178695022383 3.49
    endloop
  endfacet
  facet normal -0.06540312923014413 0.9978589232386035 0
    outer loop
      vertex 8.112842377115888 2.181178695022383 0.39
      vertex 8.112842377115888 2.181178695022383 3.49
      vertex 8.4 2.2 3.49
    endloop
  endfacet
  facet normal 0.06540312923014413 0.9978589232386035 0
    outer loop
      vertex 8.4 2.2 0.39
      vertex 8.4 2.2 3.49
      vertex 8.687157622884113 2.181178695022383 3.49
    endloop
  endfacet
  facet normal 0 0 -1
    outer loop
      vertex 10.59 0 0.39
      vertex 10.571264246408646 0.28585236096191297 0.39
      vertex 10.600000000000001 0 0.39
    endloop
  endfacet
  facet normal 0.9978589232386035 0.06540312923014398 0
    outer loop
      vertex 10.600000000000001 0 0.39
      vertex 10.581178695022384 0.2871576228841135 0.39
      vertex 10.600000000000001 0 0.4
    endloop
  endfacet
  facet normal 0 0 -1
    outer loop
      vertex 10.600000000000001 0 0.39
      vertex 10.571264246408646 0.28585236096191297 0.39
      vertex 10.581178695022384 0.2871576228841135 0.39
    endloop
  endfacet
  facet normal 0 0 -1
    outer loop
      vertex 10.571264246408646 0.28585236096191297 0.39
      vertex 10.51537755957306 0.5668137087745204 0.39
      vertex 10.581178695022384 0.2871576228841135 0.39
    endloop
  endfacet
  facet normal 0 0 -1
    outer loop
      vertex 10.581178695022384 0.2871576228841135 0.39
      vertex 10.51537755957306 0.5668137087745204 0.39
      vertex 10.52503681783595 0.5694018992255456 0.39
    endloop
  endfacet
  facet normal 0 0 -1
    outer loop
      vertex 10.51537755957306 0.5668137087745204 0.39
      vertex 10.423296176199718 0.8380767168795467 0.39
      vertex 10.52503681783595 0.5694018992255456 0.39
    endloop
  endfacet
  facet normal 0 0 -1
    outer loop
      vertex 10.52503681783595 0.5694018992255456 0.39
      vertex 10.423296176199718 0.8380767168795467 0.39
      vertex 10.43253497152483 0.8419035512031976 0.39
    endloop
  endfacet
  facet normal 0.9978589232386035 0.06540312923014398 0
    outer loop
      vertex 10.600000000000001 0 0.4
      vertex 10.581178695022384 0.2871576228841135 0.39
      vertex 10.600000000000001 0 3.49
    endloop
  endfacet
  facet normal 0.9807852804032297 0.1950903220161325 0
    outer loop
      vertex 10.581178695022384 0.2871576228841135 0.39
      vertex 10.52503681783595 0.5694018992255456 0.39
      vertex 10.581178695022384 0.2871576228841135 3.49
    endloop
  endfacet
  facet normal 0.9469301294951057 0.32143946530316136 0
    outer loop
      vertex 10.52503681783595 0.5694018992255456 0.39
      vertex 10.43253497152483 0.8419035512031976 0.39
      vertex 10.52503681783595 0.5694018992255456 3.49
    endloop
  endfacet
  facet normal 0 0 -1
    outer loop
      vertex 10.296595634287922 1.0950000000000002 0.39
      vertex 10.43253497152483 0.8419035512031976 0.39
      vertex 10.423296176199718 0.8380767168795467 0.39
    endloop
  endfacet
  facet normal 0 0 -1
    outer loop
      vertex 10.296595634287922 1.0950000000000002 0.39
      vertex 10.305255888325766 1.1 0.39
      vertex 10.43253497152483 0.8419035512031976 0.39
    endloop
  endfacet
  facet normal 0 0 -1
    outer loop
      vertex 10.296595634287922 1.0950000000000002 0.39
      vertex 10.137443815237805 1.3331875295290982 0.39
      vertex 10.305255888325766 1.1 0.39
    endloop
  endfacet
  facet normal 0 0 -1
    outer loop
      vertex 10.137443815237805 1.3331875295290982 0.39
      vertex 10.145377348640718 1.3392751438191854 0.39
      vertex 10.305255888325766 1.1 0.39
    endloop
  endfacet
  facet normal 0 0 -1
    outer loop
      vertex 9.94856385079854 1.5485638507985393 0.39
      vertex 10.145377348640718 1.3392751438191854 0.39
      vertex 10.137443815237805 1.3331875295290982 0.39
    endloop
  endfacet
  facet normal 0 0 -1
    outer loop
      vertex 9.94856385079854 1.5485638507985393 0.39
      vertex 9.955634918610405 1.5556349186104048 0.39
      vertex 10.145377348640718 1.3392751438191854 0.39
    endloop
  endfacet
  facet normal 0 0 -1
    outer loop
      vertex 9.94856385079854 1.5485638507985393 0.39
      vertex 9.733187529529099 1.7374438152378053 0.39
      vertex 9.955634918610405 1.5556349186104048 0.39
    endloop
  endfacet
  facet normal 0.8968727415326893 0.4422886902189992 0
    outer loop
      vertex 10.43253497152483 0.8419035512031976 0.39
      vertex 10.305255888325766 1.1 0.39
      vertex 10.43253497152483 0.8419035512031976 3.49
    endloop
  endfacet
  facet normal 0.8314696123025451 0.5555702330196025 0
    outer loop
      vertex 10.145377348640718 1.3392751438191854 0.39
      vertex 10.145377348640718 1.3392751438191854 3.49
      vertex 10.305255888325766 1.1 0.39
    endloop
  endfacet
  facet normal 0.7518398074789782 0.659345815100068 3.2570668276673477e-18
    outer loop
      vertex 9.955634918610405 1.5556349186104048 0.39
      vertex 10.145377348640718 1.3392751438191854 3.49
      vertex 10.145377348640718 1.3392751438191854 0.39
    endloop
  endfacet
  facet normal 0.9978589232386035 0.06540312923014398 0
    outer loop
      vertex 10.581178695022384 0.2871576228841135 0.39
      vertex 10.581178695022384 0.2871576228841135 3.49
      vertex 10.600000000000001 0 3.49
    endloop
  endfacet
  facet normal 0.9807852804032297 0.1950903220161325 0
    outer loop
      vertex 10.52503681783595 0.5694018992255456 0.39
      vertex 10.52503681783595 0.5694018992255456 3.49
      vertex 10.581178695022384 0.2871576228841135 3.49
    endloop
  endfacet
  facet normal 0.9469301294951057 0.32143946530316136 0
    outer loop
      vertex 10.43253497152483 0.8419035512031976 0.39
      vertex 10.43253497152483 0.8419035512031976 3.49
      vertex 10.52503681783595 0.5694018992255456 3.49
    endloop
  endfacet
  facet normal 0.8968727415326893 0.4422886902189992 0
    outer loop
      vertex 10.305255888325766 1.1 0.39
      vertex 10.305255888325766 1.1 3.49
      vertex 10.43253497152483 0.8419035512031976 3.49
    endloop
  endfacet
  facet normal 0.8314696123025451 0.5555702330196025 0
    outer loop
      vertex 10.305255888325766 1.1 0.39
      vertex 10.145377348640718 1.3392751438191854 3.49
      vertex 10.305255888325766 1.1 3.49
    endloop
  endfacet
  facet normal 0.7518398074789782 0.659345815100068 0
    outer loop
      vertex 9.955634918610405 1.5556349186104048 0.39
      vertex 9.955634918610405 1.5556349186104048 3.49
      vertex 10.145377348640718 1.3392751438191854 3.49
    endloop
  endfacet
  facet normal 0.659345815100067 0.7518398074789792 0
    outer loop
      vertex 9.955634918610405 1.5556349186104048 0.39
      vertex 9.739275143819185 1.7453773486407176 3.49
      vertex 9.955634918610405 1.5556349186104048 3.49
    endloop
  endfacet
  facet normal 0 0 -1
    outer loop
      vertex 9.955634918610405 1.5556349186104048 0.39
      vertex 9.733187529529099 1.7374438152378053 0.39
      vertex 9.739275143819185 1.7453773486407176 0.39
    endloop
  endfacet
  facet normal 0 0 -1
    outer loop
      vertex 9.495000000000001 1.8965956342879207 0.39
      vertex 9.739275143819185 1.7453773486407176 0.39
      vertex 9.733187529529099 1.7374438152378053 0.39
    endloop
  endfacet
  facet normal 0 0 -1
    outer loop
      vertex 9.495000000000001 1.8965956342879207 0.39
      vertex 9.5 1.905255888325765 0.39
      vertex 9.739275143819185 1.7453773486407176 0.39
    endloop
  endfacet
  facet normal 0 0 -1
    outer loop
      vertex 9.495000000000001 1.8965956342879207 0.39
      vertex 9.238076716879547 2.023296176199718 0.39
      vertex 9.5 1.905255888325765 0.39
    endloop
  endfacet
  facet normal 0 0 -1
    outer loop
      vertex 9.238076716879547 2.023296176199718 0.39
      vertex 9.241903551203198 2.032534971524831 0.39
      vertex 9.5 1.905255888325765 0.39
    endloop
  endfacet
  facet normal 0 0 -1
    outer loop
      vertex 8.96681370877452 2.11537755957306 0.39
      vertex 9.241903551203198 2.032534971524831 0.39
      vertex 9.238076716879547 2.023296176199718 0.39
    endloop
  endfacet
  facet normal 0 0 -1
    outer loop
      vertex 8.96681370877452 2.11537755957306 0.39
      vertex 8.969401899225545 2.1250368178359507 0.39
      vertex 9.241903551203198 2.032534971524831 0.39
    endloop
  endfacet
  facet normal 0 0 -1
    outer loop
      vertex 8.4 2.1900000000000004 0.39
      vertex 8.687157622884113 2.181178695022383 0.39
      vertex 8.685852360961913 2.171264246408645 0.39
    endloop
  endfacet
  facet normal 0 0 -1
    outer loop
      vertex 8.685852360961913 2.171264246408645 0.39
      vertex 8.687157622884113 2.181178695022383 0.39
      vertex 8.969401899225545 2.1250368178359507 0.39
    endloop
  endfacet
  facet normal 0 0 -1
    outer loop
      vertex 8.685852360961913 2.171264246408645 0.39
      vertex 8.969401899225545 2.1250368178359507 0.39
      vertex 8.96681370877452 2.11537755957306 0.39
    endloop
  endfacet
  facet normal 0.659345815100067 0.7518398074789792 1.6194213779223645e-18
    outer loop
      vertex 9.955634918610405 1.5556349186104048 0.39
      vertex 9.739275143819185 1.7453773486407176 0.39
      vertex 9.739275143819185 1.7453773486407176 3.49
    endloop
  endfacet
  facet normal 0.5555702330196023 0.8314696123025452 2.2886641144928184e-18
    outer loop
      vertex 9.5 1.905255888325765 0.39
      vertex 9.739275143819185 1.7453773486407176 3.49
      vertex 9.739275143819185 1.7453773486407176 0.39
    endloop
  endfacet
  facet normal 0.44228869021900113 0.8968727415326884 6.80835031478182e-19
    outer loop
      vertex 9.241903551203198 2.032534971524831 0.39
      vertex 9.5 1.905255888325765 3.49
      vertex 9.5 1.905255888325765 0.39
    endloop
  endfacet
  facet normal 0.3214394653031623 0.9469301294951055 1.434097567487568e-18
    outer loop
      vertex 8.969401899225545 2.1250368178359507 0.39
      vertex 9.241903551203198 2.032534971524831 3.49
      vertex 9.241903551203198 2.032534971524831 0.39
    endloop
  endfacet
  facet normal 0.1950903220161267 0.9807852804032307 0
    outer loop
      vertex 8.687157622884113 2.181178695022383 0.39
      vertex 8.687157622884113 2.181178695022383 3.49
      vertex 8.969401899225545 2.1250368178359507 0.39
    endloop
  endfacet
  facet normal 0.06540312923014413 0.9978589232386035 6.749486886423458e-20
    outer loop
      vertex 8.4 2.2 0.39
      vertex 8.687157622884113 2.181178695022383 3.49
      vertex 8.687157622884113 2.181178695022383 0.39
    endloop
  endfacet
  facet normal 0.5555702330196023 0.8314696123025452 0
    outer loop
      vertex 9.5 1.905255888325765 0.39
      vertex 9.5 1.905255888325765 3.49
      vertex 9.739275143819185 1.7453773486407176 3.49
    endloop
  endfacet
  facet normal 0.44228869021900113 0.8968727415326884 0
    outer loop
      vertex 9.241903551203198 2.032534971524831 0.39
      vertex 9.241903551203198 2.032534971524831 3.49
      vertex 9.5 1.905255888325765 3.49
    endloop
  endfacet
  facet normal 0.3214394653031623 0.9469301294951055 0
    outer loop
      vertex 8.969401899225545 2.1250368178359507 0.39
      vertex 8.969401899225545 2.1250368178359507 3.49
      vertex 9.241903551203198 2.032534971524831 3.49
    endloop
  endfacet
  facet normal 0.1950903220161267 0.9807852804032307 0
    outer loop
      vertex 8.969401899225545 2.1250368178359507 0.39
      vertex 8.687157622884113 2.181178695022383 3.49
      vertex 8.969401899225545 2.1250368178359507 3.49
    endloop
  endfacet
  facet normal 0 0 1
    outer loop
      vertex 6.2188213049776175 -0.2871576228841135 3.49
      vertex 6.2188213049776175 0.2871576228841135 3.49
      vertex 6.2 0 3.49
    endloop
  endfacet
  facet normal 0 0 1
    outer loop
      vertex 6.27496318216405 -0.5694018992255456 3.49
      vertex 6.27496318216405 0.5694018992255456 3.49
      vertex 6.2188213049776175 0.2871576228841135 3.49
    endloop
  endfacet
  facet normal 0 0 1
    outer loop
      vertex 6.36746502847517 -0.8419035512031976 3.49
      vertex 6.36746502847517 0.8419035512031976 3.49
      vertex 6.27496318216405 0.5694018992255456 3.49
    endloop
  endfacet
  facet normal 0 0 1
    outer loop
      vertex 6.494744111674235 -1.1 3.49
      vertex 6.494744111674235 1.1 3.49
      vertex 6.36746502847517 0.8419035512031976 3.49
    endloop
  endfacet
  facet normal 0 0 1
    outer loop
      vertex 6.654622651359283 -1.3392751438191854 3.49
      vertex 6.654622651359283 1.3392751438191854 3.49
      vertex 6.494744111674235 1.1 3.49
    endloop
  endfacet
  facet normal 0 0 1
    outer loop
      vertex 6.75 0 3.49
      vertex 6.764115978733213 0.21536821716308507 3.49
      vertex 6.654622651359283 1.3392751438191854 3.49
    endloop
  endfacet
  facet normal 0 0 1
    outer loop
      vertex 6.764115978733213 0.21536821716308507 3.49
      vertex 6.806222386623038 0.4270514244191592 3.49
      vertex 6.654622651359283 1.3392751438191854 3.49
    endloop
  endfacet
  facet normal 0 0 1
    outer loop
      vertex 6.806222386623038 0.4270514244191592 3.49
      vertex 6.875598771356377 0.6314276634023981 3.49
      vertex 6.654622651359283 1.3392751438191854 3.49
    endloop
  endfacet
  facet normal 0 0 1
    outer loop
      vertex 6.875598771356377 0.6314276634023981 3.49
      vertex 6.971058083755677 0.825 3.49
      vertex 6.844365081389595 1.5556349186104048 3.49
    endloop
  endfacet
  facet normal 0 0 1
    outer loop
      vertex 6.875598771356377 0.6314276634023981 3.49
      vertex 6.844365081389595 1.5556349186104048 3.49
      vertex 6.654622651359283 1.3392751438191854 3.49
    endloop
  endfacet
  facet normal 0 0 1
    outer loop
      vertex 6.971058083755677 0.825 3.49
      vertex 7.090966988519463 1.004456357864389 3.49
      vertex 6.844365081389595 1.5556349186104048 3.49
    endloop
  endfacet
  facet normal 0 0 1
    outer loop
      vertex 7.090966988519463 1.004456357864389 3.49
      vertex 7.2332738110421975 1.1667261889578033 3.49
      vertex 7.060724856180815 1.7453773486407176 3.49
    endloop
  endfacet
  facet normal 0 0 1
    outer loop
      vertex 7.090966988519463 1.004456357864389 3.49
      vertex 7.060724856180815 1.7453773486407176 3.49
      vertex 6.844365081389595 1.5556349186104048 3.49
    endloop
  endfacet
  facet normal 0 0 1
    outer loop
      vertex 7.2332738110421975 1.1667261889578033 3.49
      vertex 7.395543642135611 1.309033011480538 3.49
      vertex 7.060724856180815 1.7453773486407176 3.49
    endloop
  endfacet
  facet normal 0 0 1
    outer loop
      vertex 7.395543642135611 1.309033011480538 3.49
      vertex 7.575 1.4289419162443235 3.49
      vertex 7.300000000000001 1.905255888325765 3.49
    endloop
  endfacet
  facet normal 0 0 1
    outer loop
      vertex 7.060724856180815 1.7453773486407176 3.49
      vertex 7.395543642135611 1.309033011480538 3.49
      vertex 7.300000000000001 1.905255888325765 3.49
    endloop
  endfacet
  facet normal 0 0 1
    outer loop
      vertex 7.575 1.4289419162443235 3.49
      vertex 7.768572336597602 1.524401228643623 3.49
      vertex 7.558096448796803 2.032534971524831 3.49
    endloop
  endfacet
  facet normal 0 0 1
    outer loop
      vertex 7.768572336597602 1.524401228643623 3.49
      vertex 7.972948575580841 1.5937776133769626 3.49
      vertex 7.558096448796803 2.032534971524831 3.49
    endloop
  endfacet
  facet normal 0 0 1
    outer loop
      vertex 7.575 1.4289419162443235 3.49
      vertex 7.558096448796803 2.032534971524831 3.49
      vertex 7.300000000000001 1.905255888325765 3.49
    endloop
  endfacet
  facet normal 0 0 1
    outer loop
      vertex 7.830598100774455 2.1250368178359507 3.49
      vertex 7.972948575580841 1.5937776133769626 3.49
      vertex 8.184631782836915 1.6358840212667871 3.49
    endloop
  endfacet
  facet normal 0 0 1
    outer loop
      vertex 8.184631782836915 1.6358840212667871 3.49
      vertex 8.4 1.65 3.49
      vertex 8.112842377115888 2.181178695022383 3.49
    endloop
  endfacet
  facet normal 0 0 1
    outer loop
      vertex 7.558096448796803 2.032534971524831 3.49
      vertex 7.972948575580841 1.5937776133769626 3.49
      vertex 7.830598100774455 2.1250368178359507 3.49
    endloop
  endfacet
  facet normal 0 0 1
    outer loop
      vertex 8.615368217163086 1.6358840212667871 3.49
      vertex 8.4 2.2 3.49
      vertex 8.4 1.65 3.49
    endloop
  endfacet
  facet normal 0 0 1
    outer loop
      vertex 7.830598100774455 2.1250368178359507 3.49
      vertex 8.184631782836915 1.6358840212667871 3.49
      vertex 8.112842377115888 2.181178695022383 3.49
    endloop
  endfacet
  facet normal 0 0 1
    outer loop
      vertex 8.112842377115888 2.181178695022383 3.49
      vertex 8.4 1.65 3.49
      vertex 8.4 2.2 3.49
    endloop
  endfacet
  facet normal 0 0 1
    outer loop
      vertex 10.145377348640718 -1.3392751438191854 3.49
      vertex 9.955634918610405 1.5556349186104048 3.49
      vertex 10.05 0 3.49
    endloop
  endfacet
  facet normal 0 0 1
    outer loop
      vertex 10.581178695022384 -0.2871576228841135 3.49
      vertex 10.600000000000001 0 3.49
      vertex 10.581178695022384 0.2871576228841135 3.49
    endloop
  endfacet
  facet normal 0 0 1
    outer loop
      vertex 10.581178695022384 -0.2871576228841135 3.49
      vertex 10.581178695022384 0.2871576228841135 3.49
      vertex 10.52503681783595 0.5694018992255456 3.49
    endloop
  endfacet
  facet normal 0 0 1
    outer loop
      vertex 10.52503681783595 -0.5694018992255456 3.49
      vertex 10.52503681783595 0.5694018992255456 3.49
      vertex 10.43253497152483 0.8419035512031976 3.49
    endloop
  endfacet
  facet normal 0 0 1
    outer loop
      vertex 10.43253497152483 -0.8419035512031976 3.49
      vertex 10.43253497152483 0.8419035512031976 3.49
      vertex 10.305255888325766 1.1 3.49
    endloop
  endfacet
  facet normal 0 0 1
    outer loop
      vertex 10.305255888325766 -1.1 3.49
      vertex 10.305255888325766 1.1 3.49
      vertex 10.145377348640718 1.3392751438191854 3.49
    endloop
  endfacet
  facet normal 0 0 1
    outer loop
      vertex 10.145377348640718 -1.3392751438191854 3.49
      vertex 10.145377348640718 1.3392751438191854 3.49
      vertex 9.955634918610405 1.5556349186104048 3.49
    endloop
  endfacet
  facet normal 0 0 1
    outer loop
      vertex 10.035884021266787 0.21536821716308507 3.49
      vertex 10.05 0 3.49
      vertex 9.955634918610405 1.5556349186104048 3.49
    endloop
  endfacet
  facet normal 0 0 1
    outer loop
      vertex 10.035884021266787 0.21536821716308507 3.49
      vertex 9.955634918610405 1.5556349186104048 3.49
      vertex 9.993777613376963 0.4270514244191592 3.49
    endloop
  endfacet
  facet normal 0 0 1
    outer loop
      vertex 9.709033011480539 1.004456357864389 3.49
      vertex 9.828941916244323 0.825 3.49
      vertex 9.739275143819185 1.7453773486407176 3.49
    endloop
  endfacet
  facet normal 0 0 1
    outer loop
      vertex 9.993777613376963 0.4270514244191592 3.49
      vertex 9.955634918610405 1.5556349186104048 3.49
      vertex 9.924401228643623 0.6314276634023981 3.49
    endloop
  endfacet
  facet normal 0 0 1
    outer loop
      vertex 9.924401228643623 0.6314276634023981 3.49
      vertex 9.955634918610405 1.5556349186104048 3.49
      vertex 9.828941916244323 0.825 3.49
    endloop
  endfacet
  facet normal 0 0 1
    outer loop
      vertex 9.709033011480539 1.004456357864389 3.49
      vertex 9.739275143819185 1.7453773486407176 3.49
      vertex 9.566726188957803 1.1667261889578033 3.49
    endloop
  endfacet
  facet normal 0 0 1
    outer loop
      vertex 9.40445635786439 1.309033011480538 3.49
      vertex 9.566726188957803 1.1667261889578033 3.49
      vertex 9.5 1.905255888325765 3.49
    endloop
  endfacet
  facet normal 0 0 1
    outer loop
      vertex 9.40445635786439 1.309033011480538 3.49
      vertex 9.241903551203198 2.032534971524831 3.49
      vertex 9.225 1.4289419162443235 3.49
    endloop
  endfacet
  facet normal 0 0 1
    outer loop
      vertex 9.566726188957803 1.1667261889578033 3.49
      vertex 9.739275143819185 1.7453773486407176 3.49
      vertex 9.5 1.905255888325765 3.49
    endloop
  endfacet
  facet normal 0 0 1
    outer loop
      vertex 9.828941916244323 0.825 3.49
      vertex 9.955634918610405 1.5556349186104048 3.49
      vertex 9.739275143819185 1.7453773486407176 3.49
    endloop
  endfacet
  facet normal 0 0 1
    outer loop
      vertex 9.031427663402399 1.524401228643623 3.49
      vertex 9.225 1.4289419162443235 3.49
      vertex 9.241903551203198 2.032534971524831 3.49
    endloop
  endfacet
  facet normal 0 0 1
    outer loop
      vertex 8.615368217163086 1.6358840212667871 3.49
      vertex 8.82705142441916 1.5937776133769626 3.49
      vertex 8.687157622884113 2.181178695022383 3.49
    endloop
  endfacet
  facet normal 0 0 1
    outer loop
      vertex 8.82705142441916 1.5937776133769626 3.49
      vertex 9.031427663402399 1.524401228643623 3.49
      vertex 8.969401899225545 2.1250368178359507 3.49
    endloop
  endfacet
  facet normal 0 0 1
    outer loop
      vertex 9.40445635786439 1.309033011480538 3.49
      vertex 9.5 1.905255888325765 3.49
      vertex 9.241903551203198 2.032534971524831 3.49
    endloop
  endfacet
  facet normal 0 0 1
    outer loop
      vertex 9.031427663402399 1.524401228643623 3.49
      vertex 9.241903551203198 2.032534971524831 3.49
      vertex 8.969401899225545 2.1250368178359507 3.49
    endloop
  endfacet
  facet normal 0 0 1
    outer loop
      vertex 8.82705142441916 1.5937776133769626 3.49
      vertex 8.969401899225545 2.1250368178359507 3.49
      vertex 8.687157622884113 2.181178695022383 3.49
    endloop
  endfacet
  facet normal 0 0 1
    outer loop
      vertex 8.615368217163086 1.6358840212667871 3.49
      vertex 8.687157622884113 2.181178695022383 3.49
      vertex 8.4 2.2 3.49
    endloop
  endfacet
  facet normal 0 0 -1
    outer loop
      vertex 24.51116982174284 -1.4960934410003024 0
      vertex 24.568572336597605 -0.7871900223447572 0
      vertex 24.521765861672304 -1.5013188296255624 0
    endloop
  endfacet
  facet normal 0 0 -1
    outer loop
      vertex 24.300000000000004 -1.3788285184003761 0
      vertex 24.375000000000004 -0.4145668501920714 0
      vertex 24.311303899832183 -1.3863815427934194 0
    endloop
  endfacet
  facet normal 0 0 -1
    outer loop
      vertex 23.927207793864216 -1.0457810762280693 0
      vertex 23.927207793864216 -0.4515285174951371 0
      vertex 23.941052187210406 -1.0615675812603063 0
    endloop
  endfacet
  facet normal 0 0 -1
    outer loop
      vertex 24.116568777629244 -1.2397739141404092 0
      vertex 24.104229427784304 -1.228952594757765 0
      vertex 24.104229427784304 -0.08415267675073301 0
    endloop
  endfacet
  facet normal 0 0 -1
    outer loop
      vertex 23.661482979253496 -0.5898438808033823 0
      vertex 23.641154273188015 -0.5299574438691383 0
      vertex 23.67559877135638 -0.37447851106886143 0
    endloop
  endfacet
  facet normal 0 0 -1
    outer loop
      vertex 24.51116982174284 -1.4960934410003024 0
      vertex 24.51116982174284 0.6486080924680634 0
      vertex 24.568572336597605 -0.7871900223447572 0
    endloop
  endfacet
  facet normal 0 0 -1
    outer loop
      vertex 24.116568777629244 -1.2397739141404092 0
      vertex 24.104229427784304 -0.08415267675073301 0
      vertex 24.195543642135615 -0.03485032429295343 0
    endloop
  endfacet
  facet normal 0 0 -1
    outer loop
      vertex 24.300000000000004 -1.3788285184003761 0
      vertex 24.300000000000004 0.28466303962440564 0
      vertex 24.375000000000004 -0.4145668501920714 0
    endloop
  endfacet
  facet normal 0 0 -1
    outer loop
      vertex 23.77196398747578 -0.8263557807279217 0
      vertex 23.890966988519466 0.7198643657665331 0
      vertex 23.788044941278066 -0.850422628857583 0
    endloop
  endfacet
  facet normal 0 0 -1
    outer loop
      vertex 23.77196398747578 -0.8263557807279217 0
      vertex 23.77196398747578 -0.8111785801178418 0
      vertex 23.890966988519466 0.7198643657665331 0
    endloop
  endfacet
  facet normal 0 0 -1
    outer loop
      vertex 23.641154273188015 -0.5299574438691383 0
      vertex 23.641154273188015 0.1059061744712596 0
      vertex 23.67559877135638 -0.37447851106886143 0
    endloop
  endfacet
  facet normal 0 0 -1
    outer loop
      vertex 23.941052187210406 -1.0615675812603063 0
      vertex 23.927207793864216 -0.4515285174951371 0
      vertex 24.0332738110422 0.3454625003171541 0
    endloop
  endfacet
  facet normal 0 0 -1
    outer loop
      vertex 24.974926791322964 -1.6339535784293473 0
      vertex 24.96505285400391 -1.6319895301818557 0
      vertex 24.984631782836917 -1.4858840212667865 0
    endloop
  endfacet
  facet normal 0 0 -1
    outer loop
      vertex 24.744260518144845 -1.5840393301017952 0
      vertex 24.734125718815466 -1.580599029306712 0
      vertex 24.772948575580845 -1.146344154964819 0
    endloop
  endfacet
  facet normal 0 0 -1
    outer loop
      vertex 25.434947145996095 -1.6319895301818557 0
      vertex 25.434947145996095 -1.3371672920607147 0
      vertex 25.445081945325473 -1.629973593254331 0
    endloop
  endfacet
  facet normal 0 0 -1
    outer loop
      vertex 25.66587428118454 -1.580599029306712 0
      vertex 25.66587428118454 -1.0014552810214585 0
      vertex 25.676470321114003 -1.5770021584255691 0
    endloop
  endfacet
  facet normal 0 0 -1
    outer loop
      vertex 25.888830178257166 -1.4960934410003024 0
      vertex 25.888830178257166 -0.6486080924680634 0
      vertex 25.900134078089348 -1.490518974501746 0
    endloop
  endfacet
  facet normal 0 0 -1
    outer loop
      vertex 26.1 -1.3788285184003761 0
      vertex 26.1 -0.28466303962440564 0
      vertex 26.11233934984494 -1.3705836284281756 0
    endloop
  endfacet
  facet normal 0 0 -1
    outer loop
      vertex 26.2957705722157 -1.228952594757765 0
      vertex 26.366726188957806 -0.3454625003171541 0
      vertex 26.309614965561888 -1.216811387648744 0
    endloop
  endfacet
  facet normal 0 0 -1
    outer loop
      vertex 26.47279220613579 -1.0457810762280693 0
      vertex 26.50903301148054 -0.7198643657665331 0
      vertex 26.488873159938077 -1.0274442627776716 0
    endloop
  endfacet
  facet normal 0 0 -1
    outer loop
      vertex 24.734125718815466 -1.580599029306712 0
      vertex 24.734125718815466 1.0014552810214585 0
      vertex 24.772948575580845 -1.146344154964819 0
    endloop
  endfacet
  facet normal 0 0 -1
    outer loop
      vertex 24.96505285400391 -1.6319895301818557 0
      vertex 24.96505285400391 1.3371672920607147 0
      vertex 24.984631782836917 -1.4858840212667865 0
    endloop
  endfacet
  facet normal 0 0 -1
    outer loop
      vertex 25.445081945325473 -1.629973593254331 0
      vertex 25.434947145996095 -1.3371672920607147 0
      vertex 25.62705142441916 1.146344154964819 0
    endloop
  endfacet
  facet normal 0 0 -1
    outer loop
      vertex 25.676470321114003 -1.5770021584255691 0
      vertex 25.66587428118454 -1.0014552810214585 0
      vertex 25.8314276634024 0.7871900223447572 0
    endloop
  endfacet
  facet normal 0 0 -1
    outer loop
      vertex 25.900134078089348 -1.490518974501746 0
      vertex 25.888830178257166 -0.6486080924680634 0
      vertex 26.025000000000002 0.4145668501920714 0
    endloop
  endfacet
  facet normal 0 0 -1
    outer loop
      vertex 26.11233934984494 -1.3705836284281756 0
      vertex 26.1 -0.28466303962440564 0
      vertex 26.20445635786439 0.03485032429295343 0
    endloop
  endfacet
  facet normal 0 0 -1
    outer loop
      vertex 26.2957705722157 -1.228952594757765 0
      vertex 26.2957705722157 0.08415267675073301 0
      vertex 26.366726188957806 -0.3454625003171541 0
    endloop
  endfacet
  facet normal 0 0 -1
    outer loop
      vertex 26.47279220613579 -1.0457810762280693 0
      vertex 26.47279220613579 0.4515285174951371 0
      vertex 26.50903301148054 -0.7198643657665331 0
    endloop
  endfacet
  facet normal 0 0 -1
    outer loop
      vertex 26.75884572681199 -0.5299574438691383 0
      vertex 26.75884572681199 -0.1059061744712596 0
      vertex 26.788903248311613 -0.4414108408591701 0
    endloop
  endfacet
  facet normal 0 0 -1
    outer loop
      vertex 26.788903248311613 -0.4414108408591701 0
      vertex 26.75884572681199 -0.1059061744712596 0
      vertex 26.793777613376964 -0.3670424011095811 0
    endloop
  endfacet
  facet normal -0.06540312923014283 -0.9978589232386035 3.4647589363268805e-19
    outer loop
      vertex 24.984631782836917 -1.6358840212667871 3.49
      vertex 25.200000000000003 -1.65 3.49
      vertex 25.200000000000003 -1.65 5.299999999999997
    endloop
  endfacet
  facet normal 0.06540312923014283 -0.9978589232386035 -3.4647589363268805e-19
    outer loop
      vertex 25.200000000000003 -1.65 3.49
      vertex 25.41536821716309 -1.6358840212667871 3.49
      vertex 25.41536821716309 -1.6358840212667871 5.299999999999997
    endloop
  endfacet
  facet normal -0.06540312923014283 -0.9978589232386035 0
    outer loop
      vertex 24.984631782836917 -1.6358840212667871 3.49
      vertex 25.200000000000003 -1.65 5.299999999999997
      vertex 24.984631782836917 -1.6358840212667871 5.299999999999997
    endloop
  endfacet
  facet normal 0.06540312923014283 -0.9978589232386035 0
    outer loop
      vertex 25.200000000000003 -1.65 3.49
      vertex 25.41536821716309 -1.6358840212667871 5.299999999999997
      vertex 25.200000000000003 -1.65 5.299999999999997
    endloop
  endfacet
  facet normal -0.4422886902190034 -0.8968727415326874 -1.158237012985026e-18
    outer loop
      vertex 24.375000000000004 -1.4289419162443235 3.49
      vertex 24.568572336597605 -1.524401228643623 3.49
      vertex 24.568572336597605 -1.524401228643623 5.299999999999997
    endloop
  endfacet
  facet normal -0.5555702330196022 -0.8314696123025453 2.9070136721811422e-18
    outer loop
      vertex 24.195543642135615 -1.309033011480538 3.49
      vertex 24.375000000000004 -1.4289419162443235 3.49
      vertex 24.375000000000004 -1.4289419162443235 5.299999999999997
    endloop
  endfacet
  facet normal -0.6593458151000681 -0.7518398074789782 -1.303913110523028e-18
    outer loop
      vertex 24.0332738110422 -1.1667261889578033 3.49
      vertex 24.195543642135615 -1.309033011480538 3.49
      vertex 24.195543642135615 -1.309033011480538 5.299999999999997
    endloop
  endfacet
  facet normal -0.7518398074789787 -0.6593458151000673 0
    outer loop
      vertex 24.0332738110422 -1.1667261889578033 3.49
      vertex 24.0332738110422 -1.1667261889578033 5.299999999999997
      vertex 23.890966988519466 -1.004456357864389 3.49
    endloop
  endfacet
  facet normal -0.8314696123025442 -0.5555702330196037 1.7543237431796977e-18
    outer loop
      vertex 23.77105808375568 -0.825 3.49
      vertex 23.890966988519466 -1.004456357864389 3.49
      vertex 23.890966988519466 -1.004456357864389 5.299999999999997
    endloop
  endfacet
  facet normal -0.8968727415326886 -0.44228869021900097 -1.5930086702731148e-18
    outer loop
      vertex 23.67559877135638 -0.6314276634023981 3.49
      vertex 23.77105808375568 -0.825 3.49
      vertex 23.77105808375568 -0.825 5.299999999999997
    endloop
  endfacet
  facet normal -0.9469301294951069 -0.32143946530315787 0
    outer loop
      vertex 23.67559877135638 -0.6314276634023981 3.49
      vertex 23.67559877135638 -0.6314276634023981 5.299999999999997
      vertex 23.606222386623042 -0.4270514244191592 3.49
    endloop
  endfacet
  facet normal -0.9807852804032297 -0.19509032201613247 0
    outer loop
      vertex 23.606222386623042 -0.4270514244191592 3.49
      vertex 23.606222386623042 -0.4270514244191592 5.299999999999997
      vertex 23.564115978733216 -0.21536821716308507 3.49
    endloop
  endfacet
  facet normal -0.9978589232386037 -0.0654031292301399 0
    outer loop
      vertex 23.564115978733216 -0.21536821716308507 3.49
      vertex 23.564115978733216 -0.21536821716308507 5.299999999999997
      vertex 23.550000000000004 0 3.49
    endloop
  endfacet
  facet normal -0.32143946530315964 -0.9469301294951064 -5.134548164440636e-19
    outer loop
      vertex 24.568572336597605 -1.524401228643623 3.49
      vertex 24.772948575580845 -1.5937776133769626 3.49
      vertex 24.772948575580845 -1.5937776133769626 5.299999999999997
    endloop
  endfacet
  facet normal -0.19509032201612989 -0.9807852804032301 9.395827397706455e-19
    outer loop
      vertex 24.772948575580845 -1.5937776133769626 3.49
      vertex 24.984631782836917 -1.6358840212667871 3.49
      vertex 24.984631782836917 -1.6358840212667871 5.299999999999997
    endloop
  endfacet
  facet normal 0.19509032201612989 -0.9807852804032301 -9.395827397706455e-19
    outer loop
      vertex 25.41536821716309 -1.6358840212667871 3.49
      vertex 25.62705142441916 -1.5937776133769626 3.49
      vertex 25.62705142441916 -1.5937776133769626 5.299999999999997
    endloop
  endfacet
  facet normal 0.32143946530315964 -0.9469301294951064 5.134548164440636e-19
    outer loop
      vertex 25.62705142441916 -1.5937776133769626 3.49
      vertex 25.8314276634024 -1.524401228643623 3.49
      vertex 25.8314276634024 -1.524401228643623 5.299999999999997
    endloop
  endfacet
  facet normal 0.4422886902190034 -0.8968727415326874 1.158237012985026e-18
    outer loop
      vertex 25.8314276634024 -1.524401228643623 3.49
      vertex 26.025000000000002 -1.4289419162443235 3.49
      vertex 26.025000000000002 -1.4289419162443235 5.299999999999997
    endloop
  endfacet
  facet normal 0.5555702330196022 -0.8314696123025453 -2.9070136721811422e-18
    outer loop
      vertex 26.025000000000002 -1.4289419162443235 3.49
      vertex 26.20445635786439 -1.309033011480538 3.49
      vertex 26.20445635786439 -1.309033011480538 5.299999999999997
    endloop
  endfacet
  facet normal 0.6593458151000681 -0.7518398074789782 1.303913110523028e-18
    outer loop
      vertex 26.20445635786439 -1.309033011480538 3.49
      vertex 26.366726188957806 -1.1667261889578033 3.49
      vertex 26.366726188957806 -1.1667261889578033 5.299999999999997
    endloop
  endfacet
  facet normal 0.7518398074789787 -0.6593458151000673 -1.9917116342341976e-18
    outer loop
      vertex 26.366726188957806 -1.1667261889578033 3.49
      vertex 26.50903301148054 -1.004456357864389 3.49
      vertex 26.50903301148054 -1.004456357864389 5.299999999999997
    endloop
  endfacet
  facet normal 0.8314696123025442 -0.5555702330196037 -1.7543237431796977e-18
    outer loop
      vertex 26.50903301148054 -1.004456357864389 3.49
      vertex 26.628941916244326 -0.825 3.49
      vertex 26.628941916244326 -0.825 5.299999999999997
    endloop
  endfacet
  facet normal 0.8968727415326886 -0.44228869021900097 1.5930086702731148e-18
    outer loop
      vertex 26.628941916244326 -0.825 3.49
      vertex 26.724401228643625 -0.6314276634023981 3.49
      vertex 26.724401228643625 -0.6314276634023981 5.299999999999997
    endloop
  endfacet
  facet normal 0.9469301294951069 -0.32143946530315787 8.611614574705544e-19
    outer loop
      vertex 26.724401228643625 -0.6314276634023981 3.49
      vertex 26.793777613376964 -0.4270514244191592 3.49
      vertex 26.793777613376964 -0.4270514244191592 5.299999999999997
    endloop
  endfacet
  facet normal 0.9807852804032297 -0.19509032201613247 -4.549224633133293e-19
    outer loop
      vertex 26.793777613376964 -0.4270514244191592 3.49
      vertex 26.83588402126679 -0.21536821716308507 3.49
      vertex 26.83588402126679 -0.21536821716308507 5.299999999999997
    endloop
  endfacet
  facet normal 0.9978589232386037 -0.0654031292301399 4.746488373585169e-19
    outer loop
      vertex 26.83588402126679 -0.21536821716308507 3.49
      vertex 26.85 0 3.49
      vertex 26.85 0 5.299999999999997
    endloop
  endfacet
  facet normal -0.4422886902190034 -0.8968727415326874 0
    outer loop
      vertex 24.375000000000004 -1.4289419162443235 3.49
      vertex 24.568572336597605 -1.524401228643623 5.299999999999997
      vertex 24.375000000000004 -1.4289419162443235 5.299999999999997
    endloop
  endfacet
  facet normal -0.5555702330196022 -0.8314696123025453 0
    outer loop
      vertex 24.195543642135615 -1.309033011480538 3.49
      vertex 24.375000000000004 -1.4289419162443235 5.299999999999997
      vertex 24.195543642135615 -1.309033011480538 5.299999999999997
    endloop
  endfacet
  facet normal 0 0 1
    outer loop
      vertex 24.375000000000004 -1.4289419162443235 5.299999999999997
      vertex 24.568572336597605 -1.524401228643623 5.299999999999997
      vertex 24.399799648247576 -1.1975844577196337 5.299999999999997
    endloop
  endfacet
  facet normal 0 0 1
    outer loop
      vertex 24.568572336597605 -1.524401228643623 5.299999999999997
      vertex 24.648812411125768 -1.3306845524719018 5.299999999999997
      vertex 24.399799648247576 -1.1975844577196337 5.299999999999997
    endloop
  endfacet
  facet normal 0 0 1
    outer loop
      vertex 24.195543642135615 -1.309033011480538 5.299999999999997
      vertex 24.375000000000004 -1.4289419162443235 5.299999999999997
      vertex 24.181538136129703 -1.0184618638703018 5.299999999999997
    endloop
  endfacet
  facet normal -0.6593458151000681 -0.7518398074789782 0
    outer loop
      vertex 24.0332738110422 -1.1667261889578033 3.49
      vertex 24.195543642135615 -1.309033011480538 5.299999999999997
      vertex 24.0332738110422 -1.1667261889578033 5.299999999999997
    endloop
  endfacet
  facet normal -0.7518398074789787 -0.6593458151000673 1.9917116342341976e-18
    outer loop
      vertex 24.0332738110422 -1.1667261889578033 5.299999999999997
      vertex 23.890966988519466 -1.004456357864389 5.299999999999997
      vertex 23.890966988519466 -1.004456357864389 3.49
    endloop
  endfacet
  facet normal -0.8314696123025442 -0.5555702330196037 0
    outer loop
      vertex 23.77105808375568 -0.825 3.49
      vertex 23.890966988519466 -1.004456357864389 5.299999999999997
      vertex 23.77105808375568 -0.825 5.299999999999997
    endloop
  endfacet
  facet normal 0 0 1
    outer loop
      vertex 24.375000000000004 -1.4289419162443235 5.299999999999997
      vertex 24.399799648247576 -1.1975844577196337 5.299999999999997
      vertex 24.181538136129703 -1.0184618638703018 5.299999999999997
    endloop
  endfacet
  facet normal 0 0 1
    outer loop
      vertex 24.0332738110422 -1.1667261889578033 5.299999999999997
      vertex 24.195543642135615 -1.309033011480538 5.299999999999997
      vertex 24.002415542280367 -0.8002003517524272 5.299999999999997
    endloop
  endfacet
  facet normal 0 0 1
    outer loop
      vertex 24.195543642135615 -1.309033011480538 5.299999999999997
      vertex 24.181538136129703 -1.0184618638703018 5.299999999999997
      vertex 24.002415542280367 -0.8002003517524272 5.299999999999997
    endloop
  endfacet
  facet normal 0 0 1
    outer loop
      vertex 24.0332738110422 -1.1667261889578033 5.299999999999997
      vertex 24.002415542280367 -0.8002003517524272 5.299999999999997
      vertex 23.890966988519466 -1.004456357864389 5.299999999999997
    endloop
  endfacet
  facet normal -0.8968727415326886 -0.44228869021900097 0
    outer loop
      vertex 23.67559877135638 -0.6314276634023981 3.49
      vertex 23.77105808375568 -0.825 5.299999999999997
      vertex 23.67559877135638 -0.6314276634023981 5.299999999999997
    endloop
  endfacet
  facet normal -0.9469301294951069 -0.32143946530315787 0
    outer loop
      vertex 23.606222386623042 -0.4270514244191592 3.49
      vertex 23.67559877135638 -0.6314276634023981 5.299999999999997
      vertex 23.606222386623042 -0.4270514244191592 5.299999999999997
    endloop
  endfacet
  facet normal 0 0 1
    outer loop
      vertex 23.77105808375568 -0.825 5.299999999999997
      vertex 23.890966988519466 -1.004456357864389 5.299999999999997
      vertex 23.787352813870832 -0.28099299606516537 5.299999999999997
    endloop
  endfacet
  facet normal 0 0 1
    outer loop
      vertex 23.890966988519466 -1.004456357864389 5.299999999999997
      vertex 23.869315447528102 -0.5511875888742342 5.299999999999997
      vertex 23.787352813870832 -0.28099299606516537 5.299999999999997
    endloop
  endfacet
  facet normal 0 0 1
    outer loop
      vertex 23.890966988519466 -1.004456357864389 5.299999999999997
      vertex 24.002415542280367 -0.8002003517524272 5.299999999999997
      vertex 23.869315447528102 -0.5511875888742342 5.299999999999997
    endloop
  endfacet
  facet normal -0.9807852804032297 -0.19509032201613247 0
    outer loop
      vertex 23.564115978733216 -0.21536821716308507 3.49
      vertex 23.606222386623042 -0.4270514244191592 5.299999999999997
      vertex 23.564115978733216 -0.21536821716308507 5.299999999999997
    endloop
  endfacet
  facet normal -0.9978589232386037 -0.0654031292301399 -4.746488373585169e-19
    outer loop
      vertex 23.564115978733216 -0.21536821716308507 5.299999999999997
      vertex 23.550000000000004 0 5.299999999999997
      vertex 23.550000000000004 0 3.49
    endloop
  endfacet
  facet normal 0 0 1
    outer loop
      vertex 23.77105808375568 -0.825 5.299999999999997
      vertex 23.787352813870832 -0.28099299606516537 5.299999999999997
      vertex 23.75967741935484 0 5.299999999999997
    endloop
  endfacet
  facet normal 0 0 1
    outer loop
      vertex 23.67559877135638 -0.6314276634023981 5.299999999999997
      vertex 23.77105808375568 -0.825 5.299999999999997
      vertex 23.67559877135638 0.6314276634023981 5.299999999999997
    endloop
  endfacet
  facet normal 0 0 1
    outer loop
      vertex 23.67559877135638 -0.6314276634023981 5.299999999999997
      vertex 23.606222386623042 0.4270514244191592 5.299999999999997
      vertex 23.606222386623042 -0.4270514244191592 5.299999999999997
    endloop
  endfacet
  facet normal 0 0 1
    outer loop
      vertex 23.606222386623042 -0.4270514244191592 5.299999999999997
      vertex 23.564115978733216 0.21536821716308507 5.299999999999997
      vertex 23.564115978733216 -0.21536821716308507 5.299999999999997
    endloop
  endfacet
  facet normal 0 0 1
    outer loop
      vertex 23.77105808375568 -0.825 5.299999999999997
      vertex 23.75967741935484 0 5.299999999999997
      vertex 23.67559877135638 0.6314276634023981 5.299999999999997
    endloop
  endfacet
  facet normal -0.19509032201612989 -0.9807852804032301 0
    outer loop
      vertex 24.772948575580845 -1.5937776133769626 3.49
      vertex 24.984631782836917 -1.6358840212667871 5.299999999999997
      vertex 24.772948575580845 -1.5937776133769626 5.299999999999997
    endloop
  endfacet
  facet normal -0.32143946530315964 -0.9469301294951064 0
    outer loop
      vertex 24.568572336597605 -1.524401228643623 3.49
      vertex 24.772948575580845 -1.5937776133769626 5.299999999999997
      vertex 24.568572336597605 -1.524401228643623 5.299999999999997
    endloop
  endfacet
  facet normal 0.19509032201612989 -0.9807852804032301 0
    outer loop
      vertex 25.41536821716309 -1.6358840212667871 3.49
      vertex 25.62705142441916 -1.5937776133769626 5.299999999999997
      vertex 25.41536821716309 -1.6358840212667871 5.299999999999997
    endloop
  endfacet
  facet normal 0.32143946530315964 -0.9469301294951064 0
    outer loop
      vertex 25.62705142441916 -1.5937776133769626 3.49
      vertex 25.8314276634024 -1.524401228643623 5.299999999999997
      vertex 25.62705142441916 -1.5937776133769626 5.299999999999997
    endloop
  endfacet
  facet normal 0.4422886902190034 -0.8968727415326874 0
    outer loop
      vertex 25.8314276634024 -1.524401228643623 3.49
      vertex 26.025000000000002 -1.4289419162443235 5.299999999999997
      vertex 25.8314276634024 -1.524401228643623 5.299999999999997
    endloop
  endfacet
  facet normal 0.5555702330196022 -0.8314696123025453 0
    outer loop
      vertex 26.025000000000002 -1.4289419162443235 3.49
      vertex 26.20445635786439 -1.309033011480538 5.299999999999997
      vertex 26.025000000000002 -1.4289419162443235 5.299999999999997
    endloop
  endfacet
  facet normal 0.6593458151000681 -0.7518398074789782 0
    outer loop
      vertex 26.20445635786439 -1.309033011480538 3.49
      vertex 26.366726188957806 -1.1667261889578033 5.299999999999997
      vertex 26.20445635786439 -1.309033011480538 5.299999999999997
    endloop
  endfacet
  facet normal 0 0 1
    outer loop
      vertex 24.984631782836917 -1.6358840212667871 5.299999999999997
      vertex 25.200000000000003 -1.65 5.299999999999997
      vertex 24.919007003934837 -1.4126471861291692 5.299999999999997
    endloop
  endfacet
  facet normal 0 0 1
    outer loop
      vertex 24.772948575580845 -1.5937776133769626 5.299999999999997
      vertex 24.984631782836917 -1.6358840212667871 5.299999999999997
      vertex 24.919007003934837 -1.4126471861291692 5.299999999999997
    endloop
  endfacet
  facet normal 0 0 1
    outer loop
      vertex 24.568572336597605 -1.524401228643623 5.299999999999997
      vertex 24.772948575580845 -1.5937776133769626 5.299999999999997
      vertex 24.648812411125768 -1.3306845524719018 5.299999999999997
    endloop
  endfacet
  facet normal 0 0 1
    outer loop
      vertex 24.772948575580845 -1.5937776133769626 5.299999999999997
      vertex 24.919007003934837 -1.4126471861291692 5.299999999999997
      vertex 24.648812411125768 -1.3306845524719018 5.299999999999997
    endloop
  endfacet
  facet normal 0 0 1
    outer loop
      vertex 25.200000000000003 -1.65 5.299999999999997
      vertex 25.200000000000003 -1.4403225806451614 5.299999999999997
      vertex 24.919007003934837 -1.4126471861291692 5.299999999999997
    endloop
  endfacet
  facet normal 0 0 1
    outer loop
      vertex 25.200000000000003 -1.65 5.299999999999997
      vertex 25.41536821716309 -1.6358840212667871 5.299999999999997
      vertex 25.200000000000003 -1.4403225806451614 5.299999999999997
    endloop
  endfacet
  facet normal 0 0 1
    outer loop
      vertex 25.41536821716309 -1.6358840212667871 5.299999999999997
      vertex 25.62705142441916 -1.5937776133769626 5.299999999999997
      vertex 25.48099299606517 -1.4126471861291692 5.299999999999997
    endloop
  endfacet
  facet normal 0 0 1
    outer loop
      vertex 25.41536821716309 -1.6358840212667871 5.299999999999997
      vertex 25.48099299606517 -1.4126471861291692 5.299999999999997
      vertex 25.200000000000003 -1.4403225806451614 5.299999999999997
    endloop
  endfacet
  facet normal 0 0 1
    outer loop
      vertex 25.62705142441916 -1.5937776133769626 5.299999999999997
      vertex 25.8314276634024 -1.524401228643623 5.299999999999997
      vertex 25.48099299606517 -1.4126471861291692 5.299999999999997
    endloop
  endfacet
  facet normal 0 0 1
    outer loop
      vertex 25.8314276634024 -1.524401228643623 5.299999999999997
      vertex 25.751187588874238 -1.3306845524719018 5.299999999999997
      vertex 25.48099299606517 -1.4126471861291692 5.299999999999997
    endloop
  endfacet
  facet normal 0 0 1
    outer loop
      vertex 25.8314276634024 -1.524401228643623 5.299999999999997
      vertex 26.025000000000002 -1.4289419162443235 5.299999999999997
      vertex 25.751187588874238 -1.3306845524719018 5.299999999999997
    endloop
  endfacet
  facet normal 0 0 1
    outer loop
      vertex 26.025000000000002 -1.4289419162443235 5.299999999999997
      vertex 26.00020035175243 -1.1975844577196337 5.299999999999997
      vertex 25.751187588874238 -1.3306845524719018 5.299999999999997
    endloop
  endfacet
  facet normal 0 0 1
    outer loop
      vertex 26.025000000000002 -1.4289419162443235 5.299999999999997
      vertex 26.20445635786439 -1.309033011480538 5.299999999999997
      vertex 26.00020035175243 -1.1975844577196337 5.299999999999997
    endloop
  endfacet
  facet normal 0 0 1
    outer loop
      vertex 26.20445635786439 -1.309033011480538 5.299999999999997
      vertex 26.366726188957806 -1.1667261889578033 5.299999999999997
      vertex 26.00020035175243 -1.1975844577196337 5.299999999999997
    endloop
  endfacet
  facet normal 0.7518398074789787 -0.6593458151000673 0
    outer loop
      vertex 26.366726188957806 -1.1667261889578033 3.49
      vertex 26.50903301148054 -1.004456357864389 5.299999999999997
      vertex 26.366726188957806 -1.1667261889578033 5.299999999999997
    endloop
  endfacet
  facet normal 0.8314696123025442 -0.5555702330196037 0
    outer loop
      vertex 26.50903301148054 -1.004456357864389 3.49
      vertex 26.628941916244326 -0.825 5.299999999999997
      vertex 26.50903301148054 -1.004456357864389 5.299999999999997
    endloop
  endfacet
  facet normal 0 0 1
    outer loop
      vertex 26.366726188957806 -1.1667261889578033 5.299999999999997
      vertex 26.218461863870303 -1.0184618638703016 5.299999999999997
      vertex 26.00020035175243 -1.1975844577196337 5.299999999999997
    endloop
  endfacet
  facet normal 0 0 1
    outer loop
      vertex 26.366726188957806 -1.1667261889578033 5.299999999999997
      vertex 26.50903301148054 -1.004456357864389 5.299999999999997
      vertex 26.218461863870303 -1.0184618638703016 5.299999999999997
    endloop
  endfacet
  facet normal 0 0 1
    outer loop
      vertex 26.50903301148054 -1.004456357864389 5.299999999999997
      vertex 26.39758445771964 -0.8002003517524271 5.299999999999997
      vertex 26.218461863870303 -1.0184618638703016 5.299999999999997
    endloop
  endfacet
  facet normal 0 0 1
    outer loop
      vertex 26.50903301148054 -1.004456357864389 5.299999999999997
      vertex 26.628941916244326 -0.825 5.299999999999997
      vertex 26.39758445771964 -0.8002003517524271 5.299999999999997
    endloop
  endfacet
  facet normal 0.8968727415326886 -0.44228869021900097 0
    outer loop
      vertex 26.628941916244326 -0.825 3.49
      vertex 26.724401228643625 -0.6314276634023981 5.299999999999997
      vertex 26.628941916244326 -0.825 5.299999999999997
    endloop
  endfacet
  facet normal 0.9469301294951069 -0.32143946530315787 0
    outer loop
      vertex 26.724401228643625 -0.6314276634023981 3.49
      vertex 26.793777613376964 -0.4270514244191592 5.299999999999997
      vertex 26.724401228643625 -0.6314276634023981 5.299999999999997
    endloop
  endfacet
  facet normal 0 0 1
    outer loop
      vertex 26.628941916244326 -0.825 5.299999999999997
      vertex 26.530684552471904 -0.5511875888742342 5.299999999999997
      vertex 26.39758445771964 -0.8002003517524271 5.299999999999997
    endloop
  endfacet
  facet normal 0 0 1
    outer loop
      vertex 26.628941916244326 -0.825 5.299999999999997
      vertex 26.724401228643625 -0.6314276634023981 5.299999999999997
      vertex 26.612647186129173 -0.28099299606516537 5.299999999999997
    endloop
  endfacet
  facet normal 0 0 1
    outer loop
      vertex 26.628941916244326 -0.825 5.299999999999997
      vertex 26.612647186129173 -0.28099299606516537 5.299999999999997
      vertex 26.530684552471904 -0.5511875888742342 5.299999999999997
    endloop
  endfacet
  facet normal 0.9807852804032297 -0.19509032201613247 0
    outer loop
      vertex 26.793777613376964 -0.4270514244191592 3.49
      vertex 26.83588402126679 -0.21536821716308507 5.299999999999997
      vertex 26.793777613376964 -0.4270514244191592 5.299999999999997
    endloop
  endfacet
  facet normal 0.9978589232386037 -0.0654031292301399 0
    outer loop
      vertex 26.83588402126679 -0.21536821716308507 3.49
      vertex 26.85 0 5.299999999999997
      vertex 26.83588402126679 -0.21536821716308507 5.299999999999997
    endloop
  endfacet
  facet normal 0 0 1
    outer loop
      vertex 26.724401228643625 -0.6314276634023981 5.299999999999997
      vertex 26.640322580645165 0 5.299999999999997
      vertex 26.612647186129173 -0.28099299606516537 5.299999999999997
    endloop
  endfacet
  facet normal 0 0 1
    outer loop
      vertex 26.724401228643625 -0.6314276634023981 5.299999999999997
      vertex 26.793777613376964 -0.4270514244191592 5.299999999999997
      vertex 26.724401228643625 0.6314276634023981 5.299999999999997
    endloop
  endfacet
  facet normal 0 0 1
    outer loop
      vertex 26.793777613376964 -0.4270514244191592 5.299999999999997
      vertex 26.83588402126679 -0.21536821716308507 5.299999999999997
      vertex 26.793777613376964 0.4270514244191592 5.299999999999997
    endloop
  endfacet
  facet normal 0 0 -1
    outer loop
      vertex 24.195543642135615 -0.03485032429295343 0
      vertex 24.287660650155065 1.3705836284281756 0
      vertex 24.300000000000004 0.28466303962440564 0
    endloop
  endfacet
  facet normal 0 0 -1
    outer loop
      vertex 24.375000000000004 -0.4145668501920714 0
      vertex 24.499865921910658 1.490518974501746 0
      vertex 24.51116982174284 0.6486080924680634 0
    endloop
  endfacet
  facet normal 0 0 -1
    outer loop
      vertex 26.366726188957806 -0.3454625003171541 0
      vertex 26.4589478127896 1.0615675812603063 0
      vertex 26.47279220613579 0.4515285174951371 0
    endloop
  endfacet
  facet normal 0 0 -1
    outer loop
      vertex 26.50903301148054 -0.7198643657665331 0
      vertex 26.61195505872194 0.850422628857583 0
      vertex 26.628036012524227 0.8111785801178418 0
    endloop
  endfacet
  facet normal 0 0 -1
    outer loop
      vertex 24.568572336597605 -0.7871900223447572 0
      vertex 24.723529678886003 1.5770021584255691 0
      vertex 24.734125718815466 1.0014552810214585 0
    endloop
  endfacet
  facet normal 0 0 -1
    outer loop
      vertex 24.772948575580845 -1.146344154964819 0
      vertex 24.954918054674533 1.629973593254331 0
      vertex 24.96505285400391 1.3371672920607147 0
    endloop
  endfacet
  facet normal 0 0 -1
    outer loop
      vertex 26.20445635786439 0.03485032429295343 0
      vertex 26.283431222370762 1.2397739141404092 0
      vertex 26.2957705722157 0.08415267675073301 0
    endloop
  endfacet
  facet normal -0.9978589232386037 0.0654031292301399 0
    outer loop
      vertex 23.550000000000004 0 3.49
      vertex 23.550000000000004 0 5.299999999999997
      vertex 23.564115978733216 0.21536821716308507 3.49
    endloop
  endfacet
  facet normal -0.9807852804032297 0.19509032201613247 0
    outer loop
      vertex 23.564115978733216 0.21536821716308507 3.49
      vertex 23.564115978733216 0.21536821716308507 5.299999999999997
      vertex 23.606222386623042 0.4270514244191592 3.49
    endloop
  endfacet
  facet normal -0.9469301294951069 0.32143946530315787 0
    outer loop
      vertex 23.606222386623042 0.4270514244191592 3.49
      vertex 23.606222386623042 0.4270514244191592 5.299999999999997
      vertex 23.67559877135638 0.6314276634023981 3.49
    endloop
  endfacet
  facet normal -0.8968727415326886 0.44228869021900097 0
    outer loop
      vertex 23.67559877135638 0.6314276634023981 3.49
      vertex 23.67559877135638 0.6314276634023981 5.299999999999997
      vertex 23.77105808375568 0.825 3.49
    endloop
  endfacet
  facet normal -0.8314696123025442 0.5555702330196037 0
    outer loop
      vertex 23.77105808375568 0.825 3.49
      vertex 23.77105808375568 0.825 5.299999999999997
      vertex 23.890966988519466 1.004456357864389 3.49
    endloop
  endfacet
  facet normal -0.7518398074789787 0.6593458151000673 0
    outer loop
      vertex 23.890966988519466 1.004456357864389 3.49
      vertex 23.890966988519466 1.004456357864389 5.299999999999997
      vertex 24.0332738110422 1.1667261889578033 3.49
    endloop
  endfacet
  facet normal -0.6593458151000681 0.7518398074789782 0
    outer loop
      vertex 24.0332738110422 1.1667261889578033 3.49
      vertex 24.0332738110422 1.1667261889578033 5.299999999999997
      vertex 24.195543642135615 1.309033011480538 3.49
    endloop
  endfacet
  facet normal -0.5555702330196022 0.8314696123025453 0
    outer loop
      vertex 24.195543642135615 1.309033011480538 3.49
      vertex 24.195543642135615 1.309033011480538 5.299999999999997
      vertex 24.375000000000004 1.4289419162443235 3.49
    endloop
  endfacet
  facet normal -0.4422886902190034 0.8968727415326874 0
    outer loop
      vertex 24.375000000000004 1.4289419162443235 3.49
      vertex 24.375000000000004 1.4289419162443235 5.299999999999997
      vertex 24.568572336597605 1.524401228643623 3.49
    endloop
  endfacet
  facet normal 0.9978589232386037 0.0654031292301399 0
    outer loop
      vertex 26.83588402126679 0.21536821716308507 3.49
      vertex 26.83588402126679 0.21536821716308507 5.299999999999997
      vertex 26.85 0 3.49
    endloop
  endfacet
  facet normal 0.9807852804032297 0.19509032201613247 4.549224633133293e-19
    outer loop
      vertex 26.83588402126679 0.21536821716308507 3.49
      vertex 26.793777613376964 0.4270514244191592 3.49
      vertex 26.793777613376964 0.4270514244191592 5.299999999999997
    endloop
  endfacet
  facet normal 0.9469301294951069 0.32143946530315787 -8.611614574705544e-19
    outer loop
      vertex 26.793777613376964 0.4270514244191592 3.49
      vertex 26.724401228643625 0.6314276634023981 3.49
      vertex 26.724401228643625 0.6314276634023981 5.299999999999997
    endloop
  endfacet
  facet normal 0.8968727415326886 0.44228869021900097 -1.5930086702731148e-18
    outer loop
      vertex 26.724401228643625 0.6314276634023981 3.49
      vertex 26.628941916244326 0.825 3.49
      vertex 26.628941916244326 0.825 5.299999999999997
    endloop
  endfacet
  facet normal 0.8314696123025442 0.5555702330196037 0
    outer loop
      vertex 26.50903301148054 1.004456357864389 3.49
      vertex 26.50903301148054 1.004456357864389 5.299999999999997
      vertex 26.628941916244326 0.825 3.49
    endloop
  endfacet
  facet normal 0.7518398074789787 0.6593458151000673 1.9917116342341976e-18
    outer loop
      vertex 26.50903301148054 1.004456357864389 3.49
      vertex 26.366726188957806 1.1667261889578033 3.49
      vertex 26.366726188957806 1.1667261889578033 5.299999999999997
    endloop
  endfacet
  facet normal -0.32143946530315964 0.9469301294951064 0
    outer loop
      vertex 24.568572336597605 1.524401228643623 3.49
      vertex 24.568572336597605 1.524401228643623 5.299999999999997
      vertex 24.772948575580845 1.5937776133769626 3.49
    endloop
  endfacet
  facet normal -0.19509032201612989 0.9807852804032301 0
    outer loop
      vertex 24.772948575580845 1.5937776133769626 3.49
      vertex 24.772948575580845 1.5937776133769626 5.299999999999997
      vertex 24.984631782836917 1.6358840212667871 3.49
    endloop
  endfacet
  facet normal 0.19509032201612989 0.9807852804032301 0
    outer loop
      vertex 25.41536821716309 1.6358840212667871 3.49
      vertex 25.41536821716309 1.6358840212667871 5.299999999999997
      vertex 25.62705142441916 1.5937776133769626 3.49
    endloop
  endfacet
  facet normal 0.32143946530315964 0.9469301294951064 0
    outer loop
      vertex 25.62705142441916 1.5937776133769626 3.49
      vertex 25.62705142441916 1.5937776133769626 5.299999999999997
      vertex 25.8314276634024 1.524401228643623 3.49
    endloop
  endfacet
  facet normal 0.6593458151000681 0.7518398074789782 0
    outer loop
      vertex 26.20445635786439 1.309033011480538 3.49
      vertex 26.20445635786439 1.309033011480538 5.299999999999997
      vertex 26.366726188957806 1.1667261889578033 3.49
    endloop
  endfacet
  facet normal 0.5555702330196022 0.8314696123025453 2.9070136721811422e-18
    outer loop
      vertex 26.20445635786439 1.309033011480538 3.49
      vertex 26.025000000000002 1.4289419162443235 3.49
      vertex 26.025000000000002 1.4289419162443235 5.299999999999997
    endloop
  endfacet
  facet normal 0.4422886902190034 0.8968727415326874 0
    outer loop
      vertex 25.8314276634024 1.524401228643623 3.49
      vertex 25.8314276634024 1.524401228643623 5.299999999999997
      vertex 26.025000000000002 1.4289419162443235 3.49
    endloop
  endfacet
  facet normal -0.9978589232386037 0.0654031292301399 0
    outer loop
      vertex 23.564115978733216 0.21536821716308507 3.49
      vertex 23.550000000000004 0 5.299999999999997
      vertex 23.564115978733216 0.21536821716308507 5.299999999999997
    endloop
  endfacet
  facet normal -0.9807852804032297 0.19509032201613247 0
    outer loop
      vertex 23.606222386623042 0.4270514244191592 3.49
      vertex 23.564115978733216 0.21536821716308507 5.299999999999997
      vertex 23.606222386623042 0.4270514244191592 5.299999999999997
    endloop
  endfacet
  facet normal 0 0 1
    outer loop
      vertex 23.564115978733216 -0.21536821716308507 5.299999999999997
      vertex 23.564115978733216 0.21536821716308507 5.299999999999997
      vertex 23.550000000000004 0 5.299999999999997
    endloop
  endfacet
  facet normal 0 0 1
    outer loop
      vertex 23.606222386623042 -0.4270514244191592 5.299999999999997
      vertex 23.606222386623042 0.4270514244191592 5.299999999999997
      vertex 23.564115978733216 0.21536821716308507 5.299999999999997
    endloop
  endfacet
  facet normal 0 0 1
    outer loop
      vertex 23.67559877135638 -0.6314276634023981 5.299999999999997
      vertex 23.67559877135638 0.6314276634023981 5.299999999999997
      vertex 23.606222386623042 0.4270514244191592 5.299999999999997
    endloop
  endfacet
  facet normal 0 0 1
    outer loop
      vertex 23.67559877135638 0.6314276634023981 5.299999999999997
      vertex 23.75967741935484 0 5.299999999999997
      vertex 23.787352813870832 0.28099299606516537 5.299999999999997
    endloop
  endfacet
  facet normal -0.9469301294951069 0.32143946530315787 0
    outer loop
      vertex 23.67559877135638 0.6314276634023981 3.49
      vertex 23.606222386623042 0.4270514244191592 5.299999999999997
      vertex 23.67559877135638 0.6314276634023981 5.299999999999997
    endloop
  endfacet
  facet normal -0.8968727415326886 0.44228869021900097 0
    outer loop
      vertex 23.77105808375568 0.825 3.49
      vertex 23.67559877135638 0.6314276634023981 5.299999999999997
      vertex 23.77105808375568 0.825 5.299999999999997
    endloop
  endfacet
  facet normal 0 0 1
    outer loop
      vertex 23.77105808375568 0.825 5.299999999999997
      vertex 23.787352813870832 0.28099299606516537 5.299999999999997
      vertex 23.869315447528102 0.5511875888742342 5.299999999999997
    endloop
  endfacet
  facet normal 0 0 1
    outer loop
      vertex 23.67559877135638 0.6314276634023981 5.299999999999997
      vertex 23.787352813870832 0.28099299606516537 5.299999999999997
      vertex 23.77105808375568 0.825 5.299999999999997
    endloop
  endfacet
  facet normal 0 0 1
    outer loop
      vertex 23.77105808375568 0.825 5.299999999999997
      vertex 23.869315447528102 0.5511875888742342 5.299999999999997
      vertex 24.002415542280367 0.8002003517524271 5.299999999999997
    endloop
  endfacet
  facet normal -0.8314696123025442 0.5555702330196037 0
    outer loop
      vertex 23.890966988519466 1.004456357864389 3.49
      vertex 23.77105808375568 0.825 5.299999999999997
      vertex 23.890966988519466 1.004456357864389 5.299999999999997
    endloop
  endfacet
  facet normal -0.7518398074789787 0.6593458151000673 -1.9917116342341976e-18
    outer loop
      vertex 23.890966988519466 1.004456357864389 5.299999999999997
      vertex 24.0332738110422 1.1667261889578033 5.299999999999997
      vertex 24.0332738110422 1.1667261889578033 3.49
    endloop
  endfacet
  facet normal 0 0 1
    outer loop
      vertex 23.77105808375568 0.825 5.299999999999997
      vertex 24.002415542280367 0.8002003517524271 5.299999999999997
      vertex 23.890966988519466 1.004456357864389 5.299999999999997
    endloop
  endfacet
  facet normal 0 0 1
    outer loop
      vertex 23.890966988519466 1.004456357864389 5.299999999999997
      vertex 24.002415542280367 0.8002003517524271 5.299999999999997
      vertex 24.181538136129703 1.0184618638703016 5.299999999999997
    endloop
  endfacet
  facet normal 0 0 1
    outer loop
      vertex 23.890966988519466 1.004456357864389 5.299999999999997
      vertex 24.181538136129703 1.0184618638703016 5.299999999999997
      vertex 24.0332738110422 1.1667261889578033 5.299999999999997
    endloop
  endfacet
  facet normal 0 0 1
    outer loop
      vertex 24.0332738110422 1.1667261889578033 5.299999999999997
      vertex 24.181538136129703 1.0184618638703016 5.299999999999997
      vertex 24.399799648247576 1.1975844577196337 5.299999999999997
    endloop
  endfacet
  facet normal -0.6593458151000681 0.7518398074789782 1.303913110523028e-18
    outer loop
      vertex 24.0332738110422 1.1667261889578033 5.299999999999997
      vertex 24.195543642135615 1.309033011480538 5.299999999999997
      vertex 24.195543642135615 1.309033011480538 3.49
    endloop
  endfacet
  facet normal -0.5555702330196022 0.8314696123025453 0
    outer loop
      vertex 24.375000000000004 1.4289419162443235 3.49
      vertex 24.195543642135615 1.309033011480538 5.299999999999997
      vertex 24.375000000000004 1.4289419162443235 5.299999999999997
    endloop
  endfacet
  facet normal -0.4422886902190034 0.8968727415326874 0
    outer loop
      vertex 24.568572336597605 1.524401228643623 3.49
      vertex 24.375000000000004 1.4289419162443235 5.299999999999997
      vertex 24.568572336597605 1.524401228643623 5.299999999999997
    endloop
  endfacet
  facet normal 0 0 1
    outer loop
      vertex 24.0332738110422 1.1667261889578033 5.299999999999997
      vertex 24.399799648247576 1.1975844577196337 5.299999999999997
      vertex 24.195543642135615 1.309033011480538 5.299999999999997
    endloop
  endfacet
  facet normal 0 0 1
    outer loop
      vertex 24.195543642135615 1.309033011480538 5.299999999999997
      vertex 24.399799648247576 1.1975844577196337 5.299999999999997
      vertex 24.375000000000004 1.4289419162443235 5.299999999999997
    endloop
  endfacet
  facet normal 0 0 1
    outer loop
      vertex 24.375000000000004 1.4289419162443235 5.299999999999997
      vertex 24.399799648247576 1.1975844577196337 5.299999999999997
      vertex 24.648812411125768 1.3306845524719018 5.299999999999997
    endloop
  endfacet
  facet normal 0 0 1
    outer loop
      vertex 24.375000000000004 1.4289419162443235 5.299999999999997
      vertex 24.648812411125768 1.3306845524719018 5.299999999999997
      vertex 24.568572336597605 1.524401228643623 5.299999999999997
    endloop
  endfacet
  facet normal 0.9978589232386037 0.0654031292301399 0
    outer loop
      vertex 26.85 0 3.49
      vertex 26.83588402126679 0.21536821716308507 5.299999999999997
      vertex 26.85 0 5.299999999999997
    endloop
  endfacet
  facet normal 0.9807852804032297 0.19509032201613247 0
    outer loop
      vertex 26.83588402126679 0.21536821716308507 3.49
      vertex 26.793777613376964 0.4270514244191592 5.299999999999997
      vertex 26.83588402126679 0.21536821716308507 5.299999999999997
    endloop
  endfacet
  facet normal 0 0 1
    outer loop
      vertex 26.83588402126679 -0.21536821716308507 5.299999999999997
      vertex 26.85 0 5.299999999999997
      vertex 26.83588402126679 0.21536821716308507 5.299999999999997
    endloop
  endfacet
  facet normal 0 0 1
    outer loop
      vertex 26.724401228643625 -0.6314276634023981 5.299999999999997
      vertex 26.628941916244326 0.825 5.299999999999997
      vertex 26.640322580645165 0 5.299999999999997
    endloop
  endfacet
  facet normal 0 0 1
    outer loop
      vertex 26.83588402126679 -0.21536821716308507 5.299999999999997
      vertex 26.83588402126679 0.21536821716308507 5.299999999999997
      vertex 26.793777613376964 0.4270514244191592 5.299999999999997
    endloop
  endfacet
  facet normal 0 0 1
    outer loop
      vertex 26.793777613376964 -0.4270514244191592 5.299999999999997
      vertex 26.793777613376964 0.4270514244191592 5.299999999999997
      vertex 26.724401228643625 0.6314276634023981 5.299999999999997
    endloop
  endfacet
  facet normal 0 0 1
    outer loop
      vertex 26.724401228643625 -0.6314276634023981 5.299999999999997
      vertex 26.724401228643625 0.6314276634023981 5.299999999999997
      vertex 26.628941916244326 0.825 5.299999999999997
    endloop
  endfacet
  facet normal 0 0 1
    outer loop
      vertex 26.628941916244326 0.825 5.299999999999997
      vertex 26.612647186129173 0.28099299606516537 5.299999999999997
      vertex 26.640322580645165 0 5.299999999999997
    endloop
  endfacet
  facet normal 0.9469301294951069 0.32143946530315787 0
    outer loop
      vertex 26.793777613376964 0.4270514244191592 3.49
      vertex 26.724401228643625 0.6314276634023981 5.299999999999997
      vertex 26.793777613376964 0.4270514244191592 5.299999999999997
    endloop
  endfacet
  facet normal 0.8968727415326886 0.44228869021900097 0
    outer loop
      vertex 26.724401228643625 0.6314276634023981 3.49
      vertex 26.628941916244326 0.825 5.299999999999997
      vertex 26.724401228643625 0.6314276634023981 5.299999999999997
    endloop
  endfacet
  facet normal 0 0 1
    outer loop
      vertex 26.50903301148054 1.004456357864389 5.299999999999997
      vertex 26.530684552471904 0.5511875888742342 5.299999999999997
      vertex 26.612647186129173 0.28099299606516537 5.299999999999997
    endloop
  endfacet
  facet normal 0 0 1
    outer loop
      vertex 26.50903301148054 1.004456357864389 5.299999999999997
      vertex 26.39758445771964 0.8002003517524272 5.299999999999997
      vertex 26.530684552471904 0.5511875888742342 5.299999999999997
    endloop
  endfacet
  facet normal 0 0 1
    outer loop
      vertex 26.50903301148054 1.004456357864389 5.299999999999997
      vertex 26.612647186129173 0.28099299606516537 5.299999999999997
      vertex 26.628941916244326 0.825 5.299999999999997
    endloop
  endfacet
  facet normal 0.8314696123025442 0.5555702330196037 0
    outer loop
      vertex 26.628941916244326 0.825 3.49
      vertex 26.50903301148054 1.004456357864389 5.299999999999997
      vertex 26.628941916244326 0.825 5.299999999999997
    endloop
  endfacet
  facet normal 0.7518398074789787 0.6593458151000673 0
    outer loop
      vertex 26.50903301148054 1.004456357864389 3.49
      vertex 26.366726188957806 1.1667261889578033 5.299999999999997
      vertex 26.50903301148054 1.004456357864389 5.299999999999997
    endloop
  endfacet
  facet normal 0.6593458151000681 0.7518398074789782 -1.303913110523028e-18
    outer loop
      vertex 26.20445635786439 1.309033011480538 5.299999999999997
      vertex 26.366726188957806 1.1667261889578033 5.299999999999997
      vertex 26.366726188957806 1.1667261889578033 3.49
    endloop
  endfacet
  facet normal 0 0 1
    outer loop
      vertex 26.50903301148054 1.004456357864389 5.299999999999997
      vertex 26.366726188957806 1.1667261889578033 5.299999999999997
      vertex 26.39758445771964 0.8002003517524272 5.299999999999997
    endloop
  endfacet
  facet normal 0 0 1
    outer loop
      vertex 26.20445635786439 1.309033011480538 5.299999999999997
      vertex 26.218461863870303 1.0184618638703018 5.299999999999997
      vertex 26.39758445771964 0.8002003517524272 5.299999999999997
    endloop
  endfacet
  facet normal 0 0 1
    outer loop
      vertex 26.20445635786439 1.309033011480538 5.299999999999997
      vertex 26.39758445771964 0.8002003517524272 5.299999999999997
      vertex 26.366726188957806 1.1667261889578033 5.299999999999997
    endloop
  endfacet
  facet normal 0 0 1
    outer loop
      vertex 26.025000000000002 1.4289419162443235 5.299999999999997
      vertex 26.00020035175243 1.1975844577196337 5.299999999999997
      vertex 26.218461863870303 1.0184618638703018 5.299999999999997
    endloop
  endfacet
  facet normal -0.32143946530315964 0.9469301294951064 0
    outer loop
      vertex 24.772948575580845 1.5937776133769626 3.49
      vertex 24.568572336597605 1.524401228643623 5.299999999999997
      vertex 24.772948575580845 1.5937776133769626 5.299999999999997
    endloop
  endfacet
  facet normal -0.19509032201612989 0.9807852804032301 0
    outer loop
      vertex 24.984631782836917 1.6358840212667871 3.49
      vertex 24.772948575580845 1.5937776133769626 5.299999999999997
      vertex 24.984631782836917 1.6358840212667871 5.299999999999997
    endloop
  endfacet
  facet normal 0.32143946530315964 0.9469301294951064 0
    outer loop
      vertex 25.8314276634024 1.524401228643623 3.49
      vertex 25.62705142441916 1.5937776133769626 5.299999999999997
      vertex 25.8314276634024 1.524401228643623 5.299999999999997
    endloop
  endfacet
  facet normal 0.19509032201612989 0.9807852804032301 0
    outer loop
      vertex 25.62705142441916 1.5937776133769626 3.49
      vertex 25.41536821716309 1.6358840212667871 5.299999999999997
      vertex 25.62705142441916 1.5937776133769626 5.299999999999997
    endloop
  endfacet
  facet normal 0.5555702330196022 0.8314696123025453 0
    outer loop
      vertex 26.20445635786439 1.309033011480538 3.49
      vertex 26.025000000000002 1.4289419162443235 5.299999999999997
      vertex 26.20445635786439 1.309033011480538 5.299999999999997
    endloop
  endfacet
  facet normal 0.4422886902190034 0.8968727415326874 0
    outer loop
      vertex 26.025000000000002 1.4289419162443235 3.49
      vertex 25.8314276634024 1.524401228643623 5.299999999999997
      vertex 26.025000000000002 1.4289419162443235 5.299999999999997
    endloop
  endfacet
  facet normal 0 0 1
    outer loop
      vertex 25.8314276634024 1.524401228643623 5.299999999999997
      vertex 25.751187588874238 1.3306845524719018 5.299999999999997
      vertex 26.00020035175243 1.1975844577196337 5.299999999999997
    endloop
  endfacet
  facet normal 0 0 1
    outer loop
      vertex 24.568572336597605 1.524401228643623 5.299999999999997
      vertex 24.648812411125768 1.3306845524719018 5.299999999999997
      vertex 24.919007003934837 1.4126471861291692 5.299999999999997
    endloop
  endfacet
  facet normal 0 0 1
    outer loop
      vertex 24.568572336597605 1.524401228643623 5.299999999999997
      vertex 24.919007003934837 1.4126471861291692 5.299999999999997
      vertex 24.772948575580845 1.5937776133769626 5.299999999999997
    endloop
  endfacet
  facet normal 0 0 1
    outer loop
      vertex 24.984631782836917 1.6358840212667871 5.299999999999997
      vertex 24.919007003934837 1.4126471861291692 5.299999999999997
      vertex 25.200000000000003 1.4403225806451614 5.299999999999997
    endloop
  endfacet
  facet normal 0 0 1
    outer loop
      vertex 24.772948575580845 1.5937776133769626 5.299999999999997
      vertex 24.919007003934837 1.4126471861291692 5.299999999999997
      vertex 24.984631782836917 1.6358840212667871 5.299999999999997
    endloop
  endfacet
  facet normal 0 0 1
    outer loop
      vertex 24.984631782836917 1.6358840212667871 5.299999999999997
      vertex 25.200000000000003 1.4403225806451614 5.299999999999997
      vertex 25.200000000000003 1.65 5.299999999999997
    endloop
  endfacet
  facet normal 0 0 1
    outer loop
      vertex 25.200000000000003 1.65 5.299999999999997
      vertex 25.200000000000003 1.4403225806451614 5.299999999999997
      vertex 25.48099299606517 1.4126471861291692 5.299999999999997
    endloop
  endfacet
  facet normal 0 0 1
    outer loop
      vertex 25.62705142441916 1.5937776133769626 5.299999999999997
      vertex 25.48099299606517 1.4126471861291692 5.299999999999997
      vertex 25.751187588874238 1.3306845524719018 5.299999999999997
    endloop
  endfacet
  facet normal 0 0 1
    outer loop
      vertex 25.62705142441916 1.5937776133769626 5.299999999999997
      vertex 25.751187588874238 1.3306845524719018 5.299999999999997
      vertex 25.8314276634024 1.524401228643623 5.299999999999997
    endloop
  endfacet
  facet normal 0 0 1
    outer loop
      vertex 25.41536821716309 1.6358840212667871 5.299999999999997
      vertex 25.200000000000003 1.65 5.299999999999997
      vertex 25.48099299606517 1.4126471861291692 5.299999999999997
    endloop
  endfacet
  facet normal 0 0 1
    outer loop
      vertex 25.41536821716309 1.6358840212667871 5.299999999999997
      vertex 25.48099299606517 1.4126471861291692 5.299999999999997
      vertex 25.62705142441916 1.5937776133769626 5.299999999999997
    endloop
  endfacet
  facet normal 0 0 1
    outer loop
      vertex 26.20445635786439 1.309033011480538 5.299999999999997
      vertex 26.025000000000002 1.4289419162443235 5.299999999999997
      vertex 26.218461863870303 1.0184618638703018 5.299999999999997
    endloop
  endfacet
  facet normal 0 0 1
    outer loop
      vertex 25.8314276634024 1.524401228643623 5.299999999999997
      vertex 26.00020035175243 1.1975844577196337 5.299999999999997
      vertex 26.025000000000002 1.4289419162443235 5.299999999999997
    endloop
  endfacet
  facet normal -0.06540312923014283 0.9978589232386035 0
    outer loop
      vertex 24.984631782836917 1.6358840212667871 3.49
      vertex 24.984631782836917 1.6358840212667871 5.299999999999997
      vertex 25.200000000000003 1.65 3.49
    endloop
  endfacet
  facet normal 0.06540312923014283 0.9978589232386035 3.4647589363268805e-19
    outer loop
      vertex 25.41536821716309 1.6358840212667871 3.49
      vertex 25.200000000000003 1.65 3.49
      vertex 25.200000000000003 1.65 5.299999999999997
    endloop
  endfacet
  facet normal -0.06540312923014283 0.9978589232386035 -3.4647589363268805e-19
    outer loop
      vertex 24.984631782836917 1.6358840212667871 5.299999999999997
      vertex 25.200000000000003 1.65 5.299999999999997
      vertex 25.200000000000003 1.65 3.49
    endloop
  endfacet
  facet normal 0.06540312923014283 0.9978589232386035 0
    outer loop
      vertex 25.41536821716309 1.6358840212667871 3.49
      vertex 25.200000000000003 1.65 5.299999999999997
      vertex 25.41536821716309 1.6358840212667871 5.299999999999997
    endloop
  endfacet
  facet normal 0 0 -1
    outer loop
      vertex 16.344260518144843 -1.5840393301017952 0
      vertex 16.334125718815464 -1.580599029306712 0
      vertex 16.372948575580843 -1.146344154964819 0
    endloop
  endfacet
  facet normal 0 0 -1
    outer loop
      vertex 16.111169821742838 -1.4960934410003024 0
      vertex 16.168572336597602 -0.7871900223447572 0
      vertex 16.1217658616723 -1.5013188296255624 0
    endloop
  endfacet
  facet normal 0 0 -1
    outer loop
      vertex 15.9 -1.3788285184003761 0
      vertex 15.975000000000001 -0.4145668501920714 0
      vertex 15.911303899832182 -1.3863815427934194 0
    endloop
  endfacet
  facet normal 0 0 -1
    outer loop
      vertex 15.527207793864214 -1.0457810762280693 0
      vertex 15.527207793864214 -0.4515285174951371 0
      vertex 15.541052187210404 -1.0615675812603063 0
    endloop
  endfacet
  facet normal 0 0 -1
    outer loop
      vertex 15.716568777629242 -1.2397739141404092 0
      vertex 15.704229427784304 -1.228952594757765 0
      vertex 15.704229427784304 -0.08415267675073301 0
    endloop
  endfacet
  facet normal 0 0 -1
    outer loop
      vertex 16.574926791322962 -1.6339535784293473 0
      vertex 16.56505285400391 -1.6319895301818557 0
      vertex 16.584631782836915 -1.4858840212667865 0
    endloop
  endfacet
  facet normal 0 0 -1
    outer loop
      vertex 17.034947145996092 -1.6319895301818557 0
      vertex 17.034947145996092 -1.3371672920607147 0
      vertex 17.04508194532547 -1.629973593254331 0
    endloop
  endfacet
  facet normal 0 0 -1
    outer loop
      vertex 17.265874281184537 -1.580599029306712 0
      vertex 17.265874281184537 -1.0014552810214585 0
      vertex 17.276470321114 -1.5770021584255691 0
    endloop
  endfacet
  facet normal 0 0 -1
    outer loop
      vertex 17.488830178257164 -1.4960934410003024 0
      vertex 17.488830178257164 -0.6486080924680634 0
      vertex 17.500134078089346 -1.490518974501746 0
    endloop
  endfacet
  facet normal 0 0 -1
    outer loop
      vertex 17.7 -1.3788285184003761 0
      vertex 17.7 -0.28466303962440564 0
      vertex 17.71233934984494 -1.3705836284281756 0
    endloop
  endfacet
  facet normal 0 0 -1
    outer loop
      vertex 17.8957705722157 -1.228952594757765 0
      vertex 17.966726188957804 -0.3454625003171541 0
      vertex 17.909614965561886 -1.216811387648744 0
    endloop
  endfacet
  facet normal 0 0 -1
    outer loop
      vertex 18.072792206135787 -1.0457810762280693 0
      vertex 18.109033011480538 -0.7198643657665331 0
      vertex 18.088873159938075 -1.0274442627776716 0
    endloop
  endfacet
  facet normal 0 0 -1
    outer loop
      vertex 15.261482979253493 -0.5898438808033823 0
      vertex 15.24115427318801 -0.5299574438691383 0
      vertex 15.275598771356378 -0.37447851106886143 0
    endloop
  endfacet
  facet normal 0 0 -1
    outer loop
      vertex 15.716568777629242 -1.2397739141404092 0
      vertex 15.704229427784304 -0.08415267675073301 0
      vertex 15.795543642135613 -0.03485032429295343 0
    endloop
  endfacet
  facet normal 0 0 -1
    outer loop
      vertex 16.111169821742838 -1.4960934410003024 0
      vertex 16.111169821742838 0.6486080924680634 0
      vertex 16.168572336597602 -0.7871900223447572 0
    endloop
  endfacet
  facet normal 0 0 -1
    outer loop
      vertex 16.334125718815464 -1.580599029306712 0
      vertex 16.334125718815464 1.0014552810214585 0
      vertex 16.372948575580843 -1.146344154964819 0
    endloop
  endfacet
  facet normal 0 0 -1
    outer loop
      vertex 15.9 -1.3788285184003761 0
      vertex 15.9 0.28466303962440564 0
      vertex 15.975000000000001 -0.4145668501920714 0
    endloop
  endfacet
  facet normal 0 0 -1
    outer loop
      vertex 15.371963987475777 -0.8263557807279217 0
      vertex 15.490966988519462 0.7198643657665331 0
      vertex 15.388044941278064 -0.850422628857583 0
    endloop
  endfacet
  facet normal 0 0 -1
    outer loop
      vertex 15.371963987475777 -0.8263557807279217 0
      vertex 15.371963987475777 -0.8111785801178418 0
      vertex 15.490966988519462 0.7198643657665331 0
    endloop
  endfacet
  facet normal 0 0 -1
    outer loop
      vertex 15.541052187210404 -1.0615675812603063 0
      vertex 15.527207793864214 -0.4515285174951371 0
      vertex 15.633273811042198 0.3454625003171541 0
    endloop
  endfacet
  facet normal 0 0 -1
    outer loop
      vertex 15.24115427318801 -0.5299574438691383 0
      vertex 15.24115427318801 0.1059061744712596 0
      vertex 15.275598771356378 -0.37447851106886143 0
    endloop
  endfacet
  facet normal 0 0 -1
    outer loop
      vertex 16.56505285400391 -1.6319895301818557 0
      vertex 16.56505285400391 1.3371672920607147 0
      vertex 16.584631782836915 -1.4858840212667865 0
    endloop
  endfacet
  facet normal 0 0 -1
    outer loop
      vertex 17.04508194532547 -1.629973593254331 0
      vertex 17.034947145996092 -1.3371672920607147 0
      vertex 17.22705142441916 1.146344154964819 0
    endloop
  endfacet
  facet normal 0 0 -1
    outer loop
      vertex 17.276470321114 -1.5770021584255691 0
      vertex 17.265874281184537 -1.0014552810214585 0
      vertex 17.4314276634024 0.7871900223447572 0
    endloop
  endfacet
  facet normal 0 0 -1
    outer loop
      vertex 17.500134078089346 -1.490518974501746 0
      vertex 17.488830178257164 -0.6486080924680634 0
      vertex 17.625 0.4145668501920714 0
    endloop
  endfacet
  facet normal 0 0 -1
    outer loop
      vertex 17.71233934984494 -1.3705836284281756 0
      vertex 17.7 -0.28466303962440564 0
      vertex 17.80445635786439 0.03485032429295343 0
    endloop
  endfacet
  facet normal 0 0 -1
    outer loop
      vertex 17.8957705722157 -1.228952594757765 0
      vertex 17.8957705722157 0.08415267675073301 0
      vertex 17.966726188957804 -0.3454625003171541 0
    endloop
  endfacet
  facet normal 0 0 -1
    outer loop
      vertex 18.072792206135787 -1.0457810762280693 0
      vertex 18.072792206135787 0.4515285174951371 0
      vertex 18.109033011480538 -0.7198643657665331 0
    endloop
  endfacet
  facet normal 0 0 -1
    outer loop
      vertex 18.35884572681199 -0.5299574438691383 0
      vertex 18.35884572681199 -0.1059061744712596 0
      vertex 18.38890324831161 -0.4414108408591701 0
    endloop
  endfacet
  facet normal 0 0 -1
    outer loop
      vertex 18.38890324831161 -0.4414108408591701 0
      vertex 18.35884572681199 -0.1059061744712596 0
      vertex 18.39377761337696 -0.3670424011095811 0
    endloop
  endfacet
  facet normal -0.06540312923014283 -0.9978589232386035 3.4647589363268805e-19
    outer loop
      vertex 16.584631782836915 -1.6358840212667871 3.49
      vertex 16.8 -1.65 3.49
      vertex 16.8 -1.65 5.299999999999997
    endloop
  endfacet
  facet normal 0.06540312923014283 -0.9978589232386035 -3.4647589363268805e-19
    outer loop
      vertex 16.8 -1.65 3.49
      vertex 17.015368217163086 -1.6358840212667871 3.49
      vertex 17.015368217163086 -1.6358840212667871 5.299999999999997
    endloop
  endfacet
  facet normal -0.06540312923014283 -0.9978589232386035 0
    outer loop
      vertex 16.584631782836915 -1.6358840212667871 3.49
      vertex 16.8 -1.65 5.299999999999997
      vertex 16.584631782836915 -1.6358840212667871 5.299999999999997
    endloop
  endfacet
  facet normal 0.06540312923014283 -0.9978589232386035 0
    outer loop
      vertex 16.8 -1.65 3.49
      vertex 17.015368217163086 -1.6358840212667871 5.299999999999997
      vertex 16.8 -1.65 5.299999999999997
    endloop
  endfacet
  facet normal -0.19509032201612989 -0.9807852804032301 9.395827397706455e-19
    outer loop
      vertex 16.372948575580843 -1.5937776133769626 3.49
      vertex 16.584631782836915 -1.6358840212667871 3.49
      vertex 16.584631782836915 -1.6358840212667871 5.299999999999997
    endloop
  endfacet
  facet normal -0.32143946530315964 -0.9469301294951064 -5.134548164440636e-19
    outer loop
      vertex 16.168572336597602 -1.524401228643623 3.49
      vertex 16.372948575580843 -1.5937776133769626 3.49
      vertex 16.372948575580843 -1.5937776133769626 5.299999999999997
    endloop
  endfacet
  facet normal -0.4422886902190034 -0.8968727415326874 -1.158237012985026e-18
    outer loop
      vertex 15.975000000000001 -1.4289419162443235 3.49
      vertex 16.168572336597602 -1.524401228643623 3.49
      vertex 16.168572336597602 -1.524401228643623 5.299999999999997
    endloop
  endfacet
  facet normal -0.6593458151000681 -0.7518398074789782 -1.303913110523028e-18
    outer loop
      vertex 15.633273811042198 -1.1667261889578033 3.49
      vertex 15.795543642135613 -1.309033011480538 3.49
      vertex 15.795543642135613 -1.309033011480538 5.299999999999997
    endloop
  endfacet
  facet normal -0.5555702330196022 -0.8314696123025453 2.9070136721811422e-18
    outer loop
      vertex 15.795543642135613 -1.309033011480538 3.49
      vertex 15.975000000000001 -1.4289419162443235 3.49
      vertex 15.975000000000001 -1.4289419162443235 5.299999999999997
    endloop
  endfacet
  facet normal -0.7518398074789747 -0.6593458151000718 0
    outer loop
      vertex 15.633273811042198 -1.1667261889578033 3.49
      vertex 15.633273811042198 -1.1667261889578033 5.299999999999997
      vertex 15.490966988519462 -1.004456357864389 3.49
    endloop
  endfacet
  facet normal -0.831469612302548 -0.5555702330195981 7.032860495153797e-19
    outer loop
      vertex 15.371058083755678 -0.825 3.49
      vertex 15.490966988519462 -1.004456357864389 3.49
      vertex 15.490966988519462 -1.004456357864389 5.299999999999997
    endloop
  endfacet
  facet normal 0.19509032201612989 -0.9807852804032301 -9.395827397706455e-19
    outer loop
      vertex 17.015368217163086 -1.6358840212667871 3.49
      vertex 17.22705142441916 -1.5937776133769626 3.49
      vertex 17.22705142441916 -1.5937776133769626 5.299999999999997
    endloop
  endfacet
  facet normal 0.32143946530315964 -0.9469301294951064 5.134548164440636e-19
    outer loop
      vertex 17.22705142441916 -1.5937776133769626 3.49
      vertex 17.4314276634024 -1.524401228643623 3.49
      vertex 17.4314276634024 -1.524401228643623 5.299999999999997
    endloop
  endfacet
  facet normal 0.4422886902190034 -0.8968727415326874 1.158237012985026e-18
    outer loop
      vertex 17.4314276634024 -1.524401228643623 3.49
      vertex 17.625 -1.4289419162443235 3.49
      vertex 17.625 -1.4289419162443235 5.299999999999997
    endloop
  endfacet
  facet normal 0.5555702330196022 -0.8314696123025453 -2.9070136721811422e-18
    outer loop
      vertex 17.625 -1.4289419162443235 3.49
      vertex 17.80445635786439 -1.309033011480538 3.49
      vertex 17.80445635786439 -1.309033011480538 5.299999999999997
    endloop
  endfacet
  facet normal 0.6593458151000681 -0.7518398074789782 1.303913110523028e-18
    outer loop
      vertex 17.80445635786439 -1.309033011480538 3.49
      vertex 17.966726188957804 -1.1667261889578033 3.49
      vertex 17.966726188957804 -1.1667261889578033 5.299999999999997
    endloop
  endfacet
  facet normal 0.7518398074789787 -0.6593458151000673 -1.9917116342341976e-18
    outer loop
      vertex 17.966726188957804 -1.1667261889578033 3.49
      vertex 18.109033011480538 -1.004456357864389 3.49
      vertex 18.109033011480538 -1.004456357864389 5.299999999999997
    endloop
  endfacet
  facet normal 0.8314696123025442 -0.5555702330196037 -1.7543237431796977e-18
    outer loop
      vertex 18.109033011480538 -1.004456357864389 3.49
      vertex 18.228941916244324 -0.825 3.49
      vertex 18.228941916244324 -0.825 5.299999999999997
    endloop
  endfacet
  facet normal -0.8968727415326886 -0.44228869021900097 -1.5930086702731148e-18
    outer loop
      vertex 15.275598771356378 -0.6314276634023981 3.49
      vertex 15.371058083755678 -0.825 3.49
      vertex 15.371058083755678 -0.825 5.299999999999997
    endloop
  endfacet
  facet normal -0.9469301294951045 -0.3214394653031653 0
    outer loop
      vertex 15.275598771356378 -0.6314276634023981 3.49
      vertex 15.275598771356378 -0.6314276634023981 5.299999999999997
      vertex 15.206222386623038 -0.4270514244191592 3.49
    endloop
  endfacet
  facet normal -0.9978589232386033 -0.0654031292301481 0
    outer loop
      vertex 15.164115978733214 -0.21536821716308507 3.49
      vertex 15.164115978733214 -0.21536821716308507 5.299999999999997
      vertex 15.15 0 3.49
    endloop
  endfacet
  facet normal -0.9807852804032311 -0.1950903220161245 0
    outer loop
      vertex 15.206222386623038 -0.4270514244191592 3.49
      vertex 15.206222386623038 -0.4270514244191592 5.299999999999997
      vertex 15.164115978733214 -0.21536821716308507 3.49
    endloop
  endfacet
  facet normal 0.8968727415326886 -0.44228869021900097 1.5930086702731148e-18
    outer loop
      vertex 18.228941916244324 -0.825 3.49
      vertex 18.324401228643623 -0.6314276634023981 3.49
      vertex 18.324401228643623 -0.6314276634023981 5.299999999999997
    endloop
  endfacet
  facet normal 0.9469301294951069 -0.32143946530315787 8.611614574705544e-19
    outer loop
      vertex 18.324401228643623 -0.6314276634023981 3.49
      vertex 18.39377761337696 -0.4270514244191592 3.49
      vertex 18.39377761337696 -0.4270514244191592 5.299999999999997
    endloop
  endfacet
  facet normal 0.9807852804032297 -0.19509032201613247 -4.549224633133293e-19
    outer loop
      vertex 18.39377761337696 -0.4270514244191592 3.49
      vertex 18.435884021266787 -0.21536821716308507 3.49
      vertex 18.435884021266787 -0.21536821716308507 5.299999999999997
    endloop
  endfacet
  facet normal 0.9978589232386037 -0.0654031292301399 4.746488373585169e-19
    outer loop
      vertex 18.435884021266787 -0.21536821716308507 3.49
      vertex 18.45 0 3.49
      vertex 18.45 0 5.299999999999997
    endloop
  endfacet
  facet normal -0.19509032201612989 -0.9807852804032301 0
    outer loop
      vertex 16.372948575580843 -1.5937776133769626 3.49
      vertex 16.584631782836915 -1.6358840212667871 5.299999999999997
      vertex 16.372948575580843 -1.5937776133769626 5.299999999999997
    endloop
  endfacet
  facet normal -0.32143946530315964 -0.9469301294951064 0
    outer loop
      vertex 16.168572336597602 -1.524401228643623 3.49
      vertex 16.372948575580843 -1.5937776133769626 5.299999999999997
      vertex 16.168572336597602 -1.524401228643623 5.299999999999997
    endloop
  endfacet
  facet normal -0.4422886902190034 -0.8968727415326874 0
    outer loop
      vertex 15.975000000000001 -1.4289419162443235 3.49
      vertex 16.168572336597602 -1.524401228643623 5.299999999999997
      vertex 15.975000000000001 -1.4289419162443235 5.299999999999997
    endloop
  endfacet
  facet normal -0.5555702330196022 -0.8314696123025453 0
    outer loop
      vertex 15.795543642135613 -1.309033011480538 3.49
      vertex 15.975000000000001 -1.4289419162443235 5.299999999999997
      vertex 15.795543642135613 -1.309033011480538 5.299999999999997
    endloop
  endfacet
  facet normal 0 0 1
    outer loop
      vertex 16.372948575580843 -1.5937776133769626 5.299999999999997
      vertex 16.584631782836915 -1.6358840212667871 5.299999999999997
      vertex 16.519007003934835 -1.4126471861291692 5.299999999999997
    endloop
  endfacet
  facet normal 0 0 1
    outer loop
      vertex 16.168572336597602 -1.524401228643623 5.299999999999997
      vertex 16.372948575580843 -1.5937776133769626 5.299999999999997
      vertex 16.248812411125765 -1.3306845524719018 5.299999999999997
    endloop
  endfacet
  facet normal 0 0 1
    outer loop
      vertex 16.372948575580843 -1.5937776133769626 5.299999999999997
      vertex 16.519007003934835 -1.4126471861291692 5.299999999999997
      vertex 16.248812411125765 -1.3306845524719018 5.299999999999997
    endloop
  endfacet
  facet normal 0 0 1
    outer loop
      vertex 15.795543642135613 -1.309033011480538 5.299999999999997
      vertex 15.975000000000001 -1.4289419162443235 5.299999999999997
      vertex 15.781538136129699 -1.0184618638703018 5.299999999999997
    endloop
  endfacet
  facet normal 0 0 1
    outer loop
      vertex 15.975000000000001 -1.4289419162443235 5.299999999999997
      vertex 16.168572336597602 -1.524401228643623 5.299999999999997
      vertex 15.999799648247574 -1.1975844577196337 5.299999999999997
    endloop
  endfacet
  facet normal 0 0 1
    outer loop
      vertex 16.168572336597602 -1.524401228643623 5.299999999999997
      vertex 16.248812411125765 -1.3306845524719018 5.299999999999997
      vertex 15.999799648247574 -1.1975844577196337 5.299999999999997
    endloop
  endfacet
  facet normal -0.6593458151000681 -0.7518398074789782 0
    outer loop
      vertex 15.633273811042198 -1.1667261889578033 3.49
      vertex 15.795543642135613 -1.309033011480538 5.299999999999997
      vertex 15.633273811042198 -1.1667261889578033 5.299999999999997
    endloop
  endfacet
  facet normal -0.7518398074789747 -0.6593458151000718 1.2620938953013193e-18
    outer loop
      vertex 15.633273811042198 -1.1667261889578033 5.299999999999997
      vertex 15.490966988519462 -1.004456357864389 5.299999999999997
      vertex 15.490966988519462 -1.004456357864389 3.49
    endloop
  endfacet
  facet normal -0.831469612302548 -0.5555702330195981 0
    outer loop
      vertex 15.371058083755678 -0.825 3.49
      vertex 15.490966988519462 -1.004456357864389 5.299999999999997
      vertex 15.371058083755678 -0.825 5.299999999999997
    endloop
  endfacet
  facet normal 0 0 1
    outer loop
      vertex 15.633273811042198 -1.1667261889578033 5.299999999999997
      vertex 15.795543642135613 -1.309033011480538 5.299999999999997
      vertex 15.602415542280367 -0.8002003517524272 5.299999999999997
    endloop
  endfacet
  facet normal 0 0 1
    outer loop
      vertex 15.795543642135613 -1.309033011480538 5.299999999999997
      vertex 15.781538136129699 -1.0184618638703018 5.299999999999997
      vertex 15.602415542280367 -0.8002003517524272 5.299999999999997
    endloop
  endfacet
  facet normal 0 0 1
    outer loop
      vertex 15.975000000000001 -1.4289419162443235 5.299999999999997
      vertex 15.999799648247574 -1.1975844577196337 5.299999999999997
      vertex 15.781538136129699 -1.0184618638703018 5.299999999999997
    endloop
  endfacet
  facet normal 0 0 1
    outer loop
      vertex 15.633273811042198 -1.1667261889578033 5.299999999999997
      vertex 15.602415542280367 -0.8002003517524272 5.299999999999997
      vertex 15.490966988519462 -1.004456357864389 5.299999999999997
    endloop
  endfacet
  facet normal 0.19509032201612989 -0.9807852804032301 0
    outer loop
      vertex 17.015368217163086 -1.6358840212667871 3.49
      vertex 17.22705142441916 -1.5937776133769626 5.299999999999997
      vertex 17.015368217163086 -1.6358840212667871 5.299999999999997
    endloop
  endfacet
  facet normal 0.32143946530315964 -0.9469301294951064 0
    outer loop
      vertex 17.22705142441916 -1.5937776133769626 3.49
      vertex 17.4314276634024 -1.524401228643623 5.299999999999997
      vertex 17.22705142441916 -1.5937776133769626 5.299999999999997
    endloop
  endfacet
  facet normal 0.4422886902190034 -0.8968727415326874 0
    outer loop
      vertex 17.4314276634024 -1.524401228643623 3.49
      vertex 17.625 -1.4289419162443235 5.299999999999997
      vertex 17.4314276634024 -1.524401228643623 5.299999999999997
    endloop
  endfacet
  facet normal 0.5555702330196022 -0.8314696123025453 0
    outer loop
      vertex 17.625 -1.4289419162443235 3.49
      vertex 17.80445635786439 -1.309033011480538 5.299999999999997
      vertex 17.625 -1.4289419162443235 5.299999999999997
    endloop
  endfacet
  facet normal 0.6593458151000681 -0.7518398074789782 0
    outer loop
      vertex 17.80445635786439 -1.309033011480538 3.49
      vertex 17.966726188957804 -1.1667261889578033 5.299999999999997
      vertex 17.80445635786439 -1.309033011480538 5.299999999999997
    endloop
  endfacet
  facet normal 0 0 1
    outer loop
      vertex 16.584631782836915 -1.6358840212667871 5.299999999999997
      vertex 16.8 -1.65 5.299999999999997
      vertex 16.519007003934835 -1.4126471861291692 5.299999999999997
    endloop
  endfacet
  facet normal 0 0 1
    outer loop
      vertex 16.8 -1.65 5.299999999999997
      vertex 17.015368217163086 -1.6358840212667871 5.299999999999997
      vertex 16.8 -1.4403225806451614 5.299999999999997
    endloop
  endfacet
  facet normal 0 0 1
    outer loop
      vertex 17.015368217163086 -1.6358840212667871 5.299999999999997
      vertex 17.22705142441916 -1.5937776133769626 5.299999999999997
      vertex 17.080992996065167 -1.4126471861291692 5.299999999999997
    endloop
  endfacet
  facet normal 0 0 1
    outer loop
      vertex 16.8 -1.65 5.299999999999997
      vertex 16.8 -1.4403225806451614 5.299999999999997
      vertex 16.519007003934835 -1.4126471861291692 5.299999999999997
    endloop
  endfacet
  facet normal 0 0 1
    outer loop
      vertex 17.015368217163086 -1.6358840212667871 5.299999999999997
      vertex 17.080992996065167 -1.4126471861291692 5.299999999999997
      vertex 16.8 -1.4403225806451614 5.299999999999997
    endloop
  endfacet
  facet normal 0 0 1
    outer loop
      vertex 17.22705142441916 -1.5937776133769626 5.299999999999997
      vertex 17.4314276634024 -1.524401228643623 5.299999999999997
      vertex 17.080992996065167 -1.4126471861291692 5.299999999999997
    endloop
  endfacet
  facet normal 0 0 1
    outer loop
      vertex 17.4314276634024 -1.524401228643623 5.299999999999997
      vertex 17.351187588874236 -1.3306845524719018 5.299999999999997
      vertex 17.080992996065167 -1.4126471861291692 5.299999999999997
    endloop
  endfacet
  facet normal 0 0 1
    outer loop
      vertex 17.4314276634024 -1.524401228643623 5.299999999999997
      vertex 17.625 -1.4289419162443235 5.299999999999997
      vertex 17.351187588874236 -1.3306845524719018 5.299999999999997
    endloop
  endfacet
  facet normal 0 0 1
    outer loop
      vertex 17.625 -1.4289419162443235 5.299999999999997
      vertex 17.600200351752427 -1.1975844577196337 5.299999999999997
      vertex 17.351187588874236 -1.3306845524719018 5.299999999999997
    endloop
  endfacet
  facet normal 0 0 1
    outer loop
      vertex 17.625 -1.4289419162443235 5.299999999999997
      vertex 17.80445635786439 -1.309033011480538 5.299999999999997
      vertex 17.600200351752427 -1.1975844577196337 5.299999999999997
    endloop
  endfacet
  facet normal 0 0 1
    outer loop
      vertex 17.80445635786439 -1.309033011480538 5.299999999999997
      vertex 17.966726188957804 -1.1667261889578033 5.299999999999997
      vertex 17.600200351752427 -1.1975844577196337 5.299999999999997
    endloop
  endfacet
  facet normal 0.7518398074789787 -0.6593458151000673 0
    outer loop
      vertex 17.966726188957804 -1.1667261889578033 3.49
      vertex 18.109033011480538 -1.004456357864389 5.299999999999997
      vertex 17.966726188957804 -1.1667261889578033 5.299999999999997
    endloop
  endfacet
  facet normal 0.8314696123025442 -0.5555702330196037 0
    outer loop
      vertex 18.109033011480538 -1.004456357864389 3.49
      vertex 18.228941916244324 -0.825 5.299999999999997
      vertex 18.109033011480538 -1.004456357864389 5.299999999999997
    endloop
  endfacet
  facet normal 0 0 1
    outer loop
      vertex 17.966726188957804 -1.1667261889578033 5.299999999999997
      vertex 17.8184618638703 -1.0184618638703016 5.299999999999997
      vertex 17.600200351752427 -1.1975844577196337 5.299999999999997
    endloop
  endfacet
  facet normal 0 0 1
    outer loop
      vertex 17.966726188957804 -1.1667261889578033 5.299999999999997
      vertex 18.109033011480538 -1.004456357864389 5.299999999999997
      vertex 17.8184618638703 -1.0184618638703016 5.299999999999997
    endloop
  endfacet
  facet normal 0 0 1
    outer loop
      vertex 18.109033011480538 -1.004456357864389 5.299999999999997
      vertex 17.997584457719633 -0.8002003517524271 5.299999999999997
      vertex 17.8184618638703 -1.0184618638703016 5.299999999999997
    endloop
  endfacet
  facet normal 0 0 1
    outer loop
      vertex 18.109033011480538 -1.004456357864389 5.299999999999997
      vertex 18.228941916244324 -0.825 5.299999999999997
      vertex 17.997584457719633 -0.8002003517524271 5.299999999999997
    endloop
  endfacet
  facet normal -0.8968727415326886 -0.44228869021900097 0
    outer loop
      vertex 15.275598771356378 -0.6314276634023981 3.49
      vertex 15.371058083755678 -0.825 5.299999999999997
      vertex 15.275598771356378 -0.6314276634023981 5.299999999999997
    endloop
  endfacet
  facet normal -0.9469301294951045 -0.3214394653031653 0
    outer loop
      vertex 15.206222386623038 -0.4270514244191592 3.49
      vertex 15.275598771356378 -0.6314276634023981 5.299999999999997
      vertex 15.206222386623038 -0.4270514244191592 5.299999999999997
    endloop
  endfacet
  facet normal 0 0 1
    outer loop
      vertex 15.490966988519462 -1.004456357864389 5.299999999999997
      vertex 15.602415542280367 -0.8002003517524272 5.299999999999997
      vertex 15.469315447528098 -0.5511875888742342 5.299999999999997
    endloop
  endfacet
  facet normal 0 0 1
    outer loop
      vertex 15.371058083755678 -0.825 5.299999999999997
      vertex 15.490966988519462 -1.004456357864389 5.299999999999997
      vertex 15.387352813870832 -0.28099299606516537 5.299999999999997
    endloop
  endfacet
  facet normal 0 0 1
    outer loop
      vertex 15.490966988519462 -1.004456357864389 5.299999999999997
      vertex 15.469315447528098 -0.5511875888742342 5.299999999999997
      vertex 15.387352813870832 -0.28099299606516537 5.299999999999997
    endloop
  endfacet
  facet normal -0.9807852804032311 -0.1950903220161245 0
    outer loop
      vertex 15.164115978733214 -0.21536821716308507 3.49
      vertex 15.206222386623038 -0.4270514244191592 5.299999999999997
      vertex 15.164115978733214 -0.21536821716308507 5.299999999999997
    endloop
  endfacet
  facet normal -0.9978589232386033 -0.0654031292301481 4.709521895593909e-19
    outer loop
      vertex 15.164115978733214 -0.21536821716308507 5.299999999999997
      vertex 15.15 0 5.299999999999997
      vertex 15.15 0 3.49
    endloop
  endfacet
  facet normal 0 0 1
    outer loop
      vertex 15.206222386623038 -0.4270514244191592 5.299999999999997
      vertex 15.164115978733214 0.21536821716308507 5.299999999999997
      vertex 15.164115978733214 -0.21536821716308507 5.299999999999997
    endloop
  endfacet
  facet normal 0 0 1
    outer loop
      vertex 15.371058083755678 -0.825 5.299999999999997
      vertex 15.387352813870832 -0.28099299606516537 5.299999999999997
      vertex 15.359677419354838 0 5.299999999999997
    endloop
  endfacet
  facet normal 0 0 1
    outer loop
      vertex 15.275598771356378 -0.6314276634023981 5.299999999999997
      vertex 15.371058083755678 -0.825 5.299999999999997
      vertex 15.275598771356378 0.6314276634023981 5.299999999999997
    endloop
  endfacet
  facet normal 0 0 1
    outer loop
      vertex 15.275598771356378 -0.6314276634023981 5.299999999999997
      vertex 15.206222386623038 0.4270514244191592 5.299999999999997
      vertex 15.206222386623038 -0.4270514244191592 5.299999999999997
    endloop
  endfacet
  facet normal 0 0 1
    outer loop
      vertex 15.371058083755678 -0.825 5.299999999999997
      vertex 15.359677419354838 0 5.299999999999997
      vertex 15.275598771356378 0.6314276634023981 5.299999999999997
    endloop
  endfacet
  facet normal 0.8968727415326886 -0.44228869021900097 0
    outer loop
      vertex 18.228941916244324 -0.825 3.49
      vertex 18.324401228643623 -0.6314276634023981 5.299999999999997
      vertex 18.228941916244324 -0.825 5.299999999999997
    endloop
  endfacet
  facet normal 0.9469301294951069 -0.32143946530315787 0
    outer loop
      vertex 18.324401228643623 -0.6314276634023981 3.49
      vertex 18.39377761337696 -0.4270514244191592 5.299999999999997
      vertex 18.324401228643623 -0.6314276634023981 5.299999999999997
    endloop
  endfacet
  facet normal 0 0 1
    outer loop
      vertex 18.228941916244324 -0.825 5.299999999999997
      vertex 18.1306845524719 -0.5511875888742342 5.299999999999997
      vertex 17.997584457719633 -0.8002003517524271 5.299999999999997
    endloop
  endfacet
  facet normal 0 0 1
    outer loop
      vertex 18.228941916244324 -0.825 5.299999999999997
      vertex 18.21264718612917 -0.28099299606516537 5.299999999999997
      vertex 18.1306845524719 -0.5511875888742342 5.299999999999997
    endloop
  endfacet
  facet normal 0 0 1
    outer loop
      vertex 18.228941916244324 -0.825 5.299999999999997
      vertex 18.324401228643623 -0.6314276634023981 5.299999999999997
      vertex 18.21264718612917 -0.28099299606516537 5.299999999999997
    endloop
  endfacet
  facet normal 0.9807852804032297 -0.19509032201613247 0
    outer loop
      vertex 18.39377761337696 -0.4270514244191592 3.49
      vertex 18.435884021266787 -0.21536821716308507 5.299999999999997
      vertex 18.39377761337696 -0.4270514244191592 5.299999999999997
    endloop
  endfacet
  facet normal 0.9978589232386037 -0.0654031292301399 0
    outer loop
      vertex 18.435884021266787 -0.21536821716308507 3.49
      vertex 18.45 0 5.299999999999997
      vertex 18.435884021266787 -0.21536821716308507 5.299999999999997
    endloop
  endfacet
  facet normal 0 0 1
    outer loop
      vertex 18.324401228643623 -0.6314276634023981 5.299999999999997
      vertex 18.240322580645163 0 5.299999999999997
      vertex 18.21264718612917 -0.28099299606516537 5.299999999999997
    endloop
  endfacet
  facet normal 0 0 1
    outer loop
      vertex 18.324401228643623 -0.6314276634023981 5.299999999999997
      vertex 18.39377761337696 -0.4270514244191592 5.299999999999997
      vertex 18.324401228643623 0.6314276634023981 5.299999999999997
    endloop
  endfacet
  facet normal 0 0 1
    outer loop
      vertex 18.39377761337696 -0.4270514244191592 5.299999999999997
      vertex 18.435884021266787 -0.21536821716308507 5.299999999999997
      vertex 18.39377761337696 0.4270514244191592 5.299999999999997
    endloop
  endfacet
  facet normal 0 0 -1
    outer loop
      vertex 15.795543642135613 -0.03485032429295343 0
      vertex 15.887660650155063 1.3705836284281756 0
      vertex 15.9 0.28466303962440564 0
    endloop
  endfacet
  facet normal 0 0 -1
    outer loop
      vertex 15.975000000000001 -0.4145668501920714 0
      vertex 16.099865921910656 1.490518974501746 0
      vertex 16.111169821742838 0.6486080924680634 0
    endloop
  endfacet
  facet normal 0 0 -1
    outer loop
      vertex 16.168572336597602 -0.7871900223447572 0
      vertex 16.323529678886 1.5770021584255691 0
      vertex 16.334125718815464 1.0014552810214585 0
    endloop
  endfacet
  facet normal 0 0 -1
    outer loop
      vertex 16.372948575580843 -1.146344154964819 0
      vertex 16.55491805467453 1.629973593254331 0
      vertex 16.56505285400391 1.3371672920607147 0
    endloop
  endfacet
  facet normal 0 0 -1
    outer loop
      vertex 18.109033011480538 -0.7198643657665331 0
      vertex 18.211955058721937 0.850422628857583 0
      vertex 18.228036012524225 0.8111785801178418 0
    endloop
  endfacet
  facet normal 0 0 -1
    outer loop
      vertex 17.966726188957804 -0.3454625003171541 0
      vertex 18.058947812789597 1.0615675812603063 0
      vertex 18.072792206135787 0.4515285174951371 0
    endloop
  endfacet
  facet normal 0 0 -1
    outer loop
      vertex 17.80445635786439 0.03485032429295343 0
      vertex 17.88343122237076 1.2397739141404092 0
      vertex 17.8957705722157 0.08415267675073301 0
    endloop
  endfacet
  facet normal -0.9978589232386033 0.0654031292301481 0
    outer loop
      vertex 15.15 0 3.49
      vertex 15.15 0 5.299999999999997
      vertex 15.164115978733214 0.21536821716308507 3.49
    endloop
  endfacet
  facet normal -0.9807852804032311 0.1950903220161245 0
    outer loop
      vertex 15.164115978733214 0.21536821716308507 3.49
      vertex 15.164115978733214 0.21536821716308507 5.299999999999997
      vertex 15.206222386623038 0.4270514244191592 3.49
    endloop
  endfacet
  facet normal -0.9469301294951045 0.3214394653031653 0
    outer loop
      vertex 15.206222386623038 0.4270514244191592 3.49
      vertex 15.206222386623038 0.4270514244191592 5.299999999999997
      vertex 15.275598771356378 0.6314276634023981 3.49
    endloop
  endfacet
  facet normal -0.8968727415326886 0.44228869021900097 0
    outer loop
      vertex 15.275598771356378 0.6314276634023981 3.49
      vertex 15.275598771356378 0.6314276634023981 5.299999999999997
      vertex 15.371058083755678 0.825 3.49
    endloop
  endfacet
  facet normal 0.9978589232386037 0.0654031292301399 0
    outer loop
      vertex 18.435884021266787 0.21536821716308507 3.49
      vertex 18.435884021266787 0.21536821716308507 5.299999999999997
      vertex 18.45 0 3.49
    endloop
  endfacet
  facet normal 0.9807852804032297 0.19509032201613247 4.549224633133293e-19
    outer loop
      vertex 18.435884021266787 0.21536821716308507 3.49
      vertex 18.39377761337696 0.4270514244191592 3.49
      vertex 18.39377761337696 0.4270514244191592 5.299999999999997
    endloop
  endfacet
  facet normal 0.9469301294951069 0.32143946530315787 -8.611614574705544e-19
    outer loop
      vertex 18.39377761337696 0.4270514244191592 3.49
      vertex 18.324401228643623 0.6314276634023981 3.49
      vertex 18.324401228643623 0.6314276634023981 5.299999999999997
    endloop
  endfacet
  facet normal 0.8968727415326886 0.44228869021900097 -1.5930086702731148e-18
    outer loop
      vertex 18.324401228643623 0.6314276634023981 3.49
      vertex 18.228941916244324 0.825 3.49
      vertex 18.228941916244324 0.825 5.299999999999997
    endloop
  endfacet
  facet normal -0.831469612302548 0.5555702330195981 0
    outer loop
      vertex 15.371058083755678 0.825 3.49
      vertex 15.371058083755678 0.825 5.299999999999997
      vertex 15.490966988519462 1.004456357864389 3.49
    endloop
  endfacet
  facet normal -0.7518398074789747 0.6593458151000718 0
    outer loop
      vertex 15.490966988519462 1.004456357864389 3.49
      vertex 15.490966988519462 1.004456357864389 5.299999999999997
      vertex 15.633273811042198 1.1667261889578033 3.49
    endloop
  endfacet
  facet normal -0.6593458151000681 0.7518398074789782 0
    outer loop
      vertex 15.633273811042198 1.1667261889578033 3.49
      vertex 15.633273811042198 1.1667261889578033 5.299999999999997
      vertex 15.795543642135613 1.309033011480538 3.49
    endloop
  endfacet
  facet normal -0.5555702330196022 0.8314696123025453 0
    outer loop
      vertex 15.795543642135613 1.309033011480538 3.49
      vertex 15.795543642135613 1.309033011480538 5.299999999999997
      vertex 15.975000000000001 1.4289419162443235 3.49
    endloop
  endfacet
  facet normal -0.4422886902190034 0.8968727415326874 0
    outer loop
      vertex 15.975000000000001 1.4289419162443235 3.49
      vertex 15.975000000000001 1.4289419162443235 5.299999999999997
      vertex 16.168572336597602 1.524401228643623 3.49
    endloop
  endfacet
  facet normal -0.32143946530315964 0.9469301294951064 0
    outer loop
      vertex 16.168572336597602 1.524401228643623 3.49
      vertex 16.168572336597602 1.524401228643623 5.299999999999997
      vertex 16.372948575580843 1.5937776133769626 3.49
    endloop
  endfacet
  facet normal -0.19509032201612989 0.9807852804032301 0
    outer loop
      vertex 16.372948575580843 1.5937776133769626 3.49
      vertex 16.372948575580843 1.5937776133769626 5.299999999999997
      vertex 16.584631782836915 1.6358840212667871 3.49
    endloop
  endfacet
  facet normal 0.8314696123025442 0.5555702330196037 0
    outer loop
      vertex 18.109033011480538 1.004456357864389 3.49
      vertex 18.109033011480538 1.004456357864389 5.299999999999997
      vertex 18.228941916244324 0.825 3.49
    endloop
  endfacet
  facet normal 0.7518398074789787 0.6593458151000673 1.9917116342341976e-18
    outer loop
      vertex 18.109033011480538 1.004456357864389 3.49
      vertex 17.966726188957804 1.1667261889578033 3.49
      vertex 17.966726188957804 1.1667261889578033 5.299999999999997
    endloop
  endfacet
  facet normal 0.6593458151000681 0.7518398074789782 0
    outer loop
      vertex 17.80445635786439 1.309033011480538 3.49
      vertex 17.80445635786439 1.309033011480538 5.299999999999997
      vertex 17.966726188957804 1.1667261889578033 3.49
    endloop
  endfacet
  facet normal 0.5555702330196022 0.8314696123025453 2.9070136721811422e-18
    outer loop
      vertex 17.80445635786439 1.309033011480538 3.49
      vertex 17.625 1.4289419162443235 3.49
      vertex 17.625 1.4289419162443235 5.299999999999997
    endloop
  endfacet
  facet normal 0.19509032201612989 0.9807852804032301 0
    outer loop
      vertex 17.015368217163086 1.6358840212667871 3.49
      vertex 17.015368217163086 1.6358840212667871 5.299999999999997
      vertex 17.22705142441916 1.5937776133769626 3.49
    endloop
  endfacet
  facet normal 0.4422886902190034 0.8968727415326874 0
    outer loop
      vertex 17.4314276634024 1.524401228643623 3.49
      vertex 17.4314276634024 1.524401228643623 5.299999999999997
      vertex 17.625 1.4289419162443235 3.49
    endloop
  endfacet
  facet normal 0.32143946530315964 0.9469301294951064 0
    outer loop
      vertex 17.22705142441916 1.5937776133769626 3.49
      vertex 17.22705142441916 1.5937776133769626 5.299999999999997
      vertex 17.4314276634024 1.524401228643623 3.49
    endloop
  endfacet
  facet normal -0.9978589232386033 0.0654031292301481 0
    outer loop
      vertex 15.164115978733214 0.21536821716308507 3.49
      vertex 15.15 0 5.299999999999997
      vertex 15.164115978733214 0.21536821716308507 5.299999999999997
    endloop
  endfacet
  facet normal -0.9807852804032311 0.1950903220161245 0
    outer loop
      vertex 15.206222386623038 0.4270514244191592 3.49
      vertex 15.164115978733214 0.21536821716308507 5.299999999999997
      vertex 15.206222386623038 0.4270514244191592 5.299999999999997
    endloop
  endfacet
  facet normal 0 0 1
    outer loop
      vertex 15.164115978733214 -0.21536821716308507 5.299999999999997
      vertex 15.164115978733214 0.21536821716308507 5.299999999999997
      vertex 15.15 0 5.299999999999997
    endloop
  endfacet
  facet normal 0 0 1
    outer loop
      vertex 15.206222386623038 -0.4270514244191592 5.299999999999997
      vertex 15.206222386623038 0.4270514244191592 5.299999999999997
      vertex 15.164115978733214 0.21536821716308507 5.299999999999997
    endloop
  endfacet
  facet normal 0 0 1
    outer loop
      vertex 15.275598771356378 -0.6314276634023981 5.299999999999997
      vertex 15.275598771356378 0.6314276634023981 5.299999999999997
      vertex 15.206222386623038 0.4270514244191592 5.299999999999997
    endloop
  endfacet
  facet normal 0 0 1
    outer loop
      vertex 15.275598771356378 0.6314276634023981 5.299999999999997
      vertex 15.359677419354838 0 5.299999999999997
      vertex 15.387352813870832 0.28099299606516537 5.299999999999997
    endloop
  endfacet
  facet normal -0.9469301294951045 0.3214394653031653 0
    outer loop
      vertex 15.275598771356378 0.6314276634023981 3.49
      vertex 15.206222386623038 0.4270514244191592 5.299999999999997
      vertex 15.275598771356378 0.6314276634023981 5.299999999999997
    endloop
  endfacet
  facet normal -0.8968727415326886 0.44228869021900097 0
    outer loop
      vertex 15.371058083755678 0.825 3.49
      vertex 15.275598771356378 0.6314276634023981 5.299999999999997
      vertex 15.371058083755678 0.825 5.299999999999997
    endloop
  endfacet
  facet normal 0 0 1
    outer loop
      vertex 15.371058083755678 0.825 5.299999999999997
      vertex 15.387352813870832 0.28099299606516537 5.299999999999997
      vertex 15.4693154475281 0.5511875888742342 5.299999999999997
    endloop
  endfacet
  facet normal 0 0 1
    outer loop
      vertex 15.275598771356378 0.6314276634023981 5.299999999999997
      vertex 15.387352813870832 0.28099299606516537 5.299999999999997
      vertex 15.371058083755678 0.825 5.299999999999997
    endloop
  endfacet
  facet normal 0 0 1
    outer loop
      vertex 15.371058083755678 0.825 5.299999999999997
      vertex 15.4693154475281 0.5511875888742342 5.299999999999997
      vertex 15.602415542280367 0.8002003517524271 5.299999999999997
    endloop
  endfacet
  facet normal 0.9978589232386037 0.0654031292301399 0
    outer loop
      vertex 18.45 0 3.49
      vertex 18.435884021266787 0.21536821716308507 5.299999999999997
      vertex 18.45 0 5.299999999999997
    endloop
  endfacet
  facet normal 0.9807852804032297 0.19509032201613247 0
    outer loop
      vertex 18.435884021266787 0.21536821716308507 3.49
      vertex 18.39377761337696 0.4270514244191592 5.299999999999997
      vertex 18.435884021266787 0.21536821716308507 5.299999999999997
    endloop
  endfacet
  facet normal 0 0 1
    outer loop
      vertex 18.435884021266787 -0.21536821716308507 5.299999999999997
      vertex 18.45 0 5.299999999999997
      vertex 18.435884021266787 0.21536821716308507 5.299999999999997
    endloop
  endfacet
  facet normal 0 0 1
    outer loop
      vertex 18.324401228643623 -0.6314276634023981 5.299999999999997
      vertex 18.228941916244324 0.825 5.299999999999997
      vertex 18.240322580645163 0 5.299999999999997
    endloop
  endfacet
  facet normal 0 0 1
    outer loop
      vertex 18.435884021266787 -0.21536821716308507 5.299999999999997
      vertex 18.435884021266787 0.21536821716308507 5.299999999999997
      vertex 18.39377761337696 0.4270514244191592 5.299999999999997
    endloop
  endfacet
  facet normal 0 0 1
    outer loop
      vertex 18.39377761337696 -0.4270514244191592 5.299999999999997
      vertex 18.39377761337696 0.4270514244191592 5.299999999999997
      vertex 18.324401228643623 0.6314276634023981 5.299999999999997
    endloop
  endfacet
  facet normal 0 0 1
    outer loop
      vertex 18.324401228643623 -0.6314276634023981 5.299999999999997
      vertex 18.324401228643623 0.6314276634023981 5.299999999999997
      vertex 18.228941916244324 0.825 5.299999999999997
    endloop
  endfacet
  facet normal 0 0 1
    outer loop
      vertex 18.228941916244324 0.825 5.299999999999997
      vertex 18.21264718612917 0.28099299606516537 5.299999999999997
      vertex 18.240322580645163 0 5.299999999999997
    endloop
  endfacet
  facet normal 0.9469301294951069 0.32143946530315787 0
    outer loop
      vertex 18.39377761337696 0.4270514244191592 3.49
      vertex 18.324401228643623 0.6314276634023981 5.299999999999997
      vertex 18.39377761337696 0.4270514244191592 5.299999999999997
    endloop
  endfacet
  facet normal 0.8968727415326886 0.44228869021900097 0
    outer loop
      vertex 18.324401228643623 0.6314276634023981 3.49
      vertex 18.228941916244324 0.825 5.299999999999997
      vertex 18.324401228643623 0.6314276634023981 5.299999999999997
    endloop
  endfacet
  facet normal 0 0 1
    outer loop
      vertex 18.109033011480538 1.004456357864389 5.299999999999997
      vertex 18.1306845524719 0.5511875888742342 5.299999999999997
      vertex 18.21264718612917 0.28099299606516537 5.299999999999997
    endloop
  endfacet
  facet normal 0 0 1
    outer loop
      vertex 18.109033011480538 1.004456357864389 5.299999999999997
      vertex 18.21264718612917 0.28099299606516537 5.299999999999997
      vertex 18.228941916244324 0.825 5.299999999999997
    endloop
  endfacet
  facet normal 0 0 1
    outer loop
      vertex 18.109033011480538 1.004456357864389 5.299999999999997
      vertex 17.997584457719633 0.8002003517524272 5.299999999999997
      vertex 18.1306845524719 0.5511875888742342 5.299999999999997
    endloop
  endfacet
  facet normal -0.831469612302548 0.5555702330195981 0
    outer loop
      vertex 15.490966988519462 1.004456357864389 3.49
      vertex 15.371058083755678 0.825 5.299999999999997
      vertex 15.490966988519462 1.004456357864389 5.299999999999997
    endloop
  endfacet
  facet normal -0.7518398074789747 0.6593458151000718 -1.2620938953013193e-18
    outer loop
      vertex 15.490966988519462 1.004456357864389 5.299999999999997
      vertex 15.633273811042198 1.1667261889578033 5.299999999999997
      vertex 15.633273811042198 1.1667261889578033 3.49
    endloop
  endfacet
  facet normal 0 0 1
    outer loop
      vertex 15.371058083755678 0.825 5.299999999999997
      vertex 15.602415542280367 0.8002003517524271 5.299999999999997
      vertex 15.490966988519462 1.004456357864389 5.299999999999997
    endloop
  endfacet
  facet normal 0 0 1
    outer loop
      vertex 15.490966988519462 1.004456357864389 5.299999999999997
      vertex 15.602415542280367 0.8002003517524271 5.299999999999997
      vertex 15.781538136129699 1.0184618638703016 5.299999999999997
    endloop
  endfacet
  facet normal 0 0 1
    outer loop
      vertex 15.490966988519462 1.004456357864389 5.299999999999997
      vertex 15.781538136129699 1.0184618638703016 5.299999999999997
      vertex 15.633273811042198 1.1667261889578033 5.299999999999997
    endloop
  endfacet
  facet normal 0 0 1
    outer loop
      vertex 15.633273811042198 1.1667261889578033 5.299999999999997
      vertex 15.781538136129699 1.0184618638703016 5.299999999999997
      vertex 15.999799648247574 1.1975844577196337 5.299999999999997
    endloop
  endfacet
  facet normal -0.6593458151000681 0.7518398074789782 1.303913110523028e-18
    outer loop
      vertex 15.633273811042198 1.1667261889578033 5.299999999999997
      vertex 15.795543642135613 1.309033011480538 5.299999999999997
      vertex 15.795543642135613 1.309033011480538 3.49
    endloop
  endfacet
  facet normal -0.5555702330196022 0.8314696123025453 0
    outer loop
      vertex 15.975000000000001 1.4289419162443235 3.49
      vertex 15.795543642135613 1.309033011480538 5.299999999999997
      vertex 15.975000000000001 1.4289419162443235 5.299999999999997
    endloop
  endfacet
  facet normal -0.4422886902190034 0.8968727415326874 0
    outer loop
      vertex 16.168572336597602 1.524401228643623 3.49
      vertex 15.975000000000001 1.4289419162443235 5.299999999999997
      vertex 16.168572336597602 1.524401228643623 5.299999999999997
    endloop
  endfacet
  facet normal -0.32143946530315964 0.9469301294951064 0
    outer loop
      vertex 16.372948575580843 1.5937776133769626 3.49
      vertex 16.168572336597602 1.524401228643623 5.299999999999997
      vertex 16.372948575580843 1.5937776133769626 5.299999999999997
    endloop
  endfacet
  facet normal -0.19509032201612989 0.9807852804032301 0
    outer loop
      vertex 16.584631782836915 1.6358840212667871 3.49
      vertex 16.372948575580843 1.5937776133769626 5.299999999999997
      vertex 16.584631782836915 1.6358840212667871 5.299999999999997
    endloop
  endfacet
  facet normal 0 0 1
    outer loop
      vertex 15.633273811042198 1.1667261889578033 5.299999999999997
      vertex 15.999799648247574 1.1975844577196337 5.299999999999997
      vertex 15.795543642135613 1.309033011480538 5.299999999999997
    endloop
  endfacet
  facet normal 0 0 1
    outer loop
      vertex 15.795543642135613 1.309033011480538 5.299999999999997
      vertex 15.999799648247574 1.1975844577196337 5.299999999999997
      vertex 15.975000000000001 1.4289419162443235 5.299999999999997
    endloop
  endfacet
  facet normal 0 0 1
    outer loop
      vertex 15.975000000000001 1.4289419162443235 5.299999999999997
      vertex 15.999799648247574 1.1975844577196337 5.299999999999997
      vertex 16.248812411125765 1.3306845524719018 5.299999999999997
    endloop
  endfacet
  facet normal 0 0 1
    outer loop
      vertex 15.975000000000001 1.4289419162443235 5.299999999999997
      vertex 16.248812411125765 1.3306845524719018 5.299999999999997
      vertex 16.168572336597602 1.524401228643623 5.299999999999997
    endloop
  endfacet
  facet normal 0 0 1
    outer loop
      vertex 16.168572336597602 1.524401228643623 5.299999999999997
      vertex 16.248812411125765 1.3306845524719018 5.299999999999997
      vertex 16.519007003934835 1.4126471861291692 5.299999999999997
    endloop
  endfacet
  facet normal 0 0 1
    outer loop
      vertex 16.168572336597602 1.524401228643623 5.299999999999997
      vertex 16.519007003934835 1.4126471861291692 5.299999999999997
      vertex 16.372948575580843 1.5937776133769626 5.299999999999997
    endloop
  endfacet
  facet normal 0 0 1
    outer loop
      vertex 16.372948575580843 1.5937776133769626 5.299999999999997
      vertex 16.519007003934835 1.4126471861291692 5.299999999999997
      vertex 16.584631782836915 1.6358840212667871 5.299999999999997
    endloop
  endfacet
  facet normal 0.8314696123025442 0.5555702330196037 0
    outer loop
      vertex 18.228941916244324 0.825 3.49
      vertex 18.109033011480538 1.004456357864389 5.299999999999997
      vertex 18.228941916244324 0.825 5.299999999999997
    endloop
  endfacet
  facet normal 0.7518398074789787 0.6593458151000673 0
    outer loop
      vertex 18.109033011480538 1.004456357864389 3.49
      vertex 17.966726188957804 1.1667261889578033 5.299999999999997
      vertex 18.109033011480538 1.004456357864389 5.299999999999997
    endloop
  endfacet
  facet normal 0.6593458151000681 0.7518398074789782 -1.303913110523028e-18
    outer loop
      vertex 17.80445635786439 1.309033011480538 5.299999999999997
      vertex 17.966726188957804 1.1667261889578033 5.299999999999997
      vertex 17.966726188957804 1.1667261889578033 3.49
    endloop
  endfacet
  facet normal 0 0 1
    outer loop
      vertex 17.625 1.4289419162443235 5.299999999999997
      vertex 17.600200351752427 1.1975844577196337 5.299999999999997
      vertex 17.818461863870304 1.0184618638703018 5.299999999999997
    endloop
  endfacet
  facet normal 0 0 1
    outer loop
      vertex 18.109033011480538 1.004456357864389 5.299999999999997
      vertex 17.966726188957804 1.1667261889578033 5.299999999999997
      vertex 17.997584457719633 0.8002003517524272 5.299999999999997
    endloop
  endfacet
  facet normal 0 0 1
    outer loop
      vertex 17.80445635786439 1.309033011480538 5.299999999999997
      vertex 17.818461863870304 1.0184618638703018 5.299999999999997
      vertex 17.997584457719633 0.8002003517524272 5.299999999999997
    endloop
  endfacet
  facet normal 0 0 1
    outer loop
      vertex 17.80445635786439 1.309033011480538 5.299999999999997
      vertex 17.997584457719633 0.8002003517524272 5.299999999999997
      vertex 17.966726188957804 1.1667261889578033 5.299999999999997
    endloop
  endfacet
  facet normal 0.5555702330196022 0.8314696123025453 0
    outer loop
      vertex 17.80445635786439 1.309033011480538 3.49
      vertex 17.625 1.4289419162443235 5.299999999999997
      vertex 17.80445635786439 1.309033011480538 5.299999999999997
    endloop
  endfacet
  facet normal 0.19509032201612989 0.9807852804032301 0
    outer loop
      vertex 17.22705142441916 1.5937776133769626 3.49
      vertex 17.015368217163086 1.6358840212667871 5.299999999999997
      vertex 17.22705142441916 1.5937776133769626 5.299999999999997
    endloop
  endfacet
  facet normal 0.4422886902190034 0.8968727415326874 0
    outer loop
      vertex 17.625 1.4289419162443235 3.49
      vertex 17.4314276634024 1.524401228643623 5.299999999999997
      vertex 17.625 1.4289419162443235 5.299999999999997
    endloop
  endfacet
  facet normal 0.32143946530315964 0.9469301294951064 0
    outer loop
      vertex 17.4314276634024 1.524401228643623 3.49
      vertex 17.22705142441916 1.5937776133769626 5.299999999999997
      vertex 17.4314276634024 1.524401228643623 5.299999999999997
    endloop
  endfacet
  facet normal 0 0 1
    outer loop
      vertex 17.80445635786439 1.309033011480538 5.299999999999997
      vertex 17.625 1.4289419162443235 5.299999999999997
      vertex 17.818461863870304 1.0184618638703018 5.299999999999997
    endloop
  endfacet
  facet normal 0 0 1
    outer loop
      vertex 17.4314276634024 1.524401228643623 5.299999999999997
      vertex 17.351187588874236 1.3306845524719018 5.299999999999997
      vertex 17.600200351752427 1.1975844577196337 5.299999999999997
    endloop
  endfacet
  facet normal 0 0 1
    outer loop
      vertex 17.4314276634024 1.524401228643623 5.299999999999997
      vertex 17.600200351752427 1.1975844577196337 5.299999999999997
      vertex 17.625 1.4289419162443235 5.299999999999997
    endloop
  endfacet
  facet normal 0 0 1
    outer loop
      vertex 16.584631782836915 1.6358840212667871 5.299999999999997
      vertex 16.519007003934835 1.4126471861291692 5.299999999999997
      vertex 16.8 1.4403225806451614 5.299999999999997
    endloop
  endfacet
  facet normal 0 0 1
    outer loop
      vertex 16.8 1.65 5.299999999999997
      vertex 16.8 1.4403225806451614 5.299999999999997
      vertex 17.080992996065167 1.4126471861291692 5.299999999999997
    endloop
  endfacet
  facet normal 0 0 1
    outer loop
      vertex 16.584631782836915 1.6358840212667871 5.299999999999997
      vertex 16.8 1.4403225806451614 5.299999999999997
      vertex 16.8 1.65 5.299999999999997
    endloop
  endfacet
  facet normal 0 0 1
    outer loop
      vertex 17.015368217163086 1.6358840212667871 5.299999999999997
      vertex 16.8 1.65 5.299999999999997
      vertex 17.080992996065167 1.4126471861291692 5.299999999999997
    endloop
  endfacet
  facet normal 0 0 1
    outer loop
      vertex 17.015368217163086 1.6358840212667871 5.299999999999997
      vertex 17.080992996065167 1.4126471861291692 5.299999999999997
      vertex 17.22705142441916 1.5937776133769626 5.299999999999997
    endloop
  endfacet
  facet normal 0 0 1
    outer loop
      vertex 17.22705142441916 1.5937776133769626 5.299999999999997
      vertex 17.080992996065167 1.4126471861291692 5.299999999999997
      vertex 17.351187588874236 1.3306845524719018 5.299999999999997
    endloop
  endfacet
  facet normal 0 0 1
    outer loop
      vertex 17.22705142441916 1.5937776133769626 5.299999999999997
      vertex 17.351187588874236 1.3306845524719018 5.299999999999997
      vertex 17.4314276634024 1.524401228643623 5.299999999999997
    endloop
  endfacet
  facet normal -0.06540312923014283 0.9978589232386035 0
    outer loop
      vertex 16.584631782836915 1.6358840212667871 3.49
      vertex 16.584631782836915 1.6358840212667871 5.299999999999997
      vertex 16.8 1.65 3.49
    endloop
  endfacet
  facet normal 0.06540312923014283 0.9978589232386035 3.4647589363268805e-19
    outer loop
      vertex 17.015368217163086 1.6358840212667871 3.49
      vertex 16.8 1.65 3.49
      vertex 16.8 1.65 5.299999999999997
    endloop
  endfacet
  facet normal -0.06540312923014283 0.9978589232386035 -3.4647589363268805e-19
    outer loop
      vertex 16.584631782836915 1.6358840212667871 5.299999999999997
      vertex 16.8 1.65 5.299999999999997
      vertex 16.8 1.65 3.49
    endloop
  endfacet
  facet normal 0.06540312923014283 0.9978589232386035 0
    outer loop
      vertex 17.015368217163086 1.6358840212667871 3.49
      vertex 16.8 1.65 5.299999999999997
      vertex 17.015368217163086 1.6358840212667871 5.299999999999997
    endloop
  endfacet
  facet normal 0 0 -1
    outer loop
      vertex -0.22507320867703817 -1.6339535784293473 0
      vertex -0.23494714599609287 -1.6319895301818557 0
      vertex -0.21536821716308507 -1.4858840212667865 0
    endloop
  endfacet
  facet normal 0 0 -1
    outer loop
      vertex -0.4557394818551588 -1.5840393301017952 0
      vertex -0.4658742811845374 -1.580599029306712 0
      vertex -0.4270514244191592 -1.146344154964819 0
    endloop
  endfacet
  facet normal 0 0 -1
    outer loop
      vertex 0.23494714599609287 -1.6319895301818557 0
      vertex 0.23494714599609287 -1.3371672920607147 0
      vertex 0.24508194532547145 -1.629973593254331 0
    endloop
  endfacet
  facet normal 0 0 -1
    outer loop
      vertex -0.6888301782571618 -1.4960934410003024 0
      vertex -0.6314276634023981 -0.7871900223447572 0
      vertex -0.678234138327698 -1.5013188296255624 0
    endloop
  endfacet
  facet normal 0 0 -1
    outer loop
      vertex 0.4658742811845374 -1.580599029306712 0
      vertex 0.4658742811845374 -1.0014552810214585 0
      vertex 0.47647032111400117 -1.5770021584255691 0
    endloop
  endfacet
  facet normal 0 0 -1
    outer loop
      vertex -0.9000000000000001 -1.3788285184003761 0
      vertex -0.825 -0.4145668501920714 0
      vertex -0.8886961001678185 -1.3863815427934194 0
    endloop
  endfacet
  facet normal 0 0 -1
    outer loop
      vertex -1.272792206135786 -1.0457810762280693 0
      vertex -1.272792206135786 -0.4515285174951371 0
      vertex -1.2589478127895972 -1.0615675812603063 0
    endloop
  endfacet
  facet normal 0 0 -1
    outer loop
      vertex -1.0834312223707592 -1.2397739141404092 0
      vertex -1.0957705722156974 -1.228952594757765 0
      vertex -1.0957705722156974 -0.08415267675073301 0
    endloop
  endfacet
  facet normal 0 0 -1
    outer loop
      vertex 0.6888301782571618 -1.4960934410003024 0
      vertex 0.6888301782571618 -0.6486080924680634 0
      vertex 0.7001340780893434 -1.490518974501746 0
    endloop
  endfacet
  facet normal 0 0 -1
    outer loop
      vertex 0.9000000000000001 -1.3788285184003761 0
      vertex 0.9000000000000001 -0.28466303962440564 0
      vertex 0.9123393498449384 -1.3705836284281756 0
    endloop
  endfacet
  facet normal 0 0 -1
    outer loop
      vertex 1.0957705722156974 -1.228952594757765 0
      vertex 1.1667261889578033 -0.3454625003171541 0
      vertex 1.109614965561886 -1.216811387648744 0
    endloop
  endfacet
  facet normal 0 0 -1
    outer loop
      vertex 1.272792206135786 -1.0457810762280693 0
      vertex 1.309033011480538 -0.7198643657665331 0
      vertex 1.2888731599380736 -1.0274442627776716 0
    endloop
  endfacet
  facet normal 0 0 -1
    outer loop
      vertex -1.5385170207465075 -0.5898438808033823 0
      vertex -1.5588457268119897 -0.5299574438691383 0
      vertex -1.524401228643623 -0.37447851106886143 0
    endloop
  endfacet
  facet normal 0 0 -1
    outer loop
      vertex -0.9000000000000001 -1.3788285184003761 0
      vertex -0.9000000000000001 0.28466303962440564 0
      vertex -0.825 -0.4145668501920714 0
    endloop
  endfacet
  facet normal 0 0 -1
    outer loop
      vertex -1.0834312223707592 -1.2397739141404092 0
      vertex -1.0957705722156974 -0.08415267675073301 0
      vertex -1.004456357864389 -0.03485032429295343 0
    endloop
  endfacet
  facet normal 0 0 -1
    outer loop
      vertex -0.6888301782571618 -1.4960934410003024 0
      vertex -0.6888301782571618 0.6486080924680634 0
      vertex -0.6314276634023981 -0.7871900223447572 0
    endloop
  endfacet
  facet normal 0 0 -1
    outer loop
      vertex -0.4658742811845374 -1.580599029306712 0
      vertex -0.4658742811845374 1.0014552810214585 0
      vertex -0.4270514244191592 -1.146344154964819 0
    endloop
  endfacet
  facet normal 0 0 -1
    outer loop
      vertex -0.23494714599609287 -1.6319895301818557 0
      vertex -0.23494714599609287 1.3371672920607147 0
      vertex -0.21536821716308507 -1.4858840212667865 0
    endloop
  endfacet
  facet normal 0 0 -1
    outer loop
      vertex 0.24508194532547145 -1.629973593254331 0
      vertex 0.23494714599609287 -1.3371672920607147 0
      vertex 0.4270514244191592 1.146344154964819 0
    endloop
  endfacet
  facet normal 0 0 -1
    outer loop
      vertex -1.5588457268119897 -0.5299574438691383 0
      vertex -1.5588457268119897 0.1059061744712596 0
      vertex -1.524401228643623 -0.37447851106886143 0
    endloop
  endfacet
  facet normal 0 0 -1
    outer loop
      vertex -1.2589478127895972 -1.0615675812603063 0
      vertex -1.272792206135786 -0.4515285174951371 0
      vertex -1.1667261889578033 0.3454625003171541 0
    endloop
  endfacet
  facet normal 0 0 -1
    outer loop
      vertex -1.4280360125242235 -0.8263557807279217 0
      vertex -1.309033011480538 0.7198643657665331 0
      vertex -1.4119550587219358 -0.850422628857583 0
    endloop
  endfacet
  facet normal 0 0 -1
    outer loop
      vertex -1.4280360125242235 -0.8263557807279217 0
      vertex -1.4280360125242235 -0.8111785801178418 0
      vertex -1.309033011480538 0.7198643657665331 0
    endloop
  endfacet
  facet normal 0 0 -1
    outer loop
      vertex 0.47647032111400117 -1.5770021584255691 0
      vertex 0.4658742811845374 -1.0014552810214585 0
      vertex 0.6314276634023981 0.7871900223447572 0
    endloop
  endfacet
  facet normal 0 0 -1
    outer loop
      vertex 0.7001340780893434 -1.490518974501746 0
      vertex 0.6888301782571618 -0.6486080924680634 0
      vertex 0.825 0.4145668501920714 0
    endloop
  endfacet
  facet normal 0 0 -1
    outer loop
      vertex 0.9123393498449384 -1.3705836284281756 0
      vertex 0.9000000000000001 -0.28466303962440564 0
      vertex 1.004456357864389 0.03485032429295343 0
    endloop
  endfacet
  facet normal 0 0 -1
    outer loop
      vertex 1.0957705722156974 -1.228952594757765 0
      vertex 1.0957705722156974 0.08415267675073301 0
      vertex 1.1667261889578033 -0.3454625003171541 0
    endloop
  endfacet
  facet normal 0 0 -1
    outer loop
      vertex 1.272792206135786 -1.0457810762280693 0
      vertex 1.272792206135786 0.4515285174951371 0
      vertex 1.309033011480538 -0.7198643657665331 0
    endloop
  endfacet
  facet normal 0 0 -1
    outer loop
      vertex 1.5588457268119897 -0.5299574438691383 0
      vertex 1.5588457268119897 -0.1059061744712596 0
      vertex 1.5889032483116081 -0.4414108408591701 0
    endloop
  endfacet
  facet normal 0 0 -1
    outer loop
      vertex 1.5889032483116081 -0.4414108408591701 0
      vertex 1.5588457268119897 -0.1059061744712596 0
      vertex 1.5937776133769626 -0.3670424011095811 0
    endloop
  endfacet
  facet normal -0.06540312923014298 -0.9978589232386036 -2.588164222146674e-19
    outer loop
      vertex -0.21536821716308507 -1.6358840212667871 3.49
      vertex 0 -1.65 3.49
      vertex 0 -1.65 5.299999999999997
    endloop
  endfacet
  facet normal 0.06540312923014298 -0.9978589232386036 2.588164222146674e-19
    outer loop
      vertex 0 -1.65 3.49
      vertex 0.21536821716308507 -1.6358840212667871 3.49
      vertex 0.21536821716308507 -1.6358840212667871 5.299999999999997
    endloop
  endfacet
  facet normal -0.06540312923014298 -0.9978589232386036 0
    outer loop
      vertex -0.21536821716308507 -1.6358840212667871 3.49
      vertex 0 -1.65 5.299999999999997
      vertex -0.21536821716308507 -1.6358840212667871 5.299999999999997
    endloop
  endfacet
  facet normal 0.06540312923014298 -0.9978589232386036 0
    outer loop
      vertex 0 -1.65 3.49
      vertex 0.21536821716308507 -1.6358840212667871 5.299999999999997
      vertex 0 -1.65 5.299999999999997
    endloop
  endfacet
  facet normal -0.5555702330196016 -0.8314696123025456 -3.080390430356132e-18
    outer loop
      vertex -1.004456357864389 -1.309033011480538 3.49
      vertex -0.825 -1.4289419162443235 3.49
      vertex -0.825 -1.4289419162443235 5.299999999999997
    endloop
  endfacet
  facet normal -0.6593458151000691 -0.7518398074789773 6.079612225314397e-19
    outer loop
      vertex -1.1667261889578033 -1.1667261889578033 3.49
      vertex -1.004456357864389 -1.309033011480538 3.49
      vertex -1.004456357864389 -1.309033011480538 5.299999999999997
    endloop
  endfacet
  facet normal -0.1950903220161285 -0.9807852804032303 2.1503434052834248e-18
    outer loop
      vertex -0.4270514244191592 -1.5937776133769626 3.49
      vertex -0.21536821716308507 -1.6358840212667871 3.49
      vertex -0.21536821716308507 -1.6358840212667871 5.299999999999997
    endloop
  endfacet
  facet normal -0.3214394653031616 -0.9469301294951057 7.346286357593784e-19
    outer loop
      vertex -0.6314276634023981 -1.524401228643623 3.49
      vertex -0.4270514244191592 -1.5937776133769626 3.49
      vertex -0.4270514244191592 -1.5937776133769626 5.299999999999997
    endloop
  endfacet
  facet normal -0.44228869021900175 -0.896872741532688 3.836664117571777e-18
    outer loop
      vertex -0.825 -1.4289419162443235 3.49
      vertex -0.6314276634023981 -1.524401228643623 3.49
      vertex -0.6314276634023981 -1.524401228643623 5.299999999999997
    endloop
  endfacet
  facet normal 0.1950903220161285 -0.9807852804032303 -2.1503434052834248e-18
    outer loop
      vertex 0.21536821716308507 -1.6358840212667871 3.49
      vertex 0.4270514244191592 -1.5937776133769626 3.49
      vertex 0.4270514244191592 -1.5937776133769626 5.299999999999997
    endloop
  endfacet
  facet normal -0.7518398074789773 -0.6593458151000691 0
    outer loop
      vertex -1.1667261889578033 -1.1667261889578033 3.49
      vertex -1.1667261889578033 -1.1667261889578033 5.299999999999997
      vertex -1.309033011480538 -1.004456357864389 3.49
    endloop
  endfacet
  facet normal -0.8314696123025456 -0.5555702330196016 -3.080390430356132e-18
    outer loop
      vertex -1.4289419162443235 -0.825 3.49
      vertex -1.309033011480538 -1.004456357864389 3.49
      vertex -1.309033011480538 -1.004456357864389 5.299999999999997
    endloop
  endfacet
  facet normal 0.3214394653031616 -0.9469301294951057 -7.346286357593784e-19
    outer loop
      vertex 0.4270514244191592 -1.5937776133769626 3.49
      vertex 0.6314276634023981 -1.524401228643623 3.49
      vertex 0.6314276634023981 -1.524401228643623 5.299999999999997
    endloop
  endfacet
  facet normal 0.44228869021900175 -0.896872741532688 -3.836664117571777e-18
    outer loop
      vertex 0.6314276634023981 -1.524401228643623 3.49
      vertex 0.825 -1.4289419162443235 3.49
      vertex 0.825 -1.4289419162443235 5.299999999999997
    endloop
  endfacet
  facet normal 0.5555702330196016 -0.8314696123025456 3.080390430356132e-18
    outer loop
      vertex 0.825 -1.4289419162443235 3.49
      vertex 1.004456357864389 -1.309033011480538 3.49
      vertex 1.004456357864389 -1.309033011480538 5.299999999999997
    endloop
  endfacet
  facet normal 0.6593458151000691 -0.7518398074789773 -6.079612225314397e-19
    outer loop
      vertex 1.004456357864389 -1.309033011480538 3.49
      vertex 1.1667261889578033 -1.1667261889578033 3.49
      vertex 1.1667261889578033 -1.1667261889578033 5.299999999999997
    endloop
  endfacet
  facet normal 0.7518398074789773 -0.6593458151000691 -6.079612225314397e-19
    outer loop
      vertex 1.1667261889578033 -1.1667261889578033 3.49
      vertex 1.309033011480538 -1.004456357864389 3.49
      vertex 1.309033011480538 -1.004456357864389 5.299999999999997
    endloop
  endfacet
  facet normal 0.8314696123025456 -0.5555702330196016 3.080390430356132e-18
    outer loop
      vertex 1.309033011480538 -1.004456357864389 3.49
      vertex 1.4289419162443235 -0.825 3.49
      vertex 1.4289419162443235 -0.825 5.299999999999997
    endloop
  endfacet
  facet normal -0.896872741532688 -0.44228869021900175 3.836664117571777e-18
    outer loop
      vertex -1.524401228643623 -0.6314276634023981 3.49
      vertex -1.4289419162443235 -0.825 3.49
      vertex -1.4289419162443235 -0.825 5.299999999999997
    endloop
  endfacet
  facet normal -0.9469301294951057 -0.3214394653031616 0
    outer loop
      vertex -1.524401228643623 -0.6314276634023981 3.49
      vertex -1.524401228643623 -0.6314276634023981 5.299999999999997
      vertex -1.5937776133769626 -0.4270514244191592 3.49
    endloop
  endfacet
  facet normal -0.9807852804032303 -0.1950903220161285 0
    outer loop
      vertex -1.5937776133769626 -0.4270514244191592 3.49
      vertex -1.5937776133769626 -0.4270514244191592 5.299999999999997
      vertex -1.6358840212667871 -0.21536821716308507 3.49
    endloop
  endfacet
  facet normal -0.9978589232386036 -0.06540312923014298 0
    outer loop
      vertex -1.6358840212667871 -0.21536821716308507 3.49
      vertex -1.6358840212667871 -0.21536821716308507 5.299999999999997
      vertex -1.65 0 3.49
    endloop
  endfacet
  facet normal 0.896872741532688 -0.44228869021900175 -3.836664117571777e-18
    outer loop
      vertex 1.4289419162443235 -0.825 3.49
      vertex 1.524401228643623 -0.6314276634023981 3.49
      vertex 1.524401228643623 -0.6314276634023981 5.299999999999997
    endloop
  endfacet
  facet normal 0.9469301294951057 -0.3214394653031616 -7.346286357593784e-19
    outer loop
      vertex 1.524401228643623 -0.6314276634023981 3.49
      vertex 1.5937776133769626 -0.4270514244191592 3.49
      vertex 1.5937776133769626 -0.4270514244191592 5.299999999999997
    endloop
  endfacet
  facet normal 0.9807852804032303 -0.1950903220161285 -2.1503434052834248e-18
    outer loop
      vertex 1.5937776133769626 -0.4270514244191592 3.49
      vertex 1.6358840212667871 -0.21536821716308507 3.49
      vertex 1.6358840212667871 -0.21536821716308507 5.299999999999997
    endloop
  endfacet
  facet normal 0.9978589232386036 -0.06540312923014298 2.588164222146674e-19
    outer loop
      vertex 1.6358840212667871 -0.21536821716308507 3.49
      vertex 1.65 0 3.49
      vertex 1.65 0 5.299999999999997
    endloop
  endfacet
  facet normal -0.5555702330196016 -0.8314696123025456 0
    outer loop
      vertex -1.004456357864389 -1.309033011480538 3.49
      vertex -0.825 -1.4289419162443235 5.299999999999997
      vertex -1.004456357864389 -1.309033011480538 5.299999999999997
    endloop
  endfacet
  facet normal -0.3214394653031616 -0.9469301294951057 0
    outer loop
      vertex -0.6314276634023981 -1.524401228643623 3.49
      vertex -0.4270514244191592 -1.5937776133769626 5.299999999999997
      vertex -0.6314276634023981 -1.524401228643623 5.299999999999997
    endloop
  endfacet
  facet normal -0.1950903220161285 -0.9807852804032303 0
    outer loop
      vertex -0.4270514244191592 -1.5937776133769626 3.49
      vertex -0.21536821716308507 -1.6358840212667871 5.299999999999997
      vertex -0.4270514244191592 -1.5937776133769626 5.299999999999997
    endloop
  endfacet
  facet normal -0.44228869021900175 -0.896872741532688 0
    outer loop
      vertex -0.825 -1.4289419162443235 3.49
      vertex -0.6314276634023981 -1.524401228643623 5.299999999999997
      vertex -0.825 -1.4289419162443235 5.299999999999997
    endloop
  endfacet
  facet normal 0.1950903220161285 -0.9807852804032303 0
    outer loop
      vertex 0.21536821716308507 -1.6358840212667871 3.49
      vertex 0.4270514244191592 -1.5937776133769626 5.299999999999997
      vertex 0.21536821716308507 -1.6358840212667871 5.299999999999997
    endloop
  endfacet
  facet normal 0 0 1
    outer loop
      vertex -1.004456357864389 -1.309033011480538 5.299999999999997
      vertex -0.825 -1.4289419162443235 5.299999999999997
      vertex -1.0184618638703018 -1.0184618638703018 5.299999999999997
    endloop
  endfacet
  facet normal 0 0 1
    outer loop
      vertex -0.4270514244191592 -1.5937776133769626 5.299999999999997
      vertex -0.21536821716308507 -1.6358840212667871 5.299999999999997
      vertex -0.28099299606516537 -1.4126471861291692 5.299999999999997
    endloop
  endfacet
  facet normal 0 0 1
    outer loop
      vertex -0.6314276634023981 -1.524401228643623 5.299999999999997
      vertex -0.4270514244191592 -1.5937776133769626 5.299999999999997
      vertex -0.5511875888742342 -1.3306845524719018 5.299999999999997
    endloop
  endfacet
  facet normal 0 0 1
    outer loop
      vertex -0.4270514244191592 -1.5937776133769626 5.299999999999997
      vertex -0.28099299606516537 -1.4126471861291692 5.299999999999997
      vertex -0.5511875888742342 -1.3306845524719018 5.299999999999997
    endloop
  endfacet
  facet normal 0 0 1
    outer loop
      vertex 0 -1.65 5.299999999999997
      vertex 0.21536821716308507 -1.6358840212667871 5.299999999999997
      vertex 0 -1.4403225806451614 5.299999999999997
    endloop
  endfacet
  facet normal 0 0 1
    outer loop
      vertex -0.21536821716308507 -1.6358840212667871 5.299999999999997
      vertex 0 -1.65 5.299999999999997
      vertex -0.28099299606516537 -1.4126471861291692 5.299999999999997
    endloop
  endfacet
  facet normal 0 0 1
    outer loop
      vertex 0.21536821716308507 -1.6358840212667871 5.299999999999997
      vertex 0.4270514244191592 -1.5937776133769626 5.299999999999997
      vertex 0.28099299606516537 -1.4126471861291692 5.299999999999997
    endloop
  endfacet
  facet normal 0 0 1
    outer loop
      vertex 0 -1.65 5.299999999999997
      vertex 0 -1.4403225806451614 5.299999999999997
      vertex -0.28099299606516537 -1.4126471861291692 5.299999999999997
    endloop
  endfacet
  facet normal 0 0 1
    outer loop
      vertex 0.21536821716308507 -1.6358840212667871 5.299999999999997
      vertex 0.28099299606516537 -1.4126471861291692 5.299999999999997
      vertex 0 -1.4403225806451614 5.299999999999997
    endloop
  endfacet
  facet normal 0 0 1
    outer loop
      vertex 0.4270514244191592 -1.5937776133769626 5.299999999999997
      vertex 0.6314276634023981 -1.524401228643623 5.299999999999997
      vertex 0.28099299606516537 -1.4126471861291692 5.299999999999997
    endloop
  endfacet
  facet normal 0 0 1
    outer loop
      vertex -0.825 -1.4289419162443235 5.299999999999997
      vertex -0.6314276634023981 -1.524401228643623 5.299999999999997
      vertex -0.8002003517524271 -1.1975844577196337 5.299999999999997
    endloop
  endfacet
  facet normal 0 0 1
    outer loop
      vertex -0.6314276634023981 -1.524401228643623 5.299999999999997
      vertex -0.5511875888742342 -1.3306845524719018 5.299999999999997
      vertex -0.8002003517524271 -1.1975844577196337 5.299999999999997
    endloop
  endfacet
  facet normal -0.6593458151000691 -0.7518398074789773 0
    outer loop
      vertex -1.1667261889578033 -1.1667261889578033 3.49
      vertex -1.004456357864389 -1.309033011480538 5.299999999999997
      vertex -1.1667261889578033 -1.1667261889578033 5.299999999999997
    endloop
  endfacet
  facet normal -0.7518398074789773 -0.6593458151000691 6.079612225314397e-19
    outer loop
      vertex -1.1667261889578033 -1.1667261889578033 5.299999999999997
      vertex -1.309033011480538 -1.004456357864389 5.299999999999997
      vertex -1.309033011480538 -1.004456357864389 3.49
    endloop
  endfacet
  facet normal -0.8314696123025456 -0.5555702330196016 0
    outer loop
      vertex -1.4289419162443235 -0.825 3.49
      vertex -1.309033011480538 -1.004456357864389 5.299999999999997
      vertex -1.4289419162443235 -0.825 5.299999999999997
    endloop
  endfacet
  facet normal 0 0 1
    outer loop
      vertex -0.825 -1.4289419162443235 5.299999999999997
      vertex -0.8002003517524271 -1.1975844577196337 5.299999999999997
      vertex -1.0184618638703018 -1.0184618638703018 5.299999999999997
    endloop
  endfacet
  facet normal 0 0 1
    outer loop
      vertex -1.1667261889578033 -1.1667261889578033 5.299999999999997
      vertex -1.004456357864389 -1.309033011480538 5.299999999999997
      vertex -1.1975844577196337 -0.8002003517524272 5.299999999999997
    endloop
  endfacet
  facet normal 0 0 1
    outer loop
      vertex -1.004456357864389 -1.309033011480538 5.299999999999997
      vertex -1.0184618638703018 -1.0184618638703018 5.299999999999997
      vertex -1.1975844577196337 -0.8002003517524272 5.299999999999997
    endloop
  endfacet
  facet normal 0 0 1
    outer loop
      vertex -1.1667261889578033 -1.1667261889578033 5.299999999999997
      vertex -1.1975844577196337 -0.8002003517524272 5.299999999999997
      vertex -1.309033011480538 -1.004456357864389 5.299999999999997
    endloop
  endfacet
  facet normal 0.3214394653031616 -0.9469301294951057 0
    outer loop
      vertex 0.4270514244191592 -1.5937776133769626 3.49
      vertex 0.6314276634023981 -1.524401228643623 5.299999999999997
      vertex 0.4270514244191592 -1.5937776133769626 5.299999999999997
    endloop
  endfacet
  facet normal 0.44228869021900175 -0.896872741532688 0
    outer loop
      vertex 0.6314276634023981 -1.524401228643623 3.49
      vertex 0.825 -1.4289419162443235 5.299999999999997
      vertex 0.6314276634023981 -1.524401228643623 5.299999999999997
    endloop
  endfacet
  facet normal 0.5555702330196016 -0.8314696123025456 0
    outer loop
      vertex 0.825 -1.4289419162443235 3.49
      vertex 1.004456357864389 -1.309033011480538 5.299999999999997
      vertex 0.825 -1.4289419162443235 5.299999999999997
    endloop
  endfacet
  facet normal 0.6593458151000691 -0.7518398074789773 0
    outer loop
      vertex 1.004456357864389 -1.309033011480538 3.49
      vertex 1.1667261889578033 -1.1667261889578033 5.299999999999997
      vertex 1.004456357864389 -1.309033011480538 5.299999999999997
    endloop
  endfacet
  facet normal 0 0 1
    outer loop
      vertex 0.6314276634023981 -1.524401228643623 5.299999999999997
      vertex 0.5511875888742342 -1.3306845524719018 5.299999999999997
      vertex 0.28099299606516537 -1.4126471861291692 5.299999999999997
    endloop
  endfacet
  facet normal 0 0 1
    outer loop
      vertex 0.6314276634023981 -1.524401228643623 5.299999999999997
      vertex 0.825 -1.4289419162443235 5.299999999999997
      vertex 0.5511875888742342 -1.3306845524719018 5.299999999999997
    endloop
  endfacet
  facet normal 0 0 1
    outer loop
      vertex 0.825 -1.4289419162443235 5.299999999999997
      vertex 0.8002003517524271 -1.1975844577196337 5.299999999999997
      vertex 0.5511875888742342 -1.3306845524719018 5.299999999999997
    endloop
  endfacet
  facet normal 0 0 1
    outer loop
      vertex 0.825 -1.4289419162443235 5.299999999999997
      vertex 1.004456357864389 -1.309033011480538 5.299999999999997
      vertex 0.8002003517524271 -1.1975844577196337 5.299999999999997
    endloop
  endfacet
  facet normal 0 0 1
    outer loop
      vertex 1.004456357864389 -1.309033011480538 5.299999999999997
      vertex 1.1667261889578033 -1.1667261889578033 5.299999999999997
      vertex 0.8002003517524271 -1.1975844577196337 5.299999999999997
    endloop
  endfacet
  facet normal 0.7518398074789773 -0.6593458151000691 0
    outer loop
      vertex 1.1667261889578033 -1.1667261889578033 3.49
      vertex 1.309033011480538 -1.004456357864389 5.299999999999997
      vertex 1.1667261889578033 -1.1667261889578033 5.299999999999997
    endloop
  endfacet
  facet normal 0.8314696123025456 -0.5555702330196016 0
    outer loop
      vertex 1.309033011480538 -1.004456357864389 3.49
      vertex 1.4289419162443235 -0.825 5.299999999999997
      vertex 1.309033011480538 -1.004456357864389 5.299999999999997
    endloop
  endfacet
  facet normal 0 0 1
    outer loop
      vertex 1.1667261889578033 -1.1667261889578033 5.299999999999997
      vertex 1.0184618638703016 -1.0184618638703016 5.299999999999997
      vertex 0.8002003517524271 -1.1975844577196337 5.299999999999997
    endloop
  endfacet
  facet normal 0 0 1
    outer loop
      vertex 1.1667261889578033 -1.1667261889578033 5.299999999999997
      vertex 1.309033011480538 -1.004456357864389 5.299999999999997
      vertex 1.0184618638703016 -1.0184618638703016 5.299999999999997
    endloop
  endfacet
  facet normal 0 0 1
    outer loop
      vertex 1.309033011480538 -1.004456357864389 5.299999999999997
      vertex 1.1975844577196337 -0.8002003517524271 5.299999999999997
      vertex 1.0184618638703016 -1.0184618638703016 5.299999999999997
    endloop
  endfacet
  facet normal 0 0 1
    outer loop
      vertex 1.309033011480538 -1.004456357864389 5.299999999999997
      vertex 1.4289419162443235 -0.825 5.299999999999997
      vertex 1.1975844577196337 -0.8002003517524271 5.299999999999997
    endloop
  endfacet
  facet normal -0.896872741532688 -0.44228869021900175 0
    outer loop
      vertex -1.524401228643623 -0.6314276634023981 3.49
      vertex -1.4289419162443235 -0.825 5.299999999999997
      vertex -1.524401228643623 -0.6314276634023981 5.299999999999997
    endloop
  endfacet
  facet normal -0.9469301294951057 -0.3214394653031616 0
    outer loop
      vertex -1.5937776133769626 -0.4270514244191592 3.49
      vertex -1.524401228643623 -0.6314276634023981 5.299999999999997
      vertex -1.5937776133769626 -0.4270514244191592 5.299999999999997
    endloop
  endfacet
  facet normal 0 0 1
    outer loop
      vertex -1.309033011480538 -1.004456357864389 5.299999999999997
      vertex -1.1975844577196337 -0.8002003517524272 5.299999999999997
      vertex -1.330684552471902 -0.5511875888742342 5.299999999999997
    endloop
  endfacet
  facet normal 0 0 1
    outer loop
      vertex -1.4289419162443235 -0.825 5.299999999999997
      vertex -1.309033011480538 -1.004456357864389 5.299999999999997
      vertex -1.4126471861291692 -0.28099299606516537 5.299999999999997
    endloop
  endfacet
  facet normal 0 0 1
    outer loop
      vertex -1.309033011480538 -1.004456357864389 5.299999999999997
      vertex -1.330684552471902 -0.5511875888742342 5.299999999999997
      vertex -1.4126471861291692 -0.28099299606516537 5.299999999999997
    endloop
  endfacet
  facet normal -0.9807852804032303 -0.1950903220161285 0
    outer loop
      vertex -1.6358840212667871 -0.21536821716308507 3.49
      vertex -1.5937776133769626 -0.4270514244191592 5.299999999999997
      vertex -1.6358840212667871 -0.21536821716308507 5.299999999999997
    endloop
  endfacet
  facet normal -0.9978589232386036 -0.06540312923014298 -2.588164222146674e-19
    outer loop
      vertex -1.6358840212667871 -0.21536821716308507 5.299999999999997
      vertex -1.65 0 5.299999999999997
      vertex -1.65 0 3.49
    endloop
  endfacet
  facet normal 0 0 1
    outer loop
      vertex -1.524401228643623 -0.6314276634023981 5.299999999999997
      vertex -1.5937776133769626 0.4270514244191592 5.299999999999997
      vertex -1.5937776133769626 -0.4270514244191592 5.299999999999997
    endloop
  endfacet
  facet normal 0 0 1
    outer loop
      vertex -1.4289419162443235 -0.825 5.299999999999997
      vertex -1.4126471861291692 -0.28099299606516537 5.299999999999997
      vertex -1.4403225806451614 0 5.299999999999997
    endloop
  endfacet
  facet normal 0 0 1
    outer loop
      vertex -1.524401228643623 -0.6314276634023981 5.299999999999997
      vertex -1.4289419162443235 -0.825 5.299999999999997
      vertex -1.524401228643623 0.6314276634023981 5.299999999999997
    endloop
  endfacet
  facet normal 0 0 1
    outer loop
      vertex -1.5937776133769626 -0.4270514244191592 5.299999999999997
      vertex -1.6358840212667871 0.21536821716308507 5.299999999999997
      vertex -1.6358840212667871 -0.21536821716308507 5.299999999999997
    endloop
  endfacet
  facet normal 0 0 1
    outer loop
      vertex -1.4289419162443235 -0.825 5.299999999999997
      vertex -1.4403225806451614 0 5.299999999999997
      vertex -1.524401228643623 0.6314276634023981 5.299999999999997
    endloop
  endfacet
  facet normal 0.896872741532688 -0.44228869021900175 0
    outer loop
      vertex 1.4289419162443235 -0.825 3.49
      vertex 1.524401228643623 -0.6314276634023981 5.299999999999997
      vertex 1.4289419162443235 -0.825 5.299999999999997
    endloop
  endfacet
  facet normal 0.9469301294951057 -0.3214394653031616 0
    outer loop
      vertex 1.524401228643623 -0.6314276634023981 3.49
      vertex 1.5937776133769626 -0.4270514244191592 5.299999999999997
      vertex 1.524401228643623 -0.6314276634023981 5.299999999999997
    endloop
  endfacet
  facet normal 0 0 1
    outer loop
      vertex 1.4289419162443235 -0.825 5.299999999999997
      vertex 1.3306845524719018 -0.5511875888742342 5.299999999999997
      vertex 1.1975844577196337 -0.8002003517524271 5.299999999999997
    endloop
  endfacet
  facet normal 0 0 1
    outer loop
      vertex 1.4289419162443235 -0.825 5.299999999999997
      vertex 1.524401228643623 -0.6314276634023981 5.299999999999997
      vertex 1.4126471861291692 -0.28099299606516537 5.299999999999997
    endloop
  endfacet
  facet normal 0 0 1
    outer loop
      vertex 1.4289419162443235 -0.825 5.299999999999997
      vertex 1.4126471861291692 -0.28099299606516537 5.299999999999997
      vertex 1.3306845524719018 -0.5511875888742342 5.299999999999997
    endloop
  endfacet
  facet normal 0.9807852804032303 -0.1950903220161285 0
    outer loop
      vertex 1.5937776133769626 -0.4270514244191592 3.49
      vertex 1.6358840212667871 -0.21536821716308507 5.299999999999997
      vertex 1.5937776133769626 -0.4270514244191592 5.299999999999997
    endloop
  endfacet
  facet normal 0.9978589232386036 -0.06540312923014298 0
    outer loop
      vertex 1.6358840212667871 -0.21536821716308507 3.49
      vertex 1.65 0 5.299999999999997
      vertex 1.6358840212667871 -0.21536821716308507 5.299999999999997
    endloop
  endfacet
  facet normal 0 0 1
    outer loop
      vertex 1.524401228643623 -0.6314276634023981 5.299999999999997
      vertex 1.4403225806451614 0 5.299999999999997
      vertex 1.4126471861291692 -0.28099299606516537 5.299999999999997
    endloop
  endfacet
  facet normal 0 0 1
    outer loop
      vertex 1.524401228643623 -0.6314276634023981 5.299999999999997
      vertex 1.5937776133769626 -0.4270514244191592 5.299999999999997
      vertex 1.524401228643623 0.6314276634023981 5.299999999999997
    endloop
  endfacet
  facet normal 0 0 1
    outer loop
      vertex 1.5937776133769626 -0.4270514244191592 5.299999999999997
      vertex 1.6358840212667871 -0.21536821716308507 5.299999999999997
      vertex 1.5937776133769626 0.4270514244191592 5.299999999999997
    endloop
  endfacet
  facet normal 0 0 -1
    outer loop
      vertex -1.004456357864389 -0.03485032429295343 0
      vertex -0.9123393498449384 1.3705836284281756 0
      vertex -0.9000000000000001 0.28466303962440564 0
    endloop
  endfacet
  facet normal 0 0 -1
    outer loop
      vertex -0.825 -0.4145668501920714 0
      vertex -0.7001340780893434 1.490518974501746 0
      vertex -0.6888301782571618 0.6486080924680634 0
    endloop
  endfacet
  facet normal 0 0 -1
    outer loop
      vertex -0.6314276634023981 -0.7871900223447572 0
      vertex -0.47647032111400117 1.5770021584255691 0
      vertex -0.4658742811845374 1.0014552810214585 0
    endloop
  endfacet
  facet normal 0 0 -1
    outer loop
      vertex -0.4270514244191592 -1.146344154964819 0
      vertex -0.24508194532547145 1.629973593254331 0
      vertex -0.23494714599609287 1.3371672920607147 0
    endloop
  endfacet
  facet normal 0 0 -1
    outer loop
      vertex 1.309033011480538 -0.7198643657665331 0
      vertex 1.4119550587219358 0.850422628857583 0
      vertex 1.4280360125242235 0.8111785801178418 0
    endloop
  endfacet
  facet normal 0 0 -1
    outer loop
      vertex 1.1667261889578033 -0.3454625003171541 0
      vertex 1.2589478127895972 1.0615675812603063 0
      vertex 1.272792206135786 0.4515285174951371 0
    endloop
  endfacet
  facet normal 0 0 -1
    outer loop
      vertex 1.004456357864389 0.03485032429295343 0
      vertex 1.0834312223707592 1.2397739141404092 0
      vertex 1.0957705722156974 0.08415267675073301 0
    endloop
  endfacet
  facet normal -0.9978589232386036 0.06540312923014298 0
    outer loop
      vertex -1.65 0 3.49
      vertex -1.65 0 5.299999999999997
      vertex -1.6358840212667871 0.21536821716308507 3.49
    endloop
  endfacet
  facet normal -0.9807852804032303 0.1950903220161285 0
    outer loop
      vertex -1.6358840212667871 0.21536821716308507 3.49
      vertex -1.6358840212667871 0.21536821716308507 5.299999999999997
      vertex -1.5937776133769626 0.4270514244191592 3.49
    endloop
  endfacet
  facet normal -0.9469301294951057 0.3214394653031616 0
    outer loop
      vertex -1.5937776133769626 0.4270514244191592 3.49
      vertex -1.5937776133769626 0.4270514244191592 5.299999999999997
      vertex -1.524401228643623 0.6314276634023981 3.49
    endloop
  endfacet
  facet normal -0.896872741532688 0.44228869021900175 0
    outer loop
      vertex -1.524401228643623 0.6314276634023981 3.49
      vertex -1.524401228643623 0.6314276634023981 5.299999999999997
      vertex -1.4289419162443235 0.825 3.49
    endloop
  endfacet
  facet normal 0.9978589232386036 0.06540312923014298 0
    outer loop
      vertex 1.6358840212667871 0.21536821716308507 3.49
      vertex 1.6358840212667871 0.21536821716308507 5.299999999999997
      vertex 1.65 0 3.49
    endloop
  endfacet
  facet normal 0.9807852804032303 0.1950903220161285 2.1503434052834248e-18
    outer loop
      vertex 1.6358840212667871 0.21536821716308507 3.49
      vertex 1.5937776133769626 0.4270514244191592 3.49
      vertex 1.5937776133769626 0.4270514244191592 5.299999999999997
    endloop
  endfacet
  facet normal 0.9469301294951057 0.3214394653031616 7.346286357593784e-19
    outer loop
      vertex 1.5937776133769626 0.4270514244191592 3.49
      vertex 1.524401228643623 0.6314276634023981 3.49
      vertex 1.524401228643623 0.6314276634023981 5.299999999999997
    endloop
  endfacet
  facet normal 0.896872741532688 0.44228869021900175 3.836664117571777e-18
    outer loop
      vertex 1.524401228643623 0.6314276634023981 3.49
      vertex 1.4289419162443235 0.825 3.49
      vertex 1.4289419162443235 0.825 5.299999999999997
    endloop
  endfacet
  facet normal -0.8314696123025456 0.5555702330196016 0
    outer loop
      vertex -1.4289419162443235 0.825 3.49
      vertex -1.4289419162443235 0.825 5.299999999999997
      vertex -1.309033011480538 1.004456357864389 3.49
    endloop
  endfacet
  facet normal -0.7518398074789773 0.6593458151000691 0
    outer loop
      vertex -1.309033011480538 1.004456357864389 3.49
      vertex -1.309033011480538 1.004456357864389 5.299999999999997
      vertex -1.1667261889578033 1.1667261889578033 3.49
    endloop
  endfacet
  facet normal -0.6593458151000691 0.7518398074789773 0
    outer loop
      vertex -1.1667261889578033 1.1667261889578033 3.49
      vertex -1.1667261889578033 1.1667261889578033 5.299999999999997
      vertex -1.004456357864389 1.309033011480538 3.49
    endloop
  endfacet
  facet normal -0.5555702330196016 0.8314696123025456 0
    outer loop
      vertex -1.004456357864389 1.309033011480538 3.49
      vertex -1.004456357864389 1.309033011480538 5.299999999999997
      vertex -0.825 1.4289419162443235 3.49
    endloop
  endfacet
  facet normal -0.44228869021900175 0.896872741532688 0
    outer loop
      vertex -0.825 1.4289419162443235 3.49
      vertex -0.825 1.4289419162443235 5.299999999999997
      vertex -0.6314276634023981 1.524401228643623 3.49
    endloop
  endfacet
  facet normal -0.3214394653031616 0.9469301294951057 0
    outer loop
      vertex -0.6314276634023981 1.524401228643623 3.49
      vertex -0.6314276634023981 1.524401228643623 5.299999999999997
      vertex -0.4270514244191592 1.5937776133769626 3.49
    endloop
  endfacet
  facet normal -0.1950903220161285 0.9807852804032303 0
    outer loop
      vertex -0.4270514244191592 1.5937776133769626 3.49
      vertex -0.4270514244191592 1.5937776133769626 5.299999999999997
      vertex -0.21536821716308507 1.6358840212667871 3.49
    endloop
  endfacet
  facet normal 0.1950903220161285 0.9807852804032303 0
    outer loop
      vertex 0.21536821716308507 1.6358840212667871 3.49
      vertex 0.21536821716308507 1.6358840212667871 5.299999999999997
      vertex 0.4270514244191592 1.5937776133769626 3.49
    endloop
  endfacet
  facet normal 0.8314696123025456 0.5555702330196016 0
    outer loop
      vertex 1.309033011480538 1.004456357864389 3.49
      vertex 1.309033011480538 1.004456357864389 5.299999999999997
      vertex 1.4289419162443235 0.825 3.49
    endloop
  endfacet
  facet normal 0.7518398074789773 0.6593458151000691 6.079612225314397e-19
    outer loop
      vertex 1.309033011480538 1.004456357864389 3.49
      vertex 1.1667261889578033 1.1667261889578033 3.49
      vertex 1.1667261889578033 1.1667261889578033 5.299999999999997
    endloop
  endfacet
  facet normal 0.6593458151000691 0.7518398074789773 0
    outer loop
      vertex 1.004456357864389 1.309033011480538 3.49
      vertex 1.004456357864389 1.309033011480538 5.299999999999997
      vertex 1.1667261889578033 1.1667261889578033 3.49
    endloop
  endfacet
  facet normal 0.5555702330196016 0.8314696123025456 -3.080390430356132e-18
    outer loop
      vertex 1.004456357864389 1.309033011480538 3.49
      vertex 0.825 1.4289419162443235 3.49
      vertex 0.825 1.4289419162443235 5.299999999999997
    endloop
  endfacet
  facet normal 0.44228869021900175 0.896872741532688 0
    outer loop
      vertex 0.6314276634023981 1.524401228643623 3.49
      vertex 0.6314276634023981 1.524401228643623 5.299999999999997
      vertex 0.825 1.4289419162443235 3.49
    endloop
  endfacet
  facet normal 0.3214394653031616 0.9469301294951057 0
    outer loop
      vertex 0.4270514244191592 1.5937776133769626 3.49
      vertex 0.4270514244191592 1.5937776133769626 5.299999999999997
      vertex 0.6314276634023981 1.524401228643623 3.49
    endloop
  endfacet
  facet normal -0.9978589232386036 0.06540312923014298 0
    outer loop
      vertex -1.6358840212667871 0.21536821716308507 3.49
      vertex -1.65 0 5.299999999999997
      vertex -1.6358840212667871 0.21536821716308507 5.299999999999997
    endloop
  endfacet
  facet normal -0.9807852804032303 0.1950903220161285 0
    outer loop
      vertex -1.5937776133769626 0.4270514244191592 3.49
      vertex -1.6358840212667871 0.21536821716308507 5.299999999999997
      vertex -1.5937776133769626 0.4270514244191592 5.299999999999997
    endloop
  endfacet
  facet normal 0 0 1
    outer loop
      vertex -1.6358840212667871 -0.21536821716308507 5.299999999999997
      vertex -1.6358840212667871 0.21536821716308507 5.299999999999997
      vertex -1.65 0 5.299999999999997
    endloop
  endfacet
  facet normal 0 0 1
    outer loop
      vertex -1.5937776133769626 -0.4270514244191592 5.299999999999997
      vertex -1.5937776133769626 0.4270514244191592 5.299999999999997
      vertex -1.6358840212667871 0.21536821716308507 5.299999999999997
    endloop
  endfacet
  facet normal 0 0 1
    outer loop
      vertex -1.524401228643623 -0.6314276634023981 5.299999999999997
      vertex -1.524401228643623 0.6314276634023981 5.299999999999997
      vertex -1.5937776133769626 0.4270514244191592 5.299999999999997
    endloop
  endfacet
  facet normal 0 0 1
    outer loop
      vertex -1.524401228643623 0.6314276634023981 5.299999999999997
      vertex -1.4403225806451614 0 5.299999999999997
      vertex -1.4126471861291692 0.28099299606516537 5.299999999999997
    endloop
  endfacet
  facet normal -0.9469301294951057 0.3214394653031616 0
    outer loop
      vertex -1.524401228643623 0.6314276634023981 3.49
      vertex -1.5937776133769626 0.4270514244191592 5.299999999999997
      vertex -1.524401228643623 0.6314276634023981 5.299999999999997
    endloop
  endfacet
  facet normal -0.896872741532688 0.44228869021900175 0
    outer loop
      vertex -1.4289419162443235 0.825 3.49
      vertex -1.524401228643623 0.6314276634023981 5.299999999999997
      vertex -1.4289419162443235 0.825 5.299999999999997
    endloop
  endfacet
  facet normal 0 0 1
    outer loop
      vertex -1.4289419162443235 0.825 5.299999999999997
      vertex -1.4126471861291692 0.28099299606516537 5.299999999999997
      vertex -1.3306845524719018 0.5511875888742342 5.299999999999997
    endloop
  endfacet
  facet normal 0 0 1
    outer loop
      vertex -1.524401228643623 0.6314276634023981 5.299999999999997
      vertex -1.4126471861291692 0.28099299606516537 5.299999999999997
      vertex -1.4289419162443235 0.825 5.299999999999997
    endloop
  endfacet
  facet normal 0 0 1
    outer loop
      vertex -1.4289419162443235 0.825 5.299999999999997
      vertex -1.3306845524719018 0.5511875888742342 5.299999999999997
      vertex -1.1975844577196337 0.8002003517524271 5.299999999999997
    endloop
  endfacet
  facet normal 0.9978589232386036 0.06540312923014298 0
    outer loop
      vertex 1.65 0 3.49
      vertex 1.6358840212667871 0.21536821716308507 5.299999999999997
      vertex 1.65 0 5.299999999999997
    endloop
  endfacet
  facet normal 0.9807852804032303 0.1950903220161285 0
    outer loop
      vertex 1.6358840212667871 0.21536821716308507 3.49
      vertex 1.5937776133769626 0.4270514244191592 5.299999999999997
      vertex 1.6358840212667871 0.21536821716308507 5.299999999999997
    endloop
  endfacet
  facet normal 0 0 1
    outer loop
      vertex 1.524401228643623 -0.6314276634023981 5.299999999999997
      vertex 1.4289419162443235 0.825 5.299999999999997
      vertex 1.4403225806451614 0 5.299999999999997
    endloop
  endfacet
  facet normal 0 0 1
    outer loop
      vertex 1.6358840212667871 -0.21536821716308507 5.299999999999997
      vertex 1.65 0 5.299999999999997
      vertex 1.6358840212667871 0.21536821716308507 5.299999999999997
    endloop
  endfacet
  facet normal 0 0 1
    outer loop
      vertex 1.6358840212667871 -0.21536821716308507 5.299999999999997
      vertex 1.6358840212667871 0.21536821716308507 5.299999999999997
      vertex 1.5937776133769626 0.4270514244191592 5.299999999999997
    endloop
  endfacet
  facet normal 0 0 1
    outer loop
      vertex 1.5937776133769626 -0.4270514244191592 5.299999999999997
      vertex 1.5937776133769626 0.4270514244191592 5.299999999999997
      vertex 1.524401228643623 0.6314276634023981 5.299999999999997
    endloop
  endfacet
  facet normal 0 0 1
    outer loop
      vertex 1.524401228643623 -0.6314276634023981 5.299999999999997
      vertex 1.524401228643623 0.6314276634023981 5.299999999999997
      vertex 1.4289419162443235 0.825 5.299999999999997
    endloop
  endfacet
  facet normal 0 0 1
    outer loop
      vertex 1.4289419162443235 0.825 5.299999999999997
      vertex 1.4126471861291692 0.28099299606516537 5.299999999999997
      vertex 1.4403225806451614 0 5.299999999999997
    endloop
  endfacet
  facet normal 0.9469301294951057 0.3214394653031616 0
    outer loop
      vertex 1.5937776133769626 0.4270514244191592 3.49
      vertex 1.524401228643623 0.6314276634023981 5.299999999999997
      vertex 1.5937776133769626 0.4270514244191592 5.299999999999997
    endloop
  endfacet
  facet normal 0.896872741532688 0.44228869021900175 0
    outer loop
      vertex 1.524401228643623 0.6314276634023981 3.49
      vertex 1.4289419162443235 0.825 5.299999999999997
      vertex 1.524401228643623 0.6314276634023981 5.299999999999997
    endloop
  endfacet
  facet normal 0 0 1
    outer loop
      vertex 1.309033011480538 1.004456357864389 5.299999999999997
      vertex 1.330684552471902 0.5511875888742342 5.299999999999997
      vertex 1.4126471861291692 0.28099299606516537 5.299999999999997
    endloop
  endfacet
  facet normal 0 0 1
    outer loop
      vertex 1.309033011480538 1.004456357864389 5.299999999999997
      vertex 1.4126471861291692 0.28099299606516537 5.299999999999997
      vertex 1.4289419162443235 0.825 5.299999999999997
    endloop
  endfacet
  facet normal 0 0 1
    outer loop
      vertex 1.309033011480538 1.004456357864389 5.299999999999997
      vertex 1.1975844577196337 0.8002003517524272 5.299999999999997
      vertex 1.330684552471902 0.5511875888742342 5.299999999999997
    endloop
  endfacet
  facet normal -0.8314696123025456 0.5555702330196016 0
    outer loop
      vertex -1.309033011480538 1.004456357864389 3.49
      vertex -1.4289419162443235 0.825 5.299999999999997
      vertex -1.309033011480538 1.004456357864389 5.299999999999997
    endloop
  endfacet
  facet normal -0.7518398074789773 0.6593458151000691 -6.079612225314397e-19
    outer loop
      vertex -1.309033011480538 1.004456357864389 5.299999999999997
      vertex -1.1667261889578033 1.1667261889578033 5.299999999999997
      vertex -1.1667261889578033 1.1667261889578033 3.49
    endloop
  endfacet
  facet normal 0 0 1
    outer loop
      vertex -1.4289419162443235 0.825 5.299999999999997
      vertex -1.1975844577196337 0.8002003517524271 5.299999999999997
      vertex -1.309033011480538 1.004456357864389 5.299999999999997
    endloop
  endfacet
  facet normal 0 0 1
    outer loop
      vertex -1.309033011480538 1.004456357864389 5.299999999999997
      vertex -1.1975844577196337 0.8002003517524271 5.299999999999997
      vertex -1.0184618638703016 1.0184618638703016 5.299999999999997
    endloop
  endfacet
  facet normal 0 0 1
    outer loop
      vertex -1.309033011480538 1.004456357864389 5.299999999999997
      vertex -1.0184618638703016 1.0184618638703016 5.299999999999997
      vertex -1.1667261889578033 1.1667261889578033 5.299999999999997
    endloop
  endfacet
  facet normal 0 0 1
    outer loop
      vertex -1.1667261889578033 1.1667261889578033 5.299999999999997
      vertex -1.0184618638703016 1.0184618638703016 5.299999999999997
      vertex -0.8002003517524271 1.1975844577196337 5.299999999999997
    endloop
  endfacet
  facet normal -0.6593458151000691 0.7518398074789773 -6.079612225314397e-19
    outer loop
      vertex -1.1667261889578033 1.1667261889578033 5.299999999999997
      vertex -1.004456357864389 1.309033011480538 5.299999999999997
      vertex -1.004456357864389 1.309033011480538 3.49
    endloop
  endfacet
  facet normal -0.5555702330196016 0.8314696123025456 0
    outer loop
      vertex -0.825 1.4289419162443235 3.49
      vertex -1.004456357864389 1.309033011480538 5.299999999999997
      vertex -0.825 1.4289419162443235 5.299999999999997
    endloop
  endfacet
  facet normal -0.44228869021900175 0.896872741532688 0
    outer loop
      vertex -0.6314276634023981 1.524401228643623 3.49
      vertex -0.825 1.4289419162443235 5.299999999999997
      vertex -0.6314276634023981 1.524401228643623 5.299999999999997
    endloop
  endfacet
  facet normal -0.3214394653031616 0.9469301294951057 0
    outer loop
      vertex -0.4270514244191592 1.5937776133769626 3.49
      vertex -0.6314276634023981 1.524401228643623 5.299999999999997
      vertex -0.4270514244191592 1.5937776133769626 5.299999999999997
    endloop
  endfacet
  facet normal -0.1950903220161285 0.9807852804032303 0
    outer loop
      vertex -0.21536821716308507 1.6358840212667871 3.49
      vertex -0.4270514244191592 1.5937776133769626 5.299999999999997
      vertex -0.21536821716308507 1.6358840212667871 5.299999999999997
    endloop
  endfacet
  facet normal 0.1950903220161285 0.9807852804032303 0
    outer loop
      vertex 0.4270514244191592 1.5937776133769626 3.49
      vertex 0.21536821716308507 1.6358840212667871 5.299999999999997
      vertex 0.4270514244191592 1.5937776133769626 5.299999999999997
    endloop
  endfacet
  facet normal 0 0 1
    outer loop
      vertex -1.1667261889578033 1.1667261889578033 5.299999999999997
      vertex -0.8002003517524271 1.1975844577196337 5.299999999999997
      vertex -1.004456357864389 1.309033011480538 5.299999999999997
    endloop
  endfacet
  facet normal 0 0 1
    outer loop
      vertex -1.004456357864389 1.309033011480538 5.299999999999997
      vertex -0.8002003517524271 1.1975844577196337 5.299999999999997
      vertex -0.825 1.4289419162443235 5.299999999999997
    endloop
  endfacet
  facet normal 0 0 1
    outer loop
      vertex -0.825 1.4289419162443235 5.299999999999997
      vertex -0.8002003517524271 1.1975844577196337 5.299999999999997
      vertex -0.5511875888742342 1.3306845524719018 5.299999999999997
    endloop
  endfacet
  facet normal 0 0 1
    outer loop
      vertex -0.825 1.4289419162443235 5.299999999999997
      vertex -0.5511875888742342 1.3306845524719018 5.299999999999997
      vertex -0.6314276634023981 1.524401228643623 5.299999999999997
    endloop
  endfacet
  facet normal 0 0 1
    outer loop
      vertex -0.6314276634023981 1.524401228643623 5.299999999999997
      vertex -0.5511875888742342 1.3306845524719018 5.299999999999997
      vertex -0.28099299606516537 1.4126471861291692 5.299999999999997
    endloop
  endfacet
  facet normal 0 0 1
    outer loop
      vertex -0.6314276634023981 1.524401228643623 5.299999999999997
      vertex -0.28099299606516537 1.4126471861291692 5.299999999999997
      vertex -0.4270514244191592 1.5937776133769626 5.299999999999997
    endloop
  endfacet
  facet normal 0 0 1
    outer loop
      vertex -0.4270514244191592 1.5937776133769626 5.299999999999997
      vertex -0.28099299606516537 1.4126471861291692 5.299999999999997
      vertex -0.21536821716308507 1.6358840212667871 5.299999999999997
    endloop
  endfacet
  facet normal 0 0 1
    outer loop
      vertex -0.21536821716308507 1.6358840212667871 5.299999999999997
      vertex -0.28099299606516537 1.4126471861291692 5.299999999999997
      vertex 0 1.4403225806451614 5.299999999999997
    endloop
  endfacet
  facet normal 0 0 1
    outer loop
      vertex 0 1.65 5.299999999999997
      vertex 0 1.4403225806451614 5.299999999999997
      vertex 0.28099299606516537 1.4126471861291692 5.299999999999997
    endloop
  endfacet
  facet normal 0 0 1
    outer loop
      vertex 0.4270514244191592 1.5937776133769626 5.299999999999997
      vertex 0.28099299606516537 1.4126471861291692 5.299999999999997
      vertex 0.5511875888742342 1.3306845524719018 5.299999999999997
    endloop
  endfacet
  facet normal 0 0 1
    outer loop
      vertex -0.21536821716308507 1.6358840212667871 5.299999999999997
      vertex 0 1.4403225806451614 5.299999999999997
      vertex 0 1.65 5.299999999999997
    endloop
  endfacet
  facet normal 0 0 1
    outer loop
      vertex 0.21536821716308507 1.6358840212667871 5.299999999999997
      vertex 0.28099299606516537 1.4126471861291692 5.299999999999997
      vertex 0.4270514244191592 1.5937776133769626 5.299999999999997
    endloop
  endfacet
  facet normal 0 0 1
    outer loop
      vertex 0.21536821716308507 1.6358840212667871 5.299999999999997
      vertex 0 1.65 5.299999999999997
      vertex 0.28099299606516537 1.4126471861291692 5.299999999999997
    endloop
  endfacet
  facet normal 0.8314696123025456 0.5555702330196016 0
    outer loop
      vertex 1.4289419162443235 0.825 3.49
      vertex 1.309033011480538 1.004456357864389 5.299999999999997
      vertex 1.4289419162443235 0.825 5.299999999999997
    endloop
  endfacet
  facet normal 0.6593458151000691 0.7518398074789773 6.079612225314397e-19
    outer loop
      vertex 1.004456357864389 1.309033011480538 5.299999999999997
      vertex 1.1667261889578033 1.1667261889578033 5.299999999999997
      vertex 1.1667261889578033 1.1667261889578033 3.49
    endloop
  endfacet
  facet normal 0.7518398074789773 0.6593458151000691 0
    outer loop
      vertex 1.309033011480538 1.004456357864389 3.49
      vertex 1.1667261889578033 1.1667261889578033 5.299999999999997
      vertex 1.309033011480538 1.004456357864389 5.299999999999997
    endloop
  endfacet
  facet normal 0 0 1
    outer loop
      vertex 1.309033011480538 1.004456357864389 5.299999999999997
      vertex 1.1667261889578033 1.1667261889578033 5.299999999999997
      vertex 1.1975844577196337 0.8002003517524272 5.299999999999997
    endloop
  endfacet
  facet normal 0 0 1
    outer loop
      vertex 1.004456357864389 1.309033011480538 5.299999999999997
      vertex 1.0184618638703018 1.0184618638703018 5.299999999999997
      vertex 1.1975844577196337 0.8002003517524272 5.299999999999997
    endloop
  endfacet
  facet normal 0 0 1
    outer loop
      vertex 1.004456357864389 1.309033011480538 5.299999999999997
      vertex 1.1975844577196337 0.8002003517524272 5.299999999999997
      vertex 1.1667261889578033 1.1667261889578033 5.299999999999997
    endloop
  endfacet
  facet normal 0 0 1
    outer loop
      vertex 0.825 1.4289419162443235 5.299999999999997
      vertex 0.8002003517524271 1.1975844577196337 5.299999999999997
      vertex 1.0184618638703018 1.0184618638703018 5.299999999999997
    endloop
  endfacet
  facet normal 0.5555702330196016 0.8314696123025456 0
    outer loop
      vertex 1.004456357864389 1.309033011480538 3.49
      vertex 0.825 1.4289419162443235 5.299999999999997
      vertex 1.004456357864389 1.309033011480538 5.299999999999997
    endloop
  endfacet
  facet normal 0.44228869021900175 0.896872741532688 0
    outer loop
      vertex 0.825 1.4289419162443235 3.49
      vertex 0.6314276634023981 1.524401228643623 5.299999999999997
      vertex 0.825 1.4289419162443235 5.299999999999997
    endloop
  endfacet
  facet normal 0.3214394653031616 0.9469301294951057 0
    outer loop
      vertex 0.6314276634023981 1.524401228643623 3.49
      vertex 0.4270514244191592 1.5937776133769626 5.299999999999997
      vertex 0.6314276634023981 1.524401228643623 5.299999999999997
    endloop
  endfacet
  facet normal 0 0 1
    outer loop
      vertex 1.004456357864389 1.309033011480538 5.299999999999997
      vertex 0.825 1.4289419162443235 5.299999999999997
      vertex 1.0184618638703018 1.0184618638703018 5.299999999999997
    endloop
  endfacet
  facet normal 0 0 1
    outer loop
      vertex 0.6314276634023981 1.524401228643623 5.299999999999997
      vertex 0.5511875888742342 1.3306845524719018 5.299999999999997
      vertex 0.8002003517524271 1.1975844577196337 5.299999999999997
    endloop
  endfacet
  facet normal 0 0 1
    outer loop
      vertex 0.6314276634023981 1.524401228643623 5.299999999999997
      vertex 0.8002003517524271 1.1975844577196337 5.299999999999997
      vertex 0.825 1.4289419162443235 5.299999999999997
    endloop
  endfacet
  facet normal 0 0 1
    outer loop
      vertex 0.4270514244191592 1.5937776133769626 5.299999999999997
      vertex 0.5511875888742342 1.3306845524719018 5.299999999999997
      vertex 0.6314276634023981 1.524401228643623 5.299999999999997
    endloop
  endfacet
  facet normal -0.06540312923014298 0.9978589232386036 0
    outer loop
      vertex -0.21536821716308507 1.6358840212667871 3.49
      vertex -0.21536821716308507 1.6358840212667871 5.299999999999997
      vertex 0 1.65 3.49
    endloop
  endfacet
  facet normal 0.06540312923014298 0.9978589232386036 -2.588164222146674e-19
    outer loop
      vertex 0.21536821716308507 1.6358840212667871 3.49
      vertex 0 1.65 3.49
      vertex 0 1.65 5.299999999999997
    endloop
  endfacet
  facet normal -0.06540312923014298 0.9978589232386036 2.588164222146674e-19
    outer loop
      vertex -0.21536821716308507 1.6358840212667871 5.299999999999997
      vertex 0 1.65 5.299999999999997
      vertex 0 1.65 3.49
    endloop
  endfacet
  facet normal 0.06540312923014298 0.9978589232386036 0
    outer loop
      vertex 0.21536821716308507 1.6358840212667871 3.49
      vertex 0 1.65 5.299999999999997
      vertex 0.21536821716308507 1.6358840212667871 5.299999999999997
    endloop
  endfacet
  facet normal 0 0 -1
    outer loop
      vertex 8.174926791322962 -1.6339535784293473 0
      vertex 8.165052854003907 -1.6319895301818557 0
      vertex 8.184631782836915 -1.4858840212667865 0
    endloop
  endfacet
  facet normal 0 0 -1
    outer loop
      vertex 7.944260518144842 -1.5840393301017952 0
      vertex 7.934125718815463 -1.580599029306712 0
      vertex 7.972948575580841 -1.146344154964819 0
    endloop
  endfacet
  facet normal 0 0 -1
    outer loop
      vertex 7.711169821742839 -1.4960934410003024 0
      vertex 7.768572336597602 -0.7871900223447572 0
      vertex 7.721765861672303 -1.5013188296255624 0
    endloop
  endfacet
  facet normal 0 0 -1
    outer loop
      vertex 7.127207793864215 -1.0457810762280693 0
      vertex 7.127207793864215 -0.4515285174951371 0
      vertex 7.141052187210403 -1.0615675812603063 0
    endloop
  endfacet
  facet normal 0 0 -1
    outer loop
      vertex 7.5 -1.3788285184003761 0
      vertex 7.575 -0.4145668501920714 0
      vertex 7.511303899832182 -1.3863815427934194 0
    endloop
  endfacet
  facet normal 0 0 -1
    outer loop
      vertex 7.316568777629241 -1.2397739141404092 0
      vertex 7.304229427784303 -1.228952594757765 0
      vertex 7.304229427784303 -0.08415267675073301 0
    endloop
  endfacet
  facet normal 0 0 -1
    outer loop
      vertex 6.861482979253493 -0.5898438808033823 0
      vertex 6.84115427318801 -0.5299574438691383 0
      vertex 6.875598771356377 -0.37447851106886143 0
    endloop
  endfacet
  facet normal 0 0 -1
    outer loop
      vertex 7.711169821742839 -1.4960934410003024 0
      vertex 7.711169821742839 0.6486080924680634 0
      vertex 7.768572336597602 -0.7871900223447572 0
    endloop
  endfacet
  facet normal 0 0 -1
    outer loop
      vertex 7.316568777629241 -1.2397739141404092 0
      vertex 7.304229427784303 -0.08415267675073301 0
      vertex 7.395543642135611 -0.03485032429295343 0
    endloop
  endfacet
  facet normal 0 0 -1
    outer loop
      vertex 7.5 -1.3788285184003761 0
      vertex 7.5 0.28466303962440564 0
      vertex 7.575 -0.4145668501920714 0
    endloop
  endfacet
  facet normal 0 0 -1
    outer loop
      vertex 7.934125718815463 -1.580599029306712 0
      vertex 7.934125718815463 1.0014552810214585 0
      vertex 7.972948575580841 -1.146344154964819 0
    endloop
  endfacet
  facet normal 0 0 -1
    outer loop
      vertex 8.165052854003907 -1.6319895301818557 0
      vertex 8.165052854003907 1.3371672920607147 0
      vertex 8.184631782836915 -1.4858840212667865 0
    endloop
  endfacet
  facet normal 0 0 -1
    outer loop
      vertex 6.971963987475776 -0.8263557807279217 0
      vertex 7.090966988519463 0.7198643657665331 0
      vertex 6.988044941278065 -0.850422628857583 0
    endloop
  endfacet
  facet normal 0 0 -1
    outer loop
      vertex 6.971963987475776 -0.8263557807279217 0
      vertex 6.971963987475776 -0.8111785801178418 0
      vertex 7.090966988519463 0.7198643657665331 0
    endloop
  endfacet
  facet normal 0 0 -1
    outer loop
      vertex 6.84115427318801 -0.5299574438691383 0
      vertex 6.84115427318801 0.1059061744712596 0
      vertex 6.875598771356377 -0.37447851106886143 0
    endloop
  endfacet
  facet normal 0 0 -1
    outer loop
      vertex 7.141052187210403 -1.0615675812603063 0
      vertex 7.127207793864215 -0.4515285174951371 0
      vertex 7.2332738110421975 0.3454625003171541 0
    endloop
  endfacet
  facet normal 0 0 -1
    outer loop
      vertex 8.634947145996094 -1.6319895301818557 0
      vertex 8.634947145996094 -1.3371672920607147 0
      vertex 8.645081945325472 -1.629973593254331 0
    endloop
  endfacet
  facet normal 0 0 -1
    outer loop
      vertex 8.865874281184539 -1.580599029306712 0
      vertex 8.865874281184539 -1.0014552810214585 0
      vertex 8.876470321114002 -1.5770021584255691 0
    endloop
  endfacet
  facet normal 0 0 -1
    outer loop
      vertex 9.088830178257162 -1.4960934410003024 0
      vertex 9.088830178257162 -0.6486080924680634 0
      vertex 9.100134078089344 -1.490518974501746 0
    endloop
  endfacet
  facet normal 0 0 -1
    outer loop
      vertex 9.3 -1.3788285184003761 0
      vertex 9.3 -0.28466303962440564 0
      vertex 9.312339349844938 -1.3705836284281756 0
    endloop
  endfacet
  facet normal 0 0 -1
    outer loop
      vertex 9.495770572215697 -1.228952594757765 0
      vertex 9.566726188957803 -0.3454625003171541 0
      vertex 9.509614965561887 -1.216811387648744 0
    endloop
  endfacet
  facet normal 0 0 -1
    outer loop
      vertex 9.672792206135787 -1.0457810762280693 0
      vertex 9.709033011480539 -0.7198643657665331 0
      vertex 9.688873159938074 -1.0274442627776716 0
    endloop
  endfacet
  facet normal 0 0 -1
    outer loop
      vertex 8.645081945325472 -1.629973593254331 0
      vertex 8.634947145996094 -1.3371672920607147 0
      vertex 8.82705142441916 1.146344154964819 0
    endloop
  endfacet
  facet normal 0 0 -1
    outer loop
      vertex 8.876470321114002 -1.5770021584255691 0
      vertex 8.865874281184539 -1.0014552810214585 0
      vertex 9.031427663402399 0.7871900223447572 0
    endloop
  endfacet
  facet normal 0 0 -1
    outer loop
      vertex 9.100134078089344 -1.490518974501746 0
      vertex 9.088830178257162 -0.6486080924680634 0
      vertex 9.225 0.4145668501920714 0
    endloop
  endfacet
  facet normal 0 0 -1
    outer loop
      vertex 9.312339349844938 -1.3705836284281756 0
      vertex 9.3 -0.28466303962440564 0
      vertex 9.40445635786439 0.03485032429295343 0
    endloop
  endfacet
  facet normal 0 0 -1
    outer loop
      vertex 9.495770572215697 -1.228952594757765 0
      vertex 9.495770572215697 0.08415267675073301 0
      vertex 9.566726188957803 -0.3454625003171541 0
    endloop
  endfacet
  facet normal 0 0 -1
    outer loop
      vertex 9.672792206135787 -1.0457810762280693 0
      vertex 9.672792206135787 0.4515285174951371 0
      vertex 9.709033011480539 -0.7198643657665331 0
    endloop
  endfacet
  facet normal 0 0 -1
    outer loop
      vertex 9.95884572681199 -0.5299574438691383 0
      vertex 9.95884572681199 -0.1059061744712596 0
      vertex 9.988903248311608 -0.4414108408591701 0
    endloop
  endfacet
  facet normal 0 0 -1
    outer loop
      vertex 9.988903248311608 -0.4414108408591701 0
      vertex 9.95884572681199 -0.1059061744712596 0
      vertex 9.993777613376963 -0.3670424011095811 0
    endloop
  endfacet
  facet normal -0.06540312923014283 -0.9978589232386035 3.4647589363268805e-19
    outer loop
      vertex 8.184631782836915 -1.6358840212667871 3.49
      vertex 8.4 -1.65 3.49
      vertex 8.4 -1.65 5.299999999999997
    endloop
  endfacet
  facet normal -0.06540312923014283 -0.9978589232386035 0
    outer loop
      vertex 8.184631782836915 -1.6358840212667871 3.49
      vertex 8.4 -1.65 5.299999999999997
      vertex 8.184631782836915 -1.6358840212667871 5.299999999999997
    endloop
  endfacet
  facet normal 0.06540312923014283 -0.9978589232386035 0
    outer loop
      vertex 8.4 -1.65 3.49
      vertex 8.615368217163086 -1.6358840212667871 5.299999999999997
      vertex 8.4 -1.65 5.299999999999997
    endloop
  endfacet
  facet normal -0.44228869021900175 -0.896872741532688 3.836664117571777e-18
    outer loop
      vertex 7.575 -1.4289419162443235 3.49
      vertex 7.768572336597602 -1.524401228643623 3.49
      vertex 7.768572336597602 -1.524401228643623 5.299999999999997
    endloop
  endfacet
  facet normal -0.19509032201612908 -0.9807852804032302 -1.540393335944709e-18
    outer loop
      vertex 7.972948575580841 -1.5937776133769626 3.49
      vertex 8.184631782836915 -1.6358840212667871 3.49
      vertex 8.184631782836915 -1.6358840212667871 5.299999999999997
    endloop
  endfacet
  facet normal -0.3214394653031609 -0.9469301294951059 1.7987924978287965e-18
    outer loop
      vertex 7.768572336597602 -1.524401228643623 3.49
      vertex 7.972948575580841 -1.5937776133769626 3.49
      vertex 7.972948575580841 -1.5937776133769626 5.299999999999997
    endloop
  endfacet
  facet normal -0.5555702330196022 -0.8314696123025453 2.9070136721811422e-18
    outer loop
      vertex 7.395543642135611 -1.309033011480538 3.49
      vertex 7.575 -1.4289419162443235 3.49
      vertex 7.575 -1.4289419162443235 5.299999999999997
    endloop
  endfacet
  facet normal -0.6593458151000702 -0.7518398074789764 2.5198355555859138e-18
    outer loop
      vertex 7.2332738110421975 -1.1667261889578033 3.49
      vertex 7.395543642135611 -1.309033011480538 3.49
      vertex 7.395543642135611 -1.309033011480538 5.299999999999997
    endloop
  endfacet
  facet normal -0.8314696123025461 -0.555570233019601 1.22880489634754e-18
    outer loop
      vertex 6.971058083755677 -0.825 3.49
      vertex 7.090966988519463 -1.004456357864389 3.49
      vertex 7.090966988519463 -1.004456357864389 5.299999999999997
    endloop
  endfacet
  facet normal -0.7518398074789767 -0.6593458151000695 0
    outer loop
      vertex 7.2332738110421975 -1.1667261889578033 3.49
      vertex 7.2332738110421975 -1.1667261889578033 5.299999999999997
      vertex 7.090966988519463 -1.004456357864389 3.49
    endloop
  endfacet
  facet normal -0.8968727415326869 -0.4422886902190043 2.3633823274596107e-18
    outer loop
      vertex 6.875598771356377 -0.6314276634023981 3.49
      vertex 6.971058083755677 -0.825 3.49
      vertex 6.971058083755677 -0.825 5.299999999999997
    endloop
  endfacet
  facet normal -0.9469301294951057 -0.3214394653031616 0
    outer loop
      vertex 6.875598771356377 -0.6314276634023981 3.49
      vertex 6.875598771356377 -0.6314276634023981 5.299999999999997
      vertex 6.806222386623038 -0.4270514244191592 3.49
    endloop
  endfacet
  facet normal -0.9807852804032303 -0.1950903220161285 0
    outer loop
      vertex 6.806222386623038 -0.4270514244191592 3.49
      vertex 6.806222386623038 -0.4270514244191592 5.299999999999997
      vertex 6.764115978733213 -0.21536821716308507 3.49
    endloop
  endfacet
  facet normal -0.9978589232386036 -0.065403129230144 0
    outer loop
      vertex 6.764115978733213 -0.21536821716308507 3.49
      vertex 6.764115978733213 -0.21536821716308507 5.299999999999997
      vertex 6.75 0 3.49
    endloop
  endfacet
  facet normal -0.44228869021900175 -0.896872741532688 0
    outer loop
      vertex 7.575 -1.4289419162443235 3.49
      vertex 7.768572336597602 -1.524401228643623 5.299999999999997
      vertex 7.575 -1.4289419162443235 5.299999999999997
    endloop
  endfacet
  facet normal -0.19509032201612908 -0.9807852804032302 0
    outer loop
      vertex 7.972948575580841 -1.5937776133769626 3.49
      vertex 8.184631782836915 -1.6358840212667871 5.299999999999997
      vertex 7.972948575580841 -1.5937776133769626 5.299999999999997
    endloop
  endfacet
  facet normal -0.3214394653031609 -0.9469301294951059 0
    outer loop
      vertex 7.768572336597602 -1.524401228643623 3.49
      vertex 7.972948575580841 -1.5937776133769626 5.299999999999997
      vertex 7.768572336597602 -1.524401228643623 5.299999999999997
    endloop
  endfacet
  facet normal -0.5555702330196022 -0.8314696123025453 0
    outer loop
      vertex 7.395543642135611 -1.309033011480538 3.49
      vertex 7.575 -1.4289419162443235 5.299999999999997
      vertex 7.395543642135611 -1.309033011480538 5.299999999999997
    endloop
  endfacet
  facet normal 0 0 1
    outer loop
      vertex 7.972948575580841 -1.5937776133769626 5.299999999999997
      vertex 8.184631782836915 -1.6358840212667871 5.299999999999997
      vertex 8.119007003934835 -1.4126471861291692 5.299999999999997
    endloop
  endfacet
  facet normal 0 0 1
    outer loop
      vertex 8.4 -1.65 5.299999999999997
      vertex 8.615368217163086 -1.6358840212667871 5.299999999999997
      vertex 8.4 -1.4403225806451614 5.299999999999997
    endloop
  endfacet
  facet normal 0 0 1
    outer loop
      vertex 8.184631782836915 -1.6358840212667871 5.299999999999997
      vertex 8.4 -1.65 5.299999999999997
      vertex 8.119007003934835 -1.4126471861291692 5.299999999999997
    endloop
  endfacet
  facet normal 0 0 1
    outer loop
      vertex 7.768572336597602 -1.524401228643623 5.299999999999997
      vertex 7.972948575580841 -1.5937776133769626 5.299999999999997
      vertex 7.848812411125766 -1.3306845524719018 5.299999999999997
    endloop
  endfacet
  facet normal 0 0 1
    outer loop
      vertex 7.972948575580841 -1.5937776133769626 5.299999999999997
      vertex 8.119007003934835 -1.4126471861291692 5.299999999999997
      vertex 7.848812411125766 -1.3306845524719018 5.299999999999997
    endloop
  endfacet
  facet normal 0 0 1
    outer loop
      vertex 8.4 -1.65 5.299999999999997
      vertex 8.4 -1.4403225806451614 5.299999999999997
      vertex 8.119007003934835 -1.4126471861291692 5.299999999999997
    endloop
  endfacet
  facet normal 0 0 1
    outer loop
      vertex 7.575 -1.4289419162443235 5.299999999999997
      vertex 7.768572336597602 -1.524401228643623 5.299999999999997
      vertex 7.599799648247573 -1.1975844577196337 5.299999999999997
    endloop
  endfacet
  facet normal 0 0 1
    outer loop
      vertex 7.768572336597602 -1.524401228643623 5.299999999999997
      vertex 7.848812411125766 -1.3306845524719018 5.299999999999997
      vertex 7.599799648247573 -1.1975844577196337 5.299999999999997
    endloop
  endfacet
  facet normal 0 0 1
    outer loop
      vertex 7.395543642135611 -1.309033011480538 5.299999999999997
      vertex 7.575 -1.4289419162443235 5.299999999999997
      vertex 7.381538136129699 -1.0184618638703018 5.299999999999997
    endloop
  endfacet
  facet normal -0.7518398074789767 -0.6593458151000695 -2.8136722736439497e-18
    outer loop
      vertex 7.2332738110421975 -1.1667261889578033 5.299999999999997
      vertex 7.090966988519463 -1.004456357864389 5.299999999999997
      vertex 7.090966988519463 -1.004456357864389 3.49
    endloop
  endfacet
  facet normal -0.8314696123025461 -0.555570233019601 0
    outer loop
      vertex 6.971058083755677 -0.825 3.49
      vertex 7.090966988519463 -1.004456357864389 5.299999999999997
      vertex 6.971058083755677 -0.825 5.299999999999997
    endloop
  endfacet
  facet normal -0.6593458151000702 -0.7518398074789764 0
    outer loop
      vertex 7.2332738110421975 -1.1667261889578033 3.49
      vertex 7.395543642135611 -1.309033011480538 5.299999999999997
      vertex 7.2332738110421975 -1.1667261889578033 5.299999999999997
    endloop
  endfacet
  facet normal 0 0 1
    outer loop
      vertex 7.575 -1.4289419162443235 5.299999999999997
      vertex 7.599799648247573 -1.1975844577196337 5.299999999999997
      vertex 7.381538136129699 -1.0184618638703018 5.299999999999997
    endloop
  endfacet
  facet normal 0 0 1
    outer loop
      vertex 7.2332738110421975 -1.1667261889578033 5.299999999999997
      vertex 7.395543642135611 -1.309033011480538 5.299999999999997
      vertex 7.202415542280367 -0.8002003517524272 5.299999999999997
    endloop
  endfacet
  facet normal 0 0 1
    outer loop
      vertex 7.395543642135611 -1.309033011480538 5.299999999999997
      vertex 7.381538136129699 -1.0184618638703018 5.299999999999997
      vertex 7.202415542280367 -0.8002003517524272 5.299999999999997
    endloop
  endfacet
  facet normal 0 0 1
    outer loop
      vertex 7.2332738110421975 -1.1667261889578033 5.299999999999997
      vertex 7.202415542280367 -0.8002003517524272 5.299999999999997
      vertex 7.090966988519463 -1.004456357864389 5.299999999999997
    endloop
  endfacet
  facet normal -0.8968727415326869 -0.4422886902190043 0
    outer loop
      vertex 6.875598771356377 -0.6314276634023981 3.49
      vertex 6.971058083755677 -0.825 5.299999999999997
      vertex 6.875598771356377 -0.6314276634023981 5.299999999999997
    endloop
  endfacet
  facet normal -0.9469301294951057 -0.3214394653031616 0
    outer loop
      vertex 6.806222386623038 -0.4270514244191592 3.49
      vertex 6.875598771356377 -0.6314276634023981 5.299999999999997
      vertex 6.806222386623038 -0.4270514244191592 5.299999999999997
    endloop
  endfacet
  facet normal 0 0 1
    outer loop
      vertex 7.090966988519463 -1.004456357864389 5.299999999999997
      vertex 7.202415542280367 -0.8002003517524272 5.299999999999997
      vertex 7.069315447528099 -0.5511875888742342 5.299999999999997
    endloop
  endfacet
  facet normal 0 0 1
    outer loop
      vertex 6.971058083755677 -0.825 5.299999999999997
      vertex 7.090966988519463 -1.004456357864389 5.299999999999997
      vertex 6.987352813870832 -0.28099299606516537 5.299999999999997
    endloop
  endfacet
  facet normal 0 0 1
    outer loop
      vertex 7.090966988519463 -1.004456357864389 5.299999999999997
      vertex 7.069315447528099 -0.5511875888742342 5.299999999999997
      vertex 6.987352813870832 -0.28099299606516537 5.299999999999997
    endloop
  endfacet
  facet normal -0.9807852804032303 -0.1950903220161285 0
    outer loop
      vertex 6.764115978733213 -0.21536821716308507 3.49
      vertex 6.806222386623038 -0.4270514244191592 5.299999999999997
      vertex 6.764115978733213 -0.21536821716308507 5.299999999999997
    endloop
  endfacet
  facet normal -0.9978589232386036 -0.065403129230144 5.532235559019011e-19
    outer loop
      vertex 6.764115978733213 -0.21536821716308507 5.299999999999997
      vertex 6.75 0 5.299999999999997
      vertex 6.75 0 3.49
    endloop
  endfacet
  facet normal 0 0 1
    outer loop
      vertex 6.971058083755677 -0.825 5.299999999999997
      vertex 6.987352813870832 -0.28099299606516537 5.299999999999997
      vertex 6.959677419354839 0 5.299999999999997
    endloop
  endfacet
  facet normal 0 0 1
    outer loop
      vertex 6.875598771356377 -0.6314276634023981 5.299999999999997
      vertex 6.971058083755677 -0.825 5.299999999999997
      vertex 6.875598771356377 0.6314276634023981 5.299999999999997
    endloop
  endfacet
  facet normal 0 0 1
    outer loop
      vertex 6.875598771356377 -0.6314276634023981 5.299999999999997
      vertex 6.806222386623038 0.4270514244191592 5.299999999999997
      vertex 6.806222386623038 -0.4270514244191592 5.299999999999997
    endloop
  endfacet
  facet normal 0 0 1
    outer loop
      vertex 6.806222386623038 -0.4270514244191592 5.299999999999997
      vertex 6.764115978733213 0.21536821716308507 5.299999999999997
      vertex 6.764115978733213 -0.21536821716308507 5.299999999999997
    endloop
  endfacet
  facet normal 0 0 1
    outer loop
      vertex 6.971058083755677 -0.825 5.299999999999997
      vertex 6.959677419354839 0 5.299999999999997
      vertex 6.875598771356377 0.6314276634023981 5.299999999999997
    endloop
  endfacet
  facet normal 0.06540312923014283 -0.9978589232386035 -3.4647589363268805e-19
    outer loop
      vertex 8.4 -1.65 3.49
      vertex 8.615368217163086 -1.6358840212667871 3.49
      vertex 8.615368217163086 -1.6358840212667871 5.299999999999997
    endloop
  endfacet
  facet normal 0.1950903220161283 -0.9807852804032304 -4.202056267516613e-19
    outer loop
      vertex 8.615368217163086 -1.6358840212667871 3.49
      vertex 8.82705142441916 -1.5937776133769626 3.49
      vertex 8.82705142441916 -1.5937776133769626 5.299999999999997
    endloop
  endfacet
  facet normal 0.32143946530316214 -0.9469301294951055 3.29535226310044e-19
    outer loop
      vertex 8.82705142441916 -1.5937776133769626 3.49
      vertex 9.031427663402399 -1.524401228643623 3.49
      vertex 9.031427663402399 -1.524401228643623 5.299999999999997
    endloop
  endfacet
  facet normal 0.4422886902190034 -0.8968727415326874 1.158237012985026e-18
    outer loop
      vertex 9.031427663402399 -1.524401228643623 3.49
      vertex 9.225 -1.4289419162443235 3.49
      vertex 9.225 -1.4289419162443235 5.299999999999997
    endloop
  endfacet
  facet normal 0.5555702330195983 -0.8314696123025478 5.864687639999127e-19
    outer loop
      vertex 9.225 -1.4289419162443235 3.49
      vertex 9.40445635786439 -1.309033011480538 3.49
      vertex 9.40445635786439 -1.309033011480538 5.299999999999997
    endloop
  endfacet
  facet normal 0.6593458151000722 -0.7518398074789746 2.5375658551285847e-18
    outer loop
      vertex 9.40445635786439 -1.309033011480538 3.49
      vertex 9.566726188957803 -1.1667261889578033 3.49
      vertex 9.566726188957803 -1.1667261889578033 5.299999999999997
    endloop
  endfacet
  facet normal 0.7518398074789747 -0.6593458151000718 -1.2620938953013193e-18
    outer loop
      vertex 9.566726188957803 -1.1667261889578033 3.49
      vertex 9.709033011480539 -1.004456357864389 3.49
      vertex 9.709033011480539 -1.004456357864389 5.299999999999997
    endloop
  endfacet
  facet normal 0.831469612302548 -0.5555702330195981 -7.032860495153797e-19
    outer loop
      vertex 9.709033011480539 -1.004456357864389 3.49
      vertex 9.828941916244323 -0.825 3.49
      vertex 9.828941916244323 -0.825 5.299999999999997
    endloop
  endfacet
  facet normal 0.8968727415326886 -0.44228869021900097 1.5930086702731148e-18
    outer loop
      vertex 9.828941916244323 -0.825 3.49
      vertex 9.924401228643623 -0.6314276634023981 3.49
      vertex 9.924401228643623 -0.6314276634023981 5.299999999999997
    endloop
  endfacet
  facet normal 0.9469301294951045 -0.3214394653031653 2.1101563094223975e-18
    outer loop
      vertex 9.924401228643623 -0.6314276634023981 3.49
      vertex 9.993777613376963 -0.4270514244191592 3.49
      vertex 9.993777613376963 -0.4270514244191592 5.299999999999997
    endloop
  endfacet
  facet normal 0.9807852804032311 -0.1950903220161245 5.948106911581896e-19
    outer loop
      vertex 9.993777613376963 -0.4270514244191592 3.49
      vertex 10.035884021266787 -0.21536821716308507 3.49
      vertex 10.035884021266787 -0.21536821716308507 5.299999999999997
    endloop
  endfacet
  facet normal 0.9978589232386033 -0.0654031292301481 -4.709521895593909e-19
    outer loop
      vertex 10.035884021266787 -0.21536821716308507 3.49
      vertex 10.05 0 3.49
      vertex 10.05 0 5.299999999999997
    endloop
  endfacet
  facet normal 0.1950903220161283 -0.9807852804032304 0
    outer loop
      vertex 8.615368217163086 -1.6358840212667871 3.49
      vertex 8.82705142441916 -1.5937776133769626 5.299999999999997
      vertex 8.615368217163086 -1.6358840212667871 5.299999999999997
    endloop
  endfacet
  facet normal 0.32143946530316214 -0.9469301294951055 0
    outer loop
      vertex 8.82705142441916 -1.5937776133769626 3.49
      vertex 9.031427663402399 -1.524401228643623 5.299999999999997
      vertex 8.82705142441916 -1.5937776133769626 5.299999999999997
    endloop
  endfacet
  facet normal 0.4422886902190034 -0.8968727415326874 0
    outer loop
      vertex 9.031427663402399 -1.524401228643623 3.49
      vertex 9.225 -1.4289419162443235 5.299999999999997
      vertex 9.031427663402399 -1.524401228643623 5.299999999999997
    endloop
  endfacet
  facet normal 0.5555702330195983 -0.8314696123025478 0
    outer loop
      vertex 9.225 -1.4289419162443235 3.49
      vertex 9.40445635786439 -1.309033011480538 5.299999999999997
      vertex 9.225 -1.4289419162443235 5.299999999999997
    endloop
  endfacet
  facet normal 0.6593458151000722 -0.7518398074789746 0
    outer loop
      vertex 9.40445635786439 -1.309033011480538 3.49
      vertex 9.566726188957803 -1.1667261889578033 5.299999999999997
      vertex 9.40445635786439 -1.309033011480538 5.299999999999997
    endloop
  endfacet
  facet normal 0 0 1
    outer loop
      vertex 8.615368217163086 -1.6358840212667871 5.299999999999997
      vertex 8.82705142441916 -1.5937776133769626 5.299999999999997
      vertex 8.680992996065166 -1.4126471861291692 5.299999999999997
    endloop
  endfacet
  facet normal 0 0 1
    outer loop
      vertex 8.615368217163086 -1.6358840212667871 5.299999999999997
      vertex 8.680992996065166 -1.4126471861291692 5.299999999999997
      vertex 8.4 -1.4403225806451614 5.299999999999997
    endloop
  endfacet
  facet normal 0 0 1
    outer loop
      vertex 8.82705142441916 -1.5937776133769626 5.299999999999997
      vertex 9.031427663402399 -1.524401228643623 5.299999999999997
      vertex 8.680992996065166 -1.4126471861291692 5.299999999999997
    endloop
  endfacet
  facet normal 0 0 1
    outer loop
      vertex 9.031427663402399 -1.524401228643623 5.299999999999997
      vertex 8.951187588874234 -1.3306845524719018 5.299999999999997
      vertex 8.680992996065166 -1.4126471861291692 5.299999999999997
    endloop
  endfacet
  facet normal 0 0 1
    outer loop
      vertex 9.031427663402399 -1.524401228643623 5.299999999999997
      vertex 9.225 -1.4289419162443235 5.299999999999997
      vertex 8.951187588874234 -1.3306845524719018 5.299999999999997
    endloop
  endfacet
  facet normal 0 0 1
    outer loop
      vertex 9.225 -1.4289419162443235 5.299999999999997
      vertex 9.200200351752427 -1.1975844577196337 5.299999999999997
      vertex 8.951187588874234 -1.3306845524719018 5.299999999999997
    endloop
  endfacet
  facet normal 0 0 1
    outer loop
      vertex 9.225 -1.4289419162443235 5.299999999999997
      vertex 9.40445635786439 -1.309033011480538 5.299999999999997
      vertex 9.200200351752427 -1.1975844577196337 5.299999999999997
    endloop
  endfacet
  facet normal 0 0 1
    outer loop
      vertex 9.40445635786439 -1.309033011480538 5.299999999999997
      vertex 9.566726188957803 -1.1667261889578033 5.299999999999997
      vertex 9.200200351752427 -1.1975844577196337 5.299999999999997
    endloop
  endfacet
  facet normal 0.7518398074789747 -0.6593458151000718 0
    outer loop
      vertex 9.566726188957803 -1.1667261889578033 3.49
      vertex 9.709033011480539 -1.004456357864389 5.299999999999997
      vertex 9.566726188957803 -1.1667261889578033 5.299999999999997
    endloop
  endfacet
  facet normal 0.831469612302548 -0.5555702330195981 0
    outer loop
      vertex 9.709033011480539 -1.004456357864389 3.49
      vertex 9.828941916244323 -0.825 5.299999999999997
      vertex 9.709033011480539 -1.004456357864389 5.299999999999997
    endloop
  endfacet
  facet normal 0 0 1
    outer loop
      vertex 9.566726188957803 -1.1667261889578033 5.299999999999997
      vertex 9.418461863870302 -1.0184618638703016 5.299999999999997
      vertex 9.200200351752427 -1.1975844577196337 5.299999999999997
    endloop
  endfacet
  facet normal 0 0 1
    outer loop
      vertex 9.566726188957803 -1.1667261889578033 5.299999999999997
      vertex 9.709033011480539 -1.004456357864389 5.299999999999997
      vertex 9.418461863870302 -1.0184618638703016 5.299999999999997
    endloop
  endfacet
  facet normal 0 0 1
    outer loop
      vertex 9.709033011480539 -1.004456357864389 5.299999999999997
      vertex 9.597584457719634 -0.8002003517524271 5.299999999999997
      vertex 9.418461863870302 -1.0184618638703016 5.299999999999997
    endloop
  endfacet
  facet normal 0 0 1
    outer loop
      vertex 9.709033011480539 -1.004456357864389 5.299999999999997
      vertex 9.828941916244323 -0.825 5.299999999999997
      vertex 9.597584457719634 -0.8002003517524271 5.299999999999997
    endloop
  endfacet
  facet normal 0.8968727415326886 -0.44228869021900097 0
    outer loop
      vertex 9.828941916244323 -0.825 3.49
      vertex 9.924401228643623 -0.6314276634023981 5.299999999999997
      vertex 9.828941916244323 -0.825 5.299999999999997
    endloop
  endfacet
  facet normal 0.9469301294951045 -0.3214394653031653 0
    outer loop
      vertex 9.924401228643623 -0.6314276634023981 3.49
      vertex 9.993777613376963 -0.4270514244191592 5.299999999999997
      vertex 9.924401228643623 -0.6314276634023981 5.299999999999997
    endloop
  endfacet
  facet normal 0 0 1
    outer loop
      vertex 9.828941916244323 -0.825 5.299999999999997
      vertex 9.730684552471903 -0.5511875888742342 5.299999999999997
      vertex 9.597584457719634 -0.8002003517524271 5.299999999999997
    endloop
  endfacet
  facet normal 0 0 1
    outer loop
      vertex 9.828941916244323 -0.825 5.299999999999997
      vertex 9.812647186129169 -0.28099299606516537 5.299999999999997
      vertex 9.730684552471903 -0.5511875888742342 5.299999999999997
    endloop
  endfacet
  facet normal 0 0 1
    outer loop
      vertex 9.828941916244323 -0.825 5.299999999999997
      vertex 9.924401228643623 -0.6314276634023981 5.299999999999997
      vertex 9.812647186129169 -0.28099299606516537 5.299999999999997
    endloop
  endfacet
  facet normal 0.9807852804032311 -0.1950903220161245 0
    outer loop
      vertex 9.993777613376963 -0.4270514244191592 3.49
      vertex 10.035884021266787 -0.21536821716308507 5.299999999999997
      vertex 9.993777613376963 -0.4270514244191592 5.299999999999997
    endloop
  endfacet
  facet normal 0.9978589232386033 -0.0654031292301481 0
    outer loop
      vertex 10.035884021266787 -0.21536821716308507 3.49
      vertex 10.05 0 5.299999999999997
      vertex 10.035884021266787 -0.21536821716308507 5.299999999999997
    endloop
  endfacet
  facet normal 0 0 1
    outer loop
      vertex 9.924401228643623 -0.6314276634023981 5.299999999999997
      vertex 9.84032258064516 0 5.299999999999997
      vertex 9.812647186129169 -0.28099299606516537 5.299999999999997
    endloop
  endfacet
  facet normal 0 0 1
    outer loop
      vertex 9.924401228643623 -0.6314276634023981 5.299999999999997
      vertex 9.993777613376963 -0.4270514244191592 5.299999999999997
      vertex 9.924401228643623 0.6314276634023981 5.299999999999997
    endloop
  endfacet
  facet normal 0 0 1
    outer loop
      vertex 9.993777613376963 -0.4270514244191592 5.299999999999997
      vertex 10.035884021266787 -0.21536821716308507 5.299999999999997
      vertex 9.993777613376963 0.4270514244191592 5.299999999999997
    endloop
  endfacet
  facet normal 0 0 -1
    outer loop
      vertex 7.395543642135611 -0.03485032429295343 0
      vertex 7.487660650155062 1.3705836284281756 0
      vertex 7.5 0.28466303962440564 0
    endloop
  endfacet
  facet normal 0 0 -1
    outer loop
      vertex 7.575 -0.4145668501920714 0
      vertex 7.699865921910657 1.490518974501746 0
      vertex 7.711169821742839 0.6486080924680634 0
    endloop
  endfacet
  facet normal 0 0 -1
    outer loop
      vertex 7.768572336597602 -0.7871900223447572 0
      vertex 7.923529678885999 1.5770021584255691 0
      vertex 7.934125718815463 1.0014552810214585 0
    endloop
  endfacet
  facet normal 0 0 -1
    outer loop
      vertex 7.972948575580841 -1.146344154964819 0
      vertex 8.154918054674528 1.629973593254331 0
      vertex 8.165052854003907 1.3371672920607147 0
    endloop
  endfacet
  facet normal 0 0 -1
    outer loop
      vertex 9.709033011480539 -0.7198643657665331 0
      vertex 9.811955058721937 0.850422628857583 0
      vertex 9.828036012524224 0.8111785801178418 0
    endloop
  endfacet
  facet normal 0 0 -1
    outer loop
      vertex 9.566726188957803 -0.3454625003171541 0
      vertex 9.658947812789597 1.0615675812603063 0
      vertex 9.672792206135787 0.4515285174951371 0
    endloop
  endfacet
  facet normal 0 0 -1
    outer loop
      vertex 9.40445635786439 0.03485032429295343 0
      vertex 9.48343122237076 1.2397739141404092 0
      vertex 9.495770572215697 0.08415267675073301 0
    endloop
  endfacet
  facet normal -0.9978589232386036 0.065403129230144 0
    outer loop
      vertex 6.75 0 3.49
      vertex 6.75 0 5.299999999999997
      vertex 6.764115978733213 0.21536821716308507 3.49
    endloop
  endfacet
  facet normal -0.9807852804032303 0.1950903220161285 0
    outer loop
      vertex 6.764115978733213 0.21536821716308507 3.49
      vertex 6.764115978733213 0.21536821716308507 5.299999999999997
      vertex 6.806222386623038 0.4270514244191592 3.49
    endloop
  endfacet
  facet normal -0.9469301294951057 0.3214394653031616 0
    outer loop
      vertex 6.806222386623038 0.4270514244191592 3.49
      vertex 6.806222386623038 0.4270514244191592 5.299999999999997
      vertex 6.875598771356377 0.6314276634023981 3.49
    endloop
  endfacet
  facet normal -0.8968727415326869 0.4422886902190043 0
    outer loop
      vertex 6.875598771356377 0.6314276634023981 3.49
      vertex 6.875598771356377 0.6314276634023981 5.299999999999997
      vertex 6.971058083755677 0.825 3.49
    endloop
  endfacet
  facet normal -0.8314696123025461 0.555570233019601 0
    outer loop
      vertex 6.971058083755677 0.825 3.49
      vertex 6.971058083755677 0.825 5.299999999999997
      vertex 7.090966988519463 1.004456357864389 3.49
    endloop
  endfacet
  facet normal -0.7518398074789767 0.6593458151000695 0
    outer loop
      vertex 7.090966988519463 1.004456357864389 3.49
      vertex 7.090966988519463 1.004456357864389 5.299999999999997
      vertex 7.2332738110421975 1.1667261889578033 3.49
    endloop
  endfacet
  facet normal -0.6593458151000702 0.7518398074789764 0
    outer loop
      vertex 7.2332738110421975 1.1667261889578033 3.49
      vertex 7.2332738110421975 1.1667261889578033 5.299999999999997
      vertex 7.395543642135611 1.309033011480538 3.49
    endloop
  endfacet
  facet normal -0.5555702330196022 0.8314696123025453 0
    outer loop
      vertex 7.395543642135611 1.309033011480538 3.49
      vertex 7.395543642135611 1.309033011480538 5.299999999999997
      vertex 7.575 1.4289419162443235 3.49
    endloop
  endfacet
  facet normal -0.44228869021900175 0.896872741532688 0
    outer loop
      vertex 7.575 1.4289419162443235 3.49
      vertex 7.575 1.4289419162443235 5.299999999999997
      vertex 7.768572336597602 1.524401228643623 3.49
    endloop
  endfacet
  facet normal -0.3214394653031609 0.9469301294951059 0
    outer loop
      vertex 7.768572336597602 1.524401228643623 3.49
      vertex 7.768572336597602 1.524401228643623 5.299999999999997
      vertex 7.972948575580841 1.5937776133769626 3.49
    endloop
  endfacet
  facet normal -0.19509032201612908 0.9807852804032302 0
    outer loop
      vertex 7.972948575580841 1.5937776133769626 3.49
      vertex 7.972948575580841 1.5937776133769626 5.299999999999997
      vertex 8.184631782836915 1.6358840212667871 3.49
    endloop
  endfacet
  facet normal -0.9978589232386036 0.065403129230144 0
    outer loop
      vertex 6.764115978733213 0.21536821716308507 3.49
      vertex 6.75 0 5.299999999999997
      vertex 6.764115978733213 0.21536821716308507 5.299999999999997
    endloop
  endfacet
  facet normal -0.9807852804032303 0.1950903220161285 0
    outer loop
      vertex 6.806222386623038 0.4270514244191592 3.49
      vertex 6.764115978733213 0.21536821716308507 5.299999999999997
      vertex 6.806222386623038 0.4270514244191592 5.299999999999997
    endloop
  endfacet
  facet normal 0 0 1
    outer loop
      vertex 6.764115978733213 -0.21536821716308507 5.299999999999997
      vertex 6.764115978733213 0.21536821716308507 5.299999999999997
      vertex 6.75 0 5.299999999999997
    endloop
  endfacet
  facet normal 0 0 1
    outer loop
      vertex 6.806222386623038 -0.4270514244191592 5.299999999999997
      vertex 6.806222386623038 0.4270514244191592 5.299999999999997
      vertex 6.764115978733213 0.21536821716308507 5.299999999999997
    endloop
  endfacet
  facet normal 0 0 1
    outer loop
      vertex 6.875598771356377 -0.6314276634023981 5.299999999999997
      vertex 6.875598771356377 0.6314276634023981 5.299999999999997
      vertex 6.806222386623038 0.4270514244191592 5.299999999999997
    endloop
  endfacet
  facet normal 0 0 1
    outer loop
      vertex 6.875598771356377 0.6314276634023981 5.299999999999997
      vertex 6.959677419354839 0 5.299999999999997
      vertex 6.987352813870832 0.28099299606516537 5.299999999999997
    endloop
  endfacet
  facet normal -0.9469301294951057 0.3214394653031616 0
    outer loop
      vertex 6.875598771356377 0.6314276634023981 3.49
      vertex 6.806222386623038 0.4270514244191592 5.299999999999997
      vertex 6.875598771356377 0.6314276634023981 5.299999999999997
    endloop
  endfacet
  facet normal -0.8968727415326869 0.4422886902190043 0
    outer loop
      vertex 6.971058083755677 0.825 3.49
      vertex 6.875598771356377 0.6314276634023981 5.299999999999997
      vertex 6.971058083755677 0.825 5.299999999999997
    endloop
  endfacet
  facet normal 0 0 1
    outer loop
      vertex 6.971058083755677 0.825 5.299999999999997
      vertex 6.987352813870832 0.28099299606516537 5.299999999999997
      vertex 7.069315447528099 0.5511875888742342 5.299999999999997
    endloop
  endfacet
  facet normal 0 0 1
    outer loop
      vertex 6.875598771356377 0.6314276634023981 5.299999999999997
      vertex 6.987352813870832 0.28099299606516537 5.299999999999997
      vertex 6.971058083755677 0.825 5.299999999999997
    endloop
  endfacet
  facet normal 0 0 1
    outer loop
      vertex 6.971058083755677 0.825 5.299999999999997
      vertex 7.069315447528099 0.5511875888742342 5.299999999999997
      vertex 7.202415542280367 0.8002003517524271 5.299999999999997
    endloop
  endfacet
  facet normal -0.8314696123025461 0.555570233019601 0
    outer loop
      vertex 7.090966988519463 1.004456357864389 3.49
      vertex 6.971058083755677 0.825 5.299999999999997
      vertex 7.090966988519463 1.004456357864389 5.299999999999997
    endloop
  endfacet
  facet normal -0.7518398074789767 0.6593458151000695 2.8136722736439497e-18
    outer loop
      vertex 7.090966988519463 1.004456357864389 5.299999999999997
      vertex 7.2332738110421975 1.1667261889578033 5.299999999999997
      vertex 7.2332738110421975 1.1667261889578033 3.49
    endloop
  endfacet
  facet normal 0 0 1
    outer loop
      vertex 6.971058083755677 0.825 5.299999999999997
      vertex 7.202415542280367 0.8002003517524271 5.299999999999997
      vertex 7.090966988519463 1.004456357864389 5.299999999999997
    endloop
  endfacet
  facet normal 0 0 1
    outer loop
      vertex 7.090966988519463 1.004456357864389 5.299999999999997
      vertex 7.202415542280367 0.8002003517524271 5.299999999999997
      vertex 7.381538136129699 1.0184618638703016 5.299999999999997
    endloop
  endfacet
  facet normal 0 0 1
    outer loop
      vertex 7.090966988519463 1.004456357864389 5.299999999999997
      vertex 7.381538136129699 1.0184618638703016 5.299999999999997
      vertex 7.2332738110421975 1.1667261889578033 5.299999999999997
    endloop
  endfacet
  facet normal 0 0 1
    outer loop
      vertex 7.2332738110421975 1.1667261889578033 5.299999999999997
      vertex 7.381538136129699 1.0184618638703016 5.299999999999997
      vertex 7.599799648247573 1.1975844577196337 5.299999999999997
    endloop
  endfacet
  facet normal -0.6593458151000702 0.7518398074789764 -2.5198355555859138e-18
    outer loop
      vertex 7.2332738110421975 1.1667261889578033 5.299999999999997
      vertex 7.395543642135611 1.309033011480538 5.299999999999997
      vertex 7.395543642135611 1.309033011480538 3.49
    endloop
  endfacet
  facet normal -0.5555702330196022 0.8314696123025453 0
    outer loop
      vertex 7.575 1.4289419162443235 3.49
      vertex 7.395543642135611 1.309033011480538 5.299999999999997
      vertex 7.575 1.4289419162443235 5.299999999999997
    endloop
  endfacet
  facet normal -0.44228869021900175 0.896872741532688 0
    outer loop
      vertex 7.768572336597602 1.524401228643623 3.49
      vertex 7.575 1.4289419162443235 5.299999999999997
      vertex 7.768572336597602 1.524401228643623 5.299999999999997
    endloop
  endfacet
  facet normal -0.3214394653031609 0.9469301294951059 0
    outer loop
      vertex 7.972948575580841 1.5937776133769626 3.49
      vertex 7.768572336597602 1.524401228643623 5.299999999999997
      vertex 7.972948575580841 1.5937776133769626 5.299999999999997
    endloop
  endfacet
  facet normal -0.19509032201612908 0.9807852804032302 0
    outer loop
      vertex 8.184631782836915 1.6358840212667871 3.49
      vertex 7.972948575580841 1.5937776133769626 5.299999999999997
      vertex 8.184631782836915 1.6358840212667871 5.299999999999997
    endloop
  endfacet
  facet normal 0 0 1
    outer loop
      vertex 7.2332738110421975 1.1667261889578033 5.299999999999997
      vertex 7.599799648247573 1.1975844577196337 5.299999999999997
      vertex 7.395543642135611 1.309033011480538 5.299999999999997
    endloop
  endfacet
  facet normal 0 0 1
    outer loop
      vertex 7.395543642135611 1.309033011480538 5.299999999999997
      vertex 7.599799648247573 1.1975844577196337 5.299999999999997
      vertex 7.575 1.4289419162443235 5.299999999999997
    endloop
  endfacet
  facet normal 0 0 1
    outer loop
      vertex 7.575 1.4289419162443235 5.299999999999997
      vertex 7.599799648247573 1.1975844577196337 5.299999999999997
      vertex 7.848812411125766 1.3306845524719018 5.299999999999997
    endloop
  endfacet
  facet normal 0 0 1
    outer loop
      vertex 7.575 1.4289419162443235 5.299999999999997
      vertex 7.848812411125766 1.3306845524719018 5.299999999999997
      vertex 7.768572336597602 1.524401228643623 5.299999999999997
    endloop
  endfacet
  facet normal 0 0 1
    outer loop
      vertex 7.768572336597602 1.524401228643623 5.299999999999997
      vertex 7.848812411125766 1.3306845524719018 5.299999999999997
      vertex 8.119007003934835 1.4126471861291692 5.299999999999997
    endloop
  endfacet
  facet normal 0 0 1
    outer loop
      vertex 7.768572336597602 1.524401228643623 5.299999999999997
      vertex 8.119007003934835 1.4126471861291692 5.299999999999997
      vertex 7.972948575580841 1.5937776133769626 5.299999999999997
    endloop
  endfacet
  facet normal 0 0 1
    outer loop
      vertex 8.184631782836915 1.6358840212667871 5.299999999999997
      vertex 8.119007003934835 1.4126471861291692 5.299999999999997
      vertex 8.4 1.4403225806451614 5.299999999999997
    endloop
  endfacet
  facet normal 0 0 1
    outer loop
      vertex 8.4 1.65 5.299999999999997
      vertex 8.4 1.4403225806451614 5.299999999999997
      vertex 8.680992996065166 1.4126471861291692 5.299999999999997
    endloop
  endfacet
  facet normal 0 0 1
    outer loop
      vertex 7.972948575580841 1.5937776133769626 5.299999999999997
      vertex 8.119007003934835 1.4126471861291692 5.299999999999997
      vertex 8.184631782836915 1.6358840212667871 5.299999999999997
    endloop
  endfacet
  facet normal 0 0 1
    outer loop
      vertex 8.184631782836915 1.6358840212667871 5.299999999999997
      vertex 8.4 1.4403225806451614 5.299999999999997
      vertex 8.4 1.65 5.299999999999997
    endloop
  endfacet
  facet normal -0.06540312923014283 0.9978589232386035 0
    outer loop
      vertex 8.184631782836915 1.6358840212667871 3.49
      vertex 8.184631782836915 1.6358840212667871 5.299999999999997
      vertex 8.4 1.65 3.49
    endloop
  endfacet
  facet normal 0.06540312923014283 0.9978589232386035 3.4647589363268805e-19
    outer loop
      vertex 8.615368217163086 1.6358840212667871 3.49
      vertex 8.4 1.65 3.49
      vertex 8.4 1.65 5.299999999999997
    endloop
  endfacet
  facet normal -0.06540312923014283 0.9978589232386035 -3.4647589363268805e-19
    outer loop
      vertex 8.184631782836915 1.6358840212667871 5.299999999999997
      vertex 8.4 1.65 5.299999999999997
      vertex 8.4 1.65 3.49
    endloop
  endfacet
  facet normal 0.9978589232386033 0.0654031292301481 0
    outer loop
      vertex 10.035884021266787 0.21536821716308507 3.49
      vertex 10.035884021266787 0.21536821716308507 5.299999999999997
      vertex 10.05 0 3.49
    endloop
  endfacet
  facet normal 0.9807852804032311 0.1950903220161245 -5.948106911581896e-19
    outer loop
      vertex 10.035884021266787 0.21536821716308507 3.49
      vertex 9.993777613376963 0.4270514244191592 3.49
      vertex 9.993777613376963 0.4270514244191592 5.299999999999997
    endloop
  endfacet
  facet normal 0.9469301294951045 0.3214394653031653 -2.1101563094223975e-18
    outer loop
      vertex 9.993777613376963 0.4270514244191592 3.49
      vertex 9.924401228643623 0.6314276634023981 3.49
      vertex 9.924401228643623 0.6314276634023981 5.299999999999997
    endloop
  endfacet
  facet normal 0.8968727415326886 0.44228869021900097 -1.5930086702731148e-18
    outer loop
      vertex 9.924401228643623 0.6314276634023981 3.49
      vertex 9.828941916244323 0.825 3.49
      vertex 9.828941916244323 0.825 5.299999999999997
    endloop
  endfacet
  facet normal 0.831469612302548 0.5555702330195981 0
    outer loop
      vertex 9.709033011480539 1.004456357864389 3.49
      vertex 9.709033011480539 1.004456357864389 5.299999999999997
      vertex 9.828941916244323 0.825 3.49
    endloop
  endfacet
  facet normal 0.7518398074789747 0.6593458151000718 1.2620938953013193e-18
    outer loop
      vertex 9.709033011480539 1.004456357864389 3.49
      vertex 9.566726188957803 1.1667261889578033 3.49
      vertex 9.566726188957803 1.1667261889578033 5.299999999999997
    endloop
  endfacet
  facet normal 0.6593458151000722 0.7518398074789746 0
    outer loop
      vertex 9.40445635786439 1.309033011480538 3.49
      vertex 9.40445635786439 1.309033011480538 5.299999999999997
      vertex 9.566726188957803 1.1667261889578033 3.49
    endloop
  endfacet
  facet normal 0.5555702330195983 0.8314696123025478 -5.864687639999127e-19
    outer loop
      vertex 9.40445635786439 1.309033011480538 3.49
      vertex 9.225 1.4289419162443235 3.49
      vertex 9.225 1.4289419162443235 5.299999999999997
    endloop
  endfacet
  facet normal 0.4422886902190034 0.8968727415326874 0
    outer loop
      vertex 9.031427663402399 1.524401228643623 3.49
      vertex 9.031427663402399 1.524401228643623 5.299999999999997
      vertex 9.225 1.4289419162443235 3.49
    endloop
  endfacet
  facet normal 0.1950903220161283 0.9807852804032304 0
    outer loop
      vertex 8.615368217163086 1.6358840212667871 3.49
      vertex 8.615368217163086 1.6358840212667871 5.299999999999997
      vertex 8.82705142441916 1.5937776133769626 3.49
    endloop
  endfacet
  facet normal 0.32143946530316214 0.9469301294951055 0
    outer loop
      vertex 8.82705142441916 1.5937776133769626 3.49
      vertex 8.82705142441916 1.5937776133769626 5.299999999999997
      vertex 9.031427663402399 1.524401228643623 3.49
    endloop
  endfacet
  facet normal 0.9978589232386033 0.0654031292301481 0
    outer loop
      vertex 10.05 0 3.49
      vertex 10.035884021266787 0.21536821716308507 5.299999999999997
      vertex 10.05 0 5.299999999999997
    endloop
  endfacet
  facet normal 0.9807852804032311 0.1950903220161245 0
    outer loop
      vertex 10.035884021266787 0.21536821716308507 3.49
      vertex 9.993777613376963 0.4270514244191592 5.299999999999997
      vertex 10.035884021266787 0.21536821716308507 5.299999999999997
    endloop
  endfacet
  facet normal 0 0 1
    outer loop
      vertex 9.828941916244323 0.825 5.299999999999997
      vertex 9.812647186129169 0.28099299606516537 5.299999999999997
      vertex 9.84032258064516 0 5.299999999999997
    endloop
  endfacet
  facet normal 0 0 1
    outer loop
      vertex 10.035884021266787 -0.21536821716308507 5.299999999999997
      vertex 10.05 0 5.299999999999997
      vertex 10.035884021266787 0.21536821716308507 5.299999999999997
    endloop
  endfacet
  facet normal 0 0 1
    outer loop
      vertex 9.924401228643623 -0.6314276634023981 5.299999999999997
      vertex 9.828941916244323 0.825 5.299999999999997
      vertex 9.84032258064516 0 5.299999999999997
    endloop
  endfacet
  facet normal 0 0 1
    outer loop
      vertex 10.035884021266787 -0.21536821716308507 5.299999999999997
      vertex 10.035884021266787 0.21536821716308507 5.299999999999997
      vertex 9.993777613376963 0.4270514244191592 5.299999999999997
    endloop
  endfacet
  facet normal 0 0 1
    outer loop
      vertex 9.993777613376963 -0.4270514244191592 5.299999999999997
      vertex 9.993777613376963 0.4270514244191592 5.299999999999997
      vertex 9.924401228643623 0.6314276634023981 5.299999999999997
    endloop
  endfacet
  facet normal 0 0 1
    outer loop
      vertex 9.924401228643623 -0.6314276634023981 5.299999999999997
      vertex 9.924401228643623 0.6314276634023981 5.299999999999997
      vertex 9.828941916244323 0.825 5.299999999999997
    endloop
  endfacet
  facet normal 0.9469301294951045 0.3214394653031653 0
    outer loop
      vertex 9.993777613376963 0.4270514244191592 3.49
      vertex 9.924401228643623 0.6314276634023981 5.299999999999997
      vertex 9.993777613376963 0.4270514244191592 5.299999999999997
    endloop
  endfacet
  facet normal 0.8968727415326886 0.44228869021900097 0
    outer loop
      vertex 9.924401228643623 0.6314276634023981 3.49
      vertex 9.828941916244323 0.825 5.299999999999997
      vertex 9.924401228643623 0.6314276634023981 5.299999999999997
    endloop
  endfacet
  facet normal 0 0 1
    outer loop
      vertex 9.709033011480539 1.004456357864389 5.299999999999997
      vertex 9.730684552471903 0.5511875888742342 5.299999999999997
      vertex 9.812647186129169 0.28099299606516537 5.299999999999997
    endloop
  endfacet
  facet normal 0 0 1
    outer loop
      vertex 9.709033011480539 1.004456357864389 5.299999999999997
      vertex 9.812647186129169 0.28099299606516537 5.299999999999997
      vertex 9.828941916244323 0.825 5.299999999999997
    endloop
  endfacet
  facet normal 0 0 1
    outer loop
      vertex 9.709033011480539 1.004456357864389 5.299999999999997
      vertex 9.597584457719634 0.8002003517524272 5.299999999999997
      vertex 9.730684552471903 0.5511875888742342 5.299999999999997
    endloop
  endfacet
  facet normal 0.831469612302548 0.5555702330195981 0
    outer loop
      vertex 9.828941916244323 0.825 3.49
      vertex 9.709033011480539 1.004456357864389 5.299999999999997
      vertex 9.828941916244323 0.825 5.299999999999997
    endloop
  endfacet
  facet normal 0.7518398074789747 0.6593458151000718 0
    outer loop
      vertex 9.709033011480539 1.004456357864389 3.49
      vertex 9.566726188957803 1.1667261889578033 5.299999999999997
      vertex 9.709033011480539 1.004456357864389 5.299999999999997
    endloop
  endfacet
  facet normal 0.6593458151000722 0.7518398074789746 -2.5375658551285847e-18
    outer loop
      vertex 9.40445635786439 1.309033011480538 5.299999999999997
      vertex 9.566726188957803 1.1667261889578033 5.299999999999997
      vertex 9.566726188957803 1.1667261889578033 3.49
    endloop
  endfacet
  facet normal 0 0 1
    outer loop
      vertex 9.709033011480539 1.004456357864389 5.299999999999997
      vertex 9.566726188957803 1.1667261889578033 5.299999999999997
      vertex 9.597584457719634 0.8002003517524272 5.299999999999997
    endloop
  endfacet
  facet normal 0 0 1
    outer loop
      vertex 9.40445635786439 1.309033011480538 5.299999999999997
      vertex 9.418461863870302 1.0184618638703018 5.299999999999997
      vertex 9.597584457719634 0.8002003517524272 5.299999999999997
    endloop
  endfacet
  facet normal 0 0 1
    outer loop
      vertex 9.40445635786439 1.309033011480538 5.299999999999997
      vertex 9.597584457719634 0.8002003517524272 5.299999999999997
      vertex 9.566726188957803 1.1667261889578033 5.299999999999997
    endloop
  endfacet
  facet normal 0 0 1
    outer loop
      vertex 9.225 1.4289419162443235 5.299999999999997
      vertex 9.200200351752427 1.1975844577196337 5.299999999999997
      vertex 9.418461863870302 1.0184618638703018 5.299999999999997
    endloop
  endfacet
  facet normal 0.5555702330195983 0.8314696123025478 0
    outer loop
      vertex 9.40445635786439 1.309033011480538 3.49
      vertex 9.225 1.4289419162443235 5.299999999999997
      vertex 9.40445635786439 1.309033011480538 5.299999999999997
    endloop
  endfacet
  facet normal 0.4422886902190034 0.8968727415326874 0
    outer loop
      vertex 9.225 1.4289419162443235 3.49
      vertex 9.031427663402399 1.524401228643623 5.299999999999997
      vertex 9.225 1.4289419162443235 5.299999999999997
    endloop
  endfacet
  facet normal 0.1950903220161283 0.9807852804032304 0
    outer loop
      vertex 8.82705142441916 1.5937776133769626 3.49
      vertex 8.615368217163086 1.6358840212667871 5.299999999999997
      vertex 8.82705142441916 1.5937776133769626 5.299999999999997
    endloop
  endfacet
  facet normal 0.32143946530316214 0.9469301294951055 0
    outer loop
      vertex 9.031427663402399 1.524401228643623 3.49
      vertex 8.82705142441916 1.5937776133769626 5.299999999999997
      vertex 9.031427663402399 1.524401228643623 5.299999999999997
    endloop
  endfacet
  facet normal 0 0 1
    outer loop
      vertex 9.031427663402399 1.524401228643623 5.299999999999997
      vertex 8.951187588874234 1.3306845524719018 5.299999999999997
      vertex 9.200200351752427 1.1975844577196337 5.299999999999997
    endloop
  endfacet
  facet normal 0 0 1
    outer loop
      vertex 9.031427663402399 1.524401228643623 5.299999999999997
      vertex 9.200200351752427 1.1975844577196337 5.299999999999997
      vertex 9.225 1.4289419162443235 5.299999999999997
    endloop
  endfacet
  facet normal 0 0 1
    outer loop
      vertex 9.40445635786439 1.309033011480538 5.299999999999997
      vertex 9.225 1.4289419162443235 5.299999999999997
      vertex 9.418461863870302 1.0184618638703018 5.299999999999997
    endloop
  endfacet
  facet normal 0 0 1
    outer loop
      vertex 8.82705142441916 1.5937776133769626 5.299999999999997
      vertex 8.680992996065166 1.4126471861291692 5.299999999999997
      vertex 8.951187588874234 1.3306845524719018 5.299999999999997
    endloop
  endfacet
  facet normal 0 0 1
    outer loop
      vertex 8.82705142441916 1.5937776133769626 5.299999999999997
      vertex 8.951187588874234 1.3306845524719018 5.299999999999997
      vertex 9.031427663402399 1.524401228643623 5.299999999999997
    endloop
  endfacet
  facet normal 0 0 1
    outer loop
      vertex 8.615368217163086 1.6358840212667871 5.299999999999997
      vertex 8.4 1.65 5.299999999999997
      vertex 8.680992996065166 1.4126471861291692 5.299999999999997
    endloop
  endfacet
  facet normal 0 0 1
    outer loop
      vertex 8.615368217163086 1.6358840212667871 5.299999999999997
      vertex 8.680992996065166 1.4126471861291692 5.299999999999997
      vertex 8.82705142441916 1.5937776133769626 5.299999999999997
    endloop
  endfacet
  facet normal 0.06540312923014283 0.9978589232386035 0
    outer loop
      vertex 8.615368217163086 1.6358840212667871 3.49
      vertex 8.4 1.65 5.299999999999997
      vertex 8.615368217163086 1.6358840212667871 5.299999999999997
    endloop
  endfacet
  facet normal 0.6343932841636434 0.7730104533627387 -6.691630346207044e-18
    outer loop
      vertex 24.386827201635473 -0.8131727983645296 4.299999999999997
      vertex 24.56109423202746 -0.9561900541479269 4.999999999999997
      vertex 24.56109423202746 -0.9561900541479269 4.299999999999997
    endloop
  endfacet
  facet normal 0.7730104533627347 0.6343932841636483 0
    outer loop
      vertex 24.386827201635473 -0.8131727983645296 4.299999999999997
      vertex 24.243809945852075 -0.6389057679725425 4.299999999999997
      vertex 24.386827201635473 -0.8131727983645296 4.999999999999997
    endloop
  endfacet
  facet normal 0.881921264348358 0.4713967368259921 0
    outer loop
      vertex 24.243809945852075 -0.6389057679725425 4.299999999999997
      vertex 24.137538537612024 -0.4400859472198532 4.299999999999997
      vertex 24.243809945852075 -0.6389057679725425 4.999999999999997
    endloop
  endfacet
  facet normal 0 0 1
    outer loop
      vertex 24.386827201635473 -0.8131727983645296 4.299999999999997
      vertex 24.56109423202746 -0.9561900541479269 4.299999999999997
      vertex 24.56109423202746 0.9561900541479269 4.299999999999997
    endloop
  endfacet
  facet normal 0 0 1
    outer loop
      vertex 24.386827201635473 -0.8131727983645296 4.299999999999997
      vertex 24.386827201635473 0.8131727983645296 4.299999999999997
      vertex 24.243809945852075 -0.6389057679725425 4.299999999999997
    endloop
  endfacet
  facet normal 0.9569403357322063 0.2902846772544709 -2.2557362445963335e-18
    outer loop
      vertex 24.072096927536286 -0.22435387031854748 4.299999999999997
      vertex 24.137538537612024 -0.4400859472198532 4.999999999999997
      vertex 24.137538537612024 -0.4400859472198532 4.299999999999997
    endloop
  endfacet
  facet normal 0 0 1
    outer loop
      vertex 24.243809945852075 -0.6389057679725425 4.299999999999997
      vertex 24.243809945852075 0.6389057679725425 4.299999999999997
      vertex 24.137538537612024 -0.4400859472198532 4.299999999999997
    endloop
  endfacet
  facet normal 0 0 1
    outer loop
      vertex 24.072096927536286 -0.22435387031854748 4.299999999999997
      vertex 24.137538537612024 -0.4400859472198532 4.299999999999997
      vertex 24.137538537612024 0.4400859472198532 4.299999999999997
    endloop
  endfacet
  facet normal 0.9951847266721983 0.09801714032954705 0
    outer loop
      vertex 24.072096927536286 -0.22435387031854748 4.299999999999997
      vertex 24.050000000000004 0 4.299999999999997
      vertex 24.072096927536286 -0.22435387031854748 4.999999999999997
    endloop
  endfacet
  facet normal 0.09801714032956024 0.995184726672197 -4.836044237655908e-19
    outer loop
      vertex 24.975646129681454 -1.127903072463715 4.299999999999997
      vertex 25.200000000000003 -1.15 4.999999999999997
      vertex 25.200000000000003 -1.15 4.299999999999997
    endloop
  endfacet
  facet normal 0.47139673682599753 0.881921264348355 -2.4700253871018247e-18
    outer loop
      vertex 24.56109423202746 -0.9561900541479269 4.299999999999997
      vertex 24.75991405278015 -1.0624614623879796 4.999999999999997
      vertex 24.75991405278015 -1.0624614623879796 4.299999999999997
    endloop
  endfacet
  facet normal 0.29028467725446483 0.9569403357322082 2.5967463451772033e-18
    outer loop
      vertex 24.75991405278015 -1.0624614623879796 4.299999999999997
      vertex 24.975646129681454 -1.127903072463715 4.999999999999997
      vertex 24.975646129681454 -1.127903072463715 4.299999999999997
    endloop
  endfacet
  facet normal -0.09801714032956024 0.995184726672197 4.836044237655908e-19
    outer loop
      vertex 25.200000000000003 -1.15 4.299999999999997
      vertex 25.42435387031855 -1.127903072463715 4.999999999999997
      vertex 25.42435387031855 -1.127903072463715 4.299999999999997
    endloop
  endfacet
  facet normal -0.29028467725446483 0.9569403357322082 -2.5967463451772033e-18
    outer loop
      vertex 25.42435387031855 -1.127903072463715 4.299999999999997
      vertex 25.640085947219855 -1.0624614623879796 4.999999999999997
      vertex 25.640085947219855 -1.0624614623879796 4.299999999999997
    endloop
  endfacet
  facet normal -0.47139673682599753 0.881921264348355 2.4700253871018247e-18
    outer loop
      vertex 25.640085947219855 -1.0624614623879796 4.299999999999997
      vertex 25.838905767972545 -0.9561900541479269 4.999999999999997
      vertex 25.838905767972545 -0.9561900541479269 4.299999999999997
    endloop
  endfacet
  facet normal -0.6343932841636434 0.7730104533627387 6.691630346207044e-18
    outer loop
      vertex 25.838905767972545 -0.9561900541479269 4.299999999999997
      vertex 26.013172798364533 -0.8131727983645296 4.999999999999997
      vertex 26.013172798364533 -0.8131727983645296 4.299999999999997
    endloop
  endfacet
  facet normal -0.7730104533627347 0.6343932841636483 1.005608978455013e-17
    outer loop
      vertex 26.013172798364533 -0.8131727983645296 4.299999999999997
      vertex 26.15619005414793 -0.6389057679725425 4.999999999999997
      vertex 26.15619005414793 -0.6389057679725425 4.299999999999997
    endloop
  endfacet
  facet normal -0.881921264348358 0.4713967368259921 -5.685138565236183e-18
    outer loop
      vertex 26.15619005414793 -0.6389057679725425 4.299999999999997
      vertex 26.262461462387982 -0.4400859472198532 4.999999999999997
      vertex 26.262461462387982 -0.4400859472198532 4.299999999999997
    endloop
  endfacet
  facet normal 0 0 1
    outer loop
      vertex 24.56109423202746 -0.9561900541479269 4.299999999999997
      vertex 24.75991405278015 -1.0624614623879796 4.299999999999997
      vertex 24.75991405278015 1.0624614623879796 4.299999999999997
    endloop
  endfacet
  facet normal 0 0 1
    outer loop
      vertex 24.975646129681454 -1.127903072463715 4.299999999999997
      vertex 25.200000000000003 -1.15 4.299999999999997
      vertex 25.200000000000003 1.15 4.299999999999997
    endloop
  endfacet
  facet normal 0 0 1
    outer loop
      vertex 24.75991405278015 -1.0624614623879796 4.299999999999997
      vertex 24.975646129681454 -1.127903072463715 4.299999999999997
      vertex 24.975646129681454 1.127903072463715 4.299999999999997
    endloop
  endfacet
  facet normal 0 0 1
    outer loop
      vertex 25.200000000000003 -1.15 4.299999999999997
      vertex 25.42435387031855 -1.127903072463715 4.299999999999997
      vertex 25.42435387031855 1.127903072463715 4.299999999999997
    endloop
  endfacet
  facet normal 0 0 1
    outer loop
      vertex 25.42435387031855 -1.127903072463715 4.299999999999997
      vertex 25.640085947219855 -1.0624614623879796 4.299999999999997
      vertex 25.640085947219855 1.0624614623879796 4.299999999999997
    endloop
  endfacet
  facet normal 0 0 1
    outer loop
      vertex 25.640085947219855 -1.0624614623879796 4.299999999999997
      vertex 25.838905767972545 -0.9561900541479269 4.299999999999997
      vertex 25.838905767972545 0.9561900541479269 4.299999999999997
    endloop
  endfacet
  facet normal 0 0 1
    outer loop
      vertex 25.838905767972545 -0.9561900541479269 4.299999999999997
      vertex 26.013172798364533 -0.8131727983645296 4.299999999999997
      vertex 26.013172798364533 0.8131727983645296 4.299999999999997
    endloop
  endfacet
  facet normal 0 0 1
    outer loop
      vertex 26.013172798364533 -0.8131727983645296 4.299999999999997
      vertex 26.15619005414793 -0.6389057679725425 4.299999999999997
      vertex 26.15619005414793 0.6389057679725425 4.299999999999997
    endloop
  endfacet
  facet normal 0 0 1
    outer loop
      vertex 26.15619005414793 -0.6389057679725425 4.299999999999997
      vertex 26.262461462387982 -0.4400859472198532 4.299999999999997
      vertex 26.262461462387982 0.4400859472198532 4.299999999999997
    endloop
  endfacet
  facet normal -0.9569403357322063 0.2902846772544709 2.2557362445963335e-18
    outer loop
      vertex 26.262461462387982 -0.4400859472198532 4.299999999999997
      vertex 26.32790307246372 -0.22435387031854748 4.999999999999997
      vertex 26.32790307246372 -0.22435387031854748 4.299999999999997
    endloop
  endfacet
  facet normal 0 0 1
    outer loop
      vertex 26.262461462387982 -0.4400859472198532 4.299999999999997
      vertex 26.32790307246372 -0.22435387031854748 4.299999999999997
      vertex 26.32790307246372 0.22435387031854748 4.299999999999997
    endloop
  endfacet
  facet normal -0.9951847266721983 0.09801714032954705 -1.54090328127648e-18
    outer loop
      vertex 26.32790307246372 -0.22435387031854748 4.299999999999997
      vertex 26.35 0 4.999999999999997
      vertex 26.35 0 4.299999999999997
    endloop
  endfacet
  facet normal 0.6343932841636434 0.7730104533627387 0
    outer loop
      vertex 24.386827201635473 -0.8131727983645296 4.299999999999997
      vertex 24.386827201635473 -0.8131727983645296 4.999999999999997
      vertex 24.56109423202746 -0.9561900541479269 4.999999999999997
    endloop
  endfacet
  facet normal 0.7730104533627347 0.6343932841636483 0
    outer loop
      vertex 24.243809945852075 -0.6389057679725425 4.299999999999997
      vertex 24.243809945852075 -0.6389057679725425 4.999999999999997
      vertex 24.386827201635473 -0.8131727983645296 4.999999999999997
    endloop
  endfacet
  facet normal 0.881921264348358 0.4713967368259921 0
    outer loop
      vertex 24.137538537612024 -0.4400859472198532 4.299999999999997
      vertex 24.137538537612024 -0.4400859472198532 4.999999999999997
      vertex 24.243809945852075 -0.6389057679725425 4.999999999999997
    endloop
  endfacet
  facet normal 0.9569403357322063 0.2902846772544709 0
    outer loop
      vertex 24.072096927536286 -0.22435387031854748 4.299999999999997
      vertex 24.072096927536286 -0.22435387031854748 4.999999999999997
      vertex 24.137538537612024 -0.4400859472198532 4.999999999999997
    endloop
  endfacet
  facet normal 0.9951847266721983 0.09801714032954705 1.54090328127648e-18
    outer loop
      vertex 24.072096927536286 -0.22435387031854748 4.999999999999997
      vertex 24.050000000000004 0 4.299999999999997
      vertex 24.050000000000004 0 4.999999999999997
    endloop
  endfacet
  facet normal 0.09801714032956024 0.995184726672197 0
    outer loop
      vertex 24.975646129681454 -1.127903072463715 4.299999999999997
      vertex 24.975646129681454 -1.127903072463715 4.999999999999997
      vertex 25.200000000000003 -1.15 4.999999999999997
    endloop
  endfacet
  facet normal 0.29028467725446483 0.9569403357322082 0
    outer loop
      vertex 24.75991405278015 -1.0624614623879796 4.299999999999997
      vertex 24.75991405278015 -1.0624614623879796 4.999999999999997
      vertex 24.975646129681454 -1.127903072463715 4.999999999999997
    endloop
  endfacet
  facet normal -0.09801714032956024 0.995184726672197 0
    outer loop
      vertex 25.200000000000003 -1.15 4.299999999999997
      vertex 25.200000000000003 -1.15 4.999999999999997
      vertex 25.42435387031855 -1.127903072463715 4.999999999999997
    endloop
  endfacet
  facet normal -0.29028467725446483 0.9569403357322082 0
    outer loop
      vertex 25.42435387031855 -1.127903072463715 4.299999999999997
      vertex 25.42435387031855 -1.127903072463715 4.999999999999997
      vertex 25.640085947219855 -1.0624614623879796 4.999999999999997
    endloop
  endfacet
  facet normal -0.47139673682599753 0.881921264348355 0
    outer loop
      vertex 25.640085947219855 -1.0624614623879796 4.299999999999997
      vertex 25.640085947219855 -1.0624614623879796 4.999999999999997
      vertex 25.838905767972545 -0.9561900541479269 4.999999999999997
    endloop
  endfacet
  facet normal 0.47139673682599753 0.881921264348355 0
    outer loop
      vertex 24.56109423202746 -0.9561900541479269 4.299999999999997
      vertex 24.56109423202746 -0.9561900541479269 4.999999999999997
      vertex 24.75991405278015 -1.0624614623879796 4.999999999999997
    endloop
  endfacet
  facet normal -0.6343932841636434 0.7730104533627387 0
    outer loop
      vertex 25.838905767972545 -0.9561900541479269 4.299999999999997
      vertex 25.838905767972545 -0.9561900541479269 4.999999999999997
      vertex 26.013172798364533 -0.8131727983645296 4.999999999999997
    endloop
  endfacet
  facet normal -0.7730104533627347 0.6343932841636483 0
    outer loop
      vertex 26.013172798364533 -0.8131727983645296 4.299999999999997
      vertex 26.013172798364533 -0.8131727983645296 4.999999999999997
      vertex 26.15619005414793 -0.6389057679725425 4.999999999999997
    endloop
  endfacet
  facet normal -0.881921264348358 0.4713967368259921 0
    outer loop
      vertex 26.15619005414793 -0.6389057679725425 4.299999999999997
      vertex 26.15619005414793 -0.6389057679725425 4.999999999999997
      vertex 26.262461462387982 -0.4400859472198532 4.999999999999997
    endloop
  endfacet
  facet normal -0.9569403357322063 0.2902846772544709 0
    outer loop
      vertex 26.262461462387982 -0.4400859472198532 4.299999999999997
      vertex 26.262461462387982 -0.4400859472198532 4.999999999999997
      vertex 26.32790307246372 -0.22435387031854748 4.999999999999997
    endloop
  endfacet
  facet normal -0.9951847266721983 0.09801714032954705 0
    outer loop
      vertex 26.32790307246372 -0.22435387031854748 4.299999999999997
      vertex 26.32790307246372 -0.22435387031854748 4.999999999999997
      vertex 26.35 0 4.999999999999997
    endloop
  endfacet
  facet normal 0 0 1
    outer loop
      vertex 24.072096927536286 -0.22435387031854748 4.299999999999997
      vertex 24.072096927536286 0.22435387031854748 4.299999999999997
      vertex 24.050000000000004 0 4.299999999999997
    endloop
  endfacet
  facet normal 0 0 1
    outer loop
      vertex 24.072096927536286 -0.22435387031854748 4.299999999999997
      vertex 24.137538537612024 0.4400859472198532 4.299999999999997
      vertex 24.072096927536286 0.22435387031854748 4.299999999999997
    endloop
  endfacet
  facet normal 0.9951847266721983 -0.09801714032954705 0
    outer loop
      vertex 24.050000000000004 0 4.299999999999997
      vertex 24.072096927536286 0.22435387031854748 4.299999999999997
      vertex 24.050000000000004 0 4.999999999999997
    endloop
  endfacet
  facet normal 0 0 1
    outer loop
      vertex 24.137538537612024 -0.4400859472198532 4.299999999999997
      vertex 24.243809945852075 0.6389057679725425 4.299999999999997
      vertex 24.137538537612024 0.4400859472198532 4.299999999999997
    endloop
  endfacet
  facet normal 0 0 1
    outer loop
      vertex 24.243809945852075 -0.6389057679725425 4.299999999999997
      vertex 24.386827201635473 0.8131727983645296 4.299999999999997
      vertex 24.243809945852075 0.6389057679725425 4.299999999999997
    endloop
  endfacet
  facet normal 0 0 1
    outer loop
      vertex 24.386827201635473 -0.8131727983645296 4.299999999999997
      vertex 24.56109423202746 0.9561900541479269 4.299999999999997
      vertex 24.386827201635473 0.8131727983645296 4.299999999999997
    endloop
  endfacet
  facet normal 0.9569403357322063 -0.2902846772544709 0
    outer loop
      vertex 24.072096927536286 0.22435387031854748 4.299999999999997
      vertex 24.137538537612024 0.4400859472198532 4.299999999999997
      vertex 24.072096927536286 0.22435387031854748 4.999999999999997
    endloop
  endfacet
  facet normal 0.881921264348358 -0.4713967368259921 0
    outer loop
      vertex 24.137538537612024 0.4400859472198532 4.299999999999997
      vertex 24.243809945852075 0.6389057679725425 4.299999999999997
      vertex 24.137538537612024 0.4400859472198532 4.999999999999997
    endloop
  endfacet
  facet normal 0.7730104533627347 -0.6343932841636483 0
    outer loop
      vertex 24.243809945852075 0.6389057679725425 4.299999999999997
      vertex 24.386827201635473 0.8131727983645296 4.299999999999997
      vertex 24.243809945852075 0.6389057679725425 4.999999999999997
    endloop
  endfacet
  facet normal 0.6343932841636434 -0.7730104533627387 0
    outer loop
      vertex 24.386827201635473 0.8131727983645296 4.299999999999997
      vertex 24.56109423202746 0.9561900541479269 4.299999999999997
      vertex 24.386827201635473 0.8131727983645296 4.999999999999997
    endloop
  endfacet
  facet normal 0 0 1
    outer loop
      vertex 24.56109423202746 -0.9561900541479269 4.299999999999997
      vertex 24.75991405278015 1.0624614623879796 4.299999999999997
      vertex 24.56109423202746 0.9561900541479269 4.299999999999997
    endloop
  endfacet
  facet normal 0 0 1
    outer loop
      vertex 24.75991405278015 -1.0624614623879796 4.299999999999997
      vertex 24.975646129681454 1.127903072463715 4.299999999999997
      vertex 24.75991405278015 1.0624614623879796 4.299999999999997
    endloop
  endfacet
  facet normal 0 0 1
    outer loop
      vertex 24.975646129681454 -1.127903072463715 4.299999999999997
      vertex 25.200000000000003 1.15 4.299999999999997
      vertex 24.975646129681454 1.127903072463715 4.299999999999997
    endloop
  endfacet
  facet normal 0 0 1
    outer loop
      vertex 25.42435387031855 -1.127903072463715 4.299999999999997
      vertex 25.640085947219855 1.0624614623879796 4.299999999999997
      vertex 25.42435387031855 1.127903072463715 4.299999999999997
    endloop
  endfacet
  facet normal 0 0 1
    outer loop
      vertex 25.200000000000003 -1.15 4.299999999999997
      vertex 25.42435387031855 1.127903072463715 4.299999999999997
      vertex 25.200000000000003 1.15 4.299999999999997
    endloop
  endfacet
  facet normal 0 0 1
    outer loop
      vertex 25.640085947219855 -1.0624614623879796 4.299999999999997
      vertex 25.838905767972545 0.9561900541479269 4.299999999999997
      vertex 25.640085947219855 1.0624614623879796 4.299999999999997
    endloop
  endfacet
  facet normal 0 0 1
    outer loop
      vertex 26.32790307246372 -0.22435387031854748 4.299999999999997
      vertex 26.35 0 4.299999999999997
      vertex 26.32790307246372 0.22435387031854748 4.299999999999997
    endloop
  endfacet
  facet normal 0 0 1
    outer loop
      vertex 26.262461462387982 -0.4400859472198532 4.299999999999997
      vertex 26.32790307246372 0.22435387031854748 4.299999999999997
      vertex 26.262461462387982 0.4400859472198532 4.299999999999997
    endloop
  endfacet
  facet normal 0 0 1
    outer loop
      vertex 26.15619005414793 -0.6389057679725425 4.299999999999997
      vertex 26.262461462387982 0.4400859472198532 4.299999999999997
      vertex 26.15619005414793 0.6389057679725425 4.299999999999997
    endloop
  endfacet
  facet normal -0.9951847266721983 -0.09801714032954705 1.54090328127648e-18
    outer loop
      vertex 26.35 0 4.299999999999997
      vertex 26.32790307246372 0.22435387031854748 4.999999999999997
      vertex 26.32790307246372 0.22435387031854748 4.299999999999997
    endloop
  endfacet
  facet normal 0 0 1
    outer loop
      vertex 26.013172798364533 -0.8131727983645296 4.299999999999997
      vertex 26.15619005414793 0.6389057679725425 4.299999999999997
      vertex 26.013172798364533 0.8131727983645296 4.299999999999997
    endloop
  endfacet
  facet normal 0 0 1
    outer loop
      vertex 25.838905767972545 -0.9561900541479269 4.299999999999997
      vertex 26.013172798364533 0.8131727983645296 4.299999999999997
      vertex 25.838905767972545 0.9561900541479269 4.299999999999997
    endloop
  endfacet
  facet normal -0.9569403357322063 -0.2902846772544709 0
    outer loop
      vertex 26.262461462387982 0.4400859472198532 4.299999999999997
      vertex 26.32790307246372 0.22435387031854748 4.299999999999997
      vertex 26.262461462387982 0.4400859472198532 4.999999999999997
    endloop
  endfacet
  facet normal -0.881921264348358 -0.4713967368259921 5.685138565236183e-18
    outer loop
      vertex 26.262461462387982 0.4400859472198532 4.299999999999997
      vertex 26.15619005414793 0.6389057679725425 4.999999999999997
      vertex 26.15619005414793 0.6389057679725425 4.299999999999997
    endloop
  endfacet
  facet normal -0.7730104533627347 -0.6343932841636483 -1.005608978455013e-17
    outer loop
      vertex 26.15619005414793 0.6389057679725425 4.299999999999997
      vertex 26.013172798364533 0.8131727983645296 4.999999999999997
      vertex 26.013172798364533 0.8131727983645296 4.299999999999997
    endloop
  endfacet
  facet normal 0.47139673682599753 -0.881921264348355 0
    outer loop
      vertex 24.56109423202746 0.9561900541479269 4.299999999999997
      vertex 24.75991405278015 1.0624614623879796 4.299999999999997
      vertex 24.56109423202746 0.9561900541479269 4.999999999999997
    endloop
  endfacet
  facet normal 0.29028467725446483 -0.9569403357322082 0
    outer loop
      vertex 24.75991405278015 1.0624614623879796 4.299999999999997
      vertex 24.975646129681454 1.127903072463715 4.299999999999997
      vertex 24.75991405278015 1.0624614623879796 4.999999999999997
    endloop
  endfacet
  facet normal 0.09801714032956024 -0.995184726672197 0
    outer loop
      vertex 24.975646129681454 1.127903072463715 4.299999999999997
      vertex 25.200000000000003 1.15 4.299999999999997
      vertex 24.975646129681454 1.127903072463715 4.999999999999997
    endloop
  endfacet
  facet normal -0.29028467725446483 -0.9569403357322082 0
    outer loop
      vertex 25.42435387031855 1.127903072463715 4.299999999999997
      vertex 25.640085947219855 1.0624614623879796 4.299999999999997
      vertex 25.42435387031855 1.127903072463715 4.999999999999997
    endloop
  endfacet
  facet normal -0.47139673682599753 -0.881921264348355 0
    outer loop
      vertex 25.640085947219855 1.0624614623879796 4.299999999999997
      vertex 25.838905767972545 0.9561900541479269 4.299999999999997
      vertex 25.640085947219855 1.0624614623879796 4.999999999999997
    endloop
  endfacet
  facet normal -0.09801714032956024 -0.995184726672197 0
    outer loop
      vertex 25.200000000000003 1.15 4.299999999999997
      vertex 25.42435387031855 1.127903072463715 4.299999999999997
      vertex 25.200000000000003 1.15 4.999999999999997
    endloop
  endfacet
  facet normal -0.6343932841636434 -0.7730104533627387 0
    outer loop
      vertex 25.838905767972545 0.9561900541479269 4.299999999999997
      vertex 26.013172798364533 0.8131727983645296 4.299999999999997
      vertex 25.838905767972545 0.9561900541479269 4.999999999999997
    endloop
  endfacet
  facet normal 0.9951847266721983 -0.09801714032954705 0
    outer loop
      vertex 24.072096927536286 0.22435387031854748 4.299999999999997
      vertex 24.072096927536286 0.22435387031854748 4.999999999999997
      vertex 24.050000000000004 0 4.999999999999997
    endloop
  endfacet
  facet normal 0.9569403357322063 -0.2902846772544709 0
    outer loop
      vertex 24.137538537612024 0.4400859472198532 4.299999999999997
      vertex 24.137538537612024 0.4400859472198532 4.999999999999997
      vertex 24.072096927536286 0.22435387031854748 4.999999999999997
    endloop
  endfacet
  facet normal 0.881921264348358 -0.4713967368259921 0
    outer loop
      vertex 24.243809945852075 0.6389057679725425 4.299999999999997
      vertex 24.243809945852075 0.6389057679725425 4.999999999999997
      vertex 24.137538537612024 0.4400859472198532 4.999999999999997
    endloop
  endfacet
  facet normal 0.7730104533627347 -0.6343932841636483 0
    outer loop
      vertex 24.386827201635473 0.8131727983645296 4.299999999999997
      vertex 24.386827201635473 0.8131727983645296 4.999999999999997
      vertex 24.243809945852075 0.6389057679725425 4.999999999999997
    endloop
  endfacet
  facet normal 0.6343932841636434 -0.7730104533627387 0
    outer loop
      vertex 24.56109423202746 0.9561900541479269 4.299999999999997
      vertex 24.56109423202746 0.9561900541479269 4.999999999999997
      vertex 24.386827201635473 0.8131727983645296 4.999999999999997
    endloop
  endfacet
  facet normal -0.9951847266721983 -0.09801714032954705 0
    outer loop
      vertex 26.35 0 4.299999999999997
      vertex 26.35 0 4.999999999999997
      vertex 26.32790307246372 0.22435387031854748 4.999999999999997
    endloop
  endfacet
  facet normal -0.9569403357322063 -0.2902846772544709 0
    outer loop
      vertex 26.32790307246372 0.22435387031854748 4.299999999999997
      vertex 26.32790307246372 0.22435387031854748 4.999999999999997
      vertex 26.262461462387982 0.4400859472198532 4.999999999999997
    endloop
  endfacet
  facet normal -0.881921264348358 -0.4713967368259921 0
    outer loop
      vertex 26.262461462387982 0.4400859472198532 4.299999999999997
      vertex 26.262461462387982 0.4400859472198532 4.999999999999997
      vertex 26.15619005414793 0.6389057679725425 4.999999999999997
    endloop
  endfacet
  facet normal -0.7730104533627347 -0.6343932841636483 0
    outer loop
      vertex 26.15619005414793 0.6389057679725425 4.299999999999997
      vertex 26.15619005414793 0.6389057679725425 4.999999999999997
      vertex 26.013172798364533 0.8131727983645296 4.999999999999997
    endloop
  endfacet
  facet normal -0.47139673682599753 -0.881921264348355 0
    outer loop
      vertex 25.838905767972545 0.9561900541479269 4.299999999999997
      vertex 25.838905767972545 0.9561900541479269 4.999999999999997
      vertex 25.640085947219855 1.0624614623879796 4.999999999999997
    endloop
  endfacet
  facet normal 0.47139673682599753 -0.881921264348355 0
    outer loop
      vertex 24.75991405278015 1.0624614623879796 4.299999999999997
      vertex 24.75991405278015 1.0624614623879796 4.999999999999997
      vertex 24.56109423202746 0.9561900541479269 4.999999999999997
    endloop
  endfacet
  facet normal 0.29028467725446483 -0.9569403357322082 0
    outer loop
      vertex 24.975646129681454 1.127903072463715 4.299999999999997
      vertex 24.975646129681454 1.127903072463715 4.999999999999997
      vertex 24.75991405278015 1.0624614623879796 4.999999999999997
    endloop
  endfacet
  facet normal 0.09801714032956024 -0.995184726672197 4.836044237655908e-19
    outer loop
      vertex 24.975646129681454 1.127903072463715 4.999999999999997
      vertex 25.200000000000003 1.15 4.299999999999997
      vertex 25.200000000000003 1.15 4.999999999999997
    endloop
  endfacet
  facet normal -0.29028467725446483 -0.9569403357322082 0
    outer loop
      vertex 25.640085947219855 1.0624614623879796 4.299999999999997
      vertex 25.640085947219855 1.0624614623879796 4.999999999999997
      vertex 25.42435387031855 1.127903072463715 4.999999999999997
    endloop
  endfacet
  facet normal -0.09801714032956024 -0.995184726672197 0
    outer loop
      vertex 25.42435387031855 1.127903072463715 4.299999999999997
      vertex 25.42435387031855 1.127903072463715 4.999999999999997
      vertex 25.200000000000003 1.15 4.999999999999997
    endloop
  endfacet
  facet normal -0.6343932841636434 -0.7730104533627387 0
    outer loop
      vertex 26.013172798364533 0.8131727983645296 4.299999999999997
      vertex 26.013172798364533 0.8131727983645296 4.999999999999997
      vertex 25.838905767972545 0.9561900541479269 4.999999999999997
    endloop
  endfacet
  facet normal 0.29028467725446483 0.9569403357322082 2.5967463451772033e-18
    outer loop
      vertex 16.359914052780148 -1.0624614623879796 4.299999999999997
      vertex 16.575646129681452 -1.127903072463715 4.999999999999997
      vertex 16.575646129681452 -1.127903072463715 4.299999999999997
    endloop
  endfacet
  facet normal 0.47139673682599753 0.881921264348355 -2.4700253871018247e-18
    outer loop
      vertex 16.16109423202746 -0.9561900541479269 4.299999999999997
      vertex 16.359914052780148 -1.0624614623879796 4.999999999999997
      vertex 16.359914052780148 -1.0624614623879796 4.299999999999997
    endloop
  endfacet
  facet normal 0.6343932841636434 0.7730104533627387 -6.691630346207044e-18
    outer loop
      vertex 15.98682720163547 -0.8131727983645296 4.299999999999997
      vertex 16.16109423202746 -0.9561900541479269 4.999999999999997
      vertex 16.16109423202746 -0.9561900541479269 4.299999999999997
    endloop
  endfacet
  facet normal 0.09801714032956024 0.995184726672197 -4.836044237655908e-19
    outer loop
      vertex 16.575646129681452 -1.127903072463715 4.299999999999997
      vertex 16.8 -1.15 4.999999999999997
      vertex 16.8 -1.15 4.299999999999997
    endloop
  endfacet
  facet normal -0.09801714032956024 0.995184726672197 4.836044237655908e-19
    outer loop
      vertex 16.8 -1.15 4.299999999999997
      vertex 17.02435387031855 -1.127903072463715 4.999999999999997
      vertex 17.02435387031855 -1.127903072463715 4.299999999999997
    endloop
  endfacet
  facet normal -0.29028467725446483 0.9569403357322082 -2.5967463451772033e-18
    outer loop
      vertex 17.02435387031855 -1.127903072463715 4.299999999999997
      vertex 17.240085947219853 -1.0624614623879796 4.999999999999997
      vertex 17.240085947219853 -1.0624614623879796 4.299999999999997
    endloop
  endfacet
  facet normal -0.47139673682599753 0.881921264348355 2.4700253871018247e-18
    outer loop
      vertex 17.240085947219853 -1.0624614623879796 4.299999999999997
      vertex 17.438905767972543 -0.9561900541479269 4.999999999999997
      vertex 17.438905767972543 -0.9561900541479269 4.299999999999997
    endloop
  endfacet
  facet normal -0.6343932841636434 0.7730104533627387 6.691630346207044e-18
    outer loop
      vertex 17.438905767972543 -0.9561900541479269 4.299999999999997
      vertex 17.61317279836453 -0.8131727983645296 4.999999999999997
      vertex 17.61317279836453 -0.8131727983645296 4.299999999999997
    endloop
  endfacet
  facet normal 0.7730104533627385 0.6343932841636435 0
    outer loop
      vertex 15.98682720163547 -0.8131727983645296 4.299999999999997
      vertex 15.843809945852074 -0.6389057679725425 4.299999999999997
      vertex 15.98682720163547 -0.8131727983645296 4.999999999999997
    endloop
  endfacet
  facet normal 0.8819212643483548 0.47139673682599814 0
    outer loop
      vertex 15.843809945852074 -0.6389057679725425 4.299999999999997
      vertex 15.737538537612021 -0.4400859472198532 4.299999999999997
      vertex 15.843809945852074 -0.6389057679725425 4.999999999999997
    endloop
  endfacet
  facet normal 0 0 1
    outer loop
      vertex 16.16109423202746 -0.9561900541479269 4.299999999999997
      vertex 16.359914052780148 -1.0624614623879796 4.299999999999997
      vertex 16.359914052780148 1.0624614623879796 4.299999999999997
    endloop
  endfacet
  facet normal 0 0 1
    outer loop
      vertex 16.359914052780148 -1.0624614623879796 4.299999999999997
      vertex 16.575646129681452 -1.127903072463715 4.299999999999997
      vertex 16.575646129681452 1.127903072463715 4.299999999999997
    endloop
  endfacet
  facet normal 0 0 1
    outer loop
      vertex 15.98682720163547 -0.8131727983645296 4.299999999999997
      vertex 16.16109423202746 -0.9561900541479269 4.299999999999997
      vertex 16.16109423202746 0.9561900541479269 4.299999999999997
    endloop
  endfacet
  facet normal 0 0 1
    outer loop
      vertex 15.98682720163547 -0.8131727983645296 4.299999999999997
      vertex 15.98682720163547 0.8131727983645296 4.299999999999997
      vertex 15.843809945852074 -0.6389057679725425 4.299999999999997
    endloop
  endfacet
  facet normal 0.9569403357322085 0.29028467725446366 -3.2489578211296303e-18
    outer loop
      vertex 15.672096927536286 -0.22435387031854748 4.299999999999997
      vertex 15.737538537612021 -0.4400859472198532 4.999999999999997
      vertex 15.737538537612021 -0.4400859472198532 4.299999999999997
    endloop
  endfacet
  facet normal 0 0 1
    outer loop
      vertex 15.843809945852074 -0.6389057679725425 4.299999999999997
      vertex 15.843809945852074 0.6389057679725425 4.299999999999997
      vertex 15.737538537612021 -0.4400859472198532 4.299999999999997
    endloop
  endfacet
  facet normal 0 0 1
    outer loop
      vertex 15.672096927536286 -0.22435387031854748 4.299999999999997
      vertex 15.737538537612021 -0.4400859472198532 4.299999999999997
      vertex 15.737538537612021 0.4400859472198532 4.299999999999997
    endloop
  endfacet
  facet normal 0.9951847266721967 0.09801714032956266 0
    outer loop
      vertex 15.672096927536286 -0.22435387031854748 4.299999999999997
      vertex 15.65 0 4.299999999999997
      vertex 15.672096927536286 -0.22435387031854748 4.999999999999997
    endloop
  endfacet
  facet normal -0.7730104533627347 0.6343932841636483 1.005608978455013e-17
    outer loop
      vertex 17.61317279836453 -0.8131727983645296 4.299999999999997
      vertex 17.75619005414793 -0.6389057679725425 4.999999999999997
      vertex 17.75619005414793 -0.6389057679725425 4.299999999999997
    endloop
  endfacet
  facet normal -0.881921264348358 0.4713967368259921 -5.685138565236183e-18
    outer loop
      vertex 17.75619005414793 -0.6389057679725425 4.299999999999997
      vertex 17.86246146238798 -0.4400859472198532 4.999999999999997
      vertex 17.86246146238798 -0.4400859472198532 4.299999999999997
    endloop
  endfacet
  facet normal 0 0 1
    outer loop
      vertex 16.575646129681452 -1.127903072463715 4.299999999999997
      vertex 16.8 -1.15 4.299999999999997
      vertex 16.8 1.15 4.299999999999997
    endloop
  endfacet
  facet normal 0 0 1
    outer loop
      vertex 16.8 -1.15 4.299999999999997
      vertex 17.02435387031855 -1.127903072463715 4.299999999999997
      vertex 17.02435387031855 1.127903072463715 4.299999999999997
    endloop
  endfacet
  facet normal 0 0 1
    outer loop
      vertex 17.02435387031855 -1.127903072463715 4.299999999999997
      vertex 17.240085947219853 -1.0624614623879796 4.299999999999997
      vertex 17.240085947219853 1.0624614623879796 4.299999999999997
    endloop
  endfacet
  facet normal 0 0 1
    outer loop
      vertex 17.240085947219853 -1.0624614623879796 4.299999999999997
      vertex 17.438905767972543 -0.9561900541479269 4.299999999999997
      vertex 17.438905767972543 0.9561900541479269 4.299999999999997
    endloop
  endfacet
  facet normal 0 0 1
    outer loop
      vertex 17.438905767972543 -0.9561900541479269 4.299999999999997
      vertex 17.61317279836453 -0.8131727983645296 4.299999999999997
      vertex 17.61317279836453 0.8131727983645296 4.299999999999997
    endloop
  endfacet
  facet normal 0 0 1
    outer loop
      vertex 17.61317279836453 -0.8131727983645296 4.299999999999997
      vertex 17.75619005414793 -0.6389057679725425 4.299999999999997
      vertex 17.75619005414793 0.6389057679725425 4.299999999999997
    endloop
  endfacet
  facet normal 0 0 1
    outer loop
      vertex 17.75619005414793 -0.6389057679725425 4.299999999999997
      vertex 17.86246146238798 -0.4400859472198532 4.299999999999997
      vertex 17.86246146238798 0.4400859472198532 4.299999999999997
    endloop
  endfacet
  facet normal -0.9569403357322106 0.29028467725445645 4.242179397662932e-18
    outer loop
      vertex 17.86246146238798 -0.4400859472198532 4.299999999999997
      vertex 17.927903072463714 -0.22435387031854748 4.999999999999997
      vertex 17.927903072463714 -0.22435387031854748 4.299999999999997
    endloop
  endfacet
  facet normal 0 0 1
    outer loop
      vertex 17.86246146238798 -0.4400859472198532 4.299999999999997
      vertex 17.927903072463714 -0.22435387031854748 4.299999999999997
      vertex 17.927903072463714 0.22435387031854748 4.299999999999997
    endloop
  endfacet
  facet normal -0.9951847266721967 0.09801714032956266 -1.7967416556427962e-18
    outer loop
      vertex 17.927903072463714 -0.22435387031854748 4.299999999999997
      vertex 17.95 0 4.999999999999997
      vertex 17.95 0 4.299999999999997
    endloop
  endfacet
  facet normal 0.29028467725446483 0.9569403357322082 0
    outer loop
      vertex 16.359914052780148 -1.0624614623879796 4.299999999999997
      vertex 16.359914052780148 -1.0624614623879796 4.999999999999997
      vertex 16.575646129681452 -1.127903072463715 4.999999999999997
    endloop
  endfacet
  facet normal 0.47139673682599753 0.881921264348355 0
    outer loop
      vertex 16.16109423202746 -0.9561900541479269 4.299999999999997
      vertex 16.16109423202746 -0.9561900541479269 4.999999999999997
      vertex 16.359914052780148 -1.0624614623879796 4.999999999999997
    endloop
  endfacet
  facet normal 0.6343932841636434 0.7730104533627387 0
    outer loop
      vertex 15.98682720163547 -0.8131727983645296 4.299999999999997
      vertex 15.98682720163547 -0.8131727983645296 4.999999999999997
      vertex 16.16109423202746 -0.9561900541479269 4.999999999999997
    endloop
  endfacet
  facet normal 0.09801714032956024 0.995184726672197 0
    outer loop
      vertex 16.575646129681452 -1.127903072463715 4.299999999999997
      vertex 16.575646129681452 -1.127903072463715 4.999999999999997
      vertex 16.8 -1.15 4.999999999999997
    endloop
  endfacet
  facet normal -0.09801714032956024 0.995184726672197 0
    outer loop
      vertex 16.8 -1.15 4.299999999999997
      vertex 16.8 -1.15 4.999999999999997
      vertex 17.02435387031855 -1.127903072463715 4.999999999999997
    endloop
  endfacet
  facet normal -0.29028467725446483 0.9569403357322082 0
    outer loop
      vertex 17.02435387031855 -1.127903072463715 4.299999999999997
      vertex 17.02435387031855 -1.127903072463715 4.999999999999997
      vertex 17.240085947219853 -1.0624614623879796 4.999999999999997
    endloop
  endfacet
  facet normal -0.47139673682599753 0.881921264348355 0
    outer loop
      vertex 17.240085947219853 -1.0624614623879796 4.299999999999997
      vertex 17.240085947219853 -1.0624614623879796 4.999999999999997
      vertex 17.438905767972543 -0.9561900541479269 4.999999999999997
    endloop
  endfacet
  facet normal -0.6343932841636434 0.7730104533627387 0
    outer loop
      vertex 17.438905767972543 -0.9561900541479269 4.299999999999997
      vertex 17.438905767972543 -0.9561900541479269 4.999999999999997
      vertex 17.61317279836453 -0.8131727983645296 4.999999999999997
    endloop
  endfacet
  facet normal 0.7730104533627385 0.6343932841636435 0
    outer loop
      vertex 15.843809945852074 -0.6389057679725425 4.299999999999997
      vertex 15.843809945852074 -0.6389057679725425 4.999999999999997
      vertex 15.98682720163547 -0.8131727983645296 4.999999999999997
    endloop
  endfacet
  facet normal 0.8819212643483548 0.47139673682599814 0
    outer loop
      vertex 15.737538537612021 -0.4400859472198532 4.299999999999997
      vertex 15.737538537612021 -0.4400859472198532 4.999999999999997
      vertex 15.843809945852074 -0.6389057679725425 4.999999999999997
    endloop
  endfacet
  facet normal 0.9569403357322085 0.29028467725446366 0
    outer loop
      vertex 15.672096927536286 -0.22435387031854748 4.299999999999997
      vertex 15.672096927536286 -0.22435387031854748 4.999999999999997
      vertex 15.737538537612021 -0.4400859472198532 4.999999999999997
    endloop
  endfacet
  facet normal 0.9951847266721967 0.09801714032956266 1.7967416556427962e-18
    outer loop
      vertex 15.672096927536286 -0.22435387031854748 4.999999999999997
      vertex 15.65 0 4.299999999999997
      vertex 15.65 0 4.999999999999997
    endloop
  endfacet
  facet normal -0.7730104533627347 0.6343932841636483 0
    outer loop
      vertex 17.61317279836453 -0.8131727983645296 4.299999999999997
      vertex 17.61317279836453 -0.8131727983645296 4.999999999999997
      vertex 17.75619005414793 -0.6389057679725425 4.999999999999997
    endloop
  endfacet
  facet normal -0.881921264348358 0.4713967368259921 0
    outer loop
      vertex 17.75619005414793 -0.6389057679725425 4.299999999999997
      vertex 17.75619005414793 -0.6389057679725425 4.999999999999997
      vertex 17.86246146238798 -0.4400859472198532 4.999999999999997
    endloop
  endfacet
  facet normal -0.9569403357322106 0.29028467725445645 0
    outer loop
      vertex 17.86246146238798 -0.4400859472198532 4.299999999999997
      vertex 17.86246146238798 -0.4400859472198532 4.999999999999997
      vertex 17.927903072463714 -0.22435387031854748 4.999999999999997
    endloop
  endfacet
  facet normal -0.9951847266721967 0.09801714032956266 0
    outer loop
      vertex 17.927903072463714 -0.22435387031854748 4.299999999999997
      vertex 17.927903072463714 -0.22435387031854748 4.999999999999997
      vertex 17.95 0 4.999999999999997
    endloop
  endfacet
  facet normal 0 0 1
    outer loop
      vertex 15.672096927536286 -0.22435387031854748 4.299999999999997
      vertex 15.672096927536286 0.22435387031854748 4.299999999999997
      vertex 15.65 0 4.299999999999997
    endloop
  endfacet
  facet normal 0 0 1
    outer loop
      vertex 15.672096927536286 -0.22435387031854748 4.299999999999997
      vertex 15.737538537612021 0.4400859472198532 4.299999999999997
      vertex 15.672096927536286 0.22435387031854748 4.299999999999997
    endloop
  endfacet
  facet normal 0.9951847266721967 -0.09801714032956266 0
    outer loop
      vertex 15.65 0 4.299999999999997
      vertex 15.672096927536286 0.22435387031854748 4.299999999999997
      vertex 15.65 0 4.999999999999997
    endloop
  endfacet
  facet normal 0 0 1
    outer loop
      vertex 15.737538537612021 -0.4400859472198532 4.299999999999997
      vertex 15.843809945852074 0.6389057679725425 4.299999999999997
      vertex 15.737538537612021 0.4400859472198532 4.299999999999997
    endloop
  endfacet
  facet normal 0 0 1
    outer loop
      vertex 15.843809945852074 -0.6389057679725425 4.299999999999997
      vertex 15.98682720163547 0.8131727983645296 4.299999999999997
      vertex 15.843809945852074 0.6389057679725425 4.299999999999997
    endloop
  endfacet
  facet normal 0 0 1
    outer loop
      vertex 15.98682720163547 -0.8131727983645296 4.299999999999997
      vertex 16.16109423202746 0.9561900541479269 4.299999999999997
      vertex 15.98682720163547 0.8131727983645296 4.299999999999997
    endloop
  endfacet
  facet normal 0 0 1
    outer loop
      vertex 16.16109423202746 -0.9561900541479269 4.299999999999997
      vertex 16.359914052780148 1.0624614623879796 4.299999999999997
      vertex 16.16109423202746 0.9561900541479269 4.299999999999997
    endloop
  endfacet
  facet normal 0 0 1
    outer loop
      vertex 16.359914052780148 -1.0624614623879796 4.299999999999997
      vertex 16.575646129681452 1.127903072463715 4.299999999999997
      vertex 16.359914052780148 1.0624614623879796 4.299999999999997
    endloop
  endfacet
  facet normal 0.9569403357322085 -0.29028467725446366 0
    outer loop
      vertex 15.672096927536286 0.22435387031854748 4.299999999999997
      vertex 15.737538537612021 0.4400859472198532 4.299999999999997
      vertex 15.672096927536286 0.22435387031854748 4.999999999999997
    endloop
  endfacet
  facet normal 0.8819212643483548 -0.47139673682599814 0
    outer loop
      vertex 15.737538537612021 0.4400859472198532 4.299999999999997
      vertex 15.843809945852074 0.6389057679725425 4.299999999999997
      vertex 15.737538537612021 0.4400859472198532 4.999999999999997
    endloop
  endfacet
  facet normal 0.7730104533627385 -0.6343932841636435 0
    outer loop
      vertex 15.843809945852074 0.6389057679725425 4.299999999999997
      vertex 15.98682720163547 0.8131727983645296 4.299999999999997
      vertex 15.843809945852074 0.6389057679725425 4.999999999999997
    endloop
  endfacet
  facet normal 0 0 1
    outer loop
      vertex 17.75619005414793 -0.6389057679725425 4.299999999999997
      vertex 17.86246146238798 0.4400859472198532 4.299999999999997
      vertex 17.75619005414793 0.6389057679725425 4.299999999999997
    endloop
  endfacet
  facet normal 0 0 1
    outer loop
      vertex 16.575646129681452 -1.127903072463715 4.299999999999997
      vertex 16.8 1.15 4.299999999999997
      vertex 16.575646129681452 1.127903072463715 4.299999999999997
    endloop
  endfacet
  facet normal 0 0 1
    outer loop
      vertex 17.02435387031855 -1.127903072463715 4.299999999999997
      vertex 17.240085947219853 1.0624614623879796 4.299999999999997
      vertex 17.02435387031855 1.127903072463715 4.299999999999997
    endloop
  endfacet
  facet normal 0 0 1
    outer loop
      vertex 16.8 -1.15 4.299999999999997
      vertex 17.02435387031855 1.127903072463715 4.299999999999997
      vertex 16.8 1.15 4.299999999999997
    endloop
  endfacet
  facet normal 0 0 1
    outer loop
      vertex 17.438905767972543 -0.9561900541479269 4.299999999999997
      vertex 17.61317279836453 0.8131727983645296 4.299999999999997
      vertex 17.438905767972543 0.9561900541479269 4.299999999999997
    endloop
  endfacet
  facet normal 0 0 1
    outer loop
      vertex 17.61317279836453 -0.8131727983645296 4.299999999999997
      vertex 17.75619005414793 0.6389057679725425 4.299999999999997
      vertex 17.61317279836453 0.8131727983645296 4.299999999999997
    endloop
  endfacet
  facet normal 0 0 1
    outer loop
      vertex 17.240085947219853 -1.0624614623879796 4.299999999999997
      vertex 17.438905767972543 0.9561900541479269 4.299999999999997
      vertex 17.240085947219853 1.0624614623879796 4.299999999999997
    endloop
  endfacet
  facet normal 0 0 1
    outer loop
      vertex 17.927903072463714 -0.22435387031854748 4.299999999999997
      vertex 17.95 0 4.299999999999997
      vertex 17.927903072463714 0.22435387031854748 4.299999999999997
    endloop
  endfacet
  facet normal 0 0 1
    outer loop
      vertex 17.86246146238798 -0.4400859472198532 4.299999999999997
      vertex 17.927903072463714 0.22435387031854748 4.299999999999997
      vertex 17.86246146238798 0.4400859472198532 4.299999999999997
    endloop
  endfacet
  facet normal -0.9951847266721967 -0.09801714032956266 1.7967416556427962e-18
    outer loop
      vertex 17.95 0 4.299999999999997
      vertex 17.927903072463714 0.22435387031854748 4.999999999999997
      vertex 17.927903072463714 0.22435387031854748 4.299999999999997
    endloop
  endfacet
  facet normal -0.9569403357322106 -0.29028467725445645 0
    outer loop
      vertex 17.86246146238798 0.4400859472198532 4.299999999999997
      vertex 17.927903072463714 0.22435387031854748 4.299999999999997
      vertex 17.86246146238798 0.4400859472198532 4.999999999999997
    endloop
  endfacet
  facet normal -0.881921264348358 -0.4713967368259921 5.685138565236183e-18
    outer loop
      vertex 17.86246146238798 0.4400859472198532 4.299999999999997
      vertex 17.75619005414793 0.6389057679725425 4.999999999999997
      vertex 17.75619005414793 0.6389057679725425 4.299999999999997
    endloop
  endfacet
  facet normal -0.7730104533627347 -0.6343932841636483 -1.005608978455013e-17
    outer loop
      vertex 17.75619005414793 0.6389057679725425 4.299999999999997
      vertex 17.61317279836453 0.8131727983645296 4.999999999999997
      vertex 17.61317279836453 0.8131727983645296 4.299999999999997
    endloop
  endfacet
  facet normal 0.6343932841636434 -0.7730104533627387 0
    outer loop
      vertex 15.98682720163547 0.8131727983645296 4.299999999999997
      vertex 16.16109423202746 0.9561900541479269 4.299999999999997
      vertex 15.98682720163547 0.8131727983645296 4.999999999999997
    endloop
  endfacet
  facet normal 0.47139673682599753 -0.881921264348355 0
    outer loop
      vertex 16.16109423202746 0.9561900541479269 4.299999999999997
      vertex 16.359914052780148 1.0624614623879796 4.299999999999997
      vertex 16.16109423202746 0.9561900541479269 4.999999999999997
    endloop
  endfacet
  facet normal 0.29028467725446483 -0.9569403357322082 0
    outer loop
      vertex 16.359914052780148 1.0624614623879796 4.299999999999997
      vertex 16.575646129681452 1.127903072463715 4.299999999999997
      vertex 16.359914052780148 1.0624614623879796 4.999999999999997
    endloop
  endfacet
  facet normal -0.6343932841636434 -0.7730104533627387 0
    outer loop
      vertex 17.438905767972543 0.9561900541479269 4.299999999999997
      vertex 17.61317279836453 0.8131727983645296 4.299999999999997
      vertex 17.438905767972543 0.9561900541479269 4.999999999999997
    endloop
  endfacet
  facet normal -0.29028467725446483 -0.9569403357322082 0
    outer loop
      vertex 17.02435387031855 1.127903072463715 4.299999999999997
      vertex 17.240085947219853 1.0624614623879796 4.299999999999997
      vertex 17.02435387031855 1.127903072463715 4.999999999999997
    endloop
  endfacet
  facet normal 0.09801714032956024 -0.995184726672197 0
    outer loop
      vertex 16.575646129681452 1.127903072463715 4.299999999999997
      vertex 16.8 1.15 4.299999999999997
      vertex 16.575646129681452 1.127903072463715 4.999999999999997
    endloop
  endfacet
  facet normal -0.09801714032956024 -0.995184726672197 0
    outer loop
      vertex 16.8 1.15 4.299999999999997
      vertex 17.02435387031855 1.127903072463715 4.299999999999997
      vertex 16.8 1.15 4.999999999999997
    endloop
  endfacet
  facet normal -0.47139673682599753 -0.881921264348355 0
    outer loop
      vertex 17.240085947219853 1.0624614623879796 4.299999999999997
      vertex 17.438905767972543 0.9561900541479269 4.299999999999997
      vertex 17.240085947219853 1.0624614623879796 4.999999999999997
    endloop
  endfacet
  facet normal 0.9951847266721967 -0.09801714032956266 0
    outer loop
      vertex 15.672096927536286 0.22435387031854748 4.299999999999997
      vertex 15.672096927536286 0.22435387031854748 4.999999999999997
      vertex 15.65 0 4.999999999999997
    endloop
  endfacet
  facet normal 0.9569403357322085 -0.29028467725446366 0
    outer loop
      vertex 15.737538537612021 0.4400859472198532 4.299999999999997
      vertex 15.737538537612021 0.4400859472198532 4.999999999999997
      vertex 15.672096927536286 0.22435387031854748 4.999999999999997
    endloop
  endfacet
  facet normal 0.8819212643483548 -0.47139673682599814 0
    outer loop
      vertex 15.843809945852074 0.6389057679725425 4.299999999999997
      vertex 15.843809945852074 0.6389057679725425 4.999999999999997
      vertex 15.737538537612021 0.4400859472198532 4.999999999999997
    endloop
  endfacet
  facet normal 0.7730104533627385 -0.6343932841636435 0
    outer loop
      vertex 15.98682720163547 0.8131727983645296 4.299999999999997
      vertex 15.98682720163547 0.8131727983645296 4.999999999999997
      vertex 15.843809945852074 0.6389057679725425 4.999999999999997
    endloop
  endfacet
  facet normal -0.9951847266721967 -0.09801714032956266 0
    outer loop
      vertex 17.95 0 4.299999999999997
      vertex 17.95 0 4.999999999999997
      vertex 17.927903072463714 0.22435387031854748 4.999999999999997
    endloop
  endfacet
  facet normal -0.9569403357322106 -0.29028467725445645 0
    outer loop
      vertex 17.927903072463714 0.22435387031854748 4.299999999999997
      vertex 17.927903072463714 0.22435387031854748 4.999999999999997
      vertex 17.86246146238798 0.4400859472198532 4.999999999999997
    endloop
  endfacet
  facet normal -0.881921264348358 -0.4713967368259921 0
    outer loop
      vertex 17.86246146238798 0.4400859472198532 4.299999999999997
      vertex 17.86246146238798 0.4400859472198532 4.999999999999997
      vertex 17.75619005414793 0.6389057679725425 4.999999999999997
    endloop
  endfacet
  facet normal -0.7730104533627347 -0.6343932841636483 0
    outer loop
      vertex 17.75619005414793 0.6389057679725425 4.299999999999997
      vertex 17.75619005414793 0.6389057679725425 4.999999999999997
      vertex 17.61317279836453 0.8131727983645296 4.999999999999997
    endloop
  endfacet
  facet normal 0.6343932841636434 -0.7730104533627387 0
    outer loop
      vertex 16.16109423202746 0.9561900541479269 4.299999999999997
      vertex 16.16109423202746 0.9561900541479269 4.999999999999997
      vertex 15.98682720163547 0.8131727983645296 4.999999999999997
    endloop
  endfacet
  facet normal 0.47139673682599753 -0.881921264348355 0
    outer loop
      vertex 16.359914052780148 1.0624614623879796 4.299999999999997
      vertex 16.359914052780148 1.0624614623879796 4.999999999999997
      vertex 16.16109423202746 0.9561900541479269 4.999999999999997
    endloop
  endfacet
  facet normal 0.29028467725446483 -0.9569403357322082 0
    outer loop
      vertex 16.575646129681452 1.127903072463715 4.299999999999997
      vertex 16.575646129681452 1.127903072463715 4.999999999999997
      vertex 16.359914052780148 1.0624614623879796 4.999999999999997
    endloop
  endfacet
  facet normal -0.6343932841636434 -0.7730104533627387 0
    outer loop
      vertex 17.61317279836453 0.8131727983645296 4.299999999999997
      vertex 17.61317279836453 0.8131727983645296 4.999999999999997
      vertex 17.438905767972543 0.9561900541479269 4.999999999999997
    endloop
  endfacet
  facet normal -0.47139673682599753 -0.881921264348355 0
    outer loop
      vertex 17.438905767972543 0.9561900541479269 4.299999999999997
      vertex 17.438905767972543 0.9561900541479269 4.999999999999997
      vertex 17.240085947219853 1.0624614623879796 4.999999999999997
    endloop
  endfacet
  facet normal -0.29028467725446483 -0.9569403357322082 0
    outer loop
      vertex 17.240085947219853 1.0624614623879796 4.299999999999997
      vertex 17.240085947219853 1.0624614623879796 4.999999999999997
      vertex 17.02435387031855 1.127903072463715 4.999999999999997
    endloop
  endfacet
  facet normal 0.09801714032956024 -0.995184726672197 4.836044237655908e-19
    outer loop
      vertex 16.575646129681452 1.127903072463715 4.999999999999997
      vertex 16.8 1.15 4.299999999999997
      vertex 16.8 1.15 4.999999999999997
    endloop
  endfacet
  facet normal -0.09801714032956024 -0.995184726672197 0
    outer loop
      vertex 17.02435387031855 1.127903072463715 4.299999999999997
      vertex 17.02435387031855 1.127903072463715 4.999999999999997
      vertex 16.8 1.15 4.999999999999997
    endloop
  endfacet
  facet normal 0.2902846772544628 0.9569403357322088 3.497294965721992e-18
    outer loop
      vertex -0.4400859472198532 -1.0624614623879796 4.299999999999997
      vertex -0.22435387031854748 -1.127903072463715 4.999999999999997
      vertex -0.22435387031854748 -1.127903072463715 4.299999999999997
    endloop
  endfacet
  facet normal 0.47139673682599736 0.8819212643483552 4.1180332130189614e-18
    outer loop
      vertex -0.6389057679725425 -0.9561900541479269 4.299999999999997
      vertex -0.4400859472198532 -1.0624614623879796 4.999999999999997
      vertex -0.4400859472198532 -1.0624614623879796 4.299999999999997
    endloop
  endfacet
  facet normal 0.0980171403295607 0.9951847266721968 1.077721310455178e-18
    outer loop
      vertex -0.22435387031854748 -1.127903072463715 4.299999999999997
      vertex 0 -1.15 4.999999999999997
      vertex 0 -1.15 4.299999999999997
    endloop
  endfacet
  facet normal -0.0980171403295607 0.9951847266721968 -1.077721310455178e-18
    outer loop
      vertex 0 -1.15 4.299999999999997
      vertex 0.22435387031854748 -1.127903072463715 4.999999999999997
      vertex 0.22435387031854748 -1.127903072463715 4.299999999999997
    endloop
  endfacet
  facet normal -0.2902846772544628 0.9569403357322088 -3.497294965721992e-18
    outer loop
      vertex 0.22435387031854748 -1.127903072463715 4.299999999999997
      vertex 0.4400859472198532 -1.0624614623879796 4.999999999999997
      vertex 0.4400859472198532 -1.0624614623879796 4.299999999999997
    endloop
  endfacet
  facet normal 0.6343932841636454 0.7730104533627371 6.772550187604592e-18
    outer loop
      vertex -0.8131727983645296 -0.8131727983645296 4.299999999999997
      vertex -0.6389057679725425 -0.9561900541479269 4.999999999999997
      vertex -0.6389057679725425 -0.9561900541479269 4.299999999999997
    endloop
  endfacet
  facet normal -0.47139673682599736 0.8819212643483552 -4.1180332130189614e-18
    outer loop
      vertex 0.4400859472198532 -1.0624614623879796 4.299999999999997
      vertex 0.6389057679725425 -0.9561900541479269 4.999999999999997
      vertex 0.6389057679725425 -0.9561900541479269 4.299999999999997
    endloop
  endfacet
  facet normal -0.6343932841636454 0.7730104533627371 -6.772550187604592e-18
    outer loop
      vertex 0.6389057679725425 -0.9561900541479269 4.299999999999997
      vertex 0.8131727983645296 -0.8131727983645296 4.999999999999997
      vertex 0.8131727983645296 -0.8131727983645296 4.299999999999997
    endloop
  endfacet
  facet normal 0.8819212643483552 0.47139673682599736 0
    outer loop
      vertex -0.9561900541479269 -0.6389057679725425 4.299999999999997
      vertex -1.0624614623879796 -0.4400859472198532 4.299999999999997
      vertex -0.9561900541479269 -0.6389057679725425 4.999999999999997
    endloop
  endfacet
  facet normal 0.7730104533627371 0.6343932841636454 0
    outer loop
      vertex -0.8131727983645296 -0.8131727983645296 4.299999999999997
      vertex -0.9561900541479269 -0.6389057679725425 4.299999999999997
      vertex -0.8131727983645296 -0.8131727983645296 4.999999999999997
    endloop
  endfacet
  facet normal 0.9569403357322088 0.2902846772544628 3.497294965721992e-18
    outer loop
      vertex -1.127903072463715 -0.22435387031854748 4.299999999999997
      vertex -1.0624614623879796 -0.4400859472198532 4.999999999999997
      vertex -1.0624614623879796 -0.4400859472198532 4.299999999999997
    endloop
  endfacet
  facet normal 0 0 1
    outer loop
      vertex -0.9561900541479269 -0.6389057679725425 4.299999999999997
      vertex -0.9561900541479269 0.6389057679725425 4.299999999999997
      vertex -1.0624614623879796 -0.4400859472198532 4.299999999999997
    endloop
  endfacet
  facet normal 0 0 1
    outer loop
      vertex -1.127903072463715 -0.22435387031854748 4.299999999999997
      vertex -1.0624614623879796 -0.4400859472198532 4.299999999999997
      vertex -1.0624614623879796 0.4400859472198532 4.299999999999997
    endloop
  endfacet
  facet normal 0.9951847266721968 0.0980171403295607 0
    outer loop
      vertex -1.127903072463715 -0.22435387031854748 4.299999999999997
      vertex -1.15 0 4.299999999999997
      vertex -1.127903072463715 -0.22435387031854748 4.999999999999997
    endloop
  endfacet
  facet normal 0 0 1
    outer loop
      vertex -0.6389057679725425 -0.9561900541479269 4.299999999999997
      vertex -0.4400859472198532 -1.0624614623879796 4.299999999999997
      vertex -0.4400859472198532 1.0624614623879796 4.299999999999997
    endloop
  endfacet
  facet normal 0 0 1
    outer loop
      vertex -0.4400859472198532 -1.0624614623879796 4.299999999999997
      vertex -0.22435387031854748 -1.127903072463715 4.299999999999997
      vertex -0.22435387031854748 1.127903072463715 4.299999999999997
    endloop
  endfacet
  facet normal 0 0 1
    outer loop
      vertex -0.8131727983645296 -0.8131727983645296 4.299999999999997
      vertex -0.6389057679725425 -0.9561900541479269 4.299999999999997
      vertex -0.6389057679725425 0.9561900541479269 4.299999999999997
    endloop
  endfacet
  facet normal 0 0 1
    outer loop
      vertex -0.8131727983645296 -0.8131727983645296 4.299999999999997
      vertex -0.8131727983645296 0.8131727983645296 4.299999999999997
      vertex -0.9561900541479269 -0.6389057679725425 4.299999999999997
    endloop
  endfacet
  facet normal 0 0 1
    outer loop
      vertex -0.22435387031854748 -1.127903072463715 4.299999999999997
      vertex 0 -1.15 4.299999999999997
      vertex 0 1.15 4.299999999999997
    endloop
  endfacet
  facet normal 0 0 1
    outer loop
      vertex 0 -1.15 4.299999999999997
      vertex 0.22435387031854748 -1.127903072463715 4.299999999999997
      vertex 0.22435387031854748 1.127903072463715 4.299999999999997
    endloop
  endfacet
  facet normal 0 0 1
    outer loop
      vertex 0.22435387031854748 -1.127903072463715 4.299999999999997
      vertex 0.4400859472198532 -1.0624614623879796 4.299999999999997
      vertex 0.4400859472198532 1.0624614623879796 4.299999999999997
    endloop
  endfacet
  facet normal -0.7730104533627371 0.6343932841636454 -6.772550187604592e-18
    outer loop
      vertex 0.8131727983645296 -0.8131727983645296 4.299999999999997
      vertex 0.9561900541479269 -0.6389057679725425 4.999999999999997
      vertex 0.9561900541479269 -0.6389057679725425 4.299999999999997
    endloop
  endfacet
  facet normal -0.8819212643483552 0.47139673682599736 -4.1180332130189614e-18
    outer loop
      vertex 0.9561900541479269 -0.6389057679725425 4.299999999999997
      vertex 1.0624614623879796 -0.4400859472198532 4.999999999999997
      vertex 1.0624614623879796 -0.4400859472198532 4.299999999999997
    endloop
  endfacet
  facet normal 0 0 1
    outer loop
      vertex 0.4400859472198532 -1.0624614623879796 4.299999999999997
      vertex 0.6389057679725425 -0.9561900541479269 4.299999999999997
      vertex 0.6389057679725425 0.9561900541479269 4.299999999999997
    endloop
  endfacet
  facet normal 0 0 1
    outer loop
      vertex 0.6389057679725425 -0.9561900541479269 4.299999999999997
      vertex 0.8131727983645296 -0.8131727983645296 4.299999999999997
      vertex 0.8131727983645296 0.8131727983645296 4.299999999999997
    endloop
  endfacet
  facet normal 0 0 1
    outer loop
      vertex 0.8131727983645296 -0.8131727983645296 4.299999999999997
      vertex 0.9561900541479269 -0.6389057679725425 4.299999999999997
      vertex 0.9561900541479269 0.6389057679725425 4.299999999999997
    endloop
  endfacet
  facet normal 0 0 1
    outer loop
      vertex 0.9561900541479269 -0.6389057679725425 4.299999999999997
      vertex 1.0624614623879796 -0.4400859472198532 4.299999999999997
      vertex 1.0624614623879796 0.4400859472198532 4.299999999999997
    endloop
  endfacet
  facet normal -0.9569403357322088 0.2902846772544628 -3.497294965721992e-18
    outer loop
      vertex 1.0624614623879796 -0.4400859472198532 4.299999999999997
      vertex 1.127903072463715 -0.22435387031854748 4.999999999999997
      vertex 1.127903072463715 -0.22435387031854748 4.299999999999997
    endloop
  endfacet
  facet normal 0 0 1
    outer loop
      vertex 1.0624614623879796 -0.4400859472198532 4.299999999999997
      vertex 1.127903072463715 -0.22435387031854748 4.299999999999997
      vertex 1.127903072463715 0.22435387031854748 4.299999999999997
    endloop
  endfacet
  facet normal -0.9951847266721968 0.0980171403295607 -1.077721310455178e-18
    outer loop
      vertex 1.127903072463715 -0.22435387031854748 4.299999999999997
      vertex 1.15 0 4.999999999999997
      vertex 1.15 0 4.299999999999997
    endloop
  endfacet
  facet normal 0.2902846772544628 0.9569403357322088 0
    outer loop
      vertex -0.4400859472198532 -1.0624614623879796 4.299999999999997
      vertex -0.4400859472198532 -1.0624614623879796 4.999999999999997
      vertex -0.22435387031854748 -1.127903072463715 4.999999999999997
    endloop
  endfacet
  facet normal 0.0980171403295607 0.9951847266721968 0
    outer loop
      vertex -0.22435387031854748 -1.127903072463715 4.299999999999997
      vertex -0.22435387031854748 -1.127903072463715 4.999999999999997
      vertex 0 -1.15 4.999999999999997
    endloop
  endfacet
  facet normal -0.0980171403295607 0.9951847266721968 0
    outer loop
      vertex 0 -1.15 4.299999999999997
      vertex 0 -1.15 4.999999999999997
      vertex 0.22435387031854748 -1.127903072463715 4.999999999999997
    endloop
  endfacet
  facet normal -0.2902846772544628 0.9569403357322088 0
    outer loop
      vertex 0.22435387031854748 -1.127903072463715 4.299999999999997
      vertex 0.22435387031854748 -1.127903072463715 4.999999999999997
      vertex 0.4400859472198532 -1.0624614623879796 4.999999999999997
    endloop
  endfacet
  facet normal 0.47139673682599736 0.8819212643483552 0
    outer loop
      vertex -0.6389057679725425 -0.9561900541479269 4.299999999999997
      vertex -0.6389057679725425 -0.9561900541479269 4.999999999999997
      vertex -0.4400859472198532 -1.0624614623879796 4.999999999999997
    endloop
  endfacet
  facet normal 0.6343932841636454 0.7730104533627371 0
    outer loop
      vertex -0.8131727983645296 -0.8131727983645296 4.299999999999997
      vertex -0.8131727983645296 -0.8131727983645296 4.999999999999997
      vertex -0.6389057679725425 -0.9561900541479269 4.999999999999997
    endloop
  endfacet
  facet normal -0.47139673682599736 0.8819212643483552 0
    outer loop
      vertex 0.4400859472198532 -1.0624614623879796 4.299999999999997
      vertex 0.4400859472198532 -1.0624614623879796 4.999999999999997
      vertex 0.6389057679725425 -0.9561900541479269 4.999999999999997
    endloop
  endfacet
  facet normal -0.6343932841636454 0.7730104533627371 0
    outer loop
      vertex 0.6389057679725425 -0.9561900541479269 4.299999999999997
      vertex 0.6389057679725425 -0.9561900541479269 4.999999999999997
      vertex 0.8131727983645296 -0.8131727983645296 4.999999999999997
    endloop
  endfacet
  facet normal 0.7730104533627371 0.6343932841636454 0
    outer loop
      vertex -0.9561900541479269 -0.6389057679725425 4.299999999999997
      vertex -0.9561900541479269 -0.6389057679725425 4.999999999999997
      vertex -0.8131727983645296 -0.8131727983645296 4.999999999999997
    endloop
  endfacet
  facet normal 0.8819212643483552 0.47139673682599736 0
    outer loop
      vertex -1.0624614623879796 -0.4400859472198532 4.299999999999997
      vertex -1.0624614623879796 -0.4400859472198532 4.999999999999997
      vertex -0.9561900541479269 -0.6389057679725425 4.999999999999997
    endloop
  endfacet
  facet normal 0.9569403357322088 0.2902846772544628 0
    outer loop
      vertex -1.127903072463715 -0.22435387031854748 4.299999999999997
      vertex -1.127903072463715 -0.22435387031854748 4.999999999999997
      vertex -1.0624614623879796 -0.4400859472198532 4.999999999999997
    endloop
  endfacet
  facet normal 0.9951847266721968 0.0980171403295607 1.077721310455178e-18
    outer loop
      vertex -1.127903072463715 -0.22435387031854748 4.999999999999997
      vertex -1.15 0 4.299999999999997
      vertex -1.15 0 4.999999999999997
    endloop
  endfacet
  facet normal -0.7730104533627371 0.6343932841636454 0
    outer loop
      vertex 0.8131727983645296 -0.8131727983645296 4.299999999999997
      vertex 0.8131727983645296 -0.8131727983645296 4.999999999999997
      vertex 0.9561900541479269 -0.6389057679725425 4.999999999999997
    endloop
  endfacet
  facet normal -0.8819212643483552 0.47139673682599736 0
    outer loop
      vertex 0.9561900541479269 -0.6389057679725425 4.299999999999997
      vertex 0.9561900541479269 -0.6389057679725425 4.999999999999997
      vertex 1.0624614623879796 -0.4400859472198532 4.999999999999997
    endloop
  endfacet
  facet normal -0.9569403357322088 0.2902846772544628 0
    outer loop
      vertex 1.0624614623879796 -0.4400859472198532 4.299999999999997
      vertex 1.0624614623879796 -0.4400859472198532 4.999999999999997
      vertex 1.127903072463715 -0.22435387031854748 4.999999999999997
    endloop
  endfacet
  facet normal -0.9951847266721968 0.0980171403295607 0
    outer loop
      vertex 1.127903072463715 -0.22435387031854748 4.299999999999997
      vertex 1.127903072463715 -0.22435387031854748 4.999999999999997
      vertex 1.15 0 4.999999999999997
    endloop
  endfacet
  facet normal 0 0 1
    outer loop
      vertex -1.127903072463715 -0.22435387031854748 4.299999999999997
      vertex -1.127903072463715 0.22435387031854748 4.299999999999997
      vertex -1.15 0 4.299999999999997
    endloop
  endfacet
  facet normal 0 0 1
    outer loop
      vertex -1.127903072463715 -0.22435387031854748 4.299999999999997
      vertex -1.0624614623879796 0.4400859472198532 4.299999999999997
      vertex -1.127903072463715 0.22435387031854748 4.299999999999997
    endloop
  endfacet
  facet normal 0.9951847266721968 -0.0980171403295607 0
    outer loop
      vertex -1.15 0 4.299999999999997
      vertex -1.127903072463715 0.22435387031854748 4.299999999999997
      vertex -1.15 0 4.999999999999997
    endloop
  endfacet
  facet normal 0 0 1
    outer loop
      vertex -1.0624614623879796 -0.4400859472198532 4.299999999999997
      vertex -0.9561900541479269 0.6389057679725425 4.299999999999997
      vertex -1.0624614623879796 0.4400859472198532 4.299999999999997
    endloop
  endfacet
  facet normal 0 0 1
    outer loop
      vertex -0.9561900541479269 -0.6389057679725425 4.299999999999997
      vertex -0.8131727983645296 0.8131727983645296 4.299999999999997
      vertex -0.9561900541479269 0.6389057679725425 4.299999999999997
    endloop
  endfacet
  facet normal 0.9569403357322088 -0.2902846772544628 0
    outer loop
      vertex -1.127903072463715 0.22435387031854748 4.299999999999997
      vertex -1.0624614623879796 0.4400859472198532 4.299999999999997
      vertex -1.127903072463715 0.22435387031854748 4.999999999999997
    endloop
  endfacet
  facet normal 0 0 1
    outer loop
      vertex -0.8131727983645296 -0.8131727983645296 4.299999999999997
      vertex -0.6389057679725425 0.9561900541479269 4.299999999999997
      vertex -0.8131727983645296 0.8131727983645296 4.299999999999997
    endloop
  endfacet
  facet normal 0 0 1
    outer loop
      vertex -0.6389057679725425 -0.9561900541479269 4.299999999999997
      vertex -0.4400859472198532 1.0624614623879796 4.299999999999997
      vertex -0.6389057679725425 0.9561900541479269 4.299999999999997
    endloop
  endfacet
  facet normal 0 0 1
    outer loop
      vertex -0.4400859472198532 -1.0624614623879796 4.299999999999997
      vertex -0.22435387031854748 1.127903072463715 4.299999999999997
      vertex -0.4400859472198532 1.0624614623879796 4.299999999999997
    endloop
  endfacet
  facet normal 0 0 1
    outer loop
      vertex -0.22435387031854748 -1.127903072463715 4.299999999999997
      vertex 0 1.15 4.299999999999997
      vertex -0.22435387031854748 1.127903072463715 4.299999999999997
    endloop
  endfacet
  facet normal 0 0 1
    outer loop
      vertex 0 -1.15 4.299999999999997
      vertex 0.22435387031854748 1.127903072463715 4.299999999999997
      vertex 0 1.15 4.299999999999997
    endloop
  endfacet
  facet normal 0 0 1
    outer loop
      vertex 0.22435387031854748 -1.127903072463715 4.299999999999997
      vertex 0.4400859472198532 1.0624614623879796 4.299999999999997
      vertex 0.22435387031854748 1.127903072463715 4.299999999999997
    endloop
  endfacet
  facet normal 0.8819212643483552 -0.47139673682599736 0
    outer loop
      vertex -1.0624614623879796 0.4400859472198532 4.299999999999997
      vertex -0.9561900541479269 0.6389057679725425 4.299999999999997
      vertex -1.0624614623879796 0.4400859472198532 4.999999999999997
    endloop
  endfacet
  facet normal 0.7730104533627371 -0.6343932841636454 0
    outer loop
      vertex -0.9561900541479269 0.6389057679725425 4.299999999999997
      vertex -0.8131727983645296 0.8131727983645296 4.299999999999997
      vertex -0.9561900541479269 0.6389057679725425 4.999999999999997
    endloop
  endfacet
  facet normal 0 0 1
    outer loop
      vertex 1.127903072463715 -0.22435387031854748 4.299999999999997
      vertex 1.15 0 4.299999999999997
      vertex 1.127903072463715 0.22435387031854748 4.299999999999997
    endloop
  endfacet
  facet normal 0 0 1
    outer loop
      vertex 1.0624614623879796 -0.4400859472198532 4.299999999999997
      vertex 1.127903072463715 0.22435387031854748 4.299999999999997
      vertex 1.0624614623879796 0.4400859472198532 4.299999999999997
    endloop
  endfacet
  facet normal 0 0 1
    outer loop
      vertex 0.9561900541479269 -0.6389057679725425 4.299999999999997
      vertex 1.0624614623879796 0.4400859472198532 4.299999999999997
      vertex 0.9561900541479269 0.6389057679725425 4.299999999999997
    endloop
  endfacet
  facet normal -0.9951847266721968 -0.0980171403295607 1.077721310455178e-18
    outer loop
      vertex 1.15 0 4.299999999999997
      vertex 1.127903072463715 0.22435387031854748 4.999999999999997
      vertex 1.127903072463715 0.22435387031854748 4.299999999999997
    endloop
  endfacet
  facet normal 0 0 1
    outer loop
      vertex 0.6389057679725425 -0.9561900541479269 4.299999999999997
      vertex 0.8131727983645296 0.8131727983645296 4.299999999999997
      vertex 0.6389057679725425 0.9561900541479269 4.299999999999997
    endloop
  endfacet
  facet normal 0 0 1
    outer loop
      vertex 0.8131727983645296 -0.8131727983645296 4.299999999999997
      vertex 0.9561900541479269 0.6389057679725425 4.299999999999997
      vertex 0.8131727983645296 0.8131727983645296 4.299999999999997
    endloop
  endfacet
  facet normal 0 0 1
    outer loop
      vertex 0.4400859472198532 -1.0624614623879796 4.299999999999997
      vertex 0.6389057679725425 0.9561900541479269 4.299999999999997
      vertex 0.4400859472198532 1.0624614623879796 4.299999999999997
    endloop
  endfacet
  facet normal -0.9569403357322088 -0.2902846772544628 0
    outer loop
      vertex 1.0624614623879796 0.4400859472198532 4.299999999999997
      vertex 1.127903072463715 0.22435387031854748 4.299999999999997
      vertex 1.0624614623879796 0.4400859472198532 4.999999999999997
    endloop
  endfacet
  facet normal -0.8819212643483552 -0.47139673682599736 4.1180332130189614e-18
    outer loop
      vertex 1.0624614623879796 0.4400859472198532 4.299999999999997
      vertex 0.9561900541479269 0.6389057679725425 4.999999999999997
      vertex 0.9561900541479269 0.6389057679725425 4.299999999999997
    endloop
  endfacet
  facet normal -0.7730104533627371 -0.6343932841636454 6.772550187604592e-18
    outer loop
      vertex 0.9561900541479269 0.6389057679725425 4.299999999999997
      vertex 0.8131727983645296 0.8131727983645296 4.999999999999997
      vertex 0.8131727983645296 0.8131727983645296 4.299999999999997
    endloop
  endfacet
  facet normal 0.6343932841636454 -0.7730104533627371 0
    outer loop
      vertex -0.8131727983645296 0.8131727983645296 4.299999999999997
      vertex -0.6389057679725425 0.9561900541479269 4.299999999999997
      vertex -0.8131727983645296 0.8131727983645296 4.999999999999997
    endloop
  endfacet
  facet normal 0.47139673682599736 -0.8819212643483552 0
    outer loop
      vertex -0.6389057679725425 0.9561900541479269 4.299999999999997
      vertex -0.4400859472198532 1.0624614623879796 4.299999999999997
      vertex -0.6389057679725425 0.9561900541479269 4.999999999999997
    endloop
  endfacet
  facet normal 0.2902846772544628 -0.9569403357322088 0
    outer loop
      vertex -0.4400859472198532 1.0624614623879796 4.299999999999997
      vertex -0.22435387031854748 1.127903072463715 4.299999999999997
      vertex -0.4400859472198532 1.0624614623879796 4.999999999999997
    endloop
  endfacet
  facet normal -0.2902846772544628 -0.9569403357322088 0
    outer loop
      vertex 0.22435387031854748 1.127903072463715 4.299999999999997
      vertex 0.4400859472198532 1.0624614623879796 4.299999999999997
      vertex 0.22435387031854748 1.127903072463715 4.999999999999997
    endloop
  endfacet
  facet normal 0.0980171403295607 -0.9951847266721968 0
    outer loop
      vertex -0.22435387031854748 1.127903072463715 4.299999999999997
      vertex 0 1.15 4.299999999999997
      vertex -0.22435387031854748 1.127903072463715 4.999999999999997
    endloop
  endfacet
  facet normal -0.0980171403295607 -0.9951847266721968 0
    outer loop
      vertex 0 1.15 4.299999999999997
      vertex 0.22435387031854748 1.127903072463715 4.299999999999997
      vertex 0 1.15 4.999999999999997
    endloop
  endfacet
  facet normal -0.6343932841636454 -0.7730104533627371 0
    outer loop
      vertex 0.6389057679725425 0.9561900541479269 4.299999999999997
      vertex 0.8131727983645296 0.8131727983645296 4.299999999999997
      vertex 0.6389057679725425 0.9561900541479269 4.999999999999997
    endloop
  endfacet
  facet normal -0.47139673682599736 -0.8819212643483552 0
    outer loop
      vertex 0.4400859472198532 1.0624614623879796 4.299999999999997
      vertex 0.6389057679725425 0.9561900541479269 4.299999999999997
      vertex 0.4400859472198532 1.0624614623879796 4.999999999999997
    endloop
  endfacet
  facet normal 0.9951847266721968 -0.0980171403295607 0
    outer loop
      vertex -1.127903072463715 0.22435387031854748 4.299999999999997
      vertex -1.127903072463715 0.22435387031854748 4.999999999999997
      vertex -1.15 0 4.999999999999997
    endloop
  endfacet
  facet normal 0.9569403357322088 -0.2902846772544628 0
    outer loop
      vertex -1.0624614623879796 0.4400859472198532 4.299999999999997
      vertex -1.0624614623879796 0.4400859472198532 4.999999999999997
      vertex -1.127903072463715 0.22435387031854748 4.999999999999997
    endloop
  endfacet
  facet normal 0.8819212643483552 -0.47139673682599736 0
    outer loop
      vertex -0.9561900541479269 0.6389057679725425 4.299999999999997
      vertex -0.9561900541479269 0.6389057679725425 4.999999999999997
      vertex -1.0624614623879796 0.4400859472198532 4.999999999999997
    endloop
  endfacet
  facet normal 0.7730104533627371 -0.6343932841636454 0
    outer loop
      vertex -0.8131727983645296 0.8131727983645296 4.299999999999997
      vertex -0.8131727983645296 0.8131727983645296 4.999999999999997
      vertex -0.9561900541479269 0.6389057679725425 4.999999999999997
    endloop
  endfacet
  facet normal -0.9951847266721968 -0.0980171403295607 0
    outer loop
      vertex 1.15 0 4.299999999999997
      vertex 1.15 0 4.999999999999997
      vertex 1.127903072463715 0.22435387031854748 4.999999999999997
    endloop
  endfacet
  facet normal -0.9569403357322088 -0.2902846772544628 0
    outer loop
      vertex 1.127903072463715 0.22435387031854748 4.299999999999997
      vertex 1.127903072463715 0.22435387031854748 4.999999999999997
      vertex 1.0624614623879796 0.4400859472198532 4.999999999999997
    endloop
  endfacet
  facet normal -0.8819212643483552 -0.47139673682599736 0
    outer loop
      vertex 1.0624614623879796 0.4400859472198532 4.299999999999997
      vertex 1.0624614623879796 0.4400859472198532 4.999999999999997
      vertex 0.9561900541479269 0.6389057679725425 4.999999999999997
    endloop
  endfacet
  facet normal -0.7730104533627371 -0.6343932841636454 0
    outer loop
      vertex 0.9561900541479269 0.6389057679725425 4.299999999999997
      vertex 0.9561900541479269 0.6389057679725425 4.999999999999997
      vertex 0.8131727983645296 0.8131727983645296 4.999999999999997
    endloop
  endfacet
  facet normal 0.6343932841636454 -0.7730104533627371 0
    outer loop
      vertex -0.6389057679725425 0.9561900541479269 4.299999999999997
      vertex -0.6389057679725425 0.9561900541479269 4.999999999999997
      vertex -0.8131727983645296 0.8131727983645296 4.999999999999997
    endloop
  endfacet
  facet normal 0.47139673682599736 -0.8819212643483552 0
    outer loop
      vertex -0.4400859472198532 1.0624614623879796 4.299999999999997
      vertex -0.4400859472198532 1.0624614623879796 4.999999999999997
      vertex -0.6389057679725425 0.9561900541479269 4.999999999999997
    endloop
  endfacet
  facet normal 0.2902846772544628 -0.9569403357322088 0
    outer loop
      vertex -0.22435387031854748 1.127903072463715 4.299999999999997
      vertex -0.22435387031854748 1.127903072463715 4.999999999999997
      vertex -0.4400859472198532 1.0624614623879796 4.999999999999997
    endloop
  endfacet
  facet normal -0.2902846772544628 -0.9569403357322088 0
    outer loop
      vertex 0.4400859472198532 1.0624614623879796 4.299999999999997
      vertex 0.4400859472198532 1.0624614623879796 4.999999999999997
      vertex 0.22435387031854748 1.127903072463715 4.999999999999997
    endloop
  endfacet
  facet normal 0.0980171403295607 -0.9951847266721968 -1.077721310455178e-18
    outer loop
      vertex -0.22435387031854748 1.127903072463715 4.999999999999997
      vertex 0 1.15 4.299999999999997
      vertex 0 1.15 4.999999999999997
    endloop
  endfacet
  facet normal -0.0980171403295607 -0.9951847266721968 0
    outer loop
      vertex 0.22435387031854748 1.127903072463715 4.299999999999997
      vertex 0.22435387031854748 1.127903072463715 4.999999999999997
      vertex 0 1.15 4.999999999999997
    endloop
  endfacet
  facet normal -0.6343932841636454 -0.7730104533627371 0
    outer loop
      vertex 0.8131727983645296 0.8131727983645296 4.299999999999997
      vertex 0.8131727983645296 0.8131727983645296 4.999999999999997
      vertex 0.6389057679725425 0.9561900541479269 4.999999999999997
    endloop
  endfacet
  facet normal -0.47139673682599736 -0.8819212643483552 0
    outer loop
      vertex 0.6389057679725425 0.9561900541479269 4.299999999999997
      vertex 0.6389057679725425 0.9561900541479269 4.999999999999997
      vertex 0.4400859472198532 1.0624614623879796 4.999999999999997
    endloop
  endfacet
  facet normal 0.09801714032956099 0.9951847266721968 9.152518735607176e-19
    outer loop
      vertex 8.175646129681454 -1.127903072463715 4.299999999999997
      vertex 8.4 -1.15 4.999999999999997
      vertex 8.4 -1.15 4.299999999999997
    endloop
  endfacet
  facet normal 0.29028467725446155 0.9569403357322092 -3.1008872580239117e-18
    outer loop
      vertex 7.959914052780147 -1.0624614623879796 4.299999999999997
      vertex 8.175646129681454 -1.127903072463715 4.999999999999997
      vertex 8.175646129681454 -1.127903072463715 4.299999999999997
    endloop
  endfacet
  facet normal 0.47139673682599753 0.881921264348355 -2.4700253871018247e-18
    outer loop
      vertex 7.761094232027458 -0.9561900541479269 4.299999999999997
      vertex 7.959914052780147 -1.0624614623879796 4.999999999999997
      vertex 7.959914052780147 -1.0624614623879796 4.299999999999997
    endloop
  endfacet
  facet normal 0.6343932841636454 0.7730104533627371 6.772550187604592e-18
    outer loop
      vertex 7.5868272016354705 -0.8131727983645296 4.299999999999997
      vertex 7.761094232027458 -0.9561900541479269 4.999999999999997
      vertex 7.761094232027458 -0.9561900541479269 4.299999999999997
    endloop
  endfacet
  facet normal 0.7730104533627385 0.6343932841636435 0
    outer loop
      vertex 7.5868272016354705 -0.8131727983645296 4.299999999999997
      vertex 7.443809945852074 -0.6389057679725425 4.299999999999997
      vertex 7.5868272016354705 -0.8131727983645296 4.999999999999997
    endloop
  endfacet
  facet normal 0.8819212643483548 0.47139673682599814 0
    outer loop
      vertex 7.443809945852074 -0.6389057679725425 4.299999999999997
      vertex 7.337538537612021 -0.4400859472198532 4.299999999999997
      vertex 7.443809945852074 -0.6389057679725425 4.999999999999997
    endloop
  endfacet
  facet normal 0 0 1
    outer loop
      vertex 7.5868272016354705 -0.8131727983645296 4.299999999999997
      vertex 7.761094232027458 -0.9561900541479269 4.299999999999997
      vertex 7.761094232027458 0.9561900541479269 4.299999999999997
    endloop
  endfacet
  facet normal 0 0 1
    outer loop
      vertex 7.5868272016354705 -0.8131727983645296 4.299999999999997
      vertex 7.5868272016354705 0.8131727983645296 4.299999999999997
      vertex 7.443809945852074 -0.6389057679725425 4.299999999999997
    endloop
  endfacet
  facet normal 0 0 1
    outer loop
      vertex 7.761094232027458 -0.9561900541479269 4.299999999999997
      vertex 7.959914052780147 -1.0624614623879796 4.299999999999997
      vertex 7.959914052780147 1.0624614623879796 4.299999999999997
    endloop
  endfacet
  facet normal 0 0 1
    outer loop
      vertex 7.959914052780147 -1.0624614623879796 4.299999999999997
      vertex 8.175646129681454 -1.127903072463715 4.299999999999997
      vertex 8.175646129681454 1.127903072463715 4.299999999999997
    endloop
  endfacet
  facet normal 0 0 1
    outer loop
      vertex 8.175646129681454 -1.127903072463715 4.299999999999997
      vertex 8.4 -1.15 4.299999999999997
      vertex 8.4 1.15 4.299999999999997
    endloop
  endfacet
  facet normal 0.9569403357322085 0.29028467725446366 -3.2489578211296303e-18
    outer loop
      vertex 7.2720969275362854 -0.22435387031854748 4.299999999999997
      vertex 7.337538537612021 -0.4400859472198532 4.999999999999997
      vertex 7.337538537612021 -0.4400859472198532 4.299999999999997
    endloop
  endfacet
  facet normal 0 0 1
    outer loop
      vertex 7.443809945852074 -0.6389057679725425 4.299999999999997
      vertex 7.443809945852074 0.6389057679725425 4.299999999999997
      vertex 7.337538537612021 -0.4400859472198532 4.299999999999997
    endloop
  endfacet
  facet normal 0 0 1
    outer loop
      vertex 7.2720969275362854 -0.22435387031854748 4.299999999999997
      vertex 7.337538537612021 -0.4400859472198532 4.299999999999997
      vertex 7.337538537612021 0.4400859472198532 4.299999999999997
    endloop
  endfacet
  facet normal 0.9951847266721967 0.09801714032956266 0
    outer loop
      vertex 7.2720969275362854 -0.22435387031854748 4.299999999999997
      vertex 7.25 0 4.299999999999997
      vertex 7.2720969275362854 -0.22435387031854748 4.999999999999997
    endloop
  endfacet
  facet normal 0.09801714032956099 0.9951847266721968 0
    outer loop
      vertex 8.175646129681454 -1.127903072463715 4.299999999999997
      vertex 8.175646129681454 -1.127903072463715 4.999999999999997
      vertex 8.4 -1.15 4.999999999999997
    endloop
  endfacet
  facet normal -0.09801714032956099 0.9951847266721968 0
    outer loop
      vertex 8.4 -1.15 4.299999999999997
      vertex 8.4 -1.15 4.999999999999997
      vertex 8.624353870318547 -1.127903072463715 4.999999999999997
    endloop
  endfacet
  facet normal 0.29028467725446155 0.9569403357322092 0
    outer loop
      vertex 7.959914052780147 -1.0624614623879796 4.299999999999997
      vertex 7.959914052780147 -1.0624614623879796 4.999999999999997
      vertex 8.175646129681454 -1.127903072463715 4.999999999999997
    endloop
  endfacet
  facet normal 0.47139673682599753 0.881921264348355 0
    outer loop
      vertex 7.761094232027458 -0.9561900541479269 4.299999999999997
      vertex 7.761094232027458 -0.9561900541479269 4.999999999999997
      vertex 7.959914052780147 -1.0624614623879796 4.999999999999997
    endloop
  endfacet
  facet normal 0.6343932841636454 0.7730104533627371 0
    outer loop
      vertex 7.5868272016354705 -0.8131727983645296 4.299999999999997
      vertex 7.5868272016354705 -0.8131727983645296 4.999999999999997
      vertex 7.761094232027458 -0.9561900541479269 4.999999999999997
    endloop
  endfacet
  facet normal 0.7730104533627385 0.6343932841636435 0
    outer loop
      vertex 7.443809945852074 -0.6389057679725425 4.299999999999997
      vertex 7.443809945852074 -0.6389057679725425 4.999999999999997
      vertex 7.5868272016354705 -0.8131727983645296 4.999999999999997
    endloop
  endfacet
  facet normal 0.8819212643483548 0.47139673682599814 0
    outer loop
      vertex 7.337538537612021 -0.4400859472198532 4.299999999999997
      vertex 7.337538537612021 -0.4400859472198532 4.999999999999997
      vertex 7.443809945852074 -0.6389057679725425 4.999999999999997
    endloop
  endfacet
  facet normal 0.9569403357322085 0.29028467725446366 0
    outer loop
      vertex 7.2720969275362854 -0.22435387031854748 4.299999999999997
      vertex 7.2720969275362854 -0.22435387031854748 4.999999999999997
      vertex 7.337538537612021 -0.4400859472198532 4.999999999999997
    endloop
  endfacet
  facet normal 0.9951847266721967 0.09801714032956266 1.7967416556427962e-18
    outer loop
      vertex 7.2720969275362854 -0.22435387031854748 4.999999999999997
      vertex 7.25 0 4.299999999999997
      vertex 7.25 0 4.999999999999997
    endloop
  endfacet
  facet normal -0.09801714032956099 0.9951847266721968 -9.152518735607176e-19
    outer loop
      vertex 8.4 -1.15 4.299999999999997
      vertex 8.624353870318547 -1.127903072463715 4.999999999999997
      vertex 8.624353870318547 -1.127903072463715 4.299999999999997
    endloop
  endfacet
  facet normal -0.29028467725446266 0.9569403357322088 -2.4625402011328636e-18
    outer loop
      vertex 8.624353870318547 -1.127903072463715 4.299999999999997
      vertex 8.840085947219853 -1.0624614623879796 4.999999999999997
      vertex 8.840085947219853 -1.0624614623879796 4.299999999999997
    endloop
  endfacet
  facet normal -0.47139673682599753 0.881921264348355 2.4700253871018247e-18
    outer loop
      vertex 8.840085947219853 -1.0624614623879796 4.299999999999997
      vertex 9.038905767972542 -0.9561900541479269 4.999999999999997
      vertex 9.038905767972542 -0.9561900541479269 4.299999999999997
    endloop
  endfacet
  facet normal -0.6343932841636434 0.7730104533627387 6.691630346207044e-18
    outer loop
      vertex 9.038905767972542 -0.9561900541479269 4.299999999999997
      vertex 9.21317279836453 -0.8131727983645296 4.999999999999997
      vertex 9.21317279836453 -0.8131727983645296 4.299999999999997
    endloop
  endfacet
  facet normal -0.7730104533627385 0.6343932841636435 5.115563377641086e-18
    outer loop
      vertex 9.21317279836453 -0.8131727983645296 4.299999999999997
      vertex 9.356190054147927 -0.6389057679725425 4.999999999999997
      vertex 9.356190054147927 -0.6389057679725425 4.299999999999997
    endloop
  endfacet
  facet normal -0.8819212643483548 0.47139673682599814 -1.0175674605141791e-17
    outer loop
      vertex 9.356190054147927 -0.6389057679725425 4.299999999999997
      vertex 9.46246146238798 -0.4400859472198532 4.999999999999997
      vertex 9.46246146238798 -0.4400859472198532 4.299999999999997
    endloop
  endfacet
  facet normal 0 0 1
    outer loop
      vertex 8.4 -1.15 4.299999999999997
      vertex 8.624353870318547 -1.127903072463715 4.299999999999997
      vertex 8.624353870318547 1.127903072463715 4.299999999999997
    endloop
  endfacet
  facet normal 0 0 1
    outer loop
      vertex 8.624353870318547 -1.127903072463715 4.299999999999997
      vertex 8.840085947219853 -1.0624614623879796 4.299999999999997
      vertex 8.840085947219853 1.0624614623879796 4.299999999999997
    endloop
  endfacet
  facet normal 0 0 1
    outer loop
      vertex 8.840085947219853 -1.0624614623879796 4.299999999999997
      vertex 9.038905767972542 -0.9561900541479269 4.299999999999997
      vertex 9.038905767972542 0.9561900541479269 4.299999999999997
    endloop
  endfacet
  facet normal 0 0 1
    outer loop
      vertex 9.038905767972542 -0.9561900541479269 4.299999999999997
      vertex 9.21317279836453 -0.8131727983645296 4.299999999999997
      vertex 9.21317279836453 0.8131727983645296 4.299999999999997
    endloop
  endfacet
  facet normal 0 0 1
    outer loop
      vertex 9.21317279836453 -0.8131727983645296 4.299999999999997
      vertex 9.356190054147927 -0.6389057679725425 4.299999999999997
      vertex 9.356190054147927 0.6389057679725425 4.299999999999997
    endloop
  endfacet
  facet normal 0 0 1
    outer loop
      vertex 9.356190054147927 -0.6389057679725425 4.299999999999997
      vertex 9.46246146238798 -0.4400859472198532 4.299999999999997
      vertex 9.46246146238798 0.4400859472198532 4.299999999999997
    endloop
  endfacet
  facet normal -0.9569403357322085 0.29028467725446366 3.2489578211296303e-18
    outer loop
      vertex 9.46246146238798 -0.4400859472198532 4.299999999999997
      vertex 9.527903072463715 -0.22435387031854748 4.999999999999997
      vertex 9.527903072463715 -0.22435387031854748 4.299999999999997
    endloop
  endfacet
  facet normal 0 0 1
    outer loop
      vertex 9.46246146238798 -0.4400859472198532 4.299999999999997
      vertex 9.527903072463715 -0.22435387031854748 4.299999999999997
      vertex 9.527903072463715 0.22435387031854748 4.299999999999997
    endloop
  endfacet
  facet normal -0.9951847266721967 0.09801714032956266 -1.7967416556427962e-18
    outer loop
      vertex 9.527903072463715 -0.22435387031854748 4.299999999999997
      vertex 9.55 0 4.999999999999997
      vertex 9.55 0 4.299999999999997
    endloop
  endfacet
  facet normal -0.29028467725446266 0.9569403357322088 0
    outer loop
      vertex 8.624353870318547 -1.127903072463715 4.299999999999997
      vertex 8.624353870318547 -1.127903072463715 4.999999999999997
      vertex 8.840085947219853 -1.0624614623879796 4.999999999999997
    endloop
  endfacet
  facet normal -0.47139673682599753 0.881921264348355 0
    outer loop
      vertex 8.840085947219853 -1.0624614623879796 4.299999999999997
      vertex 8.840085947219853 -1.0624614623879796 4.999999999999997
      vertex 9.038905767972542 -0.9561900541479269 4.999999999999997
    endloop
  endfacet
  facet normal -0.6343932841636434 0.7730104533627387 0
    outer loop
      vertex 9.038905767972542 -0.9561900541479269 4.299999999999997
      vertex 9.038905767972542 -0.9561900541479269 4.999999999999997
      vertex 9.21317279836453 -0.8131727983645296 4.999999999999997
    endloop
  endfacet
  facet normal -0.7730104533627385 0.6343932841636435 0
    outer loop
      vertex 9.21317279836453 -0.8131727983645296 4.299999999999997
      vertex 9.21317279836453 -0.8131727983645296 4.999999999999997
      vertex 9.356190054147927 -0.6389057679725425 4.999999999999997
    endloop
  endfacet
  facet normal -0.8819212643483548 0.47139673682599814 0
    outer loop
      vertex 9.356190054147927 -0.6389057679725425 4.299999999999997
      vertex 9.356190054147927 -0.6389057679725425 4.999999999999997
      vertex 9.46246146238798 -0.4400859472198532 4.999999999999997
    endloop
  endfacet
  facet normal -0.9569403357322085 0.29028467725446366 0
    outer loop
      vertex 9.46246146238798 -0.4400859472198532 4.299999999999997
      vertex 9.46246146238798 -0.4400859472198532 4.999999999999997
      vertex 9.527903072463715 -0.22435387031854748 4.999999999999997
    endloop
  endfacet
  facet normal -0.9951847266721967 0.09801714032956266 0
    outer loop
      vertex 9.527903072463715 -0.22435387031854748 4.299999999999997
      vertex 9.527903072463715 -0.22435387031854748 4.999999999999997
      vertex 9.55 0 4.999999999999997
    endloop
  endfacet
  facet normal 0 0 1
    outer loop
      vertex 7.2720969275362854 -0.22435387031854748 4.299999999999997
      vertex 7.2720969275362854 0.22435387031854748 4.299999999999997
      vertex 7.25 0 4.299999999999997
    endloop
  endfacet
  facet normal 0 0 1
    outer loop
      vertex 7.2720969275362854 -0.22435387031854748 4.299999999999997
      vertex 7.337538537612021 0.4400859472198532 4.299999999999997
      vertex 7.2720969275362854 0.22435387031854748 4.299999999999997
    endloop
  endfacet
  facet normal 0.9951847266721967 -0.09801714032956266 0
    outer loop
      vertex 7.25 0 4.299999999999997
      vertex 7.2720969275362854 0.22435387031854748 4.299999999999997
      vertex 7.25 0 4.999999999999997
    endloop
  endfacet
  facet normal 0 0 1
    outer loop
      vertex 7.337538537612021 -0.4400859472198532 4.299999999999997
      vertex 7.443809945852074 0.6389057679725425 4.299999999999997
      vertex 7.337538537612021 0.4400859472198532 4.299999999999997
    endloop
  endfacet
  facet normal 0 0 1
    outer loop
      vertex 7.443809945852074 -0.6389057679725425 4.299999999999997
      vertex 7.5868272016354705 0.8131727983645296 4.299999999999997
      vertex 7.443809945852074 0.6389057679725425 4.299999999999997
    endloop
  endfacet
  facet normal 0 0 1
    outer loop
      vertex 7.5868272016354705 -0.8131727983645296 4.299999999999997
      vertex 7.761094232027458 0.9561900541479269 4.299999999999997
      vertex 7.5868272016354705 0.8131727983645296 4.299999999999997
    endloop
  endfacet
  facet normal 0 0 1
    outer loop
      vertex 7.761094232027458 -0.9561900541479269 4.299999999999997
      vertex 7.959914052780147 1.0624614623879796 4.299999999999997
      vertex 7.761094232027458 0.9561900541479269 4.299999999999997
    endloop
  endfacet
  facet normal 0 0 1
    outer loop
      vertex 7.959914052780147 -1.0624614623879796 4.299999999999997
      vertex 8.175646129681454 1.127903072463715 4.299999999999997
      vertex 7.959914052780147 1.0624614623879796 4.299999999999997
    endloop
  endfacet
  facet normal 0 0 1
    outer loop
      vertex 8.175646129681454 -1.127903072463715 4.299999999999997
      vertex 8.4 1.15 4.299999999999997
      vertex 8.175646129681454 1.127903072463715 4.299999999999997
    endloop
  endfacet
  facet normal 0 0 1
    outer loop
      vertex 8.4 -1.15 4.299999999999997
      vertex 8.624353870318547 1.127903072463715 4.299999999999997
      vertex 8.4 1.15 4.299999999999997
    endloop
  endfacet
  facet normal 0.9569403357322085 -0.29028467725446366 0
    outer loop
      vertex 7.2720969275362854 0.22435387031854748 4.299999999999997
      vertex 7.337538537612021 0.4400859472198532 4.299999999999997
      vertex 7.2720969275362854 0.22435387031854748 4.999999999999997
    endloop
  endfacet
  facet normal 0.8819212643483548 -0.47139673682599814 0
    outer loop
      vertex 7.337538537612021 0.4400859472198532 4.299999999999997
      vertex 7.443809945852074 0.6389057679725425 4.299999999999997
      vertex 7.337538537612021 0.4400859472198532 4.999999999999997
    endloop
  endfacet
  facet normal 0.7730104533627385 -0.6343932841636435 0
    outer loop
      vertex 7.443809945852074 0.6389057679725425 4.299999999999997
      vertex 7.5868272016354705 0.8131727983645296 4.299999999999997
      vertex 7.443809945852074 0.6389057679725425 4.999999999999997
    endloop
  endfacet
  facet normal 0.6343932841636454 -0.7730104533627371 0
    outer loop
      vertex 7.5868272016354705 0.8131727983645296 4.299999999999997
      vertex 7.761094232027458 0.9561900541479269 4.299999999999997
      vertex 7.5868272016354705 0.8131727983645296 4.999999999999997
    endloop
  endfacet
  facet normal 0.47139673682599753 -0.881921264348355 0
    outer loop
      vertex 7.761094232027458 0.9561900541479269 4.299999999999997
      vertex 7.959914052780147 1.0624614623879796 4.299999999999997
      vertex 7.761094232027458 0.9561900541479269 4.999999999999997
    endloop
  endfacet
  facet normal 0.29028467725446155 -0.9569403357322092 0
    outer loop
      vertex 7.959914052780147 1.0624614623879796 4.299999999999997
      vertex 8.175646129681454 1.127903072463715 4.299999999999997
      vertex 7.959914052780147 1.0624614623879796 4.999999999999997
    endloop
  endfacet
  facet normal 0.09801714032956099 -0.9951847266721968 0
    outer loop
      vertex 8.175646129681454 1.127903072463715 4.299999999999997
      vertex 8.4 1.15 4.299999999999997
      vertex 8.175646129681454 1.127903072463715 4.999999999999997
    endloop
  endfacet
  facet normal -0.09801714032956099 -0.9951847266721968 0
    outer loop
      vertex 8.4 1.15 4.299999999999997
      vertex 8.624353870318547 1.127903072463715 4.299999999999997
      vertex 8.4 1.15 4.999999999999997
    endloop
  endfacet
  facet normal 0.9951847266721967 -0.09801714032956266 0
    outer loop
      vertex 7.2720969275362854 0.22435387031854748 4.299999999999997
      vertex 7.2720969275362854 0.22435387031854748 4.999999999999997
      vertex 7.25 0 4.999999999999997
    endloop
  endfacet
  facet normal 0.9569403357322085 -0.29028467725446366 0
    outer loop
      vertex 7.337538537612021 0.4400859472198532 4.299999999999997
      vertex 7.337538537612021 0.4400859472198532 4.999999999999997
      vertex 7.2720969275362854 0.22435387031854748 4.999999999999997
    endloop
  endfacet
  facet normal 0.8819212643483548 -0.47139673682599814 0
    outer loop
      vertex 7.443809945852074 0.6389057679725425 4.299999999999997
      vertex 7.443809945852074 0.6389057679725425 4.999999999999997
      vertex 7.337538537612021 0.4400859472198532 4.999999999999997
    endloop
  endfacet
  facet normal 0.7730104533627385 -0.6343932841636435 0
    outer loop
      vertex 7.5868272016354705 0.8131727983645296 4.299999999999997
      vertex 7.5868272016354705 0.8131727983645296 4.999999999999997
      vertex 7.443809945852074 0.6389057679725425 4.999999999999997
    endloop
  endfacet
  facet normal 0.6343932841636454 -0.7730104533627371 0
    outer loop
      vertex 7.761094232027458 0.9561900541479269 4.299999999999997
      vertex 7.761094232027458 0.9561900541479269 4.999999999999997
      vertex 7.5868272016354705 0.8131727983645296 4.999999999999997
    endloop
  endfacet
  facet normal 0.47139673682599753 -0.881921264348355 0
    outer loop
      vertex 7.959914052780147 1.0624614623879796 4.299999999999997
      vertex 7.959914052780147 1.0624614623879796 4.999999999999997
      vertex 7.761094232027458 0.9561900541479269 4.999999999999997
    endloop
  endfacet
  facet normal 0.29028467725446155 -0.9569403357322092 0
    outer loop
      vertex 8.175646129681454 1.127903072463715 4.299999999999997
      vertex 8.175646129681454 1.127903072463715 4.999999999999997
      vertex 7.959914052780147 1.0624614623879796 4.999999999999997
    endloop
  endfacet
  facet normal 0.09801714032956099 -0.9951847266721968 -9.152518735607176e-19
    outer loop
      vertex 8.175646129681454 1.127903072463715 4.999999999999997
      vertex 8.4 1.15 4.299999999999997
      vertex 8.4 1.15 4.999999999999997
    endloop
  endfacet
  facet normal 0 0 1
    outer loop
      vertex 9.46246146238798 -0.4400859472198532 4.299999999999997
      vertex 9.527903072463715 0.22435387031854748 4.299999999999997
      vertex 9.46246146238798 0.4400859472198532 4.299999999999997
    endloop
  endfacet
  facet normal 0 0 1
    outer loop
      vertex 9.527903072463715 -0.22435387031854748 4.299999999999997
      vertex 9.55 0 4.299999999999997
      vertex 9.527903072463715 0.22435387031854748 4.299999999999997
    endloop
  endfacet
  facet normal 0 0 1
    outer loop
      vertex 9.356190054147927 -0.6389057679725425 4.299999999999997
      vertex 9.46246146238798 0.4400859472198532 4.299999999999997
      vertex 9.356190054147927 0.6389057679725425 4.299999999999997
    endloop
  endfacet
  facet normal -0.9951847266721967 -0.09801714032956266 1.7967416556427962e-18
    outer loop
      vertex 9.55 0 4.299999999999997
      vertex 9.527903072463715 0.22435387031854748 4.999999999999997
      vertex 9.527903072463715 0.22435387031854748 4.299999999999997
    endloop
  endfacet
  facet normal 0 0 1
    outer loop
      vertex 9.038905767972542 -0.9561900541479269 4.299999999999997
      vertex 9.21317279836453 0.8131727983645296 4.299999999999997
      vertex 9.038905767972542 0.9561900541479269 4.299999999999997
    endloop
  endfacet
  facet normal 0 0 1
    outer loop
      vertex 8.624353870318547 -1.127903072463715 4.299999999999997
      vertex 8.840085947219853 1.0624614623879796 4.299999999999997
      vertex 8.624353870318547 1.127903072463715 4.299999999999997
    endloop
  endfacet
  facet normal 0 0 1
    outer loop
      vertex 8.840085947219853 -1.0624614623879796 4.299999999999997
      vertex 9.038905767972542 0.9561900541479269 4.299999999999997
      vertex 8.840085947219853 1.0624614623879796 4.299999999999997
    endloop
  endfacet
  facet normal 0 0 1
    outer loop
      vertex 9.21317279836453 -0.8131727983645296 4.299999999999997
      vertex 9.356190054147927 0.6389057679725425 4.299999999999997
      vertex 9.21317279836453 0.8131727983645296 4.299999999999997
    endloop
  endfacet
  facet normal -0.9569403357322085 -0.29028467725446366 0
    outer loop
      vertex 9.46246146238798 0.4400859472198532 4.299999999999997
      vertex 9.527903072463715 0.22435387031854748 4.299999999999997
      vertex 9.46246146238798 0.4400859472198532 4.999999999999997
    endloop
  endfacet
  facet normal -0.8819212643483548 -0.47139673682599814 1.0175674605141791e-17
    outer loop
      vertex 9.46246146238798 0.4400859472198532 4.299999999999997
      vertex 9.356190054147927 0.6389057679725425 4.999999999999997
      vertex 9.356190054147927 0.6389057679725425 4.299999999999997
    endloop
  endfacet
  facet normal -0.7730104533627385 -0.6343932841636435 -5.115563377641086e-18
    outer loop
      vertex 9.356190054147927 0.6389057679725425 4.299999999999997
      vertex 9.21317279836453 0.8131727983645296 4.999999999999997
      vertex 9.21317279836453 0.8131727983645296 4.299999999999997
    endloop
  endfacet
  facet normal -0.6343932841636434 -0.7730104533627387 0
    outer loop
      vertex 9.038905767972542 0.9561900541479269 4.299999999999997
      vertex 9.21317279836453 0.8131727983645296 4.299999999999997
      vertex 9.038905767972542 0.9561900541479269 4.999999999999997
    endloop
  endfacet
  facet normal -0.29028467725446266 -0.9569403357322088 0
    outer loop
      vertex 8.624353870318547 1.127903072463715 4.299999999999997
      vertex 8.840085947219853 1.0624614623879796 4.299999999999997
      vertex 8.624353870318547 1.127903072463715 4.999999999999997
    endloop
  endfacet
  facet normal -0.47139673682599753 -0.881921264348355 0
    outer loop
      vertex 8.840085947219853 1.0624614623879796 4.299999999999997
      vertex 9.038905767972542 0.9561900541479269 4.299999999999997
      vertex 8.840085947219853 1.0624614623879796 4.999999999999997
    endloop
  endfacet
  facet normal -0.9951847266721967 -0.09801714032956266 0
    outer loop
      vertex 9.55 0 4.299999999999997
      vertex 9.55 0 4.999999999999997
      vertex 9.527903072463715 0.22435387031854748 4.999999999999997
    endloop
  endfacet
  facet normal -0.9569403357322085 -0.29028467725446366 0
    outer loop
      vertex 9.527903072463715 0.22435387031854748 4.299999999999997
      vertex 9.527903072463715 0.22435387031854748 4.999999999999997
      vertex 9.46246146238798 0.4400859472198532 4.999999999999997
    endloop
  endfacet
  facet normal -0.8819212643483548 -0.47139673682599814 0
    outer loop
      vertex 9.46246146238798 0.4400859472198532 4.299999999999997
      vertex 9.46246146238798 0.4400859472198532 4.999999999999997
      vertex 9.356190054147927 0.6389057679725425 4.999999999999997
    endloop
  endfacet
  facet normal -0.7730104533627385 -0.6343932841636435 0
    outer loop
      vertex 9.356190054147927 0.6389057679725425 4.299999999999997
      vertex 9.356190054147927 0.6389057679725425 4.999999999999997
      vertex 9.21317279836453 0.8131727983645296 4.999999999999997
    endloop
  endfacet
  facet normal -0.6343932841636434 -0.7730104533627387 0
    outer loop
      vertex 9.21317279836453 0.8131727983645296 4.299999999999997
      vertex 9.21317279836453 0.8131727983645296 4.999999999999997
      vertex 9.038905767972542 0.9561900541479269 4.999999999999997
    endloop
  endfacet
  facet normal -0.47139673682599753 -0.881921264348355 0
    outer loop
      vertex 9.038905767972542 0.9561900541479269 4.299999999999997
      vertex 9.038905767972542 0.9561900541479269 4.999999999999997
      vertex 8.840085947219853 1.0624614623879796 4.999999999999997
    endloop
  endfacet
  facet normal -0.29028467725446266 -0.9569403357322088 0
    outer loop
      vertex 8.840085947219853 1.0624614623879796 4.299999999999997
      vertex 8.840085947219853 1.0624614623879796 4.999999999999997
      vertex 8.624353870318547 1.127903072463715 4.999999999999997
    endloop
  endfacet
  facet normal -0.09801714032956099 -0.9951847266721968 0
    outer loop
      vertex 8.624353870318547 1.127903072463715 4.299999999999997
      vertex 8.624353870318547 1.127903072463715 4.999999999999997
      vertex 8.4 1.15 4.999999999999997
    endloop
  endfacet
  facet normal 0.456939129503421 0.5567819402790177 0.6936861703304947
    outer loop
      vertex 24.56109423202746 -0.9561900541479269 4.999999999999997
      vertex 24.181538136129703 -1.0184618638703018 5.299999999999997
      vertex 24.399799648247576 -1.1975844577196337 5.299999999999997
    endloop
  endfacet
  facet normal 0.45693912950341947 0.5567819402790206 0.6936861703304934
    outer loop
      vertex 24.386827201635473 -0.8131727983645296 4.999999999999997
      vertex 24.181538136129703 -1.0184618638703018 5.299999999999997
      vertex 24.56109423202746 -0.9561900541479269 4.999999999999997
    endloop
  endfacet
  facet normal 0.5567819402790154 0.4569391295034258 0.6936861703304935
    outer loop
      vertex 24.386827201635473 -0.8131727983645296 4.999999999999997
      vertex 24.002415542280367 -0.8002003517524272 5.299999999999997
      vertex 24.181538136129703 -1.0184618638703018 5.299999999999997
    endloop
  endfacet
  facet normal 0.5567819402790165 0.456939129503422 0.6936861703304951
    outer loop
      vertex 24.386827201635473 -0.8131727983645296 4.999999999999997
      vertex 24.243809945852075 -0.6389057679725425 4.999999999999997
      vertex 24.002415542280367 -0.8002003517524272 5.299999999999997
    endloop
  endfacet
  facet normal 0.6352279333366061 0.33953640423541614 0.6936861703304951
    outer loop
      vertex 24.243809945852075 -0.6389057679725425 4.999999999999997
      vertex 23.869315447528102 -0.5511875888742342 5.299999999999997
      vertex 24.002415542280367 -0.8002003517524272 5.299999999999997
    endloop
  endfacet
  facet normal 0.6352279333366059 0.33953640423541775 0.6936861703304944
    outer loop
      vertex 24.243809945852075 -0.6389057679725425 4.999999999999997
      vertex 24.137538537612024 -0.4400859472198532 4.999999999999997
      vertex 23.869315447528102 -0.5511875888742342 5.299999999999997
    endloop
  endfacet
  facet normal 0.6892624731559905 0.20908548536687044 0.6936861703304944
    outer loop
      vertex 24.137538537612024 -0.4400859472198532 4.999999999999997
      vertex 23.787352813870832 -0.28099299606516537 5.299999999999997
      vertex 23.869315447528102 -0.5511875888742342 5.299999999999997
    endloop
  endfacet
  facet normal 0.6892624731559907 0.20908548536687133 0.693686170330494
    outer loop
      vertex 24.072096927536286 -0.22435387031854748 4.999999999999997
      vertex 23.787352813870832 -0.28099299606516537 5.299999999999997
      vertex 24.137538537612024 -0.4400859472198532 4.999999999999997
    endloop
  endfacet
  facet normal 0.7168090426748415 0.07059952855214072 0.6936861703304981
    outer loop
      vertex 24.072096927536286 -0.22435387031854748 4.999999999999997
      vertex 24.050000000000004 0 4.999999999999997
      vertex 23.75967741935484 0 5.299999999999997
    endloop
  endfacet
  facet normal 0.7168090426748442 0.07059952855214961 0.6936861703304942
    outer loop
      vertex 24.072096927536286 -0.22435387031854748 4.999999999999997
      vertex 23.75967741935484 0 5.299999999999997
      vertex 23.787352813870832 -0.28099299606516537 5.299999999999997
    endloop
  endfacet
  facet normal 0.07059952855215053 0.7168090426748437 0.6936861703304947
    outer loop
      vertex 24.975646129681454 -1.127903072463715 4.999999999999997
      vertex 24.919007003934837 -1.4126471861291692 5.299999999999997
      vertex 25.200000000000003 -1.15 4.999999999999997
    endloop
  endfacet
  facet normal -0.07059952855215053 0.7168090426748437 0.6936861703304948
    outer loop
      vertex 25.200000000000003 -1.15 4.999999999999997
      vertex 25.200000000000003 -1.4403225806451614 5.299999999999997
      vertex 25.42435387031855 -1.127903072463715 4.999999999999997
    endloop
  endfacet
  facet normal 0.0705995285521505 0.7168090426748437 0.6936861703304947
    outer loop
      vertex 25.200000000000003 -1.15 4.999999999999997
      vertex 24.919007003934837 -1.4126471861291692 5.299999999999997
      vertex 25.200000000000003 -1.4403225806451614 5.299999999999997
    endloop
  endfacet
  facet normal 0.20908548536686483 0.689262473155992 0.6936861703304946
    outer loop
      vertex 24.975646129681454 -1.127903072463715 4.999999999999997
      vertex 24.648812411125768 -1.3306845524719018 5.299999999999997
      vertex 24.919007003934837 -1.4126471861291692 5.299999999999997
    endloop
  endfacet
  facet normal -0.07059952855215053 0.7168090426748437 0.6936861703304947
    outer loop
      vertex 25.42435387031855 -1.127903072463715 4.999999999999997
      vertex 25.200000000000003 -1.4403225806451614 5.299999999999997
      vertex 25.48099299606517 -1.4126471861291692 5.299999999999997
    endloop
  endfacet
  facet normal -0.20908548536686455 0.6892624731559912 0.6936861703304954
    outer loop
      vertex 25.640085947219855 -1.0624614623879796 4.999999999999997
      vertex 25.48099299606517 -1.4126471861291692 5.299999999999997
      vertex 25.751187588874238 -1.3306845524719018 5.299999999999997
    endloop
  endfacet
  facet normal 0.20908548536686655 0.6892624731559905 0.6936861703304956
    outer loop
      vertex 24.75991405278015 -1.0624614623879796 4.999999999999997
      vertex 24.648812411125768 -1.3306845524719018 5.299999999999997
      vertex 24.975646129681454 -1.127903072463715 4.999999999999997
    endloop
  endfacet
  facet normal 0.33953640423542153 0.6352279333366033 0.6936861703304947
    outer loop
      vertex 24.56109423202746 -0.9561900541479269 4.999999999999997
      vertex 24.399799648247576 -1.1975844577196337 5.299999999999997
      vertex 24.75991405278015 -1.0624614623879796 4.999999999999997
    endloop
  endfacet
  facet normal -0.20908548536686689 0.6892624731559915 0.6936861703304945
    outer loop
      vertex 25.42435387031855 -1.127903072463715 4.999999999999997
      vertex 25.48099299606517 -1.4126471861291692 5.299999999999997
      vertex 25.640085947219855 -1.0624614623879796 4.999999999999997
    endloop
  endfacet
  facet normal -0.33953640423542103 0.6352279333366025 0.6936861703304957
    outer loop
      vertex 25.640085947219855 -1.0624614623879796 4.999999999999997
      vertex 25.751187588874238 -1.3306845524719018 5.299999999999997
      vertex 25.838905767972545 -0.9561900541479269 4.999999999999997
    endloop
  endfacet
  facet normal 0.339536404235423 0.6352279333366017 0.6936861703304957
    outer loop
      vertex 24.75991405278015 -1.0624614623879796 4.999999999999997
      vertex 24.399799648247576 -1.1975844577196337 5.299999999999997
      vertex 24.648812411125768 -1.3306845524719018 5.299999999999997
    endloop
  endfacet
  facet normal -0.33953640423542325 0.6352279333366024 0.6936861703304948
    outer loop
      vertex 25.838905767972545 -0.9561900541479269 4.999999999999997
      vertex 25.751187588874238 -1.3306845524719018 5.299999999999997
      vertex 26.00020035175243 -1.1975844577196337 5.299999999999997
    endloop
  endfacet
  facet normal -0.4569391295034186 0.5567819402790196 0.6936861703304948
    outer loop
      vertex 25.838905767972545 -0.9561900541479269 4.999999999999997
      vertex 26.00020035175243 -1.1975844577196337 5.299999999999997
      vertex 26.013172798364533 -0.8131727983645296 4.999999999999997
    endloop
  endfacet
  facet normal -0.556781940279018 0.45693912950342314 0.6936861703304931
    outer loop
      vertex 26.013172798364533 -0.8131727983645296 4.999999999999997
      vertex 26.218461863870303 -1.0184618638703016 5.299999999999997
      vertex 26.15619005414793 -0.6389057679725425 4.999999999999997
    endloop
  endfacet
  facet normal -0.4569391295034222 0.5567819402790185 0.6936861703304934
    outer loop
      vertex 26.013172798364533 -0.8131727983645296 4.999999999999997
      vertex 26.00020035175243 -1.1975844577196337 5.299999999999997
      vertex 26.218461863870303 -1.0184618638703016 5.299999999999997
    endloop
  endfacet
  facet normal -0.5567819402790143 0.45693912950342513 0.6936861703304948
    outer loop
      vertex 26.15619005414793 -0.6389057679725425 4.999999999999997
      vertex 26.218461863870303 -1.0184618638703016 5.299999999999997
      vertex 26.39758445771964 -0.8002003517524271 5.299999999999997
    endloop
  endfacet
  facet normal -0.6352279333366054 0.3395364042354175 0.6936861703304951
    outer loop
      vertex 26.15619005414793 -0.6389057679725425 4.999999999999997
      vertex 26.39758445771964 -0.8002003517524271 5.299999999999997
      vertex 26.262461462387982 -0.4400859472198532 4.999999999999997
    endloop
  endfacet
  facet normal -0.6352279333366064 0.33953640423541653 0.6936861703304944
    outer loop
      vertex 26.262461462387982 -0.4400859472198532 4.999999999999997
      vertex 26.39758445771964 -0.8002003517524271 5.299999999999997
      vertex 26.530684552471904 -0.5511875888742342 5.299999999999997
    endloop
  endfacet
  facet normal -0.6892624731559902 0.2090854853668712 0.6936861703304943
    outer loop
      vertex 26.262461462387982 -0.4400859472198532 4.999999999999997
      vertex 26.530684552471904 -0.5511875888742342 5.299999999999997
      vertex 26.32790307246372 -0.22435387031854748 4.999999999999997
    endloop
  endfacet
  facet normal -0.6892624731559909 0.2090854853668706 0.6936861703304941
    outer loop
      vertex 26.32790307246372 -0.22435387031854748 4.999999999999997
      vertex 26.530684552471904 -0.5511875888742342 5.299999999999997
      vertex 26.612647186129173 -0.28099299606516537 5.299999999999997
    endloop
  endfacet
  facet normal -0.7168090426748455 0.07059952855214112 0.6936861703304938
    outer loop
      vertex 26.32790307246372 -0.22435387031854748 4.999999999999997
      vertex 26.612647186129173 -0.28099299606516537 5.299999999999997
      vertex 26.35 0 4.999999999999997
    endloop
  endfacet
  facet normal -0.7168090426748411 0.07059952855214925 0.6936861703304975
    outer loop
      vertex 26.35 0 4.999999999999997
      vertex 26.612647186129173 -0.28099299606516537 5.299999999999997
      vertex 26.640322580645165 0 5.299999999999997
    endloop
  endfacet
  facet normal 0.7168090426748455 -0.07059952855214112 0.6936861703304938
    outer loop
      vertex 24.050000000000004 0 4.999999999999997
      vertex 24.072096927536286 0.22435387031854748 4.999999999999997
      vertex 23.787352813870832 0.28099299606516537 5.299999999999997
    endloop
  endfacet
  facet normal 0.7168090426748411 -0.07059952855214925 0.6936861703304975
    outer loop
      vertex 24.050000000000004 0 4.999999999999997
      vertex 23.787352813870832 0.28099299606516537 5.299999999999997
      vertex 23.75967741935484 0 5.299999999999997
    endloop
  endfacet
  facet normal 0.6892624731559902 -0.2090854853668712 0.6936861703304943
    outer loop
      vertex 24.072096927536286 0.22435387031854748 4.999999999999997
      vertex 24.137538537612024 0.4400859472198532 4.999999999999997
      vertex 23.869315447528102 0.5511875888742342 5.299999999999997
    endloop
  endfacet
  facet normal 0.6892624731559909 -0.2090854853668706 0.6936861703304941
    outer loop
      vertex 24.072096927536286 0.22435387031854748 4.999999999999997
      vertex 23.869315447528102 0.5511875888742342 5.299999999999997
      vertex 23.787352813870832 0.28099299606516537 5.299999999999997
    endloop
  endfacet
  facet normal 0.6352279333366064 -0.33953640423541653 0.6936861703304944
    outer loop
      vertex 24.137538537612024 0.4400859472198532 4.999999999999997
      vertex 24.002415542280367 0.8002003517524271 5.299999999999997
      vertex 23.869315447528102 0.5511875888742342 5.299999999999997
    endloop
  endfacet
  facet normal 0.6352279333366054 -0.3395364042354175 0.6936861703304951
    outer loop
      vertex 24.137538537612024 0.4400859472198532 4.999999999999997
      vertex 24.243809945852075 0.6389057679725425 4.999999999999997
      vertex 24.002415542280367 0.8002003517524271 5.299999999999997
    endloop
  endfacet
  facet normal 0.556781940279018 -0.45693912950342314 0.6936861703304931
    outer loop
      vertex 24.243809945852075 0.6389057679725425 4.999999999999997
      vertex 24.386827201635473 0.8131727983645296 4.999999999999997
      vertex 24.181538136129703 1.0184618638703016 5.299999999999997
    endloop
  endfacet
  facet normal 0.45693912950341853 -0.5567819402790195 0.6936861703304948
    outer loop
      vertex 24.386827201635473 0.8131727983645296 4.999999999999997
      vertex 24.56109423202746 0.9561900541479269 4.999999999999997
      vertex 24.399799648247576 1.1975844577196337 5.299999999999997
    endloop
  endfacet
  facet normal 0.5567819402790143 -0.45693912950342513 0.6936861703304948
    outer loop
      vertex 24.243809945852075 0.6389057679725425 4.999999999999997
      vertex 24.181538136129703 1.0184618638703016 5.299999999999997
      vertex 24.002415542280367 0.8002003517524271 5.299999999999997
    endloop
  endfacet
  facet normal 0.4569391295034222 -0.5567819402790185 0.6936861703304934
    outer loop
      vertex 24.386827201635473 0.8131727983645296 4.999999999999997
      vertex 24.399799648247576 1.1975844577196337 5.299999999999997
      vertex 24.181538136129703 1.0184618638703016 5.299999999999997
    endloop
  endfacet
  facet normal 0.33953640423542325 -0.6352279333366024 0.6936861703304948
    outer loop
      vertex 24.56109423202746 0.9561900541479269 4.999999999999997
      vertex 24.648812411125768 1.3306845524719018 5.299999999999997
      vertex 24.399799648247576 1.1975844577196337 5.299999999999997
    endloop
  endfacet
  facet normal -0.7168090426748416 -0.07059952855214073 0.693686170330498
    outer loop
      vertex 26.35 0 4.999999999999997
      vertex 26.640322580645165 0 5.299999999999997
      vertex 26.32790307246372 0.22435387031854748 4.999999999999997
    endloop
  endfacet
  facet normal -0.7168090426748442 -0.07059952855214961 0.6936861703304942
    outer loop
      vertex 26.32790307246372 0.22435387031854748 4.999999999999997
      vertex 26.640322580645165 0 5.299999999999997
      vertex 26.612647186129173 0.28099299606516537 5.299999999999997
    endloop
  endfacet
  facet normal -0.6892624731559907 -0.20908548536687133 0.693686170330494
    outer loop
      vertex 26.262461462387982 0.4400859472198532 4.999999999999997
      vertex 26.32790307246372 0.22435387031854748 4.999999999999997
      vertex 26.612647186129173 0.28099299606516537 5.299999999999997
    endloop
  endfacet
  facet normal -0.6352279333366059 -0.33953640423541775 0.6936861703304944
    outer loop
      vertex 26.262461462387982 0.4400859472198532 4.999999999999997
      vertex 26.530684552471904 0.5511875888742342 5.299999999999997
      vertex 26.15619005414793 0.6389057679725425 4.999999999999997
    endloop
  endfacet
  facet normal -0.6892624731559905 -0.20908548536687044 0.6936861703304944
    outer loop
      vertex 26.262461462387982 0.4400859472198532 4.999999999999997
      vertex 26.612647186129173 0.28099299606516537 5.299999999999997
      vertex 26.530684552471904 0.5511875888742342 5.299999999999997
    endloop
  endfacet
  facet normal -0.5567819402790165 -0.456939129503422 0.6936861703304951
    outer loop
      vertex 26.15619005414793 0.6389057679725425 4.999999999999997
      vertex 26.39758445771964 0.8002003517524272 5.299999999999997
      vertex 26.013172798364533 0.8131727983645296 4.999999999999997
    endloop
  endfacet
  facet normal -0.6352279333366061 -0.33953640423541614 0.6936861703304951
    outer loop
      vertex 26.15619005414793 0.6389057679725425 4.999999999999997
      vertex 26.530684552471904 0.5511875888742342 5.299999999999997
      vertex 26.39758445771964 0.8002003517524272 5.299999999999997
    endloop
  endfacet
  facet normal 0.33953640423542103 -0.6352279333366025 0.6936861703304957
    outer loop
      vertex 24.56109423202746 0.9561900541479269 4.999999999999997
      vertex 24.75991405278015 1.0624614623879796 4.999999999999997
      vertex 24.648812411125768 1.3306845524719018 5.299999999999997
    endloop
  endfacet
  facet normal 0.2090854853668668 -0.6892624731559914 0.6936861703304945
    outer loop
      vertex 24.75991405278015 1.0624614623879796 4.999999999999997
      vertex 24.975646129681454 1.127903072463715 4.999999999999997
      vertex 24.919007003934837 1.4126471861291692 5.299999999999997
    endloop
  endfacet
  facet normal -0.33953640423542153 -0.6352279333366033 0.6936861703304947
    outer loop
      vertex 25.640085947219855 1.0624614623879796 4.999999999999997
      vertex 25.838905767972545 0.9561900541479269 4.999999999999997
      vertex 26.00020035175243 1.1975844577196337 5.299999999999997
    endloop
  endfacet
  facet normal -0.20908548536686655 -0.6892624731559905 0.6936861703304956
    outer loop
      vertex 25.42435387031855 1.127903072463715 4.999999999999997
      vertex 25.640085947219855 1.0624614623879796 4.999999999999997
      vertex 25.751187588874238 1.3306845524719018 5.299999999999997
    endloop
  endfacet
  facet normal -0.339536404235423 -0.6352279333366017 0.6936861703304957
    outer loop
      vertex 25.640085947219855 1.0624614623879796 4.999999999999997
      vertex 26.00020035175243 1.1975844577196337 5.299999999999997
      vertex 25.751187588874238 1.3306845524719018 5.299999999999997
    endloop
  endfacet
  facet normal -0.45693912950341947 -0.5567819402790206 0.6936861703304934
    outer loop
      vertex 25.838905767972545 0.9561900541479269 4.999999999999997
      vertex 26.013172798364533 0.8131727983645296 4.999999999999997
      vertex 26.218461863870303 1.0184618638703018 5.299999999999997
    endloop
  endfacet
  facet normal -0.5567819402790154 -0.4569391295034258 0.6936861703304935
    outer loop
      vertex 26.013172798364533 0.8131727983645296 4.999999999999997
      vertex 26.39758445771964 0.8002003517524272 5.299999999999997
      vertex 26.218461863870303 1.0184618638703018 5.299999999999997
    endloop
  endfacet
  facet normal -0.456939129503421 -0.5567819402790177 0.6936861703304947
    outer loop
      vertex 25.838905767972545 0.9561900541479269 4.999999999999997
      vertex 26.218461863870303 1.0184618638703018 5.299999999999997
      vertex 26.00020035175243 1.1975844577196337 5.299999999999997
    endloop
  endfacet
  facet normal 0.07059952855215053 -0.7168090426748437 0.6936861703304948
    outer loop
      vertex 24.975646129681454 1.127903072463715 4.999999999999997
      vertex 25.200000000000003 1.15 4.999999999999997
      vertex 25.200000000000003 1.4403225806451614 5.299999999999997
    endloop
  endfacet
  facet normal -0.07059952855215053 -0.7168090426748437 0.6936861703304948
    outer loop
      vertex 25.200000000000003 1.15 4.999999999999997
      vertex 25.42435387031855 1.127903072463715 4.999999999999997
      vertex 25.48099299606517 1.4126471861291692 5.299999999999997
    endloop
  endfacet
  facet normal 0.20908548536686455 -0.6892624731559912 0.6936861703304954
    outer loop
      vertex 24.75991405278015 1.0624614623879796 4.999999999999997
      vertex 24.919007003934837 1.4126471861291692 5.299999999999997
      vertex 24.648812411125768 1.3306845524719018 5.299999999999997
    endloop
  endfacet
  facet normal 0.07059952855215053 -0.7168090426748437 0.6936861703304947
    outer loop
      vertex 24.975646129681454 1.127903072463715 4.999999999999997
      vertex 25.200000000000003 1.4403225806451614 5.299999999999997
      vertex 24.919007003934837 1.4126471861291692 5.299999999999997
    endloop
  endfacet
  facet normal -0.20908548536686483 -0.689262473155992 0.6936861703304946
    outer loop
      vertex 25.42435387031855 1.127903072463715 4.999999999999997
      vertex 25.751187588874238 1.3306845524719018 5.299999999999997
      vertex 25.48099299606517 1.4126471861291692 5.299999999999997
    endloop
  endfacet
  facet normal -0.0705995285521505 -0.7168090426748437 0.6936861703304947
    outer loop
      vertex 25.200000000000003 1.15 4.999999999999997
      vertex 25.48099299606517 1.4126471861291692 5.299999999999997
      vertex 25.200000000000003 1.4403225806451614 5.299999999999997
    endloop
  endfacet
  facet normal 0.20908548536686483 0.689262473155992 0.6936861703304946
    outer loop
      vertex 16.575646129681452 -1.127903072463715 4.999999999999997
      vertex 16.248812411125765 -1.3306845524719018 5.299999999999997
      vertex 16.519007003934835 -1.4126471861291692 5.299999999999997
    endloop
  endfacet
  facet normal 0.20908548536686655 0.6892624731559905 0.6936861703304956
    outer loop
      vertex 16.359914052780148 -1.0624614623879796 4.999999999999997
      vertex 16.248812411125765 -1.3306845524719018 5.299999999999997
      vertex 16.575646129681452 -1.127903072463715 4.999999999999997
    endloop
  endfacet
  facet normal 0.33953640423542153 0.6352279333366033 0.6936861703304947
    outer loop
      vertex 16.16109423202746 -0.9561900541479269 4.999999999999997
      vertex 15.999799648247574 -1.1975844577196337 5.299999999999997
      vertex 16.359914052780148 -1.0624614623879796 4.999999999999997
    endloop
  endfacet
  facet normal 0.339536404235423 0.6352279333366017 0.6936861703304957
    outer loop
      vertex 16.359914052780148 -1.0624614623879796 4.999999999999997
      vertex 15.999799648247574 -1.1975844577196337 5.299999999999997
      vertex 16.248812411125765 -1.3306845524719018 5.299999999999997
    endloop
  endfacet
  facet normal 0.4569391295034187 0.5567819402790195 0.6936861703304948
    outer loop
      vertex 16.16109423202746 -0.9561900541479269 4.999999999999997
      vertex 15.781538136129699 -1.0184618638703018 5.299999999999997
      vertex 15.999799648247574 -1.1975844577196337 5.299999999999997
    endloop
  endfacet
  facet normal 0.4569391295034186 0.5567819402790196 0.6936861703304948
    outer loop
      vertex 15.98682720163547 -0.8131727983645296 4.999999999999997
      vertex 15.781538136129699 -1.0184618638703018 5.299999999999997
      vertex 16.16109423202746 -0.9561900541479269 4.999999999999997
    endloop
  endfacet
  facet normal 0.5567819402790188 0.4569391295034196 0.6936861703304948
    outer loop
      vertex 15.98682720163547 -0.8131727983645296 4.999999999999997
      vertex 15.602415542280367 -0.8002003517524272 5.299999999999997
      vertex 15.781538136129699 -1.0184618638703018 5.299999999999997
    endloop
  endfacet
  facet normal 0.07059952855215053 0.7168090426748437 0.6936861703304947
    outer loop
      vertex 16.575646129681452 -1.127903072463715 4.999999999999997
      vertex 16.519007003934835 -1.4126471861291692 5.299999999999997
      vertex 16.8 -1.15 4.999999999999997
    endloop
  endfacet
  facet normal -0.07059952855215053 0.7168090426748437 0.6936861703304948
    outer loop
      vertex 16.8 -1.15 4.999999999999997
      vertex 16.8 -1.4403225806451614 5.299999999999997
      vertex 17.02435387031855 -1.127903072463715 4.999999999999997
    endloop
  endfacet
  facet normal 0.0705995285521505 0.7168090426748437 0.6936861703304947
    outer loop
      vertex 16.8 -1.15 4.999999999999997
      vertex 16.519007003934835 -1.4126471861291692 5.299999999999997
      vertex 16.8 -1.4403225806451614 5.299999999999997
    endloop
  endfacet
  facet normal -0.07059952855215053 0.7168090426748437 0.6936861703304947
    outer loop
      vertex 17.02435387031855 -1.127903072463715 4.999999999999997
      vertex 16.8 -1.4403225806451614 5.299999999999997
      vertex 17.080992996065167 -1.4126471861291692 5.299999999999997
    endloop
  endfacet
  facet normal -0.20908548536686455 0.6892624731559912 0.6936861703304954
    outer loop
      vertex 17.240085947219853 -1.0624614623879796 4.999999999999997
      vertex 17.080992996065167 -1.4126471861291692 5.299999999999997
      vertex 17.351187588874236 -1.3306845524719018 5.299999999999997
    endloop
  endfacet
  facet normal -0.20908548536686689 0.6892624731559915 0.6936861703304945
    outer loop
      vertex 17.02435387031855 -1.127903072463715 4.999999999999997
      vertex 17.080992996065167 -1.4126471861291692 5.299999999999997
      vertex 17.240085947219853 -1.0624614623879796 4.999999999999997
    endloop
  endfacet
  facet normal -0.33953640423542103 0.6352279333366025 0.6936861703304957
    outer loop
      vertex 17.240085947219853 -1.0624614623879796 4.999999999999997
      vertex 17.351187588874236 -1.3306845524719018 5.299999999999997
      vertex 17.438905767972543 -0.9561900541479269 4.999999999999997
    endloop
  endfacet
  facet normal -0.33953640423542325 0.6352279333366024 0.6936861703304948
    outer loop
      vertex 17.438905767972543 -0.9561900541479269 4.999999999999997
      vertex 17.351187588874236 -1.3306845524719018 5.299999999999997
      vertex 17.600200351752427 -1.1975844577196337 5.299999999999997
    endloop
  endfacet
  facet normal -0.4569391295034186 0.5567819402790196 0.6936861703304948
    outer loop
      vertex 17.438905767972543 -0.9561900541479269 4.999999999999997
      vertex 17.600200351752427 -1.1975844577196337 5.299999999999997
      vertex 17.61317279836453 -0.8131727983645296 4.999999999999997
    endloop
  endfacet
  facet normal -0.556781940279018 0.45693912950342314 0.6936861703304931
    outer loop
      vertex 17.61317279836453 -0.8131727983645296 4.999999999999997
      vertex 17.8184618638703 -1.0184618638703016 5.299999999999997
      vertex 17.75619005414793 -0.6389057679725425 4.999999999999997
    endloop
  endfacet
  facet normal -0.4569391295034222 0.5567819402790185 0.6936861703304934
    outer loop
      vertex 17.61317279836453 -0.8131727983645296 4.999999999999997
      vertex 17.600200351752427 -1.1975844577196337 5.299999999999997
      vertex 17.8184618638703 -1.0184618638703016 5.299999999999997
    endloop
  endfacet
  facet normal -0.5567819402790211 0.4569391295034216 0.6936861703304917
    outer loop
      vertex 17.75619005414793 -0.6389057679725425 4.999999999999997
      vertex 17.8184618638703 -1.0184618638703016 5.299999999999997
      vertex 17.997584457719633 -0.8002003517524271 5.299999999999997
    endloop
  endfacet
  facet normal 0.5567819402790191 0.4569391295034184 0.6936861703304953
    outer loop
      vertex 15.98682720163547 -0.8131727983645296 4.999999999999997
      vertex 15.843809945852074 -0.6389057679725425 4.999999999999997
      vertex 15.602415542280367 -0.8002003517524272 5.299999999999997
    endloop
  endfacet
  facet normal 0.6352279333366019 0.33953640423542303 0.6936861703304954
    outer loop
      vertex 15.843809945852074 -0.6389057679725425 4.999999999999997
      vertex 15.469315447528098 -0.5511875888742342 5.299999999999997
      vertex 15.602415542280367 -0.8002003517524272 5.299999999999997
    endloop
  endfacet
  facet normal 0.6352279333366021 0.3395364042354214 0.6936861703304961
    outer loop
      vertex 15.843809945852074 -0.6389057679725425 4.999999999999997
      vertex 15.737538537612021 -0.4400859472198532 4.999999999999997
      vertex 15.469315447528098 -0.5511875888742342 5.299999999999997
    endloop
  endfacet
  facet normal 0.6892624731559915 0.20908548536686172 0.693686170330496
    outer loop
      vertex 15.737538537612021 -0.4400859472198532 4.999999999999997
      vertex 15.387352813870832 -0.28099299606516537 5.299999999999997
      vertex 15.469315447528098 -0.5511875888742342 5.299999999999997
    endloop
  endfacet
  facet normal 0.689262473155992 0.20908548536686603 0.6936861703304943
    outer loop
      vertex 15.672096927536286 -0.22435387031854748 4.999999999999997
      vertex 15.387352813870832 -0.28099299606516537 5.299999999999997
      vertex 15.737538537612021 -0.4400859472198532 4.999999999999997
    endloop
  endfacet
  facet normal 0.7168090426748431 0.07059952855215225 0.6936861703304953
    outer loop
      vertex 15.672096927536286 -0.22435387031854748 4.999999999999997
      vertex 15.65 0 4.999999999999997
      vertex 15.359677419354838 0 5.299999999999997
    endloop
  endfacet
  facet normal 0.7168090426748436 0.07059952855215404 0.6936861703304944
    outer loop
      vertex 15.672096927536286 -0.22435387031854748 4.999999999999997
      vertex 15.359677419354838 0 5.299999999999997
      vertex 15.387352813870832 -0.28099299606516537 5.299999999999997
    endloop
  endfacet
  facet normal -0.6352279333366085 0.3395364042354192 0.693686170330491
    outer loop
      vertex 17.75619005414793 -0.6389057679725425 4.999999999999997
      vertex 17.997584457719633 -0.8002003517524271 5.299999999999997
      vertex 17.86246146238798 -0.4400859472198532 4.999999999999997
    endloop
  endfacet
  facet normal -0.635227933336603 0.33953640423542375 0.6936861703304941
    outer loop
      vertex 17.86246146238798 -0.4400859472198532 4.999999999999997
      vertex 17.997584457719633 -0.8002003517524271 5.299999999999997
      vertex 18.1306845524719 -0.5511875888742342 5.299999999999997
    endloop
  endfacet
  facet normal -0.6892624731559939 0.20908548536686097 0.6936861703304938
    outer loop
      vertex 17.86246146238798 -0.4400859472198532 4.999999999999997
      vertex 18.1306845524719 -0.5511875888742342 5.299999999999997
      vertex 17.927903072463714 -0.22435387031854748 4.999999999999997
    endloop
  endfacet
  facet normal -0.6892624731559869 0.20908548536686938 0.6936861703304983
    outer loop
      vertex 17.927903072463714 -0.22435387031854748 4.999999999999997
      vertex 18.1306845524719 -0.5511875888742342 5.299999999999997
      vertex 18.21264718612917 -0.28099299606516537 5.299999999999997
    endloop
  endfacet
  facet normal -0.7168090426748397 0.0705995285521519 0.6936861703304988
    outer loop
      vertex 17.927903072463714 -0.22435387031854748 4.999999999999997
      vertex 18.21264718612917 -0.28099299606516537 5.299999999999997
      vertex 17.95 0 4.999999999999997
    endloop
  endfacet
  facet normal -0.7168090426748411 0.07059952855214925 0.6936861703304975
    outer loop
      vertex 17.95 0 4.999999999999997
      vertex 18.21264718612917 -0.28099299606516537 5.299999999999997
      vertex 18.240322580645163 0 5.299999999999997
    endloop
  endfacet
  facet normal 0.7168090426748439 -0.07059952855215232 0.6936861703304943
    outer loop
      vertex 15.65 0 4.999999999999997
      vertex 15.672096927536286 0.22435387031854748 4.999999999999997
      vertex 15.387352813870832 0.28099299606516537 5.299999999999997
    endloop
  endfacet
  facet normal 0.7168090426748429 -0.070599528552154 0.6936861703304951
    outer loop
      vertex 15.65 0 4.999999999999997
      vertex 15.387352813870832 0.28099299606516537 5.299999999999997
      vertex 15.359677419354838 0 5.299999999999997
    endloop
  endfacet
  facet normal 0.6892624731559921 -0.20908548536686605 0.6936861703304941
    outer loop
      vertex 15.672096927536286 0.22435387031854748 4.999999999999997
      vertex 15.737538537612021 0.4400859472198532 4.999999999999997
      vertex 15.4693154475281 0.5511875888742342 5.299999999999997
    endloop
  endfacet
  facet normal 0.689262473155992 -0.20908548536686639 0.6936861703304943
    outer loop
      vertex 15.672096927536286 0.22435387031854748 4.999999999999997
      vertex 15.4693154475281 0.5511875888742342 5.299999999999997
      vertex 15.387352813870832 0.28099299606516537 5.299999999999997
    endloop
  endfacet
  facet normal 0.6352279333366048 -0.33953640423542014 0.6936861703304943
    outer loop
      vertex 15.737538537612021 0.4400859472198532 4.999999999999997
      vertex 15.602415542280367 0.8002003517524271 5.299999999999997
      vertex 15.4693154475281 0.5511875888742342 5.299999999999997
    endloop
  endfacet
  facet normal 0.6352279333366028 -0.33953640423542175 0.6936861703304953
    outer loop
      vertex 15.737538537612021 0.4400859472198532 4.999999999999997
      vertex 15.843809945852074 0.6389057679725425 4.999999999999997
      vertex 15.602415542280367 0.8002003517524271 5.299999999999997
    endloop
  endfacet
  facet normal -0.716809042674841 -0.07059952855215204 0.6936861703304975
    outer loop
      vertex 17.95 0 4.999999999999997
      vertex 18.240322580645163 0 5.299999999999997
      vertex 17.927903072463714 0.22435387031854748 4.999999999999997
    endloop
  endfacet
  facet normal -0.71680904267484 -0.07059952855214911 0.6936861703304986
    outer loop
      vertex 17.927903072463714 0.22435387031854748 4.999999999999997
      vertex 18.240322580645163 0 5.299999999999997
      vertex 18.21264718612917 0.28099299606516537 5.299999999999997
    endloop
  endfacet
  facet normal -0.6892624731559894 -0.2090854853668596 0.6936861703304988
    outer loop
      vertex 17.86246146238798 0.4400859472198532 4.999999999999997
      vertex 17.927903072463714 0.22435387031854748 4.999999999999997
      vertex 18.21264718612917 0.28099299606516537 5.299999999999997
    endloop
  endfacet
  facet normal -0.5567819402790191 -0.4569391295034241 0.6936861703304917
    outer loop
      vertex 17.75619005414793 0.6389057679725425 4.999999999999997
      vertex 17.997584457719633 0.8002003517524272 5.299999999999997
      vertex 17.61317279836453 0.8131727983645296 4.999999999999997
    endloop
  endfacet
  facet normal -0.6352279333366059 -0.33953640423541775 0.6936861703304944
    outer loop
      vertex 17.86246146238798 0.4400859472198532 4.999999999999997
      vertex 18.1306845524719 0.5511875888742342 5.299999999999997
      vertex 17.75619005414793 0.6389057679725425 4.999999999999997
    endloop
  endfacet
  facet normal -0.6892624731559905 -0.20908548536687044 0.6936861703304944
    outer loop
      vertex 17.86246146238798 0.4400859472198532 4.999999999999997
      vertex 18.21264718612917 0.28099299606516537 5.299999999999997
      vertex 18.1306845524719 0.5511875888742342 5.299999999999997
    endloop
  endfacet
  facet normal -0.6352279333366052 -0.33953640423542475 0.6936861703304914
    outer loop
      vertex 17.75619005414793 0.6389057679725425 4.999999999999997
      vertex 18.1306845524719 0.5511875888742342 5.299999999999997
      vertex 17.997584457719633 0.8002003517524272 5.299999999999997
    endloop
  endfacet
  facet normal 0.5567819402790196 -0.45693912950341886 0.6936861703304947
    outer loop
      vertex 15.843809945852074 0.6389057679725425 4.999999999999997
      vertex 15.98682720163547 0.8131727983645296 4.999999999999997
      vertex 15.781538136129699 1.0184618638703016 5.299999999999997
    endloop
  endfacet
  facet normal 0.45693912950341853 -0.5567819402790195 0.6936861703304948
    outer loop
      vertex 15.98682720163547 0.8131727983645296 4.999999999999997
      vertex 16.16109423202746 0.9561900541479269 4.999999999999997
      vertex 15.999799648247574 1.1975844577196337 5.299999999999997
    endloop
  endfacet
  facet normal 0.5567819402790185 -0.45693912950341947 0.6936861703304952
    outer loop
      vertex 15.843809945852074 0.6389057679725425 4.999999999999997
      vertex 15.781538136129699 1.0184618638703016 5.299999999999997
      vertex 15.602415542280367 0.8002003517524271 5.299999999999997
    endloop
  endfacet
  facet normal 0.45693912950341925 -0.5567819402790194 0.6936861703304946
    outer loop
      vertex 15.98682720163547 0.8131727983645296 4.999999999999997
      vertex 15.999799648247574 1.1975844577196337 5.299999999999997
      vertex 15.781538136129699 1.0184618638703016 5.299999999999997
    endloop
  endfacet
  facet normal 0.33953640423542103 -0.6352279333366025 0.6936861703304957
    outer loop
      vertex 16.16109423202746 0.9561900541479269 4.999999999999997
      vertex 16.359914052780148 1.0624614623879796 4.999999999999997
      vertex 16.248812411125765 1.3306845524719018 5.299999999999997
    endloop
  endfacet
  facet normal 0.2090854853668668 -0.6892624731559914 0.6936861703304945
    outer loop
      vertex 16.359914052780148 1.0624614623879796 4.999999999999997
      vertex 16.575646129681452 1.127903072463715 4.999999999999997
      vertex 16.519007003934835 1.4126471861291692 5.299999999999997
    endloop
  endfacet
  facet normal 0.33953640423542325 -0.6352279333366024 0.6936861703304948
    outer loop
      vertex 16.16109423202746 0.9561900541479269 4.999999999999997
      vertex 16.248812411125765 1.3306845524719018 5.299999999999997
      vertex 15.999799648247574 1.1975844577196337 5.299999999999997
    endloop
  endfacet
  facet normal 0.20908548536686455 -0.6892624731559912 0.6936861703304954
    outer loop
      vertex 16.359914052780148 1.0624614623879796 4.999999999999997
      vertex 16.519007003934835 1.4126471861291692 5.299999999999997
      vertex 16.248812411125765 1.3306845524719018 5.299999999999997
    endloop
  endfacet
  facet normal -0.4569391295034178 -0.5567819402790186 0.6936861703304963
    outer loop
      vertex 17.438905767972543 0.9561900541479269 4.999999999999997
      vertex 17.61317279836453 0.8131727983645296 4.999999999999997
      vertex 17.818461863870304 1.0184618638703018 5.299999999999997
    endloop
  endfacet
  facet normal -0.5567819402790223 -0.45693912950341337 0.6936861703304963
    outer loop
      vertex 17.61317279836453 0.8131727983645296 4.999999999999997
      vertex 17.997584457719633 0.8002003517524272 5.299999999999997
      vertex 17.818461863870304 1.0184618638703018 5.299999999999997
    endloop
  endfacet
  facet normal -0.33953640423542153 -0.6352279333366033 0.6936861703304947
    outer loop
      vertex 17.240085947219853 1.0624614623879796 4.999999999999997
      vertex 17.438905767972543 0.9561900541479269 4.999999999999997
      vertex 17.600200351752427 1.1975844577196337 5.299999999999997
    endloop
  endfacet
  facet normal -0.20908548536686655 -0.6892624731559905 0.6936861703304956
    outer loop
      vertex 17.02435387031855 1.127903072463715 4.999999999999997
      vertex 17.240085947219853 1.0624614623879796 4.999999999999997
      vertex 17.351187588874236 1.3306845524719018 5.299999999999997
    endloop
  endfacet
  facet normal -0.45693912950341636 -0.5567819402790212 0.6936861703304951
    outer loop
      vertex 17.438905767972543 0.9561900541479269 4.999999999999997
      vertex 17.818461863870304 1.0184618638703018 5.299999999999997
      vertex 17.600200351752427 1.1975844577196337 5.299999999999997
    endloop
  endfacet
  facet normal -0.339536404235423 -0.6352279333366017 0.6936861703304957
    outer loop
      vertex 17.240085947219853 1.0624614623879796 4.999999999999997
      vertex 17.600200351752427 1.1975844577196337 5.299999999999997
      vertex 17.351187588874236 1.3306845524719018 5.299999999999997
    endloop
  endfacet
  facet normal 0.07059952855215053 -0.7168090426748437 0.6936861703304948
    outer loop
      vertex 16.575646129681452 1.127903072463715 4.999999999999997
      vertex 16.8 1.15 4.999999999999997
      vertex 16.8 1.4403225806451614 5.299999999999997
    endloop
  endfacet
  facet normal -0.07059952855215053 -0.7168090426748437 0.6936861703304948
    outer loop
      vertex 16.8 1.15 4.999999999999997
      vertex 17.02435387031855 1.127903072463715 4.999999999999997
      vertex 17.080992996065167 1.4126471861291692 5.299999999999997
    endloop
  endfacet
  facet normal -0.20908548536686483 -0.689262473155992 0.6936861703304946
    outer loop
      vertex 17.02435387031855 1.127903072463715 4.999999999999997
      vertex 17.351187588874236 1.3306845524719018 5.299999999999997
      vertex 17.080992996065167 1.4126471861291692 5.299999999999997
    endloop
  endfacet
  facet normal 0.07059952855215053 -0.7168090426748437 0.6936861703304947
    outer loop
      vertex 16.575646129681452 1.127903072463715 4.999999999999997
      vertex 16.8 1.4403225806451614 5.299999999999997
      vertex 16.519007003934835 1.4126471861291692 5.299999999999997
    endloop
  endfacet
  facet normal -0.0705995285521505 -0.7168090426748437 0.6936861703304947
    outer loop
      vertex 16.8 1.15 4.999999999999997
      vertex 17.080992996065167 1.4126471861291692 5.299999999999997
      vertex 16.8 1.4403225806451614 5.299999999999997
    endloop
  endfacet
  facet normal 0.07059952855215086 0.7168090426748436 0.693686170330495
    outer loop
      vertex -0.22435387031854748 -1.127903072463715 4.999999999999997
      vertex -0.28099299606516537 -1.4126471861291692 5.299999999999997
      vertex 0 -1.15 4.999999999999997
    endloop
  endfacet
  facet normal -0.07059952855215089 0.7168090426748438 0.6936861703304948
    outer loop
      vertex 0 -1.15 4.999999999999997
      vertex 0 -1.4403225806451614 5.299999999999997
      vertex 0.22435387031854748 -1.127903072463715 4.999999999999997
    endloop
  endfacet
  facet normal 0.2090854853668652 0.6892624731559918 0.6936861703304948
    outer loop
      vertex -0.22435387031854748 -1.127903072463715 4.999999999999997
      vertex -0.5511875888742342 -1.3306845524719018 5.299999999999997
      vertex -0.28099299606516537 -1.4126471861291692 5.299999999999997
    endloop
  endfacet
  facet normal 0.07059952855215061 0.7168090426748437 0.6936861703304947
    outer loop
      vertex 0 -1.15 4.999999999999997
      vertex -0.28099299606516537 -1.4126471861291692 5.299999999999997
      vertex 0 -1.4403225806451614 5.299999999999997
    endloop
  endfacet
  facet normal -0.07059952855215064 0.7168090426748436 0.693686170330495
    outer loop
      vertex 0.22435387031854748 -1.127903072463715 4.999999999999997
      vertex 0 -1.4403225806451614 5.299999999999997
      vertex 0.28099299606516537 -1.4126471861291692 5.299999999999997
    endloop
  endfacet
  facet normal -0.2090854853668651 0.6892624731559918 0.6936861703304948
    outer loop
      vertex 0.4400859472198532 -1.0624614623879796 4.999999999999997
      vertex 0.28099299606516537 -1.4126471861291692 5.299999999999997
      vertex 0.5511875888742342 -1.3306845524719018 5.299999999999997
    endloop
  endfacet
  facet normal 0.5567819402790186 0.4569391295034194 0.6936861703304951
    outer loop
      vertex -0.8131727983645296 -0.8131727983645296 4.999999999999997
      vertex -1.1975844577196337 -0.8002003517524272 5.299999999999997
      vertex -1.0184618638703018 -1.0184618638703018 5.299999999999997
    endloop
  endfacet
  facet normal 0.20908548536686525 0.6892624731559917 0.6936861703304948
    outer loop
      vertex -0.4400859472198532 -1.0624614623879796 4.999999999999997
      vertex -0.5511875888742342 -1.3306845524719018 5.299999999999997
      vertex -0.22435387031854748 -1.127903072463715 4.999999999999997
    endloop
  endfacet
  facet normal 0.33953640423542153 0.6352279333366035 0.6936861703304947
    outer loop
      vertex -0.6389057679725425 -0.9561900541479269 4.999999999999997
      vertex -0.8002003517524271 -1.1975844577196337 5.299999999999997
      vertex -0.4400859472198532 -1.0624614623879796 4.999999999999997
    endloop
  endfacet
  facet normal -0.20908548536686525 0.6892624731559917 0.6936861703304948
    outer loop
      vertex 0.22435387031854748 -1.127903072463715 4.999999999999997
      vertex 0.28099299606516537 -1.4126471861291692 5.299999999999997
      vertex 0.4400859472198532 -1.0624614623879796 4.999999999999997
    endloop
  endfacet
  facet normal 0.3395364042354217 0.6352279333366032 0.6936861703304948
    outer loop
      vertex -0.4400859472198532 -1.0624614623879796 4.999999999999997
      vertex -0.8002003517524271 -1.1975844577196337 5.299999999999997
      vertex -0.5511875888742342 -1.3306845524719018 5.299999999999997
    endloop
  endfacet
  facet normal 0.4569391295034195 0.556781940279019 0.6936861703304948
    outer loop
      vertex -0.6389057679725425 -0.9561900541479269 4.999999999999997
      vertex -1.0184618638703018 -1.0184618638703018 5.299999999999997
      vertex -0.8002003517524271 -1.1975844577196337 5.299999999999997
    endloop
  endfacet
  facet normal 0.45693912950341986 0.5567819402790183 0.693686170330495
    outer loop
      vertex -0.8131727983645296 -0.8131727983645296 4.999999999999997
      vertex -1.0184618638703018 -1.0184618638703018 5.299999999999997
      vertex -0.6389057679725425 -0.9561900541479269 4.999999999999997
    endloop
  endfacet
  facet normal -0.3395364042354215 0.6352279333366034 0.693686170330495
    outer loop
      vertex 0.4400859472198532 -1.0624614623879796 4.999999999999997
      vertex 0.5511875888742342 -1.3306845524719018 5.299999999999997
      vertex 0.6389057679725425 -0.9561900541479269 4.999999999999997
    endloop
  endfacet
  facet normal -0.3395364042354217 0.6352279333366033 0.6936861703304947
    outer loop
      vertex 0.6389057679725425 -0.9561900541479269 4.999999999999997
      vertex 0.5511875888742342 -1.3306845524719018 5.299999999999997
      vertex 0.8002003517524271 -1.1975844577196337 5.299999999999997
    endloop
  endfacet
  facet normal -0.45693912950342014 0.5567819402790186 0.6936861703304948
    outer loop
      vertex 0.6389057679725425 -0.9561900541479269 4.999999999999997
      vertex 0.8002003517524271 -1.1975844577196337 5.299999999999997
      vertex 0.8131727983645296 -0.8131727983645296 4.999999999999997
    endloop
  endfacet
  facet normal -0.5567819402790186 0.45693912950342014 0.6936861703304948
    outer loop
      vertex 0.8131727983645296 -0.8131727983645296 4.999999999999997
      vertex 1.0184618638703016 -1.0184618638703016 5.299999999999997
      vertex 0.9561900541479269 -0.6389057679725425 4.999999999999997
    endloop
  endfacet
  facet normal -0.4569391295034201 0.5567819402790185 0.6936861703304946
    outer loop
      vertex 0.8131727983645296 -0.8131727983645296 4.999999999999997
      vertex 0.8002003517524271 -1.1975844577196337 5.299999999999997
      vertex 1.0184618638703016 -1.0184618638703016 5.299999999999997
    endloop
  endfacet
  facet normal -0.5567819402790185 0.4569391295034201 0.6936861703304946
    outer loop
      vertex 0.9561900541479269 -0.6389057679725425 4.999999999999997
      vertex 1.0184618638703016 -1.0184618638703016 5.299999999999997
      vertex 1.1975844577196337 -0.8002003517524271 5.299999999999997
    endloop
  endfacet
  facet normal 0.5567819402790184 0.45693912950342 0.6936861703304947
    outer loop
      vertex -0.8131727983645296 -0.8131727983645296 4.999999999999997
      vertex -0.9561900541479269 -0.6389057679725425 4.999999999999997
      vertex -1.1975844577196337 -0.8002003517524272 5.299999999999997
    endloop
  endfacet
  facet normal 0.6352279333366031 0.339536404235422 0.6936861703304948
    outer loop
      vertex -0.9561900541479269 -0.6389057679725425 4.999999999999997
      vertex -1.330684552471902 -0.5511875888742342 5.299999999999997
      vertex -1.1975844577196337 -0.8002003517524272 5.299999999999997
    endloop
  endfacet
  facet normal 0.6352279333366031 0.3395364042354213 0.6936861703304951
    outer loop
      vertex -0.9561900541479269 -0.6389057679725425 4.999999999999997
      vertex -1.0624614623879796 -0.4400859472198532 4.999999999999997
      vertex -1.330684552471902 -0.5511875888742342 5.299999999999997
    endloop
  endfacet
  facet normal 0.6892624731559915 0.2090854853668646 0.6936861703304951
    outer loop
      vertex -1.0624614623879796 -0.4400859472198532 4.999999999999997
      vertex -1.4126471861291692 -0.28099299606516537 5.299999999999997
      vertex -1.330684552471902 -0.5511875888742342 5.299999999999997
    endloop
  endfacet
  facet normal 0.6892624731559917 0.20908548536686525 0.6936861703304948
    outer loop
      vertex -1.127903072463715 -0.22435387031854748 4.999999999999997
      vertex -1.4126471861291692 -0.28099299606516537 5.299999999999997
      vertex -1.0624614623879796 -0.4400859472198532 4.999999999999997
    endloop
  endfacet
  facet normal 0.7168090426748438 0.07059952855215089 0.6936861703304948
    outer loop
      vertex -1.127903072463715 -0.22435387031854748 4.999999999999997
      vertex -1.15 0 4.999999999999997
      vertex -1.4403225806451614 0 5.299999999999997
    endloop
  endfacet
  facet normal 0.7168090426748436 0.07059952855215065 0.6936861703304948
    outer loop
      vertex -1.127903072463715 -0.22435387031854748 4.999999999999997
      vertex -1.4403225806451614 0 5.299999999999997
      vertex -1.4126471861291692 -0.28099299606516537 5.299999999999997
    endloop
  endfacet
  facet normal -0.6352279333366035 0.33953640423542153 0.6936861703304947
    outer loop
      vertex 0.9561900541479269 -0.6389057679725425 4.999999999999997
      vertex 1.1975844577196337 -0.8002003517524271 5.299999999999997
      vertex 1.0624614623879796 -0.4400859472198532 4.999999999999997
    endloop
  endfacet
  facet normal -0.6352279333366033 0.3395364042354217 0.6936861703304948
    outer loop
      vertex 1.0624614623879796 -0.4400859472198532 4.999999999999997
      vertex 1.1975844577196337 -0.8002003517524271 5.299999999999997
      vertex 1.3306845524719018 -0.5511875888742342 5.299999999999997
    endloop
  endfacet
  facet normal -0.6892624731559917 0.20908548536686525 0.6936861703304948
    outer loop
      vertex 1.0624614623879796 -0.4400859472198532 4.999999999999997
      vertex 1.3306845524719018 -0.5511875888742342 5.299999999999997
      vertex 1.127903072463715 -0.22435387031854748 4.999999999999997
    endloop
  endfacet
  facet normal -0.6892624731559918 0.20908548536686514 0.6936861703304948
    outer loop
      vertex 1.127903072463715 -0.22435387031854748 4.999999999999997
      vertex 1.3306845524719018 -0.5511875888742342 5.299999999999997
      vertex 1.4126471861291692 -0.28099299606516537 5.299999999999997
    endloop
  endfacet
  facet normal -0.7168090426748436 0.07059952855215086 0.693686170330495
    outer loop
      vertex 1.127903072463715 -0.22435387031854748 4.999999999999997
      vertex 1.4126471861291692 -0.28099299606516537 5.299999999999997
      vertex 1.15 0 4.999999999999997
    endloop
  endfacet
  facet normal -0.7168090426748437 0.0705995285521507 0.6936861703304947
    outer loop
      vertex 1.15 0 4.999999999999997
      vertex 1.4126471861291692 -0.28099299606516537 5.299999999999997
      vertex 1.4403225806451614 0 5.299999999999997
    endloop
  endfacet
  facet normal 0.7168090426748436 -0.07059952855215086 0.693686170330495
    outer loop
      vertex -1.15 0 4.999999999999997
      vertex -1.127903072463715 0.22435387031854748 4.999999999999997
      vertex -1.4126471861291692 0.28099299606516537 5.299999999999997
    endloop
  endfacet
  facet normal 0.7168090426748437 -0.0705995285521507 0.6936861703304947
    outer loop
      vertex -1.15 0 4.999999999999997
      vertex -1.4126471861291692 0.28099299606516537 5.299999999999997
      vertex -1.4403225806451614 0 5.299999999999997
    endloop
  endfacet
  facet normal 0.6892624731559915 -0.2090854853668652 0.693686170330495
    outer loop
      vertex -1.127903072463715 0.22435387031854748 4.999999999999997
      vertex -1.0624614623879796 0.4400859472198532 4.999999999999997
      vertex -1.3306845524719018 0.5511875888742342 5.299999999999997
    endloop
  endfacet
  facet normal 0.6892624731559918 -0.20908548536686514 0.6936861703304948
    outer loop
      vertex -1.127903072463715 0.22435387031854748 4.999999999999997
      vertex -1.3306845524719018 0.5511875888742342 5.299999999999997
      vertex -1.4126471861291692 0.28099299606516537 5.299999999999997
    endloop
  endfacet
  facet normal 0.6352279333366033 -0.3395364042354217 0.6936861703304948
    outer loop
      vertex -1.0624614623879796 0.4400859472198532 4.999999999999997
      vertex -1.1975844577196337 0.8002003517524271 5.299999999999997
      vertex -1.3306845524719018 0.5511875888742342 5.299999999999997
    endloop
  endfacet
  facet normal 0.6352279333366035 -0.33953640423542153 0.6936861703304947
    outer loop
      vertex -1.0624614623879796 0.4400859472198532 4.999999999999997
      vertex -0.9561900541479269 0.6389057679725425 4.999999999999997
      vertex -1.1975844577196337 0.8002003517524271 5.299999999999997
    endloop
  endfacet
  facet normal -0.7168090426748438 -0.07059952855215089 0.6936861703304948
    outer loop
      vertex 1.15 0 4.999999999999997
      vertex 1.4403225806451614 0 5.299999999999997
      vertex 1.127903072463715 0.22435387031854748 4.999999999999997
    endloop
  endfacet
  facet normal -0.7168090426748436 -0.07059952855215065 0.6936861703304948
    outer loop
      vertex 1.127903072463715 0.22435387031854748 4.999999999999997
      vertex 1.4403225806451614 0 5.299999999999997
      vertex 1.4126471861291692 0.28099299606516537 5.299999999999997
    endloop
  endfacet
  facet normal -0.6892624731559917 -0.20908548536686525 0.6936861703304948
    outer loop
      vertex 1.0624614623879796 0.4400859472198532 4.999999999999997
      vertex 1.127903072463715 0.22435387031854748 4.999999999999997
      vertex 1.4126471861291692 0.28099299606516537 5.299999999999997
    endloop
  endfacet
  facet normal -0.6352279333366031 -0.3395364042354213 0.6936861703304951
    outer loop
      vertex 1.0624614623879796 0.4400859472198532 4.999999999999997
      vertex 1.330684552471902 0.5511875888742342 5.299999999999997
      vertex 0.9561900541479269 0.6389057679725425 4.999999999999997
    endloop
  endfacet
  facet normal -0.6892624731559915 -0.2090854853668646 0.6936861703304951
    outer loop
      vertex 1.0624614623879796 0.4400859472198532 4.999999999999997
      vertex 1.4126471861291692 0.28099299606516537 5.299999999999997
      vertex 1.330684552471902 0.5511875888742342 5.299999999999997
    endloop
  endfacet
  facet normal -0.5567819402790184 -0.45693912950342 0.6936861703304947
    outer loop
      vertex 0.9561900541479269 0.6389057679725425 4.999999999999997
      vertex 1.1975844577196337 0.8002003517524272 5.299999999999997
      vertex 0.8131727983645296 0.8131727983645296 4.999999999999997
    endloop
  endfacet
  facet normal -0.6352279333366031 -0.339536404235422 0.6936861703304948
    outer loop
      vertex 0.9561900541479269 0.6389057679725425 4.999999999999997
      vertex 1.330684552471902 0.5511875888742342 5.299999999999997
      vertex 1.1975844577196337 0.8002003517524272 5.299999999999997
    endloop
  endfacet
  facet normal 0.5567819402790186 -0.45693912950342014 0.6936861703304948
    outer loop
      vertex -0.9561900541479269 0.6389057679725425 4.999999999999997
      vertex -0.8131727983645296 0.8131727983645296 4.999999999999997
      vertex -1.0184618638703016 1.0184618638703016 5.299999999999997
    endloop
  endfacet
  facet normal 0.5567819402790185 -0.4569391295034201 0.6936861703304946
    outer loop
      vertex -0.9561900541479269 0.6389057679725425 4.999999999999997
      vertex -1.0184618638703016 1.0184618638703016 5.299999999999997
      vertex -1.1975844577196337 0.8002003517524271 5.299999999999997
    endloop
  endfacet
  facet normal 0.4569391295034201 -0.5567819402790185 0.6936861703304946
    outer loop
      vertex -0.8131727983645296 0.8131727983645296 4.999999999999997
      vertex -0.8002003517524271 1.1975844577196337 5.299999999999997
      vertex -1.0184618638703016 1.0184618638703016 5.299999999999997
    endloop
  endfacet
  facet normal 0.45693912950342014 -0.5567819402790186 0.6936861703304948
    outer loop
      vertex -0.8131727983645296 0.8131727983645296 4.999999999999997
      vertex -0.6389057679725425 0.9561900541479269 4.999999999999997
      vertex -0.8002003517524271 1.1975844577196337 5.299999999999997
    endloop
  endfacet
  facet normal 0.3395364042354215 -0.6352279333366034 0.693686170330495
    outer loop
      vertex -0.6389057679725425 0.9561900541479269 4.999999999999997
      vertex -0.4400859472198532 1.0624614623879796 4.999999999999997
      vertex -0.5511875888742342 1.3306845524719018 5.299999999999997
    endloop
  endfacet
  facet normal 0.20908548536686525 -0.6892624731559917 0.6936861703304948
    outer loop
      vertex -0.4400859472198532 1.0624614623879796 4.999999999999997
      vertex -0.22435387031854748 1.127903072463715 4.999999999999997
      vertex -0.28099299606516537 1.4126471861291692 5.299999999999997
    endloop
  endfacet
  facet normal -0.20908548536686525 -0.6892624731559917 0.6936861703304948
    outer loop
      vertex 0.22435387031854748 1.127903072463715 4.999999999999997
      vertex 0.4400859472198532 1.0624614623879796 4.999999999999997
      vertex 0.5511875888742342 1.3306845524719018 5.299999999999997
    endloop
  endfacet
  facet normal 0.3395364042354217 -0.6352279333366033 0.6936861703304947
    outer loop
      vertex -0.6389057679725425 0.9561900541479269 4.999999999999997
      vertex -0.5511875888742342 1.3306845524719018 5.299999999999997
      vertex -0.8002003517524271 1.1975844577196337 5.299999999999997
    endloop
  endfacet
  facet normal 0.07059952855215089 -0.7168090426748438 0.6936861703304948
    outer loop
      vertex -0.22435387031854748 1.127903072463715 4.999999999999997
      vertex 0 1.15 4.999999999999997
      vertex 0 1.4403225806451614 5.299999999999997
    endloop
  endfacet
  facet normal -0.07059952855215086 -0.7168090426748436 0.693686170330495
    outer loop
      vertex 0 1.15 4.999999999999997
      vertex 0.22435387031854748 1.127903072463715 4.999999999999997
      vertex 0.28099299606516537 1.4126471861291692 5.299999999999997
    endloop
  endfacet
  facet normal 0.2090854853668651 -0.6892624731559918 0.6936861703304948
    outer loop
      vertex -0.4400859472198532 1.0624614623879796 4.999999999999997
      vertex -0.28099299606516537 1.4126471861291692 5.299999999999997
      vertex -0.5511875888742342 1.3306845524719018 5.299999999999997
    endloop
  endfacet
  facet normal -0.2090854853668652 -0.6892624731559918 0.6936861703304948
    outer loop
      vertex 0.22435387031854748 1.127903072463715 4.999999999999997
      vertex 0.5511875888742342 1.3306845524719018 5.299999999999997
      vertex 0.28099299606516537 1.4126471861291692 5.299999999999997
    endloop
  endfacet
  facet normal 0.07059952855215064 -0.7168090426748436 0.693686170330495
    outer loop
      vertex -0.22435387031854748 1.127903072463715 4.999999999999997
      vertex 0 1.4403225806451614 5.299999999999997
      vertex -0.28099299606516537 1.4126471861291692 5.299999999999997
    endloop
  endfacet
  facet normal -0.07059952855215061 -0.7168090426748437 0.6936861703304947
    outer loop
      vertex 0 1.15 4.999999999999997
      vertex 0.28099299606516537 1.4126471861291692 5.299999999999997
      vertex 0 1.4403225806451614 5.299999999999997
    endloop
  endfacet
  facet normal -0.45693912950341986 -0.5567819402790183 0.6936861703304952
    outer loop
      vertex 0.6389057679725425 0.9561900541479269 4.999999999999997
      vertex 0.8131727983645296 0.8131727983645296 4.999999999999997
      vertex 1.0184618638703018 1.0184618638703018 5.299999999999997
    endloop
  endfacet
  facet normal -0.5567819402790186 -0.4569391295034194 0.6936861703304951
    outer loop
      vertex 0.8131727983645296 0.8131727983645296 4.999999999999997
      vertex 1.1975844577196337 0.8002003517524272 5.299999999999997
      vertex 1.0184618638703018 1.0184618638703018 5.299999999999997
    endloop
  endfacet
  facet normal -0.33953640423542153 -0.6352279333366035 0.6936861703304947
    outer loop
      vertex 0.4400859472198532 1.0624614623879796 4.999999999999997
      vertex 0.6389057679725425 0.9561900541479269 4.999999999999997
      vertex 0.8002003517524271 1.1975844577196337 5.299999999999997
    endloop
  endfacet
  facet normal -0.4569391295034195 -0.556781940279019 0.6936861703304948
    outer loop
      vertex 0.6389057679725425 0.9561900541479269 4.999999999999997
      vertex 1.0184618638703018 1.0184618638703018 5.299999999999997
      vertex 0.8002003517524271 1.1975844577196337 5.299999999999997
    endloop
  endfacet
  facet normal -0.3395364042354217 -0.6352279333366032 0.6936861703304948
    outer loop
      vertex 0.4400859472198532 1.0624614623879796 4.999999999999997
      vertex 0.8002003517524271 1.1975844577196337 5.299999999999997
      vertex 0.5511875888742342 1.3306845524719018 5.299999999999997
    endloop
  endfacet
  facet normal 0.07059952855215106 0.7168090426748435 0.6936861703304951
    outer loop
      vertex 8.175646129681454 -1.127903072463715 4.999999999999997
      vertex 8.119007003934835 -1.4126471861291692 5.299999999999997
      vertex 8.4 -1.15 4.999999999999997
    endloop
  endfacet
  facet normal -0.0705995285521511 0.7168090426748438 0.6936861703304948
    outer loop
      vertex 8.4 -1.15 4.999999999999997
      vertex 8.4 -1.4403225806451614 5.299999999999997
      vertex 8.624353870318547 -1.127903072463715 4.999999999999997
    endloop
  endfacet
  facet normal 0.0705995285521505 0.7168090426748437 0.6936861703304947
    outer loop
      vertex 8.4 -1.15 4.999999999999997
      vertex 8.119007003934835 -1.4126471861291692 5.299999999999997
      vertex 8.4 -1.4403225806451614 5.299999999999997
    endloop
  endfacet
  facet normal 0.2090854853668653 0.6892624731559913 0.6936861703304953
    outer loop
      vertex 8.175646129681454 -1.127903072463715 4.999999999999997
      vertex 7.848812411125766 -1.3306845524719018 5.299999999999997
      vertex 8.119007003934835 -1.4126471861291692 5.299999999999997
    endloop
  endfacet
  facet normal 0.33953640423542153 0.6352279333366033 0.6936861703304947
    outer loop
      vertex 7.761094232027458 -0.9561900541479269 4.999999999999997
      vertex 7.599799648247573 -1.1975844577196337 5.299999999999997
      vertex 7.959914052780147 -1.0624614623879796 4.999999999999997
    endloop
  endfacet
  facet normal 0.20908548536686442 0.689262473155992 0.6936861703304947
    outer loop
      vertex 7.959914052780147 -1.0624614623879796 4.999999999999997
      vertex 7.848812411125766 -1.3306845524719018 5.299999999999997
      vertex 8.175646129681454 -1.127903072463715 4.999999999999997
    endloop
  endfacet
  facet normal 0.33953640423542153 0.6352279333366034 0.6936861703304947
    outer loop
      vertex 7.959914052780147 -1.0624614623879796 4.999999999999997
      vertex 7.599799648247573 -1.1975844577196337 5.299999999999997
      vertex 7.848812411125766 -1.3306845524719018 5.299999999999997
    endloop
  endfacet
  facet normal 0.4569391295034199 0.5567819402790187 0.6936861703304948
    outer loop
      vertex 7.761094232027458 -0.9561900541479269 4.999999999999997
      vertex 7.381538136129699 -1.0184618638703018 5.299999999999997
      vertex 7.599799648247573 -1.1975844577196337 5.299999999999997
    endloop
  endfacet
  facet normal 0.45693912950342 0.5567819402790184 0.693686170330495
    outer loop
      vertex 7.5868272016354705 -0.8131727983645296 4.999999999999997
      vertex 7.381538136129699 -1.0184618638703018 5.299999999999997
      vertex 7.761094232027458 -0.9561900541479269 4.999999999999997
    endloop
  endfacet
  facet normal 0.5567819402790188 0.4569391295034196 0.6936861703304948
    outer loop
      vertex 7.5868272016354705 -0.8131727983645296 4.999999999999997
      vertex 7.202415542280367 -0.8002003517524272 5.299999999999997
      vertex 7.381538136129699 -1.0184618638703018 5.299999999999997
    endloop
  endfacet
  facet normal 0.6892624731559918 0.20908548536686408 0.6936861703304951
    outer loop
      vertex 7.337538537612021 -0.4400859472198532 4.999999999999997
      vertex 6.987352813870832 -0.28099299606516537 5.299999999999997
      vertex 7.069315447528099 -0.5511875888742342 5.299999999999997
    endloop
  endfacet
  facet normal 0.5567819402790191 0.4569391295034184 0.6936861703304953
    outer loop
      vertex 7.5868272016354705 -0.8131727983645296 4.999999999999997
      vertex 7.443809945852074 -0.6389057679725425 4.999999999999997
      vertex 7.202415542280367 -0.8002003517524272 5.299999999999997
    endloop
  endfacet
  facet normal 0.6352279333366029 0.3395364042354213 0.6936861703304953
    outer loop
      vertex 7.443809945852074 -0.6389057679725425 4.999999999999997
      vertex 7.069315447528099 -0.5511875888742342 5.299999999999997
      vertex 7.202415542280367 -0.8002003517524272 5.299999999999997
    endloop
  endfacet
  facet normal 0.6352279333366029 0.3395364042354218 0.693686170330495
    outer loop
      vertex 7.443809945852074 -0.6389057679725425 4.999999999999997
      vertex 7.337538537612021 -0.4400859472198532 4.999999999999997
      vertex 7.069315447528099 -0.5511875888742342 5.299999999999997
    endloop
  endfacet
  facet normal 0.7168090426748442 0.07059952855215235 0.6936861703304942
    outer loop
      vertex 7.2720969275362854 -0.22435387031854748 4.999999999999997
      vertex 7.25 0 4.999999999999997
      vertex 6.959677419354839 0 5.299999999999997
    endloop
  endfacet
  facet normal 0.7168090426748439 0.07059952855215183 0.6936861703304943
    outer loop
      vertex 7.2720969275362854 -0.22435387031854748 4.999999999999997
      vertex 6.959677419354839 0 5.299999999999997
      vertex 6.987352813870832 -0.28099299606516537 5.299999999999997
    endloop
  endfacet
  facet normal 0.689262473155992 0.20908548536686603 0.6936861703304943
    outer loop
      vertex 7.2720969275362854 -0.22435387031854748 4.999999999999997
      vertex 6.987352813870832 -0.28099299606516537 5.299999999999997
      vertex 7.337538537612021 -0.4400859472198532 4.999999999999997
    endloop
  endfacet
  facet normal -0.07059952855215051 0.7168090426748435 0.6936861703304951
    outer loop
      vertex 8.624353870318547 -1.127903072463715 4.999999999999997
      vertex 8.4 -1.4403225806451614 5.299999999999997
      vertex 8.680992996065166 -1.4126471861291692 5.299999999999997
    endloop
  endfacet
  facet normal -0.20908548536686597 0.6892624731559915 0.6936861703304948
    outer loop
      vertex 8.840085947219853 -1.0624614623879796 4.999999999999997
      vertex 8.680992996065166 -1.4126471861291692 5.299999999999997
      vertex 8.951187588874234 -1.3306845524719018 5.299999999999997
    endloop
  endfacet
  facet normal -0.20908548536686508 0.6892624731559913 0.6936861703304952
    outer loop
      vertex 8.624353870318547 -1.127903072463715 4.999999999999997
      vertex 8.680992996065166 -1.4126471861291692 5.299999999999997
      vertex 8.840085947219853 -1.0624614623879796 4.999999999999997
    endloop
  endfacet
  facet normal -0.33953640423542153 0.6352279333366034 0.6936861703304947
    outer loop
      vertex 8.840085947219853 -1.0624614623879796 4.999999999999997
      vertex 8.951187588874234 -1.3306845524719018 5.299999999999997
      vertex 9.038905767972542 -0.9561900541479269 4.999999999999997
    endloop
  endfacet
  facet normal -0.3395364042354214 0.6352279333366034 0.6936861703304947
    outer loop
      vertex 9.038905767972542 -0.9561900541479269 4.999999999999997
      vertex 8.951187588874234 -1.3306845524719018 5.299999999999997
      vertex 9.200200351752427 -1.1975844577196337 5.299999999999997
    endloop
  endfacet
  facet normal -0.4569391295034186 0.5567819402790196 0.6936861703304948
    outer loop
      vertex 9.038905767972542 -0.9561900541479269 4.999999999999997
      vertex 9.200200351752427 -1.1975844577196337 5.299999999999997
      vertex 9.21317279836453 -0.8131727983645296 4.999999999999997
    endloop
  endfacet
  facet normal -0.5567819402790196 0.45693912950341886 0.6936861703304947
    outer loop
      vertex 9.21317279836453 -0.8131727983645296 4.999999999999997
      vertex 9.418461863870302 -1.0184618638703016 5.299999999999997
      vertex 9.356190054147927 -0.6389057679725425 4.999999999999997
    endloop
  endfacet
  facet normal -0.45693912950341925 0.5567819402790194 0.6936861703304946
    outer loop
      vertex 9.21317279836453 -0.8131727983645296 4.999999999999997
      vertex 9.200200351752427 -1.1975844577196337 5.299999999999997
      vertex 9.418461863870302 -1.0184618638703016 5.299999999999997
    endloop
  endfacet
  facet normal -0.5567819402790185 0.45693912950341947 0.6936861703304952
    outer loop
      vertex 9.356190054147927 -0.6389057679725425 4.999999999999997
      vertex 9.418461863870302 -1.0184618638703016 5.299999999999997
      vertex 9.597584457719634 -0.8002003517524271 5.299999999999997
    endloop
  endfacet
  facet normal -0.6352279333366028 0.33953640423542175 0.6936861703304953
    outer loop
      vertex 9.356190054147927 -0.6389057679725425 4.999999999999997
      vertex 9.597584457719634 -0.8002003517524271 5.299999999999997
      vertex 9.46246146238798 -0.4400859472198532 4.999999999999997
    endloop
  endfacet
  facet normal -0.6352279333366014 0.3395364042354229 0.693686170330496
    outer loop
      vertex 9.46246146238798 -0.4400859472198532 4.999999999999997
      vertex 9.597584457719634 -0.8002003517524271 5.299999999999997
      vertex 9.730684552471903 -0.5511875888742342 5.299999999999997
    endloop
  endfacet
  facet normal -0.6892624731559902 0.2090854853668655 0.6936861703304962
    outer loop
      vertex 9.46246146238798 -0.4400859472198532 4.999999999999997
      vertex 9.730684552471903 -0.5511875888742342 5.299999999999997
      vertex 9.527903072463715 -0.22435387031854748 4.999999999999997
    endloop
  endfacet
  facet normal -0.689262473155993 0.20908548536686214 0.6936861703304944
    outer loop
      vertex 9.527903072463715 -0.22435387031854748 4.999999999999997
      vertex 9.730684552471903 -0.5511875888742342 5.299999999999997
      vertex 9.812647186129169 -0.28099299606516537 5.299999999999997
    endloop
  endfacet
  facet normal -0.7168090426748439 0.07059952855215232 0.6936861703304943
    outer loop
      vertex 9.527903072463715 -0.22435387031854748 4.999999999999997
      vertex 9.812647186129169 -0.28099299606516537 5.299999999999997
      vertex 9.55 0 4.999999999999997
    endloop
  endfacet
  facet normal -0.7168090426748454 0.07059952855214971 0.6936861703304931
    outer loop
      vertex 9.55 0 4.999999999999997
      vertex 9.812647186129169 -0.28099299606516537 5.299999999999997
      vertex 9.84032258064516 0 5.299999999999997
    endloop
  endfacet
  facet normal 0.7168090426748441 -0.07059952855215185 0.6936861703304941
    outer loop
      vertex 7.25 0 4.999999999999997
      vertex 6.987352813870832 0.28099299606516537 5.299999999999997
      vertex 6.959677419354839 0 5.299999999999997
    endloop
  endfacet
  facet normal 0.6892624731559924 -0.20908548536686422 0.6936861703304943
    outer loop
      vertex 7.2720969275362854 0.22435387031854748 4.999999999999997
      vertex 7.069315447528099 0.5511875888742342 5.299999999999997
      vertex 6.987352813870832 0.28099299606516537 5.299999999999997
    endloop
  endfacet
  facet normal 0.7168090426748439 -0.07059952855215232 0.6936861703304943
    outer loop
      vertex 7.25 0 4.999999999999997
      vertex 7.2720969275362854 0.22435387031854748 4.999999999999997
      vertex 6.987352813870832 0.28099299606516537 5.299999999999997
    endloop
  endfacet
  facet normal 0.6892624731559911 -0.20908548536686575 0.6936861703304952
    outer loop
      vertex 7.2720969275362854 0.22435387031854748 4.999999999999997
      vertex 7.337538537612021 0.4400859472198532 4.999999999999997
      vertex 7.069315447528099 0.5511875888742342 5.299999999999997
    endloop
  endfacet
  facet normal 0.635227933336603 -0.33953640423542153 0.6936861703304951
    outer loop
      vertex 7.337538537612021 0.4400859472198532 4.999999999999997
      vertex 7.202415542280367 0.8002003517524271 5.299999999999997
      vertex 7.069315447528099 0.5511875888742342 5.299999999999997
    endloop
  endfacet
  facet normal 0.6352279333366028 -0.33953640423542175 0.6936861703304953
    outer loop
      vertex 7.337538537612021 0.4400859472198532 4.999999999999997
      vertex 7.443809945852074 0.6389057679725425 4.999999999999997
      vertex 7.202415542280367 0.8002003517524271 5.299999999999997
    endloop
  endfacet
  facet normal 0.5567819402790196 -0.45693912950341886 0.6936861703304947
    outer loop
      vertex 7.443809945852074 0.6389057679725425 4.999999999999997
      vertex 7.5868272016354705 0.8131727983645296 4.999999999999997
      vertex 7.381538136129699 1.0184618638703016 5.299999999999997
    endloop
  endfacet
  facet normal 0.45693912950342 -0.5567819402790184 0.6936861703304947
    outer loop
      vertex 7.5868272016354705 0.8131727983645296 4.999999999999997
      vertex 7.761094232027458 0.9561900541479269 4.999999999999997
      vertex 7.599799648247573 1.1975844577196337 5.299999999999997
    endloop
  endfacet
  facet normal 0.5567819402790185 -0.45693912950341947 0.6936861703304952
    outer loop
      vertex 7.443809945852074 0.6389057679725425 4.999999999999997
      vertex 7.381538136129699 1.0184618638703016 5.299999999999997
      vertex 7.202415542280367 0.8002003517524271 5.299999999999997
    endloop
  endfacet
  facet normal 0.45693912950342025 -0.5567819402790184 0.6936861703304946
    outer loop
      vertex 7.5868272016354705 0.8131727983645296 4.999999999999997
      vertex 7.599799648247573 1.1975844577196337 5.299999999999997
      vertex 7.381538136129699 1.0184618638703016 5.299999999999997
    endloop
  endfacet
  facet normal 0.33953640423542153 -0.6352279333366034 0.6936861703304947
    outer loop
      vertex 7.761094232027458 0.9561900541479269 4.999999999999997
      vertex 7.959914052780147 1.0624614623879796 4.999999999999997
      vertex 7.848812411125766 1.3306845524719018 5.299999999999997
    endloop
  endfacet
  facet normal 0.20908548536686425 -0.6892624731559915 0.6936861703304953
    outer loop
      vertex 7.959914052780147 1.0624614623879796 4.999999999999997
      vertex 8.175646129681454 1.127903072463715 4.999999999999997
      vertex 8.119007003934835 1.4126471861291692 5.299999999999997
    endloop
  endfacet
  facet normal 0.3395364042354214 -0.6352279333366034 0.6936861703304947
    outer loop
      vertex 7.761094232027458 0.9561900541479269 4.999999999999997
      vertex 7.848812411125766 1.3306845524719018 5.299999999999997
      vertex 7.599799648247573 1.1975844577196337 5.299999999999997
    endloop
  endfacet
  facet normal 0.0705995285521511 -0.7168090426748438 0.6936861703304948
    outer loop
      vertex 8.175646129681454 1.127903072463715 4.999999999999997
      vertex 8.4 1.15 4.999999999999997
      vertex 8.4 1.4403225806451614 5.299999999999997
    endloop
  endfacet
  facet normal 0.20908548536686536 -0.6892624731559917 0.6936861703304948
    outer loop
      vertex 7.959914052780147 1.0624614623879796 4.999999999999997
      vertex 8.119007003934835 1.4126471861291692 5.299999999999997
      vertex 7.848812411125766 1.3306845524719018 5.299999999999997
    endloop
  endfacet
  facet normal 0.07059952855215051 -0.7168090426748435 0.6936861703304951
    outer loop
      vertex 8.175646129681454 1.127903072463715 4.999999999999997
      vertex 8.4 1.4403225806451614 5.299999999999997
      vertex 8.119007003934835 1.4126471861291692 5.299999999999997
    endloop
  endfacet
  facet normal -0.0705995285521505 -0.7168090426748437 0.6936861703304947
    outer loop
      vertex 8.4 1.15 4.999999999999997
      vertex 8.680992996065166 1.4126471861291692 5.299999999999997
      vertex 8.4 1.4403225806451614 5.299999999999997
    endloop
  endfacet
  facet normal -0.7168090426748451 -0.07059952855215244 0.6936861703304931
    outer loop
      vertex 9.55 0 4.999999999999997
      vertex 9.84032258064516 0 5.299999999999997
      vertex 9.527903072463715 0.22435387031854748 4.999999999999997
    endloop
  endfacet
  facet normal -0.7168090426748442 -0.07059952855214961 0.6936861703304942
    outer loop
      vertex 9.527903072463715 0.22435387031854748 4.999999999999997
      vertex 9.84032258064516 0 5.299999999999997
      vertex 9.812647186129169 0.28099299606516537 5.299999999999997
    endloop
  endfacet
  facet normal -0.689262473155992 -0.20908548536686603 0.6936861703304943
    outer loop
      vertex 9.46246146238798 0.4400859472198532 4.999999999999997
      vertex 9.527903072463715 0.22435387031854748 4.999999999999997
      vertex 9.812647186129169 0.28099299606516537 5.299999999999997
    endloop
  endfacet
  facet normal -0.635227933336602 -0.33953640423542136 0.6936861703304961
    outer loop
      vertex 9.46246146238798 0.4400859472198532 4.999999999999997
      vertex 9.730684552471903 0.5511875888742342 5.299999999999997
      vertex 9.356190054147927 0.6389057679725425 4.999999999999997
    endloop
  endfacet
  facet normal -0.6892624731559915 -0.20908548536686172 0.693686170330496
    outer loop
      vertex 9.46246146238798 0.4400859472198532 4.999999999999997
      vertex 9.812647186129169 0.28099299606516537 5.299999999999997
      vertex 9.730684552471903 0.5511875888742342 5.299999999999997
    endloop
  endfacet
  facet normal -0.5567819402790191 -0.4569391295034184 0.6936861703304953
    outer loop
      vertex 9.356190054147927 0.6389057679725425 4.999999999999997
      vertex 9.597584457719634 0.8002003517524272 5.299999999999997
      vertex 9.21317279836453 0.8131727983645296 4.999999999999997
    endloop
  endfacet
  facet normal -0.6352279333366019 -0.33953640423542303 0.6936861703304954
    outer loop
      vertex 9.356190054147927 0.6389057679725425 4.999999999999997
      vertex 9.730684552471903 0.5511875888742342 5.299999999999997
      vertex 9.597584457719634 0.8002003517524272 5.299999999999997
    endloop
  endfacet
  facet normal -0.4569391295034186 -0.5567819402790196 0.6936861703304948
    outer loop
      vertex 9.038905767972542 0.9561900541479269 4.999999999999997
      vertex 9.21317279836453 0.8131727983645296 4.999999999999997
      vertex 9.418461863870302 1.0184618638703018 5.299999999999997
    endloop
  endfacet
  facet normal -0.5567819402790188 -0.4569391295034196 0.6936861703304948
    outer loop
      vertex 9.21317279836453 0.8131727983645296 4.999999999999997
      vertex 9.597584457719634 0.8002003517524272 5.299999999999997
      vertex 9.418461863870302 1.0184618638703018 5.299999999999997
    endloop
  endfacet
  facet normal -0.33953640423542153 -0.6352279333366033 0.6936861703304947
    outer loop
      vertex 8.840085947219853 1.0624614623879796 4.999999999999997
      vertex 9.038905767972542 0.9561900541479269 4.999999999999997
      vertex 9.200200351752427 1.1975844577196337 5.299999999999997
    endloop
  endfacet
  facet normal -0.20908548536686516 -0.6892624731559917 0.6936861703304948
    outer loop
      vertex 8.624353870318547 1.127903072463715 4.999999999999997
      vertex 8.840085947219853 1.0624614623879796 4.999999999999997
      vertex 8.951187588874234 1.3306845524719018 5.299999999999997
    endloop
  endfacet
  facet normal -0.33953640423542153 -0.6352279333366034 0.6936861703304947
    outer loop
      vertex 8.840085947219853 1.0624614623879796 4.999999999999997
      vertex 9.200200351752427 1.1975844577196337 5.299999999999997
      vertex 8.951187588874234 1.3306845524719018 5.299999999999997
    endloop
  endfacet
  facet normal -0.4569391295034187 -0.5567819402790195 0.6936861703304948
    outer loop
      vertex 9.038905767972542 0.9561900541479269 4.999999999999997
      vertex 9.418461863870302 1.0184618638703018 5.299999999999997
      vertex 9.200200351752427 1.1975844577196337 5.299999999999997
    endloop
  endfacet
  facet normal -0.07059952855215106 -0.7168090426748435 0.6936861703304951
    outer loop
      vertex 8.4 1.15 4.999999999999997
      vertex 8.624353870318547 1.127903072463715 4.999999999999997
      vertex 8.680992996065166 1.4126471861291692 5.299999999999997
    endloop
  endfacet
  facet normal -0.20908548536686591 -0.6892624731559911 0.6936861703304952
    outer loop
      vertex 8.624353870318547 1.127903072463715 4.999999999999997
      vertex 8.951187588874234 1.3306845524719018 5.299999999999997
      vertex 8.680992996065166 1.4126471861291692 5.299999999999997
    endloop
  endfacet
  facet normal 0 0 -1
    outer loop
      vertex 33.21731656640768 -3.1738795340061188 0
      vertex 33.1 -3.1160254031419754 0
      vertex 34.300000000000004 -3.25 0
    endloop
  endfacet
  facet normal 0 0 -1
    outer loop
      vertex 33.34118095636368 -3.2159258276224136 0
      vertex 34.300000000000004 -3.25 0
      vertex 33.469473807513715 -3.2414448633790016 0
    endloop
  endfacet
  facet normal 0 0 -1
    outer loop
      vertex 33.21731656640768 -3.1738795340061188 0
      vertex 34.300000000000004 -3.25 0
      vertex 33.34118095636368 -3.2159258276224136 0
    endloop
  endfacet
  facet normal 0 0 -1
    outer loop
      vertex 33.469473807513715 -3.2414448633790016 0
      vertex 34.300000000000004 -3.25 0
      vertex 33.6 -3.25 0
    endloop
  endfacet
  facet normal 0 0 -1
    outer loop
      vertex 32.99123857021332 -3.0433533415198326 0
      vertex 34.300000000000004 -3.25 0
      vertex 33.1 -3.1160254031419754 0
    endloop
  endfacet
  facet normal 0 0 -1
    outer loop
      vertex 32.89289321601391 -2.9571067839860916 0
      vertex 34.300000000000004 -3.25 0
      vertex 32.99123857021332 -3.0433533415198326 0
    endloop
  endfacet
  facet normal 0 0 -1
    outer loop
      vertex 32.733974596858026 -2.75 0
      vertex 32.67612046599388 -2.6326834335923195 0
      vertex 34.300000000000004 -3.25 0
    endloop
  endfacet
  facet normal 0 0 -1
    outer loop
      vertex 32.80664665848017 -2.858761429786682 0
      vertex 34.300000000000004 -3.25 0
      vertex 32.89289321601391 -2.9571067839860916 0
    endloop
  endfacet
  facet normal 0 0 -1
    outer loop
      vertex 32.80664665848017 -2.858761429786682 0
      vertex 32.733974596858026 -2.75 0
      vertex 34.300000000000004 -3.25 0
    endloop
  endfacet
  facet normal 0 -1 0
    outer loop
      vertex 33.6 -3.25 0
      vertex 34.300000000000004 -3.25 0
      vertex 34.300000000000004 -3.25 0.4
    endloop
  endfacet
  facet normal -0.4422887070837332 -0.8968727332159226 0
    outer loop
      vertex 33.21731656640768 -3.1738795340061188 0
      vertex 33.1 -3.1160254031419754 1.5
      vertex 33.1 -3.1160254031419754 0
    endloop
  endfacet
  facet normal -0.5555702203832521 -0.8314696207458843 0
    outer loop
      vertex 32.99123857021332 -3.0433533415198326 0
      vertex 33.1 -3.1160254031419754 0
      vertex 32.99123857021332 -3.0433533415198326 1.5
    endloop
  endfacet
  facet normal -0.19509032949101543 -0.9807852789163829 0
    outer loop
      vertex 33.34118095636368 -3.2159258276224136 0
      vertex 33.469473807513715 -3.2414448633790016 0
      vertex 33.34118095636368 -3.2159258276224136 1.5
    endloop
  endfacet
  facet normal -0.06540311383340917 -0.9978589242477586 0
    outer loop
      vertex 33.469473807513715 -3.2414448633790016 0
      vertex 33.6 -3.25 0
      vertex 33.469473807513715 -3.2414448633790016 1.5
    endloop
  endfacet
  facet normal -0.32143945792867507 -0.9469301319984065 0
    outer loop
      vertex 33.21731656640768 -3.1738795340061188 0
      vertex 33.34118095636368 -3.2159258276224136 0
      vertex 33.21731656640768 -3.1738795340061188 1.5
    endloop
  endfacet
  facet normal 0 -1 0
    outer loop
      vertex 33.6 -3.25 0
      vertex 34.300000000000004 -3.25 0.4
      vertex 33.6 -3.25 1.5
    endloop
  endfacet
  facet normal -0.6593458006501333 -0.7518398201512306 0
    outer loop
      vertex 32.89289321601391 -2.9571067839860916 0
      vertex 32.99123857021332 -3.0433533415198326 0
      vertex 32.89289321601391 -2.9571067839860916 1.5
    endloop
  endfacet
  facet normal -0.7518398201512306 -0.6593458006501333 0
    outer loop
      vertex 32.80664665848017 -2.858761429786682 0
      vertex 32.89289321601391 -2.9571067839860916 0
      vertex 32.80664665848017 -2.858761429786682 1.5
    endloop
  endfacet
  facet normal 0 0 -1
    outer loop
      vertex 32.67612046599388 -2.6326834335923195 0
      vertex 32.63407417237759 -2.508819043636322 0
      vertex 34.300000000000004 -3.25 0
    endloop
  endfacet
  facet normal 0 0 -1
    outer loop
      vertex 32.63407417237759 -2.508819043636322 0
      vertex 32.608555136621 -2.380526192486286 0
      vertex 34.300000000000004 -3.25 0
    endloop
  endfacet
  facet normal 0 0 -1
    outer loop
      vertex 32.608555136621 -2.380526192486286 0
      vertex 32.6 -2.25 0
      vertex 34.300000000000004 -3.25 0
    endloop
  endfacet
  facet normal -0.8314696207458843 -0.5555702203832521 0
    outer loop
      vertex 32.80664665848017 -2.858761429786682 0
      vertex 32.733974596858026 -2.75 1.5
      vertex 32.733974596858026 -2.75 0
    endloop
  endfacet
  facet normal -0.8968727332159226 -0.4422887070837332 0
    outer loop
      vertex 32.733974596858026 -2.75 0
      vertex 32.67612046599388 -2.6326834335923195 1.5
      vertex 32.67612046599388 -2.6326834335923195 0
    endloop
  endfacet
  facet normal -0.9469301319984065 -0.32143945792867507 0
    outer loop
      vertex 32.67612046599388 -2.6326834335923195 0
      vertex 32.63407417237759 -2.508819043636322 1.5
      vertex 32.63407417237759 -2.508819043636322 0
    endloop
  endfacet
  facet normal -0.4422887070837332 -0.8968727332159226 0
    outer loop
      vertex 33.21731656640768 -3.1738795340061188 0
      vertex 33.21731656640768 -3.1738795340061188 1.5
      vertex 33.1 -3.1160254031419754 1.5
    endloop
  endfacet
  facet normal -0.5555702203832521 -0.8314696207458843 0
    outer loop
      vertex 33.1 -3.1160254031419754 0
      vertex 33.1 -3.1160254031419754 1.5
      vertex 32.99123857021332 -3.0433533415198326 1.5
    endloop
  endfacet
  facet normal -0.32143945792867507 -0.9469301319984065 0
    outer loop
      vertex 33.34118095636368 -3.2159258276224136 0
      vertex 33.34118095636368 -3.2159258276224136 1.5
      vertex 33.21731656640768 -3.1738795340061188 1.5
    endloop
  endfacet
  facet normal -0.19509032949101543 -0.9807852789163829 0
    outer loop
      vertex 33.469473807513715 -3.2414448633790016 0
      vertex 33.469473807513715 -3.2414448633790016 1.5
      vertex 33.34118095636368 -3.2159258276224136 1.5
    endloop
  endfacet
  facet normal -0.06540311383340917 -0.9978589242477586 0
    outer loop
      vertex 33.469473807513715 -3.2414448633790016 1.5
      vertex 33.6 -3.25 0
      vertex 33.6 -3.25 1.5
    endloop
  endfacet
  facet normal -0.6593458006501333 -0.7518398201512306 0
    outer loop
      vertex 32.99123857021332 -3.0433533415198326 0
      vertex 32.99123857021332 -3.0433533415198326 1.5
      vertex 32.89289321601391 -2.9571067839860916 1.5
    endloop
  endfacet
  facet normal -0.7518398201512306 -0.6593458006501333 0
    outer loop
      vertex 32.89289321601391 -2.9571067839860916 0
      vertex 32.89289321601391 -2.9571067839860916 1.5
      vertex 32.80664665848017 -2.858761429786682 1.5
    endloop
  endfacet
  facet normal 0 -1 0
    outer loop
      vertex 33.6 -3.25 1.5
      vertex 34.300000000000004 -3.25 0.4
      vertex 34.9 -3.25 0.4
    endloop
  endfacet
  facet normal 0 -1 0
    outer loop
      vertex 33.6 -3.25 1.5
      vertex 34.9 -3.25 0.4
      vertex 36.300000000000004 -3.25 0.4
    endloop
  endfacet
  facet normal -0.8314696207458843 -0.5555702203832521 0
    outer loop
      vertex 32.80664665848017 -2.858761429786682 0
      vertex 32.80664665848017 -2.858761429786682 1.5
      vertex 32.733974596858026 -2.75 1.5
    endloop
  endfacet
  facet normal -0.8968727332159226 -0.4422887070837332 0
    outer loop
      vertex 32.733974596858026 -2.75 0
      vertex 32.733974596858026 -2.75 1.5
      vertex 32.67612046599388 -2.6326834335923195 1.5
    endloop
  endfacet
  facet normal -0.9469301319984065 -0.32143945792867507 0
    outer loop
      vertex 32.67612046599388 -2.6326834335923195 0
      vertex 32.67612046599388 -2.6326834335923195 1.5
      vertex 32.63407417237759 -2.508819043636322 1.5
    endloop
  endfacet
  facet normal -0.9807852789163829 -0.19509032949101543 0
    outer loop
      vertex 32.63407417237759 -2.508819043636322 0
      vertex 32.63407417237759 -2.508819043636322 1.5
      vertex 32.608555136621 -2.380526192486286 1.5
    endloop
  endfacet
  facet normal -0.9807852789163829 -0.19509032949101543 0
    outer loop
      vertex 32.63407417237759 -2.508819043636322 0
      vertex 32.608555136621 -2.380526192486286 1.5
      vertex 32.608555136621 -2.380526192486286 0
    endloop
  endfacet
  facet normal -0.9978589242477586 -0.06540311383340917 0
    outer loop
      vertex 32.608555136621 -2.380526192486286 0
      vertex 32.6 -2.25 1.5
      vertex 32.6 -2.25 0
    endloop
  endfacet
  facet normal -0.9978589242477586 -0.06540311383340917 0
    outer loop
      vertex 32.608555136621 -2.380526192486286 0
      vertex 32.608555136621 -2.380526192486286 1.5
      vertex 32.6 -2.25 1.5
    endloop
  endfacet
  facet normal 0 -1 0
    outer loop
      vertex 36.300000000000004 -3.25 0
      vertex 36.300000000000004 -3.25 0.4
      vertex 34.9 -3.25 0
    endloop
  endfacet
  facet normal 0 -1 0
    outer loop
      vertex 36.300000000000004 -3.25 0.4
      vertex 34.9 -3.25 0.4
      vertex 34.9 -3.25 0
    endloop
  endfacet
  facet normal 0 -1 0
    outer loop
      vertex 36.9 -3.25 0
      vertex 38.300000000000004 -3.25 0
      vertex 38.300000000000004 -3.25 0.4
    endloop
  endfacet
  facet normal 0 -1 0
    outer loop
      vertex 38.300000000000004 -3.25 0.4
      vertex 36.9 -3.25 0.4
      vertex 36.9 -3.25 0
    endloop
  endfacet
  facet normal 0 0 -1
    outer loop
      vertex 35.225 -0.9610081003829383 0
      vertex 36.300000000000004 -3.25 0
      vertex 34.9 -3.25 0
    endloop
  endfacet
  facet normal 0 0 -1
    outer loop
      vertex 39.6 -3.25 0
      vertex 39.85881904363632 -3.2159258276224136 0
      vertex 39.73052619248629 -3.2414448633790016 0
    endloop
  endfacet
  facet normal 0 -1 0
    outer loop
      vertex 39.6 -3.25 1.5
      vertex 38.9 -3.25 0.4
      vertex 38.9 -3.25 0
    endloop
  endfacet
  facet normal 0 -1 0
    outer loop
      vertex 39.6 -3.25 0
      vertex 39.6 -3.25 1.5
      vertex 38.9 -3.25 0
    endloop
  endfacet
  facet normal 0.06540311383340917 -0.9978589242477586 0
    outer loop
      vertex 39.6 -3.25 0
      vertex 39.73052619248629 -3.2414448633790016 0
      vertex 39.6 -3.25 1.5
    endloop
  endfacet
  facet normal 0.19509032949101543 -0.9807852789163829 0
    outer loop
      vertex 39.73052619248629 -3.2414448633790016 0
      vertex 39.85881904363632 -3.2159258276224136 0
      vertex 39.73052619248629 -3.2414448633790016 1.5
    endloop
  endfacet
  facet normal 0.32143945792867507 -0.9469301319984065 0
    outer loop
      vertex 39.85881904363632 -3.2159258276224136 0
      vertex 39.98268343359232 -3.1738795340061188 0
      vertex 39.85881904363632 -3.2159258276224136 1.5
    endloop
  endfacet
  facet normal 0.4422887070837332 -0.8968727332159226 0
    outer loop
      vertex 39.98268343359232 -3.1738795340061188 0
      vertex 40.1 -3.1160254031419754 0
      vertex 39.98268343359232 -3.1738795340061188 1.5
    endloop
  endfacet
  facet normal 0.5555702203832521 -0.8314696207458843 0
    outer loop
      vertex 40.1 -3.1160254031419754 0
      vertex 40.20876142978668 -3.0433533415198326 0
      vertex 40.1 -3.1160254031419754 1.5
    endloop
  endfacet
  facet normal 0.6593458006501333 -0.7518398201512306 0
    outer loop
      vertex 40.20876142978668 -3.0433533415198326 0
      vertex 40.30710678398609 -2.9571067839860916 0
      vertex 40.20876142978668 -3.0433533415198326 1.5
    endloop
  endfacet
  facet normal 0.7518398201512306 -0.6593458006501333 0
    outer loop
      vertex 40.30710678398609 -2.9571067839860916 0
      vertex 40.393353341519834 -2.858761429786682 0
      vertex 40.30710678398609 -2.9571067839860916 1.5
    endloop
  endfacet
  facet normal 0.8314696207458843 -0.5555702203832521 0
    outer loop
      vertex 40.393353341519834 -2.858761429786682 0
      vertex 40.46602540314198 -2.75 0
      vertex 40.393353341519834 -2.858761429786682 1.5
    endloop
  endfacet
  facet normal 0.8968727332159226 -0.4422887070837332 0
    outer loop
      vertex 40.46602540314198 -2.75 0
      vertex 40.52387953400612 -2.6326834335923195 0
      vertex 40.46602540314198 -2.75 1.5
    endloop
  endfacet
  facet normal 0.9469301319984065 -0.32143945792867507 0
    outer loop
      vertex 40.52387953400612 -2.6326834335923195 0
      vertex 40.565925827622415 -2.508819043636322 0
      vertex 40.52387953400612 -2.6326834335923195 1.5
    endloop
  endfacet
  facet normal 0.9807852789163829 -0.19509032949101543 0
    outer loop
      vertex 40.565925827622415 -2.508819043636322 0
      vertex 40.591444863379 -2.380526192486286 0
      vertex 40.565925827622415 -2.508819043636322 1.5
    endloop
  endfacet
  facet normal 0 -1 0
    outer loop
      vertex 33.6 -3.25 1.5
      vertex 36.300000000000004 -3.25 0.4
      vertex 36.9 -3.25 0.4
    endloop
  endfacet
  facet normal 0 -1 0
    outer loop
      vertex 33.6 -3.25 1.5
      vertex 36.9 -3.25 0.4
      vertex 38.300000000000004 -3.25 0.4
    endloop
  endfacet
  facet normal 0 -1 0
    outer loop
      vertex 33.6 -3.25 1.5
      vertex 38.300000000000004 -3.25 0.4
      vertex 38.9 -3.25 0.4
    endloop
  endfacet
  facet normal 0 -1 0
    outer loop
      vertex 33.6 -3.25 1.5
      vertex 38.9 -3.25 0.4
      vertex 39.6 -3.25 1.5
    endloop
  endfacet
  facet normal 0 0 1
    outer loop
      vertex 33.469473807513715 -3.2414448633790016 1.5
      vertex 33.6 -3.25 1.5
      vertex 39.98268343359232 -3.1738795340061188 1.5
    endloop
  endfacet
  facet normal 0 0 1
    outer loop
      vertex 33.34118095636368 -3.2159258276224136 1.5
      vertex 33.469473807513715 -3.2414448633790016 1.5
      vertex 40.1 -3.1160254031419754 1.5
    endloop
  endfacet
  facet normal 0 0 1
    outer loop
      vertex 33.21731656640768 -3.1738795340061188 1.5
      vertex 40.30710678398609 -2.9571067839860916 1.5
      vertex 33.1 -3.1160254031419754 1.5
    endloop
  endfacet
  facet normal 0 0 1
    outer loop
      vertex 33.21731656640768 -3.1738795340061188 1.5
      vertex 33.34118095636368 -3.2159258276224136 1.5
      vertex 40.20876142978668 -3.0433533415198326 1.5
    endloop
  endfacet
  facet normal 0 0 1
    outer loop
      vertex 32.99123857021332 -3.0433533415198326 1.5
      vertex 33.1 -3.1160254031419754 1.5
      vertex 40.393353341519834 -2.858761429786682 1.5
    endloop
  endfacet
  facet normal 0 0 1
    outer loop
      vertex 32.89289321601391 -2.9571067839860916 1.5
      vertex 32.99123857021332 -3.0433533415198326 1.5
      vertex 40.46602540314198 -2.75 1.5
    endloop
  endfacet
  facet normal 0 0 1
    outer loop
      vertex 33.6 -3.25 1.5
      vertex 39.6 -3.25 1.5
      vertex 39.85881904363632 -3.2159258276224136 1.5
    endloop
  endfacet
  facet normal 0 0 1
    outer loop
      vertex 33.6 -3.25 1.5
      vertex 39.85881904363632 -3.2159258276224136 1.5
      vertex 39.98268343359232 -3.1738795340061188 1.5
    endloop
  endfacet
  facet normal 0 0 1
    outer loop
      vertex 33.469473807513715 -3.2414448633790016 1.5
      vertex 39.98268343359232 -3.1738795340061188 1.5
      vertex 40.1 -3.1160254031419754 1.5
    endloop
  endfacet
  facet normal 0 0 1
    outer loop
      vertex 33.34118095636368 -3.2159258276224136 1.5
      vertex 40.1 -3.1160254031419754 1.5
      vertex 40.20876142978668 -3.0433533415198326 1.5
    endloop
  endfacet
  facet normal 0 0 1
    outer loop
      vertex 33.21731656640768 -3.1738795340061188 1.5
      vertex 40.20876142978668 -3.0433533415198326 1.5
      vertex 40.30710678398609 -2.9571067839860916 1.5
    endloop
  endfacet
  facet normal 0 0 1
    outer loop
      vertex 32.80664665848017 -2.858761429786682 1.5
      vertex 32.89289321601391 -2.9571067839860916 1.5
      vertex 40.52387953400612 -2.6326834335923195 1.5
    endloop
  endfacet
  facet normal 0 0 1
    outer loop
      vertex 32.80664665848017 -2.858761429786682 1.5
      vertex 40.565925827622415 -2.508819043636322 1.5
      vertex 32.733974596858026 -2.75 1.5
    endloop
  endfacet
  facet normal 0 0 1
    outer loop
      vertex 32.733974596858026 -2.75 1.5
      vertex 40.591444863379 -2.380526192486286 1.5
      vertex 32.67612046599388 -2.6326834335923195 1.5
    endloop
  endfacet
  facet normal 0 0 1
    outer loop
      vertex 32.67612046599388 -2.6326834335923195 1.5
      vertex 40.6 -2.25 1.5
      vertex 32.63407417237759 -2.508819043636322 1.5
    endloop
  endfacet
  facet normal 0.06540311383340917 -0.9978589242477586 0
    outer loop
      vertex 39.73052619248629 -3.2414448633790016 0
      vertex 39.73052619248629 -3.2414448633790016 1.5
      vertex 39.6 -3.25 1.5
    endloop
  endfacet
  facet normal 0.19509032949101543 -0.9807852789163829 0
    outer loop
      vertex 39.85881904363632 -3.2159258276224136 0
      vertex 39.85881904363632 -3.2159258276224136 1.5
      vertex 39.73052619248629 -3.2414448633790016 1.5
    endloop
  endfacet
  facet normal 0.32143945792867507 -0.9469301319984065 0
    outer loop
      vertex 39.98268343359232 -3.1738795340061188 0
      vertex 39.98268343359232 -3.1738795340061188 1.5
      vertex 39.85881904363632 -3.2159258276224136 1.5
    endloop
  endfacet
  facet normal 0.4422887070837332 -0.8968727332159226 0
    outer loop
      vertex 40.1 -3.1160254031419754 0
      vertex 40.1 -3.1160254031419754 1.5
      vertex 39.98268343359232 -3.1738795340061188 1.5
    endloop
  endfacet
  facet normal 0.5555702203832521 -0.8314696207458843 0
    outer loop
      vertex 40.20876142978668 -3.0433533415198326 0
      vertex 40.20876142978668 -3.0433533415198326 1.5
      vertex 40.1 -3.1160254031419754 1.5
    endloop
  endfacet
  facet normal 0.6593458006501333 -0.7518398201512306 0
    outer loop
      vertex 40.30710678398609 -2.9571067839860916 0
      vertex 40.30710678398609 -2.9571067839860916 1.5
      vertex 40.20876142978668 -3.0433533415198326 1.5
    endloop
  endfacet
  facet normal 0.7518398201512306 -0.6593458006501333 0
    outer loop
      vertex 40.393353341519834 -2.858761429786682 0
      vertex 40.393353341519834 -2.858761429786682 1.5
      vertex 40.30710678398609 -2.9571067839860916 1.5
    endloop
  endfacet
  facet normal 0 0 1
    outer loop
      vertex 33.1 -3.1160254031419754 1.5
      vertex 40.30710678398609 -2.9571067839860916 1.5
      vertex 40.393353341519834 -2.858761429786682 1.5
    endloop
  endfacet
  facet normal 0 0 1
    outer loop
      vertex 32.99123857021332 -3.0433533415198326 1.5
      vertex 40.393353341519834 -2.858761429786682 1.5
      vertex 40.46602540314198 -2.75 1.5
    endloop
  endfacet
  facet normal 0 0 1
    outer loop
      vertex 39.6 -3.25 1.5
      vertex 39.73052619248629 -3.2414448633790016 1.5
      vertex 39.85881904363632 -3.2159258276224136 1.5
    endloop
  endfacet
  facet normal 0.8314696207458843 -0.5555702203832521 0
    outer loop
      vertex 40.46602540314198 -2.75 0
      vertex 40.46602540314198 -2.75 1.5
      vertex 40.393353341519834 -2.858761429786682 1.5
    endloop
  endfacet
  facet normal 0.8968727332159226 -0.4422887070837332 0
    outer loop
      vertex 40.52387953400612 -2.6326834335923195 0
      vertex 40.52387953400612 -2.6326834335923195 1.5
      vertex 40.46602540314198 -2.75 1.5
    endloop
  endfacet
  facet normal 0.9469301319984065 -0.32143945792867507 0
    outer loop
      vertex 40.565925827622415 -2.508819043636322 0
      vertex 40.565925827622415 -2.508819043636322 1.5
      vertex 40.52387953400612 -2.6326834335923195 1.5
    endloop
  endfacet
  facet normal 0 0 1
    outer loop
      vertex 32.89289321601391 -2.9571067839860916 1.5
      vertex 40.46602540314198 -2.75 1.5
      vertex 40.52387953400612 -2.6326834335923195 1.5
    endloop
  endfacet
  facet normal 0 0 1
    outer loop
      vertex 32.80664665848017 -2.858761429786682 1.5
      vertex 40.52387953400612 -2.6326834335923195 1.5
      vertex 40.565925827622415 -2.508819043636322 1.5
    endloop
  endfacet
  facet normal 0 0 1
    outer loop
      vertex 32.733974596858026 -2.75 1.5
      vertex 40.565925827622415 -2.508819043636322 1.5
      vertex 40.591444863379 -2.380526192486286 1.5
    endloop
  endfacet
  facet normal 0 0 -1
    outer loop
      vertex 36.9 -3.25 0
      vertex 36.9 0.03963163322476815 0
      vertex 38.300000000000004 -3.25 0
    endloop
  endfacet
  facet normal 0.9978589242477586 -0.06540311383340917 0
    outer loop
      vertex 40.591444863379 -2.380526192486286 0
      vertex 40.6 -2.25 0
      vertex 40.591444863379 -2.380526192486286 1.5
    endloop
  endfacet
  facet normal 0 0 1
    outer loop
      vertex 32.63407417237759 -2.508819043636322 1.5
      vertex 40.6 -2.25 1.5
      vertex 37.975 -1.375 1.5
    endloop
  endfacet
  facet normal 0 0 1
    outer loop
      vertex 32.63407417237759 -2.508819043636322 1.5
      vertex 37.975 -1.375 1.5
      vertex 35.225 -1.375 1.5
    endloop
  endfacet
  facet normal 0.9807852789163829 -0.19509032949101543 0
    outer loop
      vertex 40.565925827622415 -2.508819043636322 1.5
      vertex 40.591444863379 -2.380526192486286 0
      vertex 40.591444863379 -2.380526192486286 1.5
    endloop
  endfacet
  facet normal 0.9978589242477586 -0.06540311383340917 0
    outer loop
      vertex 40.6 -2.25 0
      vertex 40.6 -2.25 1.5
      vertex 40.591444863379 -2.380526192486286 1.5
    endloop
  endfacet
  facet normal 0 0 1
    outer loop
      vertex 32.67612046599388 -2.6326834335923195 1.5
      vertex 40.591444863379 -2.380526192486286 1.5
      vertex 40.6 -2.25 1.5
    endloop
  endfacet
  facet normal 0 0 -1
    outer loop
      vertex 32.6 -2.25 0
      vertex 32.6 2.25 0
      vertex 34.300000000000004 -3.25 0
    endloop
  endfacet
  facet normal 0 0 1
    outer loop
      vertex 32.63407417237759 -2.508819043636322 1.5
      vertex 35.225 1.375 1.5
      vertex 32.608555136621 -2.380526192486286 1.5
    endloop
  endfacet
  facet normal 0 0 1
    outer loop
      vertex 32.608555136621 -2.380526192486286 1.5
      vertex 35.225 1.375 1.5
      vertex 32.6 -2.25 1.5
    endloop
  endfacet
  facet normal 0 0 1
    outer loop
      vertex 32.63407417237759 -2.508819043636322 1.5
      vertex 35.225 -1.375 1.5
      vertex 35.225 1.375 1.5
    endloop
  endfacet
  facet normal 0 0 -1
    outer loop
      vertex 35.225 -0.9610081003829383 0
      vertex 34.9 -3.25 0
      vertex 34.9 3.25 0
    endloop
  endfacet
  facet normal -1 0 0
    outer loop
      vertex 32.6 -2.25 0
      vertex 32.6 -2.25 1.5
      vertex 32.6 2.25 1.5
    endloop
  endfacet
  facet normal 0 0 -1
    outer loop
      vertex 35.225 -0.9610081003829383 0
      vertex 36.300000000000004 -0.3188064803063506 0
      vertex 36.300000000000004 -3.25 0
    endloop
  endfacet
  facet normal 0 0 -1
    outer loop
      vertex 37.975 0.6818332533013558 0
      vertex 38.300000000000004 -3.25 0
      vertex 36.9 0.03963163322476815 0
    endloop
  endfacet
  facet normal 0 0 -1
    outer loop
      vertex 39.6 -3.25 0
      vertex 38.9 -3.25 0
      vertex 38.9 3.25 0
    endloop
  endfacet
  facet normal 0 0 -1
    outer loop
      vertex 39.6 -3.25 0
      vertex 38.9 3.25 0
      vertex 39.85881904363632 -3.2159258276224136 0
    endloop
  endfacet
  facet normal 0 0 -1
    outer loop
      vertex 39.85881904363632 -3.2159258276224136 0
      vertex 38.9 3.25 0
      vertex 39.98268343359232 -3.1738795340061188 0
    endloop
  endfacet
  facet normal 0 0 -1
    outer loop
      vertex 39.98268343359232 -3.1738795340061188 0
      vertex 38.9 3.25 0
      vertex 40.1 -3.1160254031419754 0
    endloop
  endfacet
  facet normal 0 0 -1
    outer loop
      vertex 40.1 -3.1160254031419754 0
      vertex 38.9 3.25 0
      vertex 40.20876142978668 -3.0433533415198326 0
    endloop
  endfacet
  facet normal 0 0 -1
    outer loop
      vertex 40.20876142978668 -3.0433533415198326 0
      vertex 38.9 3.25 0
      vertex 40.30710678398609 -2.9571067839860916 0
    endloop
  endfacet
  facet normal 0 0 -1
    outer loop
      vertex 40.30710678398609 -2.9571067839860916 0
      vertex 38.9 3.25 0
      vertex 40.393353341519834 -2.858761429786682 0
    endloop
  endfacet
  facet normal 0 0 -1
    outer loop
      vertex 37.975 0.6818332533013558 0
      vertex 37.975 0.9610081003829383 0
      vertex 38.300000000000004 -3.25 0
    endloop
  endfacet
  facet normal 0 0 -1
    outer loop
      vertex 40.393353341519834 -2.858761429786682 0
      vertex 38.9 3.25 0
      vertex 40.46602540314198 -2.75 0
    endloop
  endfacet
  facet normal 0 0 -1
    outer loop
      vertex 40.46602540314198 -2.75 0
      vertex 38.9 3.25 0
      vertex 40.52387953400612 -2.6326834335923195 0
    endloop
  endfacet
  facet normal 0 0 -1
    outer loop
      vertex 40.52387953400612 -2.6326834335923195 0
      vertex 38.9 3.25 0
      vertex 40.565925827622415 -2.508819043636322 0
    endloop
  endfacet
  facet normal 0 0 -1
    outer loop
      vertex 40.565925827622415 -2.508819043636322 0
      vertex 38.9 3.25 0
      vertex 40.591444863379 -2.380526192486286 0
    endloop
  endfacet
  facet normal 0 0 -1
    outer loop
      vertex 40.591444863379 -2.380526192486286 0
      vertex 38.9 3.25 0
      vertex 40.6 -2.25 0
    endloop
  endfacet
  facet normal 1 0 0
    outer loop
      vertex 40.6 -2.25 0
      vertex 40.6 2.25 0
      vertex 40.6 -2.25 1.5
    endloop
  endfacet
  facet normal 0 0 1
    outer loop
      vertex 37.975 -1.375 1.5
      vertex 40.6 -2.25 1.5
      vertex 40.6 2.25 1.5
    endloop
  endfacet
  facet normal 0 0 -1
    outer loop
      vertex 32.6 2.25 0
      vertex 32.608555136621 2.380526192486286 0
      vertex 34.300000000000004 -3.25 0
    endloop
  endfacet
  facet normal 0 0 -1
    outer loop
      vertex 32.608555136621 2.380526192486286 0
      vertex 32.63407417237759 2.508819043636322 0
      vertex 34.300000000000004 -3.25 0
    endloop
  endfacet
  facet normal 0 0 -1
    outer loop
      vertex 32.63407417237759 2.508819043636322 0
      vertex 32.67612046599388 2.6326834335923195 0
      vertex 34.300000000000004 -3.25 0
    endloop
  endfacet
  facet normal 0 0 -1
    outer loop
      vertex 32.67612046599388 2.6326834335923195 0
      vertex 32.733974596858026 2.75 0
      vertex 34.300000000000004 -3.25 0
    endloop
  endfacet
  facet normal 0 0 -1
    outer loop
      vertex 32.733974596858026 2.75 0
      vertex 32.80664665848017 2.858761429786682 0
      vertex 34.300000000000004 -3.25 0
    endloop
  endfacet
  facet normal 0 0 -1
    outer loop
      vertex 35.225 -0.9610081003829383 0
      vertex 34.9 3.25 0
      vertex 35.225 -0.6818332533013558 0
    endloop
  endfacet
  facet normal -1 0 0
    outer loop
      vertex 32.6 -2.25 0
      vertex 32.6 2.25 1.5
      vertex 32.6 2.25 0
    endloop
  endfacet
  facet normal 0 0 1
    outer loop
      vertex 32.6 -2.25 1.5
      vertex 35.225 1.375 1.5
      vertex 32.6 2.25 1.5
    endloop
  endfacet
  facet normal 0 0 -1
    outer loop
      vertex 32.80664665848017 2.858761429786682 0
      vertex 32.89289321601391 2.9571067839860916 0
      vertex 34.300000000000004 -3.25 0
    endloop
  endfacet
  facet normal 0 0 -1
    outer loop
      vertex 32.89289321601391 2.9571067839860916 0
      vertex 32.99123857021332 3.0433533415198326 0
      vertex 34.300000000000004 -3.25 0
    endloop
  endfacet
  facet normal 0 0 -1
    outer loop
      vertex 32.99123857021332 3.0433533415198326 0
      vertex 33.1 3.1160254031419754 0
      vertex 34.300000000000004 -3.25 0
    endloop
  endfacet
  facet normal 0 0 -1
    outer loop
      vertex 33.1 3.1160254031419754 0
      vertex 33.21731656640768 3.1738795340061188 0
      vertex 34.300000000000004 -3.25 0
    endloop
  endfacet
  facet normal 0 0 -1
    outer loop
      vertex 33.21731656640768 3.1738795340061188 0
      vertex 33.34118095636368 3.2159258276224136 0
      vertex 34.300000000000004 -3.25 0
    endloop
  endfacet
  facet normal 0 0 -1
    outer loop
      vertex 33.34118095636368 3.2159258276224136 0
      vertex 33.6 3.25 0
      vertex 34.300000000000004 -3.25 0
    endloop
  endfacet
  facet normal 0 0 -1
    outer loop
      vertex 33.6 3.25 0
      vertex 34.300000000000004 3.25 0
      vertex 34.300000000000004 -3.25 0
    endloop
  endfacet
  facet normal 0 0 -1
    outer loop
      vertex 37.975 0.9610081003829383 0
      vertex 38.300000000000004 3.25 0
      vertex 38.300000000000004 -3.25 0
    endloop
  endfacet
  facet normal 1 0 0
    outer loop
      vertex 40.6 -2.25 1.5
      vertex 40.6 2.25 0
      vertex 40.6 2.25 1.5
    endloop
  endfacet
  facet normal 0 0 -1
    outer loop
      vertex 35.225 -0.6818332533013558 0
      vertex 34.9 3.25 0
      vertex 36.300000000000004 -0.03963163322476815 0
    endloop
  endfacet
  facet normal 0 0 -1
    outer loop
      vertex 37.975 0.9610081003829383 0
      vertex 36.9 0.3188064803063506 0
      vertex 36.9 3.25 0
    endloop
  endfacet
  facet normal 0 0 -1
    outer loop
      vertex 40.6 -2.25 0
      vertex 38.9 3.25 0
      vertex 40.6 2.25 0
    endloop
  endfacet
  facet normal 0 0 1
    outer loop
      vertex 37.975 -1.375 1.5
      vertex 40.565925827622415 2.508819043636322 1.5
      vertex 37.975 1.375 1.5
    endloop
  endfacet
  facet normal 0 0 1
    outer loop
      vertex 37.975 -1.375 1.5
      vertex 40.6 2.25 1.5
      vertex 40.591444863379 2.380526192486286 1.5
    endloop
  endfacet
  facet normal 0 0 1
    outer loop
      vertex 37.975 -1.375 1.5
      vertex 40.591444863379 2.380526192486286 1.5
      vertex 40.565925827622415 2.508819043636322 1.5
    endloop
  endfacet
  facet normal -0.9978589242477586 0.06540311383340917 0
    outer loop
      vertex 32.6 2.25 0
      vertex 32.608555136621 2.380526192486286 1.5
      vertex 32.608555136621 2.380526192486286 0
    endloop
  endfacet
  facet normal -0.9978589242477586 0.06540311383340917 0
    outer loop
      vertex 32.6 2.25 0
      vertex 32.6 2.25 1.5
      vertex 32.608555136621 2.380526192486286 1.5
    endloop
  endfacet
  facet normal -0.9807852789163829 0.19509032949101543 0
    outer loop
      vertex 32.608555136621 2.380526192486286 0
      vertex 32.608555136621 2.380526192486286 1.5
      vertex 32.63407417237759 2.508819043636322 1.5
    endloop
  endfacet
  facet normal 0 0 1
    outer loop
      vertex 32.6 2.25 1.5
      vertex 40.52387953400612 2.6326834335923195 1.5
      vertex 32.608555136621 2.380526192486286 1.5
    endloop
  endfacet
  facet normal -0.9807852789163829 0.19509032949101543 0
    outer loop
      vertex 32.608555136621 2.380526192486286 0
      vertex 32.63407417237759 2.508819043636322 1.5
      vertex 32.63407417237759 2.508819043636322 0
    endloop
  endfacet
  facet normal -0.9469301319984065 0.32143945792867507 0
    outer loop
      vertex 32.63407417237759 2.508819043636322 0
      vertex 32.67612046599388 2.6326834335923195 1.5
      vertex 32.67612046599388 2.6326834335923195 0
    endloop
  endfacet
  facet normal -0.8968727332159226 0.4422887070837332 0
    outer loop
      vertex 32.67612046599388 2.6326834335923195 0
      vertex 32.733974596858026 2.75 1.5
      vertex 32.733974596858026 2.75 0
    endloop
  endfacet
  facet normal -0.8314696207458843 0.5555702203832521 0
    outer loop
      vertex 32.733974596858026 2.75 0
      vertex 32.80664665848017 2.858761429786682 1.5
      vertex 32.80664665848017 2.858761429786682 0
    endloop
  endfacet
  facet normal 0 0 -1
    outer loop
      vertex 33.34118095636368 3.2159258276224136 0
      vertex 33.469473807513715 3.2414448633790016 0
      vertex 33.6 3.25 0
    endloop
  endfacet
  facet normal -0.7518398201512306 0.6593458006501333 0
    outer loop
      vertex 32.80664665848017 2.858761429786682 0
      vertex 32.89289321601391 2.9571067839860916 1.5
      vertex 32.89289321601391 2.9571067839860916 0
    endloop
  endfacet
  facet normal -0.6593458006501333 0.7518398201512306 0
    outer loop
      vertex 32.89289321601391 2.9571067839860916 0
      vertex 32.99123857021332 3.0433533415198326 1.5
      vertex 32.99123857021332 3.0433533415198326 0
    endloop
  endfacet
  facet normal -0.5555702203832521 0.8314696207458843 0
    outer loop
      vertex 32.99123857021332 3.0433533415198326 0
      vertex 33.1 3.1160254031419754 1.5
      vertex 33.1 3.1160254031419754 0
    endloop
  endfacet
  facet normal -0.4422887070837332 0.8968727332159226 0
    outer loop
      vertex 33.1 3.1160254031419754 0
      vertex 33.21731656640768 3.1738795340061188 1.5
      vertex 33.21731656640768 3.1738795340061188 0
    endloop
  endfacet
  facet normal -0.32143945792867507 0.9469301319984065 0
    outer loop
      vertex 33.21731656640768 3.1738795340061188 0
      vertex 33.34118095636368 3.2159258276224136 1.5
      vertex 33.34118095636368 3.2159258276224136 0
    endloop
  endfacet
  facet normal -0.19509032949101543 0.9807852789163829 0
    outer loop
      vertex 33.34118095636368 3.2159258276224136 0
      vertex 33.469473807513715 3.2414448633790016 1.5
      vertex 33.469473807513715 3.2414448633790016 0
    endloop
  endfacet
  facet normal -0.06540311383340917 0.9978589242477586 0
    outer loop
      vertex 33.469473807513715 3.2414448633790016 0
      vertex 33.6 3.25 1.5
      vertex 33.6 3.25 0
    endloop
  endfacet
  facet normal 0 1 0
    outer loop
      vertex 33.6 3.25 0
      vertex 33.6 3.25 1.5
      vertex 34.300000000000004 3.25 0
    endloop
  endfacet
  facet normal 0 1 0
    outer loop
      vertex 33.6 3.25 1.5
      vertex 34.300000000000004 3.25 0.4
      vertex 34.300000000000004 3.25 0
    endloop
  endfacet
  facet normal -0.9469301319984065 0.32143945792867507 0
    outer loop
      vertex 32.63407417237759 2.508819043636322 0
      vertex 32.63407417237759 2.508819043636322 1.5
      vertex 32.67612046599388 2.6326834335923195 1.5
    endloop
  endfacet
  facet normal -0.8968727332159226 0.4422887070837332 0
    outer loop
      vertex 32.67612046599388 2.6326834335923195 0
      vertex 32.67612046599388 2.6326834335923195 1.5
      vertex 32.733974596858026 2.75 1.5
    endloop
  endfacet
  facet normal -0.8314696207458843 0.5555702203832521 0
    outer loop
      vertex 32.733974596858026 2.75 0
      vertex 32.733974596858026 2.75 1.5
      vertex 32.80664665848017 2.858761429786682 1.5
    endloop
  endfacet
  facet normal 0 0 1
    outer loop
      vertex 32.608555136621 2.380526192486286 1.5
      vertex 40.46602540314198 2.75 1.5
      vertex 32.63407417237759 2.508819043636322 1.5
    endloop
  endfacet
  facet normal 0 0 1
    outer loop
      vertex 32.63407417237759 2.508819043636322 1.5
      vertex 40.393353341519834 2.858761429786682 1.5
      vertex 32.67612046599388 2.6326834335923195 1.5
    endloop
  endfacet
  facet normal 0 0 1
    outer loop
      vertex 32.67612046599388 2.6326834335923195 1.5
      vertex 40.30710678398609 2.9571067839860916 1.5
      vertex 32.733974596858026 2.75 1.5
    endloop
  endfacet
  facet normal -0.7518398201512306 0.6593458006501333 0
    outer loop
      vertex 32.80664665848017 2.858761429786682 0
      vertex 32.80664665848017 2.858761429786682 1.5
      vertex 32.89289321601391 2.9571067839860916 1.5
    endloop
  endfacet
  facet normal -0.6593458006501333 0.7518398201512306 0
    outer loop
      vertex 32.89289321601391 2.9571067839860916 0
      vertex 32.89289321601391 2.9571067839860916 1.5
      vertex 32.99123857021332 3.0433533415198326 1.5
    endloop
  endfacet
  facet normal -0.5555702203832521 0.8314696207458843 0
    outer loop
      vertex 32.99123857021332 3.0433533415198326 0
      vertex 32.99123857021332 3.0433533415198326 1.5
      vertex 33.1 3.1160254031419754 1.5
    endloop
  endfacet
  facet normal -0.4422887070837332 0.8968727332159226 0
    outer loop
      vertex 33.1 3.1160254031419754 0
      vertex 33.1 3.1160254031419754 1.5
      vertex 33.21731656640768 3.1738795340061188 1.5
    endloop
  endfacet
  facet normal -0.32143945792867507 0.9469301319984065 0
    outer loop
      vertex 33.21731656640768 3.1738795340061188 0
      vertex 33.21731656640768 3.1738795340061188 1.5
      vertex 33.34118095636368 3.2159258276224136 1.5
    endloop
  endfacet
  facet normal -0.19509032949101543 0.9807852789163829 0
    outer loop
      vertex 33.34118095636368 3.2159258276224136 0
      vertex 33.34118095636368 3.2159258276224136 1.5
      vertex 33.469473807513715 3.2414448633790016 1.5
    endloop
  endfacet
  facet normal -0.06540311383340917 0.9978589242477586 0
    outer loop
      vertex 33.469473807513715 3.2414448633790016 0
      vertex 33.469473807513715 3.2414448633790016 1.5
      vertex 33.6 3.25 1.5
    endloop
  endfacet
  facet normal 0 0 1
    outer loop
      vertex 33.34118095636368 3.2159258276224136 1.5
      vertex 33.6 3.25 1.5
      vertex 33.469473807513715 3.2414448633790016 1.5
    endloop
  endfacet
  facet normal 0 0 1
    outer loop
      vertex 32.733974596858026 2.75 1.5
      vertex 40.20876142978668 3.0433533415198326 1.5
      vertex 32.80664665848017 2.858761429786682 1.5
    endloop
  endfacet
  facet normal 0 0 -1
    outer loop
      vertex 36.300000000000004 -0.03963163322476815 0
      vertex 34.9 3.25 0
      vertex 36.300000000000004 3.25 0
    endloop
  endfacet
  facet normal 0.9978589242477586 0.06540311383340917 0
    outer loop
      vertex 40.6 2.25 0
      vertex 40.591444863379 2.380526192486286 0
      vertex 40.6 2.25 1.5
    endloop
  endfacet
  facet normal 0.9807852789163829 0.19509032949101543 0
    outer loop
      vertex 40.591444863379 2.380526192486286 0
      vertex 40.565925827622415 2.508819043636322 0
      vertex 40.591444863379 2.380526192486286 1.5
    endloop
  endfacet
  facet normal 0 0 1
    outer loop
      vertex 35.225 1.375 1.5
      vertex 37.975 1.375 1.5
      vertex 40.565925827622415 2.508819043636322 1.5
    endloop
  endfacet
  facet normal 0 0 1
    outer loop
      vertex 32.6 2.25 1.5
      vertex 35.225 1.375 1.5
      vertex 40.565925827622415 2.508819043636322 1.5
    endloop
  endfacet
  facet normal 0.9978589242477586 0.06540311383340917 0
    outer loop
      vertex 40.591444863379 2.380526192486286 0
      vertex 40.591444863379 2.380526192486286 1.5
      vertex 40.6 2.25 1.5
    endloop
  endfacet
  facet normal 0 0 -1
    outer loop
      vertex 37.975 0.9610081003829383 0
      vertex 36.9 3.25 0
      vertex 38.300000000000004 3.25 0
    endloop
  endfacet
  facet normal 0 1 0
    outer loop
      vertex 34.9 3.25 0
      vertex 34.9 3.25 0.4
      vertex 36.300000000000004 3.25 0
    endloop
  endfacet
  facet normal 0 1 0
    outer loop
      vertex 34.9 3.25 0.4
      vertex 36.300000000000004 3.25 0.4
      vertex 36.300000000000004 3.25 0
    endloop
  endfacet
  facet normal 0 1 0
    outer loop
      vertex 36.9 3.25 0
      vertex 36.9 3.25 0.4
      vertex 38.300000000000004 3.25 0
    endloop
  endfacet
  facet normal 0 1 0
    outer loop
      vertex 38.300000000000004 3.25 0.4
      vertex 38.300000000000004 3.25 0
      vertex 36.9 3.25 0.4
    endloop
  endfacet
  facet normal 0 0 -1
    outer loop
      vertex 40.6 2.25 0
      vertex 38.9 3.25 0
      vertex 40.591444863379 2.380526192486286 0
    endloop
  endfacet
  facet normal 0 0 -1
    outer loop
      vertex 40.591444863379 2.380526192486286 0
      vertex 38.9 3.25 0
      vertex 40.565925827622415 2.508819043636322 0
    endloop
  endfacet
  facet normal 0 0 -1
    outer loop
      vertex 40.565925827622415 2.508819043636322 0
      vertex 38.9 3.25 0
      vertex 40.52387953400612 2.6326834335923195 0
    endloop
  endfacet
  facet normal 0.9469301319984065 0.32143945792867507 0
    outer loop
      vertex 40.565925827622415 2.508819043636322 0
      vertex 40.52387953400612 2.6326834335923195 0
      vertex 40.565925827622415 2.508819043636322 1.5
    endloop
  endfacet
  facet normal 0.8968727332159226 0.4422887070837332 0
    outer loop
      vertex 40.52387953400612 2.6326834335923195 0
      vertex 40.46602540314198 2.75 0
      vertex 40.52387953400612 2.6326834335923195 1.5
    endloop
  endfacet
  facet normal 0.8314696207458843 0.5555702203832521 0
    outer loop
      vertex 40.46602540314198 2.75 0
      vertex 40.393353341519834 2.858761429786682 0
      vertex 40.46602540314198 2.75 1.5
    endloop
  endfacet
  facet normal 0 1 0
    outer loop
      vertex 39.6 3.25 0
      vertex 38.9 3.25 0
      vertex 38.9 3.25 0.4
    endloop
  endfacet
  facet normal 0 0 -1
    outer loop
      vertex 40.46602540314198 2.75 0
      vertex 38.9 3.25 0
      vertex 40.393353341519834 2.858761429786682 0
    endloop
  endfacet
  facet normal 0 0 -1
    outer loop
      vertex 40.30710678398609 2.9571067839860916 0
      vertex 40.393353341519834 2.858761429786682 0
      vertex 38.9 3.25 0
    endloop
  endfacet
  facet normal 0 0 -1
    outer loop
      vertex 40.52387953400612 2.6326834335923195 0
      vertex 38.9 3.25 0
      vertex 40.46602540314198 2.75 0
    endloop
  endfacet
  facet normal 0 0 -1
    outer loop
      vertex 40.20876142978668 3.0433533415198326 0
      vertex 40.30710678398609 2.9571067839860916 0
      vertex 38.9 3.25 0
    endloop
  endfacet
  facet normal 0 0 -1
    outer loop
      vertex 40.20876142978668 3.0433533415198326 0
      vertex 38.9 3.25 0
      vertex 40.1 3.1160254031419754 0
    endloop
  endfacet
  facet normal 0 0 -1
    outer loop
      vertex 39.6 3.25 0
      vertex 39.73052619248629 3.2414448633790016 0
      vertex 38.9 3.25 0
    endloop
  endfacet
  facet normal 0 0 -1
    outer loop
      vertex 39.85881904363632 3.2159258276224136 0
      vertex 39.98268343359232 3.1738795340061188 0
      vertex 38.9 3.25 0
    endloop
  endfacet
  facet normal 0 0 -1
    outer loop
      vertex 39.73052619248629 3.2414448633790016 0
      vertex 39.85881904363632 3.2159258276224136 0
      vertex 38.9 3.25 0
    endloop
  endfacet
  facet normal 0 0 -1
    outer loop
      vertex 39.98268343359232 3.1738795340061188 0
      vertex 40.1 3.1160254031419754 0
      vertex 38.9 3.25 0
    endloop
  endfacet
  facet normal 0.7518398201512306 0.6593458006501333 0
    outer loop
      vertex 40.30710678398609 2.9571067839860916 0
      vertex 40.393353341519834 2.858761429786682 1.5
      vertex 40.393353341519834 2.858761429786682 0
    endloop
  endfacet
  facet normal 0.6593458006501333 0.7518398201512306 0
    outer loop
      vertex 40.20876142978668 3.0433533415198326 0
      vertex 40.30710678398609 2.9571067839860916 1.5
      vertex 40.30710678398609 2.9571067839860916 0
    endloop
  endfacet
  facet normal 0.06540311383340917 0.9978589242477586 0
    outer loop
      vertex 39.6 3.25 0
      vertex 39.73052619248629 3.2414448633790016 1.5
      vertex 39.73052619248629 3.2414448633790016 0
    endloop
  endfacet
  facet normal 0.19509032949101543 0.9807852789163829 0
    outer loop
      vertex 39.73052619248629 3.2414448633790016 0
      vertex 39.85881904363632 3.2159258276224136 1.5
      vertex 39.85881904363632 3.2159258276224136 0
    endloop
  endfacet
  facet normal 0.5555702203832521 0.8314696207458843 0
    outer loop
      vertex 40.20876142978668 3.0433533415198326 0
      vertex 40.1 3.1160254031419754 0
      vertex 40.20876142978668 3.0433533415198326 1.5
    endloop
  endfacet
  facet normal 0.4422887070837332 0.8968727332159226 0
    outer loop
      vertex 39.98268343359232 3.1738795340061188 0
      vertex 40.1 3.1160254031419754 1.5
      vertex 40.1 3.1160254031419754 0
    endloop
  endfacet
  facet normal 0.32143945792867507 0.9469301319984065 0
    outer loop
      vertex 39.85881904363632 3.2159258276224136 0
      vertex 39.98268343359232 3.1738795340061188 1.5
      vertex 39.98268343359232 3.1738795340061188 0
    endloop
  endfacet
  facet normal 0 1 0
    outer loop
      vertex 39.6 3.25 0
      vertex 38.9 3.25 0.4
      vertex 39.6 3.25 1.5
    endloop
  endfacet
  facet normal 0 0 1
    outer loop
      vertex 32.6 2.25 1.5
      vertex 40.565925827622415 2.508819043636322 1.5
      vertex 40.52387953400612 2.6326834335923195 1.5
    endloop
  endfacet
  facet normal 0 0 1
    outer loop
      vertex 32.608555136621 2.380526192486286 1.5
      vertex 40.52387953400612 2.6326834335923195 1.5
      vertex 40.46602540314198 2.75 1.5
    endloop
  endfacet
  facet normal 0 0 1
    outer loop
      vertex 32.63407417237759 2.508819043636322 1.5
      vertex 40.46602540314198 2.75 1.5
      vertex 40.393353341519834 2.858761429786682 1.5
    endloop
  endfacet
  facet normal 0 0 1
    outer loop
      vertex 32.67612046599388 2.6326834335923195 1.5
      vertex 40.393353341519834 2.858761429786682 1.5
      vertex 40.30710678398609 2.9571067839860916 1.5
    endloop
  endfacet
  facet normal 0 1 0
    outer loop
      vertex 39.6 3.25 1.5
      vertex 34.9 3.25 0.4
      vertex 34.300000000000004 3.25 0.4
    endloop
  endfacet
  facet normal 0 1 0
    outer loop
      vertex 33.6 3.25 1.5
      vertex 39.6 3.25 1.5
      vertex 34.300000000000004 3.25 0.4
    endloop
  endfacet
  facet normal 0 1 0
    outer loop
      vertex 39.6 3.25 1.5
      vertex 36.300000000000004 3.25 0.4
      vertex 34.9 3.25 0.4
    endloop
  endfacet
  facet normal 0 1 0
    outer loop
      vertex 39.6 3.25 1.5
      vertex 36.9 3.25 0.4
      vertex 36.300000000000004 3.25 0.4
    endloop
  endfacet
  facet normal 0 0 1
    outer loop
      vertex 32.80664665848017 2.858761429786682 1.5
      vertex 40.1 3.1160254031419754 1.5
      vertex 32.89289321601391 2.9571067839860916 1.5
    endloop
  endfacet
  facet normal 0 0 1
    outer loop
      vertex 32.89289321601391 2.9571067839860916 1.5
      vertex 39.98268343359232 3.1738795340061188 1.5
      vertex 32.99123857021332 3.0433533415198326 1.5
    endloop
  endfacet
  facet normal 0 0 1
    outer loop
      vertex 32.99123857021332 3.0433533415198326 1.5
      vertex 39.85881904363632 3.2159258276224136 1.5
      vertex 33.1 3.1160254031419754 1.5
    endloop
  endfacet
  facet normal 0 0 1
    outer loop
      vertex 33.1 3.1160254031419754 1.5
      vertex 39.73052619248629 3.2414448633790016 1.5
      vertex 33.21731656640768 3.1738795340061188 1.5
    endloop
  endfacet
  facet normal 0 0 1
    outer loop
      vertex 33.21731656640768 3.1738795340061188 1.5
      vertex 39.6 3.25 1.5
      vertex 33.34118095636368 3.2159258276224136 1.5
    endloop
  endfacet
  facet normal 0 0 1
    outer loop
      vertex 33.34118095636368 3.2159258276224136 1.5
      vertex 39.6 3.25 1.5
      vertex 33.6 3.25 1.5
    endloop
  endfacet
  facet normal 0 0 1
    outer loop
      vertex 32.733974596858026 2.75 1.5
      vertex 40.30710678398609 2.9571067839860916 1.5
      vertex 40.20876142978668 3.0433533415198326 1.5
    endloop
  endfacet
  facet normal 0 0 1
    outer loop
      vertex 32.80664665848017 2.858761429786682 1.5
      vertex 40.20876142978668 3.0433533415198326 1.5
      vertex 40.1 3.1160254031419754 1.5
    endloop
  endfacet
  facet normal 0 0 1
    outer loop
      vertex 32.89289321601391 2.9571067839860916 1.5
      vertex 40.1 3.1160254031419754 1.5
      vertex 39.98268343359232 3.1738795340061188 1.5
    endloop
  endfacet
  facet normal 0 0 1
    outer loop
      vertex 32.99123857021332 3.0433533415198326 1.5
      vertex 39.98268343359232 3.1738795340061188 1.5
      vertex 39.85881904363632 3.2159258276224136 1.5
    endloop
  endfacet
  facet normal 0 0 1
    outer loop
      vertex 33.1 3.1160254031419754 1.5
      vertex 39.85881904363632 3.2159258276224136 1.5
      vertex 39.73052619248629 3.2414448633790016 1.5
    endloop
  endfacet
  facet normal 0 0 1
    outer loop
      vertex 33.21731656640768 3.1738795340061188 1.5
      vertex 39.73052619248629 3.2414448633790016 1.5
      vertex 39.6 3.25 1.5
    endloop
  endfacet
  facet normal 0.9807852789163829 0.19509032949101543 0
    outer loop
      vertex 40.591444863379 2.380526192486286 1.5
      vertex 40.565925827622415 2.508819043636322 0
      vertex 40.565925827622415 2.508819043636322 1.5
    endloop
  endfacet
  facet normal 0.9469301319984065 0.32143945792867507 0
    outer loop
      vertex 40.52387953400612 2.6326834335923195 0
      vertex 40.52387953400612 2.6326834335923195 1.5
      vertex 40.565925827622415 2.508819043636322 1.5
    endloop
  endfacet
  facet normal 0.8968727332159226 0.4422887070837332 0
    outer loop
      vertex 40.46602540314198 2.75 0
      vertex 40.46602540314198 2.75 1.5
      vertex 40.52387953400612 2.6326834335923195 1.5
    endloop
  endfacet
  facet normal 0.8314696207458843 0.5555702203832521 0
    outer loop
      vertex 40.393353341519834 2.858761429786682 0
      vertex 40.393353341519834 2.858761429786682 1.5
      vertex 40.46602540314198 2.75 1.5
    endloop
  endfacet
  facet normal 0 1 0
    outer loop
      vertex 39.6 3.25 1.5
      vertex 38.300000000000004 3.25 0.4
      vertex 36.9 3.25 0.4
    endloop
  endfacet
  facet normal 0 1 0
    outer loop
      vertex 39.6 3.25 1.5
      vertex 38.9 3.25 0.4
      vertex 38.300000000000004 3.25 0.4
    endloop
  endfacet
  facet normal 0.7518398201512306 0.6593458006501333 0
    outer loop
      vertex 40.30710678398609 2.9571067839860916 0
      vertex 40.30710678398609 2.9571067839860916 1.5
      vertex 40.393353341519834 2.858761429786682 1.5
    endloop
  endfacet
  facet normal 0.6593458006501333 0.7518398201512306 0
    outer loop
      vertex 40.20876142978668 3.0433533415198326 0
      vertex 40.20876142978668 3.0433533415198326 1.5
      vertex 40.30710678398609 2.9571067839860916 1.5
    endloop
  endfacet
  facet normal 0.06540311383340917 0.9978589242477586 0
    outer loop
      vertex 39.6 3.25 0
      vertex 39.6 3.25 1.5
      vertex 39.73052619248629 3.2414448633790016 1.5
    endloop
  endfacet
  facet normal 0.32143945792867507 0.9469301319984065 0
    outer loop
      vertex 39.85881904363632 3.2159258276224136 0
      vertex 39.85881904363632 3.2159258276224136 1.5
      vertex 39.98268343359232 3.1738795340061188 1.5
    endloop
  endfacet
  facet normal 0.19509032949101543 0.9807852789163829 0
    outer loop
      vertex 39.73052619248629 3.2414448633790016 0
      vertex 39.73052619248629 3.2414448633790016 1.5
      vertex 39.85881904363632 3.2159258276224136 1.5
    endloop
  endfacet
  facet normal 0.5555702203832521 0.8314696207458843 0
    outer loop
      vertex 40.1 3.1160254031419754 0
      vertex 40.1 3.1160254031419754 1.5
      vertex 40.20876142978668 3.0433533415198326 1.5
    endloop
  endfacet
  facet normal 0.4422887070837332 0.8968727332159226 0
    outer loop
      vertex 39.98268343359232 3.1738795340061188 0
      vertex 39.98268343359232 3.1738795340061188 1.5
      vertex 40.1 3.1160254031419754 1.5
    endloop
  endfacet
  facet normal 0 0 -1
    outer loop
      vertex 35.225 -0.9610081003829383 0
      vertex 35.225 -0.6818332533013558 0
      vertex 36.300000000000004 -0.3188064803063506 0
    endloop
  endfacet
  facet normal 0 0 -1
    outer loop
      vertex 35.225 -0.6818332533013558 0
      vertex 36.300000000000004 -0.03963163322476815 0
      vertex 36.300000000000004 -0.3188064803063506 0
    endloop
  endfacet
  facet normal -1 0 0
    outer loop
      vertex 35.225 -1.375 1.5
      vertex 35.225 -1.375 6.099999999999994
      vertex 35.225 1.375 1.5
    endloop
  endfacet
  facet normal 0 -1 0
    outer loop
      vertex 35.225 -1.375 1.5
      vertex 37.975 -1.375 1.5
      vertex 37.975 -1.375 6.099999999999994
    endloop
  endfacet
  facet normal 0 -1 0
    outer loop
      vertex 35.225 -1.375 1.5
      vertex 37.975 -1.375 6.099999999999994
      vertex 35.225 -1.375 6.099999999999994
    endloop
  endfacet
  facet normal 1 0 0
    outer loop
      vertex 37.975 -1.375 1.5
      vertex 37.975 1.375 6.099999999999994
      vertex 37.975 -1.375 6.099999999999994
    endloop
  endfacet
  facet normal 0 0 1
    outer loop
      vertex 35.225 -1.375 6.099999999999994
      vertex 37.975 -1.375 6.099999999999994
      vertex 35.53467741935484 -1.0653225806451614 6.099999999999994
    endloop
  endfacet
  facet normal 0 0 1
    outer loop
      vertex 37.975 -1.375 6.099999999999994
      vertex 37.66532258064516 -1.0653225806451614 6.099999999999994
      vertex 35.53467741935484 -1.0653225806451614 6.099999999999994
    endloop
  endfacet
  facet normal 0 0 1
    outer loop
      vertex 35.225 -1.375 6.099999999999994
      vertex 35.53467741935484 -1.0653225806451614 6.099999999999994
      vertex 35.53467741935484 1.0653225806451614 6.099999999999994
    endloop
  endfacet
  facet normal 0 0 1
    outer loop
      vertex 37.975 -1.375 6.099999999999994
      vertex 37.975 1.375 6.099999999999994
      vertex 37.66532258064516 -1.0653225806451614 6.099999999999994
    endloop
  endfacet
  facet normal 0 0 -1
    outer loop
      vertex 37.975 0.6818332533013558 0
      vertex 36.9 0.03963163322476815 0
      vertex 36.9 0.3188064803063506 0
    endloop
  endfacet
  facet normal 0 0 -1
    outer loop
      vertex 37.975 0.6818332533013558 0
      vertex 36.9 0.3188064803063506 0
      vertex 37.975 0.9610081003829383 0
    endloop
  endfacet
  facet normal 1 0 0
    outer loop
      vertex 37.975 -1.375 1.5
      vertex 37.975 1.375 1.5
      vertex 37.975 1.375 6.099999999999994
    endloop
  endfacet
  facet normal 0 1 0
    outer loop
      vertex 35.225 1.375 1.5
      vertex 35.225 1.375 6.099999999999994
      vertex 37.975 1.375 1.5
    endloop
  endfacet
  facet normal -1 0 0
    outer loop
      vertex 35.225 -1.375 6.099999999999994
      vertex 35.225 1.375 6.099999999999994
      vertex 35.225 1.375 1.5
    endloop
  endfacet
  facet normal 0 1 0
    outer loop
      vertex 35.225 1.375 6.099999999999994
      vertex 37.975 1.375 6.099999999999994
      vertex 37.975 1.375 1.5
    endloop
  endfacet
  facet normal 0 0 1
    outer loop
      vertex 35.225 -1.375 6.099999999999994
      vertex 35.53467741935484 1.0653225806451614 6.099999999999994
      vertex 35.225 1.375 6.099999999999994
    endloop
  endfacet
  facet normal 0 0 1
    outer loop
      vertex 37.975 1.375 6.099999999999994
      vertex 37.66532258064516 1.0653225806451614 6.099999999999994
      vertex 37.66532258064516 -1.0653225806451614 6.099999999999994
    endloop
  endfacet
  facet normal 0 0 1
    outer loop
      vertex 35.225 1.375 6.099999999999994
      vertex 35.53467741935484 1.0653225806451614 6.099999999999994
      vertex 37.66532258064516 1.0653225806451614 6.099999999999994
    endloop
  endfacet
  facet normal 0 0 1
    outer loop
      vertex 35.225 1.375 6.099999999999994
      vertex 37.66532258064516 1.0653225806451614 6.099999999999994
      vertex 37.975 1.375 6.099999999999994
    endloop
  endfacet
  facet normal -1 0 0
    outer loop
      vertex 34.9 -3.25 0.4
      vertex 34.9 3.25 0
      vertex 34.9 -3.25 0
    endloop
  endfacet
  facet normal 1 0 0
    outer loop
      vertex 34.300000000000004 -3.25 0
      vertex 34.300000000000004 3.25 0.4
      vertex 34.300000000000004 -3.25 0.4
    endloop
  endfacet
  facet normal 0 0 -1
    outer loop
      vertex 34.300000000000004 -3.25 0.4
      vertex 34.300000000000004 3.25 0.4
      vertex 34.9 -3.25 0.4
    endloop
  endfacet
  facet normal 1 0 0
    outer loop
      vertex 34.300000000000004 3.25 0.4
      vertex 34.300000000000004 -3.25 0
      vertex 34.300000000000004 3.25 0
    endloop
  endfacet
  facet normal -1 0 0
    outer loop
      vertex 34.9 3.25 0
      vertex 34.9 -3.25 0.4
      vertex 34.9 3.25 0.4
    endloop
  endfacet
  facet normal 0 0 -1
    outer loop
      vertex 34.9 -3.25 0.4
      vertex 34.300000000000004 3.25 0.4
      vertex 34.9 3.25 0.4
    endloop
  endfacet
  facet normal -1 0 0
    outer loop
      vertex 36.9 -3.25 0.4
      vertex 36.9 0.03963163322476815 0
      vertex 36.9 -3.25 0
    endloop
  endfacet
  facet normal 1 0 0
    outer loop
      vertex 36.300000000000004 -3.25 0
      vertex 36.300000000000004 3.25 0.4
      vertex 36.300000000000004 -3.25 0.4
    endloop
  endfacet
  facet normal -1 0 0
    outer loop
      vertex 36.9 0.3188064803063506 0
      vertex 36.9 0.03963163322476815 0
      vertex 36.9 -3.25 0.4
    endloop
  endfacet
  facet normal 0 0 -1
    outer loop
      vertex 36.300000000000004 -3.25 0.4
      vertex 36.300000000000004 3.25 0.4
      vertex 36.9 -3.25 0.4
    endloop
  endfacet
  facet normal 1 0 0
    outer loop
      vertex 36.300000000000004 -3.25 0
      vertex 36.300000000000004 -0.3188064803063506 0
      vertex 36.300000000000004 3.25 0.4
    endloop
  endfacet
  facet normal -1 0 0
    outer loop
      vertex 36.9 3.25 0
      vertex 36.9 0.3188064803063506 0
      vertex 36.9 -3.25 0.4
    endloop
  endfacet
  facet normal 1 0 0
    outer loop
      vertex 36.300000000000004 -0.3188064803063506 0
      vertex 36.300000000000004 -0.03963163322476815 0
      vertex 36.300000000000004 3.25 0.4
    endloop
  endfacet
  facet normal -1 0 0
    outer loop
      vertex 36.9 3.25 0
      vertex 36.9 -3.25 0.4
      vertex 36.9 3.25 0.4
    endloop
  endfacet
  facet normal 0 0 -1
    outer loop
      vertex 36.9 -3.25 0.4
      vertex 36.300000000000004 3.25 0.4
      vertex 36.9 3.25 0.4
    endloop
  endfacet
  facet normal 1 0 0
    outer loop
      vertex 36.300000000000004 3.25 0.4
      vertex 36.300000000000004 -0.03963163322476815 0
      vertex 36.300000000000004 3.25 0
    endloop
  endfacet
  facet normal -1 0 0
    outer loop
      vertex 38.9 -3.25 0.4
      vertex 38.9 3.25 0
      vertex 38.9 -3.25 0
    endloop
  endfacet
  facet normal 1 0 0
    outer loop
      vertex 38.300000000000004 -3.25 0
      vertex 38.300000000000004 3.25 0.4
      vertex 38.300000000000004 -3.25 0.4
    endloop
  endfacet
  facet normal 0 0 -1
    outer loop
      vertex 38.300000000000004 -3.25 0.4
      vertex 38.300000000000004 3.25 0.4
      vertex 38.9 -3.25 0.4
    endloop
  endfacet
  facet normal 1 0 0
    outer loop
      vertex 38.300000000000004 3.25 0.4
      vertex 38.300000000000004 -3.25 0
      vertex 38.300000000000004 3.25 0
    endloop
  endfacet
  facet normal -1 0 0
    outer loop
      vertex 38.9 3.25 0
      vertex 38.9 -3.25 0.4
      vertex 38.9 3.25 0.4
    endloop
  endfacet
  facet normal 0 0 -1
    outer loop
      vertex 38.9 -3.25 0.4
      vertex 38.300000000000004 3.25 0.4
      vertex 38.9 3.25 0.4
    endloop
  endfacet
  facet normal 0 1 0
    outer loop
      vertex 35.825 -0.775 5.099999999999994
      vertex 37.375 -0.775 5.7999999999999945
      vertex 37.375 -0.775 5.099999999999994
    endloop
  endfacet
  facet normal 0 0 1
    outer loop
      vertex 35.825 -0.775 5.099999999999994
      vertex 37.375 -0.775 5.099999999999994
      vertex 35.825 0.775 5.099999999999994
    endloop
  endfacet
  facet normal 1 0 0
    outer loop
      vertex 35.825 -0.775 5.099999999999994
      vertex 35.825 0.775 5.099999999999994
      vertex 35.825 -0.775 5.7999999999999945
    endloop
  endfacet
  facet normal 0 1 0
    outer loop
      vertex 35.825 -0.775 5.099999999999994
      vertex 35.825 -0.775 5.7999999999999945
      vertex 37.375 -0.775 5.7999999999999945
    endloop
  endfacet
  facet normal -1 0 0
    outer loop
      vertex 37.375 -0.775 5.099999999999994
      vertex 37.375 -0.775 5.7999999999999945
      vertex 37.375 0.775 5.7999999999999945
    endloop
  endfacet
  facet normal 0 0 1
    outer loop
      vertex 35.825 0.775 5.099999999999994
      vertex 37.375 -0.775 5.099999999999994
      vertex 37.375 0.775 5.099999999999994
    endloop
  endfacet
  facet normal -1 0 0
    outer loop
      vertex 37.375 -0.775 5.099999999999994
      vertex 37.375 0.775 5.7999999999999945
      vertex 37.375 0.775 5.099999999999994
    endloop
  endfacet
  facet normal 0 -1 0
    outer loop
      vertex 35.825 0.775 5.099999999999994
      vertex 37.375 0.775 5.099999999999994
      vertex 35.825 0.775 5.7999999999999945
    endloop
  endfacet
  facet normal 1 0 0
    outer loop
      vertex 35.825 -0.775 5.7999999999999945
      vertex 35.825 0.775 5.099999999999994
      vertex 35.825 0.775 5.7999999999999945
    endloop
  endfacet
  facet normal 0 -1 0
    outer loop
      vertex 35.825 0.775 5.7999999999999945
      vertex 37.375 0.775 5.099999999999994
      vertex 37.375 0.775 5.7999999999999945
    endloop
  endfacet
  facet normal 0 0.7186021417665905 0.695421427516056
    outer loop
      vertex 35.825 -0.775 5.7999999999999945
      vertex 35.53467741935484 -1.0653225806451614 6.099999999999994
      vertex 37.375 -0.775 5.7999999999999945
    endloop
  endfacet
  facet normal 1.811828864498627e-18 0.7186021417665904 0.6954214275160558
    outer loop
      vertex 37.375 -0.775 5.7999999999999945
      vertex 35.53467741935484 -1.0653225806451614 6.099999999999994
      vertex 37.66532258064516 -1.0653225806451614 6.099999999999994
    endloop
  endfacet
  facet normal 0.718602141766592 -7.549286935411108e-18 0.6954214275160544
    outer loop
      vertex 35.825 -0.775 5.7999999999999945
      vertex 35.53467741935484 1.0653225806451614 6.099999999999994
      vertex 35.53467741935484 -1.0653225806451614 6.099999999999994
    endloop
  endfacet
  facet normal -0.718602141766592 0 0.6954214275160544
    outer loop
      vertex 37.375 -0.775 5.7999999999999945
      vertex 37.66532258064516 -1.0653225806451614 6.099999999999994
      vertex 37.375 0.775 5.7999999999999945
    endloop
  endfacet
  facet normal 0.718602141766592 0 0.6954214275160544
    outer loop
      vertex 35.825 -0.775 5.7999999999999945
      vertex 35.825 0.775 5.7999999999999945
      vertex 35.53467741935484 1.0653225806451614 6.099999999999994
    endloop
  endfacet
  facet normal -0.718602141766592 7.549286935411108e-18 0.6954214275160544
    outer loop
      vertex 37.375 0.775 5.7999999999999945
      vertex 37.66532258064516 -1.0653225806451614 6.099999999999994
      vertex 37.66532258064516 1.0653225806451614 6.099999999999994
    endloop
  endfacet
  facet normal -1.811828864498627e-18 -0.7186021417665904 0.6954214275160558
    outer loop
      vertex 35.825 0.775 5.7999999999999945
      vertex 37.66532258064516 1.0653225806451614 6.099999999999994
      vertex 35.53467741935484 1.0653225806451614 6.099999999999994
    endloop
  endfacet
  facet normal 0 -0.7186021417665905 0.695421427516056
    outer loop
      vertex 35.825 0.775 5.7999999999999945
      vertex 37.375 0.775 5.7999999999999945
      vertex 37.66532258064516 1.0653225806451614 6.099999999999994
    endloop
  endfacet
endsolid OpenSCAD_Model
