solid OpenSCAD_Model
  facet normal 0 0 -1
    outer loop
      vertex -96.22132034599781 -64.22132034599781 0
      vertex -95.60000000149012 -64.69807621091604 0
      vertex -95.92628429085016 -64.48006002604961 0
    endloop
  endfacet
  facet normal 0 0 -1
    outer loop
      vertex -96.22132034599781 -64.22132034599781 0
      vertex -96.69807621091604 -63.600000001490116 0
      vertex -95.60000000149012 -64.69807621091604 0
    endloop
  endfacet
  facet normal -0.5322004596688105 -0.4667272838542379 -0.7063485777109998
    outer loop
      vertex -96.22132034599781 -64.22132034599781 0
      vertex -97.27341336011887 -64.53504572063684 1
      vertex -96.48006002604961 -63.92628429085016 0
    endloop
  endfacet
  facet normal -0.2275354793664046 -0.670297911087513 -0.706348579683726
    outer loop
      vertex -95.24805030226707 -64.87163859605789 0
      vertex -94.87645713984966 -64.99777747690678 0
      vertex -95.13527618348598 -65.96370330452919 1
    endloop
  endfacet
  facet normal -0.4667272838542379 -0.5322004596688105 -0.7063485777109998
    outer loop
      vertex -96.22132034599781 -64.22132034599781 0
      vertex -95.92628429085016 -64.48006002604961 0
      vertex -96.53504572063684 -65.27341336011887 1
    endloop
  endfacet
  facet normal -0.39326825333263266 -0.5885675535746149 -0.7063485795270584
    outer loop
      vertex -95.92628429085016 -64.48006002604961 0
      vertex -95.60000000149012 -64.69807621091604 0
      vertex -96.10000000149012 -65.56410161405802 1
    endloop
  endfacet
  facet normal -0.3130803181954239 -0.6348640791694493 -0.7063485792007933
    outer loop
      vertex -95.60000000149012 -64.69807621091604 0
      vertex -95.24805030226707 -64.87163859605789 0
      vertex -96.10000000149012 -65.56410161405802 1
    endloop
  endfacet
  facet normal 0 0 -1
    outer loop
      vertex -96.87163859605789 -63.248050302267075 0
      vertex -96.99777747690678 -62.87645713984966 0
      vertex -97.10000000149012 -62.100000001490116 0
    endloop
  endfacet
  facet normal 0 0 -1
    outer loop
      vertex -96.99777747690678 -62.87645713984966 0
      vertex -97.07433458417654 -62.491578578948975 0
      vertex -97.10000000149012 -62.100000001490116 0
    endloop
  endfacet
  facet normal 0 0 -1
    outer loop
      vertex -96.69807621091604 -63.600000001490116 0
      vertex -96.87163859605789 -63.248050302267075 0
      vertex -97.10000000149012 -62.100000001490116 0
    endloop
  endfacet
  facet normal 0 0 -1
    outer loop
      vertex -96.22132034599781 -64.22132034599781 0
      vertex -96.48006002604961 -63.92628429085016 0
      vertex -96.69807621091604 -63.600000001490116 0
    endloop
  endfacet
  facet normal -0.6348640791694493 -0.3130803181954239 -0.7063485792007933
    outer loop
      vertex -96.69807621091604 -63.600000001490116 0
      vertex -97.56410161405802 -64.10000000149012 1
      vertex -96.87163859605789 -63.248050302267075 0
    endloop
  endfacet
  facet normal -0.5885675535746149 -0.39326825333263266 -0.7063485795270584
    outer loop
      vertex -96.69807621091604 -63.600000001490116 0
      vertex -96.48006002604961 -63.92628429085016 0
      vertex -97.56410161405802 -64.10000000149012 1
    endloop
  endfacet
  facet normal -0.670297911087513 -0.2275354793664046 -0.706348579683726
    outer loop
      vertex -96.87163859605789 -63.248050302267075 0
      vertex -97.96370330452919 -63.135276183485985 1
      vertex -96.99777747690678 -62.87645713984966 0
    endloop
  endfacet
  facet normal -0.6942627581814863 -0.13809745164064088 -0.7063485799890844
    outer loop
      vertex -96.99777747690678 -62.87645713984966 0
      vertex -98.06577944755554 -62.62210477143526 1
      vertex -97.07433458417654 -62.491578578948975 0
    endloop
  endfacet
  facet normal -0.706348578407179 -0.046296534277531914 -0.7063485801614147
    outer loop
      vertex -97.07433458417654 -62.491578578948975 0
      vertex -98.06577944755554 -62.62210477143526 1
      vertex -97.10000000149012 -62.100000001490116 0
    endloop
  endfacet
  facet normal 0 0 -1
    outer loop
      vertex -95.24805030226707 -64.87163859605789 0
      vertex -94.49157857894897 -65.07433458417654 0
      vertex -94.87645713984966 -64.99777747690678 0
    endloop
  endfacet
  facet normal 0 0 -1
    outer loop
      vertex -95.60000000149012 -64.69807621091604 0
      vertex -94.10000000149012 -65.10000000149012 0
      vertex -95.24805030226707 -64.87163859605789 0
    endloop
  endfacet
  facet normal 0 0 -1
    outer loop
      vertex -95.24805030226707 -64.87163859605789 0
      vertex -94.10000000149012 -65.10000000149012 0
      vertex -94.49157857894897 -65.07433458417654 0
    endloop
  endfacet
  facet normal -0.13809745164064088 -0.6942627581814863 -0.7063485799890844
    outer loop
      vertex -94.49157857894897 -65.07433458417654 0
      vertex -94.62210477143526 -66.06577944755554 1
      vertex -94.87645713984966 -64.99777747690678 0
    endloop
  endfacet
  facet normal -0.046296534277531914 -0.706348578407179 -0.7063485801614147
    outer loop
      vertex -94.49157857894897 -65.07433458417654 0
      vertex -94.10000000149012 -65.10000000149012 0
      vertex -94.62210477143526 -66.06577944755554 1
    endloop
  endfacet
  facet normal -0.5322004587408181 -0.46672728557363985 -0.7063485772740855
    outer loop
      vertex -96.22132034599781 -64.22132034599781 0
      vertex -96.92842712253332 -64.92842712253332 1
      vertex -97.27341336011887 -64.53504572063684 1
    endloop
  endfacet
  facet normal -0.5885675505135392 -0.3932682613670784 -0.7063485776044345
    outer loop
      vertex -96.48006002604961 -63.92628429085016 0
      vertex -97.27341336011887 -64.53504572063684 1
      vertex -97.56410161405802 -64.10000000149012 1
    endloop
  endfacet
  facet normal -0.3932682613670784 -0.5885675505135392 -0.7063485776044345
    outer loop
      vertex -95.92628429085016 -64.48006002604961 0
      vertex -96.10000000149012 -65.56410161405802 1
      vertex -96.53504572063684 -65.27341336011887 1
    endloop
  endfacet
  facet normal -0.3130803170459419 -0.6348640801050566 -0.7063485788693659
    outer loop
      vertex -95.24805030226707 -64.87163859605789 0
      vertex -95.63073372840881 -65.79551813006401 1
      vertex -96.10000000149012 -65.56410161405802 1
    endloop
  endfacet
  facet normal -0.22753548157073736 -0.6702979108614071 -0.706348579188212
    outer loop
      vertex -95.24805030226707 -64.87163859605789 0
      vertex -95.13527618348598 -65.96370330452919 1
      vertex -95.63073372840881 -65.79551813006401 1
    endloop
  endfacet
  facet normal -0.46672728557363985 -0.5322004587408181 -0.7063485772740855
    outer loop
      vertex -96.22132034599781 -64.22132034599781 0
      vertex -96.53504572063684 -65.27341336011887 1
      vertex -96.92842712253332 -64.92842712253332 1
    endloop
  endfacet
  facet normal -0.6348640801050566 -0.3130803170459419 -0.7063485788693659
    outer loop
      vertex -96.87163859605789 -63.248050302267075 0
      vertex -97.56410161405802 -64.10000000149012 1
      vertex -97.79551813006401 -63.63073372840881 1
    endloop
  endfacet
  facet normal -0.6702979108614071 -0.22753548157073736 -0.706348579188212
    outer loop
      vertex -96.87163859605789 -63.248050302267075 0
      vertex -97.79551813006401 -63.63073372840881 1
      vertex -97.96370330452919 -63.135276183485985 1
    endloop
  endfacet
  facet normal -0.6942627582007719 -0.13809745231280873 -0.706348579838714
    outer loop
      vertex -96.99777747690678 -62.87645713984966 0
      vertex -97.96370330452919 -63.135276183485985 1
      vertex -98.06577944755554 -62.62210477143526 1
    endloop
  endfacet
  facet normal -0.7063485793922917 -0.04629653098216924 -0.7063485793922917
    outer loop
      vertex -97.10000000149012 -62.100000001490116 0
      vertex -98.06577944755554 -62.62210477143526 1
      vertex -98.10000000149012 -62.100000001490116 1
    endloop
  endfacet
  facet normal -0.13809745231280873 -0.6942627582007719 -0.706348579838714
    outer loop
      vertex -94.87645713984966 -64.99777747690678 0
      vertex -94.62210477143526 -66.06577944755554 1
      vertex -95.13527618348598 -65.96370330452919 1
    endloop
  endfacet
  facet normal -0.04629653098216924 -0.7063485793922917 -0.7063485793922917
    outer loop
      vertex -94.10000000149012 -65.10000000149012 0
      vertex -94.10000000149012 -66.10000000149012 1
      vertex -94.62210477143526 -66.06577944755554 1
    endloop
  endfacet
  facet normal -0.6593458228172265 -0.7518398007112116 0
    outer loop
      vertex -96.92842712253332 -64.92842712253332 1
      vertex -96.53504572063684 -65.27341336011887 1
      vertex -96.53504572063684 -65.27341336011887 17
    endloop
  endfacet
  facet normal -0.831469614167989 -0.5555702302277682 0
    outer loop
      vertex -97.56410161405802 -64.10000000149012 1
      vertex -97.27341336011887 -64.53504572063684 1
      vertex -97.27341336011887 -64.53504572063684 17
    endloop
  endfacet
  facet normal -0.7518398007112116 -0.6593458228172265 0
    outer loop
      vertex -96.92842712253332 -64.92842712253332 1
      vertex -97.27341336011887 -64.53504572063684 17
      vertex -97.27341336011887 -64.53504572063684 1
    endloop
  endfacet
  facet normal -0.44228868998100634 -0.8968727416500544 0
    outer loop
      vertex -96.10000000149012 -65.56410161405802 1
      vertex -95.63073372840881 -65.79551813006401 1
      vertex -96.10000000149012 -65.56410161405802 17
    endloop
  endfacet
  facet normal -0.5555702302277682 -0.831469614167989 0
    outer loop
      vertex -96.53504572063684 -65.27341336011887 1
      vertex -96.10000000149012 -65.56410161405802 1
      vertex -96.10000000149012 -65.56410161405802 17
    endloop
  endfacet
  facet normal -0.32143946659727024 -0.9469301290558149 0
    outer loop
      vertex -95.63073372840881 -65.79551813006401 1
      vertex -95.13527618348598 -65.96370330452919 1
      vertex -95.13527618348598 -65.96370330452919 17
    endloop
  endfacet
  facet normal -0.8968727416500544 -0.44228868998100634 0
    outer loop
      vertex -97.56410161405802 -64.10000000149012 1
      vertex -97.79551813006401 -63.63073372840881 17
      vertex -97.79551813006401 -63.63073372840881 1
    endloop
  endfacet
  facet normal -0.9469301290558149 -0.32143946659727024 0
    outer loop
      vertex -97.79551813006401 -63.63073372840881 1
      vertex -97.96370330452919 -63.135276183485985 17
      vertex -97.96370330452919 -63.135276183485985 1
    endloop
  endfacet
  facet normal -0.9807852794583501 -0.1950903267663619 0
    outer loop
      vertex -97.96370330452919 -63.135276183485985 1
      vertex -98.06577944755554 -62.62210477143526 17
      vertex -98.06577944755554 -62.62210477143526 1
    endloop
  endfacet
  facet normal -0.9978589233184303 -0.06540312801222277 0
    outer loop
      vertex -98.06577944755554 -62.62210477143526 1
      vertex -98.10000000149012 -62.100000001490116 17
      vertex -98.10000000149012 -62.100000001490116 1
    endloop
  endfacet
  facet normal -0.1950903267663619 -0.9807852794583501 0
    outer loop
      vertex -95.13527618348598 -65.96370330452919 1
      vertex -94.62210477143526 -66.06577944755554 1
      vertex -95.13527618348598 -65.96370330452919 17
    endloop
  endfacet
  facet normal -0.06540312801222277 -0.9978589233184303 0
    outer loop
      vertex -94.62210477143526 -66.06577944755554 1
      vertex -94.10000000149012 -66.10000000149012 1
      vertex -94.10000000149012 -66.10000000149012 17
    endloop
  endfacet
  facet normal 0 0 -1
    outer loop
      vertex -96.69807621091604 -63.600000001490116 0
      vertex -97.10000000149012 -62.100000001490116 0
      vertex -97.10000000149012 62.100000001490116 0
    endloop
  endfacet
  facet normal 0 0 -1
    outer loop
      vertex -95.60000000149012 -64.69807621091604 0
      vertex -96.69807621091604 -63.600000001490116 0
      vertex -97.10000000149012 62.100000001490116 0
    endloop
  endfacet
  facet normal -0.7071067811865475 0 -0.7071067811865475
    outer loop
      vertex -97.10000000149012 -62.100000001490116 0
      vertex -98.10000000149012 -62.100000001490116 1
      vertex -97.10000000149012 62.100000001490116 0
    endloop
  endfacet
  facet normal 0 0 -1
    outer loop
      vertex -95.60000000149012 -64.69807621091604 0
      vertex -95.92628429085016 64.48006002604961 0
      vertex -81.5 -49.5 0
    endloop
  endfacet
  facet normal -1 0 0
    outer loop
      vertex -98.10000000149012 -62.100000001490116 1
      vertex -98.10000000149012 -62.100000001490116 17
      vertex -98.10000000149012 62.100000001490116 1
    endloop
  endfacet
  facet normal 0 0 -1
    outer loop
      vertex -95.60000000149012 -64.69807621091604 0
      vertex 94.10000000149012 -65.10000000149012 0
      vertex -94.10000000149012 -65.10000000149012 0
    endloop
  endfacet
  facet normal 0 -0.7071067811865475 -0.7071067811865475
    outer loop
      vertex -94.10000000149012 -65.10000000149012 0
      vertex 94.10000000149012 -65.10000000149012 0
      vertex -94.10000000149012 -66.10000000149012 1
    endloop
  endfacet
  facet normal 0 0 -1
    outer loop
      vertex -95.60000000149012 -64.69807621091604 0
      vertex -81.5 -49.5 0
      vertex 81.5 -49.5 0
    endloop
  endfacet
  facet normal -0.831469614167989 -0.5555702302277682 0
    outer loop
      vertex -97.56410161405802 -64.10000000149012 1
      vertex -97.27341336011887 -64.53504572063684 17
      vertex -97.56410161405802 -64.10000000149012 17
    endloop
  endfacet
  facet normal -0.7518398007112116 -0.6593458228172265 0
    outer loop
      vertex -96.92842712253332 -64.92842712253332 1
      vertex -96.92842712253332 -64.92842712253332 17
      vertex -97.27341336011887 -64.53504572063684 17
    endloop
  endfacet
  facet normal -0.6593458228172265 -0.7518398007112116 0
    outer loop
      vertex -96.92842712253332 -64.92842712253332 1
      vertex -96.53504572063684 -65.27341336011887 17
      vertex -96.92842712253332 -64.92842712253332 17
    endloop
  endfacet
  facet normal -0.5555702302277682 -0.831469614167989 0
    outer loop
      vertex -96.53504572063684 -65.27341336011887 1
      vertex -96.10000000149012 -65.56410161405802 17
      vertex -96.53504572063684 -65.27341336011887 17
    endloop
  endfacet
  facet normal -0.32143946659727024 -0.9469301290558149 0
    outer loop
      vertex -95.63073372840881 -65.79551813006401 1
      vertex -95.13527618348598 -65.96370330452919 17
      vertex -95.63073372840881 -65.79551813006401 17
    endloop
  endfacet
  facet normal -0.44228868998100634 -0.8968727416500544 0
    outer loop
      vertex -95.63073372840881 -65.79551813006401 1
      vertex -95.63073372840881 -65.79551813006401 17
      vertex -96.10000000149012 -65.56410161405802 17
    endloop
  endfacet
  facet normal -0.8968727416500544 -0.44228868998100634 0
    outer loop
      vertex -97.56410161405802 -64.10000000149012 1
      vertex -97.56410161405802 -64.10000000149012 17
      vertex -97.79551813006401 -63.63073372840881 17
    endloop
  endfacet
  facet normal -0.9469301290558149 -0.32143946659727024 0
    outer loop
      vertex -97.79551813006401 -63.63073372840881 1
      vertex -97.79551813006401 -63.63073372840881 17
      vertex -97.96370330452919 -63.135276183485985 17
    endloop
  endfacet
  facet normal -0.9807852794583501 -0.1950903267663619 0
    outer loop
      vertex -97.96370330452919 -63.135276183485985 1
      vertex -97.96370330452919 -63.135276183485985 17
      vertex -98.06577944755554 -62.62210477143526 17
    endloop
  endfacet
  facet normal -0.9978589233184303 -0.06540312801222277 0
    outer loop
      vertex -98.06577944755554 -62.62210477143526 1
      vertex -98.06577944755554 -62.62210477143526 17
      vertex -98.10000000149012 -62.100000001490116 17
    endloop
  endfacet
  facet normal -0.1950903267663619 -0.9807852794583501 0
    outer loop
      vertex -94.62210477143526 -66.06577944755554 1
      vertex -94.62210477143526 -66.06577944755554 17
      vertex -95.13527618348598 -65.96370330452919 17
    endloop
  endfacet
  facet normal -0.06540312801222277 -0.9978589233184303 0
    outer loop
      vertex -94.62210477143526 -66.06577944755554 1
      vertex -94.10000000149012 -66.10000000149012 17
      vertex -94.62210477143526 -66.06577944755554 17
    endloop
  endfacet
  facet normal 0 0 1
    outer loop
      vertex -97.27341336011887 -64.53504572063684 17
      vertex -96.53504572063684 -65.27341336011887 17
      vertex -96.10000000149012 -65.56410161405802 17
    endloop
  endfacet
  facet normal 0 0 1
    outer loop
      vertex -97.56410161405802 -64.10000000149012 17
      vertex -97.27341336011887 -64.53504572063684 17
      vertex -97.79551813006401 -63.63073372840881 17
    endloop
  endfacet
  facet normal 0 0 1
    outer loop
      vertex -96.92842712253332 -64.92842712253332 17
      vertex -96.53504572063684 -65.27341336011887 17
      vertex -97.27341336011887 -64.53504572063684 17
    endloop
  endfacet
  facet normal 0 0 1
    outer loop
      vertex -97.27341336011887 -64.53504572063684 17
      vertex -96.10000000149012 -65.56410161405802 17
      vertex -98.10000000149012 -62.100000001490116 17
    endloop
  endfacet
  facet normal 0 0 1
    outer loop
      vertex -96.10000000149012 -65.56410161405802 17
      vertex -95.63073372840881 -65.79551813006401 17
      vertex -95.13527618348598 -65.96370330452919 17
    endloop
  endfacet
  facet normal 0 0 1
    outer loop
      vertex -96.10000000149012 -65.56410161405802 17
      vertex -95.13527618348598 -65.96370330452919 17
      vertex -94.10000000149012 -66.10000000149012 17
    endloop
  endfacet
  facet normal 0 0 1
    outer loop
      vertex -97.27341336011887 -64.53504572063684 17
      vertex -98.10000000149012 -62.100000001490116 17
      vertex -97.79551813006401 -63.63073372840881 17
    endloop
  endfacet
  facet normal 0 0 1
    outer loop
      vertex -97.79551813006401 -63.63073372840881 17
      vertex -98.06577944755554 -62.62210477143526 17
      vertex -97.96370330452919 -63.135276183485985 17
    endloop
  endfacet
  facet normal 0 0 1
    outer loop
      vertex -97.79551813006401 -63.63073372840881 17
      vertex -98.10000000149012 -62.100000001490116 17
      vertex -98.06577944755554 -62.62210477143526 17
    endloop
  endfacet
  facet normal 0 0 1
    outer loop
      vertex -96.10000000149012 -65.56410161405802 17
      vertex -94.48268343508244 -63.023879535496235 17
      vertex -94.60000000149012 -62.96602540463209 17
    endloop
  endfacet
  facet normal 0 0 1
    outer loop
      vertex -96.10000000149012 -65.56410161405802 17
      vertex -94.60000000149012 -62.96602540463209 17
      vertex -94.7087614312768 -62.89335334300995 17
    endloop
  endfacet
  facet normal 0 0 1
    outer loop
      vertex -96.10000000149012 -65.56410161405802 17
      vertex -94.80710678547621 -62.80710678547621 17
      vertex -94.89335334300995 -62.7087614312768 17
    endloop
  endfacet
  facet normal 0 0 1
    outer loop
      vertex -96.10000000149012 -65.56410161405802 17
      vertex -94.89335334300995 -62.7087614312768 17
      vertex -94.96602540463209 -62.600000001490116 17
    endloop
  endfacet
  facet normal 0 0 1
    outer loop
      vertex -96.10000000149012 -65.56410161405802 17
      vertex -94.96602540463209 -62.600000001490116 17
      vertex -95.02387953549623 -62.482683435082436 17
    endloop
  endfacet
  facet normal 0 0 1
    outer loop
      vertex -96.10000000149012 -65.56410161405802 17
      vertex -94.7087614312768 -62.89335334300995 17
      vertex -94.80710678547621 -62.80710678547621 17
    endloop
  endfacet
  facet normal 0 0 1
    outer loop
      vertex -96.10000000149012 -65.56410161405802 17
      vertex -95.06592582911253 -62.35881904512644 17
      vertex -95.09144486486912 -62.2305261939764 17
    endloop
  endfacet
  facet normal 0 0 1
    outer loop
      vertex -96.10000000149012 -65.56410161405802 17
      vertex -95.09144486486912 -62.2305261939764 17
      vertex -95.10000000149012 -62.100000001490116 17
    endloop
  endfacet
  facet normal 0 0 1
    outer loop
      vertex -96.10000000149012 -65.56410161405802 17
      vertex -95.02387953549623 -62.482683435082436 17
      vertex -95.06592582911253 -62.35881904512644 17
    endloop
  endfacet
  facet normal 0 0 1
    outer loop
      vertex -95.13527618348598 -65.96370330452919 17
      vertex -94.62210477143526 -66.06577944755554 17
      vertex -94.10000000149012 -66.10000000149012 17
    endloop
  endfacet
  facet normal 0 0 1
    outer loop
      vertex -96.10000000149012 -65.56410161405802 17
      vertex -94.2305261939764 -63.09144486486912 17
      vertex -94.35881904512644 -63.06592582911253 17
    endloop
  endfacet
  facet normal 0 0 1
    outer loop
      vertex -96.10000000149012 -65.56410161405802 17
      vertex -94.35881904512644 -63.06592582911253 17
      vertex -94.48268343508244 -63.023879535496235 17
    endloop
  endfacet
  facet normal 0 0 1
    outer loop
      vertex -96.10000000149012 -65.56410161405802 17
      vertex -94.10000000149012 -63.100000001490116 17
      vertex -94.2305261939764 -63.09144486486912 17
    endloop
  endfacet
  facet normal 0 0 1
    outer loop
      vertex -96.10000000149012 -65.56410161405802 17
      vertex -96.53504572063684 65.27341336011887 17
      vertex -98.10000000149012 -62.100000001490116 17
    endloop
  endfacet
  facet normal 0 0 1
    outer loop
      vertex -96.10000000149012 -65.56410161405802 17
      vertex -95.10000000149012 -62.100000001490116 17
      vertex -95.10000000149012 62.100000001490116 17
    endloop
  endfacet
  facet normal 0 -1 0
    outer loop
      vertex -94.10000000149012 -66.10000000149012 1
      vertex 94.10000000149012 -66.10000000149012 17
      vertex -94.10000000149012 -66.10000000149012 17
    endloop
  endfacet
  facet normal 0 0 1
    outer loop
      vertex -96.10000000149012 -65.56410161405802 17
      vertex -94.10000000149012 -66.10000000149012 17
      vertex 94.10000000149012 -66.10000000149012 17
    endloop
  endfacet
  facet normal 0 0 1
    outer loop
      vertex -96.10000000149012 -65.56410161405802 17
      vertex 96.53504572063684 -65.27341336011887 17
      vertex -94.10000000149012 -63.100000001490116 17
    endloop
  endfacet
  facet normal 0 0 -1
    outer loop
      vertex -95.60000000149012 -64.69807621091604 0
      vertex -97.10000000149012 62.100000001490116 0
      vertex -95.92628429085016 64.48006002604961 0
    endloop
  endfacet
  facet normal -0.7071067811865475 0 -0.7071067811865475
    outer loop
      vertex -98.10000000149012 -62.100000001490116 1
      vertex -98.10000000149012 62.100000001490116 1
      vertex -97.10000000149012 62.100000001490116 0
    endloop
  endfacet
  facet normal 0 0 -1
    outer loop
      vertex -95.92628429085016 64.48006002604961 0
      vertex -81.5 49.5 0
      vertex -81.5 -49.5 0
    endloop
  endfacet
  facet normal 0 0 -1
    outer loop
      vertex -97.10000000149012 62.100000001490116 0
      vertex -97.07433458417654 62.491578578948975 0
      vertex -96.99777747690678 62.87645713984966 0
    endloop
  endfacet
  facet normal 0 0 -1
    outer loop
      vertex -97.10000000149012 62.100000001490116 0
      vertex -96.99777747690678 62.87645713984966 0
      vertex -95.92628429085016 64.48006002604961 0
    endloop
  endfacet
  facet normal 0 0 -1
    outer loop
      vertex -96.99777747690678 62.87645713984966 0
      vertex -96.87163859605789 63.248050302267075 0
      vertex -96.48006002604961 63.92628429085016 0
    endloop
  endfacet
  facet normal 0 0 -1
    outer loop
      vertex -96.87163859605789 63.248050302267075 0
      vertex -96.69807621091604 63.600000001490116 0
      vertex -96.48006002604961 63.92628429085016 0
    endloop
  endfacet
  facet normal 0 0 -1
    outer loop
      vertex -96.99777747690678 62.87645713984966 0
      vertex -96.48006002604961 63.92628429085016 0
      vertex -95.92628429085016 64.48006002604961 0
    endloop
  endfacet
  facet normal -0.706348578407179 0.046296534277531914 -0.7063485801614147
    outer loop
      vertex -97.10000000149012 62.100000001490116 0
      vertex -98.06577944755554 62.62210477143526 1
      vertex -97.07433458417654 62.491578578948975 0
    endloop
  endfacet
  facet normal -0.6942627581814863 0.13809745164064088 -0.7063485799890844
    outer loop
      vertex -97.07433458417654 62.491578578948975 0
      vertex -98.06577944755554 62.62210477143526 1
      vertex -96.99777747690678 62.87645713984966 0
    endloop
  endfacet
  facet normal -0.670297911087513 0.2275354793664046 -0.706348579683726
    outer loop
      vertex -96.99777747690678 62.87645713984966 0
      vertex -97.96370330452919 63.135276183485985 1
      vertex -96.87163859605789 63.248050302267075 0
    endloop
  endfacet
  facet normal -0.6348640791694493 0.3130803181954239 -0.7063485792007933
    outer loop
      vertex -96.87163859605789 63.248050302267075 0
      vertex -97.56410161405802 64.10000000149012 1
      vertex -96.69807621091604 63.600000001490116 0
    endloop
  endfacet
  facet normal -0.5885675535746149 0.39326825333263266 -0.7063485795270584
    outer loop
      vertex -96.69807621091604 63.600000001490116 0
      vertex -97.56410161405802 64.10000000149012 1
      vertex -96.48006002604961 63.92628429085016 0
    endloop
  endfacet
  facet normal 0 0 -1
    outer loop
      vertex -96.48006002604961 63.92628429085016 0
      vertex -96.22132034599781 64.22132034599781 0
      vertex -95.92628429085016 64.48006002604961 0
    endloop
  endfacet
  facet normal 0 0 -1
    outer loop
      vertex -95.92628429085016 64.48006002604961 0
      vertex -95.60000000149012 64.69807621091604 0
      vertex -95.24805030226707 64.87163859605789 0
    endloop
  endfacet
  facet normal 0 0 -1
    outer loop
      vertex -95.92628429085016 64.48006002604961 0
      vertex -95.24805030226707 64.87163859605789 0
      vertex -94.87645713984966 64.99777747690678 0
    endloop
  endfacet
  facet normal -0.5322004596688105 0.4667272838542379 -0.7063485777109998
    outer loop
      vertex -96.48006002604961 63.92628429085016 0
      vertex -97.27341336011887 64.53504572063684 1
      vertex -96.22132034599781 64.22132034599781 0
    endloop
  endfacet
  facet normal -0.4667272838542379 0.5322004596688105 -0.7063485777109998
    outer loop
      vertex -96.22132034599781 64.22132034599781 0
      vertex -96.53504572063684 65.27341336011887 1
      vertex -95.92628429085016 64.48006002604961 0
    endloop
  endfacet
  facet normal -0.39326825333263266 0.5885675535746149 -0.7063485795270584
    outer loop
      vertex -95.92628429085016 64.48006002604961 0
      vertex -96.10000000149012 65.56410161405802 1
      vertex -95.60000000149012 64.69807621091604 0
    endloop
  endfacet
  facet normal -0.3130803181954239 0.6348640791694493 -0.7063485792007933
    outer loop
      vertex -95.60000000149012 64.69807621091604 0
      vertex -96.10000000149012 65.56410161405802 1
      vertex -95.24805030226707 64.87163859605789 0
    endloop
  endfacet
  facet normal -0.2275354793664046 0.670297911087513 -0.706348579683726
    outer loop
      vertex -95.24805030226707 64.87163859605789 0
      vertex -95.13527618348598 65.96370330452919 1
      vertex -94.87645713984966 64.99777747690678 0
    endloop
  endfacet
  facet normal 0 0 -1
    outer loop
      vertex -95.92628429085016 64.48006002604961 0
      vertex -94.87645713984966 64.99777747690678 0
      vertex -94.10000000149012 65.10000000149012 0
    endloop
  endfacet
  facet normal 0 0 -1
    outer loop
      vertex -94.87645713984966 64.99777747690678 0
      vertex -94.49157857894897 65.07433458417654 0
      vertex -94.10000000149012 65.10000000149012 0
    endloop
  endfacet
  facet normal -0.13809745164064088 0.6942627581814863 -0.7063485799890844
    outer loop
      vertex -94.87645713984966 64.99777747690678 0
      vertex -94.62210477143526 66.06577944755554 1
      vertex -94.49157857894897 65.07433458417654 0
    endloop
  endfacet
  facet normal -0.046296534277531914 0.706348578407179 -0.7063485801614147
    outer loop
      vertex -94.49157857894897 65.07433458417654 0
      vertex -94.62210477143526 66.06577944755554 1
      vertex -94.10000000149012 65.10000000149012 0
    endloop
  endfacet
  facet normal -0.7063485793922917 0.04629653098216924 -0.7063485793922917
    outer loop
      vertex -97.10000000149012 62.100000001490116 0
      vertex -98.10000000149012 62.100000001490116 1
      vertex -98.06577944755554 62.62210477143526 1
    endloop
  endfacet
  facet normal -0.6942627582007719 0.13809745231280873 -0.706348579838714
    outer loop
      vertex -96.99777747690678 62.87645713984966 0
      vertex -98.06577944755554 62.62210477143526 1
      vertex -97.96370330452919 63.135276183485985 1
    endloop
  endfacet
  facet normal -0.6702979108614071 0.22753548157073736 -0.706348579188212
    outer loop
      vertex -96.87163859605789 63.248050302267075 0
      vertex -97.96370330452919 63.135276183485985 1
      vertex -97.79551813006401 63.63073372840881 1
    endloop
  endfacet
  facet normal -0.6348640801050566 0.3130803170459419 -0.7063485788693659
    outer loop
      vertex -96.87163859605789 63.248050302267075 0
      vertex -97.79551813006401 63.63073372840881 1
      vertex -97.56410161405802 64.10000000149012 1
    endloop
  endfacet
  facet normal -0.5885675505135392 0.3932682613670784 -0.7063485776044345
    outer loop
      vertex -96.48006002604961 63.92628429085016 0
      vertex -97.56410161405802 64.10000000149012 1
      vertex -97.27341336011887 64.53504572063684 1
    endloop
  endfacet
  facet normal -0.5322004587408181 0.46672728557363985 -0.7063485772740855
    outer loop
      vertex -96.22132034599781 64.22132034599781 0
      vertex -97.27341336011887 64.53504572063684 1
      vertex -96.92842712253332 64.92842712253332 1
    endloop
  endfacet
  facet normal -0.46672728557363985 0.5322004587408181 -0.7063485772740855
    outer loop
      vertex -96.22132034599781 64.22132034599781 0
      vertex -96.92842712253332 64.92842712253332 1
      vertex -96.53504572063684 65.27341336011887 1
    endloop
  endfacet
  facet normal -0.3932682613670784 0.5885675505135392 -0.7063485776044345
    outer loop
      vertex -95.92628429085016 64.48006002604961 0
      vertex -96.53504572063684 65.27341336011887 1
      vertex -96.10000000149012 65.56410161405802 1
    endloop
  endfacet
  facet normal -0.3130803170459419 0.6348640801050566 -0.7063485788693659
    outer loop
      vertex -95.24805030226707 64.87163859605789 0
      vertex -96.10000000149012 65.56410161405802 1
      vertex -95.63073372840881 65.79551813006401 1
    endloop
  endfacet
  facet normal -0.22753548157073736 0.6702979108614071 -0.706348579188212
    outer loop
      vertex -95.24805030226707 64.87163859605789 0
      vertex -95.63073372840881 65.79551813006401 1
      vertex -95.13527618348598 65.96370330452919 1
    endloop
  endfacet
  facet normal -0.13809745231280873 0.6942627582007719 -0.706348579838714
    outer loop
      vertex -94.87645713984966 64.99777747690678 0
      vertex -95.13527618348598 65.96370330452919 1
      vertex -94.62210477143526 66.06577944755554 1
    endloop
  endfacet
  facet normal -0.04629653098216924 0.7063485793922917 -0.7063485793922917
    outer loop
      vertex -94.10000000149012 65.10000000149012 0
      vertex -94.62210477143526 66.06577944755554 1
      vertex -94.10000000149012 66.10000000149012 1
    endloop
  endfacet
  facet normal 0 1 0
    outer loop
      vertex -94.10000000149012 66.10000000149012 1
      vertex -40.75 66.10000000149012 2.6189110890030864
      vertex -40.33939201384783 66.10000000149012 2.4164216384291652
    endloop
  endfacet
  facet normal 0 1 0
    outer loop
      vertex -94.10000000149012 66.10000000149012 1
      vertex -39.45684166997671 66.10000000149012 2.179942981898785
      vertex -39 66.10000000149012 2.1500000000000004
    endloop
  endfacet
  facet normal 0 1 0
    outer loop
      vertex -94.10000000149012 66.10000000149012 1
      vertex -39.90586666017771 66.10000000149012 2.2692596107721332
      vertex -39.45684166997671 66.10000000149012 2.179942981898785
    endloop
  endfacet
  facet normal 0 1 0
    outer loop
      vertex -94.10000000149012 66.10000000149012 1
      vertex -40.33939201384783 66.10000000149012 2.4164216384291652
      vertex -39.90586666017771 66.10000000149012 2.2692596107721332
    endloop
  endfacet
  facet normal 0 1 0
    outer loop
      vertex -94.10000000149012 66.10000000149012 1
      vertex -41.13066500425339 66.10000000149012 2.8732633084058765
      vertex -40.75 66.10000000149012 2.6189110890030864
    endloop
  endfacet
  facet normal 0 1 0
    outer loop
      vertex -94.10000000149012 66.10000000149012 1
      vertex -41.47487373650074 66.10000000149012 3.1751262634992603
      vertex -41.13066500425339 66.10000000149012 2.8732633084058765
    endloop
  endfacet
  facet normal 0 1 0
    outer loop
      vertex -94.10000000149012 66.10000000149012 1
      vertex -41.776736691594124 66.10000000149012 3.519334995746613
      vertex -41.47487373650074 66.10000000149012 3.1751262634992603
    endloop
  endfacet
  facet normal 0 1 0
    outer loop
      vertex -94.10000000149012 66.10000000149012 1
      vertex -42.031088910996914 66.10000000149012 3.9000000000000004
      vertex -41.776736691594124 66.10000000149012 3.519334995746613
    endloop
  endfacet
  facet normal 0 1 0
    outer loop
      vertex -94.10000000149012 66.10000000149012 1
      vertex -42.233578361570835 66.10000000149012 4.310607986152172
      vertex -42.031088910996914 66.10000000149012 3.9000000000000004
    endloop
  endfacet
  facet normal 0 1 0
    outer loop
      vertex -94.10000000149012 66.10000000149012 1
      vertex -42.38074038922787 66.10000000149012 4.744133339822293
      vertex -42.233578361570835 66.10000000149012 4.310607986152172
    endloop
  endfacet
  facet normal 0 1 0
    outer loop
      vertex -94.10000000149012 66.10000000149012 1
      vertex -42.470057018101215 66.10000000149012 5.193158330023289
      vertex -42.38074038922787 66.10000000149012 4.744133339822293
    endloop
  endfacet
  facet normal 0 1 0
    outer loop
      vertex -94.10000000149012 66.10000000149012 1
      vertex -42.5 66.10000000149012 5.65
      vertex -42.470057018101215 66.10000000149012 5.193158330023289
    endloop
  endfacet
  facet normal -0.9978589233184303 0.06540312801222277 0
    outer loop
      vertex -98.10000000149012 62.100000001490116 1
      vertex -98.10000000149012 62.100000001490116 17
      vertex -98.06577944755554 62.62210477143526 1
    endloop
  endfacet
  facet normal -0.9807852794583501 0.1950903267663619 0
    outer loop
      vertex -98.06577944755554 62.62210477143526 1
      vertex -98.06577944755554 62.62210477143526 17
      vertex -97.96370330452919 63.135276183485985 1
    endloop
  endfacet
  facet normal -0.9469301290558149 0.32143946659727024 0
    outer loop
      vertex -97.96370330452919 63.135276183485985 1
      vertex -97.96370330452919 63.135276183485985 17
      vertex -97.79551813006401 63.63073372840881 1
    endloop
  endfacet
  facet normal -0.8968727416500544 0.44228868998100634 0
    outer loop
      vertex -97.79551813006401 63.63073372840881 1
      vertex -97.79551813006401 63.63073372840881 17
      vertex -97.56410161405802 64.10000000149012 1
    endloop
  endfacet
  facet normal -0.831469614167989 0.5555702302277682 0
    outer loop
      vertex -97.56410161405802 64.10000000149012 1
      vertex -97.27341336011887 64.53504572063684 17
      vertex -97.27341336011887 64.53504572063684 1
    endloop
  endfacet
  facet normal -0.7518398007112116 0.6593458228172265 0
    outer loop
      vertex -97.27341336011887 64.53504572063684 1
      vertex -97.27341336011887 64.53504572063684 17
      vertex -96.92842712253332 64.92842712253332 1
    endloop
  endfacet
  facet normal -0.6593458228172265 0.7518398007112116 0
    outer loop
      vertex -96.92842712253332 64.92842712253332 1
      vertex -96.53504572063684 65.27341336011887 17
      vertex -96.53504572063684 65.27341336011887 1
    endloop
  endfacet
  facet normal -0.5555702302277682 0.831469614167989 0
    outer loop
      vertex -96.53504572063684 65.27341336011887 1
      vertex -96.10000000149012 65.56410161405802 17
      vertex -96.10000000149012 65.56410161405802 1
    endloop
  endfacet
  facet normal -0.44228868998100634 0.8968727416500544 0
    outer loop
      vertex -96.10000000149012 65.56410161405802 1
      vertex -96.10000000149012 65.56410161405802 17
      vertex -95.63073372840881 65.79551813006401 1
    endloop
  endfacet
  facet normal -0.32143946659727024 0.9469301290558149 0
    outer loop
      vertex -95.63073372840881 65.79551813006401 1
      vertex -95.13527618348598 65.96370330452919 17
      vertex -95.13527618348598 65.96370330452919 1
    endloop
  endfacet
  facet normal -0.1950903267663619 0.9807852794583501 0
    outer loop
      vertex -95.13527618348598 65.96370330452919 1
      vertex -95.13527618348598 65.96370330452919 17
      vertex -94.62210477143526 66.06577944755554 1
    endloop
  endfacet
  facet normal -0.06540312801222277 0.9978589233184303 0
    outer loop
      vertex -94.62210477143526 66.06577944755554 1
      vertex -94.10000000149012 66.10000000149012 17
      vertex -94.10000000149012 66.10000000149012 1
    endloop
  endfacet
  facet normal 0 1 0
    outer loop
      vertex -94.10000000149012 66.10000000149012 1
      vertex -42.5 66.10000000149012 11.15
      vertex -42.5 66.10000000149012 5.65
    endloop
  endfacet
  facet normal 0 0 -1
    outer loop
      vertex -95.92628429085016 64.48006002604961 0
      vertex -94.10000000149012 65.10000000149012 0
      vertex 95.60000000149012 64.69807621091604 0
    endloop
  endfacet
  facet normal 0 0.7071067811865475 -0.7071067811865475
    outer loop
      vertex -94.10000000149012 65.10000000149012 0
      vertex -94.10000000149012 66.10000000149012 1
      vertex 94.10000000149012 66.10000000149012 1
    endloop
  endfacet
  facet normal 0 0 -1
    outer loop
      vertex -95.92628429085016 64.48006002604961 0
      vertex 95.60000000149012 64.69807621091604 0
      vertex -81.5 49.5 0
    endloop
  endfacet
  facet normal 0 1 0
    outer loop
      vertex -94.10000000149012 66.10000000149012 1
      vertex -39 66.10000000149012 2.1500000000000004
      vertex 39 66.10000000149012 2.1500000000000004
    endloop
  endfacet
  facet normal -1 0 0
    outer loop
      vertex -98.10000000149012 -62.100000001490116 17
      vertex -98.10000000149012 62.100000001490116 17
      vertex -98.10000000149012 62.100000001490116 1
    endloop
  endfacet
  facet normal 0 0 1
    outer loop
      vertex -96.10000000149012 -65.56410161405802 17
      vertex -95.10000000149012 62.100000001490116 17
      vertex -96.53504572063684 65.27341336011887 17
    endloop
  endfacet
  facet normal 0 0 1
    outer loop
      vertex -98.10000000149012 -62.100000001490116 17
      vertex -96.53504572063684 65.27341336011887 17
      vertex -98.10000000149012 62.100000001490116 17
    endloop
  endfacet
  facet normal 0 1 0
    outer loop
      vertex -94.10000000149012 66.10000000149012 1
      vertex -94.10000000149012 66.10000000149012 17
      vertex -42.5 66.10000000149012 11.15
    endloop
  endfacet
  facet normal -0.9978589233184303 0.06540312801222277 0
    outer loop
      vertex -98.06577944755554 62.62210477143526 1
      vertex -98.10000000149012 62.100000001490116 17
      vertex -98.06577944755554 62.62210477143526 17
    endloop
  endfacet
  facet normal -0.9807852794583501 0.1950903267663619 0
    outer loop
      vertex -97.96370330452919 63.135276183485985 1
      vertex -98.06577944755554 62.62210477143526 17
      vertex -97.96370330452919 63.135276183485985 17
    endloop
  endfacet
  facet normal -0.9469301290558149 0.32143946659727024 0
    outer loop
      vertex -97.79551813006401 63.63073372840881 1
      vertex -97.96370330452919 63.135276183485985 17
      vertex -97.79551813006401 63.63073372840881 17
    endloop
  endfacet
  facet normal -0.8968727416500544 0.44228868998100634 0
    outer loop
      vertex -97.56410161405802 64.10000000149012 1
      vertex -97.79551813006401 63.63073372840881 17
      vertex -97.56410161405802 64.10000000149012 17
    endloop
  endfacet
  facet normal -0.831469614167989 0.5555702302277682 0
    outer loop
      vertex -97.56410161405802 64.10000000149012 1
      vertex -97.56410161405802 64.10000000149012 17
      vertex -97.27341336011887 64.53504572063684 17
    endloop
  endfacet
  facet normal -0.7518398007112116 0.6593458228172265 0
    outer loop
      vertex -96.92842712253332 64.92842712253332 1
      vertex -97.27341336011887 64.53504572063684 17
      vertex -96.92842712253332 64.92842712253332 17
    endloop
  endfacet
  facet normal -0.6593458228172265 0.7518398007112116 0
    outer loop
      vertex -96.92842712253332 64.92842712253332 1
      vertex -96.92842712253332 64.92842712253332 17
      vertex -96.53504572063684 65.27341336011887 17
    endloop
  endfacet
  facet normal -0.5555702302277682 0.831469614167989 0
    outer loop
      vertex -96.53504572063684 65.27341336011887 1
      vertex -96.53504572063684 65.27341336011887 17
      vertex -96.10000000149012 65.56410161405802 17
    endloop
  endfacet
  facet normal -0.44228868998100634 0.8968727416500544 0
    outer loop
      vertex -95.63073372840881 65.79551813006401 1
      vertex -96.10000000149012 65.56410161405802 17
      vertex -95.63073372840881 65.79551813006401 17
    endloop
  endfacet
  facet normal -0.32143946659727024 0.9469301290558149 0
    outer loop
      vertex -95.63073372840881 65.79551813006401 1
      vertex -95.63073372840881 65.79551813006401 17
      vertex -95.13527618348598 65.96370330452919 17
    endloop
  endfacet
  facet normal -0.1950903267663619 0.9807852794583501 0
    outer loop
      vertex -94.62210477143526 66.06577944755554 1
      vertex -95.13527618348598 65.96370330452919 17
      vertex -94.62210477143526 66.06577944755554 17
    endloop
  endfacet
  facet normal -0.06540312801222277 0.9978589233184303 0
    outer loop
      vertex -94.62210477143526 66.06577944755554 1
      vertex -94.62210477143526 66.06577944755554 17
      vertex -94.10000000149012 66.10000000149012 17
    endloop
  endfacet
  facet normal 0 0 1
    outer loop
      vertex -98.10000000149012 62.100000001490116 17
      vertex -97.96370330452919 63.135276183485985 17
      vertex -98.06577944755554 62.62210477143526 17
    endloop
  endfacet
  facet normal 0 0 1
    outer loop
      vertex -98.10000000149012 62.100000001490116 17
      vertex -97.79551813006401 63.63073372840881 17
      vertex -97.96370330452919 63.135276183485985 17
    endloop
  endfacet
  facet normal 0 0 1
    outer loop
      vertex -98.10000000149012 62.100000001490116 17
      vertex -96.53504572063684 65.27341336011887 17
      vertex -97.79551813006401 63.63073372840881 17
    endloop
  endfacet
  facet normal 0 0 1
    outer loop
      vertex -96.53504572063684 65.27341336011887 17
      vertex -95.10000000149012 62.100000001490116 17
      vertex -95.09144486486912 62.2305261939764 17
    endloop
  endfacet
  facet normal 0 0 1
    outer loop
      vertex -96.53504572063684 65.27341336011887 17
      vertex -95.06592582911253 62.35881904512644 17
      vertex -95.02387953549623 62.482683435082436 17
    endloop
  endfacet
  facet normal 0 0 1
    outer loop
      vertex -96.53504572063684 65.27341336011887 17
      vertex -95.09144486486912 62.2305261939764 17
      vertex -95.06592582911253 62.35881904512644 17
    endloop
  endfacet
  facet normal 0 0 1
    outer loop
      vertex -96.53504572063684 65.27341336011887 17
      vertex -95.02387953549623 62.482683435082436 17
      vertex -94.96602540463209 62.600000001490116 17
    endloop
  endfacet
  facet normal 0 0 1
    outer loop
      vertex -96.53504572063684 65.27341336011887 17
      vertex -94.96602540463209 62.600000001490116 17
      vertex -94.89335334300995 62.7087614312768 17
    endloop
  endfacet
  facet normal 0 0 1
    outer loop
      vertex -96.53504572063684 65.27341336011887 17
      vertex -94.89335334300995 62.7087614312768 17
      vertex -94.80710678547621 62.80710678547621 17
    endloop
  endfacet
  facet normal 0 0 1
    outer loop
      vertex -96.53504572063684 65.27341336011887 17
      vertex -94.7087614312768 62.89335334300995 17
      vertex -94.60000000149012 62.96602540463209 17
    endloop
  endfacet
  facet normal 0 0 1
    outer loop
      vertex -96.53504572063684 65.27341336011887 17
      vertex -94.80710678547621 62.80710678547621 17
      vertex -94.7087614312768 62.89335334300995 17
    endloop
  endfacet
  facet normal 0 0 1
    outer loop
      vertex -96.53504572063684 65.27341336011887 17
      vertex -94.60000000149012 62.96602540463209 17
      vertex -94.48268343508244 63.023879535496235 17
    endloop
  endfacet
  facet normal 0 0 1
    outer loop
      vertex -96.53504572063684 65.27341336011887 17
      vertex -94.35881904512644 63.06592582911253 17
      vertex -94.2305261939764 63.09144486486912 17
    endloop
  endfacet
  facet normal 0 0 1
    outer loop
      vertex -96.53504572063684 65.27341336011887 17
      vertex -94.48268343508244 63.023879535496235 17
      vertex -94.35881904512644 63.06592582911253 17
    endloop
  endfacet
  facet normal 0 0 1
    outer loop
      vertex -97.79551813006401 63.63073372840881 17
      vertex -97.27341336011887 64.53504572063684 17
      vertex -97.56410161405802 64.10000000149012 17
    endloop
  endfacet
  facet normal 0 0 1
    outer loop
      vertex -97.79551813006401 63.63073372840881 17
      vertex -96.53504572063684 65.27341336011887 17
      vertex -97.27341336011887 64.53504572063684 17
    endloop
  endfacet
  facet normal 0 0 1
    outer loop
      vertex -97.27341336011887 64.53504572063684 17
      vertex -96.53504572063684 65.27341336011887 17
      vertex -96.92842712253332 64.92842712253332 17
    endloop
  endfacet
  facet normal 0 0 1
    outer loop
      vertex -96.53504572063684 65.27341336011887 17
      vertex -95.13527618348598 65.96370330452919 17
      vertex -96.10000000149012 65.56410161405802 17
    endloop
  endfacet
  facet normal 0 0 1
    outer loop
      vertex -96.10000000149012 65.56410161405802 17
      vertex -95.13527618348598 65.96370330452919 17
      vertex -95.63073372840881 65.79551813006401 17
    endloop
  endfacet
  facet normal 0 0 1
    outer loop
      vertex -96.53504572063684 65.27341336011887 17
      vertex -94.10000000149012 66.10000000149012 17
      vertex -95.13527618348598 65.96370330452919 17
    endloop
  endfacet
  facet normal 0 0 1
    outer loop
      vertex -96.53504572063684 65.27341336011887 17
      vertex -94.2305261939764 63.09144486486912 17
      vertex -94.10000000149012 63.100000001490116 17
    endloop
  endfacet
  facet normal 0 0 1
    outer loop
      vertex -95.13527618348598 65.96370330452919 17
      vertex -94.10000000149012 66.10000000149012 17
      vertex -94.62210477143526 66.06577944755554 17
    endloop
  endfacet
  facet normal 0 1 0
    outer loop
      vertex -94.10000000149012 66.10000000149012 17
      vertex -42.470057018101215 66.10000000149012 11.606841669976712
      vertex -42.5 66.10000000149012 11.15
    endloop
  endfacet
  facet normal 0 1 0
    outer loop
      vertex -94.10000000149012 66.10000000149012 17
      vertex -42.38074038922787 66.10000000149012 12.055866660177708
      vertex -42.470057018101215 66.10000000149012 11.606841669976712
    endloop
  endfacet
  facet normal 0 1 0
    outer loop
      vertex -94.10000000149012 66.10000000149012 17
      vertex -42.233578361570835 66.10000000149012 12.489392013847828
      vertex -42.38074038922787 66.10000000149012 12.055866660177708
    endloop
  endfacet
  facet normal 0 1 0
    outer loop
      vertex -94.10000000149012 66.10000000149012 17
      vertex -42.031088910996914 66.10000000149012 12.9
      vertex -42.233578361570835 66.10000000149012 12.489392013847828
    endloop
  endfacet
  facet normal 0 1 0
    outer loop
      vertex -94.10000000149012 66.10000000149012 17
      vertex -41.776736691594124 66.10000000149012 13.280665004253388
      vertex -42.031088910996914 66.10000000149012 12.9
    endloop
  endfacet
  facet normal 0 1 0
    outer loop
      vertex -94.10000000149012 66.10000000149012 17
      vertex -41.47487373650074 66.10000000149012 13.62487373650074
      vertex -41.776736691594124 66.10000000149012 13.280665004253388
    endloop
  endfacet
  facet normal 0 1 0
    outer loop
      vertex -94.10000000149012 66.10000000149012 17
      vertex -41.13066500425339 66.10000000149012 13.926736691594124
      vertex -41.47487373650074 66.10000000149012 13.62487373650074
    endloop
  endfacet
  facet normal 0 1 0
    outer loop
      vertex -94.10000000149012 66.10000000149012 17
      vertex -40.75 66.10000000149012 14.181088910996914
      vertex -41.13066500425339 66.10000000149012 13.926736691594124
    endloop
  endfacet
  facet normal 0 1 0
    outer loop
      vertex -94.10000000149012 66.10000000149012 17
      vertex -40.33939201384783 66.10000000149012 14.383578361570835
      vertex -40.75 66.10000000149012 14.181088910996914
    endloop
  endfacet
  facet normal 0 1 0
    outer loop
      vertex -94.10000000149012 66.10000000149012 17
      vertex -39.90586666017771 66.10000000149012 14.530740389227867
      vertex -40.33939201384783 66.10000000149012 14.383578361570835
    endloop
  endfacet
  facet normal 0 1 0
    outer loop
      vertex -94.10000000149012 66.10000000149012 17
      vertex -39.45684166997671 66.10000000149012 14.620057018101216
      vertex -39.90586666017771 66.10000000149012 14.530740389227867
    endloop
  endfacet
  facet normal 0 1 0
    outer loop
      vertex -94.10000000149012 66.10000000149012 17
      vertex -39 66.10000000149012 14.65
      vertex -39.45684166997671 66.10000000149012 14.620057018101216
    endloop
  endfacet
  facet normal 0 0 1
    outer loop
      vertex -96.53504572063684 65.27341336011887 17
      vertex -94.10000000149012 63.100000001490116 17
      vertex 94.10000000149012 63.100000001490116 17
    endloop
  endfacet
  facet normal 0 0 1
    outer loop
      vertex -96.53504572063684 65.27341336011887 17
      vertex 96.10000000149012 65.56410161405802 17
      vertex -94.10000000149012 66.10000000149012 17
    endloop
  endfacet
  facet normal 0 1 0
    outer loop
      vertex -94.10000000149012 66.10000000149012 17
      vertex 94.10000000149012 66.10000000149012 17
      vertex -39 66.10000000149012 14.65
    endloop
  endfacet
  facet normal 0 0 -1
    outer loop
      vertex -95.60000000149012 -64.69807621091604 0
      vertex 81.5 -49.5 0
      vertex 95.92628429085016 -64.48006002604961 0
    endloop
  endfacet
  facet normal 0 0 -1
    outer loop
      vertex -95.60000000149012 -64.69807621091604 0
      vertex 95.92628429085016 -64.48006002604961 0
      vertex 94.10000000149012 -65.10000000149012 0
    endloop
  endfacet
  facet normal 0 -0.7071067811865475 -0.7071067811865475
    outer loop
      vertex -94.10000000149012 -66.10000000149012 1
      vertex 94.10000000149012 -65.10000000149012 0
      vertex 94.10000000149012 -66.10000000149012 1
    endloop
  endfacet
  facet normal 0 -1 0
    outer loop
      vertex -94.10000000149012 -66.10000000149012 1
      vertex 94.10000000149012 -66.10000000149012 1
      vertex 94.10000000149012 -66.10000000149012 17
    endloop
  endfacet
  facet normal 0 0 -1
    outer loop
      vertex 94.10000000149012 -65.10000000149012 0
      vertex 94.87645713984966 -64.99777747690678 0
      vertex 94.49157857894897 -65.07433458417654 0
    endloop
  endfacet
  facet normal 0 0 -1
    outer loop
      vertex 94.10000000149012 -65.10000000149012 0
      vertex 95.92628429085016 -64.48006002604961 0
      vertex 94.87645713984966 -64.99777747690678 0
    endloop
  endfacet
  facet normal 0.046296534277531914 -0.706348578407179 -0.7063485801614147
    outer loop
      vertex 94.10000000149012 -65.10000000149012 0
      vertex 94.49157857894897 -65.07433458417654 0
      vertex 94.62210477143526 -66.06577944755554 1
    endloop
  endfacet
  facet normal 0.13809745164064088 -0.6942627581814863 -0.7063485799890844
    outer loop
      vertex 94.49157857894897 -65.07433458417654 0
      vertex 94.87645713984966 -64.99777747690678 0
      vertex 94.62210477143526 -66.06577944755554 1
    endloop
  endfacet
  facet normal 0 0 -1
    outer loop
      vertex 94.87645713984966 -64.99777747690678 0
      vertex 95.92628429085016 -64.48006002604961 0
      vertex 95.24805030226707 -64.87163859605789 0
    endloop
  endfacet
  facet normal 0 0 -1
    outer loop
      vertex 95.24805030226707 -64.87163859605789 0
      vertex 95.92628429085016 -64.48006002604961 0
      vertex 95.60000000149012 -64.69807621091604 0
    endloop
  endfacet
  facet normal 0 0 -1
    outer loop
      vertex 95.92628429085016 -64.48006002604961 0
      vertex 96.48006002604961 -63.92628429085016 0
      vertex 96.22132034599781 -64.22132034599781 0
    endloop
  endfacet
  facet normal 0.2275354793664046 -0.670297911087513 -0.706348579683726
    outer loop
      vertex 94.87645713984966 -64.99777747690678 0
      vertex 95.24805030226707 -64.87163859605789 0
      vertex 95.13527618348598 -65.96370330452919 1
    endloop
  endfacet
  facet normal 0.3130803181954239 -0.6348640791694493 -0.7063485792007933
    outer loop
      vertex 95.24805030226707 -64.87163859605789 0
      vertex 95.60000000149012 -64.69807621091604 0
      vertex 96.10000000149012 -65.56410161405802 1
    endloop
  endfacet
  facet normal 0.39326825333263266 -0.5885675535746149 -0.7063485795270584
    outer loop
      vertex 95.60000000149012 -64.69807621091604 0
      vertex 95.92628429085016 -64.48006002604961 0
      vertex 96.10000000149012 -65.56410161405802 1
    endloop
  endfacet
  facet normal 0.4667272838542379 -0.5322004596688105 -0.7063485777109998
    outer loop
      vertex 95.92628429085016 -64.48006002604961 0
      vertex 96.22132034599781 -64.22132034599781 0
      vertex 96.53504572063684 -65.27341336011887 1
    endloop
  endfacet
  facet normal 0.5322004596688105 -0.4667272838542379 -0.7063485777109998
    outer loop
      vertex 96.22132034599781 -64.22132034599781 0
      vertex 96.48006002604961 -63.92628429085016 0
      vertex 97.27341336011887 -64.53504572063684 1
    endloop
  endfacet
  facet normal 0 0 -1
    outer loop
      vertex 95.92628429085016 -64.48006002604961 0
      vertex 96.99777747690678 -62.87645713984966 0
      vertex 96.48006002604961 -63.92628429085016 0
    endloop
  endfacet
  facet normal 0 0 -1
    outer loop
      vertex 96.48006002604961 -63.92628429085016 0
      vertex 96.87163859605789 -63.248050302267075 0
      vertex 96.69807621091604 -63.600000001490116 0
    endloop
  endfacet
  facet normal 0 0 -1
    outer loop
      vertex 96.48006002604961 -63.92628429085016 0
      vertex 96.99777747690678 -62.87645713984966 0
      vertex 96.87163859605789 -63.248050302267075 0
    endloop
  endfacet
  facet normal 0 0 -1
    outer loop
      vertex 95.92628429085016 -64.48006002604961 0
      vertex 97.10000000149012 -62.100000001490116 0
      vertex 96.99777747690678 -62.87645713984966 0
    endloop
  endfacet
  facet normal 0 0 -1
    outer loop
      vertex 96.99777747690678 -62.87645713984966 0
      vertex 97.10000000149012 -62.100000001490116 0
      vertex 97.07433458417654 -62.491578578948975 0
    endloop
  endfacet
  facet normal 0.5885675535746149 -0.39326825333263266 -0.7063485795270584
    outer loop
      vertex 96.48006002604961 -63.92628429085016 0
      vertex 96.69807621091604 -63.600000001490116 0
      vertex 97.56410161405802 -64.10000000149012 1
    endloop
  endfacet
  facet normal 0.6348640791694493 -0.3130803181954239 -0.7063485792007933
    outer loop
      vertex 96.69807621091604 -63.600000001490116 0
      vertex 96.87163859605789 -63.248050302267075 0
      vertex 97.56410161405802 -64.10000000149012 1
    endloop
  endfacet
  facet normal 0.670297911087513 -0.2275354793664046 -0.706348579683726
    outer loop
      vertex 96.87163859605789 -63.248050302267075 0
      vertex 96.99777747690678 -62.87645713984966 0
      vertex 97.96370330452919 -63.135276183485985 1
    endloop
  endfacet
  facet normal 0.6942627581814863 -0.13809745164064088 -0.7063485799890844
    outer loop
      vertex 96.99777747690678 -62.87645713984966 0
      vertex 97.07433458417654 -62.491578578948975 0
      vertex 98.06577944755554 -62.62210477143526 1
    endloop
  endfacet
  facet normal 0.706348578407179 -0.046296534277531914 -0.7063485801614147
    outer loop
      vertex 97.07433458417654 -62.491578578948975 0
      vertex 97.10000000149012 -62.100000001490116 0
      vertex 98.06577944755554 -62.62210477143526 1
    endloop
  endfacet
  facet normal 0.04629653098216924 -0.7063485793922917 -0.7063485793922917
    outer loop
      vertex 94.10000000149012 -65.10000000149012 0
      vertex 94.62210477143526 -66.06577944755554 1
      vertex 94.10000000149012 -66.10000000149012 1
    endloop
  endfacet
  facet normal 0.13809745231280873 -0.6942627582007719 -0.706348579838714
    outer loop
      vertex 94.87645713984966 -64.99777747690678 0
      vertex 95.13527618348598 -65.96370330452919 1
      vertex 94.62210477143526 -66.06577944755554 1
    endloop
  endfacet
  facet normal 0.22753548157073736 -0.6702979108614071 -0.706348579188212
    outer loop
      vertex 95.24805030226707 -64.87163859605789 0
      vertex 95.63073372840881 -65.79551813006401 1
      vertex 95.13527618348598 -65.96370330452919 1
    endloop
  endfacet
  facet normal 0.3130803170459419 -0.6348640801050566 -0.7063485788693659
    outer loop
      vertex 95.24805030226707 -64.87163859605789 0
      vertex 96.10000000149012 -65.56410161405802 1
      vertex 95.63073372840881 -65.79551813006401 1
    endloop
  endfacet
  facet normal 0.3932682613670784 -0.5885675505135392 -0.7063485776044345
    outer loop
      vertex 95.92628429085016 -64.48006002604961 0
      vertex 96.53504572063684 -65.27341336011887 1
      vertex 96.10000000149012 -65.56410161405802 1
    endloop
  endfacet
  facet normal 0.46672728557363985 -0.5322004587408181 -0.7063485772740855
    outer loop
      vertex 96.22132034599781 -64.22132034599781 0
      vertex 96.92842712253332 -64.92842712253332 1
      vertex 96.53504572063684 -65.27341336011887 1
    endloop
  endfacet
  facet normal 0.5322004587408181 -0.46672728557363985 -0.7063485772740855
    outer loop
      vertex 96.22132034599781 -64.22132034599781 0
      vertex 97.27341336011887 -64.53504572063684 1
      vertex 96.92842712253332 -64.92842712253332 1
    endloop
  endfacet
  facet normal 0.5885675505135392 -0.3932682613670784 -0.7063485776044345
    outer loop
      vertex 96.48006002604961 -63.92628429085016 0
      vertex 97.56410161405802 -64.10000000149012 1
      vertex 97.27341336011887 -64.53504572063684 1
    endloop
  endfacet
  facet normal 0.6348640801050566 -0.3130803170459419 -0.7063485788693659
    outer loop
      vertex 96.87163859605789 -63.248050302267075 0
      vertex 97.79551813006401 -63.63073372840881 1
      vertex 97.56410161405802 -64.10000000149012 1
    endloop
  endfacet
  facet normal 0.6702979108614071 -0.22753548157073736 -0.706348579188212
    outer loop
      vertex 96.87163859605789 -63.248050302267075 0
      vertex 97.96370330452919 -63.135276183485985 1
      vertex 97.79551813006401 -63.63073372840881 1
    endloop
  endfacet
  facet normal 0.6942627582007719 -0.13809745231280873 -0.706348579838714
    outer loop
      vertex 96.99777747690678 -62.87645713984966 0
      vertex 98.06577944755554 -62.62210477143526 1
      vertex 97.96370330452919 -63.135276183485985 1
    endloop
  endfacet
  facet normal 0.7063485793922917 -0.04629653098216924 -0.7063485793922917
    outer loop
      vertex 97.10000000149012 -62.100000001490116 0
      vertex 98.10000000149012 -62.100000001490116 1
      vertex 98.06577944755554 -62.62210477143526 1
    endloop
  endfacet
  facet normal 0.06540312801222277 -0.9978589233184303 0
    outer loop
      vertex 94.10000000149012 -66.10000000149012 1
      vertex 94.62210477143526 -66.06577944755554 1
      vertex 94.10000000149012 -66.10000000149012 17
    endloop
  endfacet
  facet normal 0.1950903267663619 -0.9807852794583501 0
    outer loop
      vertex 94.62210477143526 -66.06577944755554 1
      vertex 95.13527618348598 -65.96370330452919 1
      vertex 95.13527618348598 -65.96370330452919 17
    endloop
  endfacet
  facet normal 0.32143946659727024 -0.9469301290558149 0
    outer loop
      vertex 95.13527618348598 -65.96370330452919 1
      vertex 95.63073372840881 -65.79551813006401 1
      vertex 95.13527618348598 -65.96370330452919 17
    endloop
  endfacet
  facet normal 0.44228868998100634 -0.8968727416500544 0
    outer loop
      vertex 95.63073372840881 -65.79551813006401 1
      vertex 96.10000000149012 -65.56410161405802 1
      vertex 96.10000000149012 -65.56410161405802 17
    endloop
  endfacet
  facet normal 0.5555702302277682 -0.831469614167989 0
    outer loop
      vertex 96.10000000149012 -65.56410161405802 1
      vertex 96.53504572063684 -65.27341336011887 1
      vertex 96.10000000149012 -65.56410161405802 17
    endloop
  endfacet
  facet normal 0.6593458228172265 -0.7518398007112116 0
    outer loop
      vertex 96.53504572063684 -65.27341336011887 1
      vertex 96.92842712253332 -64.92842712253332 1
      vertex 96.53504572063684 -65.27341336011887 17
    endloop
  endfacet
  facet normal 0.7518398007112116 -0.6593458228172265 0
    outer loop
      vertex 96.92842712253332 -64.92842712253332 1
      vertex 97.27341336011887 -64.53504572063684 1
      vertex 96.92842712253332 -64.92842712253332 17
    endloop
  endfacet
  facet normal 0.831469614167989 -0.5555702302277682 0
    outer loop
      vertex 97.27341336011887 -64.53504572063684 1
      vertex 97.56410161405802 -64.10000000149012 1
      vertex 97.56410161405802 -64.10000000149012 17
    endloop
  endfacet
  facet normal 0.8968727416500544 -0.44228868998100634 0
    outer loop
      vertex 97.56410161405802 -64.10000000149012 1
      vertex 97.79551813006401 -63.63073372840881 1
      vertex 97.56410161405802 -64.10000000149012 17
    endloop
  endfacet
  facet normal 0.9469301290558149 -0.32143946659727024 0
    outer loop
      vertex 97.79551813006401 -63.63073372840881 1
      vertex 97.96370330452919 -63.135276183485985 1
      vertex 97.79551813006401 -63.63073372840881 17
    endloop
  endfacet
  facet normal 0.9807852794583501 -0.1950903267663619 0
    outer loop
      vertex 97.96370330452919 -63.135276183485985 1
      vertex 98.06577944755554 -62.62210477143526 1
      vertex 98.06577944755554 -62.62210477143526 17
    endloop
  endfacet
  facet normal 0.9978589233184303 -0.06540312801222277 0
    outer loop
      vertex 98.06577944755554 -62.62210477143526 1
      vertex 98.10000000149012 -62.100000001490116 1
      vertex 98.10000000149012 -62.100000001490116 17
    endloop
  endfacet
  facet normal 0 0 -1
    outer loop
      vertex 95.92628429085016 -64.48006002604961 0
      vertex 81.5 -49.5 0
      vertex 81.5 49.5 0
    endloop
  endfacet
  facet normal 0 0 -1
    outer loop
      vertex 95.92628429085016 -64.48006002604961 0
      vertex 97.10000000149012 62.100000001490116 0
      vertex 97.10000000149012 -62.100000001490116 0
    endloop
  endfacet
  facet normal 0.7071067811865475 0 -0.7071067811865475
    outer loop
      vertex 97.10000000149012 -62.100000001490116 0
      vertex 97.10000000149012 62.100000001490116 0
      vertex 98.10000000149012 -62.100000001490116 1
    endloop
  endfacet
  facet normal 0 0 1
    outer loop
      vertex -96.10000000149012 -65.56410161405802 17
      vertex 94.10000000149012 -66.10000000149012 17
      vertex 96.53504572063684 -65.27341336011887 17
    endloop
  endfacet
  facet normal 0 0 1
    outer loop
      vertex 96.53504572063684 -65.27341336011887 17
      vertex 94.10000000149012 -63.100000001490116 17
      vertex -94.10000000149012 -63.100000001490116 17
    endloop
  endfacet
  facet normal 0.06540312801222277 -0.9978589233184303 0
    outer loop
      vertex 94.62210477143526 -66.06577944755554 1
      vertex 94.62210477143526 -66.06577944755554 17
      vertex 94.10000000149012 -66.10000000149012 17
    endloop
  endfacet
  facet normal 0.1950903267663619 -0.9807852794583501 0
    outer loop
      vertex 94.62210477143526 -66.06577944755554 1
      vertex 95.13527618348598 -65.96370330452919 17
      vertex 94.62210477143526 -66.06577944755554 17
    endloop
  endfacet
  facet normal 0.32143946659727024 -0.9469301290558149 0
    outer loop
      vertex 95.63073372840881 -65.79551813006401 1
      vertex 95.63073372840881 -65.79551813006401 17
      vertex 95.13527618348598 -65.96370330452919 17
    endloop
  endfacet
  facet normal 0.44228868998100634 -0.8968727416500544 0
    outer loop
      vertex 95.63073372840881 -65.79551813006401 1
      vertex 96.10000000149012 -65.56410161405802 17
      vertex 95.63073372840881 -65.79551813006401 17
    endloop
  endfacet
  facet normal 0.5555702302277682 -0.831469614167989 0
    outer loop
      vertex 96.53504572063684 -65.27341336011887 1
      vertex 96.53504572063684 -65.27341336011887 17
      vertex 96.10000000149012 -65.56410161405802 17
    endloop
  endfacet
  facet normal 0.6593458228172265 -0.7518398007112116 0
    outer loop
      vertex 96.92842712253332 -64.92842712253332 1
      vertex 96.92842712253332 -64.92842712253332 17
      vertex 96.53504572063684 -65.27341336011887 17
    endloop
  endfacet
  facet normal 0.7518398007112116 -0.6593458228172265 0
    outer loop
      vertex 97.27341336011887 -64.53504572063684 1
      vertex 97.27341336011887 -64.53504572063684 17
      vertex 96.92842712253332 -64.92842712253332 17
    endloop
  endfacet
  facet normal 0.831469614167989 -0.5555702302277682 0
    outer loop
      vertex 97.27341336011887 -64.53504572063684 1
      vertex 97.56410161405802 -64.10000000149012 17
      vertex 97.27341336011887 -64.53504572063684 17
    endloop
  endfacet
  facet normal 0.8968727416500544 -0.44228868998100634 0
    outer loop
      vertex 97.79551813006401 -63.63073372840881 1
      vertex 97.79551813006401 -63.63073372840881 17
      vertex 97.56410161405802 -64.10000000149012 17
    endloop
  endfacet
  facet normal 0.9469301290558149 -0.32143946659727024 0
    outer loop
      vertex 97.96370330452919 -63.135276183485985 1
      vertex 97.96370330452919 -63.135276183485985 17
      vertex 97.79551813006401 -63.63073372840881 17
    endloop
  endfacet
  facet normal 0.9807852794583501 -0.1950903267663619 0
    outer loop
      vertex 97.96370330452919 -63.135276183485985 1
      vertex 98.06577944755554 -62.62210477143526 17
      vertex 97.96370330452919 -63.135276183485985 17
    endloop
  endfacet
  facet normal 0.9978589233184303 -0.06540312801222277 0
    outer loop
      vertex 98.06577944755554 -62.62210477143526 1
      vertex 98.10000000149012 -62.100000001490116 17
      vertex 98.06577944755554 -62.62210477143526 17
    endloop
  endfacet
  facet normal 0 0 1
    outer loop
      vertex 94.10000000149012 -66.10000000149012 17
      vertex 94.62210477143526 -66.06577944755554 17
      vertex 95.13527618348598 -65.96370330452919 17
    endloop
  endfacet
  facet normal 0 0 1
    outer loop
      vertex 96.53504572063684 -65.27341336011887 17
      vertex 94.2305261939764 -63.09144486486912 17
      vertex 94.10000000149012 -63.100000001490116 17
    endloop
  endfacet
  facet normal 0 0 1
    outer loop
      vertex 94.10000000149012 -66.10000000149012 17
      vertex 95.13527618348598 -65.96370330452919 17
      vertex 96.53504572063684 -65.27341336011887 17
    endloop
  endfacet
  facet normal 0 0 1
    outer loop
      vertex 95.13527618348598 -65.96370330452919 17
      vertex 95.63073372840881 -65.79551813006401 17
      vertex 96.10000000149012 -65.56410161405802 17
    endloop
  endfacet
  facet normal 0 0 1
    outer loop
      vertex 95.13527618348598 -65.96370330452919 17
      vertex 96.10000000149012 -65.56410161405802 17
      vertex 96.53504572063684 -65.27341336011887 17
    endloop
  endfacet
  facet normal 0 0 1
    outer loop
      vertex 96.53504572063684 -65.27341336011887 17
      vertex 96.92842712253332 -64.92842712253332 17
      vertex 97.27341336011887 -64.53504572063684 17
    endloop
  endfacet
  facet normal 0 0 1
    outer loop
      vertex 96.53504572063684 -65.27341336011887 17
      vertex 97.27341336011887 -64.53504572063684 17
      vertex 97.79551813006401 -63.63073372840881 17
    endloop
  endfacet
  facet normal 0 0 1
    outer loop
      vertex 97.27341336011887 -64.53504572063684 17
      vertex 97.56410161405802 -64.10000000149012 17
      vertex 97.79551813006401 -63.63073372840881 17
    endloop
  endfacet
  facet normal 0 0 1
    outer loop
      vertex 96.53504572063684 -65.27341336011887 17
      vertex 94.35881904512644 -63.06592582911253 17
      vertex 94.2305261939764 -63.09144486486912 17
    endloop
  endfacet
  facet normal 0 0 1
    outer loop
      vertex 96.53504572063684 -65.27341336011887 17
      vertex 94.48268343508244 -63.023879535496235 17
      vertex 94.35881904512644 -63.06592582911253 17
    endloop
  endfacet
  facet normal 0 0 1
    outer loop
      vertex 96.53504572063684 -65.27341336011887 17
      vertex 94.60000000149012 -62.96602540463209 17
      vertex 94.48268343508244 -63.023879535496235 17
    endloop
  endfacet
  facet normal 0 0 1
    outer loop
      vertex 96.53504572063684 -65.27341336011887 17
      vertex 94.7087614312768 -62.89335334300995 17
      vertex 94.60000000149012 -62.96602540463209 17
    endloop
  endfacet
  facet normal 0 0 1
    outer loop
      vertex 96.53504572063684 -65.27341336011887 17
      vertex 94.80710678547621 -62.80710678547621 17
      vertex 94.7087614312768 -62.89335334300995 17
    endloop
  endfacet
  facet normal 0 0 1
    outer loop
      vertex 96.53504572063684 -65.27341336011887 17
      vertex 94.89335334300995 -62.7087614312768 17
      vertex 94.80710678547621 -62.80710678547621 17
    endloop
  endfacet
  facet normal 0 0 1
    outer loop
      vertex 96.53504572063684 -65.27341336011887 17
      vertex 94.96602540463209 -62.600000001490116 17
      vertex 94.89335334300995 -62.7087614312768 17
    endloop
  endfacet
  facet normal 0 0 1
    outer loop
      vertex 96.53504572063684 -65.27341336011887 17
      vertex 95.02387953549623 -62.482683435082436 17
      vertex 94.96602540463209 -62.600000001490116 17
    endloop
  endfacet
  facet normal 0 0 1
    outer loop
      vertex 96.53504572063684 -65.27341336011887 17
      vertex 95.06592582911253 -62.35881904512644 17
      vertex 95.02387953549623 -62.482683435082436 17
    endloop
  endfacet
  facet normal 0 0 1
    outer loop
      vertex 96.53504572063684 -65.27341336011887 17
      vertex 95.09144486486912 -62.2305261939764 17
      vertex 95.06592582911253 -62.35881904512644 17
    endloop
  endfacet
  facet normal 0 0 1
    outer loop
      vertex 96.53504572063684 -65.27341336011887 17
      vertex 95.10000000149012 -62.100000001490116 17
      vertex 95.09144486486912 -62.2305261939764 17
    endloop
  endfacet
  facet normal 0 0 1
    outer loop
      vertex 96.53504572063684 -65.27341336011887 17
      vertex 97.79551813006401 -63.63073372840881 17
      vertex 98.10000000149012 -62.100000001490116 17
    endloop
  endfacet
  facet normal 0 0 1
    outer loop
      vertex 97.79551813006401 -63.63073372840881 17
      vertex 97.96370330452919 -63.135276183485985 17
      vertex 98.06577944755554 -62.62210477143526 17
    endloop
  endfacet
  facet normal 0 0 1
    outer loop
      vertex 97.79551813006401 -63.63073372840881 17
      vertex 98.06577944755554 -62.62210477143526 17
      vertex 98.10000000149012 -62.100000001490116 17
    endloop
  endfacet
  facet normal 1 0 0
    outer loop
      vertex 98.10000000149012 -62.100000001490116 1
      vertex 98.10000000149012 62.100000001490116 17
      vertex 98.10000000149012 -62.100000001490116 17
    endloop
  endfacet
  facet normal 0 0 1
    outer loop
      vertex 96.53504572063684 -65.27341336011887 17
      vertex 98.10000000149012 -62.100000001490116 17
      vertex 98.10000000149012 62.100000001490116 17
    endloop
  endfacet
  facet normal 0 0 1
    outer loop
      vertex 96.53504572063684 -65.27341336011887 17
      vertex 96.10000000149012 65.56410161405802 17
      vertex 95.10000000149012 -62.100000001490116 17
    endloop
  endfacet
  facet normal 0 1 0
    outer loop
      vertex -94.10000000149012 66.10000000149012 1
      vertex 39 66.10000000149012 2.1500000000000004
      vertex 94.10000000149012 66.10000000149012 1
    endloop
  endfacet
  facet normal 0 0 -1
    outer loop
      vertex 95.60000000149012 64.69807621091604 0
      vertex 81.5 49.5 0
      vertex -81.5 49.5 0
    endloop
  endfacet
  facet normal 0 0 -1
    outer loop
      vertex -94.10000000149012 65.10000000149012 0
      vertex 94.10000000149012 65.10000000149012 0
      vertex 95.60000000149012 64.69807621091604 0
    endloop
  endfacet
  facet normal 0 0.7071067811865475 -0.7071067811865475
    outer loop
      vertex -94.10000000149012 65.10000000149012 0
      vertex 94.10000000149012 66.10000000149012 1
      vertex 94.10000000149012 65.10000000149012 0
    endloop
  endfacet
  facet normal 0 1 0
    outer loop
      vertex 42.470057018101215 66.10000000149012 5.193158330023289
      vertex 42.49 66.10000000149012 5.497429467271875
      vertex 42.49 66.10000000149012 5.4
    endloop
  endfacet
  facet normal 0 0 -1
    outer loop
      vertex 95.92628429085016 -64.48006002604961 0
      vertex 81.5 49.5 0
      vertex 95.60000000149012 64.69807621091604 0
    endloop
  endfacet
  facet normal 0 0 -1
    outer loop
      vertex 95.92628429085016 -64.48006002604961 0
      vertex 95.60000000149012 64.69807621091604 0
      vertex 97.10000000149012 62.100000001490116 0
    endloop
  endfacet
  facet normal 0.7071067811865475 0 -0.7071067811865475
    outer loop
      vertex 98.10000000149012 -62.100000001490116 1
      vertex 97.10000000149012 62.100000001490116 0
      vertex 98.10000000149012 62.100000001490116 1
    endloop
  endfacet
  facet normal 1 0 0
    outer loop
      vertex 98.10000000149012 -62.100000001490116 1
      vertex 98.10000000149012 62.100000001490116 1
      vertex 98.10000000149012 62.100000001490116 17
    endloop
  endfacet
  facet normal 0 1 0
    outer loop
      vertex 94.10000000149012 66.10000000149012 1
      vertex 39 66.10000000149012 2.1500000000000004
      vertex 39.45684166997671 66.10000000149012 2.179942981898785
    endloop
  endfacet
  facet normal 0 1 0
    outer loop
      vertex 94.10000000149012 66.10000000149012 1
      vertex 39.45684166997671 66.10000000149012 2.179942981898785
      vertex 39.90586666017771 66.10000000149012 2.2692596107721332
    endloop
  endfacet
  facet normal 0 1 0
    outer loop
      vertex 94.10000000149012 66.10000000149012 1
      vertex 39.90586666017771 66.10000000149012 2.2692596107721332
      vertex 40.33939201384783 66.10000000149012 2.4164216384291652
    endloop
  endfacet
  facet normal 0 1 0
    outer loop
      vertex 94.10000000149012 66.10000000149012 1
      vertex 40.33939201384783 66.10000000149012 2.4164216384291652
      vertex 40.75 66.10000000149012 2.6189110890030864
    endloop
  endfacet
  facet normal 0 1 0
    outer loop
      vertex 94.10000000149012 66.10000000149012 1
      vertex 40.75 66.10000000149012 2.6189110890030864
      vertex 41.13066500425339 66.10000000149012 2.8732633084058765
    endloop
  endfacet
  facet normal 0 1 0
    outer loop
      vertex 94.10000000149012 66.10000000149012 1
      vertex 41.13066500425339 66.10000000149012 2.8732633084058765
      vertex 41.47487373650074 66.10000000149012 3.1751262634992603
    endloop
  endfacet
  facet normal 0 1 0
    outer loop
      vertex 94.10000000149012 66.10000000149012 1
      vertex 41.47487373650074 66.10000000149012 3.1751262634992603
      vertex 41.776736691594124 66.10000000149012 3.519334995746613
    endloop
  endfacet
  facet normal 0 1 0
    outer loop
      vertex 94.10000000149012 66.10000000149012 1
      vertex 41.776736691594124 66.10000000149012 3.519334995746613
      vertex 42.031088910996914 66.10000000149012 3.9000000000000004
    endloop
  endfacet
  facet normal 0 1 0
    outer loop
      vertex 94.10000000149012 66.10000000149012 1
      vertex 42.031088910996914 66.10000000149012 3.9000000000000004
      vertex 42.233578361570835 66.10000000149012 4.310607986152172
    endloop
  endfacet
  facet normal 0 1 0
    outer loop
      vertex 94.10000000149012 66.10000000149012 1
      vertex 42.233578361570835 66.10000000149012 4.310607986152172
      vertex 42.38074038922787 66.10000000149012 4.744133339822293
    endloop
  endfacet
  facet normal 0 1 0
    outer loop
      vertex 94.10000000149012 66.10000000149012 1
      vertex 42.38074038922787 66.10000000149012 4.744133339822293
      vertex 42.470057018101215 66.10000000149012 5.193158330023289
    endloop
  endfacet
  facet normal 0 1 0
    outer loop
      vertex 94.10000000149012 66.10000000149012 1
      vertex 42.470057018101215 66.10000000149012 5.193158330023289
      vertex 42.49 66.10000000149012 5.4
    endloop
  endfacet
  facet normal 0 1 0
    outer loop
      vertex 94.10000000149012 66.10000000149012 1
      vertex 42.49 66.10000000149012 5.4
      vertex 45.5 66.10000000149012 5.4
    endloop
  endfacet
  facet normal 0 0 -1
    outer loop
      vertex 94.10000000149012 65.10000000149012 0
      vertex 94.49157857894897 65.07433458417654 0
      vertex 95.24805030226707 64.87163859605789 0
    endloop
  endfacet
  facet normal 0 0 -1
    outer loop
      vertex 94.10000000149012 65.10000000149012 0
      vertex 95.24805030226707 64.87163859605789 0
      vertex 95.60000000149012 64.69807621091604 0
    endloop
  endfacet
  facet normal 0 0 -1
    outer loop
      vertex 94.87645713984966 64.99777747690678 0
      vertex 95.24805030226707 64.87163859605789 0
      vertex 94.49157857894897 65.07433458417654 0
    endloop
  endfacet
  facet normal 0.046296534277531914 0.706348578407179 -0.7063485801614147
    outer loop
      vertex 94.10000000149012 65.10000000149012 0
      vertex 94.62210477143526 66.06577944755554 1
      vertex 94.49157857894897 65.07433458417654 0
    endloop
  endfacet
  facet normal 0.13809745164064088 0.6942627581814863 -0.7063485799890844
    outer loop
      vertex 94.87645713984966 64.99777747690678 0
      vertex 94.49157857894897 65.07433458417654 0
      vertex 94.62210477143526 66.06577944755554 1
    endloop
  endfacet
  facet normal 0 0 -1
    outer loop
      vertex 97.10000000149012 62.100000001490116 0
      vertex 95.60000000149012 64.69807621091604 0
      vertex 96.69807621091604 63.600000001490116 0
    endloop
  endfacet
  facet normal 0 0 -1
    outer loop
      vertex 96.48006002604961 63.92628429085016 0
      vertex 96.69807621091604 63.600000001490116 0
      vertex 96.22132034599781 64.22132034599781 0
    endloop
  endfacet
  facet normal 0 0 -1
    outer loop
      vertex 97.10000000149012 62.100000001490116 0
      vertex 96.69807621091604 63.600000001490116 0
      vertex 97.07433458417654 62.491578578948975 0
    endloop
  endfacet
  facet normal 0 0 -1
    outer loop
      vertex 97.07433458417654 62.491578578948975 0
      vertex 96.87163859605789 63.248050302267075 0
      vertex 96.99777747690678 62.87645713984966 0
    endloop
  endfacet
  facet normal 0 0 -1
    outer loop
      vertex 97.07433458417654 62.491578578948975 0
      vertex 96.69807621091604 63.600000001490116 0
      vertex 96.87163859605789 63.248050302267075 0
    endloop
  endfacet
  facet normal 0.706348578407179 0.046296534277531914 -0.7063485801614147
    outer loop
      vertex 97.10000000149012 62.100000001490116 0
      vertex 97.07433458417654 62.491578578948975 0
      vertex 98.06577944755554 62.62210477143526 1
    endloop
  endfacet
  facet normal 0.6942627581814863 0.13809745164064088 -0.7063485799890844
    outer loop
      vertex 97.07433458417654 62.491578578948975 0
      vertex 96.99777747690678 62.87645713984966 0
      vertex 98.06577944755554 62.62210477143526 1
    endloop
  endfacet
  facet normal 0.670297911087513 0.2275354793664046 -0.706348579683726
    outer loop
      vertex 96.99777747690678 62.87645713984966 0
      vertex 96.87163859605789 63.248050302267075 0
      vertex 97.96370330452919 63.135276183485985 1
    endloop
  endfacet
  facet normal 0.5885675535746149 0.39326825333263266 -0.7063485795270584
    outer loop
      vertex 96.48006002604961 63.92628429085016 0
      vertex 97.56410161405802 64.10000000149012 1
      vertex 96.69807621091604 63.600000001490116 0
    endloop
  endfacet
  facet normal 0.6348640791694493 0.3130803181954239 -0.7063485792007933
    outer loop
      vertex 96.87163859605789 63.248050302267075 0
      vertex 96.69807621091604 63.600000001490116 0
      vertex 97.56410161405802 64.10000000149012 1
    endloop
  endfacet
  facet normal 0 0 -1
    outer loop
      vertex 96.69807621091604 63.600000001490116 0
      vertex 95.60000000149012 64.69807621091604 0
      vertex 96.22132034599781 64.22132034599781 0
    endloop
  endfacet
  facet normal 0 0 -1
    outer loop
      vertex 95.60000000149012 64.69807621091604 0
      vertex 95.92628429085016 64.48006002604961 0
      vertex 96.22132034599781 64.22132034599781 0
    endloop
  endfacet
  facet normal 0.3130803181954239 0.6348640791694493 -0.7063485792007933
    outer loop
      vertex 95.24805030226707 64.87163859605789 0
      vertex 96.10000000149012 65.56410161405802 1
      vertex 95.60000000149012 64.69807621091604 0
    endloop
  endfacet
  facet normal 0.39326825333263266 0.5885675535746149 -0.7063485795270584
    outer loop
      vertex 95.60000000149012 64.69807621091604 0
      vertex 96.10000000149012 65.56410161405802 1
      vertex 95.92628429085016 64.48006002604961 0
    endloop
  endfacet
  facet normal 0.4667272838542379 0.5322004596688105 -0.7063485777109998
    outer loop
      vertex 95.92628429085016 64.48006002604961 0
      vertex 96.53504572063684 65.27341336011887 1
      vertex 96.22132034599781 64.22132034599781 0
    endloop
  endfacet
  facet normal 0.2275354793664046 0.670297911087513 -0.706348579683726
    outer loop
      vertex 94.87645713984966 64.99777747690678 0
      vertex 95.13527618348598 65.96370330452919 1
      vertex 95.24805030226707 64.87163859605789 0
    endloop
  endfacet
  facet normal 0.5322004596688105 0.4667272838542379 -0.7063485777109998
    outer loop
      vertex 96.48006002604961 63.92628429085016 0
      vertex 96.22132034599781 64.22132034599781 0
      vertex 97.27341336011887 64.53504572063684 1
    endloop
  endfacet
  facet normal 0.04629653098216924 0.7063485793922917 -0.7063485793922917
    outer loop
      vertex 94.10000000149012 65.10000000149012 0
      vertex 94.10000000149012 66.10000000149012 1
      vertex 94.62210477143526 66.06577944755554 1
    endloop
  endfacet
  facet normal 0.13809745231280873 0.6942627582007719 -0.706348579838714
    outer loop
      vertex 94.87645713984966 64.99777747690678 0
      vertex 94.62210477143526 66.06577944755554 1
      vertex 95.13527618348598 65.96370330452919 1
    endloop
  endfacet
  facet normal 0.7063485793922917 0.04629653098216924 -0.7063485793922917
    outer loop
      vertex 97.10000000149012 62.100000001490116 0
      vertex 98.06577944755554 62.62210477143526 1
      vertex 98.10000000149012 62.100000001490116 1
    endloop
  endfacet
  facet normal 0.6942627582007719 0.13809745231280873 -0.706348579838714
    outer loop
      vertex 96.99777747690678 62.87645713984966 0
      vertex 97.96370330452919 63.135276183485985 1
      vertex 98.06577944755554 62.62210477143526 1
    endloop
  endfacet
  facet normal 0.6702979108614071 0.22753548157073736 -0.706348579188212
    outer loop
      vertex 96.87163859605789 63.248050302267075 0
      vertex 97.79551813006401 63.63073372840881 1
      vertex 97.96370330452919 63.135276183485985 1
    endloop
  endfacet
  facet normal 0.6348640801050566 0.3130803170459419 -0.7063485788693659
    outer loop
      vertex 96.87163859605789 63.248050302267075 0
      vertex 97.56410161405802 64.10000000149012 1
      vertex 97.79551813006401 63.63073372840881 1
    endloop
  endfacet
  facet normal 0.46672728557363985 0.5322004587408181 -0.7063485772740855
    outer loop
      vertex 96.22132034599781 64.22132034599781 0
      vertex 96.53504572063684 65.27341336011887 1
      vertex 96.92842712253332 64.92842712253332 1
    endloop
  endfacet
  facet normal 0.22753548157073736 0.6702979108614071 -0.706348579188212
    outer loop
      vertex 95.24805030226707 64.87163859605789 0
      vertex 95.13527618348598 65.96370330452919 1
      vertex 95.63073372840881 65.79551813006401 1
    endloop
  endfacet
  facet normal 0.3130803170459419 0.6348640801050566 -0.7063485788693659
    outer loop
      vertex 95.24805030226707 64.87163859605789 0
      vertex 95.63073372840881 65.79551813006401 1
      vertex 96.10000000149012 65.56410161405802 1
    endloop
  endfacet
  facet normal 0.3932682613670784 0.5885675505135392 -0.7063485776044345
    outer loop
      vertex 95.92628429085016 64.48006002604961 0
      vertex 96.10000000149012 65.56410161405802 1
      vertex 96.53504572063684 65.27341336011887 1
    endloop
  endfacet
  facet normal 0.5885675505135392 0.3932682613670784 -0.7063485776044345
    outer loop
      vertex 96.48006002604961 63.92628429085016 0
      vertex 97.27341336011887 64.53504572063684 1
      vertex 97.56410161405802 64.10000000149012 1
    endloop
  endfacet
  facet normal 0.5322004587408181 0.46672728557363985 -0.7063485772740855
    outer loop
      vertex 96.22132034599781 64.22132034599781 0
      vertex 96.92842712253332 64.92842712253332 1
      vertex 97.27341336011887 64.53504572063684 1
    endloop
  endfacet
  facet normal 0.06540312801222277 0.9978589233184303 0
    outer loop
      vertex 94.10000000149012 66.10000000149012 1
      vertex 94.10000000149012 66.10000000149012 17
      vertex 94.62210477143526 66.06577944755554 1
    endloop
  endfacet
  facet normal 0.1950903267663619 0.9807852794583501 0
    outer loop
      vertex 94.62210477143526 66.06577944755554 1
      vertex 95.13527618348598 65.96370330452919 17
      vertex 95.13527618348598 65.96370330452919 1
    endloop
  endfacet
  facet normal 0.9978589233184303 0.06540312801222277 0
    outer loop
      vertex 98.10000000149012 62.100000001490116 1
      vertex 98.06577944755554 62.62210477143526 1
      vertex 98.06577944755554 62.62210477143526 17
    endloop
  endfacet
  facet normal 0.9807852794583501 0.1950903267663619 0
    outer loop
      vertex 98.06577944755554 62.62210477143526 1
      vertex 97.96370330452919 63.135276183485985 1
      vertex 97.96370330452919 63.135276183485985 17
    endloop
  endfacet
  facet normal 0.9469301290558149 0.32143946659727024 0
    outer loop
      vertex 97.96370330452919 63.135276183485985 1
      vertex 97.79551813006401 63.63073372840881 1
      vertex 97.79551813006401 63.63073372840881 17
    endloop
  endfacet
  facet normal 0.8968727416500544 0.44228868998100634 0
    outer loop
      vertex 97.79551813006401 63.63073372840881 1
      vertex 97.56410161405802 64.10000000149012 1
      vertex 97.56410161405802 64.10000000149012 17
    endloop
  endfacet
  facet normal 0.32143946659727024 0.9469301290558149 0
    outer loop
      vertex 95.13527618348598 65.96370330452919 1
      vertex 95.13527618348598 65.96370330452919 17
      vertex 95.63073372840881 65.79551813006401 1
    endloop
  endfacet
  facet normal 0.5555702302277682 0.831469614167989 0
    outer loop
      vertex 96.10000000149012 65.56410161405802 1
      vertex 96.10000000149012 65.56410161405802 17
      vertex 96.53504572063684 65.27341336011887 1
    endloop
  endfacet
  facet normal 0.44228868998100634 0.8968727416500544 0
    outer loop
      vertex 95.63073372840881 65.79551813006401 1
      vertex 96.10000000149012 65.56410161405802 17
      vertex 96.10000000149012 65.56410161405802 1
    endloop
  endfacet
  facet normal 0.6593458228172265 0.7518398007112116 0
    outer loop
      vertex 96.53504572063684 65.27341336011887 1
      vertex 96.92842712253332 64.92842712253332 17
      vertex 96.92842712253332 64.92842712253332 1
    endloop
  endfacet
  facet normal 0.7518398007112116 0.6593458228172265 0
    outer loop
      vertex 97.27341336011887 64.53504572063684 1
      vertex 96.92842712253332 64.92842712253332 1
      vertex 97.27341336011887 64.53504572063684 17
    endloop
  endfacet
  facet normal 0.831469614167989 0.5555702302277682 0
    outer loop
      vertex 97.27341336011887 64.53504572063684 1
      vertex 97.56410161405802 64.10000000149012 17
      vertex 97.56410161405802 64.10000000149012 1
    endloop
  endfacet
  facet normal 0 1 0
    outer loop
      vertex 94.10000000149012 66.10000000149012 1
      vertex 45.5 66.10000000149012 5.4
      vertex 94.10000000149012 66.10000000149012 17
    endloop
  endfacet
  facet normal 0 1 0
    outer loop
      vertex 45.5 66.10000000149012 10.4
      vertex 42.5 66.10000000149012 10.4
      vertex 42.5 66.10000000149012 11.15
    endloop
  endfacet
  facet normal 0 1 0
    outer loop
      vertex 45.5 66.10000000149012 10.4
      vertex 42.5 66.10000000149012 11.15
      vertex 42.470057018101215 66.10000000149012 11.606841669976712
    endloop
  endfacet
  facet normal 0 1 0
    outer loop
      vertex 45.5 66.10000000149012 10.4
      vertex 42.470057018101215 66.10000000149012 11.606841669976712
      vertex 42.38074038922787 66.10000000149012 12.055866660177708
    endloop
  endfacet
  facet normal 0 1 0
    outer loop
      vertex 45.5 66.10000000149012 10.4
      vertex 42.38074038922787 66.10000000149012 12.055866660177708
      vertex 42.233578361570835 66.10000000149012 12.489392013847828
    endloop
  endfacet
  facet normal 0 1 0
    outer loop
      vertex 94.10000000149012 66.10000000149012 17
      vertex 39 66.10000000149012 14.65
      vertex -39 66.10000000149012 14.65
    endloop
  endfacet
  facet normal 0 0 1
    outer loop
      vertex -96.53504572063684 65.27341336011887 17
      vertex 94.10000000149012 63.100000001490116 17
      vertex 96.10000000149012 65.56410161405802 17
    endloop
  endfacet
  facet normal 0 0 1
    outer loop
      vertex -94.10000000149012 66.10000000149012 17
      vertex 96.10000000149012 65.56410161405802 17
      vertex 94.10000000149012 66.10000000149012 17
    endloop
  endfacet
  facet normal 0 0 1
    outer loop
      vertex 96.10000000149012 65.56410161405802 17
      vertex 95.10000000149012 62.100000001490116 17
      vertex 95.10000000149012 -62.100000001490116 17
    endloop
  endfacet
  facet normal 0 0 1
    outer loop
      vertex 96.53504572063684 -65.27341336011887 17
      vertex 98.10000000149012 62.100000001490116 17
      vertex 96.10000000149012 65.56410161405802 17
    endloop
  endfacet
  facet normal 0 1 0
    outer loop
      vertex 94.10000000149012 66.10000000149012 17
      vertex 45.5 66.10000000149012 5.4
      vertex 45.5 66.10000000149012 10.4
    endloop
  endfacet
  facet normal 0.06540312801222277 0.9978589233184303 0
    outer loop
      vertex 94.62210477143526 66.06577944755554 1
      vertex 94.10000000149012 66.10000000149012 17
      vertex 94.62210477143526 66.06577944755554 17
    endloop
  endfacet
  facet normal 0.1950903267663619 0.9807852794583501 0
    outer loop
      vertex 94.62210477143526 66.06577944755554 1
      vertex 94.62210477143526 66.06577944755554 17
      vertex 95.13527618348598 65.96370330452919 17
    endloop
  endfacet
  facet normal 0.9978589233184303 0.06540312801222277 0
    outer loop
      vertex 98.10000000149012 62.100000001490116 1
      vertex 98.06577944755554 62.62210477143526 17
      vertex 98.10000000149012 62.100000001490116 17
    endloop
  endfacet
  facet normal 0.9807852794583501 0.1950903267663619 0
    outer loop
      vertex 98.06577944755554 62.62210477143526 1
      vertex 97.96370330452919 63.135276183485985 17
      vertex 98.06577944755554 62.62210477143526 17
    endloop
  endfacet
  facet normal 0.9469301290558149 0.32143946659727024 0
    outer loop
      vertex 97.96370330452919 63.135276183485985 1
      vertex 97.79551813006401 63.63073372840881 17
      vertex 97.96370330452919 63.135276183485985 17
    endloop
  endfacet
  facet normal 0.8968727416500544 0.44228868998100634 0
    outer loop
      vertex 97.79551813006401 63.63073372840881 1
      vertex 97.56410161405802 64.10000000149012 17
      vertex 97.79551813006401 63.63073372840881 17
    endloop
  endfacet
  facet normal 0.44228868998100634 0.8968727416500544 0
    outer loop
      vertex 95.63073372840881 65.79551813006401 1
      vertex 95.63073372840881 65.79551813006401 17
      vertex 96.10000000149012 65.56410161405802 17
    endloop
  endfacet
  facet normal 0.32143946659727024 0.9469301290558149 0
    outer loop
      vertex 95.63073372840881 65.79551813006401 1
      vertex 95.13527618348598 65.96370330452919 17
      vertex 95.63073372840881 65.79551813006401 17
    endloop
  endfacet
  facet normal 0.5555702302277682 0.831469614167989 0
    outer loop
      vertex 96.53504572063684 65.27341336011887 1
      vertex 96.10000000149012 65.56410161405802 17
      vertex 96.53504572063684 65.27341336011887 17
    endloop
  endfacet
  facet normal 0.7518398007112116 0.6593458228172265 0
    outer loop
      vertex 96.92842712253332 64.92842712253332 1
      vertex 96.92842712253332 64.92842712253332 17
      vertex 97.27341336011887 64.53504572063684 17
    endloop
  endfacet
  facet normal 0.831469614167989 0.5555702302277682 0
    outer loop
      vertex 97.27341336011887 64.53504572063684 1
      vertex 97.27341336011887 64.53504572063684 17
      vertex 97.56410161405802 64.10000000149012 17
    endloop
  endfacet
  facet normal 0.6593458228172265 0.7518398007112116 0
    outer loop
      vertex 96.53504572063684 65.27341336011887 1
      vertex 96.53504572063684 65.27341336011887 17
      vertex 96.92842712253332 64.92842712253332 17
    endloop
  endfacet
  facet normal 0 1 0
    outer loop
      vertex 94.10000000149012 66.10000000149012 17
      vertex 45.5 66.10000000149012 10.4
      vertex 42.233578361570835 66.10000000149012 12.489392013847828
    endloop
  endfacet
  facet normal 0 1 0
    outer loop
      vertex 94.10000000149012 66.10000000149012 17
      vertex 42.233578361570835 66.10000000149012 12.489392013847828
      vertex 42.031088910996914 66.10000000149012 12.9
    endloop
  endfacet
  facet normal 0 1 0
    outer loop
      vertex 94.10000000149012 66.10000000149012 17
      vertex 42.031088910996914 66.10000000149012 12.9
      vertex 41.776736691594124 66.10000000149012 13.280665004253388
    endloop
  endfacet
  facet normal 0 1 0
    outer loop
      vertex 94.10000000149012 66.10000000149012 17
      vertex 41.776736691594124 66.10000000149012 13.280665004253388
      vertex 41.47487373650074 66.10000000149012 13.62487373650074
    endloop
  endfacet
  facet normal 0 1 0
    outer loop
      vertex 94.10000000149012 66.10000000149012 17
      vertex 41.47487373650074 66.10000000149012 13.62487373650074
      vertex 41.13066500425339 66.10000000149012 13.926736691594124
    endloop
  endfacet
  facet normal 0 1 0
    outer loop
      vertex 94.10000000149012 66.10000000149012 17
      vertex 40.33939201384783 66.10000000149012 14.383578361570835
      vertex 39.90586666017771 66.10000000149012 14.530740389227867
    endloop
  endfacet
  facet normal 0 1 0
    outer loop
      vertex 94.10000000149012 66.10000000149012 17
      vertex 39.90586666017771 66.10000000149012 14.530740389227867
      vertex 39.45684166997671 66.10000000149012 14.620057018101216
    endloop
  endfacet
  facet normal 0 1 0
    outer loop
      vertex 94.10000000149012 66.10000000149012 17
      vertex 41.13066500425339 66.10000000149012 13.926736691594124
      vertex 40.75 66.10000000149012 14.181088910996914
    endloop
  endfacet
  facet normal 0 1 0
    outer loop
      vertex 94.10000000149012 66.10000000149012 17
      vertex 40.75 66.10000000149012 14.181088910996914
      vertex 40.33939201384783 66.10000000149012 14.383578361570835
    endloop
  endfacet
  facet normal 0 1 0
    outer loop
      vertex 94.10000000149012 66.10000000149012 17
      vertex 39.45684166997671 66.10000000149012 14.620057018101216
      vertex 39 66.10000000149012 14.65
    endloop
  endfacet
  facet normal 0 0 1
    outer loop
      vertex 96.10000000149012 65.56410161405802 17
      vertex 94.10000000149012 63.100000001490116 17
      vertex 94.2305261939764 63.09144486486912 17
    endloop
  endfacet
  facet normal 0 0 1
    outer loop
      vertex 96.10000000149012 65.56410161405802 17
      vertex 94.35881904512644 63.06592582911253 17
      vertex 94.48268343508244 63.023879535496235 17
    endloop
  endfacet
  facet normal 0 0 1
    outer loop
      vertex 96.10000000149012 65.56410161405802 17
      vertex 94.2305261939764 63.09144486486912 17
      vertex 94.35881904512644 63.06592582911253 17
    endloop
  endfacet
  facet normal 0 0 1
    outer loop
      vertex 94.10000000149012 66.10000000149012 17
      vertex 95.13527618348598 65.96370330452919 17
      vertex 94.62210477143526 66.06577944755554 17
    endloop
  endfacet
  facet normal 0 0 1
    outer loop
      vertex 96.10000000149012 65.56410161405802 17
      vertex 95.02387953549623 62.482683435082436 17
      vertex 95.06592582911253 62.35881904512644 17
    endloop
  endfacet
  facet normal 0 0 1
    outer loop
      vertex 96.10000000149012 65.56410161405802 17
      vertex 95.06592582911253 62.35881904512644 17
      vertex 95.09144486486912 62.2305261939764 17
    endloop
  endfacet
  facet normal 0 0 1
    outer loop
      vertex 96.10000000149012 65.56410161405802 17
      vertex 95.09144486486912 62.2305261939764 17
      vertex 95.10000000149012 62.100000001490116 17
    endloop
  endfacet
  facet normal 0 0 1
    outer loop
      vertex 96.10000000149012 65.56410161405802 17
      vertex 94.7087614312768 62.89335334300995 17
      vertex 94.80710678547621 62.80710678547621 17
    endloop
  endfacet
  facet normal 0 0 1
    outer loop
      vertex 96.10000000149012 65.56410161405802 17
      vertex 94.89335334300995 62.7087614312768 17
      vertex 94.96602540463209 62.600000001490116 17
    endloop
  endfacet
  facet normal 0 0 1
    outer loop
      vertex 96.10000000149012 65.56410161405802 17
      vertex 94.96602540463209 62.600000001490116 17
      vertex 95.02387953549623 62.482683435082436 17
    endloop
  endfacet
  facet normal 0 0 1
    outer loop
      vertex 96.10000000149012 65.56410161405802 17
      vertex 94.80710678547621 62.80710678547621 17
      vertex 94.89335334300995 62.7087614312768 17
    endloop
  endfacet
  facet normal 0 0 1
    outer loop
      vertex 96.10000000149012 65.56410161405802 17
      vertex 94.48268343508244 63.023879535496235 17
      vertex 94.60000000149012 62.96602540463209 17
    endloop
  endfacet
  facet normal 0 0 1
    outer loop
      vertex 96.10000000149012 65.56410161405802 17
      vertex 94.60000000149012 62.96602540463209 17
      vertex 94.7087614312768 62.89335334300995 17
    endloop
  endfacet
  facet normal 0 0 1
    outer loop
      vertex 98.10000000149012 62.100000001490116 17
      vertex 98.06577944755554 62.62210477143526 17
      vertex 97.96370330452919 63.135276183485985 17
    endloop
  endfacet
  facet normal 0 0 1
    outer loop
      vertex 98.10000000149012 62.100000001490116 17
      vertex 97.56410161405802 64.10000000149012 17
      vertex 96.10000000149012 65.56410161405802 17
    endloop
  endfacet
  facet normal 0 0 1
    outer loop
      vertex 98.10000000149012 62.100000001490116 17
      vertex 97.96370330452919 63.135276183485985 17
      vertex 97.56410161405802 64.10000000149012 17
    endloop
  endfacet
  facet normal 0 0 1
    outer loop
      vertex 97.96370330452919 63.135276183485985 17
      vertex 97.79551813006401 63.63073372840881 17
      vertex 97.56410161405802 64.10000000149012 17
    endloop
  endfacet
  facet normal 0 0 1
    outer loop
      vertex 94.10000000149012 66.10000000149012 17
      vertex 96.10000000149012 65.56410161405802 17
      vertex 95.13527618348598 65.96370330452919 17
    endloop
  endfacet
  facet normal 0 0 1
    outer loop
      vertex 95.13527618348598 65.96370330452919 17
      vertex 96.10000000149012 65.56410161405802 17
      vertex 95.63073372840881 65.79551813006401 17
    endloop
  endfacet
  facet normal 0 0 1
    outer loop
      vertex 96.10000000149012 65.56410161405802 17
      vertex 96.92842712253332 64.92842712253332 17
      vertex 96.53504572063684 65.27341336011887 17
    endloop
  endfacet
  facet normal 0 0 1
    outer loop
      vertex 97.27341336011887 64.53504572063684 17
      vertex 96.92842712253332 64.92842712253332 17
      vertex 97.56410161405802 64.10000000149012 17
    endloop
  endfacet
  facet normal 0 0 1
    outer loop
      vertex 96.10000000149012 65.56410161405802 17
      vertex 97.56410161405802 64.10000000149012 17
      vertex 96.92842712253332 64.92842712253332 17
    endloop
  endfacet
  facet normal 0.7088679355689137 0 -0.7053412294218071
    outer loop
      vertex -79.50995024875621 -47.50995024875622 2
      vertex -81.5 -49.5 0
      vertex -79.50995024875621 47.50995024875622 2
    endloop
  endfacet
  facet normal 0 0.708867935568915 -0.7053412294218059
    outer loop
      vertex -79.50995024875621 -47.50995024875622 2
      vertex 81.5 -49.5 0
      vertex -81.5 -49.5 0
    endloop
  endfacet
  facet normal 0.7088679355689137 0 -0.7053412294218071
    outer loop
      vertex -79.50995024875621 47.50995024875622 2
      vertex -81.5 -49.5 0
      vertex -81.5 49.5 0
    endloop
  endfacet
  facet normal 0 -0.708867935568915 -0.7053412294218059
    outer loop
      vertex -79.50995024875621 47.50995024875622 2
      vertex -81.5 49.5 0
      vertex -41 47.50995024875622 2
    endloop
  endfacet
  facet normal 0 -0.7088679355689149 -0.7053412294218059
    outer loop
      vertex -41 47.50995024875622 2
      vertex -81.5 49.5 0
      vertex 41 47.50995024875622 2
    endloop
  endfacet
  facet normal 0 0.708867935568915 -0.705341229421806
    outer loop
      vertex -79.50995024875621 -47.50995024875622 2
      vertex 79.50995024875621 -47.50995024875622 2
      vertex 81.5 -49.5 0
    endloop
  endfacet
  facet normal -0.7088679355689137 0 -0.7053412294218071
    outer loop
      vertex 79.50995024875621 -47.50995024875622 2
      vertex 81.5 49.5 0
      vertex 81.5 -49.5 0
    endloop
  endfacet
  facet normal 0 -0.708867935568915 -0.7053412294218059
    outer loop
      vertex 41 47.50995024875622 2
      vertex -81.5 49.5 0
      vertex 79.50995024875621 47.50995024875622 2
    endloop
  endfacet
  facet normal 0 -0.708867935568915 -0.7053412294218059
    outer loop
      vertex 79.50995024875621 47.50995024875622 2
      vertex -81.5 49.5 0
      vertex 81.5 49.5 0
    endloop
  endfacet
  facet normal -0.7088679355689137 0 -0.7053412294218071
    outer loop
      vertex 79.50995024875621 -47.50995024875622 2
      vertex 79.50995024875621 47.50995024875622 2
      vertex 81.5 49.5 0
    endloop
  endfacet
  facet normal 0 0 1
    outer loop
      vertex -91.25368567327668 -58.82832335755828 7
      vertex -91.25368567327668 -57.67167664244172 7
      vertex -91.32272413359522 -58.725 7
    endloop
  endfacet
  facet normal 0 0 1
    outer loop
      vertex -91.32272413359522 -58.725 7
      vertex -91.32272413359522 -57.775 7
      vertex -91.37768555588572 -58.61354926074684 7
    endloop
  endfacet
  facet normal 0 0 1
    outer loop
      vertex -91.41762953497461 -58.49587809284739 7
      vertex -91.41762953497461 -58.00412190715261 7
      vertex -91.44187261830513 -58.37399988260905 7
    endloop
  endfacet
  facet normal 0 0 1
    outer loop
      vertex -91.44187261830513 -58.37399988260905 7
      vertex -91.44187261830513 -58.12600011739095 7
      vertex -91.45 -58.25 7
    endloop
  endfacet
  facet normal 0 0 1
    outer loop
      vertex -91.44187261830513 -58.37399988260905 7
      vertex -91.41762953497461 -58.00412190715261 7
      vertex -91.44187261830513 -58.12600011739095 7
    endloop
  endfacet
  facet normal 0 0 1
    outer loop
      vertex -91.41762953497461 -58.49587809284739 7
      vertex -91.37768555588572 -57.88645073925316 7
      vertex -91.41762953497461 -58.00412190715261 7
    endloop
  endfacet
  facet normal 0 0 1
    outer loop
      vertex -91.41762953497461 -58.49587809284739 7
      vertex -91.37768555588572 -58.61354926074684 7
      vertex -91.37768555588572 -57.88645073925316 7
    endloop
  endfacet
  facet normal 0 0 1
    outer loop
      vertex -91.37768555588572 -58.61354926074684 7
      vertex -91.32272413359522 -57.775 7
      vertex -91.37768555588572 -57.88645073925316 7
    endloop
  endfacet
  facet normal 0 0 1
    outer loop
      vertex -91.32272413359522 -58.725 7
      vertex -91.25368567327668 -57.67167664244172 7
      vertex -91.32272413359522 -57.775 7
    endloop
  endfacet
  facet normal 0 0 1
    outer loop
      vertex -91.25368567327668 -58.82832335755828 7
      vertex -91.17175144212722 -57.57824855787278 7
      vertex -91.25368567327668 -57.67167664244172 7
    endloop
  endfacet
  facet normal 0 0 1
    outer loop
      vertex -91.07832335755829 -59.00368567327667 7
      vertex -91.07832335755829 -57.49631432672333 7
      vertex -91.17175144212722 -58.92175144212722 7
    endloop
  endfacet
  facet normal 0 0 1
    outer loop
      vertex -91.25368567327668 -58.82832335755828 7
      vertex -91.17175144212722 -58.92175144212722 7
      vertex -91.17175144212722 -57.57824855787278 7
    endloop
  endfacet
  facet normal 0 0 1
    outer loop
      vertex -90.975 -59.072724133595216 7
      vertex -90.975 -57.427275866404784 7
      vertex -91.07832335755829 -59.00368567327667 7
    endloop
  endfacet
  facet normal 0 0 1
    outer loop
      vertex -90.975 -59.072724133595216 7
      vertex -90.86354926074684 -59.12768555588572 7
      vertex -90.86354926074684 -57.37231444411428 7
    endloop
  endfacet
  facet normal 0 0 1
    outer loop
      vertex -90.86354926074684 -59.12768555588572 7
      vertex -90.74587809284739 -59.167629534974616 7
      vertex -90.74587809284739 -57.332370465025384 7
    endloop
  endfacet
  facet normal 0 0 1
    outer loop
      vertex -90.74587809284739 -59.167629534974616 7
      vertex -90.62399988260906 -59.19187261830512 7
      vertex -90.62399988260906 -57.30812738169488 7
    endloop
  endfacet
  facet normal 0 0 1
    outer loop
      vertex -90.62399988260906 -59.19187261830512 7
      vertex -90.5 -59.2 7
      vertex -90.5 -57.3 7
    endloop
  endfacet
  facet normal 0 0 1
    outer loop
      vertex -91.17175144212722 -58.92175144212722 7
      vertex -91.07832335755829 -57.49631432672333 7
      vertex -91.17175144212722 -57.57824855787278 7
    endloop
  endfacet
  facet normal 0 0 1
    outer loop
      vertex -91.07832335755829 -59.00368567327667 7
      vertex -90.975 -57.427275866404784 7
      vertex -91.07832335755829 -57.49631432672333 7
    endloop
  endfacet
  facet normal 0 0 1
    outer loop
      vertex -90.975 -59.072724133595216 7
      vertex -90.86354926074684 -57.37231444411428 7
      vertex -90.975 -57.427275866404784 7
    endloop
  endfacet
  facet normal 0 0 1
    outer loop
      vertex -90.86354926074684 -59.12768555588572 7
      vertex -90.74587809284739 -57.332370465025384 7
      vertex -90.86354926074684 -57.37231444411428 7
    endloop
  endfacet
  facet normal 0 0 1
    outer loop
      vertex -90.74587809284739 -59.167629534974616 7
      vertex -90.62399988260906 -57.30812738169488 7
      vertex -90.74587809284739 -57.332370465025384 7
    endloop
  endfacet
  facet normal 0 0 1
    outer loop
      vertex -90.62399988260906 -59.19187261830512 7
      vertex -90.5 -57.3 7
      vertex -90.62399988260906 -57.30812738169488 7
    endloop
  endfacet
  facet normal 0 0 1
    outer loop
      vertex -90.5 -59.2 7
      vertex -90.37600011739094 -57.30812738169488 7
      vertex -90.5 -57.3 7
    endloop
  endfacet
  facet normal 0 0 1
    outer loop
      vertex -90.5 -59.2 7
      vertex -90.37600011739094 -59.19187261830512 7
      vertex -90.37600011739094 -57.30812738169488 7
    endloop
  endfacet
  facet normal 0 0 1
    outer loop
      vertex -90.37600011739094 -59.19187261830512 7
      vertex -90.25412190715261 -59.167629534974616 7
      vertex -90.25412190715261 -57.332370465025384 7
    endloop
  endfacet
  facet normal 0 0 1
    outer loop
      vertex -90.25412190715261 -59.167629534974616 7
      vertex -90.13645073925316 -59.12768555588572 7
      vertex -90.13645073925316 -57.37231444411428 7
    endloop
  endfacet
  facet normal 0 0 1
    outer loop
      vertex -90.13645073925316 -59.12768555588572 7
      vertex -90.025 -59.072724133595216 7
      vertex -90.025 -57.427275866404784 7
    endloop
  endfacet
  facet normal 0 0 1
    outer loop
      vertex -90.025 -59.072724133595216 7
      vertex -89.92167664244171 -59.00368567327667 7
      vertex -89.92167664244171 -57.49631432672333 7
    endloop
  endfacet
  facet normal 0 0 1
    outer loop
      vertex -89.92167664244171 -59.00368567327667 7
      vertex -89.82824855787278 -58.92175144212722 7
      vertex -89.82824855787278 -57.57824855787278 7
    endloop
  endfacet
  facet normal 0 0 1
    outer loop
      vertex -89.82824855787278 -58.92175144212722 7
      vertex -89.74631432672332 -58.82832335755828 7
      vertex -89.74631432672332 -57.67167664244172 7
    endloop
  endfacet
  facet normal 0 0 1
    outer loop
      vertex -89.74631432672332 -58.82832335755828 7
      vertex -89.67727586640478 -58.725 7
      vertex -89.67727586640478 -57.775 7
    endloop
  endfacet
  facet normal 0 0 1
    outer loop
      vertex -90.37600011739094 -59.19187261830512 7
      vertex -90.25412190715261 -57.332370465025384 7
      vertex -90.37600011739094 -57.30812738169488 7
    endloop
  endfacet
  facet normal 0 0 1
    outer loop
      vertex -90.13645073925316 -59.12768555588572 7
      vertex -90.025 -57.427275866404784 7
      vertex -90.13645073925316 -57.37231444411428 7
    endloop
  endfacet
  facet normal 0 0 1
    outer loop
      vertex -90.25412190715261 -59.167629534974616 7
      vertex -90.13645073925316 -57.37231444411428 7
      vertex -90.25412190715261 -57.332370465025384 7
    endloop
  endfacet
  facet normal 0 0 1
    outer loop
      vertex -90.025 -59.072724133595216 7
      vertex -89.92167664244171 -57.49631432672333 7
      vertex -90.025 -57.427275866404784 7
    endloop
  endfacet
  facet normal 0 0 1
    outer loop
      vertex -89.92167664244171 -59.00368567327667 7
      vertex -89.82824855787278 -57.57824855787278 7
      vertex -89.92167664244171 -57.49631432672333 7
    endloop
  endfacet
  facet normal 0 0 1
    outer loop
      vertex -89.82824855787278 -58.92175144212722 7
      vertex -89.74631432672332 -57.67167664244172 7
      vertex -89.82824855787278 -57.57824855787278 7
    endloop
  endfacet
  facet normal 0 0 1
    outer loop
      vertex -89.74631432672332 -58.82832335755828 7
      vertex -89.67727586640478 -57.775 7
      vertex -89.74631432672332 -57.67167664244172 7
    endloop
  endfacet
  facet normal 0 0 1
    outer loop
      vertex -89.67727586640478 -58.725 7
      vertex -89.62231444411428 -58.61354926074684 7
      vertex -89.62231444411428 -57.88645073925316 7
    endloop
  endfacet
  facet normal 0 0 1
    outer loop
      vertex -89.62231444411428 -58.61354926074684 7
      vertex -89.58237046502539 -58.49587809284739 7
      vertex -89.58237046502539 -58.00412190715261 7
    endloop
  endfacet
  facet normal 0 0 1
    outer loop
      vertex -89.58237046502539 -58.49587809284739 7
      vertex -89.55812738169487 -58.37399988260905 7
      vertex -89.55812738169487 -58.12600011739095 7
    endloop
  endfacet
  facet normal 0 0 1
    outer loop
      vertex -89.55812738169487 -58.37399988260905 7
      vertex -89.55 -58.25 7
      vertex -89.55812738169487 -58.12600011739095 7
    endloop
  endfacet
  facet normal 0 0 1
    outer loop
      vertex -89.58237046502539 -58.49587809284739 7
      vertex -89.55812738169487 -58.12600011739095 7
      vertex -89.58237046502539 -58.00412190715261 7
    endloop
  endfacet
  facet normal 0 0 1
    outer loop
      vertex -89.62231444411428 -58.61354926074684 7
      vertex -89.58237046502539 -58.00412190715261 7
      vertex -89.62231444411428 -57.88645073925316 7
    endloop
  endfacet
  facet normal 0 0 1
    outer loop
      vertex -89.67727586640478 -58.725 7
      vertex -89.62231444411428 -57.88645073925316 7
      vertex -89.67727586640478 -57.775 7
    endloop
  endfacet
  facet normal 0.3214394653031778 0.9469301294951001 0
    outer loop
      vertex -90.86354926074684 -59.12768555588572 7
      vertex -90.86354926074684 -59.12768555588572 15
      vertex -90.74587809284739 -59.167629534974616 7
    endloop
  endfacet
  facet normal 0.5555702330195712 0.831469612302566 -3.9903009602953473e-19
    outer loop
      vertex -90.975 -59.072724133595216 7
      vertex -91.07832335755829 -59.00368567327667 7
      vertex -91.07832335755829 -59.00368567327667 15
    endloop
  endfacet
  facet normal 0.6593458151001041 0.7518398074789464 8.579720955895445e-20
    outer loop
      vertex -91.07832335755829 -59.00368567327667 7
      vertex -91.17175144212722 -58.92175144212722 7
      vertex -91.17175144212722 -58.92175144212722 15
    endloop
  endfacet
  facet normal 0.44228869021900885 0.8968727415326845 0
    outer loop
      vertex -90.975 -59.072724133595216 7
      vertex -90.975 -59.072724133595216 15
      vertex -90.86354926074684 -59.12768555588572 7
    endloop
  endfacet
  facet normal 0.19509032201613277 0.9807852804032297 0
    outer loop
      vertex -90.74587809284739 -59.167629534974616 7
      vertex -90.74587809284739 -59.167629534974616 15
      vertex -90.62399988260906 -59.19187261830512 7
    endloop
  endfacet
  facet normal 0.06540312923016835 0.9978589232386018 0
    outer loop
      vertex -90.62399988260906 -59.19187261830512 7
      vertex -90.62399988260906 -59.19187261830512 15
      vertex -90.5 -59.2 7
    endloop
  endfacet
  facet normal -0.06540312923016835 0.9978589232386018 0
    outer loop
      vertex -90.5 -59.2 7
      vertex -90.5 -59.2 15
      vertex -90.37600011739094 -59.19187261830512 7
    endloop
  endfacet
  facet normal 0.751839807478943 0.6593458151001081 0
    outer loop
      vertex -91.25368567327668 -58.82832335755828 7
      vertex -91.25368567327668 -58.82832335755828 15
      vertex -91.17175144212722 -58.92175144212722 7
    endloop
  endfacet
  facet normal 0.831469612302557 0.5555702330195844 8.177823881131481e-20
    outer loop
      vertex -91.25368567327668 -58.82832335755828 7
      vertex -91.32272413359522 -58.725 7
      vertex -91.32272413359522 -58.725 15
    endloop
  endfacet
  facet normal 0.8968727415326957 0.4422886902189862 3.73472820989265e-19
    outer loop
      vertex -91.32272413359522 -58.725 7
      vertex -91.37768555588572 -58.61354926074684 7
      vertex -91.37768555588572 -58.61354926074684 15
    endloop
  endfacet
  facet normal 0.9469301294951177 0.32143946530312656 0
    outer loop
      vertex -91.41762953497461 -58.49587809284739 7
      vertex -91.41762953497461 -58.49587809284739 15
      vertex -91.37768555588572 -58.61354926074684 7
    endloop
  endfacet
  facet normal 0.9807852804032098 0.1950903220162318 -3.185203024344141e-20
    outer loop
      vertex -91.41762953497461 -58.49587809284739 7
      vertex -91.44187261830513 -58.37399988260905 7
      vertex -91.44187261830513 -58.37399988260905 15
    endloop
  endfacet
  facet normal 0.9978589232386054 0.06540312923011514 6.637207691850293e-20
    outer loop
      vertex -91.44187261830513 -58.37399988260905 7
      vertex -91.45 -58.25 7
      vertex -91.45 -58.25 15
    endloop
  endfacet
  facet normal 0.9978589232386054 -0.06540312923011514 -6.637207691850293e-20
    outer loop
      vertex -91.45 -58.25 7
      vertex -91.44187261830513 -58.12600011739095 7
      vertex -91.44187261830513 -58.12600011739095 15
    endloop
  endfacet
  facet normal 0.9807852804032098 -0.1950903220162318 3.185203024344141e-20
    outer loop
      vertex -91.44187261830513 -58.12600011739095 7
      vertex -91.41762953497461 -58.00412190715261 7
      vertex -91.41762953497461 -58.00412190715261 15
    endloop
  endfacet
  facet normal 0.9469301294951177 -0.32143946530312656 -3.5225477397416785e-19
    outer loop
      vertex -91.41762953497461 -58.00412190715261 7
      vertex -91.37768555588572 -57.88645073925316 7
      vertex -91.37768555588572 -57.88645073925316 15
    endloop
  endfacet
  facet normal -0.19509032201613277 0.9807852804032297 0
    outer loop
      vertex -90.37600011739094 -59.19187261830512 7
      vertex -90.37600011739094 -59.19187261830512 15
      vertex -90.25412190715261 -59.167629534974616 7
    endloop
  endfacet
  facet normal -0.3214394653031778 0.9469301294951001 0
    outer loop
      vertex -90.25412190715261 -59.167629534974616 7
      vertex -90.25412190715261 -59.167629534974616 15
      vertex -90.13645073925316 -59.12768555588572 7
    endloop
  endfacet
  facet normal -0.44228869021900885 0.8968727415326845 0
    outer loop
      vertex -90.13645073925316 -59.12768555588572 7
      vertex -90.13645073925316 -59.12768555588572 15
      vertex -90.025 -59.072724133595216 7
    endloop
  endfacet
  facet normal -0.5555702330195712 0.831469612302566 0
    outer loop
      vertex -90.025 -59.072724133595216 7
      vertex -90.025 -59.072724133595216 15
      vertex -89.92167664244171 -59.00368567327667 7
    endloop
  endfacet
  facet normal -0.6593458151001041 0.7518398074789464 0
    outer loop
      vertex -89.92167664244171 -59.00368567327667 7
      vertex -89.92167664244171 -59.00368567327667 15
      vertex -89.82824855787278 -58.92175144212722 7
    endloop
  endfacet
  facet normal -0.751839807478943 0.6593458151001081 0
    outer loop
      vertex -89.82824855787278 -58.92175144212722 7
      vertex -89.82824855787278 -58.92175144212722 15
      vertex -89.74631432672332 -58.82832335755828 7
    endloop
  endfacet
  facet normal -0.831469612302557 0.5555702330195844 0
    outer loop
      vertex -89.74631432672332 -58.82832335755828 7
      vertex -89.74631432672332 -58.82832335755828 15
      vertex -89.67727586640478 -58.725 7
    endloop
  endfacet
  facet normal -0.8968727415326957 0.4422886902189862 0
    outer loop
      vertex -89.67727586640478 -58.725 7
      vertex -89.67727586640478 -58.725 15
      vertex -89.62231444411428 -58.61354926074684 7
    endloop
  endfacet
  facet normal -0.9469301294951177 0.32143946530312656 0
    outer loop
      vertex -89.62231444411428 -58.61354926074684 7
      vertex -89.62231444411428 -58.61354926074684 15
      vertex -89.58237046502539 -58.49587809284739 7
    endloop
  endfacet
  facet normal -0.9807852804032098 0.1950903220162318 0
    outer loop
      vertex -89.58237046502539 -58.49587809284739 7
      vertex -89.58237046502539 -58.49587809284739 15
      vertex -89.55812738169487 -58.37399988260905 7
    endloop
  endfacet
  facet normal -0.9978589232386054 0.06540312923011514 0
    outer loop
      vertex -89.55812738169487 -58.37399988260905 7
      vertex -89.55812738169487 -58.37399988260905 15
      vertex -89.55 -58.25 7
    endloop
  endfacet
  facet normal -0.9978589232386054 -0.06540312923011514 0
    outer loop
      vertex -89.55 -58.25 7
      vertex -89.55 -58.25 15
      vertex -89.55812738169487 -58.12600011739095 7
    endloop
  endfacet
  facet normal -0.9807852804032098 -0.1950903220162318 0
    outer loop
      vertex -89.55812738169487 -58.12600011739095 7
      vertex -89.55812738169487 -58.12600011739095 15
      vertex -89.58237046502539 -58.00412190715261 7
    endloop
  endfacet
  facet normal -0.9469301294951177 -0.32143946530312656 0
    outer loop
      vertex -89.58237046502539 -58.00412190715261 7
      vertex -89.58237046502539 -58.00412190715261 15
      vertex -89.62231444411428 -57.88645073925316 7
    endloop
  endfacet
  facet normal -0.8968727415326957 -0.4422886902189862 0
    outer loop
      vertex -89.62231444411428 -57.88645073925316 7
      vertex -89.62231444411428 -57.88645073925316 15
      vertex -89.67727586640478 -57.775 7
    endloop
  endfacet
  facet normal 0.8968727415326957 -0.4422886902189862 -3.73472820989265e-19
    outer loop
      vertex -91.37768555588572 -57.88645073925316 7
      vertex -91.32272413359522 -57.775 7
      vertex -91.32272413359522 -57.775 15
    endloop
  endfacet
  facet normal 0.831469612302557 -0.5555702330195844 -8.177823881131481e-20
    outer loop
      vertex -91.32272413359522 -57.775 7
      vertex -91.25368567327668 -57.67167664244172 7
      vertex -91.25368567327668 -57.67167664244172 15
    endloop
  endfacet
  facet normal 0.751839807478943 -0.6593458151001081 4.098533126146997e-19
    outer loop
      vertex -91.25368567327668 -57.67167664244172 7
      vertex -91.17175144212722 -57.57824855787278 7
      vertex -91.17175144212722 -57.57824855787278 15
    endloop
  endfacet
  facet normal 0.6593458151001041 -0.7518398074789464 -8.579720955895445e-20
    outer loop
      vertex -91.17175144212722 -57.57824855787278 7
      vertex -91.07832335755829 -57.49631432672333 7
      vertex -91.07832335755829 -57.49631432672333 15
    endloop
  endfacet
  facet normal 0.5555702330195712 -0.831469612302566 3.9903009602953473e-19
    outer loop
      vertex -91.07832335755829 -57.49631432672333 7
      vertex -90.975 -57.427275866404784 7
      vertex -90.975 -57.427275866404784 15
    endloop
  endfacet
  facet normal 0.44228869021900885 -0.8968727415326845 2.8615105497470933e-19
    outer loop
      vertex -90.975 -57.427275866404784 7
      vertex -90.86354926074684 -57.37231444411428 7
      vertex -90.86354926074684 -57.37231444411428 15
    endloop
  endfacet
  facet normal 0.3214394653031778 -0.9469301294951001 -3.8522823575133934e-19
    outer loop
      vertex -90.86354926074684 -57.37231444411428 7
      vertex -90.74587809284739 -57.332370465025384 7
      vertex -90.74587809284739 -57.332370465025384 15
    endloop
  endfacet
  facet normal 0.19509032201613277 -0.9807852804032297 7.378787423346171e-20
    outer loop
      vertex -90.74587809284739 -57.332370465025384 7
      vertex -90.62399988260906 -57.30812738169488 7
      vertex -90.62399988260906 -57.30812738169488 15
    endloop
  endfacet
  facet normal 0.06540312923016835 -0.9978589232386018 5.2765080566786777e-20
    outer loop
      vertex -90.62399988260906 -57.30812738169488 7
      vertex -90.5 -57.3 7
      vertex -90.5 -57.3 15
    endloop
  endfacet
  facet normal -0.19509032201613277 -0.9807852804032297 -7.378787423346171e-20
    outer loop
      vertex -90.37600011739094 -57.30812738169488 7
      vertex -90.25412190715261 -57.332370465025384 7
      vertex -90.25412190715261 -57.332370465025384 15
    endloop
  endfacet
  facet normal -0.3214394653031778 -0.9469301294951001 3.8522823575133934e-19
    outer loop
      vertex -90.25412190715261 -57.332370465025384 7
      vertex -90.13645073925316 -57.37231444411428 7
      vertex -90.13645073925316 -57.37231444411428 15
    endloop
  endfacet
  facet normal -0.44228869021900885 -0.8968727415326845 -2.8615105497470933e-19
    outer loop
      vertex -90.13645073925316 -57.37231444411428 7
      vertex -90.025 -57.427275866404784 7
      vertex -90.025 -57.427275866404784 15
    endloop
  endfacet
  facet normal -0.831469612302557 -0.5555702330195844 8.177823881131481e-20
    outer loop
      vertex -89.74631432672332 -57.67167664244172 7
      vertex -89.67727586640478 -57.775 7
      vertex -89.67727586640478 -57.775 15
    endloop
  endfacet
  facet normal -0.751839807478943 -0.6593458151001081 0
    outer loop
      vertex -89.74631432672332 -57.67167664244172 7
      vertex -89.74631432672332 -57.67167664244172 15
      vertex -89.82824855787278 -57.57824855787278 7
    endloop
  endfacet
  facet normal -0.5555702330195712 -0.831469612302566 -3.9903009602953473e-19
    outer loop
      vertex -90.025 -57.427275866404784 7
      vertex -89.92167664244171 -57.49631432672333 7
      vertex -89.92167664244171 -57.49631432672333 15
    endloop
  endfacet
  facet normal -0.6593458151001041 -0.7518398074789464 8.579720955895445e-20
    outer loop
      vertex -89.92167664244171 -57.49631432672333 7
      vertex -89.82824855787278 -57.57824855787278 7
      vertex -89.82824855787278 -57.57824855787278 15
    endloop
  endfacet
  facet normal -0.06540312923016835 -0.9978589232386018 -5.2765080566786777e-20
    outer loop
      vertex -90.5 -57.3 7
      vertex -90.37600011739094 -57.30812738169488 7
      vertex -90.37600011739094 -57.30812738169488 15
    endloop
  endfacet
  facet normal 0.6593458151001041 0.7518398074789464 0
    outer loop
      vertex -91.07832335755829 -59.00368567327667 7
      vertex -91.17175144212722 -58.92175144212722 15
      vertex -91.07832335755829 -59.00368567327667 15
    endloop
  endfacet
  facet normal 0.751839807478943 0.6593458151001081 0
    outer loop
      vertex -91.17175144212722 -58.92175144212722 7
      vertex -91.25368567327668 -58.82832335755828 15
      vertex -91.17175144212722 -58.92175144212722 15
    endloop
  endfacet
  facet normal 0.44228869021900885 0.8968727415326845 0
    outer loop
      vertex -90.86354926074684 -59.12768555588572 7
      vertex -90.975 -59.072724133595216 15
      vertex -90.86354926074684 -59.12768555588572 15
    endloop
  endfacet
  facet normal 0.5555702330195712 0.831469612302566 0
    outer loop
      vertex -90.975 -59.072724133595216 7
      vertex -91.07832335755829 -59.00368567327667 15
      vertex -90.975 -59.072724133595216 15
    endloop
  endfacet
  facet normal 0.3214394653031778 0.9469301294951001 0
    outer loop
      vertex -90.74587809284739 -59.167629534974616 7
      vertex -90.86354926074684 -59.12768555588572 15
      vertex -90.74587809284739 -59.167629534974616 15
    endloop
  endfacet
  facet normal 0.19509032201613277 0.9807852804032297 0
    outer loop
      vertex -90.62399988260906 -59.19187261830512 7
      vertex -90.74587809284739 -59.167629534974616 15
      vertex -90.62399988260906 -59.19187261830512 15
    endloop
  endfacet
  facet normal 0.06540312923016835 0.9978589232386018 0
    outer loop
      vertex -90.5 -59.2 7
      vertex -90.62399988260906 -59.19187261830512 15
      vertex -90.5 -59.2 15
    endloop
  endfacet
  facet normal 0.831469612302557 0.5555702330195844 0
    outer loop
      vertex -91.25368567327668 -58.82832335755828 7
      vertex -91.32272413359522 -58.725 15
      vertex -91.25368567327668 -58.82832335755828 15
    endloop
  endfacet
  facet normal 0.8968727415326957 0.4422886902189862 0
    outer loop
      vertex -91.32272413359522 -58.725 7
      vertex -91.37768555588572 -58.61354926074684 15
      vertex -91.32272413359522 -58.725 15
    endloop
  endfacet
  facet normal 0.9807852804032098 0.1950903220162318 0
    outer loop
      vertex -91.41762953497461 -58.49587809284739 7
      vertex -91.44187261830513 -58.37399988260905 15
      vertex -91.41762953497461 -58.49587809284739 15
    endloop
  endfacet
  facet normal 0.9469301294951177 0.32143946530312656 0
    outer loop
      vertex -91.37768555588572 -58.61354926074684 7
      vertex -91.41762953497461 -58.49587809284739 15
      vertex -91.37768555588572 -58.61354926074684 15
    endloop
  endfacet
  facet normal 0.9978589232386054 0.06540312923011514 0
    outer loop
      vertex -91.44187261830513 -58.37399988260905 7
      vertex -91.45 -58.25 15
      vertex -91.44187261830513 -58.37399988260905 15
    endloop
  endfacet
  facet normal 0.9978589232386054 -0.06540312923011514 0
    outer loop
      vertex -91.45 -58.25 7
      vertex -91.44187261830513 -58.12600011739095 15
      vertex -91.45 -58.25 15
    endloop
  endfacet
  facet normal 0.9807852804032098 -0.1950903220162318 0
    outer loop
      vertex -91.44187261830513 -58.12600011739095 7
      vertex -91.41762953497461 -58.00412190715261 15
      vertex -91.44187261830513 -58.12600011739095 15
    endloop
  endfacet
  facet normal 0.9469301294951177 -0.32143946530312656 0
    outer loop
      vertex -91.41762953497461 -58.00412190715261 7
      vertex -91.37768555588572 -57.88645073925316 15
      vertex -91.41762953497461 -58.00412190715261 15
    endloop
  endfacet
  facet normal 0.8968727415326957 -0.4422886902189862 0
    outer loop
      vertex -91.37768555588572 -57.88645073925316 7
      vertex -91.32272413359522 -57.775 15
      vertex -91.37768555588572 -57.88645073925316 15
    endloop
  endfacet
  facet normal -0.06540312923016835 0.9978589232386018 0
    outer loop
      vertex -90.37600011739094 -59.19187261830512 7
      vertex -90.5 -59.2 15
      vertex -90.37600011739094 -59.19187261830512 15
    endloop
  endfacet
  facet normal -0.19509032201613277 0.9807852804032297 0
    outer loop
      vertex -90.25412190715261 -59.167629534974616 7
      vertex -90.37600011739094 -59.19187261830512 15
      vertex -90.25412190715261 -59.167629534974616 15
    endloop
  endfacet
  facet normal -0.3214394653031778 0.9469301294951001 0
    outer loop
      vertex -90.13645073925316 -59.12768555588572 7
      vertex -90.25412190715261 -59.167629534974616 15
      vertex -90.13645073925316 -59.12768555588572 15
    endloop
  endfacet
  facet normal -0.44228869021900885 0.8968727415326845 0
    outer loop
      vertex -90.025 -59.072724133595216 7
      vertex -90.13645073925316 -59.12768555588572 15
      vertex -90.025 -59.072724133595216 15
    endloop
  endfacet
  facet normal -0.5555702330195712 0.831469612302566 0
    outer loop
      vertex -89.92167664244171 -59.00368567327667 7
      vertex -90.025 -59.072724133595216 15
      vertex -89.92167664244171 -59.00368567327667 15
    endloop
  endfacet
  facet normal -0.6593458151001041 0.7518398074789464 0
    outer loop
      vertex -89.82824855787278 -58.92175144212722 7
      vertex -89.92167664244171 -59.00368567327667 15
      vertex -89.82824855787278 -58.92175144212722 15
    endloop
  endfacet
  facet normal -0.751839807478943 0.6593458151001081 0
    outer loop
      vertex -89.74631432672332 -58.82832335755828 7
      vertex -89.82824855787278 -58.92175144212722 15
      vertex -89.74631432672332 -58.82832335755828 15
    endloop
  endfacet
  facet normal -0.831469612302557 0.5555702330195844 0
    outer loop
      vertex -89.67727586640478 -58.725 7
      vertex -89.74631432672332 -58.82832335755828 15
      vertex -89.67727586640478 -58.725 15
    endloop
  endfacet
  facet normal -0.8968727415326957 0.4422886902189862 0
    outer loop
      vertex -89.62231444411428 -58.61354926074684 7
      vertex -89.67727586640478 -58.725 15
      vertex -89.62231444411428 -58.61354926074684 15
    endloop
  endfacet
  facet normal -0.9469301294951177 0.32143946530312656 0
    outer loop
      vertex -89.58237046502539 -58.49587809284739 7
      vertex -89.62231444411428 -58.61354926074684 15
      vertex -89.58237046502539 -58.49587809284739 15
    endloop
  endfacet
  facet normal -0.9807852804032098 0.1950903220162318 0
    outer loop
      vertex -89.55812738169487 -58.37399988260905 7
      vertex -89.58237046502539 -58.49587809284739 15
      vertex -89.55812738169487 -58.37399988260905 15
    endloop
  endfacet
  facet normal -0.9978589232386054 0.06540312923011514 0
    outer loop
      vertex -89.55 -58.25 7
      vertex -89.55812738169487 -58.37399988260905 15
      vertex -89.55 -58.25 15
    endloop
  endfacet
  facet normal -0.9978589232386054 -0.06540312923011514 0
    outer loop
      vertex -89.55812738169487 -58.12600011739095 7
      vertex -89.55 -58.25 15
      vertex -89.55812738169487 -58.12600011739095 15
    endloop
  endfacet
  facet normal -0.9807852804032098 -0.1950903220162318 0
    outer loop
      vertex -89.58237046502539 -58.00412190715261 7
      vertex -89.55812738169487 -58.12600011739095 15
      vertex -89.58237046502539 -58.00412190715261 15
    endloop
  endfacet
  facet normal -0.9469301294951177 -0.32143946530312656 0
    outer loop
      vertex -89.62231444411428 -57.88645073925316 7
      vertex -89.58237046502539 -58.00412190715261 15
      vertex -89.62231444411428 -57.88645073925316 15
    endloop
  endfacet
  facet normal 0.831469612302557 -0.5555702330195844 0
    outer loop
      vertex -91.32272413359522 -57.775 7
      vertex -91.25368567327668 -57.67167664244172 15
      vertex -91.32272413359522 -57.775 15
    endloop
  endfacet
  facet normal 0.751839807478943 -0.6593458151001081 0
    outer loop
      vertex -91.25368567327668 -57.67167664244172 7
      vertex -91.17175144212722 -57.57824855787278 15
      vertex -91.25368567327668 -57.67167664244172 15
    endloop
  endfacet
  facet normal 0.6593458151001041 -0.7518398074789464 0
    outer loop
      vertex -91.17175144212722 -57.57824855787278 7
      vertex -91.07832335755829 -57.49631432672333 15
      vertex -91.17175144212722 -57.57824855787278 15
    endloop
  endfacet
  facet normal 0.5555702330195712 -0.831469612302566 0
    outer loop
      vertex -91.07832335755829 -57.49631432672333 7
      vertex -90.975 -57.427275866404784 15
      vertex -91.07832335755829 -57.49631432672333 15
    endloop
  endfacet
  facet normal 0.44228869021900885 -0.8968727415326845 0
    outer loop
      vertex -90.975 -57.427275866404784 7
      vertex -90.86354926074684 -57.37231444411428 15
      vertex -90.975 -57.427275866404784 15
    endloop
  endfacet
  facet normal 0.3214394653031778 -0.9469301294951001 0
    outer loop
      vertex -90.86354926074684 -57.37231444411428 7
      vertex -90.74587809284739 -57.332370465025384 15
      vertex -90.86354926074684 -57.37231444411428 15
    endloop
  endfacet
  facet normal 0.19509032201613277 -0.9807852804032297 0
    outer loop
      vertex -90.74587809284739 -57.332370465025384 7
      vertex -90.62399988260906 -57.30812738169488 15
      vertex -90.74587809284739 -57.332370465025384 15
    endloop
  endfacet
  facet normal 0.06540312923016835 -0.9978589232386018 0
    outer loop
      vertex -90.62399988260906 -57.30812738169488 7
      vertex -90.5 -57.3 15
      vertex -90.62399988260906 -57.30812738169488 15
    endloop
  endfacet
  facet normal -0.06540312923016835 -0.9978589232386018 0
    outer loop
      vertex -90.5 -57.3 7
      vertex -90.37600011739094 -57.30812738169488 15
      vertex -90.5 -57.3 15
    endloop
  endfacet
  facet normal -0.3214394653031778 -0.9469301294951001 0
    outer loop
      vertex -90.25412190715261 -57.332370465025384 7
      vertex -90.13645073925316 -57.37231444411428 15
      vertex -90.25412190715261 -57.332370465025384 15
    endloop
  endfacet
  facet normal -0.44228869021900885 -0.8968727415326845 0
    outer loop
      vertex -90.13645073925316 -57.37231444411428 7
      vertex -90.025 -57.427275866404784 15
      vertex -90.13645073925316 -57.37231444411428 15
    endloop
  endfacet
  facet normal -0.831469612302557 -0.5555702330195844 0
    outer loop
      vertex -89.74631432672332 -57.67167664244172 7
      vertex -89.67727586640478 -57.775 15
      vertex -89.74631432672332 -57.67167664244172 15
    endloop
  endfacet
  facet normal -0.751839807478943 -0.6593458151001081 0
    outer loop
      vertex -89.82824855787278 -57.57824855787278 7
      vertex -89.74631432672332 -57.67167664244172 15
      vertex -89.82824855787278 -57.57824855787278 15
    endloop
  endfacet
  facet normal -0.5555702330195712 -0.831469612302566 0
    outer loop
      vertex -90.025 -57.427275866404784 7
      vertex -89.92167664244171 -57.49631432672333 15
      vertex -90.025 -57.427275866404784 15
    endloop
  endfacet
  facet normal -0.6593458151001041 -0.7518398074789464 0
    outer loop
      vertex -89.92167664244171 -57.49631432672333 7
      vertex -89.82824855787278 -57.57824855787278 15
      vertex -89.92167664244171 -57.49631432672333 15
    endloop
  endfacet
  facet normal -0.19509032201613277 -0.9807852804032297 0
    outer loop
      vertex -90.37600011739094 -57.30812738169488 7
      vertex -90.25412190715261 -57.332370465025384 15
      vertex -90.37600011739094 -57.30812738169488 15
    endloop
  endfacet
  facet normal -0.8968727415326957 -0.4422886902189862 0
    outer loop
      vertex -89.67727586640478 -57.775 7
      vertex -89.62231444411428 -57.88645073925316 15
      vertex -89.67727586640478 -57.775 15
    endloop
  endfacet
  facet normal 0 0 1
    outer loop
      vertex -91.41762953497461 60.50412190715261 7
      vertex -91.37768555588572 60.38645073925316 7
      vertex -91.37768555588572 61.11354926074684 7
    endloop
  endfacet
  facet normal 0 0 1
    outer loop
      vertex -91.25368567327668 60.17167664244172 7
      vertex -91.25368567327668 61.32832335755828 7
      vertex -91.32272413359522 60.275 7
    endloop
  endfacet
  facet normal 0 0 1
    outer loop
      vertex -91.32272413359522 60.275 7
      vertex -91.32272413359522 61.225 7
      vertex -91.37768555588572 60.38645073925316 7
    endloop
  endfacet
  facet normal 0 0 1
    outer loop
      vertex -91.41762953497461 60.50412190715261 7
      vertex -91.41762953497461 60.99587809284739 7
      vertex -91.44187261830513 60.62600011739095 7
    endloop
  endfacet
  facet normal 0 0 1
    outer loop
      vertex -91.44187261830513 60.62600011739095 7
      vertex -91.44187261830513 60.87399988260905 7
      vertex -91.45 60.75 7
    endloop
  endfacet
  facet normal 0 0 1
    outer loop
      vertex -91.44187261830513 60.62600011739095 7
      vertex -91.41762953497461 60.99587809284739 7
      vertex -91.44187261830513 60.87399988260905 7
    endloop
  endfacet
  facet normal 0 0 1
    outer loop
      vertex -91.41762953497461 60.50412190715261 7
      vertex -91.37768555588572 61.11354926074684 7
      vertex -91.41762953497461 60.99587809284739 7
    endloop
  endfacet
  facet normal 0 0 1
    outer loop
      vertex -91.37768555588572 60.38645073925316 7
      vertex -91.32272413359522 61.225 7
      vertex -91.37768555588572 61.11354926074684 7
    endloop
  endfacet
  facet normal 0 0 1
    outer loop
      vertex -91.07832335755829 59.99631432672333 7
      vertex -91.07832335755829 61.50368567327667 7
      vertex -91.17175144212722 60.07824855787278 7
    endloop
  endfacet
  facet normal 0 0 1
    outer loop
      vertex -91.25368567327668 60.17167664244172 7
      vertex -91.17175144212722 60.07824855787278 7
      vertex -91.17175144212722 61.42175144212722 7
    endloop
  endfacet
  facet normal 0 0 1
    outer loop
      vertex -90.86354926074684 59.87231444411428 7
      vertex -90.86354926074684 61.62768555588572 7
      vertex -90.975 59.927275866404784 7
    endloop
  endfacet
  facet normal 0 0 1
    outer loop
      vertex -91.07832335755829 59.99631432672333 7
      vertex -90.975 59.927275866404784 7
      vertex -90.975 61.572724133595216 7
    endloop
  endfacet
  facet normal 0 0 1
    outer loop
      vertex -90.86354926074684 59.87231444411428 7
      vertex -90.74587809284739 59.832370465025384 7
      vertex -90.74587809284739 61.667629534974616 7
    endloop
  endfacet
  facet normal 0 0 1
    outer loop
      vertex -90.74587809284739 59.832370465025384 7
      vertex -90.62399988260906 59.80812738169488 7
      vertex -90.62399988260906 61.69187261830512 7
    endloop
  endfacet
  facet normal 0 0 1
    outer loop
      vertex -90.5 59.8 7
      vertex -90.5 61.7 7
      vertex -90.62399988260906 59.80812738169488 7
    endloop
  endfacet
  facet normal 0 0 1
    outer loop
      vertex -91.32272413359522 60.275 7
      vertex -91.25368567327668 61.32832335755828 7
      vertex -91.32272413359522 61.225 7
    endloop
  endfacet
  facet normal 0 0 1
    outer loop
      vertex -91.25368567327668 60.17167664244172 7
      vertex -91.17175144212722 61.42175144212722 7
      vertex -91.25368567327668 61.32832335755828 7
    endloop
  endfacet
  facet normal 0 0 1
    outer loop
      vertex -91.17175144212722 60.07824855787278 7
      vertex -91.07832335755829 61.50368567327667 7
      vertex -91.17175144212722 61.42175144212722 7
    endloop
  endfacet
  facet normal 0 0 1
    outer loop
      vertex -91.07832335755829 59.99631432672333 7
      vertex -90.975 61.572724133595216 7
      vertex -91.07832335755829 61.50368567327667 7
    endloop
  endfacet
  facet normal 0 0 1
    outer loop
      vertex -90.975 59.927275866404784 7
      vertex -90.86354926074684 61.62768555588572 7
      vertex -90.975 61.572724133595216 7
    endloop
  endfacet
  facet normal 0 0 1
    outer loop
      vertex -90.86354926074684 59.87231444411428 7
      vertex -90.74587809284739 61.667629534974616 7
      vertex -90.86354926074684 61.62768555588572 7
    endloop
  endfacet
  facet normal 0 0 1
    outer loop
      vertex -90.74587809284739 59.832370465025384 7
      vertex -90.62399988260906 61.69187261830512 7
      vertex -90.74587809284739 61.667629534974616 7
    endloop
  endfacet
  facet normal 0 0 1
    outer loop
      vertex -90.5 59.8 7
      vertex -90.37600011739094 61.69187261830512 7
      vertex -90.5 61.7 7
    endloop
  endfacet
  facet normal 0 0 1
    outer loop
      vertex -90.62399988260906 59.80812738169488 7
      vertex -90.5 61.7 7
      vertex -90.62399988260906 61.69187261830512 7
    endloop
  endfacet
  facet normal 0 0 1
    outer loop
      vertex -90.5 59.8 7
      vertex -90.37600011739094 59.80812738169488 7
      vertex -90.37600011739094 61.69187261830512 7
    endloop
  endfacet
  facet normal 0 0 1
    outer loop
      vertex -90.37600011739094 59.80812738169488 7
      vertex -90.25412190715261 59.832370465025384 7
      vertex -90.25412190715261 61.667629534974616 7
    endloop
  endfacet
  facet normal 0 0 1
    outer loop
      vertex -90.25412190715261 59.832370465025384 7
      vertex -90.13645073925316 59.87231444411428 7
      vertex -90.13645073925316 61.62768555588572 7
    endloop
  endfacet
  facet normal 0 0 1
    outer loop
      vertex -90.13645073925316 59.87231444411428 7
      vertex -90.025 59.927275866404784 7
      vertex -90.025 61.572724133595216 7
    endloop
  endfacet
  facet normal 0 0 1
    outer loop
      vertex -90.025 59.927275866404784 7
      vertex -89.92167664244171 59.99631432672333 7
      vertex -89.92167664244171 61.50368567327667 7
    endloop
  endfacet
  facet normal 0 0 1
    outer loop
      vertex -89.92167664244171 59.99631432672333 7
      vertex -89.82824855787278 60.07824855787278 7
      vertex -89.82824855787278 61.42175144212722 7
    endloop
  endfacet
  facet normal 0 0 1
    outer loop
      vertex -89.82824855787278 60.07824855787278 7
      vertex -89.74631432672332 60.17167664244172 7
      vertex -89.74631432672332 61.32832335755828 7
    endloop
  endfacet
  facet normal 0 0 1
    outer loop
      vertex -89.74631432672332 60.17167664244172 7
      vertex -89.67727586640478 60.275 7
      vertex -89.67727586640478 61.225 7
    endloop
  endfacet
  facet normal 0 0 1
    outer loop
      vertex -89.74631432672332 60.17167664244172 7
      vertex -89.67727586640478 61.225 7
      vertex -89.74631432672332 61.32832335755828 7
    endloop
  endfacet
  facet normal 0 0 1
    outer loop
      vertex -89.67727586640478 60.275 7
      vertex -89.62231444411428 60.38645073925316 7
      vertex -89.62231444411428 61.11354926074684 7
    endloop
  endfacet
  facet normal 0 0 1
    outer loop
      vertex -89.62231444411428 60.38645073925316 7
      vertex -89.58237046502539 60.50412190715261 7
      vertex -89.58237046502539 60.99587809284739 7
    endloop
  endfacet
  facet normal 0 0 1
    outer loop
      vertex -89.58237046502539 60.50412190715261 7
      vertex -89.55812738169487 60.62600011739095 7
      vertex -89.55812738169487 60.87399988260905 7
    endloop
  endfacet
  facet normal 0 0 1
    outer loop
      vertex -89.55812738169487 60.62600011739095 7
      vertex -89.55 60.75 7
      vertex -89.55812738169487 60.87399988260905 7
    endloop
  endfacet
  facet normal 0 0 1
    outer loop
      vertex -89.58237046502539 60.50412190715261 7
      vertex -89.55812738169487 60.87399988260905 7
      vertex -89.58237046502539 60.99587809284739 7
    endloop
  endfacet
  facet normal 0 0 1
    outer loop
      vertex -89.62231444411428 60.38645073925316 7
      vertex -89.58237046502539 60.99587809284739 7
      vertex -89.62231444411428 61.11354926074684 7
    endloop
  endfacet
  facet normal 0 0 1
    outer loop
      vertex -89.67727586640478 60.275 7
      vertex -89.62231444411428 61.11354926074684 7
      vertex -89.67727586640478 61.225 7
    endloop
  endfacet
  facet normal 0 0 1
    outer loop
      vertex -90.37600011739094 59.80812738169488 7
      vertex -90.25412190715261 61.667629534974616 7
      vertex -90.37600011739094 61.69187261830512 7
    endloop
  endfacet
  facet normal 0 0 1
    outer loop
      vertex -90.25412190715261 59.832370465025384 7
      vertex -90.13645073925316 61.62768555588572 7
      vertex -90.25412190715261 61.667629534974616 7
    endloop
  endfacet
  facet normal 0 0 1
    outer loop
      vertex -90.13645073925316 59.87231444411428 7
      vertex -90.025 61.572724133595216 7
      vertex -90.13645073925316 61.62768555588572 7
    endloop
  endfacet
  facet normal 0 0 1
    outer loop
      vertex -90.025 59.927275866404784 7
      vertex -89.92167664244171 61.50368567327667 7
      vertex -90.025 61.572724133595216 7
    endloop
  endfacet
  facet normal 0 0 1
    outer loop
      vertex -89.92167664244171 59.99631432672333 7
      vertex -89.82824855787278 61.42175144212722 7
      vertex -89.92167664244171 61.50368567327667 7
    endloop
  endfacet
  facet normal 0 0 1
    outer loop
      vertex -89.82824855787278 60.07824855787278 7
      vertex -89.74631432672332 61.32832335755828 7
      vertex -89.82824855787278 61.42175144212722 7
    endloop
  endfacet
  facet normal 0.3214394653031778 0.9469301294951001 0
    outer loop
      vertex -90.86354926074684 59.87231444411428 7
      vertex -90.86354926074684 59.87231444411428 15
      vertex -90.74587809284739 59.832370465025384 7
    endloop
  endfacet
  facet normal 0.19509032201613277 0.9807852804032297 0
    outer loop
      vertex -90.74587809284739 59.832370465025384 7
      vertex -90.74587809284739 59.832370465025384 15
      vertex -90.62399988260906 59.80812738169488 7
    endloop
  endfacet
  facet normal 0.06540312923016835 0.9978589232386018 -5.2765080566786777e-20
    outer loop
      vertex -90.5 59.8 7
      vertex -90.62399988260906 59.80812738169488 7
      vertex -90.62399988260906 59.80812738169488 15
    endloop
  endfacet
  facet normal -0.06540312923016835 0.9978589232386018 0
    outer loop
      vertex -90.5 59.8 7
      vertex -90.5 59.8 15
      vertex -90.37600011739094 59.80812738169488 7
    endloop
  endfacet
  facet normal -0.19509032201613277 0.9807852804032297 0
    outer loop
      vertex -90.37600011739094 59.80812738169488 7
      vertex -90.37600011739094 59.80812738169488 15
      vertex -90.25412190715261 59.832370465025384 7
    endloop
  endfacet
  facet normal -0.3214394653031778 0.9469301294951001 0
    outer loop
      vertex -90.25412190715261 59.832370465025384 7
      vertex -90.25412190715261 59.832370465025384 15
      vertex -90.13645073925316 59.87231444411428 7
    endloop
  endfacet
  facet normal -0.44228869021900885 0.8968727415326845 0
    outer loop
      vertex -90.13645073925316 59.87231444411428 7
      vertex -90.13645073925316 59.87231444411428 15
      vertex -90.025 59.927275866404784 7
    endloop
  endfacet
  facet normal 0.751839807478943 0.6593458151001081 0
    outer loop
      vertex -91.25368567327668 60.17167664244172 7
      vertex -91.25368567327668 60.17167664244172 15
      vertex -91.17175144212722 60.07824855787278 7
    endloop
  endfacet
  facet normal 0.831469612302557 0.5555702330195844 8.177823881131481e-20
    outer loop
      vertex -91.25368567327668 60.17167664244172 7
      vertex -91.32272413359522 60.275 7
      vertex -91.32272413359522 60.275 15
    endloop
  endfacet
  facet normal 0.8968727415326957 0.4422886902189862 3.73472820989265e-19
    outer loop
      vertex -91.32272413359522 60.275 7
      vertex -91.37768555588572 60.38645073925316 7
      vertex -91.37768555588572 60.38645073925316 15
    endloop
  endfacet
  facet normal 0.9469301294951177 0.32143946530312656 0
    outer loop
      vertex -91.41762953497461 60.50412190715261 7
      vertex -91.41762953497461 60.50412190715261 15
      vertex -91.37768555588572 60.38645073925316 7
    endloop
  endfacet
  facet normal 0.9807852804032098 0.1950903220162318 -3.185203024344141e-20
    outer loop
      vertex -91.41762953497461 60.50412190715261 7
      vertex -91.44187261830513 60.62600011739095 7
      vertex -91.44187261830513 60.62600011739095 15
    endloop
  endfacet
  facet normal 0.9978589232386054 0.06540312923011514 6.637207691850293e-20
    outer loop
      vertex -91.44187261830513 60.62600011739095 7
      vertex -91.45 60.75 7
      vertex -91.45 60.75 15
    endloop
  endfacet
  facet normal 0.9978589232386054 -0.06540312923011514 -6.637207691850293e-20
    outer loop
      vertex -91.45 60.75 7
      vertex -91.44187261830513 60.87399988260905 7
      vertex -91.44187261830513 60.87399988260905 15
    endloop
  endfacet
  facet normal 0.5555702330195712 0.831469612302566 0
    outer loop
      vertex -91.07832335755829 59.99631432672333 7
      vertex -91.07832335755829 59.99631432672333 15
      vertex -90.975 59.927275866404784 7
    endloop
  endfacet
  facet normal 0.6593458151001041 0.7518398074789464 8.579720955895445e-20
    outer loop
      vertex -91.07832335755829 59.99631432672333 7
      vertex -91.17175144212722 60.07824855787278 7
      vertex -91.17175144212722 60.07824855787278 15
    endloop
  endfacet
  facet normal 0.44228869021900885 0.8968727415326845 -2.8615105497470933e-19
    outer loop
      vertex -90.86354926074684 59.87231444411428 7
      vertex -90.975 59.927275866404784 7
      vertex -90.975 59.927275866404784 15
    endloop
  endfacet
  facet normal 0.9807852804032098 -0.1950903220162318 3.185203024344141e-20
    outer loop
      vertex -91.44187261830513 60.87399988260905 7
      vertex -91.41762953497461 60.99587809284739 7
      vertex -91.41762953497461 60.99587809284739 15
    endloop
  endfacet
  facet normal 0.9469301294951177 -0.32143946530312656 -3.5225477397416785e-19
    outer loop
      vertex -91.41762953497461 60.99587809284739 7
      vertex -91.37768555588572 61.11354926074684 7
      vertex -91.37768555588572 61.11354926074684 15
    endloop
  endfacet
  facet normal 0.8968727415326957 -0.4422886902189862 -3.73472820989265e-19
    outer loop
      vertex -91.37768555588572 61.11354926074684 7
      vertex -91.32272413359522 61.225 7
      vertex -91.32272413359522 61.225 15
    endloop
  endfacet
  facet normal 0.831469612302557 -0.5555702330195844 -8.177823881131481e-20
    outer loop
      vertex -91.32272413359522 61.225 7
      vertex -91.25368567327668 61.32832335755828 7
      vertex -91.25368567327668 61.32832335755828 15
    endloop
  endfacet
  facet normal 0.751839807478943 -0.6593458151001081 4.098533126146997e-19
    outer loop
      vertex -91.25368567327668 61.32832335755828 7
      vertex -91.17175144212722 61.42175144212722 7
      vertex -91.17175144212722 61.42175144212722 15
    endloop
  endfacet
  facet normal 0.6593458151001041 -0.7518398074789464 -8.579720955895445e-20
    outer loop
      vertex -91.17175144212722 61.42175144212722 7
      vertex -91.07832335755829 61.50368567327667 7
      vertex -91.07832335755829 61.50368567327667 15
    endloop
  endfacet
  facet normal 0.5555702330195712 -0.831469612302566 3.9903009602953473e-19
    outer loop
      vertex -91.07832335755829 61.50368567327667 7
      vertex -90.975 61.572724133595216 7
      vertex -90.975 61.572724133595216 15
    endloop
  endfacet
  facet normal 0.44228869021900885 -0.8968727415326845 2.8615105497470933e-19
    outer loop
      vertex -90.975 61.572724133595216 7
      vertex -90.86354926074684 61.62768555588572 7
      vertex -90.86354926074684 61.62768555588572 15
    endloop
  endfacet
  facet normal 0.3214394653031778 -0.9469301294951001 -3.8522823575133934e-19
    outer loop
      vertex -90.86354926074684 61.62768555588572 7
      vertex -90.74587809284739 61.667629534974616 7
      vertex -90.74587809284739 61.667629534974616 15
    endloop
  endfacet
  facet normal 0.19509032201613277 -0.9807852804032297 7.378787423346171e-20
    outer loop
      vertex -90.74587809284739 61.667629534974616 7
      vertex -90.62399988260906 61.69187261830512 7
      vertex -90.62399988260906 61.69187261830512 15
    endloop
  endfacet
  facet normal 0.06540312923016835 -0.9978589232386018 5.2765080566786777e-20
    outer loop
      vertex -90.62399988260906 61.69187261830512 7
      vertex -90.5 61.7 7
      vertex -90.5 61.7 15
    endloop
  endfacet
  facet normal -0.5555702330195712 0.831469612302566 0
    outer loop
      vertex -90.025 59.927275866404784 7
      vertex -90.025 59.927275866404784 15
      vertex -89.92167664244171 59.99631432672333 7
    endloop
  endfacet
  facet normal -0.6593458151001041 0.7518398074789464 0
    outer loop
      vertex -89.92167664244171 59.99631432672333 7
      vertex -89.92167664244171 59.99631432672333 15
      vertex -89.82824855787278 60.07824855787278 7
    endloop
  endfacet
  facet normal -0.751839807478943 0.6593458151001081 0
    outer loop
      vertex -89.82824855787278 60.07824855787278 7
      vertex -89.82824855787278 60.07824855787278 15
      vertex -89.74631432672332 60.17167664244172 7
    endloop
  endfacet
  facet normal -0.831469612302557 0.5555702330195844 0
    outer loop
      vertex -89.74631432672332 60.17167664244172 7
      vertex -89.74631432672332 60.17167664244172 15
      vertex -89.67727586640478 60.275 7
    endloop
  endfacet
  facet normal -0.8968727415326957 0.4422886902189862 0
    outer loop
      vertex -89.67727586640478 60.275 7
      vertex -89.67727586640478 60.275 15
      vertex -89.62231444411428 60.38645073925316 7
    endloop
  endfacet
  facet normal -0.9469301294951177 0.32143946530312656 0
    outer loop
      vertex -89.62231444411428 60.38645073925316 7
      vertex -89.62231444411428 60.38645073925316 15
      vertex -89.58237046502539 60.50412190715261 7
    endloop
  endfacet
  facet normal -0.9807852804032098 0.1950903220162318 0
    outer loop
      vertex -89.58237046502539 60.50412190715261 7
      vertex -89.58237046502539 60.50412190715261 15
      vertex -89.55812738169487 60.62600011739095 7
    endloop
  endfacet
  facet normal -0.9978589232386054 0.06540312923011514 0
    outer loop
      vertex -89.55812738169487 60.62600011739095 7
      vertex -89.55812738169487 60.62600011739095 15
      vertex -89.55 60.75 7
    endloop
  endfacet
  facet normal -0.9978589232386054 -0.06540312923011514 0
    outer loop
      vertex -89.55 60.75 7
      vertex -89.55 60.75 15
      vertex -89.55812738169487 60.87399988260905 7
    endloop
  endfacet
  facet normal -0.9807852804032098 -0.1950903220162318 0
    outer loop
      vertex -89.55812738169487 60.87399988260905 7
      vertex -89.55812738169487 60.87399988260905 15
      vertex -89.58237046502539 60.99587809284739 7
    endloop
  endfacet
  facet normal -0.831469612302557 -0.5555702330195844 0
    outer loop
      vertex -89.67727586640478 61.225 7
      vertex -89.67727586640478 61.225 15
      vertex -89.74631432672332 61.32832335755828 7
    endloop
  endfacet
  facet normal -0.751839807478943 -0.6593458151001081 0
    outer loop
      vertex -89.74631432672332 61.32832335755828 7
      vertex -89.74631432672332 61.32832335755828 15
      vertex -89.82824855787278 61.42175144212722 7
    endloop
  endfacet
  facet normal -0.6593458151001041 -0.7518398074789464 8.579720955895445e-20
    outer loop
      vertex -89.92167664244171 61.50368567327667 7
      vertex -89.82824855787278 61.42175144212722 7
      vertex -89.82824855787278 61.42175144212722 15
    endloop
  endfacet
  facet normal -0.19509032201613277 -0.9807852804032297 -7.378787423346171e-20
    outer loop
      vertex -90.37600011739094 61.69187261830512 7
      vertex -90.25412190715261 61.667629534974616 7
      vertex -90.25412190715261 61.667629534974616 15
    endloop
  endfacet
  facet normal -0.06540312923016835 -0.9978589232386018 -5.2765080566786777e-20
    outer loop
      vertex -90.5 61.7 7
      vertex -90.37600011739094 61.69187261830512 7
      vertex -90.37600011739094 61.69187261830512 15
    endloop
  endfacet
  facet normal -0.3214394653031778 -0.9469301294951001 3.8522823575133934e-19
    outer loop
      vertex -90.25412190715261 61.667629534974616 7
      vertex -90.13645073925316 61.62768555588572 7
      vertex -90.13645073925316 61.62768555588572 15
    endloop
  endfacet
  facet normal -0.44228869021900885 -0.8968727415326845 -2.8615105497470933e-19
    outer loop
      vertex -90.13645073925316 61.62768555588572 7
      vertex -90.025 61.572724133595216 7
      vertex -90.025 61.572724133595216 15
    endloop
  endfacet
  facet normal -0.5555702330195712 -0.831469612302566 0
    outer loop
      vertex -89.92167664244171 61.50368567327667 7
      vertex -89.92167664244171 61.50368567327667 15
      vertex -90.025 61.572724133595216 7
    endloop
  endfacet
  facet normal -0.9469301294951177 -0.32143946530312656 0
    outer loop
      vertex -89.58237046502539 60.99587809284739 7
      vertex -89.58237046502539 60.99587809284739 15
      vertex -89.62231444411428 61.11354926074684 7
    endloop
  endfacet
  facet normal -0.8968727415326957 -0.4422886902189862 0
    outer loop
      vertex -89.62231444411428 61.11354926074684 7
      vertex -89.62231444411428 61.11354926074684 15
      vertex -89.67727586640478 61.225 7
    endloop
  endfacet
  facet normal 0.44228869021900885 0.8968727415326845 0
    outer loop
      vertex -90.86354926074684 59.87231444411428 7
      vertex -90.975 59.927275866404784 15
      vertex -90.86354926074684 59.87231444411428 15
    endloop
  endfacet
  facet normal 0.3214394653031778 0.9469301294951001 0
    outer loop
      vertex -90.74587809284739 59.832370465025384 7
      vertex -90.86354926074684 59.87231444411428 15
      vertex -90.74587809284739 59.832370465025384 15
    endloop
  endfacet
  facet normal 0.19509032201613277 0.9807852804032297 0
    outer loop
      vertex -90.62399988260906 59.80812738169488 7
      vertex -90.74587809284739 59.832370465025384 15
      vertex -90.62399988260906 59.80812738169488 15
    endloop
  endfacet
  facet normal 0.06540312923016835 0.9978589232386018 0
    outer loop
      vertex -90.5 59.8 7
      vertex -90.62399988260906 59.80812738169488 15
      vertex -90.5 59.8 15
    endloop
  endfacet
  facet normal -0.06540312923016835 0.9978589232386018 0
    outer loop
      vertex -90.37600011739094 59.80812738169488 7
      vertex -90.5 59.8 15
      vertex -90.37600011739094 59.80812738169488 15
    endloop
  endfacet
  facet normal -0.19509032201613277 0.9807852804032297 0
    outer loop
      vertex -90.25412190715261 59.832370465025384 7
      vertex -90.37600011739094 59.80812738169488 15
      vertex -90.25412190715261 59.832370465025384 15
    endloop
  endfacet
  facet normal -0.3214394653031778 0.9469301294951001 0
    outer loop
      vertex -90.13645073925316 59.87231444411428 7
      vertex -90.25412190715261 59.832370465025384 15
      vertex -90.13645073925316 59.87231444411428 15
    endloop
  endfacet
  facet normal 0.831469612302557 0.5555702330195844 0
    outer loop
      vertex -91.25368567327668 60.17167664244172 7
      vertex -91.32272413359522 60.275 15
      vertex -91.25368567327668 60.17167664244172 15
    endloop
  endfacet
  facet normal 0.8968727415326957 0.4422886902189862 0
    outer loop
      vertex -91.32272413359522 60.275 7
      vertex -91.37768555588572 60.38645073925316 15
      vertex -91.32272413359522 60.275 15
    endloop
  endfacet
  facet normal 0.9807852804032098 0.1950903220162318 0
    outer loop
      vertex -91.41762953497461 60.50412190715261 7
      vertex -91.44187261830513 60.62600011739095 15
      vertex -91.41762953497461 60.50412190715261 15
    endloop
  endfacet
  facet normal 0.9978589232386054 0.06540312923011514 0
    outer loop
      vertex -91.44187261830513 60.62600011739095 7
      vertex -91.45 60.75 15
      vertex -91.44187261830513 60.62600011739095 15
    endloop
  endfacet
  facet normal 0.9469301294951177 0.32143946530312656 0
    outer loop
      vertex -91.37768555588572 60.38645073925316 7
      vertex -91.41762953497461 60.50412190715261 15
      vertex -91.37768555588572 60.38645073925316 15
    endloop
  endfacet
  facet normal 0.9978589232386054 -0.06540312923011514 0
    outer loop
      vertex -91.45 60.75 7
      vertex -91.44187261830513 60.87399988260905 15
      vertex -91.45 60.75 15
    endloop
  endfacet
  facet normal 0.9807852804032098 -0.1950903220162318 0
    outer loop
      vertex -91.44187261830513 60.87399988260905 7
      vertex -91.41762953497461 60.99587809284739 15
      vertex -91.44187261830513 60.87399988260905 15
    endloop
  endfacet
  facet normal 0.6593458151001041 0.7518398074789464 0
    outer loop
      vertex -91.07832335755829 59.99631432672333 7
      vertex -91.17175144212722 60.07824855787278 15
      vertex -91.07832335755829 59.99631432672333 15
    endloop
  endfacet
  facet normal 0.751839807478943 0.6593458151001081 0
    outer loop
      vertex -91.17175144212722 60.07824855787278 7
      vertex -91.25368567327668 60.17167664244172 15
      vertex -91.17175144212722 60.07824855787278 15
    endloop
  endfacet
  facet normal 0.5555702330195712 0.831469612302566 0
    outer loop
      vertex -90.975 59.927275866404784 7
      vertex -91.07832335755829 59.99631432672333 15
      vertex -90.975 59.927275866404784 15
    endloop
  endfacet
  facet normal 0.9469301294951177 -0.32143946530312656 0
    outer loop
      vertex -91.41762953497461 60.99587809284739 7
      vertex -91.37768555588572 61.11354926074684 15
      vertex -91.41762953497461 60.99587809284739 15
    endloop
  endfacet
  facet normal 0.8968727415326957 -0.4422886902189862 0
    outer loop
      vertex -91.37768555588572 61.11354926074684 7
      vertex -91.32272413359522 61.225 15
      vertex -91.37768555588572 61.11354926074684 15
    endloop
  endfacet
  facet normal 0.831469612302557 -0.5555702330195844 0
    outer loop
      vertex -91.32272413359522 61.225 7
      vertex -91.25368567327668 61.32832335755828 15
      vertex -91.32272413359522 61.225 15
    endloop
  endfacet
  facet normal 0.751839807478943 -0.6593458151001081 0
    outer loop
      vertex -91.25368567327668 61.32832335755828 7
      vertex -91.17175144212722 61.42175144212722 15
      vertex -91.25368567327668 61.32832335755828 15
    endloop
  endfacet
  facet normal 0.6593458151001041 -0.7518398074789464 0
    outer loop
      vertex -91.17175144212722 61.42175144212722 7
      vertex -91.07832335755829 61.50368567327667 15
      vertex -91.17175144212722 61.42175144212722 15
    endloop
  endfacet
  facet normal 0.5555702330195712 -0.831469612302566 0
    outer loop
      vertex -91.07832335755829 61.50368567327667 7
      vertex -90.975 61.572724133595216 15
      vertex -91.07832335755829 61.50368567327667 15
    endloop
  endfacet
  facet normal 0.44228869021900885 -0.8968727415326845 0
    outer loop
      vertex -90.975 61.572724133595216 7
      vertex -90.86354926074684 61.62768555588572 15
      vertex -90.975 61.572724133595216 15
    endloop
  endfacet
  facet normal 0.3214394653031778 -0.9469301294951001 0
    outer loop
      vertex -90.86354926074684 61.62768555588572 7
      vertex -90.74587809284739 61.667629534974616 15
      vertex -90.86354926074684 61.62768555588572 15
    endloop
  endfacet
  facet normal 0.19509032201613277 -0.9807852804032297 0
    outer loop
      vertex -90.74587809284739 61.667629534974616 7
      vertex -90.62399988260906 61.69187261830512 15
      vertex -90.74587809284739 61.667629534974616 15
    endloop
  endfacet
  facet normal 0.06540312923016835 -0.9978589232386018 0
    outer loop
      vertex -90.62399988260906 61.69187261830512 7
      vertex -90.5 61.7 15
      vertex -90.62399988260906 61.69187261830512 15
    endloop
  endfacet
  facet normal -0.06540312923016835 -0.9978589232386018 0
    outer loop
      vertex -90.5 61.7 7
      vertex -90.37600011739094 61.69187261830512 15
      vertex -90.5 61.7 15
    endloop
  endfacet
  facet normal -0.44228869021900885 0.8968727415326845 0
    outer loop
      vertex -90.025 59.927275866404784 7
      vertex -90.13645073925316 59.87231444411428 15
      vertex -90.025 59.927275866404784 15
    endloop
  endfacet
  facet normal -0.5555702330195712 0.831469612302566 0
    outer loop
      vertex -89.92167664244171 59.99631432672333 7
      vertex -90.025 59.927275866404784 15
      vertex -89.92167664244171 59.99631432672333 15
    endloop
  endfacet
  facet normal -0.6593458151001041 0.7518398074789464 0
    outer loop
      vertex -89.82824855787278 60.07824855787278 7
      vertex -89.92167664244171 59.99631432672333 15
      vertex -89.82824855787278 60.07824855787278 15
    endloop
  endfacet
  facet normal -0.751839807478943 0.6593458151001081 0
    outer loop
      vertex -89.74631432672332 60.17167664244172 7
      vertex -89.82824855787278 60.07824855787278 15
      vertex -89.74631432672332 60.17167664244172 15
    endloop
  endfacet
  facet normal -0.831469612302557 0.5555702330195844 0
    outer loop
      vertex -89.67727586640478 60.275 7
      vertex -89.74631432672332 60.17167664244172 15
      vertex -89.67727586640478 60.275 15
    endloop
  endfacet
  facet normal -0.8968727415326957 0.4422886902189862 0
    outer loop
      vertex -89.62231444411428 60.38645073925316 7
      vertex -89.67727586640478 60.275 15
      vertex -89.62231444411428 60.38645073925316 15
    endloop
  endfacet
  facet normal -0.9469301294951177 0.32143946530312656 0
    outer loop
      vertex -89.58237046502539 60.50412190715261 7
      vertex -89.62231444411428 60.38645073925316 15
      vertex -89.58237046502539 60.50412190715261 15
    endloop
  endfacet
  facet normal -0.9807852804032098 0.1950903220162318 0
    outer loop
      vertex -89.55812738169487 60.62600011739095 7
      vertex -89.58237046502539 60.50412190715261 15
      vertex -89.55812738169487 60.62600011739095 15
    endloop
  endfacet
  facet normal -0.9978589232386054 0.06540312923011514 0
    outer loop
      vertex -89.55 60.75 7
      vertex -89.55812738169487 60.62600011739095 15
      vertex -89.55 60.75 15
    endloop
  endfacet
  facet normal -0.9978589232386054 -0.06540312923011514 0
    outer loop
      vertex -89.55812738169487 60.87399988260905 7
      vertex -89.55 60.75 15
      vertex -89.55812738169487 60.87399988260905 15
    endloop
  endfacet
  facet normal -0.831469612302557 -0.5555702330195844 0
    outer loop
      vertex -89.74631432672332 61.32832335755828 7
      vertex -89.67727586640478 61.225 15
      vertex -89.74631432672332 61.32832335755828 15
    endloop
  endfacet
  facet normal -0.751839807478943 -0.6593458151001081 0
    outer loop
      vertex -89.82824855787278 61.42175144212722 7
      vertex -89.74631432672332 61.32832335755828 15
      vertex -89.82824855787278 61.42175144212722 15
    endloop
  endfacet
  facet normal -0.19509032201613277 -0.9807852804032297 0
    outer loop
      vertex -90.37600011739094 61.69187261830512 7
      vertex -90.25412190715261 61.667629534974616 15
      vertex -90.37600011739094 61.69187261830512 15
    endloop
  endfacet
  facet normal -0.3214394653031778 -0.9469301294951001 0
    outer loop
      vertex -90.25412190715261 61.667629534974616 7
      vertex -90.13645073925316 61.62768555588572 15
      vertex -90.25412190715261 61.667629534974616 15
    endloop
  endfacet
  facet normal -0.44228869021900885 -0.8968727415326845 0
    outer loop
      vertex -90.13645073925316 61.62768555588572 7
      vertex -90.025 61.572724133595216 15
      vertex -90.13645073925316 61.62768555588572 15
    endloop
  endfacet
  facet normal -0.5555702330195712 -0.831469612302566 0
    outer loop
      vertex -90.025 61.572724133595216 7
      vertex -89.92167664244171 61.50368567327667 15
      vertex -90.025 61.572724133595216 15
    endloop
  endfacet
  facet normal -0.6593458151001041 -0.7518398074789464 0
    outer loop
      vertex -89.92167664244171 61.50368567327667 7
      vertex -89.82824855787278 61.42175144212722 15
      vertex -89.92167664244171 61.50368567327667 15
    endloop
  endfacet
  facet normal -0.9807852804032098 -0.1950903220162318 0
    outer loop
      vertex -89.58237046502539 60.99587809284739 7
      vertex -89.55812738169487 60.87399988260905 15
      vertex -89.58237046502539 60.99587809284739 15
    endloop
  endfacet
  facet normal -0.9469301294951177 -0.32143946530312656 0
    outer loop
      vertex -89.62231444411428 61.11354926074684 7
      vertex -89.58237046502539 60.99587809284739 15
      vertex -89.62231444411428 61.11354926074684 15
    endloop
  endfacet
  facet normal -0.8968727415326957 -0.4422886902189862 0
    outer loop
      vertex -89.67727586640478 61.225 7
      vertex -89.62231444411428 61.11354926074684 15
      vertex -89.67727586640478 61.225 15
    endloop
  endfacet
  facet normal 0 0 1
    outer loop
      vertex 89.67727586640478 -58.725 7
      vertex 89.67727586640478 -57.775 7
      vertex 89.62231444411428 -58.61354926074684 7
    endloop
  endfacet
  facet normal 0 0 1
    outer loop
      vertex 89.62231444411428 -58.61354926074684 7
      vertex 89.62231444411428 -57.88645073925316 7
      vertex 89.58237046502539 -58.49587809284739 7
    endloop
  endfacet
  facet normal 0 0 1
    outer loop
      vertex 89.58237046502539 -58.49587809284739 7
      vertex 89.58237046502539 -58.00412190715261 7
      vertex 89.55812738169487 -58.37399988260905 7
    endloop
  endfacet
  facet normal 0 0 1
    outer loop
      vertex 89.55812738169487 -58.37399988260905 7
      vertex 89.55812738169487 -58.12600011739095 7
      vertex 89.55 -58.25 7
    endloop
  endfacet
  facet normal 0 0 1
    outer loop
      vertex 89.55812738169487 -58.37399988260905 7
      vertex 89.58237046502539 -58.00412190715261 7
      vertex 89.55812738169487 -58.12600011739095 7
    endloop
  endfacet
  facet normal 0 0 1
    outer loop
      vertex 89.58237046502539 -58.49587809284739 7
      vertex 89.62231444411428 -57.88645073925316 7
      vertex 89.58237046502539 -58.00412190715261 7
    endloop
  endfacet
  facet normal 0 0 1
    outer loop
      vertex 89.62231444411428 -58.61354926074684 7
      vertex 89.67727586640478 -57.775 7
      vertex 89.62231444411428 -57.88645073925316 7
    endloop
  endfacet
  facet normal 0 0 1
    outer loop
      vertex 89.82824855787278 -58.92175144212722 7
      vertex 89.82824855787278 -57.57824855787278 7
      vertex 89.74631432672332 -58.82832335755828 7
    endloop
  endfacet
  facet normal 0 0 1
    outer loop
      vertex 89.74631432672332 -58.82832335755828 7
      vertex 89.74631432672332 -57.67167664244172 7
      vertex 89.67727586640478 -58.725 7
    endloop
  endfacet
  facet normal 0 0 1
    outer loop
      vertex 90.025 -59.072724133595216 7
      vertex 90.025 -57.427275866404784 7
      vertex 89.92167664244171 -59.00368567327667 7
    endloop
  endfacet
  facet normal 0 0 1
    outer loop
      vertex 89.82824855787278 -58.92175144212722 7
      vertex 89.92167664244171 -59.00368567327667 7
      vertex 89.92167664244171 -57.49631432672333 7
    endloop
  endfacet
  facet normal 0 0 1
    outer loop
      vertex 90.025 -59.072724133595216 7
      vertex 90.13645073925316 -59.12768555588572 7
      vertex 90.13645073925316 -57.37231444411428 7
    endloop
  endfacet
  facet normal 0 0 1
    outer loop
      vertex 90.13645073925316 -59.12768555588572 7
      vertex 90.25412190715261 -59.167629534974616 7
      vertex 90.25412190715261 -57.332370465025384 7
    endloop
  endfacet
  facet normal 0 0 1
    outer loop
      vertex 90.25412190715261 -59.167629534974616 7
      vertex 90.37600011739094 -59.19187261830512 7
      vertex 90.37600011739094 -57.30812738169488 7
    endloop
  endfacet
  facet normal 0 0 1
    outer loop
      vertex 89.67727586640478 -58.725 7
      vertex 89.74631432672332 -57.67167664244172 7
      vertex 89.67727586640478 -57.775 7
    endloop
  endfacet
  facet normal 0 0 1
    outer loop
      vertex 89.74631432672332 -58.82832335755828 7
      vertex 89.82824855787278 -57.57824855787278 7
      vertex 89.74631432672332 -57.67167664244172 7
    endloop
  endfacet
  facet normal 0 0 1
    outer loop
      vertex 89.82824855787278 -58.92175144212722 7
      vertex 89.92167664244171 -57.49631432672333 7
      vertex 89.82824855787278 -57.57824855787278 7
    endloop
  endfacet
  facet normal 0 0 1
    outer loop
      vertex 89.92167664244171 -59.00368567327667 7
      vertex 90.025 -57.427275866404784 7
      vertex 89.92167664244171 -57.49631432672333 7
    endloop
  endfacet
  facet normal 0 0 1
    outer loop
      vertex 90.025 -59.072724133595216 7
      vertex 90.13645073925316 -57.37231444411428 7
      vertex 90.025 -57.427275866404784 7
    endloop
  endfacet
  facet normal 0 0 1
    outer loop
      vertex 90.13645073925316 -59.12768555588572 7
      vertex 90.25412190715261 -57.332370465025384 7
      vertex 90.13645073925316 -57.37231444411428 7
    endloop
  endfacet
  facet normal 0 0 1
    outer loop
      vertex 90.25412190715261 -59.167629534974616 7
      vertex 90.37600011739094 -57.30812738169488 7
      vertex 90.25412190715261 -57.332370465025384 7
    endloop
  endfacet
  facet normal 0 0 1
    outer loop
      vertex 90.37600011739094 -59.19187261830512 7
      vertex 90.5 -57.3 7
      vertex 90.37600011739094 -57.30812738169488 7
    endloop
  endfacet
  facet normal 0 0 1
    outer loop
      vertex 90.37600011739094 -59.19187261830512 7
      vertex 90.5 -59.2 7
      vertex 90.5 -57.3 7
    endloop
  endfacet
  facet normal 0 0 1
    outer loop
      vertex 90.5 -59.2 7
      vertex 90.62399988260906 -59.19187261830512 7
      vertex 90.62399988260906 -57.30812738169488 7
    endloop
  endfacet
  facet normal 0 0 1
    outer loop
      vertex 90.62399988260906 -59.19187261830512 7
      vertex 90.74587809284739 -59.167629534974616 7
      vertex 90.74587809284739 -57.332370465025384 7
    endloop
  endfacet
  facet normal 0 0 1
    outer loop
      vertex 90.74587809284739 -59.167629534974616 7
      vertex 90.86354926074684 -59.12768555588572 7
      vertex 90.86354926074684 -57.37231444411428 7
    endloop
  endfacet
  facet normal 0 0 1
    outer loop
      vertex 90.86354926074684 -59.12768555588572 7
      vertex 90.975 -59.072724133595216 7
      vertex 90.975 -57.427275866404784 7
    endloop
  endfacet
  facet normal 0 0 1
    outer loop
      vertex 90.975 -59.072724133595216 7
      vertex 91.07832335755829 -59.00368567327667 7
      vertex 91.07832335755829 -57.49631432672333 7
    endloop
  endfacet
  facet normal 0 0 1
    outer loop
      vertex 91.07832335755829 -59.00368567327667 7
      vertex 91.17175144212722 -58.92175144212722 7
      vertex 91.17175144212722 -57.57824855787278 7
    endloop
  endfacet
  facet normal 0 0 1
    outer loop
      vertex 90.5 -59.2 7
      vertex 90.62399988260906 -57.30812738169488 7
      vertex 90.5 -57.3 7
    endloop
  endfacet
  facet normal 0 0 1
    outer loop
      vertex 90.62399988260906 -59.19187261830512 7
      vertex 90.74587809284739 -57.332370465025384 7
      vertex 90.62399988260906 -57.30812738169488 7
    endloop
  endfacet
  facet normal 0 0 1
    outer loop
      vertex 90.74587809284739 -59.167629534974616 7
      vertex 90.86354926074684 -57.37231444411428 7
      vertex 90.74587809284739 -57.332370465025384 7
    endloop
  endfacet
  facet normal 0 0 1
    outer loop
      vertex 90.975 -59.072724133595216 7
      vertex 91.07832335755829 -57.49631432672333 7
      vertex 90.975 -57.427275866404784 7
    endloop
  endfacet
  facet normal 0 0 1
    outer loop
      vertex 90.86354926074684 -59.12768555588572 7
      vertex 90.975 -57.427275866404784 7
      vertex 90.86354926074684 -57.37231444411428 7
    endloop
  endfacet
  facet normal 0 0 1
    outer loop
      vertex 91.17175144212722 -58.92175144212722 7
      vertex 91.25368567327668 -57.67167664244172 7
      vertex 91.17175144212722 -57.57824855787278 7
    endloop
  endfacet
  facet normal 0 0 1
    outer loop
      vertex 91.07832335755829 -59.00368567327667 7
      vertex 91.17175144212722 -57.57824855787278 7
      vertex 91.07832335755829 -57.49631432672333 7
    endloop
  endfacet
  facet normal 0 0 1
    outer loop
      vertex 91.17175144212722 -58.92175144212722 7
      vertex 91.25368567327668 -58.82832335755828 7
      vertex 91.25368567327668 -57.67167664244172 7
    endloop
  endfacet
  facet normal 0 0 1
    outer loop
      vertex 91.25368567327668 -58.82832335755828 7
      vertex 91.32272413359522 -58.725 7
      vertex 91.32272413359522 -57.775 7
    endloop
  endfacet
  facet normal 0 0 1
    outer loop
      vertex 91.32272413359522 -58.725 7
      vertex 91.37768555588572 -58.61354926074684 7
      vertex 91.37768555588572 -57.88645073925316 7
    endloop
  endfacet
  facet normal 0 0 1
    outer loop
      vertex 91.37768555588572 -58.61354926074684 7
      vertex 91.41762953497461 -58.49587809284739 7
      vertex 91.41762953497461 -58.00412190715261 7
    endloop
  endfacet
  facet normal 0 0 1
    outer loop
      vertex 91.32272413359522 -58.725 7
      vertex 91.37768555588572 -57.88645073925316 7
      vertex 91.32272413359522 -57.775 7
    endloop
  endfacet
  facet normal 0 0 1
    outer loop
      vertex 91.37768555588572 -58.61354926074684 7
      vertex 91.41762953497461 -58.00412190715261 7
      vertex 91.37768555588572 -57.88645073925316 7
    endloop
  endfacet
  facet normal 0 0 1
    outer loop
      vertex 91.41762953497461 -58.49587809284739 7
      vertex 91.44187261830513 -58.37399988260905 7
      vertex 91.44187261830513 -58.12600011739095 7
    endloop
  endfacet
  facet normal 0 0 1
    outer loop
      vertex 91.44187261830513 -58.37399988260905 7
      vertex 91.45 -58.25 7
      vertex 91.44187261830513 -58.12600011739095 7
    endloop
  endfacet
  facet normal 0 0 1
    outer loop
      vertex 91.41762953497461 -58.49587809284739 7
      vertex 91.44187261830513 -58.12600011739095 7
      vertex 91.41762953497461 -58.00412190715261 7
    endloop
  endfacet
  facet normal 0 0 1
    outer loop
      vertex 91.25368567327668 -58.82832335755828 7
      vertex 91.32272413359522 -57.775 7
      vertex 91.25368567327668 -57.67167664244172 7
    endloop
  endfacet
  facet normal 0.6593458151001041 0.7518398074789464 0
    outer loop
      vertex 89.82824855787278 -58.92175144212722 7
      vertex 89.82824855787278 -58.92175144212722 15
      vertex 89.92167664244171 -59.00368567327667 7
    endloop
  endfacet
  facet normal 0.5555702330195712 0.831469612302566 -3.9903009602953473e-19
    outer loop
      vertex 90.025 -59.072724133595216 7
      vertex 89.92167664244171 -59.00368567327667 7
      vertex 89.92167664244171 -59.00368567327667 15
    endloop
  endfacet
  facet normal 0.3214394653031778 0.9469301294951001 0
    outer loop
      vertex 90.13645073925316 -59.12768555588572 7
      vertex 90.13645073925316 -59.12768555588572 15
      vertex 90.25412190715261 -59.167629534974616 7
    endloop
  endfacet
  facet normal 0.06540312923016835 0.9978589232386018 0
    outer loop
      vertex 90.37600011739094 -59.19187261830512 7
      vertex 90.37600011739094 -59.19187261830512 15
      vertex 90.5 -59.2 7
    endloop
  endfacet
  facet normal 0.19509032201613277 0.9807852804032297 0
    outer loop
      vertex 90.25412190715261 -59.167629534974616 7
      vertex 90.25412190715261 -59.167629534974616 15
      vertex 90.37600011739094 -59.19187261830512 7
    endloop
  endfacet
  facet normal 0.44228869021900885 0.8968727415326845 0
    outer loop
      vertex 90.025 -59.072724133595216 7
      vertex 90.025 -59.072724133595216 15
      vertex 90.13645073925316 -59.12768555588572 7
    endloop
  endfacet
  facet normal 0.8968727415326957 0.4422886902189862 3.73472820989265e-19
    outer loop
      vertex 89.67727586640478 -58.725 7
      vertex 89.62231444411428 -58.61354926074684 7
      vertex 89.62231444411428 -58.61354926074684 15
    endloop
  endfacet
  facet normal 0.9469301294951177 0.32143946530312656 3.5225477397416785e-19
    outer loop
      vertex 89.62231444411428 -58.61354926074684 7
      vertex 89.58237046502539 -58.49587809284739 7
      vertex 89.58237046502539 -58.49587809284739 15
    endloop
  endfacet
  facet normal 0.9807852804032098 0.1950903220162318 -3.185203024344141e-20
    outer loop
      vertex 89.58237046502539 -58.49587809284739 7
      vertex 89.55812738169487 -58.37399988260905 7
      vertex 89.55812738169487 -58.37399988260905 15
    endloop
  endfacet
  facet normal 0.9978589232386054 0.06540312923011514 6.637207691850293e-20
    outer loop
      vertex 89.55812738169487 -58.37399988260905 7
      vertex 89.55 -58.25 7
      vertex 89.55 -58.25 15
    endloop
  endfacet
  facet normal 0.9978589232386054 -0.06540312923011514 -6.637207691850293e-20
    outer loop
      vertex 89.55 -58.25 7
      vertex 89.55812738169487 -58.12600011739095 7
      vertex 89.55812738169487 -58.12600011739095 15
    endloop
  endfacet
  facet normal 0.9807852804032098 -0.1950903220162318 3.185203024344141e-20
    outer loop
      vertex 89.55812738169487 -58.12600011739095 7
      vertex 89.58237046502539 -58.00412190715261 7
      vertex 89.58237046502539 -58.00412190715261 15
    endloop
  endfacet
  facet normal 0.9469301294951177 -0.32143946530312656 -3.5225477397416785e-19
    outer loop
      vertex 89.58237046502539 -58.00412190715261 7
      vertex 89.62231444411428 -57.88645073925316 7
      vertex 89.62231444411428 -57.88645073925316 15
    endloop
  endfacet
  facet normal 0.751839807478943 0.6593458151001081 -4.098533126146997e-19
    outer loop
      vertex 89.82824855787278 -58.92175144212722 7
      vertex 89.74631432672332 -58.82832335755828 7
      vertex 89.74631432672332 -58.82832335755828 15
    endloop
  endfacet
  facet normal 0.831469612302557 0.5555702330195844 8.177823881131481e-20
    outer loop
      vertex 89.74631432672332 -58.82832335755828 7
      vertex 89.67727586640478 -58.725 7
      vertex 89.67727586640478 -58.725 15
    endloop
  endfacet
  facet normal -0.06540312923016835 0.9978589232386018 0
    outer loop
      vertex 90.5 -59.2 7
      vertex 90.5 -59.2 15
      vertex 90.62399988260906 -59.19187261830512 7
    endloop
  endfacet
  facet normal -0.19509032201613277 0.9807852804032297 0
    outer loop
      vertex 90.62399988260906 -59.19187261830512 7
      vertex 90.62399988260906 -59.19187261830512 15
      vertex 90.74587809284739 -59.167629534974616 7
    endloop
  endfacet
  facet normal -0.3214394653031778 0.9469301294951001 0
    outer loop
      vertex 90.74587809284739 -59.167629534974616 7
      vertex 90.74587809284739 -59.167629534974616 15
      vertex 90.86354926074684 -59.12768555588572 7
    endloop
  endfacet
  facet normal -0.44228869021900885 0.8968727415326845 0
    outer loop
      vertex 90.86354926074684 -59.12768555588572 7
      vertex 90.86354926074684 -59.12768555588572 15
      vertex 90.975 -59.072724133595216 7
    endloop
  endfacet
  facet normal -0.5555702330195712 0.831469612302566 0
    outer loop
      vertex 90.975 -59.072724133595216 7
      vertex 90.975 -59.072724133595216 15
      vertex 91.07832335755829 -59.00368567327667 7
    endloop
  endfacet
  facet normal -0.6593458151001041 0.7518398074789464 0
    outer loop
      vertex 91.07832335755829 -59.00368567327667 7
      vertex 91.07832335755829 -59.00368567327667 15
      vertex 91.17175144212722 -58.92175144212722 7
    endloop
  endfacet
  facet normal -0.751839807478943 0.6593458151001081 0
    outer loop
      vertex 91.17175144212722 -58.92175144212722 7
      vertex 91.17175144212722 -58.92175144212722 15
      vertex 91.25368567327668 -58.82832335755828 7
    endloop
  endfacet
  facet normal -0.831469612302557 0.5555702330195844 0
    outer loop
      vertex 91.25368567327668 -58.82832335755828 7
      vertex 91.25368567327668 -58.82832335755828 15
      vertex 91.32272413359522 -58.725 7
    endloop
  endfacet
  facet normal -0.8968727415326957 0.4422886902189862 0
    outer loop
      vertex 91.32272413359522 -58.725 7
      vertex 91.32272413359522 -58.725 15
      vertex 91.37768555588572 -58.61354926074684 7
    endloop
  endfacet
  facet normal -0.9469301294951177 0.32143946530312656 0
    outer loop
      vertex 91.37768555588572 -58.61354926074684 7
      vertex 91.37768555588572 -58.61354926074684 15
      vertex 91.41762953497461 -58.49587809284739 7
    endloop
  endfacet
  facet normal -0.9807852804032098 0.1950903220162318 0
    outer loop
      vertex 91.41762953497461 -58.49587809284739 7
      vertex 91.41762953497461 -58.49587809284739 15
      vertex 91.44187261830513 -58.37399988260905 7
    endloop
  endfacet
  facet normal -0.9978589232386054 0.06540312923011514 0
    outer loop
      vertex 91.44187261830513 -58.37399988260905 7
      vertex 91.44187261830513 -58.37399988260905 15
      vertex 91.45 -58.25 7
    endloop
  endfacet
  facet normal -0.9978589232386054 -0.06540312923011514 0
    outer loop
      vertex 91.45 -58.25 7
      vertex 91.45 -58.25 15
      vertex 91.44187261830513 -58.12600011739095 7
    endloop
  endfacet
  facet normal -0.8968727415326957 -0.4422886902189862 0
    outer loop
      vertex 91.37768555588572 -57.88645073925316 7
      vertex 91.37768555588572 -57.88645073925316 15
      vertex 91.32272413359522 -57.775 7
    endloop
  endfacet
  facet normal -0.9807852804032098 -0.1950903220162318 0
    outer loop
      vertex 91.44187261830513 -58.12600011739095 7
      vertex 91.44187261830513 -58.12600011739095 15
      vertex 91.41762953497461 -58.00412190715261 7
    endloop
  endfacet
  facet normal -0.9469301294951177 -0.32143946530312656 3.5225477397416785e-19
    outer loop
      vertex 91.37768555588572 -57.88645073925316 7
      vertex 91.41762953497461 -58.00412190715261 7
      vertex 91.41762953497461 -58.00412190715261 15
    endloop
  endfacet
  facet normal 0.8968727415326957 -0.4422886902189862 -3.73472820989265e-19
    outer loop
      vertex 89.62231444411428 -57.88645073925316 7
      vertex 89.67727586640478 -57.775 7
      vertex 89.67727586640478 -57.775 15
    endloop
  endfacet
  facet normal 0.831469612302557 -0.5555702330195844 -8.177823881131481e-20
    outer loop
      vertex 89.67727586640478 -57.775 7
      vertex 89.74631432672332 -57.67167664244172 7
      vertex 89.74631432672332 -57.67167664244172 15
    endloop
  endfacet
  facet normal 0.751839807478943 -0.6593458151001081 4.098533126146997e-19
    outer loop
      vertex 89.74631432672332 -57.67167664244172 7
      vertex 89.82824855787278 -57.57824855787278 7
      vertex 89.82824855787278 -57.57824855787278 15
    endloop
  endfacet
  facet normal 0.6593458151001041 -0.7518398074789464 -8.579720955895445e-20
    outer loop
      vertex 89.82824855787278 -57.57824855787278 7
      vertex 89.92167664244171 -57.49631432672333 7
      vertex 89.92167664244171 -57.49631432672333 15
    endloop
  endfacet
  facet normal 0.5555702330195712 -0.831469612302566 3.9903009602953473e-19
    outer loop
      vertex 89.92167664244171 -57.49631432672333 7
      vertex 90.025 -57.427275866404784 7
      vertex 90.025 -57.427275866404784 15
    endloop
  endfacet
  facet normal 0.44228869021900885 -0.8968727415326845 2.8615105497470933e-19
    outer loop
      vertex 90.025 -57.427275866404784 7
      vertex 90.13645073925316 -57.37231444411428 7
      vertex 90.13645073925316 -57.37231444411428 15
    endloop
  endfacet
  facet normal 0.3214394653031778 -0.9469301294951001 -3.8522823575133934e-19
    outer loop
      vertex 90.13645073925316 -57.37231444411428 7
      vertex 90.25412190715261 -57.332370465025384 7
      vertex 90.25412190715261 -57.332370465025384 15
    endloop
  endfacet
  facet normal 0.19509032201613277 -0.9807852804032297 7.378787423346171e-20
    outer loop
      vertex 90.25412190715261 -57.332370465025384 7
      vertex 90.37600011739094 -57.30812738169488 7
      vertex 90.37600011739094 -57.30812738169488 15
    endloop
  endfacet
  facet normal -0.19509032201613277 -0.9807852804032297 -7.378787423346171e-20
    outer loop
      vertex 90.62399988260906 -57.30812738169488 7
      vertex 90.74587809284739 -57.332370465025384 7
      vertex 90.74587809284739 -57.332370465025384 15
    endloop
  endfacet
  facet normal -0.3214394653031778 -0.9469301294951001 3.8522823575133934e-19
    outer loop
      vertex 90.74587809284739 -57.332370465025384 7
      vertex 90.86354926074684 -57.37231444411428 7
      vertex 90.86354926074684 -57.37231444411428 15
    endloop
  endfacet
  facet normal -0.44228869021900885 -0.8968727415326845 0
    outer loop
      vertex 90.975 -57.427275866404784 7
      vertex 90.975 -57.427275866404784 15
      vertex 90.86354926074684 -57.37231444411428 7
    endloop
  endfacet
  facet normal -0.6593458151001041 -0.7518398074789464 0
    outer loop
      vertex 91.17175144212722 -57.57824855787278 7
      vertex 91.17175144212722 -57.57824855787278 15
      vertex 91.07832335755829 -57.49631432672333 7
    endloop
  endfacet
  facet normal -0.5555702330195712 -0.831469612302566 -3.9903009602953473e-19
    outer loop
      vertex 90.975 -57.427275866404784 7
      vertex 91.07832335755829 -57.49631432672333 7
      vertex 91.07832335755829 -57.49631432672333 15
    endloop
  endfacet
  facet normal 0.06540312923016835 -0.9978589232386018 5.2765080566786777e-20
    outer loop
      vertex 90.37600011739094 -57.30812738169488 7
      vertex 90.5 -57.3 7
      vertex 90.5 -57.3 15
    endloop
  endfacet
  facet normal -0.06540312923016835 -0.9978589232386018 -5.2765080566786777e-20
    outer loop
      vertex 90.5 -57.3 7
      vertex 90.62399988260906 -57.30812738169488 7
      vertex 90.62399988260906 -57.30812738169488 15
    endloop
  endfacet
  facet normal -0.831469612302557 -0.5555702330195844 0
    outer loop
      vertex 91.32272413359522 -57.775 7
      vertex 91.32272413359522 -57.775 15
      vertex 91.25368567327668 -57.67167664244172 7
    endloop
  endfacet
  facet normal -0.751839807478943 -0.6593458151001081 -4.098533126146997e-19
    outer loop
      vertex 91.17175144212722 -57.57824855787278 7
      vertex 91.25368567327668 -57.67167664244172 7
      vertex 91.25368567327668 -57.67167664244172 15
    endloop
  endfacet
  facet normal 0.751839807478943 0.6593458151001081 0
    outer loop
      vertex 89.82824855787278 -58.92175144212722 7
      vertex 89.74631432672332 -58.82832335755828 15
      vertex 89.82824855787278 -58.92175144212722 15
    endloop
  endfacet
  facet normal 0.5555702330195712 0.831469612302566 0
    outer loop
      vertex 90.025 -59.072724133595216 7
      vertex 89.92167664244171 -59.00368567327667 15
      vertex 90.025 -59.072724133595216 15
    endloop
  endfacet
  facet normal 0.6593458151001041 0.7518398074789464 0
    outer loop
      vertex 89.92167664244171 -59.00368567327667 7
      vertex 89.82824855787278 -58.92175144212722 15
      vertex 89.92167664244171 -59.00368567327667 15
    endloop
  endfacet
  facet normal 0.3214394653031778 0.9469301294951001 0
    outer loop
      vertex 90.25412190715261 -59.167629534974616 7
      vertex 90.13645073925316 -59.12768555588572 15
      vertex 90.25412190715261 -59.167629534974616 15
    endloop
  endfacet
  facet normal 0.19509032201613277 0.9807852804032297 0
    outer loop
      vertex 90.37600011739094 -59.19187261830512 7
      vertex 90.25412190715261 -59.167629534974616 15
      vertex 90.37600011739094 -59.19187261830512 15
    endloop
  endfacet
  facet normal 0.44228869021900885 0.8968727415326845 0
    outer loop
      vertex 90.13645073925316 -59.12768555588572 7
      vertex 90.025 -59.072724133595216 15
      vertex 90.13645073925316 -59.12768555588572 15
    endloop
  endfacet
  facet normal 0.8968727415326957 0.4422886902189862 0
    outer loop
      vertex 89.67727586640478 -58.725 7
      vertex 89.62231444411428 -58.61354926074684 15
      vertex 89.67727586640478 -58.725 15
    endloop
  endfacet
  facet normal 0.9469301294951177 0.32143946530312656 0
    outer loop
      vertex 89.62231444411428 -58.61354926074684 7
      vertex 89.58237046502539 -58.49587809284739 15
      vertex 89.62231444411428 -58.61354926074684 15
    endloop
  endfacet
  facet normal 0.9807852804032098 0.1950903220162318 0
    outer loop
      vertex 89.58237046502539 -58.49587809284739 7
      vertex 89.55812738169487 -58.37399988260905 15
      vertex 89.58237046502539 -58.49587809284739 15
    endloop
  endfacet
  facet normal 0.9978589232386054 0.06540312923011514 0
    outer loop
      vertex 89.55812738169487 -58.37399988260905 7
      vertex 89.55 -58.25 15
      vertex 89.55812738169487 -58.37399988260905 15
    endloop
  endfacet
  facet normal 0.9978589232386054 -0.06540312923011514 0
    outer loop
      vertex 89.55 -58.25 7
      vertex 89.55812738169487 -58.12600011739095 15
      vertex 89.55 -58.25 15
    endloop
  endfacet
  facet normal 0.9807852804032098 -0.1950903220162318 0
    outer loop
      vertex 89.55812738169487 -58.12600011739095 7
      vertex 89.58237046502539 -58.00412190715261 15
      vertex 89.55812738169487 -58.12600011739095 15
    endloop
  endfacet
  facet normal 0.9469301294951177 -0.32143946530312656 0
    outer loop
      vertex 89.58237046502539 -58.00412190715261 7
      vertex 89.62231444411428 -57.88645073925316 15
      vertex 89.58237046502539 -58.00412190715261 15
    endloop
  endfacet
  facet normal 0.8968727415326957 -0.4422886902189862 0
    outer loop
      vertex 89.62231444411428 -57.88645073925316 7
      vertex 89.67727586640478 -57.775 15
      vertex 89.62231444411428 -57.88645073925316 15
    endloop
  endfacet
  facet normal 0.831469612302557 0.5555702330195844 0
    outer loop
      vertex 89.74631432672332 -58.82832335755828 7
      vertex 89.67727586640478 -58.725 15
      vertex 89.74631432672332 -58.82832335755828 15
    endloop
  endfacet
  facet normal 0.06540312923016835 0.9978589232386018 0
    outer loop
      vertex 90.5 -59.2 7
      vertex 90.37600011739094 -59.19187261830512 15
      vertex 90.5 -59.2 15
    endloop
  endfacet
  facet normal -0.06540312923016835 0.9978589232386018 0
    outer loop
      vertex 90.62399988260906 -59.19187261830512 7
      vertex 90.5 -59.2 15
      vertex 90.62399988260906 -59.19187261830512 15
    endloop
  endfacet
  facet normal -0.19509032201613277 0.9807852804032297 0
    outer loop
      vertex 90.74587809284739 -59.167629534974616 7
      vertex 90.62399988260906 -59.19187261830512 15
      vertex 90.74587809284739 -59.167629534974616 15
    endloop
  endfacet
  facet normal -0.3214394653031778 0.9469301294951001 0
    outer loop
      vertex 90.86354926074684 -59.12768555588572 7
      vertex 90.74587809284739 -59.167629534974616 15
      vertex 90.86354926074684 -59.12768555588572 15
    endloop
  endfacet
  facet normal -0.44228869021900885 0.8968727415326845 0
    outer loop
      vertex 90.975 -59.072724133595216 7
      vertex 90.86354926074684 -59.12768555588572 15
      vertex 90.975 -59.072724133595216 15
    endloop
  endfacet
  facet normal -0.5555702330195712 0.831469612302566 0
    outer loop
      vertex 91.07832335755829 -59.00368567327667 7
      vertex 90.975 -59.072724133595216 15
      vertex 91.07832335755829 -59.00368567327667 15
    endloop
  endfacet
  facet normal -0.6593458151001041 0.7518398074789464 0
    outer loop
      vertex 91.17175144212722 -58.92175144212722 7
      vertex 91.07832335755829 -59.00368567327667 15
      vertex 91.17175144212722 -58.92175144212722 15
    endloop
  endfacet
  facet normal -0.751839807478943 0.6593458151001081 0
    outer loop
      vertex 91.25368567327668 -58.82832335755828 7
      vertex 91.17175144212722 -58.92175144212722 15
      vertex 91.25368567327668 -58.82832335755828 15
    endloop
  endfacet
  facet normal -0.831469612302557 0.5555702330195844 0
    outer loop
      vertex 91.32272413359522 -58.725 7
      vertex 91.25368567327668 -58.82832335755828 15
      vertex 91.32272413359522 -58.725 15
    endloop
  endfacet
  facet normal -0.8968727415326957 0.4422886902189862 0
    outer loop
      vertex 91.37768555588572 -58.61354926074684 7
      vertex 91.32272413359522 -58.725 15
      vertex 91.37768555588572 -58.61354926074684 15
    endloop
  endfacet
  facet normal -0.9469301294951177 0.32143946530312656 0
    outer loop
      vertex 91.41762953497461 -58.49587809284739 7
      vertex 91.37768555588572 -58.61354926074684 15
      vertex 91.41762953497461 -58.49587809284739 15
    endloop
  endfacet
  facet normal -0.9807852804032098 0.1950903220162318 0
    outer loop
      vertex 91.44187261830513 -58.37399988260905 7
      vertex 91.41762953497461 -58.49587809284739 15
      vertex 91.44187261830513 -58.37399988260905 15
    endloop
  endfacet
  facet normal -0.9978589232386054 0.06540312923011514 0
    outer loop
      vertex 91.45 -58.25 7
      vertex 91.44187261830513 -58.37399988260905 15
      vertex 91.45 -58.25 15
    endloop
  endfacet
  facet normal -0.9978589232386054 -0.06540312923011514 0
    outer loop
      vertex 91.44187261830513 -58.12600011739095 7
      vertex 91.45 -58.25 15
      vertex 91.44187261830513 -58.12600011739095 15
    endloop
  endfacet
  facet normal -0.9469301294951177 -0.32143946530312656 0
    outer loop
      vertex 91.37768555588572 -57.88645073925316 7
      vertex 91.41762953497461 -58.00412190715261 15
      vertex 91.37768555588572 -57.88645073925316 15
    endloop
  endfacet
  facet normal -0.9807852804032098 -0.1950903220162318 0
    outer loop
      vertex 91.41762953497461 -58.00412190715261 7
      vertex 91.44187261830513 -58.12600011739095 15
      vertex 91.41762953497461 -58.00412190715261 15
    endloop
  endfacet
  facet normal 0.831469612302557 -0.5555702330195844 0
    outer loop
      vertex 89.67727586640478 -57.775 7
      vertex 89.74631432672332 -57.67167664244172 15
      vertex 89.67727586640478 -57.775 15
    endloop
  endfacet
  facet normal 0.751839807478943 -0.6593458151001081 0
    outer loop
      vertex 89.74631432672332 -57.67167664244172 7
      vertex 89.82824855787278 -57.57824855787278 15
      vertex 89.74631432672332 -57.67167664244172 15
    endloop
  endfacet
  facet normal 0.6593458151001041 -0.7518398074789464 0
    outer loop
      vertex 89.82824855787278 -57.57824855787278 7
      vertex 89.92167664244171 -57.49631432672333 15
      vertex 89.82824855787278 -57.57824855787278 15
    endloop
  endfacet
  facet normal 0.5555702330195712 -0.831469612302566 0
    outer loop
      vertex 89.92167664244171 -57.49631432672333 7
      vertex 90.025 -57.427275866404784 15
      vertex 89.92167664244171 -57.49631432672333 15
    endloop
  endfacet
  facet normal 0.44228869021900885 -0.8968727415326845 0
    outer loop
      vertex 90.025 -57.427275866404784 7
      vertex 90.13645073925316 -57.37231444411428 15
      vertex 90.025 -57.427275866404784 15
    endloop
  endfacet
  facet normal 0.3214394653031778 -0.9469301294951001 0
    outer loop
      vertex 90.13645073925316 -57.37231444411428 7
      vertex 90.25412190715261 -57.332370465025384 15
      vertex 90.13645073925316 -57.37231444411428 15
    endloop
  endfacet
  facet normal 0.19509032201613277 -0.9807852804032297 0
    outer loop
      vertex 90.25412190715261 -57.332370465025384 7
      vertex 90.37600011739094 -57.30812738169488 15
      vertex 90.25412190715261 -57.332370465025384 15
    endloop
  endfacet
  facet normal 0.06540312923016835 -0.9978589232386018 0
    outer loop
      vertex 90.37600011739094 -57.30812738169488 7
      vertex 90.5 -57.3 15
      vertex 90.37600011739094 -57.30812738169488 15
    endloop
  endfacet
  facet normal -0.3214394653031778 -0.9469301294951001 0
    outer loop
      vertex 90.74587809284739 -57.332370465025384 7
      vertex 90.86354926074684 -57.37231444411428 15
      vertex 90.74587809284739 -57.332370465025384 15
    endloop
  endfacet
  facet normal -0.751839807478943 -0.6593458151001081 0
    outer loop
      vertex 91.17175144212722 -57.57824855787278 7
      vertex 91.25368567327668 -57.67167664244172 15
      vertex 91.17175144212722 -57.57824855787278 15
    endloop
  endfacet
  facet normal -0.5555702330195712 -0.831469612302566 0
    outer loop
      vertex 90.975 -57.427275866404784 7
      vertex 91.07832335755829 -57.49631432672333 15
      vertex 90.975 -57.427275866404784 15
    endloop
  endfacet
  facet normal -0.44228869021900885 -0.8968727415326845 0
    outer loop
      vertex 90.86354926074684 -57.37231444411428 7
      vertex 90.975 -57.427275866404784 15
      vertex 90.86354926074684 -57.37231444411428 15
    endloop
  endfacet
  facet normal -0.6593458151001041 -0.7518398074789464 0
    outer loop
      vertex 91.07832335755829 -57.49631432672333 7
      vertex 91.17175144212722 -57.57824855787278 15
      vertex 91.07832335755829 -57.49631432672333 15
    endloop
  endfacet
  facet normal -0.06540312923016835 -0.9978589232386018 0
    outer loop
      vertex 90.5 -57.3 7
      vertex 90.62399988260906 -57.30812738169488 15
      vertex 90.5 -57.3 15
    endloop
  endfacet
  facet normal -0.19509032201613277 -0.9807852804032297 0
    outer loop
      vertex 90.62399988260906 -57.30812738169488 7
      vertex 90.74587809284739 -57.332370465025384 15
      vertex 90.62399988260906 -57.30812738169488 15
    endloop
  endfacet
  facet normal -0.8968727415326957 -0.4422886902189862 0
    outer loop
      vertex 91.32272413359522 -57.775 7
      vertex 91.37768555588572 -57.88645073925316 15
      vertex 91.32272413359522 -57.775 15
    endloop
  endfacet
  facet normal -0.831469612302557 -0.5555702330195844 0
    outer loop
      vertex 91.25368567327668 -57.67167664244172 7
      vertex 91.32272413359522 -57.775 15
      vertex 91.25368567327668 -57.67167664244172 15
    endloop
  endfacet
  facet normal 0 0 1
    outer loop
      vertex 89.67727586640478 60.275 7
      vertex 89.67727586640478 61.225 7
      vertex 89.62231444411428 60.38645073925316 7
    endloop
  endfacet
  facet normal 0 0 1
    outer loop
      vertex 89.62231444411428 60.38645073925316 7
      vertex 89.62231444411428 61.11354926074684 7
      vertex 89.58237046502539 60.50412190715261 7
    endloop
  endfacet
  facet normal 0 0 1
    outer loop
      vertex 89.58237046502539 60.50412190715261 7
      vertex 89.58237046502539 60.99587809284739 7
      vertex 89.55812738169487 60.62600011739095 7
    endloop
  endfacet
  facet normal 0 0 1
    outer loop
      vertex 89.55812738169487 60.62600011739095 7
      vertex 89.55812738169487 60.87399988260905 7
      vertex 89.55 60.75 7
    endloop
  endfacet
  facet normal 0 0 1
    outer loop
      vertex 89.55812738169487 60.62600011739095 7
      vertex 89.58237046502539 60.99587809284739 7
      vertex 89.55812738169487 60.87399988260905 7
    endloop
  endfacet
  facet normal 0 0 1
    outer loop
      vertex 89.58237046502539 60.50412190715261 7
      vertex 89.62231444411428 61.11354926074684 7
      vertex 89.58237046502539 60.99587809284739 7
    endloop
  endfacet
  facet normal 0 0 1
    outer loop
      vertex 89.62231444411428 60.38645073925316 7
      vertex 89.67727586640478 61.225 7
      vertex 89.62231444411428 61.11354926074684 7
    endloop
  endfacet
  facet normal 0 0 1
    outer loop
      vertex 89.82824855787278 60.07824855787278 7
      vertex 89.82824855787278 61.42175144212722 7
      vertex 89.74631432672332 60.17167664244172 7
    endloop
  endfacet
  facet normal 0 0 1
    outer loop
      vertex 89.67727586640478 60.275 7
      vertex 89.74631432672332 60.17167664244172 7
      vertex 89.74631432672332 61.32832335755828 7
    endloop
  endfacet
  facet normal 0 0 1
    outer loop
      vertex 89.92167664244171 59.99631432672333 7
      vertex 89.92167664244171 61.50368567327667 7
      vertex 89.82824855787278 60.07824855787278 7
    endloop
  endfacet
  facet normal 0 0 1
    outer loop
      vertex 89.92167664244171 59.99631432672333 7
      vertex 90.025 59.927275866404784 7
      vertex 90.025 61.572724133595216 7
    endloop
  endfacet
  facet normal 0 0 1
    outer loop
      vertex 90.025 59.927275866404784 7
      vertex 90.13645073925316 59.87231444411428 7
      vertex 90.13645073925316 61.62768555588572 7
    endloop
  endfacet
  facet normal 0 0 1
    outer loop
      vertex 90.13645073925316 59.87231444411428 7
      vertex 90.25412190715261 59.832370465025384 7
      vertex 90.25412190715261 61.667629534974616 7
    endloop
  endfacet
  facet normal 0 0 1
    outer loop
      vertex 90.25412190715261 59.832370465025384 7
      vertex 90.37600011739094 59.80812738169488 7
      vertex 90.37600011739094 61.69187261830512 7
    endloop
  endfacet
  facet normal 0 0 1
    outer loop
      vertex 89.67727586640478 60.275 7
      vertex 89.74631432672332 61.32832335755828 7
      vertex 89.67727586640478 61.225 7
    endloop
  endfacet
  facet normal 0 0 1
    outer loop
      vertex 89.74631432672332 60.17167664244172 7
      vertex 89.82824855787278 61.42175144212722 7
      vertex 89.74631432672332 61.32832335755828 7
    endloop
  endfacet
  facet normal 0 0 1
    outer loop
      vertex 89.82824855787278 60.07824855787278 7
      vertex 89.92167664244171 61.50368567327667 7
      vertex 89.82824855787278 61.42175144212722 7
    endloop
  endfacet
  facet normal 0 0 1
    outer loop
      vertex 89.92167664244171 59.99631432672333 7
      vertex 90.025 61.572724133595216 7
      vertex 89.92167664244171 61.50368567327667 7
    endloop
  endfacet
  facet normal 0 0 1
    outer loop
      vertex 90.025 59.927275866404784 7
      vertex 90.13645073925316 61.62768555588572 7
      vertex 90.025 61.572724133595216 7
    endloop
  endfacet
  facet normal 0 0 1
    outer loop
      vertex 90.13645073925316 59.87231444411428 7
      vertex 90.25412190715261 61.667629534974616 7
      vertex 90.13645073925316 61.62768555588572 7
    endloop
  endfacet
  facet normal 0 0 1
    outer loop
      vertex 90.25412190715261 59.832370465025384 7
      vertex 90.37600011739094 61.69187261830512 7
      vertex 90.25412190715261 61.667629534974616 7
    endloop
  endfacet
  facet normal 0 0 1
    outer loop
      vertex 90.37600011739094 59.80812738169488 7
      vertex 90.5 61.7 7
      vertex 90.37600011739094 61.69187261830512 7
    endloop
  endfacet
  facet normal 0 0 1
    outer loop
      vertex 90.5 59.8 7
      vertex 90.5 61.7 7
      vertex 90.37600011739094 59.80812738169488 7
    endloop
  endfacet
  facet normal 0 0 1
    outer loop
      vertex 90.5 59.8 7
      vertex 90.62399988260906 59.80812738169488 7
      vertex 90.62399988260906 61.69187261830512 7
    endloop
  endfacet
  facet normal 0 0 1
    outer loop
      vertex 90.62399988260906 59.80812738169488 7
      vertex 90.74587809284739 59.832370465025384 7
      vertex 90.74587809284739 61.667629534974616 7
    endloop
  endfacet
  facet normal 0 0 1
    outer loop
      vertex 90.74587809284739 59.832370465025384 7
      vertex 90.86354926074684 59.87231444411428 7
      vertex 90.86354926074684 61.62768555588572 7
    endloop
  endfacet
  facet normal 0 0 1
    outer loop
      vertex 90.86354926074684 59.87231444411428 7
      vertex 90.975 59.927275866404784 7
      vertex 90.975 61.572724133595216 7
    endloop
  endfacet
  facet normal 0 0 1
    outer loop
      vertex 90.975 59.927275866404784 7
      vertex 91.07832335755829 59.99631432672333 7
      vertex 91.07832335755829 61.50368567327667 7
    endloop
  endfacet
  facet normal 0 0 1
    outer loop
      vertex 91.07832335755829 59.99631432672333 7
      vertex 91.17175144212722 60.07824855787278 7
      vertex 91.17175144212722 61.42175144212722 7
    endloop
  endfacet
  facet normal 0 0 1
    outer loop
      vertex 91.17175144212722 60.07824855787278 7
      vertex 91.25368567327668 60.17167664244172 7
      vertex 91.25368567327668 61.32832335755828 7
    endloop
  endfacet
  facet normal 0 0 1
    outer loop
      vertex 91.25368567327668 60.17167664244172 7
      vertex 91.32272413359522 60.275 7
      vertex 91.32272413359522 61.225 7
    endloop
  endfacet
  facet normal 0 0 1
    outer loop
      vertex 91.32272413359522 60.275 7
      vertex 91.37768555588572 60.38645073925316 7
      vertex 91.37768555588572 61.11354926074684 7
    endloop
  endfacet
  facet normal 0 0 1
    outer loop
      vertex 91.37768555588572 60.38645073925316 7
      vertex 91.41762953497461 60.50412190715261 7
      vertex 91.41762953497461 60.99587809284739 7
    endloop
  endfacet
  facet normal 0 0 1
    outer loop
      vertex 91.41762953497461 60.50412190715261 7
      vertex 91.44187261830513 60.62600011739095 7
      vertex 91.44187261830513 60.87399988260905 7
    endloop
  endfacet
  facet normal 0 0 1
    outer loop
      vertex 91.32272413359522 60.275 7
      vertex 91.37768555588572 61.11354926074684 7
      vertex 91.32272413359522 61.225 7
    endloop
  endfacet
  facet normal 0 0 1
    outer loop
      vertex 91.25368567327668 60.17167664244172 7
      vertex 91.32272413359522 61.225 7
      vertex 91.25368567327668 61.32832335755828 7
    endloop
  endfacet
  facet normal 0 0 1
    outer loop
      vertex 91.37768555588572 60.38645073925316 7
      vertex 91.41762953497461 60.99587809284739 7
      vertex 91.37768555588572 61.11354926074684 7
    endloop
  endfacet
  facet normal 0 0 1
    outer loop
      vertex 91.44187261830513 60.62600011739095 7
      vertex 91.45 60.75 7
      vertex 91.44187261830513 60.87399988260905 7
    endloop
  endfacet
  facet normal 0 0 1
    outer loop
      vertex 91.41762953497461 60.50412190715261 7
      vertex 91.44187261830513 60.87399988260905 7
      vertex 91.41762953497461 60.99587809284739 7
    endloop
  endfacet
  facet normal 0 0 1
    outer loop
      vertex 90.5 59.8 7
      vertex 90.62399988260906 61.69187261830512 7
      vertex 90.5 61.7 7
    endloop
  endfacet
  facet normal 0 0 1
    outer loop
      vertex 90.62399988260906 59.80812738169488 7
      vertex 90.74587809284739 61.667629534974616 7
      vertex 90.62399988260906 61.69187261830512 7
    endloop
  endfacet
  facet normal 0 0 1
    outer loop
      vertex 90.74587809284739 59.832370465025384 7
      vertex 90.86354926074684 61.62768555588572 7
      vertex 90.74587809284739 61.667629534974616 7
    endloop
  endfacet
  facet normal 0 0 1
    outer loop
      vertex 90.86354926074684 59.87231444411428 7
      vertex 90.975 61.572724133595216 7
      vertex 90.86354926074684 61.62768555588572 7
    endloop
  endfacet
  facet normal 0 0 1
    outer loop
      vertex 90.975 59.927275866404784 7
      vertex 91.07832335755829 61.50368567327667 7
      vertex 90.975 61.572724133595216 7
    endloop
  endfacet
  facet normal 0 0 1
    outer loop
      vertex 91.17175144212722 60.07824855787278 7
      vertex 91.25368567327668 61.32832335755828 7
      vertex 91.17175144212722 61.42175144212722 7
    endloop
  endfacet
  facet normal 0 0 1
    outer loop
      vertex 91.07832335755829 59.99631432672333 7
      vertex 91.17175144212722 61.42175144212722 7
      vertex 91.07832335755829 61.50368567327667 7
    endloop
  endfacet
  facet normal 0.3214394653031778 0.9469301294951001 0
    outer loop
      vertex 90.13645073925316 59.87231444411428 7
      vertex 90.13645073925316 59.87231444411428 15
      vertex 90.25412190715261 59.832370465025384 7
    endloop
  endfacet
  facet normal 0.19509032201613277 0.9807852804032297 0
    outer loop
      vertex 90.25412190715261 59.832370465025384 7
      vertex 90.25412190715261 59.832370465025384 15
      vertex 90.37600011739094 59.80812738169488 7
    endloop
  endfacet
  facet normal 0.06540312923016835 0.9978589232386018 -5.2765080566786777e-20
    outer loop
      vertex 90.5 59.8 7
      vertex 90.37600011739094 59.80812738169488 7
      vertex 90.37600011739094 59.80812738169488 15
    endloop
  endfacet
  facet normal -0.06540312923016835 0.9978589232386018 0
    outer loop
      vertex 90.5 59.8 7
      vertex 90.5 59.8 15
      vertex 90.62399988260906 59.80812738169488 7
    endloop
  endfacet
  facet normal -0.19509032201613277 0.9807852804032297 0
    outer loop
      vertex 90.62399988260906 59.80812738169488 7
      vertex 90.62399988260906 59.80812738169488 15
      vertex 90.74587809284739 59.832370465025384 7
    endloop
  endfacet
  facet normal -0.3214394653031778 0.9469301294951001 0
    outer loop
      vertex 90.74587809284739 59.832370465025384 7
      vertex 90.74587809284739 59.832370465025384 15
      vertex 90.86354926074684 59.87231444411428 7
    endloop
  endfacet
  facet normal -0.44228869021900885 0.8968727415326845 0
    outer loop
      vertex 90.86354926074684 59.87231444411428 7
      vertex 90.86354926074684 59.87231444411428 15
      vertex 90.975 59.927275866404784 7
    endloop
  endfacet
  facet normal 0.8968727415326957 0.4422886902189862 3.73472820989265e-19
    outer loop
      vertex 89.67727586640478 60.275 7
      vertex 89.62231444411428 60.38645073925316 7
      vertex 89.62231444411428 60.38645073925316 15
    endloop
  endfacet
  facet normal 0.9469301294951177 0.32143946530312656 3.5225477397416785e-19
    outer loop
      vertex 89.62231444411428 60.38645073925316 7
      vertex 89.58237046502539 60.50412190715261 7
      vertex 89.58237046502539 60.50412190715261 15
    endloop
  endfacet
  facet normal 0.9807852804032098 0.1950903220162318 -3.185203024344141e-20
    outer loop
      vertex 89.58237046502539 60.50412190715261 7
      vertex 89.55812738169487 60.62600011739095 7
      vertex 89.55812738169487 60.62600011739095 15
    endloop
  endfacet
  facet normal 0.9978589232386054 0.06540312923011514 6.637207691850293e-20
    outer loop
      vertex 89.55812738169487 60.62600011739095 7
      vertex 89.55 60.75 7
      vertex 89.55 60.75 15
    endloop
  endfacet
  facet normal 0.9978589232386054 -0.06540312923011514 -6.637207691850293e-20
    outer loop
      vertex 89.55 60.75 7
      vertex 89.55812738169487 60.87399988260905 7
      vertex 89.55812738169487 60.87399988260905 15
    endloop
  endfacet
  facet normal 0.6593458151001041 0.7518398074789464 8.579720955895445e-20
    outer loop
      vertex 89.92167664244171 59.99631432672333 7
      vertex 89.82824855787278 60.07824855787278 7
      vertex 89.82824855787278 60.07824855787278 15
    endloop
  endfacet
  facet normal 0.751839807478943 0.6593458151001081 -4.098533126146997e-19
    outer loop
      vertex 89.82824855787278 60.07824855787278 7
      vertex 89.74631432672332 60.17167664244172 7
      vertex 89.74631432672332 60.17167664244172 15
    endloop
  endfacet
  facet normal 0.5555702330195712 0.831469612302566 0
    outer loop
      vertex 89.92167664244171 59.99631432672333 7
      vertex 89.92167664244171 59.99631432672333 15
      vertex 90.025 59.927275866404784 7
    endloop
  endfacet
  facet normal 0.831469612302557 0.5555702330195844 0
    outer loop
      vertex 89.67727586640478 60.275 7
      vertex 89.67727586640478 60.275 15
      vertex 89.74631432672332 60.17167664244172 7
    endloop
  endfacet
  facet normal 0.44228869021900885 0.8968727415326845 0
    outer loop
      vertex 90.025 59.927275866404784 7
      vertex 90.025 59.927275866404784 15
      vertex 90.13645073925316 59.87231444411428 7
    endloop
  endfacet
  facet normal 0.9807852804032098 -0.1950903220162318 3.185203024344141e-20
    outer loop
      vertex 89.55812738169487 60.87399988260905 7
      vertex 89.58237046502539 60.99587809284739 7
      vertex 89.58237046502539 60.99587809284739 15
    endloop
  endfacet
  facet normal 0.9469301294951177 -0.32143946530312656 -3.5225477397416785e-19
    outer loop
      vertex 89.58237046502539 60.99587809284739 7
      vertex 89.62231444411428 61.11354926074684 7
      vertex 89.62231444411428 61.11354926074684 15
    endloop
  endfacet
  facet normal 0.8968727415326957 -0.4422886902189862 -3.73472820989265e-19
    outer loop
      vertex 89.62231444411428 61.11354926074684 7
      vertex 89.67727586640478 61.225 7
      vertex 89.67727586640478 61.225 15
    endloop
  endfacet
  facet normal 0.831469612302557 -0.5555702330195844 -8.177823881131481e-20
    outer loop
      vertex 89.67727586640478 61.225 7
      vertex 89.74631432672332 61.32832335755828 7
      vertex 89.74631432672332 61.32832335755828 15
    endloop
  endfacet
  facet normal 0.751839807478943 -0.6593458151001081 4.098533126146997e-19
    outer loop
      vertex 89.74631432672332 61.32832335755828 7
      vertex 89.82824855787278 61.42175144212722 7
      vertex 89.82824855787278 61.42175144212722 15
    endloop
  endfacet
  facet normal 0.6593458151001041 -0.7518398074789464 -8.579720955895445e-20
    outer loop
      vertex 89.82824855787278 61.42175144212722 7
      vertex 89.92167664244171 61.50368567327667 7
      vertex 89.92167664244171 61.50368567327667 15
    endloop
  endfacet
  facet normal 0.5555702330195712 -0.831469612302566 3.9903009602953473e-19
    outer loop
      vertex 89.92167664244171 61.50368567327667 7
      vertex 90.025 61.572724133595216 7
      vertex 90.025 61.572724133595216 15
    endloop
  endfacet
  facet normal 0.44228869021900885 -0.8968727415326845 2.8615105497470933e-19
    outer loop
      vertex 90.025 61.572724133595216 7
      vertex 90.13645073925316 61.62768555588572 7
      vertex 90.13645073925316 61.62768555588572 15
    endloop
  endfacet
  facet normal 0.3214394653031778 -0.9469301294951001 -3.8522823575133934e-19
    outer loop
      vertex 90.13645073925316 61.62768555588572 7
      vertex 90.25412190715261 61.667629534974616 7
      vertex 90.25412190715261 61.667629534974616 15
    endloop
  endfacet
  facet normal 0.19509032201613277 -0.9807852804032297 7.378787423346171e-20
    outer loop
      vertex 90.25412190715261 61.667629534974616 7
      vertex 90.37600011739094 61.69187261830512 7
      vertex 90.37600011739094 61.69187261830512 15
    endloop
  endfacet
  facet normal -0.5555702330195712 0.831469612302566 0
    outer loop
      vertex 90.975 59.927275866404784 7
      vertex 90.975 59.927275866404784 15
      vertex 91.07832335755829 59.99631432672333 7
    endloop
  endfacet
  facet normal -0.6593458151001041 0.7518398074789464 0
    outer loop
      vertex 91.07832335755829 59.99631432672333 7
      vertex 91.07832335755829 59.99631432672333 15
      vertex 91.17175144212722 60.07824855787278 7
    endloop
  endfacet
  facet normal -0.751839807478943 0.6593458151001081 0
    outer loop
      vertex 91.17175144212722 60.07824855787278 7
      vertex 91.17175144212722 60.07824855787278 15
      vertex 91.25368567327668 60.17167664244172 7
    endloop
  endfacet
  facet normal -0.831469612302557 0.5555702330195844 0
    outer loop
      vertex 91.25368567327668 60.17167664244172 7
      vertex 91.25368567327668 60.17167664244172 15
      vertex 91.32272413359522 60.275 7
    endloop
  endfacet
  facet normal -0.8968727415326957 0.4422886902189862 0
    outer loop
      vertex 91.32272413359522 60.275 7
      vertex 91.32272413359522 60.275 15
      vertex 91.37768555588572 60.38645073925316 7
    endloop
  endfacet
  facet normal -0.9469301294951177 0.32143946530312656 0
    outer loop
      vertex 91.37768555588572 60.38645073925316 7
      vertex 91.37768555588572 60.38645073925316 15
      vertex 91.41762953497461 60.50412190715261 7
    endloop
  endfacet
  facet normal -0.9807852804032098 0.1950903220162318 0
    outer loop
      vertex 91.41762953497461 60.50412190715261 7
      vertex 91.41762953497461 60.50412190715261 15
      vertex 91.44187261830513 60.62600011739095 7
    endloop
  endfacet
  facet normal -0.9978589232386054 0.06540312923011514 0
    outer loop
      vertex 91.44187261830513 60.62600011739095 7
      vertex 91.44187261830513 60.62600011739095 15
      vertex 91.45 60.75 7
    endloop
  endfacet
  facet normal -0.9978589232386054 -0.06540312923011514 0
    outer loop
      vertex 91.45 60.75 7
      vertex 91.45 60.75 15
      vertex 91.44187261830513 60.87399988260905 7
    endloop
  endfacet
  facet normal -0.9807852804032098 -0.1950903220162318 0
    outer loop
      vertex 91.44187261830513 60.87399988260905 7
      vertex 91.44187261830513 60.87399988260905 15
      vertex 91.41762953497461 60.99587809284739 7
    endloop
  endfacet
  facet normal -0.6593458151001041 -0.7518398074789464 0
    outer loop
      vertex 91.17175144212722 61.42175144212722 7
      vertex 91.17175144212722 61.42175144212722 15
      vertex 91.07832335755829 61.50368567327667 7
    endloop
  endfacet
  facet normal 0.06540312923016835 -0.9978589232386018 5.2765080566786777e-20
    outer loop
      vertex 90.37600011739094 61.69187261830512 7
      vertex 90.5 61.7 7
      vertex 90.5 61.7 15
    endloop
  endfacet
  facet normal -0.06540312923016835 -0.9978589232386018 0
    outer loop
      vertex 90.62399988260906 61.69187261830512 7
      vertex 90.62399988260906 61.69187261830512 15
      vertex 90.5 61.7 7
    endloop
  endfacet
  facet normal -0.19509032201613277 -0.9807852804032297 -7.378787423346171e-20
    outer loop
      vertex 90.62399988260906 61.69187261830512 7
      vertex 90.74587809284739 61.667629534974616 7
      vertex 90.74587809284739 61.667629534974616 15
    endloop
  endfacet
  facet normal -0.3214394653031778 -0.9469301294951001 3.8522823575133934e-19
    outer loop
      vertex 90.74587809284739 61.667629534974616 7
      vertex 90.86354926074684 61.62768555588572 7
      vertex 90.86354926074684 61.62768555588572 15
    endloop
  endfacet
  facet normal -0.44228869021900885 -0.8968727415326845 -2.8615105497470933e-19
    outer loop
      vertex 90.86354926074684 61.62768555588572 7
      vertex 90.975 61.572724133595216 7
      vertex 90.975 61.572724133595216 15
    endloop
  endfacet
  facet normal -0.5555702330195712 -0.831469612302566 0
    outer loop
      vertex 91.07832335755829 61.50368567327667 7
      vertex 91.07832335755829 61.50368567327667 15
      vertex 90.975 61.572724133595216 7
    endloop
  endfacet
  facet normal -0.8968727415326957 -0.4422886902189862 0
    outer loop
      vertex 91.37768555588572 61.11354926074684 7
      vertex 91.37768555588572 61.11354926074684 15
      vertex 91.32272413359522 61.225 7
    endloop
  endfacet
  facet normal -0.9469301294951177 -0.32143946530312656 0
    outer loop
      vertex 91.41762953497461 60.99587809284739 7
      vertex 91.41762953497461 60.99587809284739 15
      vertex 91.37768555588572 61.11354926074684 7
    endloop
  endfacet
  facet normal -0.831469612302557 -0.5555702330195844 0
    outer loop
      vertex 91.32272413359522 61.225 7
      vertex 91.32272413359522 61.225 15
      vertex 91.25368567327668 61.32832335755828 7
    endloop
  endfacet
  facet normal -0.751839807478943 -0.6593458151001081 -4.098533126146997e-19
    outer loop
      vertex 91.17175144212722 61.42175144212722 7
      vertex 91.25368567327668 61.32832335755828 7
      vertex 91.25368567327668 61.32832335755828 15
    endloop
  endfacet
  facet normal 0.44228869021900885 0.8968727415326845 0
    outer loop
      vertex 90.13645073925316 59.87231444411428 7
      vertex 90.025 59.927275866404784 15
      vertex 90.13645073925316 59.87231444411428 15
    endloop
  endfacet
  facet normal 0.3214394653031778 0.9469301294951001 0
    outer loop
      vertex 90.25412190715261 59.832370465025384 7
      vertex 90.13645073925316 59.87231444411428 15
      vertex 90.25412190715261 59.832370465025384 15
    endloop
  endfacet
  facet normal 0.19509032201613277 0.9807852804032297 0
    outer loop
      vertex 90.37600011739094 59.80812738169488 7
      vertex 90.25412190715261 59.832370465025384 15
      vertex 90.37600011739094 59.80812738169488 15
    endloop
  endfacet
  facet normal 0.06540312923016835 0.9978589232386018 0
    outer loop
      vertex 90.5 59.8 7
      vertex 90.37600011739094 59.80812738169488 15
      vertex 90.5 59.8 15
    endloop
  endfacet
  facet normal -0.06540312923016835 0.9978589232386018 0
    outer loop
      vertex 90.62399988260906 59.80812738169488 7
      vertex 90.5 59.8 15
      vertex 90.62399988260906 59.80812738169488 15
    endloop
  endfacet
  facet normal -0.19509032201613277 0.9807852804032297 0
    outer loop
      vertex 90.74587809284739 59.832370465025384 7
      vertex 90.62399988260906 59.80812738169488 15
      vertex 90.74587809284739 59.832370465025384 15
    endloop
  endfacet
  facet normal -0.3214394653031778 0.9469301294951001 0
    outer loop
      vertex 90.86354926074684 59.87231444411428 7
      vertex 90.74587809284739 59.832370465025384 15
      vertex 90.86354926074684 59.87231444411428 15
    endloop
  endfacet
  facet normal 0.8968727415326957 0.4422886902189862 0
    outer loop
      vertex 89.67727586640478 60.275 7
      vertex 89.62231444411428 60.38645073925316 15
      vertex 89.67727586640478 60.275 15
    endloop
  endfacet
  facet normal 0.9469301294951177 0.32143946530312656 0
    outer loop
      vertex 89.62231444411428 60.38645073925316 7
      vertex 89.58237046502539 60.50412190715261 15
      vertex 89.62231444411428 60.38645073925316 15
    endloop
  endfacet
  facet normal 0.9807852804032098 0.1950903220162318 0
    outer loop
      vertex 89.58237046502539 60.50412190715261 7
      vertex 89.55812738169487 60.62600011739095 15
      vertex 89.58237046502539 60.50412190715261 15
    endloop
  endfacet
  facet normal 0.9978589232386054 0.06540312923011514 0
    outer loop
      vertex 89.55812738169487 60.62600011739095 7
      vertex 89.55 60.75 15
      vertex 89.55812738169487 60.62600011739095 15
    endloop
  endfacet
  facet normal 0.9978589232386054 -0.06540312923011514 0
    outer loop
      vertex 89.55 60.75 7
      vertex 89.55812738169487 60.87399988260905 15
      vertex 89.55 60.75 15
    endloop
  endfacet
  facet normal 0.9807852804032098 -0.1950903220162318 0
    outer loop
      vertex 89.55812738169487 60.87399988260905 7
      vertex 89.58237046502539 60.99587809284739 15
      vertex 89.55812738169487 60.87399988260905 15
    endloop
  endfacet
  facet normal 0.751839807478943 0.6593458151001081 0
    outer loop
      vertex 89.82824855787278 60.07824855787278 7
      vertex 89.74631432672332 60.17167664244172 15
      vertex 89.82824855787278 60.07824855787278 15
    endloop
  endfacet
  facet normal 0.6593458151001041 0.7518398074789464 0
    outer loop
      vertex 89.92167664244171 59.99631432672333 7
      vertex 89.82824855787278 60.07824855787278 15
      vertex 89.92167664244171 59.99631432672333 15
    endloop
  endfacet
  facet normal 0.5555702330195712 0.831469612302566 0
    outer loop
      vertex 90.025 59.927275866404784 7
      vertex 89.92167664244171 59.99631432672333 15
      vertex 90.025 59.927275866404784 15
    endloop
  endfacet
  facet normal 0.831469612302557 0.5555702330195844 0
    outer loop
      vertex 89.74631432672332 60.17167664244172 7
      vertex 89.67727586640478 60.275 15
      vertex 89.74631432672332 60.17167664244172 15
    endloop
  endfacet
  facet normal 0.9469301294951177 -0.32143946530312656 0
    outer loop
      vertex 89.58237046502539 60.99587809284739 7
      vertex 89.62231444411428 61.11354926074684 15
      vertex 89.58237046502539 60.99587809284739 15
    endloop
  endfacet
  facet normal 0.8968727415326957 -0.4422886902189862 0
    outer loop
      vertex 89.62231444411428 61.11354926074684 7
      vertex 89.67727586640478 61.225 15
      vertex 89.62231444411428 61.11354926074684 15
    endloop
  endfacet
  facet normal 0.831469612302557 -0.5555702330195844 0
    outer loop
      vertex 89.67727586640478 61.225 7
      vertex 89.74631432672332 61.32832335755828 15
      vertex 89.67727586640478 61.225 15
    endloop
  endfacet
  facet normal 0.751839807478943 -0.6593458151001081 0
    outer loop
      vertex 89.74631432672332 61.32832335755828 7
      vertex 89.82824855787278 61.42175144212722 15
      vertex 89.74631432672332 61.32832335755828 15
    endloop
  endfacet
  facet normal 0.6593458151001041 -0.7518398074789464 0
    outer loop
      vertex 89.82824855787278 61.42175144212722 7
      vertex 89.92167664244171 61.50368567327667 15
      vertex 89.82824855787278 61.42175144212722 15
    endloop
  endfacet
  facet normal 0.5555702330195712 -0.831469612302566 0
    outer loop
      vertex 89.92167664244171 61.50368567327667 7
      vertex 90.025 61.572724133595216 15
      vertex 89.92167664244171 61.50368567327667 15
    endloop
  endfacet
  facet normal 0.44228869021900885 -0.8968727415326845 0
    outer loop
      vertex 90.025 61.572724133595216 7
      vertex 90.13645073925316 61.62768555588572 15
      vertex 90.025 61.572724133595216 15
    endloop
  endfacet
  facet normal 0.3214394653031778 -0.9469301294951001 0
    outer loop
      vertex 90.13645073925316 61.62768555588572 7
      vertex 90.25412190715261 61.667629534974616 15
      vertex 90.13645073925316 61.62768555588572 15
    endloop
  endfacet
  facet normal 0.19509032201613277 -0.9807852804032297 0
    outer loop
      vertex 90.25412190715261 61.667629534974616 7
      vertex 90.37600011739094 61.69187261830512 15
      vertex 90.25412190715261 61.667629534974616 15
    endloop
  endfacet
  facet normal 0.06540312923016835 -0.9978589232386018 0
    outer loop
      vertex 90.37600011739094 61.69187261830512 7
      vertex 90.5 61.7 15
      vertex 90.37600011739094 61.69187261830512 15
    endloop
  endfacet
  facet normal -0.44228869021900885 0.8968727415326845 0
    outer loop
      vertex 90.975 59.927275866404784 7
      vertex 90.86354926074684 59.87231444411428 15
      vertex 90.975 59.927275866404784 15
    endloop
  endfacet
  facet normal -0.5555702330195712 0.831469612302566 0
    outer loop
      vertex 91.07832335755829 59.99631432672333 7
      vertex 90.975 59.927275866404784 15
      vertex 91.07832335755829 59.99631432672333 15
    endloop
  endfacet
  facet normal -0.6593458151001041 0.7518398074789464 0
    outer loop
      vertex 91.17175144212722 60.07824855787278 7
      vertex 91.07832335755829 59.99631432672333 15
      vertex 91.17175144212722 60.07824855787278 15
    endloop
  endfacet
  facet normal -0.751839807478943 0.6593458151001081 0
    outer loop
      vertex 91.25368567327668 60.17167664244172 7
      vertex 91.17175144212722 60.07824855787278 15
      vertex 91.25368567327668 60.17167664244172 15
    endloop
  endfacet
  facet normal -0.831469612302557 0.5555702330195844 0
    outer loop
      vertex 91.32272413359522 60.275 7
      vertex 91.25368567327668 60.17167664244172 15
      vertex 91.32272413359522 60.275 15
    endloop
  endfacet
  facet normal -0.8968727415326957 0.4422886902189862 0
    outer loop
      vertex 91.37768555588572 60.38645073925316 7
      vertex 91.32272413359522 60.275 15
      vertex 91.37768555588572 60.38645073925316 15
    endloop
  endfacet
  facet normal -0.9469301294951177 0.32143946530312656 0
    outer loop
      vertex 91.41762953497461 60.50412190715261 7
      vertex 91.37768555588572 60.38645073925316 15
      vertex 91.41762953497461 60.50412190715261 15
    endloop
  endfacet
  facet normal -0.9807852804032098 0.1950903220162318 0
    outer loop
      vertex 91.44187261830513 60.62600011739095 7
      vertex 91.41762953497461 60.50412190715261 15
      vertex 91.44187261830513 60.62600011739095 15
    endloop
  endfacet
  facet normal -0.9978589232386054 0.06540312923011514 0
    outer loop
      vertex 91.45 60.75 7
      vertex 91.44187261830513 60.62600011739095 15
      vertex 91.45 60.75 15
    endloop
  endfacet
  facet normal -0.9978589232386054 -0.06540312923011514 0
    outer loop
      vertex 91.44187261830513 60.87399988260905 7
      vertex 91.45 60.75 15
      vertex 91.44187261830513 60.87399988260905 15
    endloop
  endfacet
  facet normal -0.751839807478943 -0.6593458151001081 0
    outer loop
      vertex 91.17175144212722 61.42175144212722 7
      vertex 91.25368567327668 61.32832335755828 15
      vertex 91.17175144212722 61.42175144212722 15
    endloop
  endfacet
  facet normal -0.06540312923016835 -0.9978589232386018 0
    outer loop
      vertex 90.5 61.7 7
      vertex 90.62399988260906 61.69187261830512 15
      vertex 90.5 61.7 15
    endloop
  endfacet
  facet normal -0.19509032201613277 -0.9807852804032297 0
    outer loop
      vertex 90.62399988260906 61.69187261830512 7
      vertex 90.74587809284739 61.667629534974616 15
      vertex 90.62399988260906 61.69187261830512 15
    endloop
  endfacet
  facet normal -0.3214394653031778 -0.9469301294951001 0
    outer loop
      vertex 90.74587809284739 61.667629534974616 7
      vertex 90.86354926074684 61.62768555588572 15
      vertex 90.74587809284739 61.667629534974616 15
    endloop
  endfacet
  facet normal -0.5555702330195712 -0.831469612302566 0
    outer loop
      vertex 90.975 61.572724133595216 7
      vertex 91.07832335755829 61.50368567327667 15
      vertex 90.975 61.572724133595216 15
    endloop
  endfacet
  facet normal -0.44228869021900885 -0.8968727415326845 0
    outer loop
      vertex 90.86354926074684 61.62768555588572 7
      vertex 90.975 61.572724133595216 15
      vertex 90.86354926074684 61.62768555588572 15
    endloop
  endfacet
  facet normal -0.6593458151001041 -0.7518398074789464 0
    outer loop
      vertex 91.07832335755829 61.50368567327667 7
      vertex 91.17175144212722 61.42175144212722 15
      vertex 91.07832335755829 61.50368567327667 15
    endloop
  endfacet
  facet normal -0.8968727415326957 -0.4422886902189862 0
    outer loop
      vertex 91.32272413359522 61.225 7
      vertex 91.37768555588572 61.11354926074684 15
      vertex 91.32272413359522 61.225 15
    endloop
  endfacet
  facet normal -0.9469301294951177 -0.32143946530312656 0
    outer loop
      vertex 91.37768555588572 61.11354926074684 7
      vertex 91.41762953497461 60.99587809284739 15
      vertex 91.37768555588572 61.11354926074684 15
    endloop
  endfacet
  facet normal -0.9807852804032098 -0.1950903220162318 0
    outer loop
      vertex 91.41762953497461 60.99587809284739 7
      vertex 91.44187261830513 60.87399988260905 15
      vertex 91.41762953497461 60.99587809284739 15
    endloop
  endfacet
  facet normal -0.831469612302557 -0.5555702330195844 0
    outer loop
      vertex 91.25368567327668 61.32832335755828 7
      vertex 91.32272413359522 61.225 15
      vertex 91.25368567327668 61.32832335755828 15
    endloop
  endfacet
  facet normal 0 0 1
    outer loop
      vertex -91.41762953497461 2.254121907152605 7
      vertex -91.41762953497461 2.745878092847395 7
      vertex -91.44187261830513 2.376000117390951 7
    endloop
  endfacet
  facet normal 0 0 1
    outer loop
      vertex -91.44187261830513 2.376000117390951 7
      vertex -91.44187261830513 2.623999882609049 7
      vertex -91.45 2.5 7
    endloop
  endfacet
  facet normal 0 0 1
    outer loop
      vertex -91.44187261830513 2.376000117390951 7
      vertex -91.41762953497461 2.745878092847395 7
      vertex -91.44187261830513 2.623999882609049 7
    endloop
  endfacet
  facet normal 0 0 1
    outer loop
      vertex -91.41762953497461 2.254121907152605 7
      vertex -91.37768555588572 2.136450739253165 7
      vertex -91.37768555588572 2.863549260746835 7
    endloop
  endfacet
  facet normal 0 0 1
    outer loop
      vertex -91.25368567327668 1.9216766424417155 7
      vertex -91.25368567327668 3.0783233575582845 7
      vertex -91.32272413359522 2.025 7
    endloop
  endfacet
  facet normal 0 0 1
    outer loop
      vertex -91.32272413359522 2.025 7
      vertex -91.32272413359522 2.975 7
      vertex -91.37768555588572 2.136450739253165 7
    endloop
  endfacet
  facet normal 0 0 1
    outer loop
      vertex -91.41762953497461 2.254121907152605 7
      vertex -91.37768555588572 2.863549260746835 7
      vertex -91.41762953497461 2.745878092847395 7
    endloop
  endfacet
  facet normal 0 0 1
    outer loop
      vertex -91.37768555588572 2.136450739253165 7
      vertex -91.32272413359522 2.975 7
      vertex -91.37768555588572 2.863549260746835 7
    endloop
  endfacet
  facet normal 0 0 1
    outer loop
      vertex -91.32272413359522 2.025 7
      vertex -91.25368567327668 3.0783233575582845 7
      vertex -91.32272413359522 2.975 7
    endloop
  endfacet
  facet normal 0 0 1
    outer loop
      vertex -91.25368567327668 1.9216766424417155 7
      vertex -91.17175144212722 3.17175144212722 7
      vertex -91.25368567327668 3.0783233575582845 7
    endloop
  endfacet
  facet normal 0 0 1
    outer loop
      vertex -91.25368567327668 1.9216766424417155 7
      vertex -91.17175144212722 1.8282485578727798 7
      vertex -91.17175144212722 3.17175144212722 7
    endloop
  endfacet
  facet normal 0 0 1
    outer loop
      vertex -91.07832335755829 1.7463143267233265 7
      vertex -91.07832335755829 3.2536856732766735 7
      vertex -91.17175144212722 1.8282485578727798 7
    endloop
  endfacet
  facet normal 0 0 1
    outer loop
      vertex -90.86354926074684 1.6223144441142776 7
      vertex -90.86354926074684 3.3776855558857224 7
      vertex -90.975 1.6772758664047833 7
    endloop
  endfacet
  facet normal 0 0 1
    outer loop
      vertex -91.07832335755829 1.7463143267233265 7
      vertex -90.975 1.6772758664047833 7
      vertex -90.975 3.3227241335952167 7
    endloop
  endfacet
  facet normal 0 0 1
    outer loop
      vertex -90.74587809284739 1.5823704650253851 7
      vertex -90.62399988260906 1.5581273816948802 7
      vertex -90.62399988260906 3.44187261830512 7
    endloop
  endfacet
  facet normal 0 0 1
    outer loop
      vertex -90.86354926074684 1.6223144441142776 7
      vertex -90.74587809284739 1.5823704650253851 7
      vertex -90.74587809284739 3.4176295349746146 7
    endloop
  endfacet
  facet normal 0 0 1
    outer loop
      vertex -90.62399988260906 1.5581273816948802 7
      vertex -90.5 1.55 7
      vertex -90.5 3.45 7
    endloop
  endfacet
  facet normal 0 0 1
    outer loop
      vertex -91.17175144212722 1.8282485578727798 7
      vertex -91.07832335755829 3.2536856732766735 7
      vertex -91.17175144212722 3.17175144212722 7
    endloop
  endfacet
  facet normal 0 0 1
    outer loop
      vertex -91.07832335755829 1.7463143267233265 7
      vertex -90.975 3.3227241335952167 7
      vertex -91.07832335755829 3.2536856732766735 7
    endloop
  endfacet
  facet normal 0 0 1
    outer loop
      vertex -90.975 1.6772758664047833 7
      vertex -90.86354926074684 3.3776855558857224 7
      vertex -90.975 3.3227241335952167 7
    endloop
  endfacet
  facet normal 0 0 1
    outer loop
      vertex -90.86354926074684 1.6223144441142776 7
      vertex -90.74587809284739 3.4176295349746146 7
      vertex -90.86354926074684 3.3776855558857224 7
    endloop
  endfacet
  facet normal 0 0 1
    outer loop
      vertex -90.74587809284739 1.5823704650253851 7
      vertex -90.62399988260906 3.44187261830512 7
      vertex -90.74587809284739 3.4176295349746146 7
    endloop
  endfacet
  facet normal 0 0 1
    outer loop
      vertex -90.62399988260906 1.5581273816948802 7
      vertex -90.5 3.45 7
      vertex -90.62399988260906 3.44187261830512 7
    endloop
  endfacet
  facet normal 0 0 1
    outer loop
      vertex -90.5 1.55 7
      vertex -90.37600011739094 3.44187261830512 7
      vertex -90.5 3.45 7
    endloop
  endfacet
  facet normal 0 0 1
    outer loop
      vertex -90.5 1.55 7
      vertex -90.37600011739094 1.5581273816948802 7
      vertex -90.37600011739094 3.44187261830512 7
    endloop
  endfacet
  facet normal 0 0 1
    outer loop
      vertex -90.37600011739094 1.5581273816948802 7
      vertex -90.25412190715261 1.5823704650253851 7
      vertex -90.25412190715261 3.4176295349746146 7
    endloop
  endfacet
  facet normal 0 0 1
    outer loop
      vertex -90.25412190715261 1.5823704650253851 7
      vertex -90.13645073925316 1.6223144441142776 7
      vertex -90.13645073925316 3.3776855558857224 7
    endloop
  endfacet
  facet normal 0 0 1
    outer loop
      vertex -90.13645073925316 1.6223144441142776 7
      vertex -90.025 1.6772758664047833 7
      vertex -90.025 3.3227241335952167 7
    endloop
  endfacet
  facet normal 0 0 1
    outer loop
      vertex -90.025 1.6772758664047833 7
      vertex -89.92167664244171 1.7463143267233265 7
      vertex -89.92167664244171 3.2536856732766735 7
    endloop
  endfacet
  facet normal 0 0 1
    outer loop
      vertex -89.92167664244171 1.7463143267233265 7
      vertex -89.82824855787278 1.8282485578727798 7
      vertex -89.82824855787278 3.17175144212722 7
    endloop
  endfacet
  facet normal 0 0 1
    outer loop
      vertex -89.82824855787278 1.8282485578727798 7
      vertex -89.74631432672332 1.9216766424417155 7
      vertex -89.74631432672332 3.0783233575582845 7
    endloop
  endfacet
  facet normal 0 0 1
    outer loop
      vertex -89.74631432672332 1.9216766424417155 7
      vertex -89.67727586640478 2.025 7
      vertex -89.67727586640478 2.975 7
    endloop
  endfacet
  facet normal 0 0 1
    outer loop
      vertex -90.37600011739094 1.5581273816948802 7
      vertex -90.25412190715261 3.4176295349746146 7
      vertex -90.37600011739094 3.44187261830512 7
    endloop
  endfacet
  facet normal 0 0 1
    outer loop
      vertex -90.25412190715261 1.5823704650253851 7
      vertex -90.13645073925316 3.3776855558857224 7
      vertex -90.25412190715261 3.4176295349746146 7
    endloop
  endfacet
  facet normal 0 0 1
    outer loop
      vertex -90.13645073925316 1.6223144441142776 7
      vertex -90.025 3.3227241335952167 7
      vertex -90.13645073925316 3.3776855558857224 7
    endloop
  endfacet
  facet normal 0 0 1
    outer loop
      vertex -90.025 1.6772758664047833 7
      vertex -89.92167664244171 3.2536856732766735 7
      vertex -90.025 3.3227241335952167 7
    endloop
  endfacet
  facet normal 0 0 1
    outer loop
      vertex -89.92167664244171 1.7463143267233265 7
      vertex -89.82824855787278 3.17175144212722 7
      vertex -89.92167664244171 3.2536856732766735 7
    endloop
  endfacet
  facet normal 0 0 1
    outer loop
      vertex -89.74631432672332 1.9216766424417155 7
      vertex -89.67727586640478 2.975 7
      vertex -89.74631432672332 3.0783233575582845 7
    endloop
  endfacet
  facet normal 0 0 1
    outer loop
      vertex -89.82824855787278 1.8282485578727798 7
      vertex -89.74631432672332 3.0783233575582845 7
      vertex -89.82824855787278 3.17175144212722 7
    endloop
  endfacet
  facet normal 0 0 1
    outer loop
      vertex -89.67727586640478 2.025 7
      vertex -89.62231444411428 2.136450739253165 7
      vertex -89.62231444411428 2.863549260746835 7
    endloop
  endfacet
  facet normal 0 0 1
    outer loop
      vertex -89.62231444411428 2.136450739253165 7
      vertex -89.58237046502539 2.254121907152605 7
      vertex -89.58237046502539 2.745878092847395 7
    endloop
  endfacet
  facet normal 0 0 1
    outer loop
      vertex -89.58237046502539 2.254121907152605 7
      vertex -89.55812738169487 2.376000117390951 7
      vertex -89.55812738169487 2.623999882609049 7
    endloop
  endfacet
  facet normal 0 0 1
    outer loop
      vertex -89.55812738169487 2.376000117390951 7
      vertex -89.55 2.5 7
      vertex -89.55812738169487 2.623999882609049 7
    endloop
  endfacet
  facet normal 0 0 1
    outer loop
      vertex -89.58237046502539 2.254121907152605 7
      vertex -89.55812738169487 2.623999882609049 7
      vertex -89.58237046502539 2.745878092847395 7
    endloop
  endfacet
  facet normal 0 0 1
    outer loop
      vertex -89.62231444411428 2.136450739253165 7
      vertex -89.58237046502539 2.745878092847395 7
      vertex -89.62231444411428 2.863549260746835 7
    endloop
  endfacet
  facet normal 0 0 1
    outer loop
      vertex -89.67727586640478 2.025 7
      vertex -89.62231444411428 2.863549260746835 7
      vertex -89.67727586640478 2.975 7
    endloop
  endfacet
  facet normal 0.7518398074789476 0.6593458151001028 0
    outer loop
      vertex -91.25368567327668 1.9216766424417155 7
      vertex -91.25368567327668 1.9216766424417155 15
      vertex -91.17175144212722 1.8282485578727798 7
    endloop
  endfacet
  facet normal 0.8314696123025648 0.555570233019573 -2.9674236080684e-19
    outer loop
      vertex -91.25368567327668 1.9216766424417155 7
      vertex -91.32272413359522 2.025 7
      vertex -91.32272413359522 2.025 15
    endloop
  endfacet
  facet normal 0.5555702330195613 0.8314696123025725 0
    outer loop
      vertex -91.07832335755829 1.7463143267233265 7
      vertex -91.07832335755829 1.7463143267233265 15
      vertex -90.975 1.6772758664047833 7
    endloop
  endfacet
  facet normal 0.6593458151001022 0.7518398074789482 -5.800643753594019e-20
    outer loop
      vertex -91.07832335755829 1.7463143267233265 7
      vertex -91.17175144212722 1.8282485578727798 7
      vertex -91.17175144212722 1.8282485578727798 15
    endloop
  endfacet
  facet normal 0.44228869021902323 0.8968727415326774 3.124676991511133e-19
    outer loop
      vertex -90.86354926074684 1.6223144441142776 7
      vertex -90.975 1.6772758664047833 7
      vertex -90.975 1.6772758664047833 15
    endloop
  endfacet
  facet normal 0.32143946530315054 0.9469301294951094 0
    outer loop
      vertex -90.86354926074684 1.6223144441142776 7
      vertex -90.86354926074684 1.6223144441142776 15
      vertex -90.74587809284739 1.5823704650253851 7
    endloop
  endfacet
  facet normal 0.19509032201614307 0.9807852804032275 0
    outer loop
      vertex -90.74587809284739 1.5823704650253851 7
      vertex -90.74587809284739 1.5823704650253851 15
      vertex -90.62399988260906 1.5581273816948802 7
    endloop
  endfacet
  facet normal 0.06540312923013988 0.9978589232386037 0
    outer loop
      vertex -90.62399988260906 1.5581273816948802 7
      vertex -90.62399988260906 1.5581273816948802 15
      vertex -90.5 1.55 7
    endloop
  endfacet
  facet normal -0.06540312923013988 0.9978589232386037 0
    outer loop
      vertex -90.5 1.55 7
      vertex -90.5 1.55 15
      vertex -90.37600011739094 1.5581273816948802 7
    endloop
  endfacet
  facet normal -0.19509032201614307 0.9807852804032275 0
    outer loop
      vertex -90.37600011739094 1.5581273816948802 7
      vertex -90.37600011739094 1.5581273816948802 15
      vertex -90.25412190715261 1.5823704650253851 7
    endloop
  endfacet
  facet normal -0.32143946530315054 0.9469301294951094 0
    outer loop
      vertex -90.25412190715261 1.5823704650253851 7
      vertex -90.25412190715261 1.5823704650253851 15
      vertex -90.13645073925316 1.6223144441142776 7
    endloop
  endfacet
  facet normal -0.44228869021902323 0.8968727415326774 0
    outer loop
      vertex -90.13645073925316 1.6223144441142776 7
      vertex -90.13645073925316 1.6223144441142776 15
      vertex -90.025 1.6772758664047833 7
    endloop
  endfacet
  facet normal -0.5555702330195613 0.8314696123025725 0
    outer loop
      vertex -90.025 1.6772758664047833 7
      vertex -90.025 1.6772758664047833 15
      vertex -89.92167664244171 1.7463143267233265 7
    endloop
  endfacet
  facet normal -0.6593458151001022 0.7518398074789482 0
    outer loop
      vertex -89.92167664244171 1.7463143267233265 7
      vertex -89.92167664244171 1.7463143267233265 15
      vertex -89.82824855787278 1.8282485578727798 7
    endloop
  endfacet
  facet normal -0.7518398074789476 0.6593458151001028 0
    outer loop
      vertex -89.82824855787278 1.8282485578727798 7
      vertex -89.82824855787278 1.8282485578727798 15
      vertex -89.74631432672332 1.9216766424417155 7
    endloop
  endfacet
  facet normal -0.8314696123025648 0.555570233019573 0
    outer loop
      vertex -89.74631432672332 1.9216766424417155 7
      vertex -89.74631432672332 1.9216766424417155 15
      vertex -89.67727586640478 2.025 7
    endloop
  endfacet
  facet normal -0.8968727415326957 0.4422886902189862 0
    outer loop
      vertex -89.67727586640478 2.025 7
      vertex -89.67727586640478 2.025 15
      vertex -89.62231444411428 2.136450739253165 7
    endloop
  endfacet
  facet normal 0.9469301294951136 0.3214394653031385 0
    outer loop
      vertex -91.41762953497461 2.254121907152605 7
      vertex -91.41762953497461 2.254121907152605 15
      vertex -91.37768555588572 2.136450739253165 7
    endloop
  endfacet
  facet normal 0.8968727415326957 0.4422886902189862 3.73472820989265e-19
    outer loop
      vertex -91.32272413359522 2.025 7
      vertex -91.37768555588572 2.136450739253165 7
      vertex -91.37768555588572 2.136450739253165 15
    endloop
  endfacet
  facet normal 0.9807852804032108 0.19509032201622703 6.655501976924673e-20
    outer loop
      vertex -91.41762953497461 2.254121907152605 7
      vertex -91.44187261830513 2.376000117390951 7
      vertex -91.44187261830513 2.376000117390951 15
    endloop
  endfacet
  facet normal 0.9978589232386054 0.06540312923011492 -7.42895122938571e-20
    outer loop
      vertex -91.44187261830513 2.376000117390951 7
      vertex -91.45 2.5 7
      vertex -91.45 2.5 15
    endloop
  endfacet
  facet normal 0.9978589232386054 -0.06540312923011492 7.42895122938571e-20
    outer loop
      vertex -91.45 2.5 7
      vertex -91.44187261830513 2.623999882609049 7
      vertex -91.44187261830513 2.623999882609049 15
    endloop
  endfacet
  facet normal 0.9807852804032108 -0.19509032201622703 -6.655501976924673e-20
    outer loop
      vertex -91.44187261830513 2.623999882609049 7
      vertex -91.41762953497461 2.745878092847395 7
      vertex -91.41762953497461 2.745878092847395 15
    endloop
  endfacet
  facet normal 0.9469301294951136 -0.3214394653031385 -3.212730185911742e-19
    outer loop
      vertex -91.41762953497461 2.745878092847395 7
      vertex -91.37768555588572 2.863549260746835 7
      vertex -91.37768555588572 2.863549260746835 15
    endloop
  endfacet
  facet normal 0.8968727415326957 -0.4422886902189862 -3.73472820989265e-19
    outer loop
      vertex -91.37768555588572 2.863549260746835 7
      vertex -91.32272413359522 2.975 7
      vertex -91.32272413359522 2.975 15
    endloop
  endfacet
  facet normal 0.8314696123025648 -0.555570233019573 2.9674236080684e-19
    outer loop
      vertex -91.32272413359522 2.975 7
      vertex -91.25368567327668 3.0783233575582845 7
      vertex -91.25368567327668 3.0783233575582845 15
    endloop
  endfacet
  facet normal 0.7518398074789476 -0.6593458151001028 2.798347127172943e-19
    outer loop
      vertex -91.25368567327668 3.0783233575582845 7
      vertex -91.17175144212722 3.17175144212722 7
      vertex -91.17175144212722 3.17175144212722 15
    endloop
  endfacet
  facet normal 0.6593458151001022 -0.7518398074789482 5.800643753594019e-20
    outer loop
      vertex -91.17175144212722 3.17175144212722 7
      vertex -91.07832335755829 3.2536856732766735 7
      vertex -91.07832335755829 3.2536856732766735 15
    endloop
  endfacet
  facet normal 0.5555702330195613 -0.8314696123025725 -1.2990217766086398e-19
    outer loop
      vertex -91.07832335755829 3.2536856732766735 7
      vertex -90.975 3.3227241335952167 7
      vertex -90.975 3.3227241335952167 15
    endloop
  endfacet
  facet normal 0.44228869021902323 -0.8968727415326774 -3.124676991511133e-19
    outer loop
      vertex -90.975 3.3227241335952167 7
      vertex -90.86354926074684 3.3776855558857224 7
      vertex -90.86354926074684 3.3776855558857224 15
    endloop
  endfacet
  facet normal 0.321439465303149 -0.94693012949511 2.8768335058792963e-19
    outer loop
      vertex -90.86354926074684 3.3776855558857224 7
      vertex -90.74587809284739 3.4176295349746146 7
      vertex -90.74587809284739 3.4176295349746146 15
    endloop
  endfacet
  facet normal 0.1950903220161465 -0.9807852804032268 1.6677262381937454e-19
    outer loop
      vertex -90.74587809284739 3.4176295349746146 7
      vertex -90.62399988260906 3.44187261830512 7
      vertex -90.62399988260906 3.44187261830512 15
    endloop
  endfacet
  facet normal 0.06540312923013988 -0.9978589232386037 -8.117814364130277e-20
    outer loop
      vertex -90.62399988260906 3.44187261830512 7
      vertex -90.5 3.45 7
      vertex -90.5 3.45 15
    endloop
  endfacet
  facet normal -0.8314696123025648 -0.555570233019573 0
    outer loop
      vertex -89.67727586640478 2.975 7
      vertex -89.67727586640478 2.975 15
      vertex -89.74631432672332 3.0783233575582845 7
    endloop
  endfacet
  facet normal -0.9469301294951136 0.3214394653031385 0
    outer loop
      vertex -89.62231444411428 2.136450739253165 7
      vertex -89.62231444411428 2.136450739253165 15
      vertex -89.58237046502539 2.254121907152605 7
    endloop
  endfacet
  facet normal -0.9807852804032108 0.19509032201622703 0
    outer loop
      vertex -89.58237046502539 2.254121907152605 7
      vertex -89.58237046502539 2.254121907152605 15
      vertex -89.55812738169487 2.376000117390951 7
    endloop
  endfacet
  facet normal -0.9978589232386054 0.06540312923011492 0
    outer loop
      vertex -89.55812738169487 2.376000117390951 7
      vertex -89.55812738169487 2.376000117390951 15
      vertex -89.55 2.5 7
    endloop
  endfacet
  facet normal -0.9978589232386054 -0.06540312923011492 0
    outer loop
      vertex -89.55 2.5 7
      vertex -89.55 2.5 15
      vertex -89.55812738169487 2.623999882609049 7
    endloop
  endfacet
  facet normal -0.9807852804032108 -0.19509032201622703 0
    outer loop
      vertex -89.55812738169487 2.623999882609049 7
      vertex -89.55812738169487 2.623999882609049 15
      vertex -89.58237046502539 2.745878092847395 7
    endloop
  endfacet
  facet normal -0.9469301294951136 -0.3214394653031385 0
    outer loop
      vertex -89.58237046502539 2.745878092847395 7
      vertex -89.58237046502539 2.745878092847395 15
      vertex -89.62231444411428 2.863549260746835 7
    endloop
  endfacet
  facet normal -0.8968727415326957 -0.4422886902189862 0
    outer loop
      vertex -89.62231444411428 2.863549260746835 7
      vertex -89.62231444411428 2.863549260746835 15
      vertex -89.67727586640478 2.975 7
    endloop
  endfacet
  facet normal -0.44228869021902323 -0.8968727415326774 3.124676991511133e-19
    outer loop
      vertex -90.13645073925316 3.3776855558857224 7
      vertex -90.025 3.3227241335952167 7
      vertex -90.025 3.3227241335952167 15
    endloop
  endfacet
  facet normal -0.06540312923013988 -0.9978589232386037 8.117814364130277e-20
    outer loop
      vertex -90.5 3.45 7
      vertex -90.37600011739094 3.44187261830512 7
      vertex -90.37600011739094 3.44187261830512 15
    endloop
  endfacet
  facet normal -0.1950903220161465 -0.9807852804032268 -1.6677262381937454e-19
    outer loop
      vertex -90.37600011739094 3.44187261830512 7
      vertex -90.25412190715261 3.4176295349746146 7
      vertex -90.25412190715261 3.4176295349746146 15
    endloop
  endfacet
  facet normal -0.321439465303149 -0.94693012949511 0
    outer loop
      vertex -90.13645073925316 3.3776855558857224 7
      vertex -90.13645073925316 3.3776855558857224 15
      vertex -90.25412190715261 3.4176295349746146 7
    endloop
  endfacet
  facet normal -0.5555702330195613 -0.8314696123025725 0
    outer loop
      vertex -89.92167664244171 3.2536856732766735 7
      vertex -89.92167664244171 3.2536856732766735 15
      vertex -90.025 3.3227241335952167 7
    endloop
  endfacet
  facet normal -0.7518398074789476 -0.6593458151001028 0
    outer loop
      vertex -89.74631432672332 3.0783233575582845 7
      vertex -89.74631432672332 3.0783233575582845 15
      vertex -89.82824855787278 3.17175144212722 7
    endloop
  endfacet
  facet normal -0.6593458151001022 -0.7518398074789482 -5.800643753594019e-20
    outer loop
      vertex -89.92167664244171 3.2536856732766735 7
      vertex -89.82824855787278 3.17175144212722 7
      vertex -89.82824855787278 3.17175144212722 15
    endloop
  endfacet
  facet normal 0.8314696123025648 0.555570233019573 0
    outer loop
      vertex -91.25368567327668 1.9216766424417155 7
      vertex -91.32272413359522 2.025 15
      vertex -91.25368567327668 1.9216766424417155 15
    endloop
  endfacet
  facet normal 0.8968727415326957 0.4422886902189862 0
    outer loop
      vertex -91.32272413359522 2.025 7
      vertex -91.37768555588572 2.136450739253165 15
      vertex -91.32272413359522 2.025 15
    endloop
  endfacet
  facet normal 0.6593458151001022 0.7518398074789482 0
    outer loop
      vertex -91.07832335755829 1.7463143267233265 7
      vertex -91.17175144212722 1.8282485578727798 15
      vertex -91.07832335755829 1.7463143267233265 15
    endloop
  endfacet
  facet normal 0.44228869021902323 0.8968727415326774 0
    outer loop
      vertex -90.86354926074684 1.6223144441142776 7
      vertex -90.975 1.6772758664047833 15
      vertex -90.86354926074684 1.6223144441142776 15
    endloop
  endfacet
  facet normal 0.5555702330195613 0.8314696123025725 0
    outer loop
      vertex -90.975 1.6772758664047833 7
      vertex -91.07832335755829 1.7463143267233265 15
      vertex -90.975 1.6772758664047833 15
    endloop
  endfacet
  facet normal 0.7518398074789476 0.6593458151001028 0
    outer loop
      vertex -91.17175144212722 1.8282485578727798 7
      vertex -91.25368567327668 1.9216766424417155 15
      vertex -91.17175144212722 1.8282485578727798 15
    endloop
  endfacet
  facet normal 0.32143946530315054 0.9469301294951094 0
    outer loop
      vertex -90.74587809284739 1.5823704650253851 7
      vertex -90.86354926074684 1.6223144441142776 15
      vertex -90.74587809284739 1.5823704650253851 15
    endloop
  endfacet
  facet normal 0.19509032201614307 0.9807852804032275 0
    outer loop
      vertex -90.62399988260906 1.5581273816948802 7
      vertex -90.74587809284739 1.5823704650253851 15
      vertex -90.62399988260906 1.5581273816948802 15
    endloop
  endfacet
  facet normal 0.06540312923013988 0.9978589232386037 0
    outer loop
      vertex -90.5 1.55 7
      vertex -90.62399988260906 1.5581273816948802 15
      vertex -90.5 1.55 15
    endloop
  endfacet
  facet normal -0.06540312923013988 0.9978589232386037 0
    outer loop
      vertex -90.37600011739094 1.5581273816948802 7
      vertex -90.5 1.55 15
      vertex -90.37600011739094 1.5581273816948802 15
    endloop
  endfacet
  facet normal -0.19509032201614307 0.9807852804032275 0
    outer loop
      vertex -90.25412190715261 1.5823704650253851 7
      vertex -90.37600011739094 1.5581273816948802 15
      vertex -90.25412190715261 1.5823704650253851 15
    endloop
  endfacet
  facet normal -0.32143946530315054 0.9469301294951094 0
    outer loop
      vertex -90.13645073925316 1.6223144441142776 7
      vertex -90.25412190715261 1.5823704650253851 15
      vertex -90.13645073925316 1.6223144441142776 15
    endloop
  endfacet
  facet normal -0.44228869021902323 0.8968727415326774 0
    outer loop
      vertex -90.025 1.6772758664047833 7
      vertex -90.13645073925316 1.6223144441142776 15
      vertex -90.025 1.6772758664047833 15
    endloop
  endfacet
  facet normal -0.5555702330195613 0.8314696123025725 0
    outer loop
      vertex -89.92167664244171 1.7463143267233265 7
      vertex -90.025 1.6772758664047833 15
      vertex -89.92167664244171 1.7463143267233265 15
    endloop
  endfacet
  facet normal -0.6593458151001022 0.7518398074789482 0
    outer loop
      vertex -89.82824855787278 1.8282485578727798 7
      vertex -89.92167664244171 1.7463143267233265 15
      vertex -89.82824855787278 1.8282485578727798 15
    endloop
  endfacet
  facet normal -0.7518398074789476 0.6593458151001028 0
    outer loop
      vertex -89.74631432672332 1.9216766424417155 7
      vertex -89.82824855787278 1.8282485578727798 15
      vertex -89.74631432672332 1.9216766424417155 15
    endloop
  endfacet
  facet normal -0.8314696123025648 0.555570233019573 0
    outer loop
      vertex -89.67727586640478 2.025 7
      vertex -89.74631432672332 1.9216766424417155 15
      vertex -89.67727586640478 2.025 15
    endloop
  endfacet
  facet normal 0.9807852804032108 0.19509032201622703 0
    outer loop
      vertex -91.41762953497461 2.254121907152605 7
      vertex -91.44187261830513 2.376000117390951 15
      vertex -91.41762953497461 2.254121907152605 15
    endloop
  endfacet
  facet normal 0.9469301294951136 0.3214394653031385 0
    outer loop
      vertex -91.37768555588572 2.136450739253165 7
      vertex -91.41762953497461 2.254121907152605 15
      vertex -91.37768555588572 2.136450739253165 15
    endloop
  endfacet
  facet normal 0.9978589232386054 0.06540312923011492 0
    outer loop
      vertex -91.44187261830513 2.376000117390951 7
      vertex -91.45 2.5 15
      vertex -91.44187261830513 2.376000117390951 15
    endloop
  endfacet
  facet normal 0.9978589232386054 -0.06540312923011492 0
    outer loop
      vertex -91.45 2.5 7
      vertex -91.44187261830513 2.623999882609049 15
      vertex -91.45 2.5 15
    endloop
  endfacet
  facet normal 0.9807852804032108 -0.19509032201622703 0
    outer loop
      vertex -91.44187261830513 2.623999882609049 7
      vertex -91.41762953497461 2.745878092847395 15
      vertex -91.44187261830513 2.623999882609049 15
    endloop
  endfacet
  facet normal 0.9469301294951136 -0.3214394653031385 0
    outer loop
      vertex -91.41762953497461 2.745878092847395 7
      vertex -91.37768555588572 2.863549260746835 15
      vertex -91.41762953497461 2.745878092847395 15
    endloop
  endfacet
  facet normal 0.8968727415326957 -0.4422886902189862 0
    outer loop
      vertex -91.37768555588572 2.863549260746835 7
      vertex -91.32272413359522 2.975 15
      vertex -91.37768555588572 2.863549260746835 15
    endloop
  endfacet
  facet normal 0.8314696123025648 -0.555570233019573 0
    outer loop
      vertex -91.32272413359522 2.975 7
      vertex -91.25368567327668 3.0783233575582845 15
      vertex -91.32272413359522 2.975 15
    endloop
  endfacet
  facet normal 0.7518398074789476 -0.6593458151001028 0
    outer loop
      vertex -91.25368567327668 3.0783233575582845 7
      vertex -91.17175144212722 3.17175144212722 15
      vertex -91.25368567327668 3.0783233575582845 15
    endloop
  endfacet
  facet normal 0.6593458151001022 -0.7518398074789482 0
    outer loop
      vertex -91.17175144212722 3.17175144212722 7
      vertex -91.07832335755829 3.2536856732766735 15
      vertex -91.17175144212722 3.17175144212722 15
    endloop
  endfacet
  facet normal 0.5555702330195613 -0.8314696123025725 0
    outer loop
      vertex -91.07832335755829 3.2536856732766735 7
      vertex -90.975 3.3227241335952167 15
      vertex -91.07832335755829 3.2536856732766735 15
    endloop
  endfacet
  facet normal 0.44228869021902323 -0.8968727415326774 0
    outer loop
      vertex -90.975 3.3227241335952167 7
      vertex -90.86354926074684 3.3776855558857224 15
      vertex -90.975 3.3227241335952167 15
    endloop
  endfacet
  facet normal 0.321439465303149 -0.94693012949511 0
    outer loop
      vertex -90.86354926074684 3.3776855558857224 7
      vertex -90.74587809284739 3.4176295349746146 15
      vertex -90.86354926074684 3.3776855558857224 15
    endloop
  endfacet
  facet normal 0.1950903220161465 -0.9807852804032268 0
    outer loop
      vertex -90.74587809284739 3.4176295349746146 7
      vertex -90.62399988260906 3.44187261830512 15
      vertex -90.74587809284739 3.4176295349746146 15
    endloop
  endfacet
  facet normal 0.06540312923013988 -0.9978589232386037 0
    outer loop
      vertex -90.62399988260906 3.44187261830512 7
      vertex -90.5 3.45 15
      vertex -90.62399988260906 3.44187261830512 15
    endloop
  endfacet
  facet normal -0.06540312923013988 -0.9978589232386037 0
    outer loop
      vertex -90.5 3.45 7
      vertex -90.37600011739094 3.44187261830512 15
      vertex -90.5 3.45 15
    endloop
  endfacet
  facet normal -0.8314696123025648 -0.555570233019573 0
    outer loop
      vertex -89.74631432672332 3.0783233575582845 7
      vertex -89.67727586640478 2.975 15
      vertex -89.74631432672332 3.0783233575582845 15
    endloop
  endfacet
  facet normal -0.8968727415326957 0.4422886902189862 0
    outer loop
      vertex -89.62231444411428 2.136450739253165 7
      vertex -89.67727586640478 2.025 15
      vertex -89.62231444411428 2.136450739253165 15
    endloop
  endfacet
  facet normal -0.9469301294951136 0.3214394653031385 0
    outer loop
      vertex -89.58237046502539 2.254121907152605 7
      vertex -89.62231444411428 2.136450739253165 15
      vertex -89.58237046502539 2.254121907152605 15
    endloop
  endfacet
  facet normal -0.9807852804032108 0.19509032201622703 0
    outer loop
      vertex -89.55812738169487 2.376000117390951 7
      vertex -89.58237046502539 2.254121907152605 15
      vertex -89.55812738169487 2.376000117390951 15
    endloop
  endfacet
  facet normal -0.9978589232386054 0.06540312923011492 0
    outer loop
      vertex -89.55 2.5 7
      vertex -89.55812738169487 2.376000117390951 15
      vertex -89.55 2.5 15
    endloop
  endfacet
  facet normal -0.9978589232386054 -0.06540312923011492 0
    outer loop
      vertex -89.55812738169487 2.623999882609049 7
      vertex -89.55 2.5 15
      vertex -89.55812738169487 2.623999882609049 15
    endloop
  endfacet
  facet normal -0.9807852804032108 -0.19509032201622703 0
    outer loop
      vertex -89.58237046502539 2.745878092847395 7
      vertex -89.55812738169487 2.623999882609049 15
      vertex -89.58237046502539 2.745878092847395 15
    endloop
  endfacet
  facet normal -0.9469301294951136 -0.3214394653031385 0
    outer loop
      vertex -89.62231444411428 2.863549260746835 7
      vertex -89.58237046502539 2.745878092847395 15
      vertex -89.62231444411428 2.863549260746835 15
    endloop
  endfacet
  facet normal -0.8968727415326957 -0.4422886902189862 0
    outer loop
      vertex -89.67727586640478 2.975 7
      vertex -89.62231444411428 2.863549260746835 15
      vertex -89.67727586640478 2.975 15
    endloop
  endfacet
  facet normal -0.1950903220161465 -0.9807852804032268 0
    outer loop
      vertex -90.37600011739094 3.44187261830512 7
      vertex -90.25412190715261 3.4176295349746146 15
      vertex -90.37600011739094 3.44187261830512 15
    endloop
  endfacet
  facet normal -0.44228869021902323 -0.8968727415326774 0
    outer loop
      vertex -90.13645073925316 3.3776855558857224 7
      vertex -90.025 3.3227241335952167 15
      vertex -90.13645073925316 3.3776855558857224 15
    endloop
  endfacet
  facet normal -0.321439465303149 -0.94693012949511 0
    outer loop
      vertex -90.25412190715261 3.4176295349746146 7
      vertex -90.13645073925316 3.3776855558857224 15
      vertex -90.25412190715261 3.4176295349746146 15
    endloop
  endfacet
  facet normal -0.6593458151001022 -0.7518398074789482 0
    outer loop
      vertex -89.92167664244171 3.2536856732766735 7
      vertex -89.82824855787278 3.17175144212722 15
      vertex -89.92167664244171 3.2536856732766735 15
    endloop
  endfacet
  facet normal -0.5555702330195613 -0.8314696123025725 0
    outer loop
      vertex -90.025 3.3227241335952167 7
      vertex -89.92167664244171 3.2536856732766735 15
      vertex -90.025 3.3227241335952167 15
    endloop
  endfacet
  facet normal -0.7518398074789476 -0.6593458151001028 0
    outer loop
      vertex -89.82824855787278 3.17175144212722 7
      vertex -89.74631432672332 3.0783233575582845 15
      vertex -89.82824855787278 3.17175144212722 15
    endloop
  endfacet
  facet normal 0 0 1
    outer loop
      vertex 89.67727586640478 2.025 7
      vertex 89.67727586640478 2.975 7
      vertex 89.62231444411428 2.136450739253165 7
    endloop
  endfacet
  facet normal 0 0 1
    outer loop
      vertex 89.62231444411428 2.136450739253165 7
      vertex 89.62231444411428 2.863549260746835 7
      vertex 89.58237046502539 2.254121907152605 7
    endloop
  endfacet
  facet normal 0 0 1
    outer loop
      vertex 89.58237046502539 2.254121907152605 7
      vertex 89.58237046502539 2.745878092847395 7
      vertex 89.55812738169487 2.376000117390951 7
    endloop
  endfacet
  facet normal 0 0 1
    outer loop
      vertex 89.55812738169487 2.376000117390951 7
      vertex 89.55812738169487 2.623999882609049 7
      vertex 89.55 2.5 7
    endloop
  endfacet
  facet normal 0 0 1
    outer loop
      vertex 89.55812738169487 2.376000117390951 7
      vertex 89.58237046502539 2.745878092847395 7
      vertex 89.55812738169487 2.623999882609049 7
    endloop
  endfacet
  facet normal 0 0 1
    outer loop
      vertex 89.58237046502539 2.254121907152605 7
      vertex 89.62231444411428 2.863549260746835 7
      vertex 89.58237046502539 2.745878092847395 7
    endloop
  endfacet
  facet normal 0 0 1
    outer loop
      vertex 89.62231444411428 2.136450739253165 7
      vertex 89.67727586640478 2.975 7
      vertex 89.62231444411428 2.863549260746835 7
    endloop
  endfacet
  facet normal 0 0 1
    outer loop
      vertex 89.82824855787278 1.8282485578727798 7
      vertex 89.82824855787278 3.17175144212722 7
      vertex 89.74631432672332 1.9216766424417155 7
    endloop
  endfacet
  facet normal 0 0 1
    outer loop
      vertex 89.82824855787278 1.8282485578727798 7
      vertex 89.92167664244171 1.7463143267233265 7
      vertex 89.92167664244171 3.2536856732766735 7
    endloop
  endfacet
  facet normal 0 0 1
    outer loop
      vertex 89.92167664244171 1.7463143267233265 7
      vertex 90.025 1.6772758664047833 7
      vertex 90.025 3.3227241335952167 7
    endloop
  endfacet
  facet normal 0 0 1
    outer loop
      vertex 89.74631432672332 1.9216766424417155 7
      vertex 89.74631432672332 3.0783233575582845 7
      vertex 89.67727586640478 2.025 7
    endloop
  endfacet
  facet normal 0 0 1
    outer loop
      vertex 90.025 1.6772758664047833 7
      vertex 90.13645073925316 1.6223144441142776 7
      vertex 90.13645073925316 3.3776855558857224 7
    endloop
  endfacet
  facet normal 0 0 1
    outer loop
      vertex 90.13645073925316 1.6223144441142776 7
      vertex 90.25412190715261 1.5823704650253851 7
      vertex 90.25412190715261 3.4176295349746146 7
    endloop
  endfacet
  facet normal 0 0 1
    outer loop
      vertex 90.25412190715261 1.5823704650253851 7
      vertex 90.37600011739094 1.5581273816948802 7
      vertex 90.37600011739094 3.44187261830512 7
    endloop
  endfacet
  facet normal 0 0 1
    outer loop
      vertex 89.67727586640478 2.025 7
      vertex 89.74631432672332 3.0783233575582845 7
      vertex 89.67727586640478 2.975 7
    endloop
  endfacet
  facet normal 0 0 1
    outer loop
      vertex 89.74631432672332 1.9216766424417155 7
      vertex 89.82824855787278 3.17175144212722 7
      vertex 89.74631432672332 3.0783233575582845 7
    endloop
  endfacet
  facet normal 0 0 1
    outer loop
      vertex 89.82824855787278 1.8282485578727798 7
      vertex 89.92167664244171 3.2536856732766735 7
      vertex 89.82824855787278 3.17175144212722 7
    endloop
  endfacet
  facet normal 0 0 1
    outer loop
      vertex 89.92167664244171 1.7463143267233265 7
      vertex 90.025 3.3227241335952167 7
      vertex 89.92167664244171 3.2536856732766735 7
    endloop
  endfacet
  facet normal 0 0 1
    outer loop
      vertex 90.025 1.6772758664047833 7
      vertex 90.13645073925316 3.3776855558857224 7
      vertex 90.025 3.3227241335952167 7
    endloop
  endfacet
  facet normal 0 0 1
    outer loop
      vertex 90.13645073925316 1.6223144441142776 7
      vertex 90.25412190715261 3.4176295349746146 7
      vertex 90.13645073925316 3.3776855558857224 7
    endloop
  endfacet
  facet normal 0 0 1
    outer loop
      vertex 90.25412190715261 1.5823704650253851 7
      vertex 90.37600011739094 3.44187261830512 7
      vertex 90.25412190715261 3.4176295349746146 7
    endloop
  endfacet
  facet normal 0 0 1
    outer loop
      vertex 90.37600011739094 1.5581273816948802 7
      vertex 90.5 3.45 7
      vertex 90.37600011739094 3.44187261830512 7
    endloop
  endfacet
  facet normal 0 0 1
    outer loop
      vertex 90.37600011739094 1.5581273816948802 7
      vertex 90.5 1.55 7
      vertex 90.5 3.45 7
    endloop
  endfacet
  facet normal 0 0 1
    outer loop
      vertex 90.5 1.55 7
      vertex 90.62399988260906 1.5581273816948802 7
      vertex 90.62399988260906 3.44187261830512 7
    endloop
  endfacet
  facet normal 0 0 1
    outer loop
      vertex 90.62399988260906 1.5581273816948802 7
      vertex 90.74587809284739 1.5823704650253851 7
      vertex 90.74587809284739 3.4176295349746146 7
    endloop
  endfacet
  facet normal 0 0 1
    outer loop
      vertex 90.74587809284739 1.5823704650253851 7
      vertex 90.86354926074684 1.6223144441142776 7
      vertex 90.86354926074684 3.3776855558857224 7
    endloop
  endfacet
  facet normal 0 0 1
    outer loop
      vertex 90.86354926074684 1.6223144441142776 7
      vertex 90.975 1.6772758664047833 7
      vertex 90.975 3.3227241335952167 7
    endloop
  endfacet
  facet normal 0 0 1
    outer loop
      vertex 90.975 1.6772758664047833 7
      vertex 91.07832335755829 1.7463143267233265 7
      vertex 91.07832335755829 3.2536856732766735 7
    endloop
  endfacet
  facet normal 0 0 1
    outer loop
      vertex 91.07832335755829 1.7463143267233265 7
      vertex 91.17175144212722 1.8282485578727798 7
      vertex 91.17175144212722 3.17175144212722 7
    endloop
  endfacet
  facet normal 0 0 1
    outer loop
      vertex 90.5 1.55 7
      vertex 90.62399988260906 3.44187261830512 7
      vertex 90.5 3.45 7
    endloop
  endfacet
  facet normal 0 0 1
    outer loop
      vertex 90.62399988260906 1.5581273816948802 7
      vertex 90.74587809284739 3.4176295349746146 7
      vertex 90.62399988260906 3.44187261830512 7
    endloop
  endfacet
  facet normal 0 0 1
    outer loop
      vertex 90.74587809284739 1.5823704650253851 7
      vertex 90.86354926074684 3.3776855558857224 7
      vertex 90.74587809284739 3.4176295349746146 7
    endloop
  endfacet
  facet normal 0 0 1
    outer loop
      vertex 90.975 1.6772758664047833 7
      vertex 91.07832335755829 3.2536856732766735 7
      vertex 90.975 3.3227241335952167 7
    endloop
  endfacet
  facet normal 0 0 1
    outer loop
      vertex 90.86354926074684 1.6223144441142776 7
      vertex 90.975 3.3227241335952167 7
      vertex 90.86354926074684 3.3776855558857224 7
    endloop
  endfacet
  facet normal 0 0 1
    outer loop
      vertex 91.17175144212722 1.8282485578727798 7
      vertex 91.25368567327668 3.0783233575582845 7
      vertex 91.17175144212722 3.17175144212722 7
    endloop
  endfacet
  facet normal 0 0 1
    outer loop
      vertex 91.07832335755829 1.7463143267233265 7
      vertex 91.17175144212722 3.17175144212722 7
      vertex 91.07832335755829 3.2536856732766735 7
    endloop
  endfacet
  facet normal 0 0 1
    outer loop
      vertex 91.17175144212722 1.8282485578727798 7
      vertex 91.25368567327668 1.9216766424417155 7
      vertex 91.25368567327668 3.0783233575582845 7
    endloop
  endfacet
  facet normal 0 0 1
    outer loop
      vertex 91.25368567327668 1.9216766424417155 7
      vertex 91.32272413359522 2.025 7
      vertex 91.32272413359522 2.975 7
    endloop
  endfacet
  facet normal 0 0 1
    outer loop
      vertex 91.32272413359522 2.025 7
      vertex 91.37768555588572 2.136450739253165 7
      vertex 91.37768555588572 2.863549260746835 7
    endloop
  endfacet
  facet normal 0 0 1
    outer loop
      vertex 91.37768555588572 2.136450739253165 7
      vertex 91.41762953497461 2.745878092847395 7
      vertex 91.37768555588572 2.863549260746835 7
    endloop
  endfacet
  facet normal 0 0 1
    outer loop
      vertex 91.37768555588572 2.136450739253165 7
      vertex 91.41762953497461 2.254121907152605 7
      vertex 91.41762953497461 2.745878092847395 7
    endloop
  endfacet
  facet normal 0 0 1
    outer loop
      vertex 91.41762953497461 2.254121907152605 7
      vertex 91.44187261830513 2.376000117390951 7
      vertex 91.44187261830513 2.623999882609049 7
    endloop
  endfacet
  facet normal 0 0 1
    outer loop
      vertex 91.44187261830513 2.376000117390951 7
      vertex 91.45 2.5 7
      vertex 91.44187261830513 2.623999882609049 7
    endloop
  endfacet
  facet normal 0 0 1
    outer loop
      vertex 91.41762953497461 2.254121907152605 7
      vertex 91.44187261830513 2.623999882609049 7
      vertex 91.41762953497461 2.745878092847395 7
    endloop
  endfacet
  facet normal 0 0 1
    outer loop
      vertex 91.32272413359522 2.025 7
      vertex 91.37768555588572 2.863549260746835 7
      vertex 91.32272413359522 2.975 7
    endloop
  endfacet
  facet normal 0 0 1
    outer loop
      vertex 91.25368567327668 1.9216766424417155 7
      vertex 91.32272413359522 2.975 7
      vertex 91.25368567327668 3.0783233575582845 7
    endloop
  endfacet
  facet normal 0.6593458151001022 0.7518398074789482 0
    outer loop
      vertex 89.82824855787278 1.8282485578727798 7
      vertex 89.82824855787278 1.8282485578727798 15
      vertex 89.92167664244171 1.7463143267233265 7
    endloop
  endfacet
  facet normal 0.5555702330195613 0.8314696123025725 0
    outer loop
      vertex 89.92167664244171 1.7463143267233265 7
      vertex 89.92167664244171 1.7463143267233265 15
      vertex 90.025 1.6772758664047833 7
    endloop
  endfacet
  facet normal 0.7518398074789476 0.6593458151001028 -2.798347127172943e-19
    outer loop
      vertex 89.82824855787278 1.8282485578727798 7
      vertex 89.74631432672332 1.9216766424417155 7
      vertex 89.74631432672332 1.9216766424417155 15
    endloop
  endfacet
  facet normal 0.8314696123025648 0.555570233019573 -2.9674236080684e-19
    outer loop
      vertex 89.74631432672332 1.9216766424417155 7
      vertex 89.67727586640478 2.025 7
      vertex 89.67727586640478 2.025 15
    endloop
  endfacet
  facet normal 0.44228869021902323 0.8968727415326774 0
    outer loop
      vertex 90.025 1.6772758664047833 7
      vertex 90.025 1.6772758664047833 15
      vertex 90.13645073925316 1.6223144441142776 7
    endloop
  endfacet
  facet normal 0.32143946530315054 0.9469301294951094 0
    outer loop
      vertex 90.13645073925316 1.6223144441142776 7
      vertex 90.13645073925316 1.6223144441142776 15
      vertex 90.25412190715261 1.5823704650253851 7
    endloop
  endfacet
  facet normal 0.19509032201614307 0.9807852804032275 0
    outer loop
      vertex 90.25412190715261 1.5823704650253851 7
      vertex 90.25412190715261 1.5823704650253851 15
      vertex 90.37600011739094 1.5581273816948802 7
    endloop
  endfacet
  facet normal 0.06540312923013988 0.9978589232386037 0
    outer loop
      vertex 90.37600011739094 1.5581273816948802 7
      vertex 90.37600011739094 1.5581273816948802 15
      vertex 90.5 1.55 7
    endloop
  endfacet
  facet normal -0.06540312923013988 0.9978589232386037 0
    outer loop
      vertex 90.5 1.55 7
      vertex 90.5 1.55 15
      vertex 90.62399988260906 1.5581273816948802 7
    endloop
  endfacet
  facet normal -0.19509032201614307 0.9807852804032275 0
    outer loop
      vertex 90.62399988260906 1.5581273816948802 7
      vertex 90.62399988260906 1.5581273816948802 15
      vertex 90.74587809284739 1.5823704650253851 7
    endloop
  endfacet
  facet normal -0.32143946530315054 0.9469301294951094 0
    outer loop
      vertex 90.74587809284739 1.5823704650253851 7
      vertex 90.74587809284739 1.5823704650253851 15
      vertex 90.86354926074684 1.6223144441142776 7
    endloop
  endfacet
  facet normal -0.44228869021902323 0.8968727415326774 0
    outer loop
      vertex 90.86354926074684 1.6223144441142776 7
      vertex 90.86354926074684 1.6223144441142776 15
      vertex 90.975 1.6772758664047833 7
    endloop
  endfacet
  facet normal -0.5555702330195613 0.8314696123025725 0
    outer loop
      vertex 90.975 1.6772758664047833 7
      vertex 90.975 1.6772758664047833 15
      vertex 91.07832335755829 1.7463143267233265 7
    endloop
  endfacet
  facet normal -0.6593458151001022 0.7518398074789482 0
    outer loop
      vertex 91.07832335755829 1.7463143267233265 7
      vertex 91.07832335755829 1.7463143267233265 15
      vertex 91.17175144212722 1.8282485578727798 7
    endloop
  endfacet
  facet normal -0.7518398074789476 0.6593458151001028 0
    outer loop
      vertex 91.17175144212722 1.8282485578727798 7
      vertex 91.17175144212722 1.8282485578727798 15
      vertex 91.25368567327668 1.9216766424417155 7
    endloop
  endfacet
  facet normal -0.8314696123025648 0.555570233019573 0
    outer loop
      vertex 91.25368567327668 1.9216766424417155 7
      vertex 91.25368567327668 1.9216766424417155 15
      vertex 91.32272413359522 2.025 7
    endloop
  endfacet
  facet normal -0.8968727415326957 0.4422886902189862 0
    outer loop
      vertex 91.32272413359522 2.025 7
      vertex 91.32272413359522 2.025 15
      vertex 91.37768555588572 2.136450739253165 7
    endloop
  endfacet
  facet normal 0.8968727415326957 0.4422886902189862 3.73472820989265e-19
    outer loop
      vertex 89.67727586640478 2.025 7
      vertex 89.62231444411428 2.136450739253165 7
      vertex 89.62231444411428 2.136450739253165 15
    endloop
  endfacet
  facet normal 0.9469301294951136 0.3214394653031385 3.212730185911742e-19
    outer loop
      vertex 89.62231444411428 2.136450739253165 7
      vertex 89.58237046502539 2.254121907152605 7
      vertex 89.58237046502539 2.254121907152605 15
    endloop
  endfacet
  facet normal 0.9807852804032108 0.19509032201622703 6.655501976924673e-20
    outer loop
      vertex 89.58237046502539 2.254121907152605 7
      vertex 89.55812738169487 2.376000117390951 7
      vertex 89.55812738169487 2.376000117390951 15
    endloop
  endfacet
  facet normal 0.9978589232386054 0.06540312923011492 -7.42895122938571e-20
    outer loop
      vertex 89.55812738169487 2.376000117390951 7
      vertex 89.55 2.5 7
      vertex 89.55 2.5 15
    endloop
  endfacet
  facet normal 0.9978589232386054 -0.06540312923011492 7.42895122938571e-20
    outer loop
      vertex 89.55 2.5 7
      vertex 89.55812738169487 2.623999882609049 7
      vertex 89.55812738169487 2.623999882609049 15
    endloop
  endfacet
  facet normal 0.9807852804032108 -0.19509032201622703 -6.655501976924673e-20
    outer loop
      vertex 89.55812738169487 2.623999882609049 7
      vertex 89.58237046502539 2.745878092847395 7
      vertex 89.58237046502539 2.745878092847395 15
    endloop
  endfacet
  facet normal 0.9469301294951136 -0.3214394653031385 -3.212730185911742e-19
    outer loop
      vertex 89.58237046502539 2.745878092847395 7
      vertex 89.62231444411428 2.863549260746835 7
      vertex 89.62231444411428 2.863549260746835 15
    endloop
  endfacet
  facet normal 0.8968727415326957 -0.4422886902189862 -3.73472820989265e-19
    outer loop
      vertex 89.62231444411428 2.863549260746835 7
      vertex 89.67727586640478 2.975 7
      vertex 89.67727586640478 2.975 15
    endloop
  endfacet
  facet normal 0.8314696123025648 -0.555570233019573 2.9674236080684e-19
    outer loop
      vertex 89.67727586640478 2.975 7
      vertex 89.74631432672332 3.0783233575582845 7
      vertex 89.74631432672332 3.0783233575582845 15
    endloop
  endfacet
  facet normal 0.7518398074789476 -0.6593458151001028 2.798347127172943e-19
    outer loop
      vertex 89.74631432672332 3.0783233575582845 7
      vertex 89.82824855787278 3.17175144212722 7
      vertex 89.82824855787278 3.17175144212722 15
    endloop
  endfacet
  facet normal 0.6593458151001022 -0.7518398074789482 5.800643753594019e-20
    outer loop
      vertex 89.82824855787278 3.17175144212722 7
      vertex 89.92167664244171 3.2536856732766735 7
      vertex 89.92167664244171 3.2536856732766735 15
    endloop
  endfacet
  facet normal 0.5555702330195613 -0.8314696123025725 -1.2990217766086398e-19
    outer loop
      vertex 89.92167664244171 3.2536856732766735 7
      vertex 90.025 3.3227241335952167 7
      vertex 90.025 3.3227241335952167 15
    endloop
  endfacet
  facet normal 0.44228869021902323 -0.8968727415326774 -3.124676991511133e-19
    outer loop
      vertex 90.025 3.3227241335952167 7
      vertex 90.13645073925316 3.3776855558857224 7
      vertex 90.13645073925316 3.3776855558857224 15
    endloop
  endfacet
  facet normal 0.321439465303149 -0.94693012949511 2.8768335058792963e-19
    outer loop
      vertex 90.13645073925316 3.3776855558857224 7
      vertex 90.25412190715261 3.4176295349746146 7
      vertex 90.25412190715261 3.4176295349746146 15
    endloop
  endfacet
  facet normal 0.1950903220161465 -0.9807852804032268 1.6677262381937454e-19
    outer loop
      vertex 90.25412190715261 3.4176295349746146 7
      vertex 90.37600011739094 3.44187261830512 7
      vertex 90.37600011739094 3.44187261830512 15
    endloop
  endfacet
  facet normal -0.9469301294951136 0.3214394653031385 0
    outer loop
      vertex 91.37768555588572 2.136450739253165 7
      vertex 91.37768555588572 2.136450739253165 15
      vertex 91.41762953497461 2.254121907152605 7
    endloop
  endfacet
  facet normal -0.9807852804032108 0.19509032201622703 0
    outer loop
      vertex 91.41762953497461 2.254121907152605 7
      vertex 91.41762953497461 2.254121907152605 15
      vertex 91.44187261830513 2.376000117390951 7
    endloop
  endfacet
  facet normal -0.9978589232386054 0.06540312923011492 0
    outer loop
      vertex 91.44187261830513 2.376000117390951 7
      vertex 91.44187261830513 2.376000117390951 15
      vertex 91.45 2.5 7
    endloop
  endfacet
  facet normal -0.9978589232386054 -0.06540312923011492 0
    outer loop
      vertex 91.45 2.5 7
      vertex 91.45 2.5 15
      vertex 91.44187261830513 2.623999882609049 7
    endloop
  endfacet
  facet normal -0.9807852804032108 -0.19509032201622703 0
    outer loop
      vertex 91.44187261830513 2.623999882609049 7
      vertex 91.44187261830513 2.623999882609049 15
      vertex 91.41762953497461 2.745878092847395 7
    endloop
  endfacet
  facet normal -0.9469301294951136 -0.3214394653031385 3.212730185911742e-19
    outer loop
      vertex 91.37768555588572 2.863549260746835 7
      vertex 91.41762953497461 2.745878092847395 7
      vertex 91.41762953497461 2.745878092847395 15
    endloop
  endfacet
  facet normal -0.8968727415326957 -0.4422886902189862 0
    outer loop
      vertex 91.37768555588572 2.863549260746835 7
      vertex 91.37768555588572 2.863549260746835 15
      vertex 91.32272413359522 2.975 7
    endloop
  endfacet
  facet normal -0.8314696123025648 -0.555570233019573 0
    outer loop
      vertex 91.32272413359522 2.975 7
      vertex 91.32272413359522 2.975 15
      vertex 91.25368567327668 3.0783233575582845 7
    endloop
  endfacet
  facet normal 0.06540312923013988 -0.9978589232386037 -8.117814364130277e-20
    outer loop
      vertex 90.37600011739094 3.44187261830512 7
      vertex 90.5 3.45 7
      vertex 90.5 3.45 15
    endloop
  endfacet
  facet normal -0.06540312923013988 -0.9978589232386037 8.117814364130277e-20
    outer loop
      vertex 90.5 3.45 7
      vertex 90.62399988260906 3.44187261830512 7
      vertex 90.62399988260906 3.44187261830512 15
    endloop
  endfacet
  facet normal -0.1950903220161465 -0.9807852804032268 -1.6677262381937454e-19
    outer loop
      vertex 90.62399988260906 3.44187261830512 7
      vertex 90.74587809284739 3.4176295349746146 7
      vertex 90.74587809284739 3.4176295349746146 15
    endloop
  endfacet
  facet normal -0.44228869021902323 -0.8968727415326774 3.124676991511133e-19
    outer loop
      vertex 90.86354926074684 3.3776855558857224 7
      vertex 90.975 3.3227241335952167 7
      vertex 90.975 3.3227241335952167 15
    endloop
  endfacet
  facet normal -0.6593458151001022 -0.7518398074789482 -5.800643753594019e-20
    outer loop
      vertex 91.07832335755829 3.2536856732766735 7
      vertex 91.17175144212722 3.17175144212722 7
      vertex 91.17175144212722 3.17175144212722 15
    endloop
  endfacet
  facet normal -0.5555702330195613 -0.8314696123025725 1.2990217766086398e-19
    outer loop
      vertex 90.975 3.3227241335952167 7
      vertex 91.07832335755829 3.2536856732766735 7
      vertex 91.07832335755829 3.2536856732766735 15
    endloop
  endfacet
  facet normal -0.321439465303149 -0.94693012949511 -2.8768335058792963e-19
    outer loop
      vertex 90.74587809284739 3.4176295349746146 7
      vertex 90.86354926074684 3.3776855558857224 7
      vertex 90.86354926074684 3.3776855558857224 15
    endloop
  endfacet
  facet normal -0.7518398074789476 -0.6593458151001028 -2.798347127172943e-19
    outer loop
      vertex 91.17175144212722 3.17175144212722 7
      vertex 91.25368567327668 3.0783233575582845 7
      vertex 91.25368567327668 3.0783233575582845 15
    endloop
  endfacet
  facet normal 0.8968727415326957 0.4422886902189862 0
    outer loop
      vertex 89.67727586640478 2.025 7
      vertex 89.62231444411428 2.136450739253165 15
      vertex 89.67727586640478 2.025 15
    endloop
  endfacet
  facet normal 0.6593458151001022 0.7518398074789482 0
    outer loop
      vertex 89.92167664244171 1.7463143267233265 7
      vertex 89.82824855787278 1.8282485578727798 15
      vertex 89.92167664244171 1.7463143267233265 15
    endloop
  endfacet
  facet normal 0.5555702330195613 0.8314696123025725 0
    outer loop
      vertex 90.025 1.6772758664047833 7
      vertex 89.92167664244171 1.7463143267233265 15
      vertex 90.025 1.6772758664047833 15
    endloop
  endfacet
  facet normal 0.7518398074789476 0.6593458151001028 0
    outer loop
      vertex 89.82824855787278 1.8282485578727798 7
      vertex 89.74631432672332 1.9216766424417155 15
      vertex 89.82824855787278 1.8282485578727798 15
    endloop
  endfacet
  facet normal 0.8314696123025648 0.555570233019573 0
    outer loop
      vertex 89.74631432672332 1.9216766424417155 7
      vertex 89.67727586640478 2.025 15
      vertex 89.74631432672332 1.9216766424417155 15
    endloop
  endfacet
  facet normal 0.32143946530315054 0.9469301294951094 0
    outer loop
      vertex 90.25412190715261 1.5823704650253851 7
      vertex 90.13645073925316 1.6223144441142776 15
      vertex 90.25412190715261 1.5823704650253851 15
    endloop
  endfacet
  facet normal 0.44228869021902323 0.8968727415326774 0
    outer loop
      vertex 90.13645073925316 1.6223144441142776 7
      vertex 90.025 1.6772758664047833 15
      vertex 90.13645073925316 1.6223144441142776 15
    endloop
  endfacet
  facet normal 0.19509032201614307 0.9807852804032275 0
    outer loop
      vertex 90.37600011739094 1.5581273816948802 7
      vertex 90.25412190715261 1.5823704650253851 15
      vertex 90.37600011739094 1.5581273816948802 15
    endloop
  endfacet
  facet normal 0.06540312923013988 0.9978589232386037 0
    outer loop
      vertex 90.5 1.55 7
      vertex 90.37600011739094 1.5581273816948802 15
      vertex 90.5 1.55 15
    endloop
  endfacet
  facet normal -0.06540312923013988 0.9978589232386037 0
    outer loop
      vertex 90.62399988260906 1.5581273816948802 7
      vertex 90.5 1.55 15
      vertex 90.62399988260906 1.5581273816948802 15
    endloop
  endfacet
  facet normal -0.19509032201614307 0.9807852804032275 0
    outer loop
      vertex 90.74587809284739 1.5823704650253851 7
      vertex 90.62399988260906 1.5581273816948802 15
      vertex 90.74587809284739 1.5823704650253851 15
    endloop
  endfacet
  facet normal -0.32143946530315054 0.9469301294951094 0
    outer loop
      vertex 90.86354926074684 1.6223144441142776 7
      vertex 90.74587809284739 1.5823704650253851 15
      vertex 90.86354926074684 1.6223144441142776 15
    endloop
  endfacet
  facet normal -0.44228869021902323 0.8968727415326774 0
    outer loop
      vertex 90.975 1.6772758664047833 7
      vertex 90.86354926074684 1.6223144441142776 15
      vertex 90.975 1.6772758664047833 15
    endloop
  endfacet
  facet normal -0.5555702330195613 0.8314696123025725 0
    outer loop
      vertex 91.07832335755829 1.7463143267233265 7
      vertex 90.975 1.6772758664047833 15
      vertex 91.07832335755829 1.7463143267233265 15
    endloop
  endfacet
  facet normal -0.6593458151001022 0.7518398074789482 0
    outer loop
      vertex 91.17175144212722 1.8282485578727798 7
      vertex 91.07832335755829 1.7463143267233265 15
      vertex 91.17175144212722 1.8282485578727798 15
    endloop
  endfacet
  facet normal -0.7518398074789476 0.6593458151001028 0
    outer loop
      vertex 91.25368567327668 1.9216766424417155 7
      vertex 91.17175144212722 1.8282485578727798 15
      vertex 91.25368567327668 1.9216766424417155 15
    endloop
  endfacet
  facet normal -0.8314696123025648 0.555570233019573 0
    outer loop
      vertex 91.32272413359522 2.025 7
      vertex 91.25368567327668 1.9216766424417155 15
      vertex 91.32272413359522 2.025 15
    endloop
  endfacet
  facet normal 0.9469301294951136 0.3214394653031385 0
    outer loop
      vertex 89.62231444411428 2.136450739253165 7
      vertex 89.58237046502539 2.254121907152605 15
      vertex 89.62231444411428 2.136450739253165 15
    endloop
  endfacet
  facet normal 0.9807852804032108 0.19509032201622703 0
    outer loop
      vertex 89.58237046502539 2.254121907152605 7
      vertex 89.55812738169487 2.376000117390951 15
      vertex 89.58237046502539 2.254121907152605 15
    endloop
  endfacet
  facet normal 0.9978589232386054 0.06540312923011492 0
    outer loop
      vertex 89.55812738169487 2.376000117390951 7
      vertex 89.55 2.5 15
      vertex 89.55812738169487 2.376000117390951 15
    endloop
  endfacet
  facet normal 0.9978589232386054 -0.06540312923011492 0
    outer loop
      vertex 89.55 2.5 7
      vertex 89.55812738169487 2.623999882609049 15
      vertex 89.55 2.5 15
    endloop
  endfacet
  facet normal 0.9807852804032108 -0.19509032201622703 0
    outer loop
      vertex 89.55812738169487 2.623999882609049 7
      vertex 89.58237046502539 2.745878092847395 15
      vertex 89.55812738169487 2.623999882609049 15
    endloop
  endfacet
  facet normal 0.9469301294951136 -0.3214394653031385 0
    outer loop
      vertex 89.58237046502539 2.745878092847395 7
      vertex 89.62231444411428 2.863549260746835 15
      vertex 89.58237046502539 2.745878092847395 15
    endloop
  endfacet
  facet normal 0.8968727415326957 -0.4422886902189862 0
    outer loop
      vertex 89.62231444411428 2.863549260746835 7
      vertex 89.67727586640478 2.975 15
      vertex 89.62231444411428 2.863549260746835 15
    endloop
  endfacet
  facet normal 0.8314696123025648 -0.555570233019573 0
    outer loop
      vertex 89.67727586640478 2.975 7
      vertex 89.74631432672332 3.0783233575582845 15
      vertex 89.67727586640478 2.975 15
    endloop
  endfacet
  facet normal 0.7518398074789476 -0.6593458151001028 0
    outer loop
      vertex 89.74631432672332 3.0783233575582845 7
      vertex 89.82824855787278 3.17175144212722 15
      vertex 89.74631432672332 3.0783233575582845 15
    endloop
  endfacet
  facet normal 0.6593458151001022 -0.7518398074789482 0
    outer loop
      vertex 89.82824855787278 3.17175144212722 7
      vertex 89.92167664244171 3.2536856732766735 15
      vertex 89.82824855787278 3.17175144212722 15
    endloop
  endfacet
  facet normal 0.5555702330195613 -0.8314696123025725 0
    outer loop
      vertex 89.92167664244171 3.2536856732766735 7
      vertex 90.025 3.3227241335952167 15
      vertex 89.92167664244171 3.2536856732766735 15
    endloop
  endfacet
  facet normal 0.44228869021902323 -0.8968727415326774 0
    outer loop
      vertex 90.025 3.3227241335952167 7
      vertex 90.13645073925316 3.3776855558857224 15
      vertex 90.025 3.3227241335952167 15
    endloop
  endfacet
  facet normal 0.321439465303149 -0.94693012949511 0
    outer loop
      vertex 90.13645073925316 3.3776855558857224 7
      vertex 90.25412190715261 3.4176295349746146 15
      vertex 90.13645073925316 3.3776855558857224 15
    endloop
  endfacet
  facet normal 0.1950903220161465 -0.9807852804032268 0
    outer loop
      vertex 90.25412190715261 3.4176295349746146 7
      vertex 90.37600011739094 3.44187261830512 15
      vertex 90.25412190715261 3.4176295349746146 15
    endloop
  endfacet
  facet normal 0.06540312923013988 -0.9978589232386037 0
    outer loop
      vertex 90.37600011739094 3.44187261830512 7
      vertex 90.5 3.45 15
      vertex 90.37600011739094 3.44187261830512 15
    endloop
  endfacet
  facet normal -0.8968727415326957 0.4422886902189862 0
    outer loop
      vertex 91.37768555588572 2.136450739253165 7
      vertex 91.32272413359522 2.025 15
      vertex 91.37768555588572 2.136450739253165 15
    endloop
  endfacet
  facet normal -0.9469301294951136 0.3214394653031385 0
    outer loop
      vertex 91.41762953497461 2.254121907152605 7
      vertex 91.37768555588572 2.136450739253165 15
      vertex 91.41762953497461 2.254121907152605 15
    endloop
  endfacet
  facet normal -0.9807852804032108 0.19509032201622703 0
    outer loop
      vertex 91.44187261830513 2.376000117390951 7
      vertex 91.41762953497461 2.254121907152605 15
      vertex 91.44187261830513 2.376000117390951 15
    endloop
  endfacet
  facet normal -0.9978589232386054 0.06540312923011492 0
    outer loop
      vertex 91.45 2.5 7
      vertex 91.44187261830513 2.376000117390951 15
      vertex 91.45 2.5 15
    endloop
  endfacet
  facet normal -0.9469301294951136 -0.3214394653031385 0
    outer loop
      vertex 91.37768555588572 2.863549260746835 7
      vertex 91.41762953497461 2.745878092847395 15
      vertex 91.37768555588572 2.863549260746835 15
    endloop
  endfacet
  facet normal -0.9978589232386054 -0.06540312923011492 0
    outer loop
      vertex 91.44187261830513 2.623999882609049 7
      vertex 91.45 2.5 15
      vertex 91.44187261830513 2.623999882609049 15
    endloop
  endfacet
  facet normal -0.9807852804032108 -0.19509032201622703 0
    outer loop
      vertex 91.41762953497461 2.745878092847395 7
      vertex 91.44187261830513 2.623999882609049 15
      vertex 91.41762953497461 2.745878092847395 15
    endloop
  endfacet
  facet normal -0.8968727415326957 -0.4422886902189862 0
    outer loop
      vertex 91.32272413359522 2.975 7
      vertex 91.37768555588572 2.863549260746835 15
      vertex 91.32272413359522 2.975 15
    endloop
  endfacet
  facet normal -0.8314696123025648 -0.555570233019573 0
    outer loop
      vertex 91.25368567327668 3.0783233575582845 7
      vertex 91.32272413359522 2.975 15
      vertex 91.25368567327668 3.0783233575582845 15
    endloop
  endfacet
  facet normal -0.06540312923013988 -0.9978589232386037 0
    outer loop
      vertex 90.5 3.45 7
      vertex 90.62399988260906 3.44187261830512 15
      vertex 90.5 3.45 15
    endloop
  endfacet
  facet normal -0.1950903220161465 -0.9807852804032268 0
    outer loop
      vertex 90.62399988260906 3.44187261830512 7
      vertex 90.74587809284739 3.4176295349746146 15
      vertex 90.62399988260906 3.44187261830512 15
    endloop
  endfacet
  facet normal -0.321439465303149 -0.94693012949511 0
    outer loop
      vertex 90.74587809284739 3.4176295349746146 7
      vertex 90.86354926074684 3.3776855558857224 15
      vertex 90.74587809284739 3.4176295349746146 15
    endloop
  endfacet
  facet normal -0.5555702330195613 -0.8314696123025725 0
    outer loop
      vertex 90.975 3.3227241335952167 7
      vertex 91.07832335755829 3.2536856732766735 15
      vertex 90.975 3.3227241335952167 15
    endloop
  endfacet
  facet normal -0.7518398074789476 -0.6593458151001028 0
    outer loop
      vertex 91.17175144212722 3.17175144212722 7
      vertex 91.25368567327668 3.0783233575582845 15
      vertex 91.17175144212722 3.17175144212722 15
    endloop
  endfacet
  facet normal -0.6593458151001022 -0.7518398074789482 0
    outer loop
      vertex 91.07832335755829 3.2536856732766735 7
      vertex 91.17175144212722 3.17175144212722 15
      vertex 91.07832335755829 3.2536856732766735 15
    endloop
  endfacet
  facet normal -0.44228869021902323 -0.8968727415326774 0
    outer loop
      vertex 90.86354926074684 3.3776855558857224 7
      vertex 90.975 3.3227241335952167 15
      vertex 90.86354926074684 3.3776855558857224 15
    endloop
  endfacet
  facet normal 0 0 1
    outer loop
      vertex -85.9 -53.4 2
      vertex -79.50995024875621 -47.50995024875622 2
      vertex -79.50995024875621 47.50995024875622 2
    endloop
  endfacet
  facet normal 0 0 1
    outer loop
      vertex -85.9 -53.4 2
      vertex 85.9 -53.4 2
      vertex -79.50995024875621 -47.50995024875622 2
    endloop
  endfacet
  facet normal 1 0 0
    outer loop
      vertex -85.9 -53.4 2
      vertex -85.9 3.336004144871141 15
      vertex -85.9 -53.4 15
    endloop
  endfacet
  facet normal 0 1 0
    outer loop
      vertex -85.9 -53.4 2
      vertex -85.9 -53.4 15
      vertex 85.9 -53.4 15
    endloop
  endfacet
  facet normal 0 0 1
    outer loop
      vertex -85.9 -53.4 2
      vertex -79.50995024875621 47.50995024875622 2
      vertex -85.9 58.4 2
    endloop
  endfacet
  facet normal 1 0 0
    outer loop
      vertex -85.9 -53.4 2
      vertex -85.9 58.4 2
      vertex -85.9 3.336004144871141 15
    endloop
  endfacet
  facet normal 0 0 1
    outer loop
      vertex -79.50995024875621 47.50995024875622 2
      vertex -41 55.443930953999406 2
      vertex -85.9 58.4 2
    endloop
  endfacet
  facet normal 0 0 1
    outer loop
      vertex -85.9 58.4 2
      vertex -41 55.443930953999406 2
      vertex -41 58.4 2
    endloop
  endfacet
  facet normal 0 0 1
    outer loop
      vertex -79.50995024875621 47.50995024875622 2
      vertex -41 47.50995024875622 2
      vertex -41 55.443930953999406 2
    endloop
  endfacet
  facet normal 0 -1 0
    outer loop
      vertex -85.9 58.4 2
      vertex -41 58.4 2
      vertex -41 58.4 3.5
    endloop
  endfacet
  facet normal 0 -1 0
    outer loop
      vertex -85.9 58.4 2
      vertex -41 58.4 3.5
      vertex -85.9 58.4 15
    endloop
  endfacet
  facet normal 1 0 0
    outer loop
      vertex -85.9 3.336004144871141 15
      vertex -85.9 58.4 2
      vertex -85.9 58.4 15
    endloop
  endfacet
  facet normal 0 -1 0
    outer loop
      vertex -85.9 58.4 15
      vertex -41 58.4 3.5
      vertex -41 58.4 15
    endloop
  endfacet
  facet normal 0 0 1
    outer loop
      vertex -79.50995024875621 -47.50995024875622 2
      vertex 85.9 -53.4 2
      vertex 79.50995024875621 -47.50995024875622 2
    endloop
  endfacet
  facet normal 0 1 0
    outer loop
      vertex -85.9 -53.4 2
      vertex 85.9 -53.4 15
      vertex 85.9 -53.4 2
    endloop
  endfacet
  facet normal 0 0 1
    outer loop
      vertex 79.50995024875621 -47.50995024875622 2
      vertex 85.9 -53.4 2
      vertex 79.50995024875621 47.50995024875622 2
    endloop
  endfacet
  facet normal -1 0 0
    outer loop
      vertex 85.9 -53.4 2
      vertex 85.9 -53.4 15
      vertex 85.9 1.3679146911401008 15
    endloop
  endfacet
  facet normal 0 0 1
    outer loop
      vertex 85.9 -53.4 2
      vertex 85.9 58.4 2
      vertex 79.50995024875621 47.50995024875622 2
    endloop
  endfacet
  facet normal -1 0 0
    outer loop
      vertex 85.9 -53.4 2
      vertex 85.9 1.3679146911401008 15
      vertex 85.9 58.4 2
    endloop
  endfacet
  facet normal 0 0 1
    outer loop
      vertex 41 47.50995024875622 2
      vertex 79.50995024875621 47.50995024875622 2
      vertex 41 50.045319333241096 2
    endloop
  endfacet
  facet normal 0 0 1
    outer loop
      vertex 41 50.045319333241096 2
      vertex 79.50995024875621 47.50995024875622 2
      vertex 41 58.4 2
    endloop
  endfacet
  facet normal 0 0 1
    outer loop
      vertex 41 58.4 2
      vertex 79.50995024875621 47.50995024875622 2
      vertex 85.9 58.4 2
    endloop
  endfacet
  facet normal 0 -1 0
    outer loop
      vertex 41 58.4 2
      vertex 85.9 58.4 2
      vertex 41 58.4 15
    endloop
  endfacet
  facet normal 0 -1 0
    outer loop
      vertex 41 58.4 15
      vertex 85.9 58.4 2
      vertex 85.9 58.4 15
    endloop
  endfacet
  facet normal -1 0 0
    outer loop
      vertex 85.9 1.3679146911401008 15
      vertex 85.9 58.4 15
      vertex 85.9 58.4 2
    endloop
  endfacet
  facet normal 0.9469301319984066 0.32143945792867507 0
    outer loop
      vertex -95.02387953549623 -62.482683435082436 15
      vertex -95.06592582911253 -62.35881904512644 15
      vertex -95.06592582911253 -62.35881904512644 17
    endloop
  endfacet
  facet normal 0.9807852789163829 0.19509032949101543 0
    outer loop
      vertex -95.06592582911253 -62.35881904512644 15
      vertex -95.09144486486912 -62.2305261939764 15
      vertex -95.09144486486912 -62.2305261939764 17
    endloop
  endfacet
  facet normal 0.9978589242477587 0.06540311383340917 0
    outer loop
      vertex -95.09144486486912 -62.2305261939764 15
      vertex -95.10000000149012 -62.100000001490116 15
      vertex -95.10000000149012 -62.100000001490116 17
    endloop
  endfacet
  facet normal 0.32143945792867507 0.9469301319984066 0
    outer loop
      vertex -94.48268343508244 -63.023879535496235 15
      vertex -94.48268343508244 -63.023879535496235 17
      vertex -94.35881904512644 -63.06592582911253 15
    endloop
  endfacet
  facet normal 0.19509032949101543 0.9807852789163829 0
    outer loop
      vertex -94.35881904512644 -63.06592582911253 15
      vertex -94.35881904512644 -63.06592582911253 17
      vertex -94.2305261939764 -63.09144486486912 15
    endloop
  endfacet
  facet normal 0.06540311383340917 0.9978589242477587 0
    outer loop
      vertex -94.2305261939764 -63.09144486486912 15
      vertex -94.2305261939764 -63.09144486486912 17
      vertex -94.10000000149012 -63.100000001490116 15
    endloop
  endfacet
  facet normal 0.5555702203832522 0.8314696207458844 0
    outer loop
      vertex -94.7087614312768 -62.89335334300995 15
      vertex -94.7087614312768 -62.89335334300995 17
      vertex -94.60000000149012 -62.96602540463209 15
    endloop
  endfacet
  facet normal 0.6593458006501332 0.7518398201512305 0
    outer loop
      vertex -94.80710678547621 -62.80710678547621 15
      vertex -94.80710678547621 -62.80710678547621 17
      vertex -94.7087614312768 -62.89335334300995 15
    endloop
  endfacet
  facet normal 0.8314696207458844 0.5555702203832522 0
    outer loop
      vertex -94.96602540463209 -62.600000001490116 15
      vertex -94.96602540463209 -62.600000001490116 17
      vertex -94.89335334300995 -62.7087614312768 15
    endloop
  endfacet
  facet normal 0.7518398201512305 0.6593458006501332 0
    outer loop
      vertex -94.80710678547621 -62.80710678547621 15
      vertex -94.89335334300995 -62.7087614312768 15
      vertex -94.89335334300995 -62.7087614312768 17
    endloop
  endfacet
  facet normal 0.8968727332159228 0.4422887070837332 0
    outer loop
      vertex -94.96602540463209 -62.600000001490116 15
      vertex -95.02387953549623 -62.482683435082436 15
      vertex -95.02387953549623 -62.482683435082436 17
    endloop
  endfacet
  facet normal 0.4422887070837332 0.8968727332159228 0
    outer loop
      vertex -94.60000000149012 -62.96602540463209 15
      vertex -94.60000000149012 -62.96602540463209 17
      vertex -94.48268343508244 -63.023879535496235 15
    endloop
  endfacet
  facet normal 0 0 1
    outer loop
      vertex -95.06592582911253 -62.35881904512644 15
      vertex -90.5 -59.2 15
      vertex -95.09144486486912 -62.2305261939764 15
    endloop
  endfacet
  facet normal 0 0 1
    outer loop
      vertex -95.09144486486912 -62.2305261939764 15
      vertex -90.62399988260906 -59.19187261830512 15
      vertex -95.10000000149012 -62.100000001490116 15
    endloop
  endfacet
  facet normal 0 0 1
    outer loop
      vertex -95.10000000149012 -62.100000001490116 15
      vertex -90.975 -59.072724133595216 15
      vertex -91.07832335755829 -59.00368567327667 15
    endloop
  endfacet
  facet normal 0 0 1
    outer loop
      vertex -95.10000000149012 -62.100000001490116 15
      vertex -91.17175144212722 -58.92175144212722 15
      vertex -91.25368567327668 -58.82832335755828 15
    endloop
  endfacet
  facet normal 0 0 1
    outer loop
      vertex -95.10000000149012 -62.100000001490116 15
      vertex -91.07832335755829 -59.00368567327667 15
      vertex -91.17175144212722 -58.92175144212722 15
    endloop
  endfacet
  facet normal 0 0 1
    outer loop
      vertex -95.06592582911253 -62.35881904512644 15
      vertex -90.37600011739094 -59.19187261830512 15
      vertex -90.5 -59.2 15
    endloop
  endfacet
  facet normal 0 0 1
    outer loop
      vertex -95.09144486486912 -62.2305261939764 15
      vertex -90.5 -59.2 15
      vertex -90.62399988260906 -59.19187261830512 15
    endloop
  endfacet
  facet normal 0 0 1
    outer loop
      vertex -95.10000000149012 -62.100000001490116 15
      vertex -90.74587809284739 -59.167629534974616 15
      vertex -90.86354926074684 -59.12768555588572 15
    endloop
  endfacet
  facet normal 0 0 1
    outer loop
      vertex -95.10000000149012 -62.100000001490116 15
      vertex -90.86354926074684 -59.12768555588572 15
      vertex -90.975 -59.072724133595216 15
    endloop
  endfacet
  facet normal 0 0 1
    outer loop
      vertex -95.10000000149012 -62.100000001490116 15
      vertex -90.62399988260906 -59.19187261830512 15
      vertex -90.74587809284739 -59.167629534974616 15
    endloop
  endfacet
  facet normal 0 0 1
    outer loop
      vertex -95.10000000149012 -62.100000001490116 15
      vertex -91.25368567327668 -58.82832335755828 15
      vertex -91.32272413359522 -58.725 15
    endloop
  endfacet
  facet normal 0 0 1
    outer loop
      vertex -95.10000000149012 -62.100000001490116 15
      vertex -91.32272413359522 -58.725 15
      vertex -91.37768555588572 -58.61354926074684 15
    endloop
  endfacet
  facet normal 0 0 1
    outer loop
      vertex -95.10000000149012 -62.100000001490116 15
      vertex -91.37768555588572 -58.61354926074684 15
      vertex -91.41762953497461 -58.49587809284739 15
    endloop
  endfacet
  facet normal 0 0 1
    outer loop
      vertex -95.10000000149012 -62.100000001490116 15
      vertex -91.41762953497461 -58.49587809284739 15
      vertex -91.44187261830513 -58.37399988260905 15
    endloop
  endfacet
  facet normal 0 0 1
    outer loop
      vertex -95.10000000149012 -62.100000001490116 15
      vertex -91.44187261830513 -58.37399988260905 15
      vertex -91.45 -58.25 15
    endloop
  endfacet
  facet normal 0 0 1
    outer loop
      vertex -95.06592582911253 -62.35881904512644 15
      vertex -90.13645073925316 -59.12768555588572 15
      vertex -90.25412190715261 -59.167629534974616 15
    endloop
  endfacet
  facet normal 0 0 1
    outer loop
      vertex -95.06592582911253 -62.35881904512644 15
      vertex -90.25412190715261 -59.167629534974616 15
      vertex -90.37600011739094 -59.19187261830512 15
    endloop
  endfacet
  facet normal 0.9469301319984066 0.32143945792867507 0
    outer loop
      vertex -95.02387953549623 -62.482683435082436 15
      vertex -95.06592582911253 -62.35881904512644 17
      vertex -95.02387953549623 -62.482683435082436 17
    endloop
  endfacet
  facet normal 0.9807852789163829 0.19509032949101543 0
    outer loop
      vertex -95.06592582911253 -62.35881904512644 15
      vertex -95.09144486486912 -62.2305261939764 17
      vertex -95.06592582911253 -62.35881904512644 17
    endloop
  endfacet
  facet normal 0.9978589242477587 0.06540311383340917 0
    outer loop
      vertex -95.09144486486912 -62.2305261939764 15
      vertex -95.10000000149012 -62.100000001490116 17
      vertex -95.09144486486912 -62.2305261939764 17
    endloop
  endfacet
  facet normal 0.4422887070837332 0.8968727332159228 0
    outer loop
      vertex -94.48268343508244 -63.023879535496235 15
      vertex -94.60000000149012 -62.96602540463209 17
      vertex -94.48268343508244 -63.023879535496235 17
    endloop
  endfacet
  facet normal 0.32143945792867507 0.9469301319984066 0
    outer loop
      vertex -94.35881904512644 -63.06592582911253 15
      vertex -94.48268343508244 -63.023879535496235 17
      vertex -94.35881904512644 -63.06592582911253 17
    endloop
  endfacet
  facet normal 0.19509032949101543 0.9807852789163829 0
    outer loop
      vertex -94.2305261939764 -63.09144486486912 15
      vertex -94.35881904512644 -63.06592582911253 17
      vertex -94.2305261939764 -63.09144486486912 17
    endloop
  endfacet
  facet normal 0.06540311383340917 0.9978589242477587 0
    outer loop
      vertex -94.10000000149012 -63.100000001490116 15
      vertex -94.2305261939764 -63.09144486486912 17
      vertex -94.10000000149012 -63.100000001490116 17
    endloop
  endfacet
  facet normal 0.6593458006501332 0.7518398201512305 0
    outer loop
      vertex -94.7087614312768 -62.89335334300995 15
      vertex -94.80710678547621 -62.80710678547621 17
      vertex -94.7087614312768 -62.89335334300995 17
    endloop
  endfacet
  facet normal 0.7518398201512305 0.6593458006501332 0
    outer loop
      vertex -94.80710678547621 -62.80710678547621 15
      vertex -94.89335334300995 -62.7087614312768 17
      vertex -94.80710678547621 -62.80710678547621 17
    endloop
  endfacet
  facet normal 0.8314696207458844 0.5555702203832522 0
    outer loop
      vertex -94.89335334300995 -62.7087614312768 15
      vertex -94.96602540463209 -62.600000001490116 17
      vertex -94.89335334300995 -62.7087614312768 17
    endloop
  endfacet
  facet normal 0.8968727332159228 0.4422887070837332 0
    outer loop
      vertex -94.96602540463209 -62.600000001490116 15
      vertex -95.02387953549623 -62.482683435082436 17
      vertex -94.96602540463209 -62.600000001490116 17
    endloop
  endfacet
  facet normal 0.5555702203832522 0.8314696207458844 0
    outer loop
      vertex -94.60000000149012 -62.96602540463209 15
      vertex -94.7087614312768 -62.89335334300995 17
      vertex -94.60000000149012 -62.96602540463209 17
    endloop
  endfacet
  facet normal 0 0 1
    outer loop
      vertex -95.10000000149012 -62.100000001490116 15
      vertex -91.45 -58.25 15
      vertex -89.92167664244171 1.7463143267233265 15
    endloop
  endfacet
  facet normal 0 0 1
    outer loop
      vertex -91.45 -58.25 15
      vertex -91.44187261830513 -58.12600011739095 15
      vertex -89.92167664244171 1.7463143267233265 15
    endloop
  endfacet
  facet normal 0 0 1
    outer loop
      vertex -91.44187261830513 -58.12600011739095 15
      vertex -91.41762953497461 -58.00412190715261 15
      vertex -89.92167664244171 1.7463143267233265 15
    endloop
  endfacet
  facet normal 0 0 1
    outer loop
      vertex -91.41762953497461 -58.00412190715261 15
      vertex -91.37768555588572 -57.88645073925316 15
      vertex -89.92167664244171 1.7463143267233265 15
    endloop
  endfacet
  facet normal 0 0 1
    outer loop
      vertex -91.37768555588572 -57.88645073925316 15
      vertex -91.32272413359522 -57.775 15
      vertex -89.92167664244171 1.7463143267233265 15
    endloop
  endfacet
  facet normal 0 0 1
    outer loop
      vertex -91.32272413359522 -57.775 15
      vertex -91.25368567327668 -57.67167664244172 15
      vertex -89.92167664244171 1.7463143267233265 15
    endloop
  endfacet
  facet normal 0 0 1
    outer loop
      vertex -91.25368567327668 -57.67167664244172 15
      vertex -91.17175144212722 -57.57824855787278 15
      vertex -89.92167664244171 1.7463143267233265 15
    endloop
  endfacet
  facet normal 0 0 1
    outer loop
      vertex -91.17175144212722 -57.57824855787278 15
      vertex -91.07832335755829 -57.49631432672333 15
      vertex -89.92167664244171 1.7463143267233265 15
    endloop
  endfacet
  facet normal 0 0 1
    outer loop
      vertex -91.07832335755829 -57.49631432672333 15
      vertex -90.975 -57.427275866404784 15
      vertex -89.92167664244171 1.7463143267233265 15
    endloop
  endfacet
  facet normal 0 0 1
    outer loop
      vertex -90.975 -57.427275866404784 15
      vertex -90.86354926074684 -57.37231444411428 15
      vertex -89.92167664244171 1.7463143267233265 15
    endloop
  endfacet
  facet normal 0 0 1
    outer loop
      vertex -90.86354926074684 -57.37231444411428 15
      vertex -90.74587809284739 -57.332370465025384 15
      vertex -89.92167664244171 1.7463143267233265 15
    endloop
  endfacet
  facet normal 0 0 1
    outer loop
      vertex -90.74587809284739 -57.332370465025384 15
      vertex -90.62399988260906 -57.30812738169488 15
      vertex -89.92167664244171 1.7463143267233265 15
    endloop
  endfacet
  facet normal 0 0 1
    outer loop
      vertex -90.62399988260906 -57.30812738169488 15
      vertex -90.5 -57.3 15
      vertex -89.92167664244171 1.7463143267233265 15
    endloop
  endfacet
  facet normal 0 0 1
    outer loop
      vertex -90.5 -57.3 15
      vertex -90.37600011739094 -57.30812738169488 15
      vertex -89.92167664244171 1.7463143267233265 15
    endloop
  endfacet
  facet normal 0 0 1
    outer loop
      vertex -90.37600011739094 -57.30812738169488 15
      vertex -90.25412190715261 -57.332370465025384 15
      vertex -89.92167664244171 1.7463143267233265 15
    endloop
  endfacet
  facet normal 0 0 1
    outer loop
      vertex -90.25412190715261 -57.332370465025384 15
      vertex -85.9 -53.4 15
      vertex -89.74631432672332 1.9216766424417155 15
    endloop
  endfacet
  facet normal 0 0 1
    outer loop
      vertex -95.10000000149012 -62.100000001490116 15
      vertex -90.74587809284739 1.5823704650253851 15
      vertex -90.86354926074684 1.6223144441142776 15
    endloop
  endfacet
  facet normal 0 0 1
    outer loop
      vertex -95.10000000149012 -62.100000001490116 15
      vertex -90.62399988260906 1.5581273816948802 15
      vertex -90.74587809284739 1.5823704650253851 15
    endloop
  endfacet
  facet normal 0 0 1
    outer loop
      vertex -95.10000000149012 -62.100000001490116 15
      vertex -90.5 1.55 15
      vertex -90.62399988260906 1.5581273816948802 15
    endloop
  endfacet
  facet normal 0 0 1
    outer loop
      vertex -95.10000000149012 -62.100000001490116 15
      vertex -90.37600011739094 1.5581273816948802 15
      vertex -90.5 1.55 15
    endloop
  endfacet
  facet normal 0 0 1
    outer loop
      vertex -95.10000000149012 -62.100000001490116 15
      vertex -91.25368567327668 1.9216766424417155 15
      vertex -91.32272413359522 2.025 15
    endloop
  endfacet
  facet normal 0 0 1
    outer loop
      vertex -95.10000000149012 -62.100000001490116 15
      vertex -91.07832335755829 1.7463143267233265 15
      vertex -91.17175144212722 1.8282485578727798 15
    endloop
  endfacet
  facet normal 0 0 1
    outer loop
      vertex -95.10000000149012 -62.100000001490116 15
      vertex -90.975 1.6772758664047833 15
      vertex -91.07832335755829 1.7463143267233265 15
    endloop
  endfacet
  facet normal 0 0 1
    outer loop
      vertex -95.10000000149012 -62.100000001490116 15
      vertex -91.17175144212722 1.8282485578727798 15
      vertex -91.25368567327668 1.9216766424417155 15
    endloop
  endfacet
  facet normal 0 0 1
    outer loop
      vertex -95.10000000149012 -62.100000001490116 15
      vertex -91.37768555588572 2.136450739253165 15
      vertex -91.41762953497461 2.254121907152605 15
    endloop
  endfacet
  facet normal 0 0 1
    outer loop
      vertex -95.10000000149012 -62.100000001490116 15
      vertex -91.32272413359522 2.025 15
      vertex -91.37768555588572 2.136450739253165 15
    endloop
  endfacet
  facet normal 0 0 1
    outer loop
      vertex -95.10000000149012 -62.100000001490116 15
      vertex -91.41762953497461 2.254121907152605 15
      vertex -91.44187261830513 2.376000117390951 15
    endloop
  endfacet
  facet normal 0 0 1
    outer loop
      vertex -95.10000000149012 -62.100000001490116 15
      vertex -90.86354926074684 1.6223144441142776 15
      vertex -90.975 1.6772758664047833 15
    endloop
  endfacet
  facet normal 0 0 1
    outer loop
      vertex -95.10000000149012 -62.100000001490116 15
      vertex -91.44187261830513 2.376000117390951 15
      vertex -91.45 2.5 15
    endloop
  endfacet
  facet normal 0 0 1
    outer loop
      vertex -95.10000000149012 -62.100000001490116 15
      vertex -90.25412190715261 1.5823704650253851 15
      vertex -90.37600011739094 1.5581273816948802 15
    endloop
  endfacet
  facet normal 0 0 1
    outer loop
      vertex -95.10000000149012 -62.100000001490116 15
      vertex -90.13645073925316 1.6223144441142776 15
      vertex -90.25412190715261 1.5823704650253851 15
    endloop
  endfacet
  facet normal 0 0 1
    outer loop
      vertex -95.10000000149012 -62.100000001490116 15
      vertex -90.025 1.6772758664047833 15
      vertex -90.13645073925316 1.6223144441142776 15
    endloop
  endfacet
  facet normal 0 0 1
    outer loop
      vertex -95.10000000149012 -62.100000001490116 15
      vertex -89.92167664244171 1.7463143267233265 15
      vertex -90.025 1.6772758664047833 15
    endloop
  endfacet
  facet normal 0 0 1
    outer loop
      vertex -90.25412190715261 -57.332370465025384 15
      vertex -89.82824855787278 1.8282485578727798 15
      vertex -89.92167664244171 1.7463143267233265 15
    endloop
  endfacet
  facet normal 0 0 1
    outer loop
      vertex -90.25412190715261 -57.332370465025384 15
      vertex -89.74631432672332 1.9216766424417155 15
      vertex -89.82824855787278 1.8282485578727798 15
    endloop
  endfacet
  facet normal 1 0 0
    outer loop
      vertex -95.10000000149012 -62.100000001490116 15
      vertex -95.10000000149012 62.100000001490116 17
      vertex -95.10000000149012 -62.100000001490116 17
    endloop
  endfacet
  facet normal 0 0 1
    outer loop
      vertex -85.9 -53.4 15
      vertex -89.67727586640478 2.025 15
      vertex -89.74631432672332 1.9216766424417155 15
    endloop
  endfacet
  facet normal 0 0 1
    outer loop
      vertex -85.9 -53.4 15
      vertex -89.62231444411428 2.136450739253165 15
      vertex -89.67727586640478 2.025 15
    endloop
  endfacet
  facet normal 0 0 1
    outer loop
      vertex -85.9 -53.4 15
      vertex -85.9 3.336004144871141 15
      vertex -89.62231444411428 2.136450739253165 15
    endloop
  endfacet
  facet normal 0 0 1
    outer loop
      vertex -94.2305261939764 -63.09144486486912 15
      vertex -94.10000000149012 -63.100000001490116 15
      vertex 94.48268343508244 -63.023879535496235 15
    endloop
  endfacet
  facet normal 0 0 1
    outer loop
      vertex -94.35881904512644 -63.06592582911253 15
      vertex -94.2305261939764 -63.09144486486912 15
      vertex 94.60000000149012 -62.96602540463209 15
    endloop
  endfacet
  facet normal 0 0 1
    outer loop
      vertex -94.60000000149012 -62.96602540463209 15
      vertex -94.48268343508244 -63.023879535496235 15
      vertex 94.80710678547621 -62.80710678547621 15
    endloop
  endfacet
  facet normal 0 0 1
    outer loop
      vertex -94.7087614312768 -62.89335334300995 15
      vertex -94.60000000149012 -62.96602540463209 15
      vertex 94.89335334300995 -62.7087614312768 15
    endloop
  endfacet
  facet normal 0 0 1
    outer loop
      vertex -94.80710678547621 -62.80710678547621 15
      vertex -94.7087614312768 -62.89335334300995 15
      vertex 94.96602540463209 -62.600000001490116 15
    endloop
  endfacet
  facet normal 0 0 1
    outer loop
      vertex -94.80710678547621 -62.80710678547621 15
      vertex 95.02387953549623 -62.482683435082436 15
      vertex -94.89335334300995 -62.7087614312768 15
    endloop
  endfacet
  facet normal 0 0 1
    outer loop
      vertex -94.96602540463209 -62.600000001490116 15
      vertex -94.89335334300995 -62.7087614312768 15
      vertex 95.06592582911253 -62.35881904512644 15
    endloop
  endfacet
  facet normal 0 0 1
    outer loop
      vertex -94.96602540463209 -62.600000001490116 15
      vertex 95.09144486486912 -62.2305261939764 15
      vertex -95.02387953549623 -62.482683435082436 15
    endloop
  endfacet
  facet normal 0 0 1
    outer loop
      vertex -95.02387953549623 -62.482683435082436 15
      vertex 95.10000000149012 -62.100000001490116 15
      vertex -95.06592582911253 -62.35881904512644 15
    endloop
  endfacet
  facet normal 0 0 1
    outer loop
      vertex -94.48268343508244 -63.023879535496235 15
      vertex -94.35881904512644 -63.06592582911253 15
      vertex 94.7087614312768 -62.89335334300995 15
    endloop
  endfacet
  facet normal 0 1 0
    outer loop
      vertex -94.10000000149012 -63.100000001490116 15
      vertex -94.10000000149012 -63.100000001490116 17
      vertex 94.10000000149012 -63.100000001490116 15
    endloop
  endfacet
  facet normal 0 0 1
    outer loop
      vertex -95.06592582911253 -62.35881904512644 15
      vertex 95.10000000149012 -62.100000001490116 15
      vertex -90.13645073925316 -59.12768555588572 15
    endloop
  endfacet
  facet normal 0 0 1
    outer loop
      vertex -90.13645073925316 -59.12768555588572 15
      vertex 95.10000000149012 -62.100000001490116 15
      vertex -90.025 -59.072724133595216 15
    endloop
  endfacet
  facet normal 0 0 1
    outer loop
      vertex -90.025 -59.072724133595216 15
      vertex 95.10000000149012 -62.100000001490116 15
      vertex -89.92167664244171 -59.00368567327667 15
    endloop
  endfacet
  facet normal 0 0 1
    outer loop
      vertex -89.92167664244171 -59.00368567327667 15
      vertex 85.9 -53.4 15
      vertex -89.82824855787278 -58.92175144212722 15
    endloop
  endfacet
  facet normal 0 0 1
    outer loop
      vertex -89.82824855787278 -58.92175144212722 15
      vertex 85.9 -53.4 15
      vertex -89.74631432672332 -58.82832335755828 15
    endloop
  endfacet
  facet normal 0 0 1
    outer loop
      vertex -89.74631432672332 -58.82832335755828 15
      vertex 85.9 -53.4 15
      vertex -89.67727586640478 -58.725 15
    endloop
  endfacet
  facet normal 0 0 1
    outer loop
      vertex -89.67727586640478 -58.725 15
      vertex 85.9 -53.4 15
      vertex -89.62231444411428 -58.61354926074684 15
    endloop
  endfacet
  facet normal 0 0 1
    outer loop
      vertex -89.62231444411428 -58.61354926074684 15
      vertex 85.9 -53.4 15
      vertex -89.58237046502539 -58.49587809284739 15
    endloop
  endfacet
  facet normal 0 0 1
    outer loop
      vertex -90.25412190715261 -57.332370465025384 15
      vertex -90.13645073925316 -57.37231444411428 15
      vertex 85.9 -53.4 15
    endloop
  endfacet
  facet normal 0 0 1
    outer loop
      vertex -89.58237046502539 -58.49587809284739 15
      vertex 85.9 -53.4 15
      vertex -89.55812738169487 -58.37399988260905 15
    endloop
  endfacet
  facet normal 0 0 1
    outer loop
      vertex -89.55812738169487 -58.37399988260905 15
      vertex 85.9 -53.4 15
      vertex -89.55 -58.25 15
    endloop
  endfacet
  facet normal 0 0 1
    outer loop
      vertex -89.55 -58.25 15
      vertex 85.9 -53.4 15
      vertex -89.55812738169487 -58.12600011739095 15
    endloop
  endfacet
  facet normal 0 0 1
    outer loop
      vertex -89.55812738169487 -58.12600011739095 15
      vertex 85.9 -53.4 15
      vertex -89.58237046502539 -58.00412190715261 15
    endloop
  endfacet
  facet normal 0 0 1
    outer loop
      vertex -89.58237046502539 -58.00412190715261 15
      vertex 85.9 -53.4 15
      vertex -89.62231444411428 -57.88645073925316 15
    endloop
  endfacet
  facet normal 0 0 1
    outer loop
      vertex -89.62231444411428 -57.88645073925316 15
      vertex 85.9 -53.4 15
      vertex -89.67727586640478 -57.775 15
    endloop
  endfacet
  facet normal 0 0 1
    outer loop
      vertex -90.13645073925316 -57.37231444411428 15
      vertex -90.025 -57.427275866404784 15
      vertex 85.9 -53.4 15
    endloop
  endfacet
  facet normal 0 0 1
    outer loop
      vertex -89.92167664244171 -57.49631432672333 15
      vertex 85.9 -53.4 15
      vertex -90.025 -57.427275866404784 15
    endloop
  endfacet
  facet normal 0 0 1
    outer loop
      vertex -89.92167664244171 -57.49631432672333 15
      vertex -89.82824855787278 -57.57824855787278 15
      vertex 85.9 -53.4 15
    endloop
  endfacet
  facet normal 0 0 1
    outer loop
      vertex -89.74631432672332 -57.67167664244172 15
      vertex 85.9 -53.4 15
      vertex -89.82824855787278 -57.57824855787278 15
    endloop
  endfacet
  facet normal 0 0 1
    outer loop
      vertex -89.74631432672332 -57.67167664244172 15
      vertex -89.67727586640478 -57.775 15
      vertex 85.9 -53.4 15
    endloop
  endfacet
  facet normal 0 0 1
    outer loop
      vertex -90.25412190715261 -57.332370465025384 15
      vertex 85.9 -53.4 15
      vertex -85.9 -53.4 15
    endloop
  endfacet
  facet normal 0 0 1
    outer loop
      vertex -95.10000000149012 -62.100000001490116 15
      vertex -91.45 2.5 15
      vertex -95.10000000149012 62.100000001490116 15
    endloop
  endfacet
  facet normal 0 0 1
    outer loop
      vertex -89.62231444411428 2.136450739253165 15
      vertex -85.9 3.336004144871141 15
      vertex -89.58237046502539 2.254121907152605 15
    endloop
  endfacet
  facet normal 0 0 1
    outer loop
      vertex -89.58237046502539 2.254121907152605 15
      vertex -85.9 3.336004144871141 15
      vertex -89.55812738169487 2.376000117390951 15
    endloop
  endfacet
  facet normal 0 0 1
    outer loop
      vertex -89.55812738169487 2.376000117390951 15
      vertex -85.9 3.336004144871141 15
      vertex -89.55 2.5 15
    endloop
  endfacet
  facet normal 0 0 1
    outer loop
      vertex -89.55 2.5 15
      vertex -85.9 3.336004144871141 15
      vertex -89.55812738169487 2.623999882609049 15
    endloop
  endfacet
  facet normal 0 0 1
    outer loop
      vertex -89.55812738169487 2.623999882609049 15
      vertex -85.9 3.336004144871141 15
      vertex -89.58237046502539 2.745878092847395 15
    endloop
  endfacet
  facet normal 0 0 1
    outer loop
      vertex -89.58237046502539 2.745878092847395 15
      vertex -85.9 3.336004144871141 15
      vertex -89.62231444411428 2.863549260746835 15
    endloop
  endfacet
  facet normal 0 0 1
    outer loop
      vertex -89.62231444411428 2.863549260746835 15
      vertex -85.9 3.336004144871141 15
      vertex -89.67727586640478 2.975 15
    endloop
  endfacet
  facet normal 0 0 1
    outer loop
      vertex -89.67727586640478 2.975 15
      vertex -85.9 3.336004144871141 15
      vertex -89.74631432672332 3.0783233575582845 15
    endloop
  endfacet
  facet normal 0 0 1
    outer loop
      vertex -89.74631432672332 3.0783233575582845 15
      vertex -85.9 3.336004144871141 15
      vertex -89.82824855787278 3.17175144212722 15
    endloop
  endfacet
  facet normal 1 0 0
    outer loop
      vertex -95.10000000149012 -62.100000001490116 15
      vertex -95.10000000149012 62.100000001490116 15
      vertex -95.10000000149012 62.100000001490116 17
    endloop
  endfacet
  facet normal 0 0 1
    outer loop
      vertex -91.45 2.5 15
      vertex -91.44187261830513 2.623999882609049 15
      vertex -91.45 60.75 15
    endloop
  endfacet
  facet normal 0 0 1
    outer loop
      vertex -91.44187261830513 2.623999882609049 15
      vertex -91.41762953497461 2.745878092847395 15
      vertex -91.44187261830513 60.62600011739095 15
    endloop
  endfacet
  facet normal 0 0 1
    outer loop
      vertex -91.41762953497461 2.745878092847395 15
      vertex -91.37768555588572 2.863549260746835 15
      vertex -91.41762953497461 60.50412190715261 15
    endloop
  endfacet
  facet normal 0 0 1
    outer loop
      vertex -91.37768555588572 2.863549260746835 15
      vertex -91.32272413359522 2.975 15
      vertex -91.37768555588572 60.38645073925316 15
    endloop
  endfacet
  facet normal 0 0 1
    outer loop
      vertex -91.32272413359522 2.975 15
      vertex -91.25368567327668 3.0783233575582845 15
      vertex -91.32272413359522 60.275 15
    endloop
  endfacet
  facet normal 0 0 1
    outer loop
      vertex -91.25368567327668 3.0783233575582845 15
      vertex -91.17175144212722 3.17175144212722 15
      vertex -91.25368567327668 60.17167664244172 15
    endloop
  endfacet
  facet normal 0 0 1
    outer loop
      vertex -91.17175144212722 3.17175144212722 15
      vertex -91.07832335755829 3.2536856732766735 15
      vertex -91.17175144212722 60.07824855787278 15
    endloop
  endfacet
  facet normal 0 0 1
    outer loop
      vertex -91.07832335755829 3.2536856732766735 15
      vertex -90.975 3.3227241335952167 15
      vertex -91.07832335755829 59.99631432672333 15
    endloop
  endfacet
  facet normal 0 0 1
    outer loop
      vertex -90.975 3.3227241335952167 15
      vertex -90.86354926074684 3.3776855558857224 15
      vertex -90.975 59.927275866404784 15
    endloop
  endfacet
  facet normal 0 0 1
    outer loop
      vertex -90.86354926074684 3.3776855558857224 15
      vertex -90.74587809284739 3.4176295349746146 15
      vertex -90.86354926074684 59.87231444411428 15
    endloop
  endfacet
  facet normal 0 0 1
    outer loop
      vertex -90.74587809284739 3.4176295349746146 15
      vertex -90.62399988260906 3.44187261830512 15
      vertex -90.74587809284739 59.832370465025384 15
    endloop
  endfacet
  facet normal 0 0 1
    outer loop
      vertex -90.62399988260906 3.44187261830512 15
      vertex -90.5 3.45 15
      vertex -90.62399988260906 59.80812738169488 15
    endloop
  endfacet
  facet normal 0 0 1
    outer loop
      vertex -90.5 3.45 15
      vertex -90.37600011739094 3.44187261830512 15
      vertex -90.5 59.8 15
    endloop
  endfacet
  facet normal 0 0 1
    outer loop
      vertex -90.13645073925316 3.3776855558857224 15
      vertex -90.025 3.3227241335952167 15
      vertex -90.13645073925316 59.87231444411428 15
    endloop
  endfacet
  facet normal 0 0 1
    outer loop
      vertex -89.92167664244171 3.2536856732766735 15
      vertex -90.025 59.927275866404784 15
      vertex -90.025 3.3227241335952167 15
    endloop
  endfacet
  facet normal 0 0 1
    outer loop
      vertex -89.92167664244171 3.2536856732766735 15
      vertex -89.82824855787278 3.17175144212722 15
      vertex -89.92167664244171 59.99631432672333 15
    endloop
  endfacet
  facet normal 0 0 1
    outer loop
      vertex -90.37600011739094 3.44187261830512 15
      vertex -90.25412190715261 3.4176295349746146 15
      vertex -90.37600011739094 59.80812738169488 15
    endloop
  endfacet
  facet normal 0 0 1
    outer loop
      vertex -90.13645073925316 3.3776855558857224 15
      vertex -90.25412190715261 59.832370465025384 15
      vertex -90.25412190715261 3.4176295349746146 15
    endloop
  endfacet
  facet normal 0 0 1
    outer loop
      vertex -89.82824855787278 3.17175144212722 15
      vertex -85.9 3.336004144871141 15
      vertex -89.82824855787278 60.07824855787278 15
    endloop
  endfacet
  facet normal 0 0 1
    outer loop
      vertex -91.41762953497461 2.745878092847395 15
      vertex -91.41762953497461 60.50412190715261 15
      vertex -91.44187261830513 60.62600011739095 15
    endloop
  endfacet
  facet normal 0 0 1
    outer loop
      vertex -91.25368567327668 3.0783233575582845 15
      vertex -91.25368567327668 60.17167664244172 15
      vertex -91.32272413359522 60.275 15
    endloop
  endfacet
  facet normal 0 0 1
    outer loop
      vertex -91.37768555588572 2.863549260746835 15
      vertex -91.37768555588572 60.38645073925316 15
      vertex -91.41762953497461 60.50412190715261 15
    endloop
  endfacet
  facet normal 0 0 1
    outer loop
      vertex -91.32272413359522 2.975 15
      vertex -91.32272413359522 60.275 15
      vertex -91.37768555588572 60.38645073925316 15
    endloop
  endfacet
  facet normal 0 0 1
    outer loop
      vertex -91.07832335755829 3.2536856732766735 15
      vertex -91.07832335755829 59.99631432672333 15
      vertex -91.17175144212722 60.07824855787278 15
    endloop
  endfacet
  facet normal 0 0 1
    outer loop
      vertex -91.17175144212722 3.17175144212722 15
      vertex -91.17175144212722 60.07824855787278 15
      vertex -91.25368567327668 60.17167664244172 15
    endloop
  endfacet
  facet normal 0 0 1
    outer loop
      vertex -90.975 3.3227241335952167 15
      vertex -90.975 59.927275866404784 15
      vertex -91.07832335755829 59.99631432672333 15
    endloop
  endfacet
  facet normal 0 0 1
    outer loop
      vertex -90.86354926074684 3.3776855558857224 15
      vertex -90.86354926074684 59.87231444411428 15
      vertex -90.975 59.927275866404784 15
    endloop
  endfacet
  facet normal 0 0 1
    outer loop
      vertex -90.74587809284739 3.4176295349746146 15
      vertex -90.74587809284739 59.832370465025384 15
      vertex -90.86354926074684 59.87231444411428 15
    endloop
  endfacet
  facet normal 0 0 1
    outer loop
      vertex -90.62399988260906 3.44187261830512 15
      vertex -90.62399988260906 59.80812738169488 15
      vertex -90.74587809284739 59.832370465025384 15
    endloop
  endfacet
  facet normal 0 0 1
    outer loop
      vertex -90.5 3.45 15
      vertex -90.5 59.8 15
      vertex -90.62399988260906 59.80812738169488 15
    endloop
  endfacet
  facet normal 0 0 1
    outer loop
      vertex -90.37600011739094 3.44187261830512 15
      vertex -90.37600011739094 59.80812738169488 15
      vertex -90.5 59.8 15
    endloop
  endfacet
  facet normal 0 0 1
    outer loop
      vertex -90.25412190715261 3.4176295349746146 15
      vertex -90.25412190715261 59.832370465025384 15
      vertex -90.37600011739094 59.80812738169488 15
    endloop
  endfacet
  facet normal 0 0 1
    outer loop
      vertex -90.13645073925316 3.3776855558857224 15
      vertex -90.13645073925316 59.87231444411428 15
      vertex -90.25412190715261 59.832370465025384 15
    endloop
  endfacet
  facet normal 0 0 1
    outer loop
      vertex -90.025 3.3227241335952167 15
      vertex -90.025 59.927275866404784 15
      vertex -90.13645073925316 59.87231444411428 15
    endloop
  endfacet
  facet normal 0 0 1
    outer loop
      vertex -89.92167664244171 3.2536856732766735 15
      vertex -89.92167664244171 59.99631432672333 15
      vertex -90.025 59.927275866404784 15
    endloop
  endfacet
  facet normal 0 0 1
    outer loop
      vertex -89.82824855787278 3.17175144212722 15
      vertex -89.82824855787278 60.07824855787278 15
      vertex -89.92167664244171 59.99631432672333 15
    endloop
  endfacet
  facet normal 0 0 1
    outer loop
      vertex -85.9 3.336004144871141 15
      vertex -85.9 58.4 15
      vertex -89.82824855787278 60.07824855787278 15
    endloop
  endfacet
  facet normal 0 0 1
    outer loop
      vertex -91.45 2.5 15
      vertex -91.45 60.75 15
      vertex -95.10000000149012 62.100000001490116 15
    endloop
  endfacet
  facet normal 0 0 1
    outer loop
      vertex -91.44187261830513 2.623999882609049 15
      vertex -91.44187261830513 60.62600011739095 15
      vertex -91.45 60.75 15
    endloop
  endfacet
  facet normal 0 0 1
    outer loop
      vertex -91.45 60.75 15
      vertex -91.44187261830513 60.87399988260905 15
      vertex -95.10000000149012 62.100000001490116 15
    endloop
  endfacet
  facet normal 0 0 1
    outer loop
      vertex -91.44187261830513 60.87399988260905 15
      vertex -91.41762953497461 60.99587809284739 15
      vertex -95.10000000149012 62.100000001490116 15
    endloop
  endfacet
  facet normal 0 0 1
    outer loop
      vertex -91.41762953497461 60.99587809284739 15
      vertex -91.37768555588572 61.11354926074684 15
      vertex -95.10000000149012 62.100000001490116 15
    endloop
  endfacet
  facet normal 0 0 1
    outer loop
      vertex -91.37768555588572 61.11354926074684 15
      vertex -91.32272413359522 61.225 15
      vertex -95.10000000149012 62.100000001490116 15
    endloop
  endfacet
  facet normal 0 0 1
    outer loop
      vertex -91.32272413359522 61.225 15
      vertex -91.25368567327668 61.32832335755828 15
      vertex -95.10000000149012 62.100000001490116 15
    endloop
  endfacet
  facet normal 0 0 1
    outer loop
      vertex -91.25368567327668 61.32832335755828 15
      vertex -91.17175144212722 61.42175144212722 15
      vertex -95.10000000149012 62.100000001490116 15
    endloop
  endfacet
  facet normal 0 0 1
    outer loop
      vertex -91.17175144212722 61.42175144212722 15
      vertex -91.07832335755829 61.50368567327667 15
      vertex -95.10000000149012 62.100000001490116 15
    endloop
  endfacet
  facet normal 0 0 1
    outer loop
      vertex -91.07832335755829 61.50368567327667 15
      vertex -90.975 61.572724133595216 15
      vertex -95.10000000149012 62.100000001490116 15
    endloop
  endfacet
  facet normal 0 0 1
    outer loop
      vertex -90.975 61.572724133595216 15
      vertex -90.86354926074684 61.62768555588572 15
      vertex -95.10000000149012 62.100000001490116 15
    endloop
  endfacet
  facet normal 0 0 1
    outer loop
      vertex -90.86354926074684 61.62768555588572 15
      vertex -90.74587809284739 61.667629534974616 15
      vertex -95.10000000149012 62.100000001490116 15
    endloop
  endfacet
  facet normal 0 0 1
    outer loop
      vertex -90.74587809284739 61.667629534974616 15
      vertex -90.62399988260906 61.69187261830512 15
      vertex -95.10000000149012 62.100000001490116 15
    endloop
  endfacet
  facet normal 0 0 1
    outer loop
      vertex -90.62399988260906 61.69187261830512 15
      vertex -90.5 61.7 15
      vertex -95.10000000149012 62.100000001490116 15
    endloop
  endfacet
  facet normal 0 0 1
    outer loop
      vertex -94.35881904512644 63.06592582911253 15
      vertex -94.10000000149012 63.100000001490116 15
      vertex -94.2305261939764 63.09144486486912 15
    endloop
  endfacet
  facet normal 0.9978589242477587 -0.06540311383340917 0
    outer loop
      vertex -95.10000000149012 62.100000001490116 15
      vertex -95.09144486486912 62.2305261939764 15
      vertex -95.09144486486912 62.2305261939764 17
    endloop
  endfacet
  facet normal 0.9807852789163829 -0.19509032949101543 0
    outer loop
      vertex -95.09144486486912 62.2305261939764 15
      vertex -95.06592582911253 62.35881904512644 15
      vertex -95.06592582911253 62.35881904512644 17
    endloop
  endfacet
  facet normal 0.9469301319984066 -0.32143945792867507 0
    outer loop
      vertex -95.06592582911253 62.35881904512644 15
      vertex -95.02387953549623 62.482683435082436 15
      vertex -95.02387953549623 62.482683435082436 17
    endloop
  endfacet
  facet normal 0.8968727332159228 -0.4422887070837332 0
    outer loop
      vertex -95.02387953549623 62.482683435082436 15
      vertex -94.96602540463209 62.600000001490116 15
      vertex -94.96602540463209 62.600000001490116 17
    endloop
  endfacet
  facet normal 0.8314696207458844 -0.5555702203832522 0
    outer loop
      vertex -94.96602540463209 62.600000001490116 15
      vertex -94.89335334300995 62.7087614312768 15
      vertex -94.89335334300995 62.7087614312768 17
    endloop
  endfacet
  facet normal 0.7518398201512305 -0.6593458006501332 0
    outer loop
      vertex -94.89335334300995 62.7087614312768 15
      vertex -94.80710678547621 62.80710678547621 15
      vertex -94.80710678547621 62.80710678547621 17
    endloop
  endfacet
  facet normal 0.6593458006501332 -0.7518398201512305 0
    outer loop
      vertex -94.80710678547621 62.80710678547621 15
      vertex -94.7087614312768 62.89335334300995 15
      vertex -94.7087614312768 62.89335334300995 17
    endloop
  endfacet
  facet normal 0.5555702203832522 -0.8314696207458844 0
    outer loop
      vertex -94.7087614312768 62.89335334300995 15
      vertex -94.60000000149012 62.96602540463209 15
      vertex -94.60000000149012 62.96602540463209 17
    endloop
  endfacet
  facet normal 0.4422887070837332 -0.8968727332159228 0
    outer loop
      vertex -94.60000000149012 62.96602540463209 15
      vertex -94.48268343508244 63.023879535496235 15
      vertex -94.48268343508244 63.023879535496235 17
    endloop
  endfacet
  facet normal 0.32143945792867507 -0.9469301319984066 0
    outer loop
      vertex -94.35881904512644 63.06592582911253 15
      vertex -94.35881904512644 63.06592582911253 17
      vertex -94.48268343508244 63.023879535496235 15
    endloop
  endfacet
  facet normal 0.19509032949101543 -0.9807852789163829 0
    outer loop
      vertex -94.35881904512644 63.06592582911253 15
      vertex -94.2305261939764 63.09144486486912 15
      vertex -94.2305261939764 63.09144486486912 17
    endloop
  endfacet
  facet normal 0.06540311383340917 -0.9978589242477587 0
    outer loop
      vertex -94.2305261939764 63.09144486486912 15
      vertex -94.10000000149012 63.100000001490116 15
      vertex -94.10000000149012 63.100000001490116 17
    endloop
  endfacet
  facet normal 0.9978589242477587 -0.06540311383340917 0
    outer loop
      vertex -95.10000000149012 62.100000001490116 15
      vertex -95.09144486486912 62.2305261939764 17
      vertex -95.10000000149012 62.100000001490116 17
    endloop
  endfacet
  facet normal 0.9807852789163829 -0.19509032949101543 0
    outer loop
      vertex -95.09144486486912 62.2305261939764 15
      vertex -95.06592582911253 62.35881904512644 17
      vertex -95.09144486486912 62.2305261939764 17
    endloop
  endfacet
  facet normal 0.9469301319984066 -0.32143945792867507 0
    outer loop
      vertex -95.06592582911253 62.35881904512644 15
      vertex -95.02387953549623 62.482683435082436 17
      vertex -95.06592582911253 62.35881904512644 17
    endloop
  endfacet
  facet normal 0.8968727332159228 -0.4422887070837332 0
    outer loop
      vertex -95.02387953549623 62.482683435082436 15
      vertex -94.96602540463209 62.600000001490116 17
      vertex -95.02387953549623 62.482683435082436 17
    endloop
  endfacet
  facet normal 0.8314696207458844 -0.5555702203832522 0
    outer loop
      vertex -94.96602540463209 62.600000001490116 15
      vertex -94.89335334300995 62.7087614312768 17
      vertex -94.96602540463209 62.600000001490116 17
    endloop
  endfacet
  facet normal 0.7518398201512305 -0.6593458006501332 0
    outer loop
      vertex -94.89335334300995 62.7087614312768 15
      vertex -94.80710678547621 62.80710678547621 17
      vertex -94.89335334300995 62.7087614312768 17
    endloop
  endfacet
  facet normal 0.6593458006501332 -0.7518398201512305 0
    outer loop
      vertex -94.80710678547621 62.80710678547621 15
      vertex -94.7087614312768 62.89335334300995 17
      vertex -94.80710678547621 62.80710678547621 17
    endloop
  endfacet
  facet normal 0.5555702203832522 -0.8314696207458844 0
    outer loop
      vertex -94.7087614312768 62.89335334300995 15
      vertex -94.60000000149012 62.96602540463209 17
      vertex -94.7087614312768 62.89335334300995 17
    endloop
  endfacet
  facet normal 0.4422887070837332 -0.8968727332159228 0
    outer loop
      vertex -94.60000000149012 62.96602540463209 15
      vertex -94.48268343508244 63.023879535496235 17
      vertex -94.60000000149012 62.96602540463209 17
    endloop
  endfacet
  facet normal 0.32143945792867507 -0.9469301319984066 0
    outer loop
      vertex -94.48268343508244 63.023879535496235 15
      vertex -94.35881904512644 63.06592582911253 17
      vertex -94.48268343508244 63.023879535496235 17
    endloop
  endfacet
  facet normal 0.19509032949101543 -0.9807852789163829 0
    outer loop
      vertex -94.35881904512644 63.06592582911253 15
      vertex -94.2305261939764 63.09144486486912 17
      vertex -94.35881904512644 63.06592582911253 17
    endloop
  endfacet
  facet normal 0.06540311383340917 -0.9978589242477587 0
    outer loop
      vertex -94.2305261939764 63.09144486486912 15
      vertex -94.10000000149012 63.100000001490116 17
      vertex -94.2305261939764 63.09144486486912 17
    endloop
  endfacet
  facet normal 0 0 1
    outer loop
      vertex -90.25412190715261 61.667629534974616 15
      vertex -90.13645073925316 61.62768555588572 15
      vertex -41 58.4 15
    endloop
  endfacet
  facet normal 0 0 1
    outer loop
      vertex -90.37600011739094 61.69187261830512 15
      vertex -90.25412190715261 61.667629534974616 15
      vertex -41 58.4 15
    endloop
  endfacet
  facet normal 0 0 1
    outer loop
      vertex -89.92167664244171 61.50368567327667 15
      vertex -89.82824855787278 61.42175144212722 15
      vertex -41 58.4 15
    endloop
  endfacet
  facet normal 0 0 1
    outer loop
      vertex -89.92167664244171 61.50368567327667 15
      vertex -41 58.4 15
      vertex -90.025 61.572724133595216 15
    endloop
  endfacet
  facet normal 0 0 1
    outer loop
      vertex -90.13645073925316 61.62768555588572 15
      vertex -90.025 61.572724133595216 15
      vertex -41 58.4 15
    endloop
  endfacet
  facet normal 0 0 1
    outer loop
      vertex -95.10000000149012 62.100000001490116 15
      vertex -41 63.099999999999994 15
      vertex -95.09144486486912 62.2305261939764 15
    endloop
  endfacet
  facet normal 0 0 1
    outer loop
      vertex -95.09144486486912 62.2305261939764 15
      vertex -41 63.099999999999994 15
      vertex -95.06592582911253 62.35881904512644 15
    endloop
  endfacet
  facet normal 0 0 1
    outer loop
      vertex -95.06592582911253 62.35881904512644 15
      vertex -41 63.099999999999994 15
      vertex -95.02387953549623 62.482683435082436 15
    endloop
  endfacet
  facet normal 0 0 1
    outer loop
      vertex -95.02387953549623 62.482683435082436 15
      vertex -41 63.099999999999994 15
      vertex -94.96602540463209 62.600000001490116 15
    endloop
  endfacet
  facet normal 0 0 1
    outer loop
      vertex -94.96602540463209 62.600000001490116 15
      vertex -41 63.099999999999994 15
      vertex -94.89335334300995 62.7087614312768 15
    endloop
  endfacet
  facet normal 0 0 1
    outer loop
      vertex -94.89335334300995 62.7087614312768 15
      vertex -41 63.099999999999994 15
      vertex -94.80710678547621 62.80710678547621 15
    endloop
  endfacet
  facet normal 0 0 1
    outer loop
      vertex -94.80710678547621 62.80710678547621 15
      vertex -41 63.099999999999994 15
      vertex -94.7087614312768 62.89335334300995 15
    endloop
  endfacet
  facet normal 0 0 1
    outer loop
      vertex -94.7087614312768 62.89335334300995 15
      vertex -41 63.099999999999994 15
      vertex -94.60000000149012 62.96602540463209 15
    endloop
  endfacet
  facet normal 0 0 1
    outer loop
      vertex -94.60000000149012 62.96602540463209 15
      vertex -41 63.099999999999994 15
      vertex -94.48268343508244 63.023879535496235 15
    endloop
  endfacet
  facet normal 0 0 1
    outer loop
      vertex -90.5 61.7 15
      vertex -41 63.099999999999994 15
      vertex -95.10000000149012 62.100000001490116 15
    endloop
  endfacet
  facet normal 0 0 1
    outer loop
      vertex -94.35881904512644 63.06592582911253 15
      vertex -94.48268343508244 63.023879535496235 15
      vertex -41 63.099999999999994 15
    endloop
  endfacet
  facet normal 0 0 1
    outer loop
      vertex -94.35881904512644 63.06592582911253 15
      vertex -41 63.099999999999994 15
      vertex -94.10000000149012 63.100000001490116 15
    endloop
  endfacet
  facet normal 0 0 1
    outer loop
      vertex -90.5 61.7 15
      vertex -90.37600011739094 61.69187261830512 15
      vertex -41 63.099999999999994 15
    endloop
  endfacet
  facet normal 0 0 1
    outer loop
      vertex -89.82824855787278 60.07824855787278 15
      vertex -41 58.4 15
      vertex -89.74631432672332 60.17167664244172 15
    endloop
  endfacet
  facet normal 0 0 1
    outer loop
      vertex -89.74631432672332 60.17167664244172 15
      vertex -41 58.4 15
      vertex -89.67727586640478 60.275 15
    endloop
  endfacet
  facet normal 0 0 1
    outer loop
      vertex -89.67727586640478 60.275 15
      vertex -41 58.4 15
      vertex -89.62231444411428 60.38645073925316 15
    endloop
  endfacet
  facet normal 0 0 1
    outer loop
      vertex -89.62231444411428 60.38645073925316 15
      vertex -41 58.4 15
      vertex -89.58237046502539 60.50412190715261 15
    endloop
  endfacet
  facet normal 0 0 1
    outer loop
      vertex -89.58237046502539 60.50412190715261 15
      vertex -41 58.4 15
      vertex -89.55812738169487 60.62600011739095 15
    endloop
  endfacet
  facet normal 0 0 1
    outer loop
      vertex -89.82824855787278 60.07824855787278 15
      vertex -85.9 58.4 15
      vertex -41 58.4 15
    endloop
  endfacet
  facet normal 0 0 1
    outer loop
      vertex -89.55812738169487 60.62600011739095 15
      vertex -41 58.4 15
      vertex -89.55 60.75 15
    endloop
  endfacet
  facet normal 0 0 1
    outer loop
      vertex -89.55 60.75 15
      vertex -41 58.4 15
      vertex -89.55812738169487 60.87399988260905 15
    endloop
  endfacet
  facet normal 0 0 1
    outer loop
      vertex -89.55812738169487 60.87399988260905 15
      vertex -41 58.4 15
      vertex -89.58237046502539 60.99587809284739 15
    endloop
  endfacet
  facet normal 0 0 1
    outer loop
      vertex -89.58237046502539 60.99587809284739 15
      vertex -41 58.4 15
      vertex -89.62231444411428 61.11354926074684 15
    endloop
  endfacet
  facet normal 0 0 1
    outer loop
      vertex -89.62231444411428 61.11354926074684 15
      vertex -41 58.4 15
      vertex -89.67727586640478 61.225 15
    endloop
  endfacet
  facet normal 0 0 1
    outer loop
      vertex -89.67727586640478 61.225 15
      vertex -41 58.4 15
      vertex -89.74631432672332 61.32832335755828 15
    endloop
  endfacet
  facet normal 0 0 1
    outer loop
      vertex -89.74631432672332 61.32832335755828 15
      vertex -41 58.4 15
      vertex -89.82824855787278 61.42175144212722 15
    endloop
  endfacet
  facet normal 0 0 1
    outer loop
      vertex -90.37600011739094 61.69187261830512 15
      vertex -41 58.4 15
      vertex -41 61.4 15
    endloop
  endfacet
  facet normal 0 0 1
    outer loop
      vertex -90.37600011739094 61.69187261830512 15
      vertex -41 61.4 15
      vertex -41 63.099999999999994 15
    endloop
  endfacet
  facet normal 0 -1 0
    outer loop
      vertex -94.10000000149012 63.100000001490116 15
      vertex 94.10000000149012 63.100000001490116 17
      vertex -94.10000000149012 63.100000001490116 17
    endloop
  endfacet
  facet normal 0 0 1
    outer loop
      vertex -94.10000000149012 63.100000001490116 15
      vertex -41 63.099999999999994 15
      vertex 94.10000000149012 63.100000001490116 15
    endloop
  endfacet
  facet normal 0 0 1
    outer loop
      vertex -89.92167664244171 -59.00368567327667 15
      vertex 89.82824855787278 -58.92175144212722 15
      vertex 89.74631432672332 -58.82832335755828 15
    endloop
  endfacet
  facet normal 0 0 1
    outer loop
      vertex -89.92167664244171 -59.00368567327667 15
      vertex 90.025 -59.072724133595216 15
      vertex 89.92167664244171 -59.00368567327667 15
    endloop
  endfacet
  facet normal 0 0 1
    outer loop
      vertex -89.92167664244171 -59.00368567327667 15
      vertex 89.92167664244171 -59.00368567327667 15
      vertex 89.82824855787278 -58.92175144212722 15
    endloop
  endfacet
  facet normal 0 0 1
    outer loop
      vertex -89.92167664244171 -59.00368567327667 15
      vertex 89.74631432672332 -58.82832335755828 15
      vertex 89.67727586640478 -58.725 15
    endloop
  endfacet
  facet normal 0 0 1
    outer loop
      vertex -89.92167664244171 -59.00368567327667 15
      vertex 89.67727586640478 -58.725 15
      vertex 89.62231444411428 -58.61354926074684 15
    endloop
  endfacet
  facet normal 0 0 1
    outer loop
      vertex -89.92167664244171 -59.00368567327667 15
      vertex 89.62231444411428 -58.61354926074684 15
      vertex 89.58237046502539 -58.49587809284739 15
    endloop
  endfacet
  facet normal 0 0 1
    outer loop
      vertex -89.92167664244171 -59.00368567327667 15
      vertex 89.58237046502539 -58.49587809284739 15
      vertex 89.55812738169487 -58.37399988260905 15
    endloop
  endfacet
  facet normal 0 0 1
    outer loop
      vertex -89.92167664244171 -59.00368567327667 15
      vertex 89.55812738169487 -58.37399988260905 15
      vertex 89.55 -58.25 15
    endloop
  endfacet
  facet normal 0 0 1
    outer loop
      vertex -94.10000000149012 -63.100000001490116 15
      vertex 94.10000000149012 -63.100000001490116 15
      vertex 94.35881904512644 -63.06592582911253 15
    endloop
  endfacet
  facet normal 0 0 1
    outer loop
      vertex -94.10000000149012 -63.100000001490116 15
      vertex 94.35881904512644 -63.06592582911253 15
      vertex 94.48268343508244 -63.023879535496235 15
    endloop
  endfacet
  facet normal 0 0 1
    outer loop
      vertex -94.2305261939764 -63.09144486486912 15
      vertex 94.48268343508244 -63.023879535496235 15
      vertex 94.60000000149012 -62.96602540463209 15
    endloop
  endfacet
  facet normal 0 0 1
    outer loop
      vertex -94.35881904512644 -63.06592582911253 15
      vertex 94.60000000149012 -62.96602540463209 15
      vertex 94.7087614312768 -62.89335334300995 15
    endloop
  endfacet
  facet normal 0 0 1
    outer loop
      vertex -94.48268343508244 -63.023879535496235 15
      vertex 94.7087614312768 -62.89335334300995 15
      vertex 94.80710678547621 -62.80710678547621 15
    endloop
  endfacet
  facet normal 0 0 1
    outer loop
      vertex -94.60000000149012 -62.96602540463209 15
      vertex 94.80710678547621 -62.80710678547621 15
      vertex 94.89335334300995 -62.7087614312768 15
    endloop
  endfacet
  facet normal 0 0 1
    outer loop
      vertex -94.7087614312768 -62.89335334300995 15
      vertex 94.89335334300995 -62.7087614312768 15
      vertex 94.96602540463209 -62.600000001490116 15
    endloop
  endfacet
  facet normal 0 0 1
    outer loop
      vertex -94.80710678547621 -62.80710678547621 15
      vertex 94.96602540463209 -62.600000001490116 15
      vertex 95.02387953549623 -62.482683435082436 15
    endloop
  endfacet
  facet normal 0 0 1
    outer loop
      vertex -94.89335334300995 -62.7087614312768 15
      vertex 95.02387953549623 -62.482683435082436 15
      vertex 95.06592582911253 -62.35881904512644 15
    endloop
  endfacet
  facet normal 0 0 1
    outer loop
      vertex -94.96602540463209 -62.600000001490116 15
      vertex 95.06592582911253 -62.35881904512644 15
      vertex 95.09144486486912 -62.2305261939764 15
    endloop
  endfacet
  facet normal 0 0 1
    outer loop
      vertex -95.02387953549623 -62.482683435082436 15
      vertex 95.09144486486912 -62.2305261939764 15
      vertex 95.10000000149012 -62.100000001490116 15
    endloop
  endfacet
  facet normal 0 0 1
    outer loop
      vertex -89.92167664244171 -59.00368567327667 15
      vertex 95.10000000149012 -62.100000001490116 15
      vertex 90.025 -59.072724133595216 15
    endloop
  endfacet
  facet normal 0 1 0
    outer loop
      vertex 94.10000000149012 -63.100000001490116 15
      vertex -94.10000000149012 -63.100000001490116 17
      vertex 94.10000000149012 -63.100000001490116 17
    endloop
  endfacet
  facet normal 0 0 1
    outer loop
      vertex -89.92167664244171 -59.00368567327667 15
      vertex 89.55 -58.25 15
      vertex 85.9 -53.4 15
    endloop
  endfacet
  facet normal 0 0 1
    outer loop
      vertex 90.025 -59.072724133595216 15
      vertex 95.10000000149012 -62.100000001490116 15
      vertex 90.13645073925316 -59.12768555588572 15
    endloop
  endfacet
  facet normal 0 0 1
    outer loop
      vertex 90.13645073925316 -59.12768555588572 15
      vertex 95.10000000149012 -62.100000001490116 15
      vertex 90.25412190715261 -59.167629534974616 15
    endloop
  endfacet
  facet normal 0 0 1
    outer loop
      vertex 90.25412190715261 -59.167629534974616 15
      vertex 95.10000000149012 -62.100000001490116 15
      vertex 90.37600011739094 -59.19187261830512 15
    endloop
  endfacet
  facet normal 0 0 1
    outer loop
      vertex 94.10000000149012 -63.100000001490116 15
      vertex 94.2305261939764 -63.09144486486912 15
      vertex 94.35881904512644 -63.06592582911253 15
    endloop
  endfacet
  facet normal -0.06540311383340917 0.9978589242477587 0
    outer loop
      vertex 94.10000000149012 -63.100000001490116 15
      vertex 94.10000000149012 -63.100000001490116 17
      vertex 94.2305261939764 -63.09144486486912 15
    endloop
  endfacet
  facet normal -0.19509032949101543 0.9807852789163829 0
    outer loop
      vertex 94.2305261939764 -63.09144486486912 15
      vertex 94.2305261939764 -63.09144486486912 17
      vertex 94.35881904512644 -63.06592582911253 15
    endloop
  endfacet
  facet normal -0.32143945792867507 0.9469301319984066 0
    outer loop
      vertex 94.35881904512644 -63.06592582911253 15
      vertex 94.35881904512644 -63.06592582911253 17
      vertex 94.48268343508244 -63.023879535496235 15
    endloop
  endfacet
  facet normal -0.4422887070837332 0.8968727332159228 0
    outer loop
      vertex 94.48268343508244 -63.023879535496235 15
      vertex 94.48268343508244 -63.023879535496235 17
      vertex 94.60000000149012 -62.96602540463209 15
    endloop
  endfacet
  facet normal -0.5555702203832522 0.8314696207458844 0
    outer loop
      vertex 94.60000000149012 -62.96602540463209 15
      vertex 94.60000000149012 -62.96602540463209 17
      vertex 94.7087614312768 -62.89335334300995 15
    endloop
  endfacet
  facet normal -0.6593458006501332 0.7518398201512305 0
    outer loop
      vertex 94.7087614312768 -62.89335334300995 15
      vertex 94.7087614312768 -62.89335334300995 17
      vertex 94.80710678547621 -62.80710678547621 15
    endloop
  endfacet
  facet normal -0.7518398201512305 0.6593458006501332 0
    outer loop
      vertex 94.80710678547621 -62.80710678547621 15
      vertex 94.80710678547621 -62.80710678547621 17
      vertex 94.89335334300995 -62.7087614312768 15
    endloop
  endfacet
  facet normal -0.8314696207458844 0.5555702203832522 0
    outer loop
      vertex 94.89335334300995 -62.7087614312768 15
      vertex 94.89335334300995 -62.7087614312768 17
      vertex 94.96602540463209 -62.600000001490116 15
    endloop
  endfacet
  facet normal -0.8968727332159228 0.4422887070837332 0
    outer loop
      vertex 94.96602540463209 -62.600000001490116 15
      vertex 94.96602540463209 -62.600000001490116 17
      vertex 95.02387953549623 -62.482683435082436 15
    endloop
  endfacet
  facet normal -0.9469301319984066 0.32143945792867507 0
    outer loop
      vertex 95.02387953549623 -62.482683435082436 15
      vertex 95.02387953549623 -62.482683435082436 17
      vertex 95.06592582911253 -62.35881904512644 15
    endloop
  endfacet
  facet normal -0.9807852789163829 0.19509032949101543 0
    outer loop
      vertex 95.06592582911253 -62.35881904512644 15
      vertex 95.06592582911253 -62.35881904512644 17
      vertex 95.09144486486912 -62.2305261939764 15
    endloop
  endfacet
  facet normal -0.9978589242477587 0.06540311383340917 0
    outer loop
      vertex 95.09144486486912 -62.2305261939764 15
      vertex 95.09144486486912 -62.2305261939764 17
      vertex 95.10000000149012 -62.100000001490116 15
    endloop
  endfacet
  facet normal 0 0 1
    outer loop
      vertex 90.37600011739094 -59.19187261830512 15
      vertex 95.10000000149012 -62.100000001490116 15
      vertex 90.5 -59.2 15
    endloop
  endfacet
  facet normal 0 0 1
    outer loop
      vertex 90.5 -59.2 15
      vertex 95.10000000149012 -62.100000001490116 15
      vertex 90.62399988260906 -59.19187261830512 15
    endloop
  endfacet
  facet normal 0 0 1
    outer loop
      vertex 90.62399988260906 -59.19187261830512 15
      vertex 95.10000000149012 -62.100000001490116 15
      vertex 90.74587809284739 -59.167629534974616 15
    endloop
  endfacet
  facet normal 0 0 1
    outer loop
      vertex 90.74587809284739 -59.167629534974616 15
      vertex 95.10000000149012 -62.100000001490116 15
      vertex 90.86354926074684 -59.12768555588572 15
    endloop
  endfacet
  facet normal 0 0 1
    outer loop
      vertex 90.86354926074684 -59.12768555588572 15
      vertex 95.10000000149012 -62.100000001490116 15
      vertex 90.975 -59.072724133595216 15
    endloop
  endfacet
  facet normal 0 0 1
    outer loop
      vertex 90.975 -59.072724133595216 15
      vertex 95.10000000149012 -62.100000001490116 15
      vertex 91.07832335755829 -59.00368567327667 15
    endloop
  endfacet
  facet normal 0 0 1
    outer loop
      vertex 95.10000000149012 -62.100000001490116 15
      vertex 91.17175144212722 -58.92175144212722 15
      vertex 91.07832335755829 -59.00368567327667 15
    endloop
  endfacet
  facet normal 0 0 1
    outer loop
      vertex 95.10000000149012 -62.100000001490116 15
      vertex 91.25368567327668 -58.82832335755828 15
      vertex 91.17175144212722 -58.92175144212722 15
    endloop
  endfacet
  facet normal 0 0 1
    outer loop
      vertex 95.10000000149012 -62.100000001490116 15
      vertex 91.32272413359522 -58.725 15
      vertex 91.25368567327668 -58.82832335755828 15
    endloop
  endfacet
  facet normal 0 0 1
    outer loop
      vertex 95.10000000149012 -62.100000001490116 15
      vertex 91.37768555588572 -58.61354926074684 15
      vertex 91.32272413359522 -58.725 15
    endloop
  endfacet
  facet normal 0 0 1
    outer loop
      vertex 95.10000000149012 -62.100000001490116 15
      vertex 91.41762953497461 -58.49587809284739 15
      vertex 91.37768555588572 -58.61354926074684 15
    endloop
  endfacet
  facet normal 0 0 1
    outer loop
      vertex 95.10000000149012 -62.100000001490116 15
      vertex 91.44187261830513 -58.37399988260905 15
      vertex 91.41762953497461 -58.49587809284739 15
    endloop
  endfacet
  facet normal 0 0 1
    outer loop
      vertex 95.10000000149012 -62.100000001490116 15
      vertex 91.45 -58.25 15
      vertex 91.44187261830513 -58.37399988260905 15
    endloop
  endfacet
  facet normal 0 0 1
    outer loop
      vertex 95.10000000149012 -62.100000001490116 15
      vertex 91.44187261830513 -58.12600011739095 15
      vertex 91.45 -58.25 15
    endloop
  endfacet
  facet normal 0 0 1
    outer loop
      vertex 95.10000000149012 -62.100000001490116 15
      vertex 91.41762953497461 -58.00412190715261 15
      vertex 91.44187261830513 -58.12600011739095 15
    endloop
  endfacet
  facet normal 0 0 1
    outer loop
      vertex 95.10000000149012 -62.100000001490116 15
      vertex 91.37768555588572 -57.88645073925316 15
      vertex 91.41762953497461 -58.00412190715261 15
    endloop
  endfacet
  facet normal -0.06540311383340917 0.9978589242477587 0
    outer loop
      vertex 94.2305261939764 -63.09144486486912 15
      vertex 94.10000000149012 -63.100000001490116 17
      vertex 94.2305261939764 -63.09144486486912 17
    endloop
  endfacet
  facet normal -0.19509032949101543 0.9807852789163829 0
    outer loop
      vertex 94.35881904512644 -63.06592582911253 15
      vertex 94.2305261939764 -63.09144486486912 17
      vertex 94.35881904512644 -63.06592582911253 17
    endloop
  endfacet
  facet normal -0.32143945792867507 0.9469301319984066 0
    outer loop
      vertex 94.48268343508244 -63.023879535496235 15
      vertex 94.35881904512644 -63.06592582911253 17
      vertex 94.48268343508244 -63.023879535496235 17
    endloop
  endfacet
  facet normal -0.4422887070837332 0.8968727332159228 0
    outer loop
      vertex 94.60000000149012 -62.96602540463209 15
      vertex 94.48268343508244 -63.023879535496235 17
      vertex 94.60000000149012 -62.96602540463209 17
    endloop
  endfacet
  facet normal -0.5555702203832522 0.8314696207458844 0
    outer loop
      vertex 94.7087614312768 -62.89335334300995 15
      vertex 94.60000000149012 -62.96602540463209 17
      vertex 94.7087614312768 -62.89335334300995 17
    endloop
  endfacet
  facet normal -0.6593458006501332 0.7518398201512305 0
    outer loop
      vertex 94.80710678547621 -62.80710678547621 15
      vertex 94.7087614312768 -62.89335334300995 17
      vertex 94.80710678547621 -62.80710678547621 17
    endloop
  endfacet
  facet normal -0.7518398201512305 0.6593458006501332 0
    outer loop
      vertex 94.89335334300995 -62.7087614312768 15
      vertex 94.80710678547621 -62.80710678547621 17
      vertex 94.89335334300995 -62.7087614312768 17
    endloop
  endfacet
  facet normal -0.8314696207458844 0.5555702203832522 0
    outer loop
      vertex 94.96602540463209 -62.600000001490116 15
      vertex 94.89335334300995 -62.7087614312768 17
      vertex 94.96602540463209 -62.600000001490116 17
    endloop
  endfacet
  facet normal -0.8968727332159228 0.4422887070837332 0
    outer loop
      vertex 95.02387953549623 -62.482683435082436 15
      vertex 94.96602540463209 -62.600000001490116 17
      vertex 95.02387953549623 -62.482683435082436 17
    endloop
  endfacet
  facet normal -0.9469301319984066 0.32143945792867507 0
    outer loop
      vertex 95.06592582911253 -62.35881904512644 15
      vertex 95.02387953549623 -62.482683435082436 17
      vertex 95.06592582911253 -62.35881904512644 17
    endloop
  endfacet
  facet normal -0.9807852789163829 0.19509032949101543 0
    outer loop
      vertex 95.09144486486912 -62.2305261939764 15
      vertex 95.06592582911253 -62.35881904512644 17
      vertex 95.09144486486912 -62.2305261939764 17
    endloop
  endfacet
  facet normal -0.9978589242477587 0.06540311383340917 0
    outer loop
      vertex 95.10000000149012 -62.100000001490116 15
      vertex 95.09144486486912 -62.2305261939764 17
      vertex 95.10000000149012 -62.100000001490116 17
    endloop
  endfacet
  facet normal 0 0 1
    outer loop
      vertex 89.55 -58.25 15
      vertex 89.55812738169487 -58.12600011739095 15
      vertex 89.62231444411428 2.136450739253165 15
    endloop
  endfacet
  facet normal 0 0 1
    outer loop
      vertex 89.55812738169487 -58.12600011739095 15
      vertex 89.58237046502539 -58.00412190715261 15
      vertex 89.62231444411428 2.136450739253165 15
    endloop
  endfacet
  facet normal 0 0 1
    outer loop
      vertex 89.58237046502539 -58.00412190715261 15
      vertex 89.62231444411428 -57.88645073925316 15
      vertex 89.62231444411428 2.136450739253165 15
    endloop
  endfacet
  facet normal 0 0 1
    outer loop
      vertex 89.62231444411428 -57.88645073925316 15
      vertex 89.67727586640478 -57.775 15
      vertex 89.62231444411428 2.136450739253165 15
    endloop
  endfacet
  facet normal 0 0 1
    outer loop
      vertex 89.67727586640478 -57.775 15
      vertex 89.74631432672332 -57.67167664244172 15
      vertex 89.67727586640478 2.025 15
    endloop
  endfacet
  facet normal 0 0 1
    outer loop
      vertex 89.82824855787278 -57.57824855787278 15
      vertex 89.74631432672332 1.9216766424417155 15
      vertex 89.74631432672332 -57.67167664244172 15
    endloop
  endfacet
  facet normal 0 0 1
    outer loop
      vertex 89.82824855787278 -57.57824855787278 15
      vertex 89.92167664244171 -57.49631432672333 15
      vertex 89.82824855787278 1.8282485578727798 15
    endloop
  endfacet
  facet normal 0 0 1
    outer loop
      vertex 89.92167664244171 -57.49631432672333 15
      vertex 90.025 -57.427275866404784 15
      vertex 89.92167664244171 1.7463143267233265 15
    endloop
  endfacet
  facet normal 0 0 1
    outer loop
      vertex 90.025 -57.427275866404784 15
      vertex 90.13645073925316 -57.37231444411428 15
      vertex 90.025 1.6772758664047833 15
    endloop
  endfacet
  facet normal 0 0 1
    outer loop
      vertex 90.13645073925316 -57.37231444411428 15
      vertex 90.25412190715261 -57.332370465025384 15
      vertex 90.13645073925316 1.6223144441142776 15
    endloop
  endfacet
  facet normal 0 0 1
    outer loop
      vertex 90.25412190715261 -57.332370465025384 15
      vertex 90.37600011739094 -57.30812738169488 15
      vertex 90.25412190715261 1.5823704650253851 15
    endloop
  endfacet
  facet normal 0 0 1
    outer loop
      vertex 90.37600011739094 -57.30812738169488 15
      vertex 90.5 -57.3 15
      vertex 90.37600011739094 1.5581273816948802 15
    endloop
  endfacet
  facet normal 0 0 1
    outer loop
      vertex 90.74587809284739 -57.332370465025384 15
      vertex 90.86354926074684 -57.37231444411428 15
      vertex 90.74587809284739 1.5823704650253851 15
    endloop
  endfacet
  facet normal 0 0 1
    outer loop
      vertex 90.975 -57.427275866404784 15
      vertex 91.07832335755829 -57.49631432672333 15
      vertex 90.975 1.6772758664047833 15
    endloop
  endfacet
  facet normal 0 0 1
    outer loop
      vertex 90.975 -57.427275866404784 15
      vertex 90.86354926074684 1.6223144441142776 15
      vertex 90.86354926074684 -57.37231444411428 15
    endloop
  endfacet
  facet normal 0 0 1
    outer loop
      vertex 91.17175144212722 -57.57824855787278 15
      vertex 91.07832335755829 1.7463143267233265 15
      vertex 91.07832335755829 -57.49631432672333 15
    endloop
  endfacet
  facet normal 0 0 1
    outer loop
      vertex 91.17175144212722 -57.57824855787278 15
      vertex 91.25368567327668 -57.67167664244172 15
      vertex 91.17175144212722 1.8282485578727798 15
    endloop
  endfacet
  facet normal 0 0 1
    outer loop
      vertex 90.5 -57.3 15
      vertex 90.62399988260906 -57.30812738169488 15
      vertex 90.5 1.55 15
    endloop
  endfacet
  facet normal 0 0 1
    outer loop
      vertex 90.62399988260906 -57.30812738169488 15
      vertex 90.74587809284739 -57.332370465025384 15
      vertex 90.62399988260906 1.5581273816948802 15
    endloop
  endfacet
  facet normal 0 0 1
    outer loop
      vertex 91.37768555588572 -57.88645073925316 15
      vertex 91.32272413359522 2.025 15
      vertex 91.32272413359522 -57.775 15
    endloop
  endfacet
  facet normal 0 0 1
    outer loop
      vertex 91.32272413359522 -57.775 15
      vertex 91.25368567327668 1.9216766424417155 15
      vertex 91.25368567327668 -57.67167664244172 15
    endloop
  endfacet
  facet normal 0 0 1
    outer loop
      vertex 89.55 -58.25 15
      vertex 85.9 1.3679146911401008 15
      vertex 85.9 -53.4 15
    endloop
  endfacet
  facet normal 0 0 1
    outer loop
      vertex 95.10000000149012 -62.100000001490116 15
      vertex 91.37768555588572 2.136450739253165 15
      vertex 91.37768555588572 -57.88645073925316 15
    endloop
  endfacet
  facet normal 0 0 1
    outer loop
      vertex 89.55 -58.25 15
      vertex 89.62231444411428 2.136450739253165 15
      vertex 85.9 1.3679146911401008 15
    endloop
  endfacet
  facet normal 0 0 1
    outer loop
      vertex 89.67727586640478 -57.775 15
      vertex 89.67727586640478 2.025 15
      vertex 89.62231444411428 2.136450739253165 15
    endloop
  endfacet
  facet normal 0 0 1
    outer loop
      vertex 89.82824855787278 -57.57824855787278 15
      vertex 89.82824855787278 1.8282485578727798 15
      vertex 89.74631432672332 1.9216766424417155 15
    endloop
  endfacet
  facet normal 0 0 1
    outer loop
      vertex 89.74631432672332 -57.67167664244172 15
      vertex 89.74631432672332 1.9216766424417155 15
      vertex 89.67727586640478 2.025 15
    endloop
  endfacet
  facet normal 0 0 1
    outer loop
      vertex 89.92167664244171 -57.49631432672333 15
      vertex 89.92167664244171 1.7463143267233265 15
      vertex 89.82824855787278 1.8282485578727798 15
    endloop
  endfacet
  facet normal 0 0 1
    outer loop
      vertex 90.025 -57.427275866404784 15
      vertex 90.025 1.6772758664047833 15
      vertex 89.92167664244171 1.7463143267233265 15
    endloop
  endfacet
  facet normal 0 0 1
    outer loop
      vertex 90.13645073925316 -57.37231444411428 15
      vertex 90.13645073925316 1.6223144441142776 15
      vertex 90.025 1.6772758664047833 15
    endloop
  endfacet
  facet normal 0 0 1
    outer loop
      vertex 90.25412190715261 -57.332370465025384 15
      vertex 90.25412190715261 1.5823704650253851 15
      vertex 90.13645073925316 1.6223144441142776 15
    endloop
  endfacet
  facet normal 0 0 1
    outer loop
      vertex 90.37600011739094 -57.30812738169488 15
      vertex 90.37600011739094 1.5581273816948802 15
      vertex 90.25412190715261 1.5823704650253851 15
    endloop
  endfacet
  facet normal 0 0 1
    outer loop
      vertex 90.5 -57.3 15
      vertex 90.5 1.55 15
      vertex 90.37600011739094 1.5581273816948802 15
    endloop
  endfacet
  facet normal 0 0 1
    outer loop
      vertex 90.62399988260906 -57.30812738169488 15
      vertex 90.62399988260906 1.5581273816948802 15
      vertex 90.5 1.55 15
    endloop
  endfacet
  facet normal 0 0 1
    outer loop
      vertex 90.74587809284739 -57.332370465025384 15
      vertex 90.74587809284739 1.5823704650253851 15
      vertex 90.62399988260906 1.5581273816948802 15
    endloop
  endfacet
  facet normal 0 0 1
    outer loop
      vertex 90.86354926074684 -57.37231444411428 15
      vertex 90.86354926074684 1.6223144441142776 15
      vertex 90.74587809284739 1.5823704650253851 15
    endloop
  endfacet
  facet normal 0 0 1
    outer loop
      vertex 90.975 -57.427275866404784 15
      vertex 90.975 1.6772758664047833 15
      vertex 90.86354926074684 1.6223144441142776 15
    endloop
  endfacet
  facet normal 0 0 1
    outer loop
      vertex 91.07832335755829 -57.49631432672333 15
      vertex 91.07832335755829 1.7463143267233265 15
      vertex 90.975 1.6772758664047833 15
    endloop
  endfacet
  facet normal 0 0 1
    outer loop
      vertex 91.17175144212722 -57.57824855787278 15
      vertex 91.17175144212722 1.8282485578727798 15
      vertex 91.07832335755829 1.7463143267233265 15
    endloop
  endfacet
  facet normal 0 0 1
    outer loop
      vertex 91.25368567327668 -57.67167664244172 15
      vertex 91.25368567327668 1.9216766424417155 15
      vertex 91.17175144212722 1.8282485578727798 15
    endloop
  endfacet
  facet normal 0 0 1
    outer loop
      vertex 91.32272413359522 -57.775 15
      vertex 91.32272413359522 2.025 15
      vertex 91.25368567327668 1.9216766424417155 15
    endloop
  endfacet
  facet normal 0 0 1
    outer loop
      vertex 91.37768555588572 -57.88645073925316 15
      vertex 91.37768555588572 2.136450739253165 15
      vertex 91.32272413359522 2.025 15
    endloop
  endfacet
  facet normal -1 0 0
    outer loop
      vertex 95.10000000149012 -62.100000001490116 15
      vertex 95.10000000149012 -62.100000001490116 17
      vertex 95.10000000149012 62.100000001490116 15
    endloop
  endfacet
  facet normal 0 0 1
    outer loop
      vertex 95.10000000149012 -62.100000001490116 15
      vertex 91.41762953497461 2.254121907152605 15
      vertex 91.37768555588572 2.136450739253165 15
    endloop
  endfacet
  facet normal 0 0 1
    outer loop
      vertex 95.10000000149012 -62.100000001490116 15
      vertex 91.44187261830513 2.376000117390951 15
      vertex 91.41762953497461 2.254121907152605 15
    endloop
  endfacet
  facet normal 0 0 1
    outer loop
      vertex 95.10000000149012 -62.100000001490116 15
      vertex 91.45 2.5 15
      vertex 91.44187261830513 2.376000117390951 15
    endloop
  endfacet
  facet normal 0 0 1
    outer loop
      vertex -41 63.099999999999994 15
      vertex 41 63.099999999999994 15
      vertex 94.10000000149012 63.100000001490116 15
    endloop
  endfacet
  facet normal 0 -1 0
    outer loop
      vertex -94.10000000149012 63.100000001490116 15
      vertex 94.10000000149012 63.100000001490116 15
      vertex 94.10000000149012 63.100000001490116 17
    endloop
  endfacet
  facet normal 0 0 1
    outer loop
      vertex 85.9 1.3679146911401008 15
      vertex 89.62231444411428 2.136450739253165 15
      vertex 89.58237046502539 2.254121907152605 15
    endloop
  endfacet
  facet normal 0 0 1
    outer loop
      vertex 85.9 1.3679146911401008 15
      vertex 89.58237046502539 2.254121907152605 15
      vertex 89.55812738169487 2.376000117390951 15
    endloop
  endfacet
  facet normal 0 0 1
    outer loop
      vertex 85.9 1.3679146911401008 15
      vertex 89.55812738169487 2.376000117390951 15
      vertex 89.55 2.5 15
    endloop
  endfacet
  facet normal 0 0 1
    outer loop
      vertex 85.9 1.3679146911401008 15
      vertex 89.55 2.5 15
      vertex 89.55812738169487 2.623999882609049 15
    endloop
  endfacet
  facet normal 0 0 1
    outer loop
      vertex 95.10000000149012 -62.100000001490116 15
      vertex 95.10000000149012 62.100000001490116 15
      vertex 91.45 2.5 15
    endloop
  endfacet
  facet normal 0 0 1
    outer loop
      vertex 85.9 1.3679146911401008 15
      vertex 89.55812738169487 2.623999882609049 15
      vertex 95.10000000149012 62.100000001490116 15
    endloop
  endfacet
  facet normal 0 0 1
    outer loop
      vertex 89.55812738169487 2.623999882609049 15
      vertex 89.58237046502539 2.745878092847395 15
      vertex 95.10000000149012 62.100000001490116 15
    endloop
  endfacet
  facet normal 0 0 1
    outer loop
      vertex 89.58237046502539 2.745878092847395 15
      vertex 89.62231444411428 2.863549260746835 15
      vertex 95.10000000149012 62.100000001490116 15
    endloop
  endfacet
  facet normal 0 0 1
    outer loop
      vertex 89.62231444411428 2.863549260746835 15
      vertex 89.67727586640478 2.975 15
      vertex 95.10000000149012 62.100000001490116 15
    endloop
  endfacet
  facet normal 0 0 1
    outer loop
      vertex 89.67727586640478 2.975 15
      vertex 89.74631432672332 3.0783233575582845 15
      vertex 95.10000000149012 62.100000001490116 15
    endloop
  endfacet
  facet normal 0 0 1
    outer loop
      vertex 89.74631432672332 3.0783233575582845 15
      vertex 89.82824855787278 3.17175144212722 15
      vertex 95.10000000149012 62.100000001490116 15
    endloop
  endfacet
  facet normal 0 0 1
    outer loop
      vertex 89.82824855787278 3.17175144212722 15
      vertex 89.92167664244171 3.2536856732766735 15
      vertex 95.10000000149012 62.100000001490116 15
    endloop
  endfacet
  facet normal 0 0 1
    outer loop
      vertex 89.92167664244171 3.2536856732766735 15
      vertex 90.025 3.3227241335952167 15
      vertex 95.10000000149012 62.100000001490116 15
    endloop
  endfacet
  facet normal 0 0 1
    outer loop
      vertex 90.025 3.3227241335952167 15
      vertex 90.13645073925316 3.3776855558857224 15
      vertex 95.10000000149012 62.100000001490116 15
    endloop
  endfacet
  facet normal 0 0 1
    outer loop
      vertex 90.13645073925316 3.3776855558857224 15
      vertex 90.25412190715261 3.4176295349746146 15
      vertex 95.10000000149012 62.100000001490116 15
    endloop
  endfacet
  facet normal 0 0 1
    outer loop
      vertex 90.25412190715261 3.4176295349746146 15
      vertex 90.37600011739094 3.44187261830512 15
      vertex 95.10000000149012 62.100000001490116 15
    endloop
  endfacet
  facet normal 0 0 1
    outer loop
      vertex 91.45 2.5 15
      vertex 95.10000000149012 62.100000001490116 15
      vertex 91.44187261830513 2.623999882609049 15
    endloop
  endfacet
  facet normal 0 0 1
    outer loop
      vertex 91.37768555588572 2.863549260746835 15
      vertex 91.41762953497461 2.745878092847395 15
      vertex 95.10000000149012 62.100000001490116 15
    endloop
  endfacet
  facet normal 0 0 1
    outer loop
      vertex 91.44187261830513 2.623999882609049 15
      vertex 95.10000000149012 62.100000001490116 15
      vertex 91.41762953497461 2.745878092847395 15
    endloop
  endfacet
  facet normal 0 0 1
    outer loop
      vertex 91.37768555588572 2.863549260746835 15
      vertex 95.10000000149012 62.100000001490116 15
      vertex 91.32272413359522 2.975 15
    endloop
  endfacet
  facet normal 0 0 1
    outer loop
      vertex 91.32272413359522 2.975 15
      vertex 95.10000000149012 62.100000001490116 15
      vertex 91.25368567327668 3.0783233575582845 15
    endloop
  endfacet
  facet normal 0 0 1
    outer loop
      vertex 90.86354926074684 3.3776855558857224 15
      vertex 90.975 3.3227241335952167 15
      vertex 95.10000000149012 62.100000001490116 15
    endloop
  endfacet
  facet normal 0 0 1
    outer loop
      vertex 90.74587809284739 3.4176295349746146 15
      vertex 90.86354926074684 3.3776855558857224 15
      vertex 95.10000000149012 62.100000001490116 15
    endloop
  endfacet
  facet normal 0 0 1
    outer loop
      vertex 90.37600011739094 3.44187261830512 15
      vertex 90.5 3.45 15
      vertex 95.10000000149012 62.100000001490116 15
    endloop
  endfacet
  facet normal 0 0 1
    outer loop
      vertex 90.5 3.45 15
      vertex 90.62399988260906 3.44187261830512 15
      vertex 95.10000000149012 62.100000001490116 15
    endloop
  endfacet
  facet normal 0 0 1
    outer loop
      vertex 90.62399988260906 3.44187261830512 15
      vertex 90.74587809284739 3.4176295349746146 15
      vertex 95.10000000149012 62.100000001490116 15
    endloop
  endfacet
  facet normal 0 0 1
    outer loop
      vertex 91.07832335755829 3.2536856732766735 15
      vertex 91.17175144212722 3.17175144212722 15
      vertex 95.10000000149012 62.100000001490116 15
    endloop
  endfacet
  facet normal 0 0 1
    outer loop
      vertex 91.17175144212722 3.17175144212722 15
      vertex 91.25368567327668 3.0783233575582845 15
      vertex 95.10000000149012 62.100000001490116 15
    endloop
  endfacet
  facet normal 0 0 1
    outer loop
      vertex 90.975 3.3227241335952167 15
      vertex 91.07832335755829 3.2536856732766735 15
      vertex 95.10000000149012 62.100000001490116 15
    endloop
  endfacet
  facet normal -1 0 0
    outer loop
      vertex 95.10000000149012 62.100000001490116 15
      vertex 95.10000000149012 -62.100000001490116 17
      vertex 95.10000000149012 62.100000001490116 17
    endloop
  endfacet
  facet normal 0 0 1
    outer loop
      vertex 41 58.4 15
      vertex 89.82824855787278 60.07824855787278 15
      vertex 41 61.4 15
    endloop
  endfacet
  facet normal 0 0 1
    outer loop
      vertex 41 61.4 15
      vertex 89.82824855787278 60.07824855787278 15
      vertex 41 63.099999999999994 15
    endloop
  endfacet
  facet normal 0 0 1
    outer loop
      vertex 41 58.4 15
      vertex 85.9 58.4 15
      vertex 90.13645073925316 59.87231444411428 15
    endloop
  endfacet
  facet normal 0 0 1
    outer loop
      vertex 41 63.099999999999994 15
      vertex 89.74631432672332 60.17167664244172 15
      vertex 89.67727586640478 60.275 15
    endloop
  endfacet
  facet normal 0 0 1
    outer loop
      vertex 41 63.099999999999994 15
      vertex 89.82824855787278 60.07824855787278 15
      vertex 89.74631432672332 60.17167664244172 15
    endloop
  endfacet
  facet normal 0 0 1
    outer loop
      vertex 41 63.099999999999994 15
      vertex 89.58237046502539 60.50412190715261 15
      vertex 89.55812738169487 60.62600011739095 15
    endloop
  endfacet
  facet normal 0 0 1
    outer loop
      vertex 41 63.099999999999994 15
      vertex 89.67727586640478 60.275 15
      vertex 89.62231444411428 60.38645073925316 15
    endloop
  endfacet
  facet normal 0 0 1
    outer loop
      vertex 41 63.099999999999994 15
      vertex 89.62231444411428 60.38645073925316 15
      vertex 89.58237046502539 60.50412190715261 15
    endloop
  endfacet
  facet normal 0 0 1
    outer loop
      vertex 41 63.099999999999994 15
      vertex 89.55812738169487 60.62600011739095 15
      vertex 89.55 60.75 15
    endloop
  endfacet
  facet normal 0 0 1
    outer loop
      vertex 41 63.099999999999994 15
      vertex 89.55 60.75 15
      vertex 89.55812738169487 60.87399988260905 15
    endloop
  endfacet
  facet normal 0 0 1
    outer loop
      vertex 41 63.099999999999994 15
      vertex 89.55812738169487 60.87399988260905 15
      vertex 89.58237046502539 60.99587809284739 15
    endloop
  endfacet
  facet normal 0 0 1
    outer loop
      vertex 41 63.099999999999994 15
      vertex 89.58237046502539 60.99587809284739 15
      vertex 89.62231444411428 61.11354926074684 15
    endloop
  endfacet
  facet normal 0 0 1
    outer loop
      vertex 41 63.099999999999994 15
      vertex 89.62231444411428 61.11354926074684 15
      vertex 89.67727586640478 61.225 15
    endloop
  endfacet
  facet normal 0 0 1
    outer loop
      vertex 41 63.099999999999994 15
      vertex 89.67727586640478 61.225 15
      vertex 89.74631432672332 61.32832335755828 15
    endloop
  endfacet
  facet normal 0 0 1
    outer loop
      vertex 41 63.099999999999994 15
      vertex 89.74631432672332 61.32832335755828 15
      vertex 89.82824855787278 61.42175144212722 15
    endloop
  endfacet
  facet normal 0 0 1
    outer loop
      vertex 85.9 1.3679146911401008 15
      vertex 90.74587809284739 59.832370465025384 15
      vertex 85.9 58.4 15
    endloop
  endfacet
  facet normal 0 0 1
    outer loop
      vertex 85.9 1.3679146911401008 15
      vertex 90.86354926074684 59.87231444411428 15
      vertex 90.74587809284739 59.832370465025384 15
    endloop
  endfacet
  facet normal 0 0 1
    outer loop
      vertex 85.9 1.3679146911401008 15
      vertex 90.975 59.927275866404784 15
      vertex 90.86354926074684 59.87231444411428 15
    endloop
  endfacet
  facet normal 0 0 1
    outer loop
      vertex 85.9 1.3679146911401008 15
      vertex 95.06592582911253 62.35881904512644 15
      vertex 90.975 59.927275866404784 15
    endloop
  endfacet
  facet normal 0 0 1
    outer loop
      vertex 85.9 1.3679146911401008 15
      vertex 95.10000000149012 62.100000001490116 15
      vertex 95.09144486486912 62.2305261939764 15
    endloop
  endfacet
  facet normal 0 0 1
    outer loop
      vertex 85.9 1.3679146911401008 15
      vertex 95.09144486486912 62.2305261939764 15
      vertex 95.06592582911253 62.35881904512644 15
    endloop
  endfacet
  facet normal 0 0 1
    outer loop
      vertex 41 58.4 15
      vertex 90.13645073925316 59.87231444411428 15
      vertex 90.025 59.927275866404784 15
    endloop
  endfacet
  facet normal 0 0 1
    outer loop
      vertex 41 58.4 15
      vertex 89.92167664244171 59.99631432672333 15
      vertex 89.82824855787278 60.07824855787278 15
    endloop
  endfacet
  facet normal 0 0 1
    outer loop
      vertex 41 58.4 15
      vertex 90.025 59.927275866404784 15
      vertex 89.92167664244171 59.99631432672333 15
    endloop
  endfacet
  facet normal 0 0 1
    outer loop
      vertex 41 63.099999999999994 15
      vertex 89.82824855787278 61.42175144212722 15
      vertex 89.92167664244171 61.50368567327667 15
    endloop
  endfacet
  facet normal 0 0 1
    outer loop
      vertex 41 63.099999999999994 15
      vertex 89.92167664244171 61.50368567327667 15
      vertex 90.025 61.572724133595216 15
    endloop
  endfacet
  facet normal 0 0 1
    outer loop
      vertex 41 63.099999999999994 15
      vertex 90.025 61.572724133595216 15
      vertex 90.13645073925316 61.62768555588572 15
    endloop
  endfacet
  facet normal 0 0 1
    outer loop
      vertex 41 63.099999999999994 15
      vertex 90.13645073925316 61.62768555588572 15
      vertex 90.25412190715261 61.667629534974616 15
    endloop
  endfacet
  facet normal 0 0 1
    outer loop
      vertex 41 63.099999999999994 15
      vertex 90.25412190715261 61.667629534974616 15
      vertex 90.37600011739094 61.69187261830512 15
    endloop
  endfacet
  facet normal 0 0 1
    outer loop
      vertex 41 63.099999999999994 15
      vertex 90.37600011739094 61.69187261830512 15
      vertex 95.06592582911253 62.35881904512644 15
    endloop
  endfacet
  facet normal 0 0 1
    outer loop
      vertex 41 63.099999999999994 15
      vertex 94.2305261939764 63.09144486486912 15
      vertex 94.10000000149012 63.100000001490116 15
    endloop
  endfacet
  facet normal 0 0 1
    outer loop
      vertex 41 63.099999999999994 15
      vertex 94.48268343508244 63.023879535496235 15
      vertex 94.35881904512644 63.06592582911253 15
    endloop
  endfacet
  facet normal 0 0 1
    outer loop
      vertex 41 63.099999999999994 15
      vertex 94.35881904512644 63.06592582911253 15
      vertex 94.2305261939764 63.09144486486912 15
    endloop
  endfacet
  facet normal 0 0 1
    outer loop
      vertex 41 63.099999999999994 15
      vertex 95.02387953549623 62.482683435082436 15
      vertex 94.96602540463209 62.600000001490116 15
    endloop
  endfacet
  facet normal 0 0 1
    outer loop
      vertex 41 63.099999999999994 15
      vertex 94.7087614312768 62.89335334300995 15
      vertex 94.60000000149012 62.96602540463209 15
    endloop
  endfacet
  facet normal 0 0 1
    outer loop
      vertex 41 63.099999999999994 15
      vertex 94.96602540463209 62.600000001490116 15
      vertex 94.89335334300995 62.7087614312768 15
    endloop
  endfacet
  facet normal 0 0 1
    outer loop
      vertex 41 63.099999999999994 15
      vertex 94.89335334300995 62.7087614312768 15
      vertex 94.80710678547621 62.80710678547621 15
    endloop
  endfacet
  facet normal 0 0 1
    outer loop
      vertex 41 63.099999999999994 15
      vertex 94.80710678547621 62.80710678547621 15
      vertex 94.7087614312768 62.89335334300995 15
    endloop
  endfacet
  facet normal 0 0 1
    outer loop
      vertex 41 63.099999999999994 15
      vertex 95.06592582911253 62.35881904512644 15
      vertex 95.02387953549623 62.482683435082436 15
    endloop
  endfacet
  facet normal 0 0 1
    outer loop
      vertex 41 63.099999999999994 15
      vertex 94.60000000149012 62.96602540463209 15
      vertex 94.48268343508244 63.023879535496235 15
    endloop
  endfacet
  facet normal 0 0 1
    outer loop
      vertex 85.9 58.4 15
      vertex 90.25412190715261 59.832370465025384 15
      vertex 90.13645073925316 59.87231444411428 15
    endloop
  endfacet
  facet normal 0 0 1
    outer loop
      vertex 85.9 58.4 15
      vertex 90.37600011739094 59.80812738169488 15
      vertex 90.25412190715261 59.832370465025384 15
    endloop
  endfacet
  facet normal 0 0 1
    outer loop
      vertex 85.9 58.4 15
      vertex 90.5 59.8 15
      vertex 90.37600011739094 59.80812738169488 15
    endloop
  endfacet
  facet normal 0 0 1
    outer loop
      vertex 85.9 58.4 15
      vertex 90.62399988260906 59.80812738169488 15
      vertex 90.5 59.8 15
    endloop
  endfacet
  facet normal 0 0 1
    outer loop
      vertex 85.9 58.4 15
      vertex 90.74587809284739 59.832370465025384 15
      vertex 90.62399988260906 59.80812738169488 15
    endloop
  endfacet
  facet normal 0 0 1
    outer loop
      vertex 90.975 59.927275866404784 15
      vertex 95.06592582911253 62.35881904512644 15
      vertex 91.07832335755829 59.99631432672333 15
    endloop
  endfacet
  facet normal 0 0 1
    outer loop
      vertex 91.17175144212722 60.07824855787278 15
      vertex 95.06592582911253 62.35881904512644 15
      vertex 91.25368567327668 60.17167664244172 15
    endloop
  endfacet
  facet normal 0 0 1
    outer loop
      vertex 91.07832335755829 59.99631432672333 15
      vertex 95.06592582911253 62.35881904512644 15
      vertex 91.17175144212722 60.07824855787278 15
    endloop
  endfacet
  facet normal 0 0 1
    outer loop
      vertex 91.25368567327668 60.17167664244172 15
      vertex 95.06592582911253 62.35881904512644 15
      vertex 91.32272413359522 60.275 15
    endloop
  endfacet
  facet normal 0 0 1
    outer loop
      vertex 91.32272413359522 60.275 15
      vertex 95.06592582911253 62.35881904512644 15
      vertex 91.37768555588572 60.38645073925316 15
    endloop
  endfacet
  facet normal 0 0 1
    outer loop
      vertex 91.41762953497461 60.50412190715261 15
      vertex 95.06592582911253 62.35881904512644 15
      vertex 91.44187261830513 60.62600011739095 15
    endloop
  endfacet
  facet normal 0 0 1
    outer loop
      vertex 91.37768555588572 60.38645073925316 15
      vertex 95.06592582911253 62.35881904512644 15
      vertex 91.41762953497461 60.50412190715261 15
    endloop
  endfacet
  facet normal 0 0 1
    outer loop
      vertex 91.44187261830513 60.62600011739095 15
      vertex 95.06592582911253 62.35881904512644 15
      vertex 91.45 60.75 15
    endloop
  endfacet
  facet normal 0 0 1
    outer loop
      vertex 91.44187261830513 60.87399988260905 15
      vertex 95.06592582911253 62.35881904512644 15
      vertex 91.41762953497461 60.99587809284739 15
    endloop
  endfacet
  facet normal 0 0 1
    outer loop
      vertex 91.45 60.75 15
      vertex 95.06592582911253 62.35881904512644 15
      vertex 91.44187261830513 60.87399988260905 15
    endloop
  endfacet
  facet normal 0 0 1
    outer loop
      vertex 90.37600011739094 61.69187261830512 15
      vertex 90.5 61.7 15
      vertex 95.06592582911253 62.35881904512644 15
    endloop
  endfacet
  facet normal 0 0 1
    outer loop
      vertex 90.62399988260906 61.69187261830512 15
      vertex 95.06592582911253 62.35881904512644 15
      vertex 90.5 61.7 15
    endloop
  endfacet
  facet normal 0 0 1
    outer loop
      vertex 90.62399988260906 61.69187261830512 15
      vertex 90.74587809284739 61.667629534974616 15
      vertex 95.06592582911253 62.35881904512644 15
    endloop
  endfacet
  facet normal 0 0 1
    outer loop
      vertex 90.74587809284739 61.667629534974616 15
      vertex 90.86354926074684 61.62768555588572 15
      vertex 95.06592582911253 62.35881904512644 15
    endloop
  endfacet
  facet normal 0 0 1
    outer loop
      vertex 90.86354926074684 61.62768555588572 15
      vertex 90.975 61.572724133595216 15
      vertex 95.06592582911253 62.35881904512644 15
    endloop
  endfacet
  facet normal 0 0 1
    outer loop
      vertex 91.17175144212722 61.42175144212722 15
      vertex 91.25368567327668 61.32832335755828 15
      vertex 95.06592582911253 62.35881904512644 15
    endloop
  endfacet
  facet normal 0 0 1
    outer loop
      vertex 91.37768555588572 61.11354926074684 15
      vertex 95.06592582911253 62.35881904512644 15
      vertex 91.32272413359522 61.225 15
    endloop
  endfacet
  facet normal 0 0 1
    outer loop
      vertex 91.41762953497461 60.99587809284739 15
      vertex 95.06592582911253 62.35881904512644 15
      vertex 91.37768555588572 61.11354926074684 15
    endloop
  endfacet
  facet normal 0 0 1
    outer loop
      vertex 91.32272413359522 61.225 15
      vertex 95.06592582911253 62.35881904512644 15
      vertex 91.25368567327668 61.32832335755828 15
    endloop
  endfacet
  facet normal 0 0 1
    outer loop
      vertex 91.07832335755829 61.50368567327667 15
      vertex 95.06592582911253 62.35881904512644 15
      vertex 90.975 61.572724133595216 15
    endloop
  endfacet
  facet normal 0 0 1
    outer loop
      vertex 91.17175144212722 61.42175144212722 15
      vertex 95.06592582911253 62.35881904512644 15
      vertex 91.07832335755829 61.50368567327667 15
    endloop
  endfacet
  facet normal -0.4422887070837332 -0.8968727332159228 0
    outer loop
      vertex 94.48268343508244 63.023879535496235 15
      vertex 94.60000000149012 62.96602540463209 15
      vertex 94.60000000149012 62.96602540463209 17
    endloop
  endfacet
  facet normal -0.8968727332159228 -0.4422887070837332 0
    outer loop
      vertex 95.02387953549623 62.482683435082436 15
      vertex 95.02387953549623 62.482683435082436 17
      vertex 94.96602540463209 62.600000001490116 15
    endloop
  endfacet
  facet normal -0.7518398201512305 -0.6593458006501332 0
    outer loop
      vertex 94.89335334300995 62.7087614312768 15
      vertex 94.89335334300995 62.7087614312768 17
      vertex 94.80710678547621 62.80710678547621 15
    endloop
  endfacet
  facet normal -0.8314696207458844 -0.5555702203832522 0
    outer loop
      vertex 94.89335334300995 62.7087614312768 15
      vertex 94.96602540463209 62.600000001490116 15
      vertex 94.96602540463209 62.600000001490116 17
    endloop
  endfacet
  facet normal -0.6593458006501332 -0.7518398201512305 0
    outer loop
      vertex 94.7087614312768 62.89335334300995 15
      vertex 94.80710678547621 62.80710678547621 15
      vertex 94.80710678547621 62.80710678547621 17
    endloop
  endfacet
  facet normal -0.5555702203832522 -0.8314696207458844 0
    outer loop
      vertex 94.7087614312768 62.89335334300995 15
      vertex 94.7087614312768 62.89335334300995 17
      vertex 94.60000000149012 62.96602540463209 15
    endloop
  endfacet
  facet normal -0.06540311383340917 -0.9978589242477587 0
    outer loop
      vertex 94.10000000149012 63.100000001490116 15
      vertex 94.2305261939764 63.09144486486912 15
      vertex 94.2305261939764 63.09144486486912 17
    endloop
  endfacet
  facet normal -0.19509032949101543 -0.9807852789163829 0
    outer loop
      vertex 94.35881904512644 63.06592582911253 15
      vertex 94.35881904512644 63.06592582911253 17
      vertex 94.2305261939764 63.09144486486912 15
    endloop
  endfacet
  facet normal -0.32143945792867507 -0.9469301319984066 0
    outer loop
      vertex 94.48268343508244 63.023879535496235 15
      vertex 94.48268343508244 63.023879535496235 17
      vertex 94.35881904512644 63.06592582911253 15
    endloop
  endfacet
  facet normal -0.9978589242477587 -0.06540311383340917 0
    outer loop
      vertex 95.10000000149012 62.100000001490116 15
      vertex 95.10000000149012 62.100000001490116 17
      vertex 95.09144486486912 62.2305261939764 15
    endloop
  endfacet
  facet normal -0.9807852789163829 -0.19509032949101543 0
    outer loop
      vertex 95.09144486486912 62.2305261939764 15
      vertex 95.09144486486912 62.2305261939764 17
      vertex 95.06592582911253 62.35881904512644 15
    endloop
  endfacet
  facet normal -0.9469301319984066 -0.32143945792867507 0
    outer loop
      vertex 95.06592582911253 62.35881904512644 15
      vertex 95.06592582911253 62.35881904512644 17
      vertex 95.02387953549623 62.482683435082436 15
    endloop
  endfacet
  facet normal -0.5555702203832522 -0.8314696207458844 0
    outer loop
      vertex 94.60000000149012 62.96602540463209 15
      vertex 94.7087614312768 62.89335334300995 17
      vertex 94.60000000149012 62.96602540463209 17
    endloop
  endfacet
  facet normal -0.8968727332159228 -0.4422887070837332 0
    outer loop
      vertex 94.96602540463209 62.600000001490116 15
      vertex 95.02387953549623 62.482683435082436 17
      vertex 94.96602540463209 62.600000001490116 17
    endloop
  endfacet
  facet normal -0.8314696207458844 -0.5555702203832522 0
    outer loop
      vertex 94.89335334300995 62.7087614312768 15
      vertex 94.96602540463209 62.600000001490116 17
      vertex 94.89335334300995 62.7087614312768 17
    endloop
  endfacet
  facet normal -0.7518398201512305 -0.6593458006501332 0
    outer loop
      vertex 94.80710678547621 62.80710678547621 15
      vertex 94.89335334300995 62.7087614312768 17
      vertex 94.80710678547621 62.80710678547621 17
    endloop
  endfacet
  facet normal -0.6593458006501332 -0.7518398201512305 0
    outer loop
      vertex 94.7087614312768 62.89335334300995 15
      vertex 94.80710678547621 62.80710678547621 17
      vertex 94.7087614312768 62.89335334300995 17
    endloop
  endfacet
  facet normal -0.06540311383340917 -0.9978589242477587 0
    outer loop
      vertex 94.10000000149012 63.100000001490116 15
      vertex 94.2305261939764 63.09144486486912 17
      vertex 94.10000000149012 63.100000001490116 17
    endloop
  endfacet
  facet normal -0.32143945792867507 -0.9469301319984066 0
    outer loop
      vertex 94.35881904512644 63.06592582911253 15
      vertex 94.48268343508244 63.023879535496235 17
      vertex 94.35881904512644 63.06592582911253 17
    endloop
  endfacet
  facet normal -0.19509032949101543 -0.9807852789163829 0
    outer loop
      vertex 94.2305261939764 63.09144486486912 15
      vertex 94.35881904512644 63.06592582911253 17
      vertex 94.2305261939764 63.09144486486912 17
    endloop
  endfacet
  facet normal -0.4422887070837332 -0.8968727332159228 0
    outer loop
      vertex 94.48268343508244 63.023879535496235 15
      vertex 94.60000000149012 62.96602540463209 17
      vertex 94.48268343508244 63.023879535496235 17
    endloop
  endfacet
  facet normal -0.9978589242477587 -0.06540311383340917 0
    outer loop
      vertex 95.09144486486912 62.2305261939764 15
      vertex 95.10000000149012 62.100000001490116 17
      vertex 95.09144486486912 62.2305261939764 17
    endloop
  endfacet
  facet normal -0.9807852789163829 -0.19509032949101543 0
    outer loop
      vertex 95.06592582911253 62.35881904512644 15
      vertex 95.09144486486912 62.2305261939764 17
      vertex 95.06592582911253 62.35881904512644 17
    endloop
  endfacet
  facet normal -0.9469301319984066 -0.32143945792867507 0
    outer loop
      vertex 95.02387953549623 62.482683435082436 15
      vertex 95.06592582911253 62.35881904512644 17
      vertex 95.02387953549623 62.482683435082436 17
    endloop
  endfacet
  facet normal 1 0 0
    outer loop
      vertex -41 58.4 2
      vertex -41 61.4 2
      vertex -41 61.4 3.5
    endloop
  endfacet
  facet normal 1 0 0
    outer loop
      vertex -41 58.4 2
      vertex -41 61.4 3.5
      vertex -41 58.4 3.5
    endloop
  endfacet
  facet normal 0 0 1
    outer loop
      vertex -41 47.50995024875622 2
      vertex 41 47.50995024875622 2
      vertex -41 55.443930953999406 2
    endloop
  endfacet
  facet normal 0 0 1
    outer loop
      vertex -41 55.443930953999406 2
      vertex 41 47.50995024875622 2
      vertex -41 58.4 2
    endloop
  endfacet
  facet normal 0 0 1
    outer loop
      vertex -41 58.4 2
      vertex 41 47.50995024875622 2
      vertex -41 61.4 2
    endloop
  endfacet
  facet normal 0 -1 0
    outer loop
      vertex -41 61.4 2
      vertex 41 61.4 2
      vertex -41 61.4 3.5
    endloop
  endfacet
  facet normal 1 0 0
    outer loop
      vertex -41 61.4 7.6595744680851
      vertex -41 61.4 15
      vertex -41 58.4 15
    endloop
  endfacet
  facet normal 0 0 1
    outer loop
      vertex -41 61.4 2
      vertex 41 47.50995024875622 2
      vertex 41 50.045319333241096 2
    endloop
  endfacet
  facet normal 0 0 1
    outer loop
      vertex -41 61.4 2
      vertex 41 50.045319333241096 2
      vertex 41 58.4 2
    endloop
  endfacet
  facet normal 0 0 1
    outer loop
      vertex -41 61.4 2
      vertex 41 58.4 2
      vertex 41 61.4 2
    endloop
  endfacet
  facet normal 0 -1 0
    outer loop
      vertex -41 61.4 3.5
      vertex 41 61.4 2
      vertex 41 61.4 3.5
    endloop
  endfacet
  facet normal -1 0 0
    outer loop
      vertex 41 58.4 2
      vertex 41 58.4 15
      vertex 41 61.4 2
    endloop
  endfacet
  facet normal -1 0 0
    outer loop
      vertex 41 61.4 2
      vertex 41 58.4 15
      vertex 41 61.4 3.5
    endloop
  endfacet
  facet normal -1 0 0
    outer loop
      vertex 41 61.4 3.5
      vertex 41 58.4 15
      vertex 41 61.4 15
    endloop
  endfacet
  facet normal 0 -1 0
    outer loop
      vertex -41 63.099999999999994 3.5
      vertex -38 63.099999999999994 3.6500000000000004
      vertex -38.26105238497257 63.099999999999994 3.6671102806925777
    endloop
  endfacet
  facet normal 0 -1 0
    outer loop
      vertex -41 63.099999999999994 3.5
      vertex -38.26105238497257 63.099999999999994 3.6671102806925777
      vertex -38.517638087272644 63.099999999999994 3.718148344755173
    endloop
  endfacet
  facet normal 0 -1 0
    outer loop
      vertex -41 63.099999999999994 3.5
      vertex -38.517638087272644 63.099999999999994 3.718148344755173
      vertex -38.76536686718464 63.099999999999994 3.802240931987763
    endloop
  endfacet
  facet normal 0 -1 0
    outer loop
      vertex -41 63.099999999999994 3.5
      vertex -39.217522859573364 63.099999999999994 4.063293316960335
      vertex -39.4142135605216 63.099999999999994 4.235786439478398
    endloop
  endfacet
  facet normal 0 -1 0
    outer loop
      vertex -41 63.099999999999994 3.5
      vertex -39.4142135605216 63.099999999999994 4.235786439478398
      vertex -39.586706683039665 63.099999999999994 4.432477140426636
    endloop
  endfacet
  facet normal 0 -1 0
    outer loop
      vertex -41 63.099999999999994 3.5
      vertex -39.586706683039665 63.099999999999994 4.432477140426636
      vertex -39.73205080628395 63.099999999999994 4.65
    endloop
  endfacet
  facet normal 0 -1 0
    outer loop
      vertex -41 63.099999999999994 3.5
      vertex -38.76536686718464 63.099999999999994 3.802240931987763
      vertex -39 63.099999999999994 3.9179491937160495
    endloop
  endfacet
  facet normal 0 -1 0
    outer loop
      vertex -41 63.099999999999994 3.5
      vertex -39 63.099999999999994 3.9179491937160495
      vertex -39.217522859573364 63.099999999999994 4.063293316960335
    endloop
  endfacet
  facet normal 0 0 1
    outer loop
      vertex -41 61.4 3.5
      vertex 41 63.099999999999994 3.5
      vertex -41 63.099999999999994 3.5
    endloop
  endfacet
  facet normal 0 -1 0
    outer loop
      vertex -41 63.099999999999994 3.5
      vertex 38 63.099999999999994 3.6500000000000004
      vertex -38 63.099999999999994 3.6500000000000004
    endloop
  endfacet
  facet normal 1 0 0
    outer loop
      vertex -41 61.4 3.5
      vertex -41 63.099999999999994 3.5
      vertex -41 61.4 7.6595744680851
    endloop
  endfacet
  facet normal 0 -1 0
    outer loop
      vertex -41 63.099999999999994 3.5
      vertex -39.73205080628395 63.099999999999994 4.65
      vertex -39.84775906801224 63.099999999999994 4.884633132815361
    endloop
  endfacet
  facet normal 0 -1 0
    outer loop
      vertex -41 63.099999999999994 3.5
      vertex -39.84775906801224 63.099999999999994 4.884633132815361
      vertex -39.93185165524483 63.099999999999994 5.132361912727356
    endloop
  endfacet
  facet normal 0 -1 0
    outer loop
      vertex -41 63.099999999999994 3.5
      vertex -39.93185165524483 63.099999999999994 5.132361912727356
      vertex -39.98288971930742 63.099999999999994 5.388947615027428
    endloop
  endfacet
  facet normal 0 -1 0
    outer loop
      vertex -41 63.099999999999994 3.5
      vertex -39.98288971930742 63.099999999999994 5.388947615027428
      vertex -40 63.099999999999994 5.65
    endloop
  endfacet
  facet normal 1 0 0
    outer loop
      vertex -41 58.4 3.5
      vertex -41 61.4 3.5
      vertex -41 58.4 15
    endloop
  endfacet
  facet normal 0 -1 0
    outer loop
      vertex -41 63.099999999999994 3.5
      vertex -40 63.099999999999994 5.65
      vertex -40 63.099999999999994 10.15
    endloop
  endfacet
  facet normal 0 -1 0
    outer loop
      vertex -41 63.099999999999994 3.5
      vertex -40 63.099999999999994 10.15
      vertex -39.98288971930742 63.099999999999994 10.411052384972573
    endloop
  endfacet
  facet normal 1 0 0
    outer loop
      vertex -41 61.4 3.5
      vertex -41 61.4 7.6595744680851
      vertex -41 58.4 15
    endloop
  endfacet
  facet normal 1 0 0
    outer loop
      vertex -41 63.099999999999994 3.5
      vertex -41 63.099999999999994 15
      vertex -41 61.4 7.6595744680851
    endloop
  endfacet
  facet normal 0 -1 0
    outer loop
      vertex -41 63.099999999999994 3.5
      vertex -39.98288971930742 63.099999999999994 10.411052384972573
      vertex -41 63.099999999999994 15
    endloop
  endfacet
  facet normal 1 0 0
    outer loop
      vertex -41 61.4 7.6595744680851
      vertex -41 63.099999999999994 15
      vertex -41 61.4 15
    endloop
  endfacet
  facet normal 0 -1 0
    outer loop
      vertex -39.98288971930742 63.099999999999994 10.411052384972573
      vertex -39.93185165524483 63.099999999999994 10.667638087272644
      vertex -41 63.099999999999994 15
    endloop
  endfacet
  facet normal 0 -1 0
    outer loop
      vertex -39.93185165524483 63.099999999999994 10.667638087272644
      vertex -39.84775906801224 63.099999999999994 10.91536686718464
      vertex -41 63.099999999999994 15
    endloop
  endfacet
  facet normal 0 -1 0
    outer loop
      vertex -39.84775906801224 63.099999999999994 10.91536686718464
      vertex -39.73205080628395 63.099999999999994 11.15
      vertex -41 63.099999999999994 15
    endloop
  endfacet
  facet normal 0 -1 0
    outer loop
      vertex -39.73205080628395 63.099999999999994 11.15
      vertex -39.586706683039665 63.099999999999994 11.367522859573365
      vertex -41 63.099999999999994 15
    endloop
  endfacet
  facet normal 0 -1 0
    outer loop
      vertex -39.586706683039665 63.099999999999994 11.367522859573365
      vertex -39.4142135605216 63.099999999999994 11.564213560521603
      vertex -41 63.099999999999994 15
    endloop
  endfacet
  facet normal 0 -1 0
    outer loop
      vertex -39.4142135605216 63.099999999999994 11.564213560521603
      vertex -39.217522859573364 63.099999999999994 11.736706683039666
      vertex -41 63.099999999999994 15
    endloop
  endfacet
  facet normal 0 -1 0
    outer loop
      vertex -39.217522859573364 63.099999999999994 11.736706683039666
      vertex -39 63.099999999999994 11.882050806283951
      vertex -41 63.099999999999994 15
    endloop
  endfacet
  facet normal 0 -1 0
    outer loop
      vertex -39 63.099999999999994 11.882050806283951
      vertex -38.76536686718464 63.099999999999994 11.997759068012238
      vertex -41 63.099999999999994 15
    endloop
  endfacet
  facet normal 0 -1 0
    outer loop
      vertex -38.76536686718464 63.099999999999994 11.997759068012238
      vertex -38.517638087272644 63.099999999999994 12.081851655244828
      vertex -41 63.099999999999994 15
    endloop
  endfacet
  facet normal 0 -1 0
    outer loop
      vertex -38.517638087272644 63.099999999999994 12.081851655244828
      vertex -38.26105238497257 63.099999999999994 12.132889719307423
      vertex -41 63.099999999999994 15
    endloop
  endfacet
  facet normal 0 -1 0
    outer loop
      vertex -38.26105238497257 63.099999999999994 12.132889719307423
      vertex -38 63.099999999999994 12.15
      vertex -41 63.099999999999994 15
    endloop
  endfacet
  facet normal 0 -1 0
    outer loop
      vertex -38 63.099999999999994 12.15
      vertex 38 63.099999999999994 12.15
      vertex -41 63.099999999999994 15
    endloop
  endfacet
  facet normal 0 0 1
    outer loop
      vertex -41 61.4 3.5
      vertex 41 61.4 3.5
      vertex 41 63.099999999999994 3.5
    endloop
  endfacet
  facet normal 0 -1 0
    outer loop
      vertex -41 63.099999999999994 3.5
      vertex 41 63.099999999999994 3.5
      vertex 38 63.099999999999994 3.6500000000000004
    endloop
  endfacet
  facet normal 0 -1 0
    outer loop
      vertex 38 63.099999999999994 3.6500000000000004
      vertex 41 63.099999999999994 3.5
      vertex 38.26105238497257 63.099999999999994 3.6671102806925777
    endloop
  endfacet
  facet normal 0 -1 0
    outer loop
      vertex 38.26105238497257 63.099999999999994 3.6671102806925777
      vertex 41 63.099999999999994 3.5
      vertex 38.517638087272644 63.099999999999994 3.718148344755173
    endloop
  endfacet
  facet normal 0 -1 0
    outer loop
      vertex 38.517638087272644 63.099999999999994 3.718148344755173
      vertex 41 63.099999999999994 3.5
      vertex 38.76536686718464 63.099999999999994 3.802240931987763
    endloop
  endfacet
  facet normal 0 -1 0
    outer loop
      vertex 38.76536686718464 63.099999999999994 3.802240931987763
      vertex 41 63.099999999999994 3.5
      vertex 39 63.099999999999994 3.9179491937160495
    endloop
  endfacet
  facet normal 0 -1 0
    outer loop
      vertex 39 63.099999999999994 3.9179491937160495
      vertex 41 63.099999999999994 3.5
      vertex 39.217522859573364 63.099999999999994 4.063293316960335
    endloop
  endfacet
  facet normal 0 -1 0
    outer loop
      vertex 41 63.099999999999994 3.5
      vertex 39.4142135605216 63.099999999999994 4.235786439478398
      vertex 39.217522859573364 63.099999999999994 4.063293316960335
    endloop
  endfacet
  facet normal 0 -1 0
    outer loop
      vertex 41 63.099999999999994 3.5
      vertex 39.586706683039665 63.099999999999994 4.432477140426636
      vertex 39.4142135605216 63.099999999999994 4.235786439478398
    endloop
  endfacet
  facet normal 0 -1 0
    outer loop
      vertex 41 63.099999999999994 3.5
      vertex 39.73205080628395 63.099999999999994 4.65
      vertex 39.586706683039665 63.099999999999994 4.432477140426636
    endloop
  endfacet
  facet normal 0 -1 0
    outer loop
      vertex 41 63.099999999999994 3.5
      vertex 39.84775906801224 63.099999999999994 4.884633132815361
      vertex 39.73205080628395 63.099999999999994 4.65
    endloop
  endfacet
  facet normal 0 -1 0
    outer loop
      vertex 41 63.099999999999994 3.5
      vertex 39.93185165524483 63.099999999999994 5.132361912727356
      vertex 39.84775906801224 63.099999999999994 4.884633132815361
    endloop
  endfacet
  facet normal 0 -1 0
    outer loop
      vertex 41 63.099999999999994 3.5
      vertex 39.98288971930742 63.099999999999994 5.388947615027428
      vertex 39.93185165524483 63.099999999999994 5.132361912727356
    endloop
  endfacet
  facet normal 0 -1 0
    outer loop
      vertex 41 63.099999999999994 3.5
      vertex 40 63.099999999999994 5.65
      vertex 39.98288971930742 63.099999999999994 5.388947615027428
    endloop
  endfacet
  facet normal 0 -1 0
    outer loop
      vertex 41 63.099999999999994 3.5
      vertex 40 63.099999999999994 10.15
      vertex 40 63.099999999999994 5.65
    endloop
  endfacet
  facet normal -1 0 0
    outer loop
      vertex 41 61.4 3.5
      vertex 41 63.099999999999994 15
      vertex 41 63.099999999999994 3.5
    endloop
  endfacet
  facet normal 0 -1 0
    outer loop
      vertex 41 63.099999999999994 3.5
      vertex 39.98288971930742 63.099999999999994 10.411052384972573
      vertex 40 63.099999999999994 10.15
    endloop
  endfacet
  facet normal 0 -1 0
    outer loop
      vertex 41 63.099999999999994 3.5
      vertex 41 63.099999999999994 15
      vertex 39.98288971930742 63.099999999999994 10.411052384972573
    endloop
  endfacet
  facet normal -1 0 0
    outer loop
      vertex 41 61.4 3.5
      vertex 41 61.4 15
      vertex 41 63.099999999999994 15
    endloop
  endfacet
  facet normal 0 -1 0
    outer loop
      vertex 39.98288971930742 63.099999999999994 10.411052384972573
      vertex 41 63.099999999999994 15
      vertex 39.93185165524483 63.099999999999994 10.667638087272644
    endloop
  endfacet
  facet normal 0 -1 0
    outer loop
      vertex 39.93185165524483 63.099999999999994 10.667638087272644
      vertex 41 63.099999999999994 15
      vertex 39.84775906801224 63.099999999999994 10.91536686718464
    endloop
  endfacet
  facet normal 0 -1 0
    outer loop
      vertex 39.84775906801224 63.099999999999994 10.91536686718464
      vertex 41 63.099999999999994 15
      vertex 39.73205080628395 63.099999999999994 11.15
    endloop
  endfacet
  facet normal 0 -1 0
    outer loop
      vertex 39.73205080628395 63.099999999999994 11.15
      vertex 41 63.099999999999994 15
      vertex 39.586706683039665 63.099999999999994 11.367522859573365
    endloop
  endfacet
  facet normal 0 -1 0
    outer loop
      vertex 39.586706683039665 63.099999999999994 11.367522859573365
      vertex 41 63.099999999999994 15
      vertex 39.4142135605216 63.099999999999994 11.564213560521603
    endloop
  endfacet
  facet normal 0 -1 0
    outer loop
      vertex -41 63.099999999999994 15
      vertex 38 63.099999999999994 12.15
      vertex 41 63.099999999999994 15
    endloop
  endfacet
  facet normal 0 -1 0
    outer loop
      vertex 39.217522859573364 63.099999999999994 11.736706683039666
      vertex 41 63.099999999999994 15
      vertex 39 63.099999999999994 11.882050806283951
    endloop
  endfacet
  facet normal 0 -1 0
    outer loop
      vertex 39 63.099999999999994 11.882050806283951
      vertex 41 63.099999999999994 15
      vertex 38.76536686718464 63.099999999999994 11.997759068012238
    endloop
  endfacet
  facet normal 0 -1 0
    outer loop
      vertex 38.517638087272644 63.099999999999994 12.081851655244828
      vertex 38.76536686718464 63.099999999999994 11.997759068012238
      vertex 41 63.099999999999994 15
    endloop
  endfacet
  facet normal 0 -1 0
    outer loop
      vertex 38.517638087272644 63.099999999999994 12.081851655244828
      vertex 41 63.099999999999994 15
      vertex 38.26105238497257 63.099999999999994 12.132889719307423
    endloop
  endfacet
  facet normal 0 -1 0
    outer loop
      vertex 38 63.099999999999994 12.15
      vertex 38.26105238497257 63.099999999999994 12.132889719307423
      vertex 41 63.099999999999994 15
    endloop
  endfacet
  facet normal 0 -1 0
    outer loop
      vertex 39.217522859573364 63.099999999999994 11.736706683039666
      vertex 39.4142135605216 63.099999999999994 11.564213560521603
      vertex 41 63.099999999999994 15
    endloop
  endfacet
  facet normal 0.19509030209549946 0 0.9807852843656897
    outer loop
      vertex -38.517638087272644 63.099999999999994 3.718148344755173
      vertex -38.26105238497257 63.099999999999994 3.6671102806925777
      vertex -38.26105238497257 65.1 3.6671102806925777
    endloop
  endfacet
  facet normal 0.06540314219103631 0 0.9978589223891017
    outer loop
      vertex -38.26105238497257 63.099999999999994 3.6671102806925777
      vertex -38 63.099999999999994 3.6500000000000004
      vertex -38 65.1 3.6500000000000004
    endloop
  endfacet
  facet normal 0.19509030209549946 0 0.9807852843656897
    outer loop
      vertex -38.517638087272644 63.099999999999994 3.718148344755173
      vertex -38.26105238497257 65.1 3.6671102806925777
      vertex -38.517638087272644 65.1 3.718148344755173
    endloop
  endfacet
  facet normal 0.06540314219103631 0 0.9978589223891017
    outer loop
      vertex -38.26105238497257 63.099999999999994 3.6671102806925777
      vertex -38 65.1 3.6500000000000004
      vertex -38.26105238497257 65.1 3.6671102806925777
    endloop
  endfacet
  facet normal 0.32143945792867507 0 0.9469301319984066
    outer loop
      vertex -38.76536686718464 63.099999999999994 3.802240931987763
      vertex -38.517638087272644 63.099999999999994 3.718148344755173
      vertex -38.517638087272644 65.1 3.718148344755173
    endloop
  endfacet
  facet normal 0.4422887070837332 0 0.8968727332159228
    outer loop
      vertex -38.76536686718464 63.099999999999994 3.802240931987763
      vertex -38.76536686718464 65.1 3.802240931987763
      vertex -39 63.099999999999994 3.9179491937160495
    endloop
  endfacet
  facet normal 0.5555702203832522 0 0.8314696207458844
    outer loop
      vertex -39 63.099999999999994 3.9179491937160495
      vertex -39 65.1 3.9179491937160495
      vertex -39.217522859573364 63.099999999999994 4.063293316960335
    endloop
  endfacet
  facet normal 0.6593458308664175 0 0.7518397936522605
    outer loop
      vertex -39.4142135605216 63.099999999999994 4.235786439478398
      vertex -39.217522859573364 63.099999999999994 4.063293316960335
      vertex -39.217522859573364 65.1 4.063293316960335
    endloop
  endfacet
  facet normal 0.32143945792867507 0 0.9469301319984066
    outer loop
      vertex -38.76536686718464 63.099999999999994 3.802240931987763
      vertex -38.517638087272644 65.1 3.718148344755173
      vertex -38.76536686718464 65.1 3.802240931987763
    endloop
  endfacet
  facet normal 0.4422887070837332 0 0.8968727332159228
    outer loop
      vertex -39 63.099999999999994 3.9179491937160495
      vertex -38.76536686718464 65.1 3.802240931987763
      vertex -39 65.1 3.9179491937160495
    endloop
  endfacet
  facet normal 0.5555702203832522 0 0.8314696207458844
    outer loop
      vertex -39 65.1 3.9179491937160495
      vertex -39.217522859573364 65.1 4.063293316960335
      vertex -39.217522859573364 63.099999999999994 4.063293316960335
    endloop
  endfacet
  facet normal 0.6593458308664175 0 0.7518397936522605
    outer loop
      vertex -39.4142135605216 63.099999999999994 4.235786439478398
      vertex -39.217522859573364 65.1 4.063293316960335
      vertex -39.4142135605216 65.1 4.235786439478398
    endloop
  endfacet
  facet normal 0 0 1
    outer loop
      vertex -38 63.099999999999994 3.6500000000000004
      vertex 38 65.1 3.6500000000000004
      vertex -38 65.1 3.6500000000000004
    endloop
  endfacet
  facet normal 0.7518397936522605 0 0.6593458308664175
    outer loop
      vertex -39.4142135605216 63.099999999999994 4.235786439478398
      vertex -39.4142135605216 65.1 4.235786439478398
      vertex -39.586706683039665 63.099999999999994 4.432477140426636
    endloop
  endfacet
  facet normal 0.8314696207458844 0 0.5555702203832522
    outer loop
      vertex -39.586706683039665 63.099999999999994 4.432477140426636
      vertex -39.586706683039665 65.1 4.432477140426636
      vertex -39.73205080628395 63.099999999999994 4.65
    endloop
  endfacet
  facet normal 0.8968727332159228 0 0.4422887070837332
    outer loop
      vertex -39.73205080628395 63.099999999999994 4.65
      vertex -39.73205080628395 65.1 4.65
      vertex -39.84775906801224 63.099999999999994 4.884633132815361
    endloop
  endfacet
  facet normal 0.7518397936522605 0 0.6593458308664175
    outer loop
      vertex -39.586706683039665 63.099999999999994 4.432477140426636
      vertex -39.4142135605216 65.1 4.235786439478398
      vertex -39.586706683039665 65.1 4.432477140426636
    endloop
  endfacet
  facet normal 0.8314696207458844 0 0.5555702203832522
    outer loop
      vertex -39.73205080628395 63.099999999999994 4.65
      vertex -39.586706683039665 65.1 4.432477140426636
      vertex -39.73205080628395 65.1 4.65
    endloop
  endfacet
  facet normal 0.9469301319984066 0 0.32143945792867507
    outer loop
      vertex -39.84775906801224 63.099999999999994 4.884633132815361
      vertex -39.84775906801224 65.1 4.884633132815361
      vertex -39.93185165524483 63.099999999999994 5.132361912727356
    endloop
  endfacet
  facet normal 0.9807852843656897 0 0.19509030209549946
    outer loop
      vertex -39.93185165524483 63.099999999999994 5.132361912727356
      vertex -39.93185165524483 65.1 5.132361912727356
      vertex -39.98288971930742 63.099999999999994 5.388947615027428
    endloop
  endfacet
  facet normal 0.9469301319984066 0 0.32143945792867507
    outer loop
      vertex -39.84775906801224 65.1 4.884633132815361
      vertex -39.93185165524483 65.1 5.132361912727356
      vertex -39.93185165524483 63.099999999999994 5.132361912727356
    endloop
  endfacet
  facet normal 0.9807852843656897 0 0.19509030209549946
    outer loop
      vertex -39.98288971930742 63.099999999999994 5.388947615027428
      vertex -39.93185165524483 65.1 5.132361912727356
      vertex -39.98288971930742 65.1 5.388947615027428
    endloop
  endfacet
  facet normal 0.8968727332159228 0 0.4422887070837332
    outer loop
      vertex -39.84775906801224 63.099999999999994 4.884633132815361
      vertex -39.73205080628395 65.1 4.65
      vertex -39.84775906801224 65.1 4.884633132815361
    endloop
  endfacet
  facet normal 0.9978589223891017 0 0.06540314219103631
    outer loop
      vertex -39.98288971930742 63.099999999999994 5.388947615027428
      vertex -39.98288971930742 65.1 5.388947615027428
      vertex -40 63.099999999999994 5.65
    endloop
  endfacet
  facet normal 0.9978589223891017 0 0.06540314219103631
    outer loop
      vertex -40 63.099999999999994 5.65
      vertex -39.98288971930742 65.1 5.388947615027428
      vertex -40 65.1 5.65
    endloop
  endfacet
  facet normal 1 0 0
    outer loop
      vertex -40 63.099999999999994 5.65
      vertex -40 65.1 5.65
      vertex -40 63.099999999999994 10.15
    endloop
  endfacet
  facet normal 1 0 0
    outer loop
      vertex -40 65.1 5.65
      vertex -40 65.1 10.15
      vertex -40 63.099999999999994 10.15
    endloop
  endfacet
  facet normal 0.9978589223891017 0 -0.06540314219103631
    outer loop
      vertex -40 63.099999999999994 10.15
      vertex -40 65.1 10.15
      vertex -39.98288971930742 63.099999999999994 10.411052384972573
    endloop
  endfacet
  facet normal 0.9807852843656897 0 -0.19509030209549946
    outer loop
      vertex -39.98288971930742 63.099999999999994 10.411052384972573
      vertex -39.98288971930742 65.1 10.411052384972573
      vertex -39.93185165524483 63.099999999999994 10.667638087272644
    endloop
  endfacet
  facet normal 0.9978589223891017 0 -0.06540314219103631
    outer loop
      vertex -39.98288971930742 63.099999999999994 10.411052384972573
      vertex -40 65.1 10.15
      vertex -39.98288971930742 65.1 10.411052384972573
    endloop
  endfacet
  facet normal 0.9807852843656897 0 -0.19509030209549946
    outer loop
      vertex -39.93185165524483 63.099999999999994 10.667638087272644
      vertex -39.98288971930742 65.1 10.411052384972573
      vertex -39.93185165524483 65.1 10.667638087272644
    endloop
  endfacet
  facet normal 0.9469301319984066 0 -0.32143945792867507
    outer loop
      vertex -39.93185165524483 63.099999999999994 10.667638087272644
      vertex -39.93185165524483 65.1 10.667638087272644
      vertex -39.84775906801224 63.099999999999994 10.91536686718464
    endloop
  endfacet
  facet normal 0.9469301319984066 0 -0.32143945792867507
    outer loop
      vertex -39.84775906801224 63.099999999999994 10.91536686718464
      vertex -39.93185165524483 65.1 10.667638087272644
      vertex -39.84775906801224 65.1 10.91536686718464
    endloop
  endfacet
  facet normal 0.8968727332159228 0 -0.4422887070837332
    outer loop
      vertex -39.84775906801224 63.099999999999994 10.91536686718464
      vertex -39.84775906801224 65.1 10.91536686718464
      vertex -39.73205080628395 63.099999999999994 11.15
    endloop
  endfacet
  facet normal 0.8968727332159228 0 -0.4422887070837332
    outer loop
      vertex -39.84775906801224 65.1 10.91536686718464
      vertex -39.73205080628395 65.1 11.15
      vertex -39.73205080628395 63.099999999999994 11.15
    endloop
  endfacet
  facet normal 0.8314696207458844 0 -0.5555702203832522
    outer loop
      vertex -39.73205080628395 63.099999999999994 11.15
      vertex -39.73205080628395 65.1 11.15
      vertex -39.586706683039665 63.099999999999994 11.367522859573365
    endloop
  endfacet
  facet normal 0.7518397936522605 0 -0.6593458308664175
    outer loop
      vertex -39.586706683039665 63.099999999999994 11.367522859573365
      vertex -39.586706683039665 65.1 11.367522859573365
      vertex -39.4142135605216 63.099999999999994 11.564213560521603
    endloop
  endfacet
  facet normal 0.6593458308664175 0 -0.7518397936522605
    outer loop
      vertex -39.4142135605216 63.099999999999994 11.564213560521603
      vertex -39.4142135605216 65.1 11.564213560521603
      vertex -39.217522859573364 63.099999999999994 11.736706683039666
    endloop
  endfacet
  facet normal 0.8314696207458844 0 -0.5555702203832522
    outer loop
      vertex -39.586706683039665 63.099999999999994 11.367522859573365
      vertex -39.73205080628395 65.1 11.15
      vertex -39.586706683039665 65.1 11.367522859573365
    endloop
  endfacet
  facet normal 0.7518397936522605 0 -0.6593458308664175
    outer loop
      vertex -39.4142135605216 63.099999999999994 11.564213560521603
      vertex -39.586706683039665 65.1 11.367522859573365
      vertex -39.4142135605216 65.1 11.564213560521603
    endloop
  endfacet
  facet normal 0.6593458308664175 0 -0.7518397936522605
    outer loop
      vertex -39.217522859573364 63.099999999999994 11.736706683039666
      vertex -39.4142135605216 65.1 11.564213560521603
      vertex -39.217522859573364 65.1 11.736706683039666
    endloop
  endfacet
  facet normal 0.5555702203832522 0 -0.8314696207458844
    outer loop
      vertex -39.217522859573364 63.099999999999994 11.736706683039666
      vertex -39.217522859573364 65.1 11.736706683039666
      vertex -39 63.099999999999994 11.882050806283951
    endloop
  endfacet
  facet normal 0.4422887070837332 0 -0.8968727332159228
    outer loop
      vertex -39 63.099999999999994 11.882050806283951
      vertex -39 65.1 11.882050806283951
      vertex -38.76536686718464 63.099999999999994 11.997759068012238
    endloop
  endfacet
  facet normal 0.32143945792867507 0 -0.9469301319984066
    outer loop
      vertex -38.76536686718464 63.099999999999994 11.997759068012238
      vertex -38.76536686718464 65.1 11.997759068012238
      vertex -38.517638087272644 63.099999999999994 12.081851655244828
    endloop
  endfacet
  facet normal 0.19509030209549946 0 -0.9807852843656897
    outer loop
      vertex -38.517638087272644 63.099999999999994 12.081851655244828
      vertex -38.517638087272644 65.1 12.081851655244828
      vertex -38.26105238497257 63.099999999999994 12.132889719307423
    endloop
  endfacet
  facet normal 0.06540314219103631 0 -0.9978589223891017
    outer loop
      vertex -38.26105238497257 63.099999999999994 12.132889719307423
      vertex -38.26105238497257 65.1 12.132889719307423
      vertex -38 63.099999999999994 12.15
    endloop
  endfacet
  facet normal 0.5555702203832522 0 -0.8314696207458844
    outer loop
      vertex -39 63.099999999999994 11.882050806283951
      vertex -39.217522859573364 65.1 11.736706683039666
      vertex -39 65.1 11.882050806283951
    endloop
  endfacet
  facet normal 0.4422887070837332 0 -0.8968727332159228
    outer loop
      vertex -39 65.1 11.882050806283951
      vertex -38.76536686718464 65.1 11.997759068012238
      vertex -38.76536686718464 63.099999999999994 11.997759068012238
    endloop
  endfacet
  facet normal 0.32143945792867507 0 -0.9469301319984066
    outer loop
      vertex -38.76536686718464 65.1 11.997759068012238
      vertex -38.517638087272644 65.1 12.081851655244828
      vertex -38.517638087272644 63.099999999999994 12.081851655244828
    endloop
  endfacet
  facet normal 0.19509030209549946 0 -0.9807852843656897
    outer loop
      vertex -38.26105238497257 63.099999999999994 12.132889719307423
      vertex -38.517638087272644 65.1 12.081851655244828
      vertex -38.26105238497257 65.1 12.132889719307423
    endloop
  endfacet
  facet normal 0.06540314219103631 0 -0.9978589223891017
    outer loop
      vertex -38 63.099999999999994 12.15
      vertex -38.26105238497257 65.1 12.132889719307423
      vertex -38 65.1 12.15
    endloop
  endfacet
  facet normal 0 0 -1
    outer loop
      vertex -38 63.099999999999994 12.15
      vertex -38 65.1 12.15
      vertex 38 63.099999999999994 12.15
    endloop
  endfacet
  facet normal 0 0 1
    outer loop
      vertex -38 63.099999999999994 3.6500000000000004
      vertex 38 63.099999999999994 3.6500000000000004
      vertex 38 65.1 3.6500000000000004
    endloop
  endfacet
  facet normal -0.06540314219103631 0 0.9978589223891017
    outer loop
      vertex 38 63.099999999999994 3.6500000000000004
      vertex 38.26105238497257 63.099999999999994 3.6671102806925777
      vertex 38.26105238497257 65.1 3.6671102806925777
    endloop
  endfacet
  facet normal -0.19509030209549946 0 0.9807852843656897
    outer loop
      vertex 38.26105238497257 63.099999999999994 3.6671102806925777
      vertex 38.517638087272644 63.099999999999994 3.718148344755173
      vertex 38.517638087272644 65.1 3.718148344755173
    endloop
  endfacet
  facet normal -0.06540314219103631 0 0.9978589223891017
    outer loop
      vertex 38 63.099999999999994 3.6500000000000004
      vertex 38.26105238497257 65.1 3.6671102806925777
      vertex 38 65.1 3.6500000000000004
    endloop
  endfacet
  facet normal -0.19509030209549946 0 0.9807852843656897
    outer loop
      vertex 38.26105238497257 63.099999999999994 3.6671102806925777
      vertex 38.517638087272644 65.1 3.718148344755173
      vertex 38.26105238497257 65.1 3.6671102806925777
    endloop
  endfacet
  facet normal -0.32143945792867507 0 0.9469301319984066
    outer loop
      vertex 38.517638087272644 63.099999999999994 3.718148344755173
      vertex 38.76536686718464 63.099999999999994 3.802240931987763
      vertex 38.76536686718464 65.1 3.802240931987763
    endloop
  endfacet
  facet normal -0.4422887070837332 0 0.8968727332159228
    outer loop
      vertex 38.76536686718464 63.099999999999994 3.802240931987763
      vertex 39 63.099999999999994 3.9179491937160495
      vertex 39 65.1 3.9179491937160495
    endloop
  endfacet
  facet normal -0.5555702203832522 0 0.8314696207458844
    outer loop
      vertex 39 63.099999999999994 3.9179491937160495
      vertex 39.217522859573364 63.099999999999994 4.063293316960335
      vertex 39.217522859573364 65.1 4.063293316960335
    endloop
  endfacet
  facet normal -0.6593458308664175 0 0.7518397936522605
    outer loop
      vertex 39.217522859573364 63.099999999999994 4.063293316960335
      vertex 39.4142135605216 63.099999999999994 4.235786439478398
      vertex 39.4142135605216 65.1 4.235786439478398
    endloop
  endfacet
  facet normal -0.32143945792867507 0 0.9469301319984066
    outer loop
      vertex 38.517638087272644 63.099999999999994 3.718148344755173
      vertex 38.76536686718464 65.1 3.802240931987763
      vertex 38.517638087272644 65.1 3.718148344755173
    endloop
  endfacet
  facet normal -0.4422887070837332 0 0.8968727332159228
    outer loop
      vertex 38.76536686718464 63.099999999999994 3.802240931987763
      vertex 39 65.1 3.9179491937160495
      vertex 38.76536686718464 65.1 3.802240931987763
    endloop
  endfacet
  facet normal -0.5555702203832522 0 0.8314696207458844
    outer loop
      vertex 39 63.099999999999994 3.9179491937160495
      vertex 39.217522859573364 65.1 4.063293316960335
      vertex 39 65.1 3.9179491937160495
    endloop
  endfacet
  facet normal -0.6593458308664175 0 0.7518397936522605
    outer loop
      vertex 39.217522859573364 63.099999999999994 4.063293316960335
      vertex 39.4142135605216 65.1 4.235786439478398
      vertex 39.217522859573364 65.1 4.063293316960335
    endloop
  endfacet
  facet normal -0.7518397936522605 0 0.6593458308664175
    outer loop
      vertex 39.4142135605216 63.099999999999994 4.235786439478398
      vertex 39.586706683039665 63.099999999999994 4.432477140426636
      vertex 39.586706683039665 65.1 4.432477140426636
    endloop
  endfacet
  facet normal -0.8314696207458844 0 0.5555702203832522
    outer loop
      vertex 39.586706683039665 63.099999999999994 4.432477140426636
      vertex 39.73205080628395 63.099999999999994 4.65
      vertex 39.73205080628395 65.1 4.65
    endloop
  endfacet
  facet normal -0.7518397936522605 0 0.6593458308664175
    outer loop
      vertex 39.4142135605216 63.099999999999994 4.235786439478398
      vertex 39.586706683039665 65.1 4.432477140426636
      vertex 39.4142135605216 65.1 4.235786439478398
    endloop
  endfacet
  facet normal -0.8314696207458844 0 0.5555702203832522
    outer loop
      vertex 39.586706683039665 63.099999999999994 4.432477140426636
      vertex 39.73205080628395 65.1 4.65
      vertex 39.586706683039665 65.1 4.432477140426636
    endloop
  endfacet
  facet normal -0.8968727332159228 0 0.4422887070837332
    outer loop
      vertex 39.73205080628395 63.099999999999994 4.65
      vertex 39.84775906801224 65.1 4.884633132815361
      vertex 39.73205080628395 65.1 4.65
    endloop
  endfacet
  facet normal -0.8968727332159228 0 0.4422887070837332
    outer loop
      vertex 39.73205080628395 63.099999999999994 4.65
      vertex 39.84775906801224 63.099999999999994 4.884633132815361
      vertex 39.84775906801224 65.1 4.884633132815361
    endloop
  endfacet
  facet normal -0.9469301319984066 0 0.32143945792867507
    outer loop
      vertex 39.84775906801224 63.099999999999994 4.884633132815361
      vertex 39.93185165524483 63.099999999999994 5.132361912727356
      vertex 39.93185165524483 65.1 5.132361912727356
    endloop
  endfacet
  facet normal -0.9807852843656897 0 0.19509030209549946
    outer loop
      vertex 39.93185165524483 63.099999999999994 5.132361912727356
      vertex 39.98288971930742 63.099999999999994 5.388947615027428
      vertex 39.98288971930742 65.1 5.388947615027428
    endloop
  endfacet
  facet normal -0.9469301319984066 0 0.32143945792867507
    outer loop
      vertex 39.84775906801224 63.099999999999994 4.884633132815361
      vertex 39.93185165524483 65.1 5.132361912727356
      vertex 39.84775906801224 65.1 4.884633132815361
    endloop
  endfacet
  facet normal -0.9807852843656897 0 0.19509030209549946
    outer loop
      vertex 39.93185165524483 63.099999999999994 5.132361912727356
      vertex 39.98288971930742 65.1 5.388947615027428
      vertex 39.93185165524483 65.1 5.132361912727356
    endloop
  endfacet
  facet normal -0.9978589223891017 0 0.06540314219103631
    outer loop
      vertex 39.98288971930742 63.099999999999994 5.388947615027428
      vertex 40 63.099999999999994 5.65
      vertex 40 65.1 5.65
    endloop
  endfacet
  facet normal -0.9978589223891017 0 0.06540314219103631
    outer loop
      vertex 39.98288971930742 63.099999999999994 5.388947615027428
      vertex 40 65.1 5.65
      vertex 39.98288971930742 65.1 5.388947615027428
    endloop
  endfacet
  facet normal -1 0 0
    outer loop
      vertex 40 63.099999999999994 5.65
      vertex 40 65.1 10.15
      vertex 40 65.1 5.65
    endloop
  endfacet
  facet normal 0 0 -1
    outer loop
      vertex -38 65.1 12.15
      vertex 38 65.1 12.15
      vertex 38 63.099999999999994 12.15
    endloop
  endfacet
  facet normal -1 0 0
    outer loop
      vertex 40 63.099999999999994 5.65
      vertex 40 63.099999999999994 10.15
      vertex 40 65.1 10.15
    endloop
  endfacet
  facet normal -0.9978589223891017 0 -0.06540314219103631
    outer loop
      vertex 40 63.099999999999994 10.15
      vertex 39.98288971930742 63.099999999999994 10.411052384972573
      vertex 39.98288971930742 65.1 10.411052384972573
    endloop
  endfacet
  facet normal -0.9807852843656897 0 -0.19509030209549946
    outer loop
      vertex 39.98288971930742 63.099999999999994 10.411052384972573
      vertex 39.93185165524483 63.099999999999994 10.667638087272644
      vertex 39.93185165524483 65.1 10.667638087272644
    endloop
  endfacet
  facet normal -0.9978589223891017 0 -0.06540314219103631
    outer loop
      vertex 40 63.099999999999994 10.15
      vertex 39.98288971930742 65.1 10.411052384972573
      vertex 40 65.1 10.15
    endloop
  endfacet
  facet normal -0.9807852843656897 0 -0.19509030209549946
    outer loop
      vertex 39.98288971930742 63.099999999999994 10.411052384972573
      vertex 39.93185165524483 65.1 10.667638087272644
      vertex 39.98288971930742 65.1 10.411052384972573
    endloop
  endfacet
  facet normal -0.8968727332159228 0 -0.4422887070837332
    outer loop
      vertex 39.84775906801224 63.099999999999994 10.91536686718464
      vertex 39.73205080628395 63.099999999999994 11.15
      vertex 39.73205080628395 65.1 11.15
    endloop
  endfacet
  facet normal -0.8968727332159228 0 -0.4422887070837332
    outer loop
      vertex 39.84775906801224 63.099999999999994 10.91536686718464
      vertex 39.73205080628395 65.1 11.15
      vertex 39.84775906801224 65.1 10.91536686718464
    endloop
  endfacet
  facet normal -0.9469301319984066 0 -0.32143945792867507
    outer loop
      vertex 39.93185165524483 63.099999999999994 10.667638087272644
      vertex 39.84775906801224 63.099999999999994 10.91536686718464
      vertex 39.84775906801224 65.1 10.91536686718464
    endloop
  endfacet
  facet normal -0.9469301319984066 0 -0.32143945792867507
    outer loop
      vertex 39.93185165524483 63.099999999999994 10.667638087272644
      vertex 39.84775906801224 65.1 10.91536686718464
      vertex 39.93185165524483 65.1 10.667638087272644
    endloop
  endfacet
  facet normal -0.8314696207458844 0 -0.5555702203832522
    outer loop
      vertex 39.73205080628395 63.099999999999994 11.15
      vertex 39.586706683039665 63.099999999999994 11.367522859573365
      vertex 39.586706683039665 65.1 11.367522859573365
    endloop
  endfacet
  facet normal -0.7518397936522605 0 -0.6593458308664175
    outer loop
      vertex 39.586706683039665 63.099999999999994 11.367522859573365
      vertex 39.4142135605216 63.099999999999994 11.564213560521603
      vertex 39.4142135605216 65.1 11.564213560521603
    endloop
  endfacet
  facet normal -0.6593458308664175 0 -0.7518397936522605
    outer loop
      vertex 39.217522859573364 63.099999999999994 11.736706683039666
      vertex 39.217522859573364 65.1 11.736706683039666
      vertex 39.4142135605216 63.099999999999994 11.564213560521603
    endloop
  endfacet
  facet normal -0.8314696207458844 0 -0.5555702203832522
    outer loop
      vertex 39.73205080628395 63.099999999999994 11.15
      vertex 39.586706683039665 65.1 11.367522859573365
      vertex 39.73205080628395 65.1 11.15
    endloop
  endfacet
  facet normal -0.7518397936522605 0 -0.6593458308664175
    outer loop
      vertex 39.586706683039665 63.099999999999994 11.367522859573365
      vertex 39.4142135605216 65.1 11.564213560521603
      vertex 39.586706683039665 65.1 11.367522859573365
    endloop
  endfacet
  facet normal -0.6593458308664175 0 -0.7518397936522605
    outer loop
      vertex 39.4142135605216 63.099999999999994 11.564213560521603
      vertex 39.217522859573364 65.1 11.736706683039666
      vertex 39.4142135605216 65.1 11.564213560521603
    endloop
  endfacet
  facet normal -0.5555702203832522 0 -0.8314696207458844
    outer loop
      vertex 39.217522859573364 63.099999999999994 11.736706683039666
      vertex 39 63.099999999999994 11.882050806283951
      vertex 39 65.1 11.882050806283951
    endloop
  endfacet
  facet normal -0.06540314219103631 0 -0.9978589223891017
    outer loop
      vertex 38 63.099999999999994 12.15
      vertex 38 65.1 12.15
      vertex 38.26105238497257 63.099999999999994 12.132889719307423
    endloop
  endfacet
  facet normal -0.4422887070837332 0 -0.8968727332159228
    outer loop
      vertex 39 63.099999999999994 11.882050806283951
      vertex 38.76536686718464 63.099999999999994 11.997759068012238
      vertex 38.76536686718464 65.1 11.997759068012238
    endloop
  endfacet
  facet normal -0.32143945792867507 0 -0.9469301319984066
    outer loop
      vertex 38.517638087272644 63.099999999999994 12.081851655244828
      vertex 38.517638087272644 65.1 12.081851655244828
      vertex 38.76536686718464 63.099999999999994 11.997759068012238
    endloop
  endfacet
  facet normal -0.19509030209549946 0 -0.9807852843656897
    outer loop
      vertex 38.517638087272644 63.099999999999994 12.081851655244828
      vertex 38.26105238497257 63.099999999999994 12.132889719307423
      vertex 38.26105238497257 65.1 12.132889719307423
    endloop
  endfacet
  facet normal -0.5555702203832522 0 -0.8314696207458844
    outer loop
      vertex 39.217522859573364 63.099999999999994 11.736706683039666
      vertex 39 65.1 11.882050806283951
      vertex 39.217522859573364 65.1 11.736706683039666
    endloop
  endfacet
  facet normal -0.4422887070837332 0 -0.8968727332159228
    outer loop
      vertex 39 63.099999999999994 11.882050806283951
      vertex 38.76536686718464 65.1 11.997759068012238
      vertex 39 65.1 11.882050806283951
    endloop
  endfacet
  facet normal -0.06540314219103631 0 -0.9978589223891017
    outer loop
      vertex 38.26105238497257 63.099999999999994 12.132889719307423
      vertex 38 65.1 12.15
      vertex 38.26105238497257 65.1 12.132889719307423
    endloop
  endfacet
  facet normal -0.32143945792867507 0 -0.9469301319984066
    outer loop
      vertex 38.517638087272644 65.1 12.081851655244828
      vertex 38.76536686718464 65.1 11.997759068012238
      vertex 38.76536686718464 63.099999999999994 11.997759068012238
    endloop
  endfacet
  facet normal -0.19509030209549946 0 -0.9807852843656897
    outer loop
      vertex 38.517638087272644 63.099999999999994 12.081851655244828
      vertex 38.26105238497257 65.1 12.132889719307423
      vertex 38.517638087272644 65.1 12.081851655244828
    endloop
  endfacet
  facet normal 0.3214394653588995 0 0.9469301294761853
    outer loop
      vertex -40.33939201384783 65.1 2.4164216384291652
      vertex -39.90586666017771 65.1 2.2692596107721332
      vertex -39.90586666017771 66.10000000149012 2.2692596107721332
    endloop
  endfacet
  facet normal 0.3214394653588995 0 0.9469301294761853
    outer loop
      vertex -40.33939201384783 65.1 2.4164216384291652
      vertex -39.90586666017771 66.10000000149012 2.2692596107721332
      vertex -40.33939201384783 66.10000000149012 2.4164216384291652
    endloop
  endfacet
  facet normal 0.4422886907655121 0 0.8968727412631791
    outer loop
      vertex -40.33939201384783 65.1 2.4164216384291652
      vertex -40.33939201384783 66.10000000149012 2.4164216384291652
      vertex -40.75 65.1 2.6189110890030864
    endloop
  endfacet
  facet normal 0.4422886907655121 0 0.8968727412631791
    outer loop
      vertex -40.75 65.1 2.6189110890030864
      vertex -40.33939201384783 66.10000000149012 2.4164216384291652
      vertex -40.75 66.10000000149012 2.6189110890030864
    endloop
  endfacet
  facet normal 0.0654031224666332 0 0.9978589236819073
    outer loop
      vertex -39.45684166997671 65.1 2.179942981898785
      vertex -39 65.1 2.1500000000000004
      vertex -39 66.10000000149012 2.1500000000000004
    endloop
  endfacet
  facet normal 0.1950903326474709 0 0.9807852782885248
    outer loop
      vertex -39.45684166997671 65.1 2.179942981898785
      vertex -39.45684166997671 66.10000000149012 2.179942981898785
      vertex -39.90586666017771 65.1 2.2692596107721332
    endloop
  endfacet
  facet normal 0.0654031224666332 0 0.9978589236819073
    outer loop
      vertex -39.45684166997671 65.1 2.179942981898785
      vertex -39 66.10000000149012 2.1500000000000004
      vertex -39.45684166997671 66.10000000149012 2.179942981898785
    endloop
  endfacet
  facet normal 0.1950903326474709 0 0.9807852782885248
    outer loop
      vertex -39.90586666017771 65.1 2.2692596107721332
      vertex -39.45684166997671 66.10000000149012 2.179942981898785
      vertex -39.90586666017771 66.10000000149012 2.2692596107721332
    endloop
  endfacet
  facet normal 0.5555702260086899 0 0.8314696169870871
    outer loop
      vertex -40.75 65.1 2.6189110890030864
      vertex -40.75 66.10000000149012 2.6189110890030864
      vertex -41.13066500425339 65.1 2.8732633084058765
    endloop
  endfacet
  facet normal 0.5555702260086899 0 0.8314696169870871
    outer loop
      vertex -41.13066500425339 65.1 2.8732633084058765
      vertex -40.75 66.10000000149012 2.6189110890030864
      vertex -41.13066500425339 66.10000000149012 2.8732633084058765
    endloop
  endfacet
  facet normal 0.6593458133170438 0 0.7518398090426485
    outer loop
      vertex -41.13066500425339 65.1 2.8732633084058765
      vertex -41.13066500425339 66.10000000149012 2.8732633084058765
      vertex -41.47487373650074 65.1 3.1751262634992603
    endloop
  endfacet
  facet normal 0.6593458133170438 0 0.7518398090426485
    outer loop
      vertex -41.47487373650074 65.1 3.1751262634992603
      vertex -41.13066500425339 66.10000000149012 2.8732633084058765
      vertex -41.47487373650074 66.10000000149012 3.1751262634992603
    endloop
  endfacet
  facet normal 0.7518398090426485 0 0.6593458133170438
    outer loop
      vertex -41.776736691594124 65.1 3.519334995746613
      vertex -41.47487373650074 65.1 3.1751262634992603
      vertex -41.47487373650074 66.10000000149012 3.1751262634992603
    endloop
  endfacet
  facet normal 0.7518398090426485 0 0.6593458133170438
    outer loop
      vertex -41.776736691594124 65.1 3.519334995746613
      vertex -41.47487373650074 66.10000000149012 3.1751262634992603
      vertex -41.776736691594124 66.10000000149012 3.519334995746613
    endloop
  endfacet
  facet normal 0.8314696169870871 0 0.5555702260086899
    outer loop
      vertex -41.776736691594124 65.1 3.519334995746613
      vertex -41.776736691594124 66.10000000149012 3.519334995746613
      vertex -42.031088910996914 65.1 3.9000000000000004
    endloop
  endfacet
  facet normal 0 1 0
    outer loop
      vertex -41.776736691594124 65.1 3.519334995746613
      vertex -38.517638087272644 65.1 3.718148344755173
      vertex -38.26105238497257 65.1 3.6671102806925777
    endloop
  endfacet
  facet normal 0 1 0
    outer loop
      vertex -41.776736691594124 65.1 3.519334995746613
      vertex -38.26105238497257 65.1 3.6671102806925777
      vertex -38 65.1 3.6500000000000004
    endloop
  endfacet
  facet normal 0 1 0
    outer loop
      vertex -41.776736691594124 65.1 3.519334995746613
      vertex -38.76536686718464 65.1 3.802240931987763
      vertex -38.517638087272644 65.1 3.718148344755173
    endloop
  endfacet
  facet normal 0.8314696169870871 0 0.5555702260086899
    outer loop
      vertex -42.031088910996914 65.1 3.9000000000000004
      vertex -41.776736691594124 66.10000000149012 3.519334995746613
      vertex -42.031088910996914 66.10000000149012 3.9000000000000004
    endloop
  endfacet
  facet normal 0 1 0
    outer loop
      vertex -41.776736691594124 65.1 3.519334995746613
      vertex -42.031088910996914 65.1 3.9000000000000004
      vertex -39 65.1 3.9179491937160495
    endloop
  endfacet
  facet normal 0 1 0
    outer loop
      vertex -42.031088910996914 65.1 3.9000000000000004
      vertex -39.217522859573364 65.1 4.063293316960335
      vertex -39 65.1 3.9179491937160495
    endloop
  endfacet
  facet normal 0.8968727412631791 0 0.4422886907655121
    outer loop
      vertex -42.031088910996914 65.1 3.9000000000000004
      vertex -42.031088910996914 66.10000000149012 3.9000000000000004
      vertex -42.233578361570835 65.1 4.310607986152172
    endloop
  endfacet
  facet normal 0.8968727412631791 0 0.4422886907655121
    outer loop
      vertex -42.233578361570835 65.1 4.310607986152172
      vertex -42.031088910996914 66.10000000149012 3.9000000000000004
      vertex -42.233578361570835 66.10000000149012 4.310607986152172
    endloop
  endfacet
  facet normal 0 1 0
    outer loop
      vertex -42.031088910996914 65.1 3.9000000000000004
      vertex -39.4142135605216 65.1 4.235786439478398
      vertex -39.217522859573364 65.1 4.063293316960335
    endloop
  endfacet
  facet normal 0 1 0
    outer loop
      vertex -42.031088910996914 65.1 3.9000000000000004
      vertex -42.233578361570835 65.1 4.310607986152172
      vertex -39.4142135605216 65.1 4.235786439478398
    endloop
  endfacet
  facet normal 0 1 0
    outer loop
      vertex -41.776736691594124 65.1 3.519334995746613
      vertex -39 65.1 3.9179491937160495
      vertex -38.76536686718464 65.1 3.802240931987763
    endloop
  endfacet
  facet normal 0 1 0
    outer loop
      vertex -39.45684166997671 65.1 2.179942981898785
      vertex 40.33939201384783 65.1 2.4164216384291652
      vertex -39 65.1 2.1500000000000004
    endloop
  endfacet
  facet normal 0 0 1
    outer loop
      vertex -39 65.1 2.1500000000000004
      vertex 39 66.10000000149012 2.1500000000000004
      vertex -39 66.10000000149012 2.1500000000000004
    endloop
  endfacet
  facet normal 0 1 0
    outer loop
      vertex -39.45684166997671 65.1 2.179942981898785
      vertex -39.90586666017771 65.1 2.2692596107721332
      vertex 40.75 65.1 2.6189110890030864
    endloop
  endfacet
  facet normal 0 1 0
    outer loop
      vertex -40.33939201384783 65.1 2.4164216384291652
      vertex 41.13066500425339 65.1 2.8732633084058765
      vertex -39.90586666017771 65.1 2.2692596107721332
    endloop
  endfacet
  facet normal 0 1 0
    outer loop
      vertex -40.33939201384783 65.1 2.4164216384291652
      vertex -40.75 65.1 2.6189110890030864
      vertex 41.47487373650074 65.1 3.1751262634992603
    endloop
  endfacet
  facet normal 0 1 0
    outer loop
      vertex -40.75 65.1 2.6189110890030864
      vertex -41.13066500425339 65.1 2.8732633084058765
      vertex 41.776736691594124 65.1 3.519334995746613
    endloop
  endfacet
  facet normal 0 1 0
    outer loop
      vertex -41.13066500425339 65.1 2.8732633084058765
      vertex -41.47487373650074 65.1 3.1751262634992603
      vertex 38 65.1 3.6500000000000004
    endloop
  endfacet
  facet normal 0 1 0
    outer loop
      vertex -41.776736691594124 65.1 3.519334995746613
      vertex 38 65.1 3.6500000000000004
      vertex -41.47487373650074 65.1 3.1751262634992603
    endloop
  endfacet
  facet normal 0 1 0
    outer loop
      vertex -41.776736691594124 65.1 3.519334995746613
      vertex -38 65.1 3.6500000000000004
      vertex 38 65.1 3.6500000000000004
    endloop
  endfacet
  facet normal 0.9469301294761853 0 0.3214394653588995
    outer loop
      vertex -42.233578361570835 65.1 4.310607986152172
      vertex -42.233578361570835 66.10000000149012 4.310607986152172
      vertex -42.38074038922787 65.1 4.744133339822293
    endloop
  endfacet
  facet normal 0 1 0
    outer loop
      vertex -42.233578361570835 65.1 4.310607986152172
      vertex -39.586706683039665 65.1 4.432477140426636
      vertex -39.4142135605216 65.1 4.235786439478398
    endloop
  endfacet
  facet normal 0 1 0
    outer loop
      vertex -42.233578361570835 65.1 4.310607986152172
      vertex -39.73205080628395 65.1 4.65
      vertex -39.586706683039665 65.1 4.432477140426636
    endloop
  endfacet
  facet normal 0.9469301294761853 0 0.3214394653588995
    outer loop
      vertex -42.38074038922787 65.1 4.744133339822293
      vertex -42.233578361570835 66.10000000149012 4.310607986152172
      vertex -42.38074038922787 66.10000000149012 4.744133339822293
    endloop
  endfacet
  facet normal 0 1 0
    outer loop
      vertex -42.233578361570835 65.1 4.310607986152172
      vertex -42.38074038922787 65.1 4.744133339822293
      vertex -39.73205080628395 65.1 4.65
    endloop
  endfacet
  facet normal 0 1 0
    outer loop
      vertex -42.38074038922787 65.1 4.744133339822293
      vertex -39.84775906801224 65.1 4.884633132815361
      vertex -39.73205080628395 65.1 4.65
    endloop
  endfacet
  facet normal 0.9807852782885248 0 0.1950903326474709
    outer loop
      vertex -42.38074038922787 65.1 4.744133339822293
      vertex -42.38074038922787 66.10000000149012 4.744133339822293
      vertex -42.470057018101215 65.1 5.193158330023289
    endloop
  endfacet
  facet normal 0.9807852782885248 0 0.1950903326474709
    outer loop
      vertex -42.470057018101215 65.1 5.193158330023289
      vertex -42.38074038922787 66.10000000149012 4.744133339822293
      vertex -42.470057018101215 66.10000000149012 5.193158330023289
    endloop
  endfacet
  facet normal 0 1 0
    outer loop
      vertex -42.38074038922787 65.1 4.744133339822293
      vertex -42.470057018101215 65.1 5.193158330023289
      vertex -39.93185165524483 65.1 5.132361912727356
    endloop
  endfacet
  facet normal 0 1 0
    outer loop
      vertex -42.38074038922787 65.1 4.744133339822293
      vertex -39.93185165524483 65.1 5.132361912727356
      vertex -39.84775906801224 65.1 4.884633132815361
    endloop
  endfacet
  facet normal 0 1 0
    outer loop
      vertex -42.470057018101215 65.1 5.193158330023289
      vertex -39.98288971930742 65.1 5.388947615027428
      vertex -39.93185165524483 65.1 5.132361912727356
    endloop
  endfacet
  facet normal 0.9978589236819073 0 0.0654031224666332
    outer loop
      vertex -42.470057018101215 65.1 5.193158330023289
      vertex -42.470057018101215 66.10000000149012 5.193158330023289
      vertex -42.5 65.1 5.65
    endloop
  endfacet
  facet normal 0.9978589236819073 0 0.0654031224666332
    outer loop
      vertex -42.5 65.1 5.65
      vertex -42.470057018101215 66.10000000149012 5.193158330023289
      vertex -42.5 66.10000000149012 5.65
    endloop
  endfacet
  facet normal 0 1 0
    outer loop
      vertex -42.470057018101215 65.1 5.193158330023289
      vertex -42.5 65.1 5.65
      vertex -40 65.1 5.65
    endloop
  endfacet
  facet normal 0 1 0
    outer loop
      vertex -42.470057018101215 65.1 5.193158330023289
      vertex -40 65.1 5.65
      vertex -39.98288971930742 65.1 5.388947615027428
    endloop
  endfacet
  facet normal 0 1 0
    outer loop
      vertex -42.5 65.1 5.65
      vertex -40 65.1 10.15
      vertex -40 65.1 5.65
    endloop
  endfacet
  facet normal 1 0 0
    outer loop
      vertex -42.5 65.1 5.65
      vertex -42.5 66.10000000149012 5.65
      vertex -42.5 65.1 11.15
    endloop
  endfacet
  facet normal 0 1 0
    outer loop
      vertex -42.5 65.1 5.65
      vertex -42.5 65.1 11.15
      vertex -40 65.1 10.15
    endloop
  endfacet
  facet normal 1 0 0
    outer loop
      vertex -42.5 65.1 11.15
      vertex -42.5 66.10000000149012 5.65
      vertex -42.5 66.10000000149012 11.15
    endloop
  endfacet
  facet normal 0 1 0
    outer loop
      vertex -42.5 65.1 11.15
      vertex -39.98288971930742 65.1 10.411052384972573
      vertex -40 65.1 10.15
    endloop
  endfacet
  facet normal 0 1 0
    outer loop
      vertex -42.5 65.1 11.15
      vertex -39.93185165524483 65.1 10.667638087272644
      vertex -39.98288971930742 65.1 10.411052384972573
    endloop
  endfacet
  facet normal 0 1 0
    outer loop
      vertex -42.5 65.1 11.15
      vertex -39.84775906801224 65.1 10.91536686718464
      vertex -39.93185165524483 65.1 10.667638087272644
    endloop
  endfacet
  facet normal 0 1 0
    outer loop
      vertex -42.5 65.1 11.15
      vertex -39.73205080628395 65.1 11.15
      vertex -39.84775906801224 65.1 10.91536686718464
    endloop
  endfacet
  facet normal 0.9978589236819073 0 -0.0654031224666332
    outer loop
      vertex -42.5 65.1 11.15
      vertex -42.5 66.10000000149012 11.15
      vertex -42.470057018101215 65.1 11.606841669976712
    endloop
  endfacet
  facet normal 0 1 0
    outer loop
      vertex -42.5 65.1 11.15
      vertex -42.470057018101215 65.1 11.606841669976712
      vertex -39.73205080628395 65.1 11.15
    endloop
  endfacet
  facet normal 0 1 0
    outer loop
      vertex -42.470057018101215 65.1 11.606841669976712
      vertex -39.586706683039665 65.1 11.367522859573365
      vertex -39.73205080628395 65.1 11.15
    endloop
  endfacet
  facet normal 0.9978589236819073 0 -0.0654031224666332
    outer loop
      vertex -42.470057018101215 65.1 11.606841669976712
      vertex -42.5 66.10000000149012 11.15
      vertex -42.470057018101215 66.10000000149012 11.606841669976712
    endloop
  endfacet
  facet normal 0 1 0
    outer loop
      vertex -42.470057018101215 65.1 11.606841669976712
      vertex -39.4142135605216 65.1 11.564213560521603
      vertex -39.586706683039665 65.1 11.367522859573365
    endloop
  endfacet
  facet normal 0.9807852782885248 0 -0.1950903326474709
    outer loop
      vertex -42.470057018101215 65.1 11.606841669976712
      vertex -42.470057018101215 66.10000000149012 11.606841669976712
      vertex -42.38074038922787 65.1 12.055866660177708
    endloop
  endfacet
  facet normal 0 1 0
    outer loop
      vertex -42.470057018101215 65.1 11.606841669976712
      vertex -42.38074038922787 65.1 12.055866660177708
      vertex -39.4142135605216 65.1 11.564213560521603
    endloop
  endfacet
  facet normal 0.9807852782885248 0 -0.1950903326474709
    outer loop
      vertex -42.38074038922787 65.1 12.055866660177708
      vertex -42.470057018101215 66.10000000149012 11.606841669976712
      vertex -42.38074038922787 66.10000000149012 12.055866660177708
    endloop
  endfacet
  facet normal 0 1 0
    outer loop
      vertex -39.4142135605216 65.1 11.564213560521603
      vertex -42.38074038922787 65.1 12.055866660177708
      vertex -39.217522859573364 65.1 11.736706683039666
    endloop
  endfacet
  facet normal 0 1 0
    outer loop
      vertex -39.217522859573364 65.1 11.736706683039666
      vertex -42.38074038922787 65.1 12.055866660177708
      vertex -39 65.1 11.882050806283951
    endloop
  endfacet
  facet normal 0.9469301294761853 0 -0.3214394653588995
    outer loop
      vertex -42.38074038922787 65.1 12.055866660177708
      vertex -42.38074038922787 66.10000000149012 12.055866660177708
      vertex -42.233578361570835 65.1 12.489392013847828
    endloop
  endfacet
  facet normal 0 1 0
    outer loop
      vertex -39 65.1 11.882050806283951
      vertex -42.38074038922787 65.1 12.055866660177708
      vertex -38.76536686718464 65.1 11.997759068012238
    endloop
  endfacet
  facet normal 0 1 0
    outer loop
      vertex -42.38074038922787 65.1 12.055866660177708
      vertex -38.517638087272644 65.1 12.081851655244828
      vertex -38.76536686718464 65.1 11.997759068012238
    endloop
  endfacet
  facet normal 0 1 0
    outer loop
      vertex -42.38074038922787 65.1 12.055866660177708
      vertex -42.233578361570835 65.1 12.489392013847828
      vertex -38.517638087272644 65.1 12.081851655244828
    endloop
  endfacet
  facet normal 0.9469301294761853 0 -0.3214394653588995
    outer loop
      vertex -42.233578361570835 65.1 12.489392013847828
      vertex -42.38074038922787 66.10000000149012 12.055866660177708
      vertex -42.233578361570835 66.10000000149012 12.489392013847828
    endloop
  endfacet
  facet normal 0.8968727412631791 0 -0.4422886907655121
    outer loop
      vertex -42.233578361570835 65.1 12.489392013847828
      vertex -42.233578361570835 66.10000000149012 12.489392013847828
      vertex -42.031088910996914 65.1 12.9
    endloop
  endfacet
  facet normal 0 1 0
    outer loop
      vertex -42.233578361570835 65.1 12.489392013847828
      vertex -38.26105238497257 65.1 12.132889719307423
      vertex -38.517638087272644 65.1 12.081851655244828
    endloop
  endfacet
  facet normal 0 1 0
    outer loop
      vertex -42.233578361570835 65.1 12.489392013847828
      vertex -38 65.1 12.15
      vertex -38.26105238497257 65.1 12.132889719307423
    endloop
  endfacet
  facet normal 0 1 0
    outer loop
      vertex -42.233578361570835 65.1 12.489392013847828
      vertex 41.776736691594124 65.1 13.280665004253388
      vertex -38 65.1 12.15
    endloop
  endfacet
  facet normal 0.8968727412631791 0 -0.4422886907655121
    outer loop
      vertex -42.031088910996914 65.1 12.9
      vertex -42.233578361570835 66.10000000149012 12.489392013847828
      vertex -42.031088910996914 66.10000000149012 12.9
    endloop
  endfacet
  facet normal 0.8314696169870871 0 -0.5555702260086899
    outer loop
      vertex -42.031088910996914 65.1 12.9
      vertex -42.031088910996914 66.10000000149012 12.9
      vertex -41.776736691594124 65.1 13.280665004253388
    endloop
  endfacet
  facet normal 0.8314696169870871 0 -0.5555702260086899
    outer loop
      vertex -41.776736691594124 65.1 13.280665004253388
      vertex -42.031088910996914 66.10000000149012 12.9
      vertex -41.776736691594124 66.10000000149012 13.280665004253388
    endloop
  endfacet
  facet normal 0.7518398090426485 0 -0.6593458133170438
    outer loop
      vertex -41.776736691594124 65.1 13.280665004253388
      vertex -41.776736691594124 66.10000000149012 13.280665004253388
      vertex -41.47487373650074 65.1 13.62487373650074
    endloop
  endfacet
  facet normal 0.7518398090426485 0 -0.6593458133170438
    outer loop
      vertex -41.47487373650074 65.1 13.62487373650074
      vertex -41.776736691594124 66.10000000149012 13.280665004253388
      vertex -41.47487373650074 66.10000000149012 13.62487373650074
    endloop
  endfacet
  facet normal 0.6593458133170438 0 -0.7518398090426485
    outer loop
      vertex -41.47487373650074 65.1 13.62487373650074
      vertex -41.47487373650074 66.10000000149012 13.62487373650074
      vertex -41.13066500425339 65.1 13.926736691594124
    endloop
  endfacet
  facet normal 0.6593458133170438 0 -0.7518398090426485
    outer loop
      vertex -41.13066500425339 65.1 13.926736691594124
      vertex -41.47487373650074 66.10000000149012 13.62487373650074
      vertex -41.13066500425339 66.10000000149012 13.926736691594124
    endloop
  endfacet
  facet normal 0.5555702260086899 0 -0.8314696169870871
    outer loop
      vertex -41.13066500425339 65.1 13.926736691594124
      vertex -41.13066500425339 66.10000000149012 13.926736691594124
      vertex -40.75 65.1 14.181088910996914
    endloop
  endfacet
  facet normal 0.5555702260086899 0 -0.8314696169870871
    outer loop
      vertex -40.75 65.1 14.181088910996914
      vertex -41.13066500425339 66.10000000149012 13.926736691594124
      vertex -40.75 66.10000000149012 14.181088910996914
    endloop
  endfacet
  facet normal 0.4422886907655121 0 -0.8968727412631791
    outer loop
      vertex -40.75 65.1 14.181088910996914
      vertex -40.75 66.10000000149012 14.181088910996914
      vertex -40.33939201384783 65.1 14.383578361570835
    endloop
  endfacet
  facet normal 0.4422886907655121 0 -0.8968727412631791
    outer loop
      vertex -40.33939201384783 65.1 14.383578361570835
      vertex -40.75 66.10000000149012 14.181088910996914
      vertex -40.33939201384783 66.10000000149012 14.383578361570835
    endloop
  endfacet
  facet normal 0.3214394653588995 0 -0.9469301294761853
    outer loop
      vertex -40.33939201384783 65.1 14.383578361570835
      vertex -40.33939201384783 66.10000000149012 14.383578361570835
      vertex -39.90586666017771 65.1 14.530740389227867
    endloop
  endfacet
  facet normal 0.3214394653588995 0 -0.9469301294761853
    outer loop
      vertex -39.90586666017771 65.1 14.530740389227867
      vertex -40.33939201384783 66.10000000149012 14.383578361570835
      vertex -39.90586666017771 66.10000000149012 14.530740389227867
    endloop
  endfacet
  facet normal 0.1950903326474709 0 -0.9807852782885248
    outer loop
      vertex -39.90586666017771 65.1 14.530740389227867
      vertex -39.90586666017771 66.10000000149012 14.530740389227867
      vertex -39.45684166997671 65.1 14.620057018101216
    endloop
  endfacet
  facet normal 0 1 0
    outer loop
      vertex -39.90586666017771 65.1 14.530740389227867
      vertex -39.45684166997671 65.1 14.620057018101216
      vertex -39 65.1 14.65
    endloop
  endfacet
  facet normal 0.1950903326474709 0 -0.9807852782885248
    outer loop
      vertex -39.45684166997671 65.1 14.620057018101216
      vertex -39.90586666017771 66.10000000149012 14.530740389227867
      vertex -39.45684166997671 66.10000000149012 14.620057018101216
    endloop
  endfacet
  facet normal 0.0654031224666332 0 -0.9978589236819073
    outer loop
      vertex -39.45684166997671 65.1 14.620057018101216
      vertex -39.45684166997671 66.10000000149012 14.620057018101216
      vertex -39 65.1 14.65
    endloop
  endfacet
  facet normal 0.0654031224666332 0 -0.9978589236819073
    outer loop
      vertex -39 65.1 14.65
      vertex -39.45684166997671 66.10000000149012 14.620057018101216
      vertex -39 66.10000000149012 14.65
    endloop
  endfacet
  facet normal 0 1 0
    outer loop
      vertex -42.233578361570835 65.1 12.489392013847828
      vertex -42.031088910996914 65.1 12.9
      vertex 41.47487373650074 65.1 13.62487373650074
    endloop
  endfacet
  facet normal 0 1 0
    outer loop
      vertex -42.031088910996914 65.1 12.9
      vertex -41.776736691594124 65.1 13.280665004253388
      vertex 41.13066500425339 65.1 13.926736691594124
    endloop
  endfacet
  facet normal 0 1 0
    outer loop
      vertex -41.776736691594124 65.1 13.280665004253388
      vertex -41.47487373650074 65.1 13.62487373650074
      vertex 40.75 65.1 14.181088910996914
    endloop
  endfacet
  facet normal 0 1 0
    outer loop
      vertex -41.47487373650074 65.1 13.62487373650074
      vertex -41.13066500425339 65.1 13.926736691594124
      vertex 40.33939201384783 65.1 14.383578361570835
    endloop
  endfacet
  facet normal 0 1 0
    outer loop
      vertex -41.13066500425339 65.1 13.926736691594124
      vertex -40.75 65.1 14.181088910996914
      vertex 39.90586666017771 65.1 14.530740389227867
    endloop
  endfacet
  facet normal 0 1 0
    outer loop
      vertex -40.75 65.1 14.181088910996914
      vertex -40.33939201384783 65.1 14.383578361570835
      vertex 39.45684166997671 65.1 14.620057018101216
    endloop
  endfacet
  facet normal 0 1 0
    outer loop
      vertex -40.33939201384783 65.1 14.383578361570835
      vertex -39.90586666017771 65.1 14.530740389227867
      vertex 39 65.1 14.65
    endloop
  endfacet
  facet normal 0 1 0
    outer loop
      vertex -39.90586666017771 65.1 14.530740389227867
      vertex -39 65.1 14.65
      vertex 39 65.1 14.65
    endloop
  endfacet
  facet normal 0 0 -1
    outer loop
      vertex -39 65.1 14.65
      vertex -39 66.10000000149012 14.65
      vertex 39 65.1 14.65
    endloop
  endfacet
  facet normal 0 0 1
    outer loop
      vertex -39 65.1 2.1500000000000004
      vertex 39 65.1 2.1500000000000004
      vertex 39 66.10000000149012 2.1500000000000004
    endloop
  endfacet
  facet normal 0 1 0
    outer loop
      vertex -39 65.1 2.1500000000000004
      vertex 39.90586666017771 65.1 2.2692596107721332
      vertex 39 65.1 2.1500000000000004
    endloop
  endfacet
  facet normal 0 1 0
    outer loop
      vertex -39 65.1 2.1500000000000004
      vertex 40.33939201384783 65.1 2.4164216384291652
      vertex 39.90586666017771 65.1 2.2692596107721332
    endloop
  endfacet
  facet normal 0 1 0
    outer loop
      vertex -39.45684166997671 65.1 2.179942981898785
      vertex 40.75 65.1 2.6189110890030864
      vertex 40.33939201384783 65.1 2.4164216384291652
    endloop
  endfacet
  facet normal 0 1 0
    outer loop
      vertex -39.90586666017771 65.1 2.2692596107721332
      vertex 41.13066500425339 65.1 2.8732633084058765
      vertex 40.75 65.1 2.6189110890030864
    endloop
  endfacet
  facet normal 0 1 0
    outer loop
      vertex -40.33939201384783 65.1 2.4164216384291652
      vertex 41.47487373650074 65.1 3.1751262634992603
      vertex 41.13066500425339 65.1 2.8732633084058765
    endloop
  endfacet
  facet normal 0 1 0
    outer loop
      vertex -40.75 65.1 2.6189110890030864
      vertex 41.776736691594124 65.1 3.519334995746613
      vertex 41.47487373650074 65.1 3.1751262634992603
    endloop
  endfacet
  facet normal 0 1 0
    outer loop
      vertex -41.13066500425339 65.1 2.8732633084058765
      vertex 38 65.1 3.6500000000000004
      vertex 41.776736691594124 65.1 3.519334995746613
    endloop
  endfacet
  facet normal -0.0654031224666332 0 0.9978589236819073
    outer loop
      vertex 39 65.1 2.1500000000000004
      vertex 39.45684166997671 65.1 2.179942981898785
      vertex 39.45684166997671 66.10000000149012 2.179942981898785
    endloop
  endfacet
  facet normal 0 1 0
    outer loop
      vertex 39 65.1 2.1500000000000004
      vertex 39.90586666017771 65.1 2.2692596107721332
      vertex 39.45684166997671 65.1 2.179942981898785
    endloop
  endfacet
  facet normal -0.1950903326474709 0 0.9807852782885248
    outer loop
      vertex 39.45684166997671 65.1 2.179942981898785
      vertex 39.90586666017771 65.1 2.2692596107721332
      vertex 39.90586666017771 66.10000000149012 2.2692596107721332
    endloop
  endfacet
  facet normal -0.0654031224666332 0 0.9978589236819073
    outer loop
      vertex 39 65.1 2.1500000000000004
      vertex 39.45684166997671 66.10000000149012 2.179942981898785
      vertex 39 66.10000000149012 2.1500000000000004
    endloop
  endfacet
  facet normal -0.1950903326474709 0 0.9807852782885248
    outer loop
      vertex 39.45684166997671 65.1 2.179942981898785
      vertex 39.90586666017771 66.10000000149012 2.2692596107721332
      vertex 39.45684166997671 66.10000000149012 2.179942981898785
    endloop
  endfacet
  facet normal -0.3214394653588995 0 0.9469301294761853
    outer loop
      vertex 39.90586666017771 65.1 2.2692596107721332
      vertex 40.33939201384783 65.1 2.4164216384291652
      vertex 40.33939201384783 66.10000000149012 2.4164216384291652
    endloop
  endfacet
  facet normal -0.3214394653588995 0 0.9469301294761853
    outer loop
      vertex 39.90586666017771 65.1 2.2692596107721332
      vertex 40.33939201384783 66.10000000149012 2.4164216384291652
      vertex 39.90586666017771 66.10000000149012 2.2692596107721332
    endloop
  endfacet
  facet normal -0.4422886907655121 0 0.8968727412631791
    outer loop
      vertex 40.33939201384783 65.1 2.4164216384291652
      vertex 40.75 66.10000000149012 2.6189110890030864
      vertex 40.33939201384783 66.10000000149012 2.4164216384291652
    endloop
  endfacet
  facet normal -0.4422886907655121 0 0.8968727412631791
    outer loop
      vertex 40.33939201384783 65.1 2.4164216384291652
      vertex 40.75 65.1 2.6189110890030864
      vertex 40.75 66.10000000149012 2.6189110890030864
    endloop
  endfacet
  facet normal -0.5555702260086899 0 0.8314696169870871
    outer loop
      vertex 40.75 65.1 2.6189110890030864
      vertex 41.13066500425339 65.1 2.8732633084058765
      vertex 41.13066500425339 66.10000000149012 2.8732633084058765
    endloop
  endfacet
  facet normal -0.5555702260086899 0 0.8314696169870871
    outer loop
      vertex 40.75 65.1 2.6189110890030864
      vertex 41.13066500425339 66.10000000149012 2.8732633084058765
      vertex 40.75 66.10000000149012 2.6189110890030864
    endloop
  endfacet
  facet normal -0.6593458133170438 0 0.7518398090426485
    outer loop
      vertex 41.13066500425339 65.1 2.8732633084058765
      vertex 41.47487373650074 66.10000000149012 3.1751262634992603
      vertex 41.13066500425339 66.10000000149012 2.8732633084058765
    endloop
  endfacet
  facet normal -0.6593458133170438 0 0.7518398090426485
    outer loop
      vertex 41.13066500425339 65.1 2.8732633084058765
      vertex 41.47487373650074 65.1 3.1751262634992603
      vertex 41.47487373650074 66.10000000149012 3.1751262634992603
    endloop
  endfacet
  facet normal 0 1 0
    outer loop
      vertex 38 65.1 3.6500000000000004
      vertex 38.26105238497257 65.1 3.6671102806925777
      vertex 41.776736691594124 65.1 3.519334995746613
    endloop
  endfacet
  facet normal 0 1 0
    outer loop
      vertex 38.26105238497257 65.1 3.6671102806925777
      vertex 38.517638087272644 65.1 3.718148344755173
      vertex 41.776736691594124 65.1 3.519334995746613
    endloop
  endfacet
  facet normal 0 1 0
    outer loop
      vertex 38.517638087272644 65.1 3.718148344755173
      vertex 38.76536686718464 65.1 3.802240931987763
      vertex 41.776736691594124 65.1 3.519334995746613
    endloop
  endfacet
  facet normal -0.7518398090426485 0 0.6593458133170438
    outer loop
      vertex 41.47487373650074 65.1 3.1751262634992603
      vertex 41.776736691594124 66.10000000149012 3.519334995746613
      vertex 41.47487373650074 66.10000000149012 3.1751262634992603
    endloop
  endfacet
  facet normal -0.7518398090426485 0 0.6593458133170438
    outer loop
      vertex 41.47487373650074 65.1 3.1751262634992603
      vertex 41.776736691594124 65.1 3.519334995746613
      vertex 41.776736691594124 66.10000000149012 3.519334995746613
    endloop
  endfacet
  facet normal -0.8314696169870871 0 0.5555702260086899
    outer loop
      vertex 41.776736691594124 65.1 3.519334995746613
      vertex 42.031088910996914 66.10000000149012 3.9000000000000004
      vertex 41.776736691594124 66.10000000149012 3.519334995746613
    endloop
  endfacet
  facet normal 0 1 0
    outer loop
      vertex 38.76536686718464 65.1 3.802240931987763
      vertex 39 65.1 3.9179491937160495
      vertex 41.776736691594124 65.1 3.519334995746613
    endloop
  endfacet
  facet normal 0 1 0
    outer loop
      vertex 39 65.1 3.9179491937160495
      vertex 42.031088910996914 65.1 3.9000000000000004
      vertex 41.776736691594124 65.1 3.519334995746613
    endloop
  endfacet
  facet normal 0 1 0
    outer loop
      vertex 39 65.1 3.9179491937160495
      vertex 39.217522859573364 65.1 4.063293316960335
      vertex 42.031088910996914 65.1 3.9000000000000004
    endloop
  endfacet
  facet normal -0.8314696169870871 0 0.5555702260086899
    outer loop
      vertex 41.776736691594124 65.1 3.519334995746613
      vertex 42.031088910996914 65.1 3.9000000000000004
      vertex 42.031088910996914 66.10000000149012 3.9000000000000004
    endloop
  endfacet
  facet normal 0 1 0
    outer loop
      vertex 42.031088910996914 65.1 3.9000000000000004
      vertex 39.217522859573364 65.1 4.063293316960335
      vertex 39.4142135605216 65.1 4.235786439478398
    endloop
  endfacet
  facet normal 0 1 0
    outer loop
      vertex 42.031088910996914 65.1 3.9000000000000004
      vertex 39.4142135605216 65.1 4.235786439478398
      vertex 39.586706683039665 65.1 4.432477140426636
    endloop
  endfacet
  facet normal 0 1 0
    outer loop
      vertex 42.031088910996914 65.1 3.9000000000000004
      vertex 39.586706683039665 65.1 4.432477140426636
      vertex 42.233578361570835 65.1 4.310607986152172
    endloop
  endfacet
  facet normal -0.8968727412631791 0 0.4422886907655121
    outer loop
      vertex 42.031088910996914 65.1 3.9000000000000004
      vertex 42.233578361570835 66.10000000149012 4.310607986152172
      vertex 42.031088910996914 66.10000000149012 3.9000000000000004
    endloop
  endfacet
  facet normal -0.8968727412631791 0 0.4422886907655121
    outer loop
      vertex 42.031088910996914 65.1 3.9000000000000004
      vertex 42.233578361570835 65.1 4.310607986152172
      vertex 42.233578361570835 66.10000000149012 4.310607986152172
    endloop
  endfacet
  facet normal 0 1 0
    outer loop
      vertex 39.586706683039665 65.1 4.432477140426636
      vertex 39.73205080628395 65.1 4.65
      vertex 42.233578361570835 65.1 4.310607986152172
    endloop
  endfacet
  facet normal -0.9469301294761853 0 0.3214394653588995
    outer loop
      vertex 42.233578361570835 65.1 4.310607986152172
      vertex 42.38074038922787 66.10000000149012 4.744133339822293
      vertex 42.233578361570835 66.10000000149012 4.310607986152172
    endloop
  endfacet
  facet normal 0 1 0
    outer loop
      vertex 39.73205080628395 65.1 4.65
      vertex 39.84775906801224 65.1 4.884633132815361
      vertex 42.233578361570835 65.1 4.310607986152172
    endloop
  endfacet
  facet normal 0 1 0
    outer loop
      vertex 39.84775906801224 65.1 4.884633132815361
      vertex 42.38074038922787 65.1 4.744133339822293
      vertex 42.233578361570835 65.1 4.310607986152172
    endloop
  endfacet
  facet normal -0.9469301294761853 0 0.3214394653588995
    outer loop
      vertex 42.233578361570835 65.1 4.310607986152172
      vertex 42.38074038922787 65.1 4.744133339822293
      vertex 42.38074038922787 66.10000000149012 4.744133339822293
    endloop
  endfacet
  facet normal 0 1 0
    outer loop
      vertex 39.84775906801224 65.1 4.884633132815361
      vertex 39.93185165524483 65.1 5.132361912727356
      vertex 42.38074038922787 65.1 4.744133339822293
    endloop
  endfacet
  facet normal -0.9807852782885248 0 0.1950903326474709
    outer loop
      vertex 42.38074038922787 65.1 4.744133339822293
      vertex 42.470057018101215 66.10000000149012 5.193158330023289
      vertex 42.38074038922787 66.10000000149012 4.744133339822293
    endloop
  endfacet
  facet normal -0.9807852782885248 0 0.1950903326474709
    outer loop
      vertex 42.38074038922787 65.1 4.744133339822293
      vertex 42.470057018101215 65.1 5.193158330023289
      vertex 42.470057018101215 66.10000000149012 5.193158330023289
    endloop
  endfacet
  facet normal 0 1 0
    outer loop
      vertex 39.93185165524483 65.1 5.132361912727356
      vertex 39.98288971930742 65.1 5.388947615027428
      vertex 42.38074038922787 65.1 4.744133339822293
    endloop
  endfacet
  facet normal 0 1 0
    outer loop
      vertex 39.98288971930742 65.1 5.388947615027428
      vertex 42.470057018101215 65.1 5.193158330023289
      vertex 42.38074038922787 65.1 4.744133339822293
    endloop
  endfacet
  facet normal -0.9978589236819074 0 0.0654031224666331
    outer loop
      vertex 42.470057018101215 65.1 5.193158330023289
      vertex 42.49 66.10000000149012 5.497429467271875
      vertex 42.470057018101215 66.10000000149012 5.193158330023289
    endloop
  endfacet
  facet normal 0 1 0
    outer loop
      vertex 39.98288971930742 65.1 5.388947615027428
      vertex 40 65.1 5.65
      vertex 42.470057018101215 65.1 5.193158330023289
    endloop
  endfacet
  facet normal -0.9978589236819074 -1.227073895510996e-18 0.0654031224666331
    outer loop
      vertex 42.470057018101215 65.1 5.193158330023289
      vertex 42.49 65.1 5.497429467271875
      vertex 42.49 66.10000000149012 5.497429467271875
    endloop
  endfacet
  facet normal 0 1 0
    outer loop
      vertex 40 65.1 5.65
      vertex 42.49 65.1 5.497429467271875
      vertex 42.470057018101215 65.1 5.193158330023289
    endloop
  endfacet
  facet normal 0 1 0
    outer loop
      vertex 40 65.1 5.65
      vertex 42.5 65.1 5.65
      vertex 42.49 65.1 5.497429467271875
    endloop
  endfacet
  facet normal 0 1 0
    outer loop
      vertex 40 65.1 5.65
      vertex 40 65.1 10.15
      vertex 42.5 65.1 5.65
    endloop
  endfacet
  facet normal 0 1 0
    outer loop
      vertex -38 65.1 12.15
      vertex 42.233578361570835 65.1 12.489392013847828
      vertex 38 65.1 12.15
    endloop
  endfacet
  facet normal 0 1 0
    outer loop
      vertex -38 65.1 12.15
      vertex 42.031088910996914 65.1 12.9
      vertex 42.233578361570835 65.1 12.489392013847828
    endloop
  endfacet
  facet normal 0 1 0
    outer loop
      vertex 42.5 65.1 5.65
      vertex 40 65.1 10.15
      vertex 42.5 65.1 10.4
    endloop
  endfacet
  facet normal 0 1 0
    outer loop
      vertex 40 65.1 10.15
      vertex 39.98288971930742 65.1 10.411052384972573
      vertex 42.5 65.1 10.4
    endloop
  endfacet
  facet normal 0 1 0
    outer loop
      vertex 39.98288971930742 65.1 10.411052384972573
      vertex 39.93185165524483 65.1 10.667638087272644
      vertex 42.5 65.1 11.15
    endloop
  endfacet
  facet normal 0 1 0
    outer loop
      vertex 39.98288971930742 65.1 10.411052384972573
      vertex 42.5 65.1 11.15
      vertex 42.5 65.1 10.4
    endloop
  endfacet
  facet normal -1 0 0
    outer loop
      vertex 42.5 65.1 10.4
      vertex 42.5 66.10000000149012 11.15
      vertex 42.5 66.10000000149012 10.4
    endloop
  endfacet
  facet normal 0 1 0
    outer loop
      vertex 39.93185165524483 65.1 10.667638087272644
      vertex 39.84775906801224 65.1 10.91536686718464
      vertex 42.5 65.1 11.15
    endloop
  endfacet
  facet normal 0 1 0
    outer loop
      vertex 39.84775906801224 65.1 10.91536686718464
      vertex 39.73205080628395 65.1 11.15
      vertex 42.5 65.1 11.15
    endloop
  endfacet
  facet normal -1 0 0
    outer loop
      vertex 42.5 65.1 10.4
      vertex 42.5 65.1 11.15
      vertex 42.5 66.10000000149012 11.15
    endloop
  endfacet
  facet normal 0 1 0
    outer loop
      vertex 39.73205080628395 65.1 11.15
      vertex 39.586706683039665 65.1 11.367522859573365
      vertex 42.470057018101215 65.1 11.606841669976712
    endloop
  endfacet
  facet normal 0 1 0
    outer loop
      vertex 39.73205080628395 65.1 11.15
      vertex 42.470057018101215 65.1 11.606841669976712
      vertex 42.5 65.1 11.15
    endloop
  endfacet
  facet normal -0.9978589236819073 0 -0.0654031224666332
    outer loop
      vertex 42.5 65.1 11.15
      vertex 42.470057018101215 66.10000000149012 11.606841669976712
      vertex 42.5 66.10000000149012 11.15
    endloop
  endfacet
  facet normal 0 1 0
    outer loop
      vertex 39.586706683039665 65.1 11.367522859573365
      vertex 39.4142135605216 65.1 11.564213560521603
      vertex 42.470057018101215 65.1 11.606841669976712
    endloop
  endfacet
  facet normal -0.9978589236819073 0 -0.0654031224666332
    outer loop
      vertex 42.5 65.1 11.15
      vertex 42.470057018101215 65.1 11.606841669976712
      vertex 42.470057018101215 66.10000000149012 11.606841669976712
    endloop
  endfacet
  facet normal 0 1 0
    outer loop
      vertex 39.217522859573364 65.1 11.736706683039666
      vertex 42.38074038922787 65.1 12.055866660177708
      vertex 39.4142135605216 65.1 11.564213560521603
    endloop
  endfacet
  facet normal 0 1 0
    outer loop
      vertex 39.217522859573364 65.1 11.736706683039666
      vertex 39 65.1 11.882050806283951
      vertex 42.38074038922787 65.1 12.055866660177708
    endloop
  endfacet
  facet normal 0 1 0
    outer loop
      vertex 39.4142135605216 65.1 11.564213560521603
      vertex 42.38074038922787 65.1 12.055866660177708
      vertex 42.470057018101215 65.1 11.606841669976712
    endloop
  endfacet
  facet normal -0.9807852782885248 0 -0.1950903326474709
    outer loop
      vertex 42.470057018101215 65.1 11.606841669976712
      vertex 42.38074038922787 66.10000000149012 12.055866660177708
      vertex 42.470057018101215 66.10000000149012 11.606841669976712
    endloop
  endfacet
  facet normal -0.9807852782885248 0 -0.1950903326474709
    outer loop
      vertex 42.470057018101215 65.1 11.606841669976712
      vertex 42.38074038922787 65.1 12.055866660177708
      vertex 42.38074038922787 66.10000000149012 12.055866660177708
    endloop
  endfacet
  facet normal 0 1 0
    outer loop
      vertex 39 65.1 11.882050806283951
      vertex 38.76536686718464 65.1 11.997759068012238
      vertex 42.38074038922787 65.1 12.055866660177708
    endloop
  endfacet
  facet normal 0 1 0
    outer loop
      vertex 38.517638087272644 65.1 12.081851655244828
      vertex 42.38074038922787 65.1 12.055866660177708
      vertex 38.76536686718464 65.1 11.997759068012238
    endloop
  endfacet
  facet normal 0 1 0
    outer loop
      vertex 38.517638087272644 65.1 12.081851655244828
      vertex 42.233578361570835 65.1 12.489392013847828
      vertex 42.38074038922787 65.1 12.055866660177708
    endloop
  endfacet
  facet normal -0.9469301294761853 0 -0.3214394653588995
    outer loop
      vertex 42.38074038922787 65.1 12.055866660177708
      vertex 42.233578361570835 66.10000000149012 12.489392013847828
      vertex 42.38074038922787 66.10000000149012 12.055866660177708
    endloop
  endfacet
  facet normal 0 1 0
    outer loop
      vertex 38.517638087272644 65.1 12.081851655244828
      vertex 38.26105238497257 65.1 12.132889719307423
      vertex 42.233578361570835 65.1 12.489392013847828
    endloop
  endfacet
  facet normal 0 1 0
    outer loop
      vertex 38 65.1 12.15
      vertex 42.233578361570835 65.1 12.489392013847828
      vertex 38.26105238497257 65.1 12.132889719307423
    endloop
  endfacet
  facet normal -0.9469301294761853 0 -0.3214394653588995
    outer loop
      vertex 42.38074038922787 65.1 12.055866660177708
      vertex 42.233578361570835 65.1 12.489392013847828
      vertex 42.233578361570835 66.10000000149012 12.489392013847828
    endloop
  endfacet
  facet normal -0.8968727412631791 0 -0.4422886907655121
    outer loop
      vertex 42.233578361570835 65.1 12.489392013847828
      vertex 42.031088910996914 66.10000000149012 12.9
      vertex 42.233578361570835 66.10000000149012 12.489392013847828
    endloop
  endfacet
  facet normal 0 1 0
    outer loop
      vertex -38 65.1 12.15
      vertex 41.776736691594124 65.1 13.280665004253388
      vertex 42.031088910996914 65.1 12.9
    endloop
  endfacet
  facet normal 0 1 0
    outer loop
      vertex -42.233578361570835 65.1 12.489392013847828
      vertex 41.47487373650074 65.1 13.62487373650074
      vertex 41.776736691594124 65.1 13.280665004253388
    endloop
  endfacet
  facet normal 0 1 0
    outer loop
      vertex -42.031088910996914 65.1 12.9
      vertex 41.13066500425339 65.1 13.926736691594124
      vertex 41.47487373650074 65.1 13.62487373650074
    endloop
  endfacet
  facet normal 0 1 0
    outer loop
      vertex -41.776736691594124 65.1 13.280665004253388
      vertex 40.75 65.1 14.181088910996914
      vertex 41.13066500425339 65.1 13.926736691594124
    endloop
  endfacet
  facet normal 0 1 0
    outer loop
      vertex -41.47487373650074 65.1 13.62487373650074
      vertex 40.33939201384783 65.1 14.383578361570835
      vertex 40.75 65.1 14.181088910996914
    endloop
  endfacet
  facet normal 0 1 0
    outer loop
      vertex -41.13066500425339 65.1 13.926736691594124
      vertex 39.90586666017771 65.1 14.530740389227867
      vertex 40.33939201384783 65.1 14.383578361570835
    endloop
  endfacet
  facet normal 0 1 0
    outer loop
      vertex -40.75 65.1 14.181088910996914
      vertex 39.45684166997671 65.1 14.620057018101216
      vertex 39.90586666017771 65.1 14.530740389227867
    endloop
  endfacet
  facet normal 0 1 0
    outer loop
      vertex -40.33939201384783 65.1 14.383578361570835
      vertex 39 65.1 14.65
      vertex 39.45684166997671 65.1 14.620057018101216
    endloop
  endfacet
  facet normal 0 0 -1
    outer loop
      vertex 39 65.1 14.65
      vertex -39 66.10000000149012 14.65
      vertex 39 66.10000000149012 14.65
    endloop
  endfacet
  facet normal -0.8968727412631791 0 -0.4422886907655121
    outer loop
      vertex 42.233578361570835 65.1 12.489392013847828
      vertex 42.031088910996914 65.1 12.9
      vertex 42.031088910996914 66.10000000149012 12.9
    endloop
  endfacet
  facet normal -0.8314696169870871 0 -0.5555702260086899
    outer loop
      vertex 42.031088910996914 65.1 12.9
      vertex 41.776736691594124 66.10000000149012 13.280665004253388
      vertex 42.031088910996914 66.10000000149012 12.9
    endloop
  endfacet
  facet normal -0.8314696169870871 0 -0.5555702260086899
    outer loop
      vertex 42.031088910996914 65.1 12.9
      vertex 41.776736691594124 65.1 13.280665004253388
      vertex 41.776736691594124 66.10000000149012 13.280665004253388
    endloop
  endfacet
  facet normal -0.7518398090426485 0 -0.6593458133170438
    outer loop
      vertex 41.776736691594124 65.1 13.280665004253388
      vertex 41.47487373650074 66.10000000149012 13.62487373650074
      vertex 41.776736691594124 66.10000000149012 13.280665004253388
    endloop
  endfacet
  facet normal -0.7518398090426485 0 -0.6593458133170438
    outer loop
      vertex 41.47487373650074 65.1 13.62487373650074
      vertex 41.47487373650074 66.10000000149012 13.62487373650074
      vertex 41.776736691594124 65.1 13.280665004253388
    endloop
  endfacet
  facet normal -0.6593458133170438 0 -0.7518398090426485
    outer loop
      vertex 41.47487373650074 65.1 13.62487373650074
      vertex 41.13066500425339 66.10000000149012 13.926736691594124
      vertex 41.47487373650074 66.10000000149012 13.62487373650074
    endloop
  endfacet
  facet normal -0.6593458133170438 0 -0.7518398090426485
    outer loop
      vertex 41.47487373650074 65.1 13.62487373650074
      vertex 41.13066500425339 65.1 13.926736691594124
      vertex 41.13066500425339 66.10000000149012 13.926736691594124
    endloop
  endfacet
  facet normal -0.5555702260086899 0 -0.8314696169870871
    outer loop
      vertex 41.13066500425339 65.1 13.926736691594124
      vertex 40.75 66.10000000149012 14.181088910996914
      vertex 41.13066500425339 66.10000000149012 13.926736691594124
    endloop
  endfacet
  facet normal -0.5555702260086899 0 -0.8314696169870871
    outer loop
      vertex 41.13066500425339 65.1 13.926736691594124
      vertex 40.75 65.1 14.181088910996914
      vertex 40.75 66.10000000149012 14.181088910996914
    endloop
  endfacet
  facet normal -0.4422886907655121 0 -0.8968727412631791
    outer loop
      vertex 40.75 65.1 14.181088910996914
      vertex 40.33939201384783 65.1 14.383578361570835
      vertex 40.33939201384783 66.10000000149012 14.383578361570835
    endloop
  endfacet
  facet normal -0.4422886907655121 0 -0.8968727412631791
    outer loop
      vertex 40.75 65.1 14.181088910996914
      vertex 40.33939201384783 66.10000000149012 14.383578361570835
      vertex 40.75 66.10000000149012 14.181088910996914
    endloop
  endfacet
  facet normal -0.1950903326474709 0 -0.9807852782885248
    outer loop
      vertex 39.90586666017771 65.1 14.530740389227867
      vertex 39.45684166997671 65.1 14.620057018101216
      vertex 39.45684166997671 66.10000000149012 14.620057018101216
    endloop
  endfacet
  facet normal -0.1950903326474709 0 -0.9807852782885248
    outer loop
      vertex 39.90586666017771 65.1 14.530740389227867
      vertex 39.45684166997671 66.10000000149012 14.620057018101216
      vertex 39.90586666017771 66.10000000149012 14.530740389227867
    endloop
  endfacet
  facet normal -0.0654031224666332 0 -0.9978589236819073
    outer loop
      vertex 39 65.1 14.65
      vertex 39 66.10000000149012 14.65
      vertex 39.45684166997671 65.1 14.620057018101216
    endloop
  endfacet
  facet normal -0.0654031224666332 0 -0.9978589236819073
    outer loop
      vertex 39.45684166997671 65.1 14.620057018101216
      vertex 39 66.10000000149012 14.65
      vertex 39.45684166997671 66.10000000149012 14.620057018101216
    endloop
  endfacet
  facet normal -0.3214394653588995 0 -0.9469301294761853
    outer loop
      vertex 40.33939201384783 65.1 14.383578361570835
      vertex 39.90586666017771 66.10000000149012 14.530740389227867
      vertex 40.33939201384783 66.10000000149012 14.383578361570835
    endloop
  endfacet
  facet normal -0.3214394653588995 0 -0.9469301294761853
    outer loop
      vertex 40.33939201384783 65.1 14.383578361570835
      vertex 39.90586666017771 65.1 14.530740389227867
      vertex 39.90586666017771 66.10000000149012 14.530740389227867
    endloop
  endfacet
  facet normal 1 0 0
    outer loop
      vertex 42.49 65.1 5.4
      vertex 42.49 66.10000000149012 5.4
      vertex 42.49 65.1 5.497429467271875
    endloop
  endfacet
  facet normal 1 0 0
    outer loop
      vertex 42.49 65.1 5.497429467271875
      vertex 42.49 66.10000000149012 5.4
      vertex 42.49 66.10000000149012 5.497429467271875
    endloop
  endfacet
  facet normal 0 0 1
    outer loop
      vertex 42.49 65.1 5.4
      vertex 45.5 66.10000000149012 5.4
      vertex 42.49 66.10000000149012 5.4
    endloop
  endfacet
  facet normal 0 0 1
    outer loop
      vertex 42.49 65.1 5.4
      vertex 45.5 65.1 5.4
      vertex 45.5 66.10000000149012 5.4
    endloop
  endfacet
  facet normal 0 1 0
    outer loop
      vertex 42.49 65.1 5.4
      vertex 42.49 65.1 5.497429467271875
      vertex 45.5 65.1 10.4
    endloop
  endfacet
  facet normal 0 1 0
    outer loop
      vertex 42.49 65.1 5.4
      vertex 45.5 65.1 10.4
      vertex 45.5 65.1 5.4
    endloop
  endfacet
  facet normal -1 0 0
    outer loop
      vertex 45.5 65.1 5.4
      vertex 45.5 66.10000000149012 10.4
      vertex 45.5 66.10000000149012 5.4
    endloop
  endfacet
  facet normal 0 1 0
    outer loop
      vertex 42.49 65.1 5.497429467271875
      vertex 42.5 65.1 5.65
      vertex 45.5 65.1 10.4
    endloop
  endfacet
  facet normal -1 0 0
    outer loop
      vertex 45.5 65.1 5.4
      vertex 45.5 65.1 10.4
      vertex 45.5 66.10000000149012 10.4
    endloop
  endfacet
  facet normal 0 1 0
    outer loop
      vertex 42.5 65.1 5.65
      vertex 42.5 65.1 10.4
      vertex 45.5 65.1 10.4
    endloop
  endfacet
  facet normal 0 0 -1
    outer loop
      vertex 42.5 65.1 10.4
      vertex 42.5 66.10000000149012 10.4
      vertex 45.5 66.10000000149012 10.4
    endloop
  endfacet
  facet normal 0 0 -1
    outer loop
      vertex 42.5 65.1 10.4
      vertex 45.5 66.10000000149012 10.4
      vertex 45.5 65.1 10.4
    endloop
  endfacet
endsolid OpenSCAD_Model
