solid OpenSCAD_Model
  facet normal 0.44228869021900913 0.8968727415326846 0
    outer loop
      vertex -91.125 59.667468245269454 4.949999999999999
      vertex -90.97835429045637 59.595150584360894 0
      vertex -91.125 59.667468245269454 0
    endloop
  endfacet
  facet normal 0.32143946530314776 0.9469301294951104 0
    outer loop
      vertex -90.97835429045637 59.595150584360894 4.949999999999999
      vertex -90.82352380637815 59.54259271713867 0
      vertex -90.97835429045637 59.595150584360894 0
    endloop
  endfacet
  facet normal 0.19509032201615129 0.9807852804032259 0
    outer loop
      vertex -90.82352380637815 59.54259271713867 4.949999999999999
      vertex -90.66315774027507 59.51069392328274 0
      vertex -90.82352380637815 59.54259271713867 0
    endloop
  endfacet
  facet normal 0.06540312923014312 0.9978589232386035 0
    outer loop
      vertex -90.66315774027507 59.51069392328274 4.949999999999999
      vertex -90.5 59.5 0
      vertex -90.66315774027507 59.51069392328274 0
    endloop
  endfacet
  facet normal -0.06540312923014312 0.9978589232386035 0
    outer loop
      vertex -90.5 59.5 4.949999999999999
      vertex -90.33684225972493 59.51069392328274 0
      vertex -90.5 59.5 0
    endloop
  endfacet
  facet normal -0.19509032201615129 0.9807852804032259 0
    outer loop
      vertex -90.33684225972493 59.51069392328274 4.949999999999999
      vertex -90.17647619362185 59.54259271713867 0
      vertex -90.33684225972493 59.51069392328274 0
    endloop
  endfacet
  facet normal -0.32143946530314776 0.9469301294951104 0
    outer loop
      vertex -90.17647619362185 59.54259271713867 4.949999999999999
      vertex -90.02164570954363 59.595150584360894 0
      vertex -90.17647619362185 59.54259271713867 0
    endloop
  endfacet
  facet normal -0.44228869021900913 0.8968727415326846 0
    outer loop
      vertex -90.02164570954363 59.595150584360894 4.949999999999999
      vertex -89.875 59.667468245269454 0
      vertex -90.02164570954363 59.595150584360894 0
    endloop
  endfacet
  facet normal -0.5555702330195792 0.8314696123025607 0
    outer loop
      vertex -89.875 59.667468245269454 4.949999999999999
      vertex -89.7390482137391 59.758308324635955 0
      vertex -89.875 59.667468245269454 0
    endloop
  endfacet
  facet normal 0.7518398074790094 0.6593458151000325 0
    outer loop
      vertex -91.49169167536404 59.989048213739096 4.949999999999999
      vertex -91.38388347648319 59.866116523516816 0
      vertex -91.49169167536404 59.989048213739096 0
    endloop
  endfacet
  facet normal 0.8314696123025205 0.5555702330196393 0
    outer loop
      vertex -91.58253175473055 60.125 4.949999999999999
      vertex -91.49169167536404 59.989048213739096 0
      vertex -91.58253175473055 60.125 0
    endloop
  endfacet
  facet normal 0.5555702330195792 0.8314696123025607 0
    outer loop
      vertex -91.2609517862609 59.758308324635955 4.949999999999999
      vertex -91.125 59.667468245269454 0
      vertex -91.2609517862609 59.758308324635955 0
    endloop
  endfacet
  facet normal 0.6593458151000602 0.751839807478985 0
    outer loop
      vertex -91.38388347648319 59.866116523516816 4.949999999999999
      vertex -91.2609517862609 59.758308324635955 0
      vertex -91.38388347648319 59.866116523516816 0
    endloop
  endfacet
  facet normal 0.8968727415327102 0.44228869021895684 0
    outer loop
      vertex -91.6548494156391 60.27164570954364 4.949999999999999
      vertex -91.58253175473055 60.125 0
      vertex -91.6548494156391 60.27164570954364 0
    endloop
  endfacet
  facet normal 0.9469301294950928 0.3214394653031999 0
    outer loop
      vertex -91.70740728286134 60.42647619362185 4.949999999999999
      vertex -91.6548494156391 60.27164570954364 0
      vertex -91.70740728286134 60.42647619362185 0
    endloop
  endfacet
  facet normal 0.9807852804032259 0.19509032201615129 0
    outer loop
      vertex -91.73930607671727 60.58684225972493 4.949999999999999
      vertex -91.70740728286134 60.42647619362185 0
      vertex -91.73930607671727 60.58684225972493 0
    endloop
  endfacet
  facet normal 0.9978589232386064 0.06540312923009985 0
    outer loop
      vertex -91.75 60.75 4.949999999999999
      vertex -91.73930607671727 60.58684225972493 0
      vertex -91.75 60.75 0
    endloop
  endfacet
  facet normal 0.9978589232386064 -0.06540312923009985 0
    outer loop
      vertex -91.73930607671727 60.91315774027507 4.949999999999999
      vertex -91.75 60.75 0
      vertex -91.73930607671727 60.91315774027507 0
    endloop
  endfacet
  facet normal 0.9807852804032259 -0.19509032201615129 0
    outer loop
      vertex -91.70740728286134 61.07352380637815 4.949999999999999
      vertex -91.73930607671727 60.91315774027507 0
      vertex -91.70740728286134 61.07352380637815 0
    endloop
  endfacet
  facet normal 0.9469301294950928 -0.3214394653031999 0
    outer loop
      vertex -91.6548494156391 61.22835429045636 4.949999999999999
      vertex -91.70740728286134 61.07352380637815 0
      vertex -91.6548494156391 61.22835429045636 0
    endloop
  endfacet
  facet normal 0.8968727415327102 -0.44228869021895684 0
    outer loop
      vertex -91.58253175473055 61.375 4.949999999999999
      vertex -91.6548494156391 61.22835429045636 0
      vertex -91.58253175473055 61.375 0
    endloop
  endfacet
  facet normal 0.8314696123025205 -0.5555702330196393 0
    outer loop
      vertex -91.49169167536404 61.510951786260904 4.949999999999999
      vertex -91.58253175473055 61.375 0
      vertex -91.49169167536404 61.510951786260904 0
    endloop
  endfacet
  facet normal 0.7518398074790094 -0.6593458151000325 0
    outer loop
      vertex -91.38388347648319 61.633883476483184 4.949999999999999
      vertex -91.49169167536404 61.510951786260904 0
      vertex -91.38388347648319 61.633883476483184 0
    endloop
  endfacet
  facet normal 0.6593458151000602 -0.751839807478985 0
    outer loop
      vertex -91.2609517862609 61.741691675364045 4.949999999999999
      vertex -91.38388347648319 61.633883476483184 0
      vertex -91.2609517862609 61.741691675364045 0
    endloop
  endfacet
  facet normal -0.6593458151000602 0.751839807478985 0
    outer loop
      vertex -89.7390482137391 59.758308324635955 4.949999999999999
      vertex -89.61611652351681 59.866116523516816 0
      vertex -89.7390482137391 59.758308324635955 0
    endloop
  endfacet
  facet normal -0.7518398074790094 0.6593458151000325 0
    outer loop
      vertex -89.61611652351681 59.866116523516816 4.949999999999999
      vertex -89.50830832463596 59.989048213739096 0
      vertex -89.61611652351681 59.866116523516816 0
    endloop
  endfacet
  facet normal -0.7518398074790094 -0.6593458151000325 0
    outer loop
      vertex -89.50830832463596 61.510951786260904 4.949999999999999
      vertex -89.61611652351681 61.633883476483184 0
      vertex -89.50830832463596 61.510951786260904 0
    endloop
  endfacet
  facet normal -0.6593458151000602 -0.751839807478985 0
    outer loop
      vertex -89.61611652351681 61.633883476483184 4.949999999999999
      vertex -89.7390482137391 61.741691675364045 0
      vertex -89.61611652351681 61.633883476483184 0
    endloop
  endfacet
  facet normal 0.5555702330195792 -0.8314696123025607 0
    outer loop
      vertex -91.125 61.832531754730546 4.949999999999999
      vertex -91.2609517862609 61.741691675364045 0
      vertex -91.125 61.832531754730546 0
    endloop
  endfacet
  facet normal 0.44228869021900913 -0.8968727415326846 0
    outer loop
      vertex -90.97835429045637 61.904849415639106 4.949999999999999
      vertex -91.125 61.832531754730546 0
      vertex -90.97835429045637 61.904849415639106 0
    endloop
  endfacet
  facet normal 0.32143946530314776 -0.9469301294951104 0
    outer loop
      vertex -90.82352380637815 61.95740728286133 4.949999999999999
      vertex -90.97835429045637 61.904849415639106 0
      vertex -90.82352380637815 61.95740728286133 0
    endloop
  endfacet
  facet normal 0.19509032201615129 -0.9807852804032259 0
    outer loop
      vertex -90.66315774027507 61.98930607671726 4.949999999999999
      vertex -90.82352380637815 61.95740728286133 0
      vertex -90.66315774027507 61.98930607671726 0
    endloop
  endfacet
  facet normal 0.06540312923014312 -0.9978589232386035 0
    outer loop
      vertex -90.5 62 4.949999999999999
      vertex -90.66315774027507 61.98930607671726 0
      vertex -90.5 62 0
    endloop
  endfacet
  facet normal -0.06540312923014312 -0.9978589232386035 0
    outer loop
      vertex -90.33684225972493 61.98930607671726 4.949999999999999
      vertex -90.5 62 0
      vertex -90.33684225972493 61.98930607671726 0
    endloop
  endfacet
  facet normal -0.19509032201615129 -0.9807852804032259 0
    outer loop
      vertex -90.17647619362185 61.95740728286133 4.949999999999999
      vertex -90.33684225972493 61.98930607671726 0
      vertex -90.17647619362185 61.95740728286133 0
    endloop
  endfacet
  facet normal -0.44228869021900913 -0.8968727415326846 0
    outer loop
      vertex -89.875 61.832531754730546 4.949999999999999
      vertex -90.02164570954363 61.904849415639106 0
      vertex -89.875 61.832531754730546 0
    endloop
  endfacet
  facet normal -0.32143946530314776 -0.9469301294951104 0
    outer loop
      vertex -90.02164570954363 61.904849415639106 4.949999999999999
      vertex -90.17647619362185 61.95740728286133 0
      vertex -90.02164570954363 61.904849415639106 0
    endloop
  endfacet
  facet normal -0.5555702330195792 -0.8314696123025607 0
    outer loop
      vertex -89.7390482137391 61.741691675364045 4.949999999999999
      vertex -89.875 61.832531754730546 0
      vertex -89.7390482137391 61.741691675364045 0
    endloop
  endfacet
  facet normal -0.8314696123025205 0.5555702330196393 0
    outer loop
      vertex -89.50830832463596 59.989048213739096 4.949999999999999
      vertex -89.41746824526945 60.125 0
      vertex -89.50830832463596 59.989048213739096 0
    endloop
  endfacet
  facet normal -0.8968727415327102 0.44228869021895684 0
    outer loop
      vertex -89.41746824526945 60.125 4.949999999999999
      vertex -89.3451505843609 60.27164570954364 0
      vertex -89.41746824526945 60.125 0
    endloop
  endfacet
  facet normal -0.9469301294950928 0.3214394653031999 0
    outer loop
      vertex -89.3451505843609 60.27164570954364 4.949999999999999
      vertex -89.29259271713866 60.42647619362185 0
      vertex -89.3451505843609 60.27164570954364 0
    endloop
  endfacet
  facet normal -0.9807852804032259 0.19509032201615129 0
    outer loop
      vertex -89.29259271713866 60.42647619362185 4.949999999999999
      vertex -89.26069392328273 60.58684225972493 0
      vertex -89.29259271713866 60.42647619362185 0
    endloop
  endfacet
  facet normal -0.9978589232386064 0.06540312923009985 0
    outer loop
      vertex -89.26069392328273 60.58684225972493 4.949999999999999
      vertex -89.25 60.75 0
      vertex -89.26069392328273 60.58684225972493 0
    endloop
  endfacet
  facet normal -0.9978589232386064 -0.06540312923009985 0
    outer loop
      vertex -89.25 60.75 4.949999999999999
      vertex -89.26069392328273 60.91315774027507 0
      vertex -89.25 60.75 0
    endloop
  endfacet
  facet normal -0.9807852804032259 -0.19509032201615129 0
    outer loop
      vertex -89.26069392328273 60.91315774027507 4.949999999999999
      vertex -89.29259271713866 61.07352380637815 0
      vertex -89.26069392328273 60.91315774027507 0
    endloop
  endfacet
  facet normal -0.9469301294950928 -0.3214394653031999 0
    outer loop
      vertex -89.29259271713866 61.07352380637815 4.949999999999999
      vertex -89.3451505843609 61.22835429045636 0
      vertex -89.29259271713866 61.07352380637815 0
    endloop
  endfacet
  facet normal -0.8968727415327102 -0.44228869021895684 0
    outer loop
      vertex -89.3451505843609 61.22835429045636 4.949999999999999
      vertex -89.41746824526945 61.375 0
      vertex -89.3451505843609 61.22835429045636 0
    endloop
  endfacet
  facet normal -0.8314696123025205 -0.5555702330196393 0
    outer loop
      vertex -89.41746824526945 61.375 4.949999999999999
      vertex -89.50830832463596 61.510951786260904 0
      vertex -89.41746824526945 61.375 0
    endloop
  endfacet
  facet normal 0.44228869021900913 0.8968727415326846 0
    outer loop
      vertex -90.97835429045637 59.595150584360894 4.949999999999999
      vertex -90.97835429045637 59.595150584360894 0
      vertex -91.125 59.667468245269454 4.949999999999999
    endloop
  endfacet
  facet normal 0.5555702330195792 0.8314696123025607 0
    outer loop
      vertex -91.125 59.667468245269454 4.949999999999999
      vertex -91.125 59.667468245269454 0
      vertex -91.2609517862609 59.758308324635955 4.949999999999999
    endloop
  endfacet
  facet normal 0.32143946530314776 0.9469301294951104 0
    outer loop
      vertex -90.82352380637815 59.54259271713867 4.949999999999999
      vertex -90.82352380637815 59.54259271713867 0
      vertex -90.97835429045637 59.595150584360894 4.949999999999999
    endloop
  endfacet
  facet normal 0.19509032201615129 0.9807852804032259 0
    outer loop
      vertex -90.66315774027507 59.51069392328274 4.949999999999999
      vertex -90.66315774027507 59.51069392328274 0
      vertex -90.82352380637815 59.54259271713867 4.949999999999999
    endloop
  endfacet
  facet normal 0.06540312923014312 0.9978589232386035 -1.1609441201060123e-19
    outer loop
      vertex -90.66315774027507 59.51069392328274 4.949999999999999
      vertex -90.5 59.5 4.949999999999999
      vertex -90.5 59.5 0
    endloop
  endfacet
  facet normal -0.06540312923014312 0.9978589232386035 1.1609441201060123e-19
    outer loop
      vertex -90.5 59.5 4.949999999999999
      vertex -90.33684225972493 59.51069392328274 4.949999999999999
      vertex -90.33684225972493 59.51069392328274 0
    endloop
  endfacet
  facet normal -0.19509032201615129 0.9807852804032259 -3.5934885187416807e-19
    outer loop
      vertex -90.33684225972493 59.51069392328274 4.949999999999999
      vertex -90.17647619362185 59.54259271713867 4.949999999999999
      vertex -90.17647619362185 59.54259271713867 0
    endloop
  endfacet
  facet normal -0.32143946530314776 0.9469301294951104 -3.762637783072515e-20
    outer loop
      vertex -90.17647619362185 59.54259271713867 4.949999999999999
      vertex -90.02164570954363 59.595150584360894 4.949999999999999
      vertex -90.02164570954363 59.595150584360894 0
    endloop
  endfacet
  facet normal -0.44228869021900913 0.8968727415326846 -9.969914947530603e-19
    outer loop
      vertex -90.02164570954363 59.595150584360894 4.949999999999999
      vertex -89.875 59.667468245269454 4.949999999999999
      vertex -89.875 59.667468245269454 0
    endloop
  endfacet
  facet normal 0.7518398074790094 0.6593458151000325 0
    outer loop
      vertex -91.38388347648319 59.866116523516816 4.949999999999999
      vertex -91.38388347648319 59.866116523516816 0
      vertex -91.49169167536404 59.989048213739096 4.949999999999999
    endloop
  endfacet
  facet normal 0.8968727415327102 0.44228869021895684 0
    outer loop
      vertex -91.58253175473055 60.125 4.949999999999999
      vertex -91.58253175473055 60.125 0
      vertex -91.6548494156391 60.27164570954364 4.949999999999999
    endloop
  endfacet
  facet normal 0.8314696123025205 0.5555702330196393 0
    outer loop
      vertex -91.49169167536404 59.989048213739096 4.949999999999999
      vertex -91.49169167536404 59.989048213739096 0
      vertex -91.58253175473055 60.125 4.949999999999999
    endloop
  endfacet
  facet normal 0.6593458151000602 0.751839807478985 0
    outer loop
      vertex -91.2609517862609 59.758308324635955 4.949999999999999
      vertex -91.2609517862609 59.758308324635955 0
      vertex -91.38388347648319 59.866116523516816 4.949999999999999
    endloop
  endfacet
  facet normal 0.9469301294950928 0.3214394653031999 0
    outer loop
      vertex -91.6548494156391 60.27164570954364 4.949999999999999
      vertex -91.6548494156391 60.27164570954364 0
      vertex -91.70740728286134 60.42647619362185 4.949999999999999
    endloop
  endfacet
  facet normal 0.9807852804032259 0.19509032201615129 0
    outer loop
      vertex -91.70740728286134 60.42647619362185 4.949999999999999
      vertex -91.70740728286134 60.42647619362185 0
      vertex -91.73930607671727 60.58684225972493 4.949999999999999
    endloop
  endfacet
  facet normal 0.9978589232386064 0.06540312923009985 0
    outer loop
      vertex -91.73930607671727 60.58684225972493 4.949999999999999
      vertex -91.73930607671727 60.58684225972493 0
      vertex -91.75 60.75 4.949999999999999
    endloop
  endfacet
  facet normal 0.9978589232386064 -0.06540312923009985 0
    outer loop
      vertex -91.75 60.75 4.949999999999999
      vertex -91.75 60.75 0
      vertex -91.73930607671727 60.91315774027507 4.949999999999999
    endloop
  endfacet
  facet normal 0.9807852804032259 -0.19509032201615129 0
    outer loop
      vertex -91.73930607671727 60.91315774027507 4.949999999999999
      vertex -91.73930607671727 60.91315774027507 0
      vertex -91.70740728286134 61.07352380637815 4.949999999999999
    endloop
  endfacet
  facet normal 0.9469301294950928 -0.3214394653031999 0
    outer loop
      vertex -91.70740728286134 61.07352380637815 4.949999999999999
      vertex -91.70740728286134 61.07352380637815 0
      vertex -91.6548494156391 61.22835429045636 4.949999999999999
    endloop
  endfacet
  facet normal 0.8968727415327102 -0.44228869021895684 0
    outer loop
      vertex -91.6548494156391 61.22835429045636 4.949999999999999
      vertex -91.6548494156391 61.22835429045636 0
      vertex -91.58253175473055 61.375 4.949999999999999
    endloop
  endfacet
  facet normal 0.8314696123025205 -0.5555702330196393 0
    outer loop
      vertex -91.58253175473055 61.375 4.949999999999999
      vertex -91.58253175473055 61.375 0
      vertex -91.49169167536404 61.510951786260904 4.949999999999999
    endloop
  endfacet
  facet normal 0.7518398074790094 -0.6593458151000325 0
    outer loop
      vertex -91.49169167536404 61.510951786260904 4.949999999999999
      vertex -91.49169167536404 61.510951786260904 0
      vertex -91.38388347648319 61.633883476483184 4.949999999999999
    endloop
  endfacet
  facet normal 0.6593458151000602 -0.751839807478985 0
    outer loop
      vertex -91.38388347648319 61.633883476483184 4.949999999999999
      vertex -91.38388347648319 61.633883476483184 0
      vertex -91.2609517862609 61.741691675364045 4.949999999999999
    endloop
  endfacet
  facet normal -0.5555702330195792 0.8314696123025607 -5.812832744963746e-19
    outer loop
      vertex -89.875 59.667468245269454 4.949999999999999
      vertex -89.7390482137391 59.758308324635955 4.949999999999999
      vertex -89.7390482137391 59.758308324635955 0
    endloop
  endfacet
  facet normal -0.6593458151000602 0.751839807478985 -7.66390554266424e-19
    outer loop
      vertex -89.7390482137391 59.758308324635955 4.949999999999999
      vertex -89.61611652351681 59.866116523516816 4.949999999999999
      vertex -89.61611652351681 59.866116523516816 0
    endloop
  endfacet
  facet normal -0.7518398074790094 0.6593458151000325 7.799500014478365e-21
    outer loop
      vertex -89.61611652351681 59.866116523516816 4.949999999999999
      vertex -89.50830832463596 59.989048213739096 4.949999999999999
      vertex -89.50830832463596 59.989048213739096 0
    endloop
  endfacet
  facet normal -0.7518398074790094 -0.6593458151000325 -7.799500014478365e-21
    outer loop
      vertex -89.50830832463596 61.510951786260904 4.949999999999999
      vertex -89.61611652351681 61.633883476483184 4.949999999999999
      vertex -89.61611652351681 61.633883476483184 0
    endloop
  endfacet
  facet normal -0.6593458151000602 -0.751839807478985 7.66390554266424e-19
    outer loop
      vertex -89.61611652351681 61.633883476483184 4.949999999999999
      vertex -89.7390482137391 61.741691675364045 4.949999999999999
      vertex -89.7390482137391 61.741691675364045 0
    endloop
  endfacet
  facet normal 0.5555702330195792 -0.8314696123025607 0
    outer loop
      vertex -91.2609517862609 61.741691675364045 4.949999999999999
      vertex -91.2609517862609 61.741691675364045 0
      vertex -91.125 61.832531754730546 4.949999999999999
    endloop
  endfacet
  facet normal 0.44228869021900913 -0.8968727415326846 0
    outer loop
      vertex -91.125 61.832531754730546 4.949999999999999
      vertex -91.125 61.832531754730546 0
      vertex -90.97835429045637 61.904849415639106 4.949999999999999
    endloop
  endfacet
  facet normal 0.32143946530314776 -0.9469301294951104 0
    outer loop
      vertex -90.97835429045637 61.904849415639106 4.949999999999999
      vertex -90.97835429045637 61.904849415639106 0
      vertex -90.82352380637815 61.95740728286133 4.949999999999999
    endloop
  endfacet
  facet normal 0.19509032201615129 -0.9807852804032259 0
    outer loop
      vertex -90.82352380637815 61.95740728286133 4.949999999999999
      vertex -90.82352380637815 61.95740728286133 0
      vertex -90.66315774027507 61.98930607671726 4.949999999999999
    endloop
  endfacet
  facet normal 0.06540312923014312 -0.9978589232386035 0
    outer loop
      vertex -90.66315774027507 61.98930607671726 4.949999999999999
      vertex -90.66315774027507 61.98930607671726 0
      vertex -90.5 62 4.949999999999999
    endloop
  endfacet
  facet normal -0.19509032201615129 -0.9807852804032259 3.5934885187416807e-19
    outer loop
      vertex -90.17647619362185 61.95740728286133 4.949999999999999
      vertex -90.33684225972493 61.98930607671726 4.949999999999999
      vertex -90.33684225972493 61.98930607671726 0
    endloop
  endfacet
  facet normal -0.06540312923014312 -0.9978589232386035 -1.1609441201060123e-19
    outer loop
      vertex -90.33684225972493 61.98930607671726 4.949999999999999
      vertex -90.5 62 4.949999999999999
      vertex -90.5 62 0
    endloop
  endfacet
  facet normal -0.32143946530314776 -0.9469301294951104 3.762637783072515e-20
    outer loop
      vertex -90.02164570954363 61.904849415639106 4.949999999999999
      vertex -90.17647619362185 61.95740728286133 4.949999999999999
      vertex -90.17647619362185 61.95740728286133 0
    endloop
  endfacet
  facet normal -0.44228869021900913 -0.8968727415326846 9.969914947530603e-19
    outer loop
      vertex -89.875 61.832531754730546 4.949999999999999
      vertex -90.02164570954363 61.904849415639106 4.949999999999999
      vertex -90.02164570954363 61.904849415639106 0
    endloop
  endfacet
  facet normal -0.5555702330195792 -0.8314696123025607 5.812832744963746e-19
    outer loop
      vertex -89.7390482137391 61.741691675364045 4.949999999999999
      vertex -89.875 61.832531754730546 4.949999999999999
      vertex -89.875 61.832531754730546 0
    endloop
  endfacet
  facet normal -0.8314696123025205 0.5555702330196393 9.55546245394125e-19
    outer loop
      vertex -89.50830832463596 59.989048213739096 4.949999999999999
      vertex -89.41746824526945 60.125 4.949999999999999
      vertex -89.41746824526945 60.125 0
    endloop
  endfacet
  facet normal -0.8968727415327102 0.44228869021895684 1.8679020369391492e-19
    outer loop
      vertex -89.41746824526945 60.125 4.949999999999999
      vertex -89.3451505843609 60.27164570954364 4.949999999999999
      vertex -89.3451505843609 60.27164570954364 0
    endloop
  endfacet
  facet normal -0.9469301294950928 0.3214394653031999 -2.3344277975650142e-19
    outer loop
      vertex -89.3451505843609 60.27164570954364 4.949999999999999
      vertex -89.29259271713866 60.42647619362185 4.949999999999999
      vertex -89.29259271713866 60.42647619362185 0
    endloop
  endfacet
  facet normal -0.9807852804032259 0.19509032201615129 -3.5934885187416807e-19
    outer loop
      vertex -89.29259271713866 60.42647619362185 4.949999999999999
      vertex -89.26069392328273 60.58684225972493 4.949999999999999
      vertex -89.26069392328273 60.58684225972493 0
    endloop
  endfacet
  facet normal -0.9978589232386064 0.06540312923009985 2.156517745856883e-20
    outer loop
      vertex -89.26069392328273 60.58684225972493 4.949999999999999
      vertex -89.25 60.75 4.949999999999999
      vertex -89.25 60.75 0
    endloop
  endfacet
  facet normal -0.9978589232386064 -0.06540312923009985 -2.156517745856883e-20
    outer loop
      vertex -89.25 60.75 4.949999999999999
      vertex -89.26069392328273 60.91315774027507 4.949999999999999
      vertex -89.26069392328273 60.91315774027507 0
    endloop
  endfacet
  facet normal -0.9807852804032259 -0.19509032201615129 3.5934885187416807e-19
    outer loop
      vertex -89.26069392328273 60.91315774027507 4.949999999999999
      vertex -89.29259271713866 61.07352380637815 4.949999999999999
      vertex -89.29259271713866 61.07352380637815 0
    endloop
  endfacet
  facet normal -0.9469301294950928 -0.3214394653031999 2.3344277975650142e-19
    outer loop
      vertex -89.29259271713866 61.07352380637815 4.949999999999999
      vertex -89.3451505843609 61.22835429045636 4.949999999999999
      vertex -89.3451505843609 61.22835429045636 0
    endloop
  endfacet
  facet normal -0.8968727415327102 -0.44228869021895684 -1.8679020369391492e-19
    outer loop
      vertex -89.3451505843609 61.22835429045636 4.949999999999999
      vertex -89.41746824526945 61.375 4.949999999999999
      vertex -89.41746824526945 61.375 0
    endloop
  endfacet
  facet normal -0.8314696123025205 -0.5555702330196393 -9.55546245394125e-19
    outer loop
      vertex -89.41746824526945 61.375 4.949999999999999
      vertex -89.50830832463596 61.510951786260904 4.949999999999999
      vertex -89.50830832463596 61.510951786260904 0
    endloop
  endfacet
  facet normal 0.8314696123025205 0.5555702330196393 0
    outer loop
      vertex 89.41746824526945 60.125 4.949999999999999
      vertex 89.50830832463596 59.989048213739096 0
      vertex 89.41746824526945 60.125 0
    endloop
  endfacet
  facet normal 0.9469301294950928 0.3214394653031999 0
    outer loop
      vertex 89.29259271713866 60.42647619362185 4.949999999999999
      vertex 89.3451505843609 60.27164570954364 0
      vertex 89.29259271713866 60.42647619362185 0
    endloop
  endfacet
  facet normal 0.8968727415327102 0.44228869021895684 0
    outer loop
      vertex 89.3451505843609 60.27164570954364 4.949999999999999
      vertex 89.41746824526945 60.125 0
      vertex 89.3451505843609 60.27164570954364 0
    endloop
  endfacet
  facet normal 0.9807852804032259 0.19509032201615129 0
    outer loop
      vertex 89.26069392328273 60.58684225972493 4.949999999999999
      vertex 89.29259271713866 60.42647619362185 0
      vertex 89.26069392328273 60.58684225972493 0
    endloop
  endfacet
  facet normal 0.9978589232386064 0.06540312923009985 0
    outer loop
      vertex 89.25 60.75 4.949999999999999
      vertex 89.26069392328273 60.58684225972493 0
      vertex 89.25 60.75 0
    endloop
  endfacet
  facet normal 0.9978589232386064 -0.06540312923009985 0
    outer loop
      vertex 89.26069392328273 60.91315774027507 4.949999999999999
      vertex 89.25 60.75 0
      vertex 89.26069392328273 60.91315774027507 0
    endloop
  endfacet
  facet normal 0.9807852804032259 -0.19509032201615129 0
    outer loop
      vertex 89.29259271713866 61.07352380637815 4.949999999999999
      vertex 89.26069392328273 60.91315774027507 0
      vertex 89.29259271713866 61.07352380637815 0
    endloop
  endfacet
  facet normal 0.9469301294950928 -0.3214394653031999 0
    outer loop
      vertex 89.3451505843609 61.22835429045636 4.949999999999999
      vertex 89.29259271713866 61.07352380637815 0
      vertex 89.3451505843609 61.22835429045636 0
    endloop
  endfacet
  facet normal 0.8968727415327102 -0.44228869021895684 0
    outer loop
      vertex 89.41746824526945 61.375 4.949999999999999
      vertex 89.3451505843609 61.22835429045636 0
      vertex 89.41746824526945 61.375 0
    endloop
  endfacet
  facet normal 0.8314696123025205 -0.5555702330196393 0
    outer loop
      vertex 89.50830832463596 61.510951786260904 4.949999999999999
      vertex 89.41746824526945 61.375 0
      vertex 89.50830832463596 61.510951786260904 0
    endloop
  endfacet
  facet normal 0.32143946530314776 0.9469301294951104 0
    outer loop
      vertex 90.02164570954363 59.595150584360894 4.949999999999999
      vertex 90.17647619362185 59.54259271713867 0
      vertex 90.02164570954363 59.595150584360894 0
    endloop
  endfacet
  facet normal 0.44228869021900913 0.8968727415326846 0
    outer loop
      vertex 89.875 59.667468245269454 4.949999999999999
      vertex 90.02164570954363 59.595150584360894 0
      vertex 89.875 59.667468245269454 0
    endloop
  endfacet
  facet normal 0.19509032201615129 0.9807852804032259 0
    outer loop
      vertex 90.17647619362185 59.54259271713867 4.949999999999999
      vertex 90.33684225972493 59.51069392328274 0
      vertex 90.17647619362185 59.54259271713867 0
    endloop
  endfacet
  facet normal 0.06540312923014312 0.9978589232386035 0
    outer loop
      vertex 90.33684225972493 59.51069392328274 4.949999999999999
      vertex 90.5 59.5 0
      vertex 90.33684225972493 59.51069392328274 0
    endloop
  endfacet
  facet normal -0.06540312923014312 0.9978589232386035 0
    outer loop
      vertex 90.5 59.5 4.949999999999999
      vertex 90.66315774027507 59.51069392328274 0
      vertex 90.5 59.5 0
    endloop
  endfacet
  facet normal -0.19509032201615129 0.9807852804032259 0
    outer loop
      vertex 90.66315774027507 59.51069392328274 4.949999999999999
      vertex 90.82352380637815 59.54259271713867 0
      vertex 90.66315774027507 59.51069392328274 0
    endloop
  endfacet
  facet normal -0.32143946530314776 0.9469301294951104 0
    outer loop
      vertex 90.82352380637815 59.54259271713867 4.949999999999999
      vertex 90.97835429045637 59.595150584360894 0
      vertex 90.82352380637815 59.54259271713867 0
    endloop
  endfacet
  facet normal -0.44228869021900913 0.8968727415326846 0
    outer loop
      vertex 90.97835429045637 59.595150584360894 4.949999999999999
      vertex 91.125 59.667468245269454 0
      vertex 90.97835429045637 59.595150584360894 0
    endloop
  endfacet
  facet normal -0.5555702330195792 0.8314696123025607 0
    outer loop
      vertex 91.125 59.667468245269454 4.949999999999999
      vertex 91.2609517862609 59.758308324635955 0
      vertex 91.125 59.667468245269454 0
    endloop
  endfacet
  facet normal 0.6593458151000602 0.751839807478985 0
    outer loop
      vertex 89.61611652351681 59.866116523516816 4.949999999999999
      vertex 89.7390482137391 59.758308324635955 0
      vertex 89.61611652351681 59.866116523516816 0
    endloop
  endfacet
  facet normal 0.7518398074790094 0.6593458151000325 0
    outer loop
      vertex 89.50830832463596 59.989048213739096 4.949999999999999
      vertex 89.61611652351681 59.866116523516816 0
      vertex 89.50830832463596 59.989048213739096 0
    endloop
  endfacet
  facet normal 0.5555702330195792 0.8314696123025607 0
    outer loop
      vertex 89.7390482137391 59.758308324635955 4.949999999999999
      vertex 89.875 59.667468245269454 0
      vertex 89.7390482137391 59.758308324635955 0
    endloop
  endfacet
  facet normal 0.7518398074790094 -0.6593458151000325 0
    outer loop
      vertex 89.61611652351681 61.633883476483184 4.949999999999999
      vertex 89.50830832463596 61.510951786260904 0
      vertex 89.61611652351681 61.633883476483184 0
    endloop
  endfacet
  facet normal 0.6593458151000602 -0.751839807478985 0
    outer loop
      vertex 89.7390482137391 61.741691675364045 4.949999999999999
      vertex 89.61611652351681 61.633883476483184 0
      vertex 89.7390482137391 61.741691675364045 0
    endloop
  endfacet
  facet normal -0.6593458151000602 0.751839807478985 0
    outer loop
      vertex 91.2609517862609 59.758308324635955 4.949999999999999
      vertex 91.38388347648319 59.866116523516816 0
      vertex 91.2609517862609 59.758308324635955 0
    endloop
  endfacet
  facet normal -0.7518398074790094 0.6593458151000325 0
    outer loop
      vertex 91.38388347648319 59.866116523516816 4.949999999999999
      vertex 91.49169167536404 59.989048213739096 0
      vertex 91.38388347648319 59.866116523516816 0
    endloop
  endfacet
  facet normal -0.8314696123025205 0.5555702330196393 0
    outer loop
      vertex 91.49169167536404 59.989048213739096 4.949999999999999
      vertex 91.58253175473055 60.125 0
      vertex 91.49169167536404 59.989048213739096 0
    endloop
  endfacet
  facet normal -0.8968727415327102 0.44228869021895684 0
    outer loop
      vertex 91.58253175473055 60.125 4.949999999999999
      vertex 91.6548494156391 60.27164570954364 0
      vertex 91.58253175473055 60.125 0
    endloop
  endfacet
  facet normal -0.9469301294950928 0.3214394653031999 0
    outer loop
      vertex 91.6548494156391 60.27164570954364 4.949999999999999
      vertex 91.70740728286134 60.42647619362185 0
      vertex 91.6548494156391 60.27164570954364 0
    endloop
  endfacet
  facet normal -0.9807852804032259 0.19509032201615129 0
    outer loop
      vertex 91.70740728286134 60.42647619362185 4.949999999999999
      vertex 91.73930607671727 60.58684225972493 0
      vertex 91.70740728286134 60.42647619362185 0
    endloop
  endfacet
  facet normal -0.9978589232386064 0.06540312923009985 0
    outer loop
      vertex 91.73930607671727 60.58684225972493 4.949999999999999
      vertex 91.75 60.75 0
      vertex 91.73930607671727 60.58684225972493 0
    endloop
  endfacet
  facet normal -0.9978589232386064 -0.06540312923009985 0
    outer loop
      vertex 91.75 60.75 4.949999999999999
      vertex 91.73930607671727 60.91315774027507 0
      vertex 91.75 60.75 0
    endloop
  endfacet
  facet normal -0.9807852804032259 -0.19509032201615129 0
    outer loop
      vertex 91.73930607671727 60.91315774027507 4.949999999999999
      vertex 91.70740728286134 61.07352380637815 0
      vertex 91.73930607671727 60.91315774027507 0
    endloop
  endfacet
  facet normal -0.9469301294950928 -0.3214394653031999 0
    outer loop
      vertex 91.70740728286134 61.07352380637815 4.949999999999999
      vertex 91.6548494156391 61.22835429045636 0
      vertex 91.70740728286134 61.07352380637815 0
    endloop
  endfacet
  facet normal -0.6593458151000602 -0.751839807478985 0
    outer loop
      vertex 91.38388347648319 61.633883476483184 4.949999999999999
      vertex 91.2609517862609 61.741691675364045 0
      vertex 91.38388347648319 61.633883476483184 0
    endloop
  endfacet
  facet normal -0.8314696123025205 -0.5555702330196393 0
    outer loop
      vertex 91.58253175473055 61.375 4.949999999999999
      vertex 91.49169167536404 61.510951786260904 0
      vertex 91.58253175473055 61.375 0
    endloop
  endfacet
  facet normal -0.8968727415327102 -0.44228869021895684 0
    outer loop
      vertex 91.6548494156391 61.22835429045636 4.949999999999999
      vertex 91.58253175473055 61.375 0
      vertex 91.6548494156391 61.22835429045636 0
    endloop
  endfacet
  facet normal -0.7518398074790094 -0.6593458151000325 0
    outer loop
      vertex 91.49169167536404 61.510951786260904 4.949999999999999
      vertex 91.38388347648319 61.633883476483184 0
      vertex 91.49169167536404 61.510951786260904 0
    endloop
  endfacet
  facet normal 0.5555702330195792 -0.8314696123025607 0
    outer loop
      vertex 89.875 61.832531754730546 4.949999999999999
      vertex 89.7390482137391 61.741691675364045 0
      vertex 89.875 61.832531754730546 0
    endloop
  endfacet
  facet normal 0.44228869021900913 -0.8968727415326846 0
    outer loop
      vertex 90.02164570954363 61.904849415639106 4.949999999999999
      vertex 89.875 61.832531754730546 0
      vertex 90.02164570954363 61.904849415639106 0
    endloop
  endfacet
  facet normal 0.32143946530314776 -0.9469301294951104 0
    outer loop
      vertex 90.17647619362185 61.95740728286133 4.949999999999999
      vertex 90.02164570954363 61.904849415639106 0
      vertex 90.17647619362185 61.95740728286133 0
    endloop
  endfacet
  facet normal 0.19509032201615129 -0.9807852804032259 0
    outer loop
      vertex 90.33684225972493 61.98930607671726 4.949999999999999
      vertex 90.17647619362185 61.95740728286133 0
      vertex 90.33684225972493 61.98930607671726 0
    endloop
  endfacet
  facet normal 0.06540312923014312 -0.9978589232386035 0
    outer loop
      vertex 90.5 62 4.949999999999999
      vertex 90.33684225972493 61.98930607671726 0
      vertex 90.5 62 0
    endloop
  endfacet
  facet normal -0.06540312923014312 -0.9978589232386035 0
    outer loop
      vertex 90.66315774027507 61.98930607671726 4.949999999999999
      vertex 90.5 62 0
      vertex 90.66315774027507 61.98930607671726 0
    endloop
  endfacet
  facet normal -0.19509032201615129 -0.9807852804032259 0
    outer loop
      vertex 90.82352380637815 61.95740728286133 4.949999999999999
      vertex 90.66315774027507 61.98930607671726 0
      vertex 90.82352380637815 61.95740728286133 0
    endloop
  endfacet
  facet normal -0.32143946530314776 -0.9469301294951104 0
    outer loop
      vertex 90.97835429045637 61.904849415639106 4.949999999999999
      vertex 90.82352380637815 61.95740728286133 0
      vertex 90.97835429045637 61.904849415639106 0
    endloop
  endfacet
  facet normal -0.44228869021900913 -0.8968727415326846 0
    outer loop
      vertex 91.125 61.832531754730546 4.949999999999999
      vertex 90.97835429045637 61.904849415639106 0
      vertex 91.125 61.832531754730546 0
    endloop
  endfacet
  facet normal -0.5555702330195792 -0.8314696123025607 0
    outer loop
      vertex 91.2609517862609 61.741691675364045 4.949999999999999
      vertex 91.125 61.832531754730546 0
      vertex 91.2609517862609 61.741691675364045 0
    endloop
  endfacet
  facet normal 0.8314696123025205 0.5555702330196393 0
    outer loop
      vertex 89.50830832463596 59.989048213739096 4.949999999999999
      vertex 89.50830832463596 59.989048213739096 0
      vertex 89.41746824526945 60.125 4.949999999999999
    endloop
  endfacet
  facet normal 0.8968727415327102 0.44228869021895684 0
    outer loop
      vertex 89.41746824526945 60.125 4.949999999999999
      vertex 89.41746824526945 60.125 0
      vertex 89.3451505843609 60.27164570954364 4.949999999999999
    endloop
  endfacet
  facet normal 0.9469301294950928 0.3214394653031999 0
    outer loop
      vertex 89.3451505843609 60.27164570954364 4.949999999999999
      vertex 89.3451505843609 60.27164570954364 0
      vertex 89.29259271713866 60.42647619362185 4.949999999999999
    endloop
  endfacet
  facet normal 0.9807852804032259 0.19509032201615129 0
    outer loop
      vertex 89.29259271713866 60.42647619362185 4.949999999999999
      vertex 89.29259271713866 60.42647619362185 0
      vertex 89.26069392328273 60.58684225972493 4.949999999999999
    endloop
  endfacet
  facet normal 0.9978589232386064 0.06540312923009985 0
    outer loop
      vertex 89.26069392328273 60.58684225972493 4.949999999999999
      vertex 89.26069392328273 60.58684225972493 0
      vertex 89.25 60.75 4.949999999999999
    endloop
  endfacet
  facet normal 0.9978589232386064 -0.06540312923009985 0
    outer loop
      vertex 89.25 60.75 4.949999999999999
      vertex 89.25 60.75 0
      vertex 89.26069392328273 60.91315774027507 4.949999999999999
    endloop
  endfacet
  facet normal 0.9807852804032259 -0.19509032201615129 0
    outer loop
      vertex 89.26069392328273 60.91315774027507 4.949999999999999
      vertex 89.26069392328273 60.91315774027507 0
      vertex 89.29259271713866 61.07352380637815 4.949999999999999
    endloop
  endfacet
  facet normal 0.9469301294950928 -0.3214394653031999 0
    outer loop
      vertex 89.29259271713866 61.07352380637815 4.949999999999999
      vertex 89.29259271713866 61.07352380637815 0
      vertex 89.3451505843609 61.22835429045636 4.949999999999999
    endloop
  endfacet
  facet normal 0.8968727415327102 -0.44228869021895684 0
    outer loop
      vertex 89.3451505843609 61.22835429045636 4.949999999999999
      vertex 89.3451505843609 61.22835429045636 0
      vertex 89.41746824526945 61.375 4.949999999999999
    endloop
  endfacet
  facet normal 0.8314696123025205 -0.5555702330196393 0
    outer loop
      vertex 89.41746824526945 61.375 4.949999999999999
      vertex 89.41746824526945 61.375 0
      vertex 89.50830832463596 61.510951786260904 4.949999999999999
    endloop
  endfacet
  facet normal 0.5555702330195792 0.8314696123025607 0
    outer loop
      vertex 89.875 59.667468245269454 4.949999999999999
      vertex 89.875 59.667468245269454 0
      vertex 89.7390482137391 59.758308324635955 4.949999999999999
    endloop
  endfacet
  facet normal 0.44228869021900913 0.8968727415326846 0
    outer loop
      vertex 90.02164570954363 59.595150584360894 4.949999999999999
      vertex 90.02164570954363 59.595150584360894 0
      vertex 89.875 59.667468245269454 4.949999999999999
    endloop
  endfacet
  facet normal 0.32143946530314776 0.9469301294951104 0
    outer loop
      vertex 90.17647619362185 59.54259271713867 4.949999999999999
      vertex 90.17647619362185 59.54259271713867 0
      vertex 90.02164570954363 59.595150584360894 4.949999999999999
    endloop
  endfacet
  facet normal 0.06540312923014312 0.9978589232386035 0
    outer loop
      vertex 90.5 59.5 4.949999999999999
      vertex 90.5 59.5 0
      vertex 90.33684225972493 59.51069392328274 4.949999999999999
    endloop
  endfacet
  facet normal 0.19509032201615129 0.9807852804032259 0
    outer loop
      vertex 90.33684225972493 59.51069392328274 4.949999999999999
      vertex 90.33684225972493 59.51069392328274 0
      vertex 90.17647619362185 59.54259271713867 4.949999999999999
    endloop
  endfacet
  facet normal -0.06540312923014312 0.9978589232386035 1.1609441201060123e-19
    outer loop
      vertex 90.5 59.5 4.949999999999999
      vertex 90.66315774027507 59.51069392328274 4.949999999999999
      vertex 90.66315774027507 59.51069392328274 0
    endloop
  endfacet
  facet normal -0.19509032201615129 0.9807852804032259 -3.5934885187416807e-19
    outer loop
      vertex 90.66315774027507 59.51069392328274 4.949999999999999
      vertex 90.82352380637815 59.54259271713867 4.949999999999999
      vertex 90.82352380637815 59.54259271713867 0
    endloop
  endfacet
  facet normal -0.32143946530314776 0.9469301294951104 -3.762637783072515e-20
    outer loop
      vertex 90.82352380637815 59.54259271713867 4.949999999999999
      vertex 90.97835429045637 59.595150584360894 4.949999999999999
      vertex 90.97835429045637 59.595150584360894 0
    endloop
  endfacet
  facet normal -0.44228869021900913 0.8968727415326846 -9.969914947530603e-19
    outer loop
      vertex 90.97835429045637 59.595150584360894 4.949999999999999
      vertex 91.125 59.667468245269454 4.949999999999999
      vertex 91.125 59.667468245269454 0
    endloop
  endfacet
  facet normal 0.6593458151000602 0.751839807478985 0
    outer loop
      vertex 89.7390482137391 59.758308324635955 4.949999999999999
      vertex 89.7390482137391 59.758308324635955 0
      vertex 89.61611652351681 59.866116523516816 4.949999999999999
    endloop
  endfacet
  facet normal 0.7518398074790094 0.6593458151000325 0
    outer loop
      vertex 89.61611652351681 59.866116523516816 4.949999999999999
      vertex 89.61611652351681 59.866116523516816 0
      vertex 89.50830832463596 59.989048213739096 4.949999999999999
    endloop
  endfacet
  facet normal 0.7518398074790094 -0.6593458151000325 0
    outer loop
      vertex 89.50830832463596 61.510951786260904 4.949999999999999
      vertex 89.50830832463596 61.510951786260904 0
      vertex 89.61611652351681 61.633883476483184 4.949999999999999
    endloop
  endfacet
  facet normal 0.6593458151000602 -0.751839807478985 0
    outer loop
      vertex 89.61611652351681 61.633883476483184 4.949999999999999
      vertex 89.61611652351681 61.633883476483184 0
      vertex 89.7390482137391 61.741691675364045 4.949999999999999
    endloop
  endfacet
  facet normal -0.5555702330195792 0.8314696123025607 -5.812832744963746e-19
    outer loop
      vertex 91.125 59.667468245269454 4.949999999999999
      vertex 91.2609517862609 59.758308324635955 4.949999999999999
      vertex 91.2609517862609 59.758308324635955 0
    endloop
  endfacet
  facet normal -0.6593458151000602 0.751839807478985 -7.66390554266424e-19
    outer loop
      vertex 91.2609517862609 59.758308324635955 4.949999999999999
      vertex 91.38388347648319 59.866116523516816 4.949999999999999
      vertex 91.38388347648319 59.866116523516816 0
    endloop
  endfacet
  facet normal -0.7518398074790094 0.6593458151000325 7.799500014478365e-21
    outer loop
      vertex 91.38388347648319 59.866116523516816 4.949999999999999
      vertex 91.49169167536404 59.989048213739096 4.949999999999999
      vertex 91.49169167536404 59.989048213739096 0
    endloop
  endfacet
  facet normal -0.8314696123025205 0.5555702330196393 9.55546245394125e-19
    outer loop
      vertex 91.49169167536404 59.989048213739096 4.949999999999999
      vertex 91.58253175473055 60.125 4.949999999999999
      vertex 91.58253175473055 60.125 0
    endloop
  endfacet
  facet normal -0.8968727415327102 0.44228869021895684 1.8679020369391492e-19
    outer loop
      vertex 91.58253175473055 60.125 4.949999999999999
      vertex 91.6548494156391 60.27164570954364 4.949999999999999
      vertex 91.6548494156391 60.27164570954364 0
    endloop
  endfacet
  facet normal -0.9469301294950928 0.3214394653031999 -2.3344277975650142e-19
    outer loop
      vertex 91.6548494156391 60.27164570954364 4.949999999999999
      vertex 91.70740728286134 60.42647619362185 4.949999999999999
      vertex 91.70740728286134 60.42647619362185 0
    endloop
  endfacet
  facet normal -0.9807852804032259 0.19509032201615129 -3.5934885187416807e-19
    outer loop
      vertex 91.70740728286134 60.42647619362185 4.949999999999999
      vertex 91.73930607671727 60.58684225972493 4.949999999999999
      vertex 91.73930607671727 60.58684225972493 0
    endloop
  endfacet
  facet normal -0.9978589232386064 0.06540312923009985 2.156517745856883e-20
    outer loop
      vertex 91.73930607671727 60.58684225972493 4.949999999999999
      vertex 91.75 60.75 4.949999999999999
      vertex 91.75 60.75 0
    endloop
  endfacet
  facet normal -0.9978589232386064 -0.06540312923009985 -2.156517745856883e-20
    outer loop
      vertex 91.75 60.75 4.949999999999999
      vertex 91.73930607671727 60.91315774027507 4.949999999999999
      vertex 91.73930607671727 60.91315774027507 0
    endloop
  endfacet
  facet normal -0.9807852804032259 -0.19509032201615129 3.5934885187416807e-19
    outer loop
      vertex 91.73930607671727 60.91315774027507 4.949999999999999
      vertex 91.70740728286134 61.07352380637815 4.949999999999999
      vertex 91.70740728286134 61.07352380637815 0
    endloop
  endfacet
  facet normal -0.9469301294950928 -0.3214394653031999 2.3344277975650142e-19
    outer loop
      vertex 91.70740728286134 61.07352380637815 4.949999999999999
      vertex 91.6548494156391 61.22835429045636 4.949999999999999
      vertex 91.6548494156391 61.22835429045636 0
    endloop
  endfacet
  facet normal -0.6593458151000602 -0.751839807478985 7.66390554266424e-19
    outer loop
      vertex 91.38388347648319 61.633883476483184 4.949999999999999
      vertex 91.2609517862609 61.741691675364045 4.949999999999999
      vertex 91.2609517862609 61.741691675364045 0
    endloop
  endfacet
  facet normal -0.8314696123025205 -0.5555702330196393 -9.55546245394125e-19
    outer loop
      vertex 91.58253175473055 61.375 4.949999999999999
      vertex 91.49169167536404 61.510951786260904 4.949999999999999
      vertex 91.49169167536404 61.510951786260904 0
    endloop
  endfacet
  facet normal -0.8968727415327102 -0.44228869021895684 -1.8679020369391492e-19
    outer loop
      vertex 91.6548494156391 61.22835429045636 4.949999999999999
      vertex 91.58253175473055 61.375 4.949999999999999
      vertex 91.58253175473055 61.375 0
    endloop
  endfacet
  facet normal -0.7518398074790094 -0.6593458151000325 -7.799500014478365e-21
    outer loop
      vertex 91.49169167536404 61.510951786260904 4.949999999999999
      vertex 91.38388347648319 61.633883476483184 4.949999999999999
      vertex 91.38388347648319 61.633883476483184 0
    endloop
  endfacet
  facet normal 0.5555702330195792 -0.8314696123025607 0
    outer loop
      vertex 89.7390482137391 61.741691675364045 4.949999999999999
      vertex 89.7390482137391 61.741691675364045 0
      vertex 89.875 61.832531754730546 4.949999999999999
    endloop
  endfacet
  facet normal 0.44228869021900913 -0.8968727415326846 0
    outer loop
      vertex 89.875 61.832531754730546 4.949999999999999
      vertex 89.875 61.832531754730546 0
      vertex 90.02164570954363 61.904849415639106 4.949999999999999
    endloop
  endfacet
  facet normal 0.32143946530314776 -0.9469301294951104 0
    outer loop
      vertex 90.02164570954363 61.904849415639106 4.949999999999999
      vertex 90.02164570954363 61.904849415639106 0
      vertex 90.17647619362185 61.95740728286133 4.949999999999999
    endloop
  endfacet
  facet normal 0.19509032201615129 -0.9807852804032259 0
    outer loop
      vertex 90.17647619362185 61.95740728286133 4.949999999999999
      vertex 90.17647619362185 61.95740728286133 0
      vertex 90.33684225972493 61.98930607671726 4.949999999999999
    endloop
  endfacet
  facet normal 0.06540312923014312 -0.9978589232386035 0
    outer loop
      vertex 90.33684225972493 61.98930607671726 4.949999999999999
      vertex 90.33684225972493 61.98930607671726 0
      vertex 90.5 62 4.949999999999999
    endloop
  endfacet
  facet normal -0.06540312923014312 -0.9978589232386035 0
    outer loop
      vertex 90.5 62 4.949999999999999
      vertex 90.5 62 0
      vertex 90.66315774027507 61.98930607671726 4.949999999999999
    endloop
  endfacet
  facet normal -0.32143946530314776 -0.9469301294951104 3.762637783072515e-20
    outer loop
      vertex 90.97835429045637 61.904849415639106 4.949999999999999
      vertex 90.82352380637815 61.95740728286133 4.949999999999999
      vertex 90.82352380637815 61.95740728286133 0
    endloop
  endfacet
  facet normal -0.19509032201615129 -0.9807852804032259 3.5934885187416807e-19
    outer loop
      vertex 90.82352380637815 61.95740728286133 4.949999999999999
      vertex 90.66315774027507 61.98930607671726 4.949999999999999
      vertex 90.66315774027507 61.98930607671726 0
    endloop
  endfacet
  facet normal -0.5555702330195792 -0.8314696123025607 5.812832744963746e-19
    outer loop
      vertex 91.2609517862609 61.741691675364045 4.949999999999999
      vertex 91.125 61.832531754730546 4.949999999999999
      vertex 91.125 61.832531754730546 0
    endloop
  endfacet
  facet normal -0.44228869021900913 -0.8968727415326846 9.969914947530603e-19
    outer loop
      vertex 91.125 61.832531754730546 4.949999999999999
      vertex 90.97835429045637 61.904849415639106 4.949999999999999
      vertex 90.97835429045637 61.904849415639106 0
    endloop
  endfacet
  facet normal 0.5555702330195792 0.8314696123025607 0
    outer loop
      vertex -91.2609517862609 -59.241691675364045 4.949999999999999
      vertex -91.125 -59.332531754730546 0
      vertex -91.2609517862609 -59.241691675364045 0
    endloop
  endfacet
  facet normal 0.44228869021900913 0.8968727415326846 0
    outer loop
      vertex -91.125 -59.332531754730546 4.949999999999999
      vertex -90.97835429045637 -59.404849415639106 0
      vertex -91.125 -59.332531754730546 0
    endloop
  endfacet
  facet normal 0.32143946530314776 0.9469301294951104 0
    outer loop
      vertex -90.97835429045637 -59.404849415639106 4.949999999999999
      vertex -90.82352380637815 -59.45740728286133 0
      vertex -90.97835429045637 -59.404849415639106 0
    endloop
  endfacet
  facet normal 0.19509032201615129 0.9807852804032259 0
    outer loop
      vertex -90.82352380637815 -59.45740728286133 4.949999999999999
      vertex -90.66315774027507 -59.48930607671726 0
      vertex -90.82352380637815 -59.45740728286133 0
    endloop
  endfacet
  facet normal 0.06540312923014312 0.9978589232386035 0
    outer loop
      vertex -90.66315774027507 -59.48930607671726 4.949999999999999
      vertex -90.5 -59.5 0
      vertex -90.66315774027507 -59.48930607671726 0
    endloop
  endfacet
  facet normal -0.06540312923014312 0.9978589232386035 0
    outer loop
      vertex -90.5 -59.5 4.949999999999999
      vertex -90.33684225972493 -59.48930607671726 0
      vertex -90.5 -59.5 0
    endloop
  endfacet
  facet normal -0.19509032201615129 0.9807852804032259 0
    outer loop
      vertex -90.33684225972493 -59.48930607671726 4.949999999999999
      vertex -90.17647619362185 -59.45740728286133 0
      vertex -90.33684225972493 -59.48930607671726 0
    endloop
  endfacet
  facet normal -0.32143946530314776 0.9469301294951104 0
    outer loop
      vertex -90.17647619362185 -59.45740728286133 4.949999999999999
      vertex -90.02164570954363 -59.404849415639106 0
      vertex -90.17647619362185 -59.45740728286133 0
    endloop
  endfacet
  facet normal -0.44228869021900913 0.8968727415326846 0
    outer loop
      vertex -90.02164570954363 -59.404849415639106 4.949999999999999
      vertex -89.875 -59.332531754730546 0
      vertex -90.02164570954363 -59.404849415639106 0
    endloop
  endfacet
  facet normal -0.5555702330195792 0.8314696123025607 0
    outer loop
      vertex -89.875 -59.332531754730546 4.949999999999999
      vertex -89.7390482137391 -59.241691675364045 0
      vertex -89.875 -59.332531754730546 0
    endloop
  endfacet
  facet normal 0.7518398074790094 0.6593458151000325 0
    outer loop
      vertex -91.49169167536404 -59.010951786260904 4.949999999999999
      vertex -91.38388347648319 -59.133883476483184 0
      vertex -91.49169167536404 -59.010951786260904 0
    endloop
  endfacet
  facet normal 0.8968727415327102 0.44228869021895684 0
    outer loop
      vertex -91.6548494156391 -58.72835429045636 4.949999999999999
      vertex -91.58253175473055 -58.875 0
      vertex -91.6548494156391 -58.72835429045636 0
    endloop
  endfacet
  facet normal 0.8314696123025205 0.5555702330196393 0
    outer loop
      vertex -91.58253175473055 -58.875 4.949999999999999
      vertex -91.49169167536404 -59.010951786260904 0
      vertex -91.58253175473055 -58.875 0
    endloop
  endfacet
  facet normal 0.6593458151000602 0.751839807478985 0
    outer loop
      vertex -91.38388347648319 -59.133883476483184 4.949999999999999
      vertex -91.2609517862609 -59.241691675364045 0
      vertex -91.38388347648319 -59.133883476483184 0
    endloop
  endfacet
  facet normal 0.9469301294950928 0.3214394653031999 0
    outer loop
      vertex -91.70740728286134 -58.57352380637815 4.949999999999999
      vertex -91.6548494156391 -58.72835429045636 0
      vertex -91.70740728286134 -58.57352380637815 0
    endloop
  endfacet
  facet normal 0.9807852804032259 0.19509032201615129 0
    outer loop
      vertex -91.73930607671727 -58.41315774027507 4.949999999999999
      vertex -91.70740728286134 -58.57352380637815 0
      vertex -91.73930607671727 -58.41315774027507 0
    endloop
  endfacet
  facet normal 0.9978589232386064 0.06540312923009985 0
    outer loop
      vertex -91.75 -58.25 4.949999999999999
      vertex -91.73930607671727 -58.41315774027507 0
      vertex -91.75 -58.25 0
    endloop
  endfacet
  facet normal 0.9978589232386064 -0.06540312923009985 0
    outer loop
      vertex -91.73930607671727 -58.08684225972493 4.949999999999999
      vertex -91.75 -58.25 0
      vertex -91.73930607671727 -58.08684225972493 0
    endloop
  endfacet
  facet normal 0.9807852804032259 -0.19509032201615129 0
    outer loop
      vertex -91.70740728286134 -57.92647619362185 4.949999999999999
      vertex -91.73930607671727 -58.08684225972493 0
      vertex -91.70740728286134 -57.92647619362185 0
    endloop
  endfacet
  facet normal 0.9469301294950928 -0.3214394653031999 0
    outer loop
      vertex -91.6548494156391 -57.77164570954364 4.949999999999999
      vertex -91.70740728286134 -57.92647619362185 0
      vertex -91.6548494156391 -57.77164570954364 0
    endloop
  endfacet
  facet normal 0.8968727415327102 -0.44228869021895684 0
    outer loop
      vertex -91.58253175473055 -57.625 4.949999999999999
      vertex -91.6548494156391 -57.77164570954364 0
      vertex -91.58253175473055 -57.625 0
    endloop
  endfacet
  facet normal 0.8314696123025205 -0.5555702330196393 0
    outer loop
      vertex -91.49169167536404 -57.489048213739096 4.949999999999999
      vertex -91.58253175473055 -57.625 0
      vertex -91.49169167536404 -57.489048213739096 0
    endloop
  endfacet
  facet normal 0.7518398074790094 -0.6593458151000325 0
    outer loop
      vertex -91.38388347648319 -57.366116523516816 4.949999999999999
      vertex -91.49169167536404 -57.489048213739096 0
      vertex -91.38388347648319 -57.366116523516816 0
    endloop
  endfacet
  facet normal 0.6593458151000602 -0.751839807478985 0
    outer loop
      vertex -91.2609517862609 -57.258308324635955 4.949999999999999
      vertex -91.38388347648319 -57.366116523516816 0
      vertex -91.2609517862609 -57.258308324635955 0
    endloop
  endfacet
  facet normal -0.6593458151000602 0.751839807478985 0
    outer loop
      vertex -89.7390482137391 -59.241691675364045 4.949999999999999
      vertex -89.61611652351681 -59.133883476483184 0
      vertex -89.7390482137391 -59.241691675364045 0
    endloop
  endfacet
  facet normal -0.7518398074790094 0.6593458151000325 0
    outer loop
      vertex -89.61611652351681 -59.133883476483184 4.949999999999999
      vertex -89.50830832463596 -59.010951786260904 0
      vertex -89.61611652351681 -59.133883476483184 0
    endloop
  endfacet
  facet normal -0.5555702330195792 -0.8314696123025607 0
    outer loop
      vertex -89.7390482137391 -57.258308324635955 4.949999999999999
      vertex -89.875 -57.167468245269454 0
      vertex -89.7390482137391 -57.258308324635955 0
    endloop
  endfacet
  facet normal -0.7518398074790094 -0.6593458151000325 0
    outer loop
      vertex -89.50830832463596 -57.489048213739096 4.949999999999999
      vertex -89.61611652351681 -57.366116523516816 0
      vertex -89.50830832463596 -57.489048213739096 0
    endloop
  endfacet
  facet normal -0.6593458151000602 -0.751839807478985 0
    outer loop
      vertex -89.61611652351681 -57.366116523516816 4.949999999999999
      vertex -89.7390482137391 -57.258308324635955 0
      vertex -89.61611652351681 -57.366116523516816 0
    endloop
  endfacet
  facet normal 0.5555702330195792 -0.8314696123025607 0
    outer loop
      vertex -91.125 -57.167468245269454 4.949999999999999
      vertex -91.2609517862609 -57.258308324635955 0
      vertex -91.125 -57.167468245269454 0
    endloop
  endfacet
  facet normal 0.44228869021900913 -0.8968727415326846 0
    outer loop
      vertex -90.97835429045637 -57.095150584360894 4.949999999999999
      vertex -91.125 -57.167468245269454 0
      vertex -90.97835429045637 -57.095150584360894 0
    endloop
  endfacet
  facet normal 0.32143946530314776 -0.9469301294951104 0
    outer loop
      vertex -90.82352380637815 -57.04259271713867 4.949999999999999
      vertex -90.97835429045637 -57.095150584360894 0
      vertex -90.82352380637815 -57.04259271713867 0
    endloop
  endfacet
  facet normal 0.19509032201615129 -0.9807852804032259 0
    outer loop
      vertex -90.66315774027507 -57.01069392328274 4.949999999999999
      vertex -90.82352380637815 -57.04259271713867 0
      vertex -90.66315774027507 -57.01069392328274 0
    endloop
  endfacet
  facet normal 0.06540312923014312 -0.9978589232386035 0
    outer loop
      vertex -90.5 -57 4.949999999999999
      vertex -90.66315774027507 -57.01069392328274 0
      vertex -90.5 -57 0
    endloop
  endfacet
  facet normal -0.06540312923014312 -0.9978589232386035 0
    outer loop
      vertex -90.33684225972493 -57.01069392328274 4.949999999999999
      vertex -90.5 -57 0
      vertex -90.33684225972493 -57.01069392328274 0
    endloop
  endfacet
  facet normal -0.19509032201615129 -0.9807852804032259 0
    outer loop
      vertex -90.17647619362185 -57.04259271713867 4.949999999999999
      vertex -90.33684225972493 -57.01069392328274 0
      vertex -90.17647619362185 -57.04259271713867 0
    endloop
  endfacet
  facet normal -0.44228869021900913 -0.8968727415326846 0
    outer loop
      vertex -89.875 -57.167468245269454 4.949999999999999
      vertex -90.02164570954363 -57.095150584360894 0
      vertex -89.875 -57.167468245269454 0
    endloop
  endfacet
  facet normal -0.32143946530314776 -0.9469301294951104 0
    outer loop
      vertex -90.02164570954363 -57.095150584360894 4.949999999999999
      vertex -90.17647619362185 -57.04259271713867 0
      vertex -90.02164570954363 -57.095150584360894 0
    endloop
  endfacet
  facet normal -0.8314696123025205 0.5555702330196393 0
    outer loop
      vertex -89.50830832463596 -59.010951786260904 4.949999999999999
      vertex -89.41746824526945 -58.875 0
      vertex -89.50830832463596 -59.010951786260904 0
    endloop
  endfacet
  facet normal -0.8968727415327102 0.44228869021895684 0
    outer loop
      vertex -89.41746824526945 -58.875 4.949999999999999
      vertex -89.3451505843609 -58.72835429045636 0
      vertex -89.41746824526945 -58.875 0
    endloop
  endfacet
  facet normal -0.9469301294950928 0.3214394653031999 0
    outer loop
      vertex -89.3451505843609 -58.72835429045636 4.949999999999999
      vertex -89.29259271713866 -58.57352380637815 0
      vertex -89.3451505843609 -58.72835429045636 0
    endloop
  endfacet
  facet normal -0.9807852804032259 0.19509032201615129 0
    outer loop
      vertex -89.29259271713866 -58.57352380637815 4.949999999999999
      vertex -89.26069392328273 -58.41315774027507 0
      vertex -89.29259271713866 -58.57352380637815 0
    endloop
  endfacet
  facet normal -0.9978589232386064 0.06540312923009985 0
    outer loop
      vertex -89.26069392328273 -58.41315774027507 4.949999999999999
      vertex -89.25 -58.25 0
      vertex -89.26069392328273 -58.41315774027507 0
    endloop
  endfacet
  facet normal -0.9978589232386064 -0.06540312923009985 0
    outer loop
      vertex -89.25 -58.25 4.949999999999999
      vertex -89.26069392328273 -58.08684225972493 0
      vertex -89.25 -58.25 0
    endloop
  endfacet
  facet normal -0.9807852804032259 -0.19509032201615129 0
    outer loop
      vertex -89.26069392328273 -58.08684225972493 4.949999999999999
      vertex -89.29259271713866 -57.92647619362185 0
      vertex -89.26069392328273 -58.08684225972493 0
    endloop
  endfacet
  facet normal -0.8968727415327102 -0.44228869021895684 0
    outer loop
      vertex -89.3451505843609 -57.77164570954364 4.949999999999999
      vertex -89.41746824526945 -57.625 0
      vertex -89.3451505843609 -57.77164570954364 0
    endloop
  endfacet
  facet normal -0.9469301294950928 -0.3214394653031999 0
    outer loop
      vertex -89.29259271713866 -57.92647619362185 4.949999999999999
      vertex -89.3451505843609 -57.77164570954364 0
      vertex -89.29259271713866 -57.92647619362185 0
    endloop
  endfacet
  facet normal -0.8314696123025205 -0.5555702330196393 0
    outer loop
      vertex -89.41746824526945 -57.625 4.949999999999999
      vertex -89.50830832463596 -57.489048213739096 0
      vertex -89.41746824526945 -57.625 0
    endloop
  endfacet
  facet normal 0.44228869021900913 0.8968727415326846 0
    outer loop
      vertex -90.97835429045637 -59.404849415639106 4.949999999999999
      vertex -90.97835429045637 -59.404849415639106 0
      vertex -91.125 -59.332531754730546 4.949999999999999
    endloop
  endfacet
  facet normal 0.5555702330195792 0.8314696123025607 5.812832744963746e-19
    outer loop
      vertex -91.2609517862609 -59.241691675364045 4.949999999999999
      vertex -91.125 -59.332531754730546 4.949999999999999
      vertex -91.125 -59.332531754730546 0
    endloop
  endfacet
  facet normal 0.19509032201615129 0.9807852804032259 3.5934885187416807e-19
    outer loop
      vertex -90.82352380637815 -59.45740728286133 4.949999999999999
      vertex -90.66315774027507 -59.48930607671726 4.949999999999999
      vertex -90.66315774027507 -59.48930607671726 0
    endloop
  endfacet
  facet normal 0.32143946530314776 0.9469301294951104 3.762637783072515e-20
    outer loop
      vertex -90.97835429045637 -59.404849415639106 4.949999999999999
      vertex -90.82352380637815 -59.45740728286133 4.949999999999999
      vertex -90.82352380637815 -59.45740728286133 0
    endloop
  endfacet
  facet normal 0.06540312923014312 0.9978589232386035 -1.1609441201060123e-19
    outer loop
      vertex -90.66315774027507 -59.48930607671726 4.949999999999999
      vertex -90.5 -59.5 4.949999999999999
      vertex -90.5 -59.5 0
    endloop
  endfacet
  facet normal -0.06540312923014312 0.9978589232386035 1.1609441201060123e-19
    outer loop
      vertex -90.5 -59.5 4.949999999999999
      vertex -90.33684225972493 -59.48930607671726 4.949999999999999
      vertex -90.33684225972493 -59.48930607671726 0
    endloop
  endfacet
  facet normal -0.19509032201615129 0.9807852804032259 -3.5934885187416807e-19
    outer loop
      vertex -90.33684225972493 -59.48930607671726 4.949999999999999
      vertex -90.17647619362185 -59.45740728286133 4.949999999999999
      vertex -90.17647619362185 -59.45740728286133 0
    endloop
  endfacet
  facet normal -0.32143946530314776 0.9469301294951104 -3.762637783072515e-20
    outer loop
      vertex -90.17647619362185 -59.45740728286133 4.949999999999999
      vertex -90.02164570954363 -59.404849415639106 4.949999999999999
      vertex -90.02164570954363 -59.404849415639106 0
    endloop
  endfacet
  facet normal -0.44228869021900913 0.8968727415326846 -9.969914947530603e-19
    outer loop
      vertex -90.02164570954363 -59.404849415639106 4.949999999999999
      vertex -89.875 -59.332531754730546 4.949999999999999
      vertex -89.875 -59.332531754730546 0
    endloop
  endfacet
  facet normal -0.5555702330195792 0.8314696123025607 -5.812832744963746e-19
    outer loop
      vertex -89.875 -59.332531754730546 4.949999999999999
      vertex -89.7390482137391 -59.241691675364045 4.949999999999999
      vertex -89.7390482137391 -59.241691675364045 0
    endloop
  endfacet
  facet normal 0.7518398074790094 0.6593458151000325 0
    outer loop
      vertex -91.38388347648319 -59.133883476483184 4.949999999999999
      vertex -91.38388347648319 -59.133883476483184 0
      vertex -91.49169167536404 -59.010951786260904 4.949999999999999
    endloop
  endfacet
  facet normal 0.8968727415327102 0.44228869021895684 -1.8679020369391492e-19
    outer loop
      vertex -91.6548494156391 -58.72835429045636 4.949999999999999
      vertex -91.58253175473055 -58.875 4.949999999999999
      vertex -91.58253175473055 -58.875 0
    endloop
  endfacet
  facet normal 0.8314696123025205 0.5555702330196393 -9.55546245394125e-19
    outer loop
      vertex -91.58253175473055 -58.875 4.949999999999999
      vertex -91.49169167536404 -59.010951786260904 4.949999999999999
      vertex -91.49169167536404 -59.010951786260904 0
    endloop
  endfacet
  facet normal 0.6593458151000602 0.751839807478985 7.66390554266424e-19
    outer loop
      vertex -91.38388347648319 -59.133883476483184 4.949999999999999
      vertex -91.2609517862609 -59.241691675364045 4.949999999999999
      vertex -91.2609517862609 -59.241691675364045 0
    endloop
  endfacet
  facet normal 0.9469301294950928 0.3214394653031999 0
    outer loop
      vertex -91.6548494156391 -58.72835429045636 4.949999999999999
      vertex -91.6548494156391 -58.72835429045636 0
      vertex -91.70740728286134 -58.57352380637815 4.949999999999999
    endloop
  endfacet
  facet normal 0.9807852804032259 0.19509032201615129 0
    outer loop
      vertex -91.70740728286134 -58.57352380637815 4.949999999999999
      vertex -91.70740728286134 -58.57352380637815 0
      vertex -91.73930607671727 -58.41315774027507 4.949999999999999
    endloop
  endfacet
  facet normal 0.9978589232386064 0.06540312923009985 0
    outer loop
      vertex -91.73930607671727 -58.41315774027507 4.949999999999999
      vertex -91.73930607671727 -58.41315774027507 0
      vertex -91.75 -58.25 4.949999999999999
    endloop
  endfacet
  facet normal 0.9978589232386064 -0.06540312923009985 0
    outer loop
      vertex -91.75 -58.25 4.949999999999999
      vertex -91.75 -58.25 0
      vertex -91.73930607671727 -58.08684225972493 4.949999999999999
    endloop
  endfacet
  facet normal 0.9807852804032259 -0.19509032201615129 0
    outer loop
      vertex -91.73930607671727 -58.08684225972493 4.949999999999999
      vertex -91.73930607671727 -58.08684225972493 0
      vertex -91.70740728286134 -57.92647619362185 4.949999999999999
    endloop
  endfacet
  facet normal 0.9469301294950928 -0.3214394653031999 0
    outer loop
      vertex -91.70740728286134 -57.92647619362185 4.949999999999999
      vertex -91.70740728286134 -57.92647619362185 0
      vertex -91.6548494156391 -57.77164570954364 4.949999999999999
    endloop
  endfacet
  facet normal 0.8968727415327102 -0.44228869021895684 0
    outer loop
      vertex -91.6548494156391 -57.77164570954364 4.949999999999999
      vertex -91.6548494156391 -57.77164570954364 0
      vertex -91.58253175473055 -57.625 4.949999999999999
    endloop
  endfacet
  facet normal 0.8314696123025205 -0.5555702330196393 0
    outer loop
      vertex -91.58253175473055 -57.625 4.949999999999999
      vertex -91.58253175473055 -57.625 0
      vertex -91.49169167536404 -57.489048213739096 4.949999999999999
    endloop
  endfacet
  facet normal 0.7518398074790094 -0.6593458151000325 0
    outer loop
      vertex -91.49169167536404 -57.489048213739096 4.949999999999999
      vertex -91.49169167536404 -57.489048213739096 0
      vertex -91.38388347648319 -57.366116523516816 4.949999999999999
    endloop
  endfacet
  facet normal 0.6593458151000602 -0.751839807478985 0
    outer loop
      vertex -91.38388347648319 -57.366116523516816 4.949999999999999
      vertex -91.38388347648319 -57.366116523516816 0
      vertex -91.2609517862609 -57.258308324635955 4.949999999999999
    endloop
  endfacet
  facet normal 0.5555702330195792 -0.8314696123025607 0
    outer loop
      vertex -91.2609517862609 -57.258308324635955 4.949999999999999
      vertex -91.2609517862609 -57.258308324635955 0
      vertex -91.125 -57.167468245269454 4.949999999999999
    endloop
  endfacet
  facet normal -0.6593458151000602 0.751839807478985 -7.66390554266424e-19
    outer loop
      vertex -89.7390482137391 -59.241691675364045 4.949999999999999
      vertex -89.61611652351681 -59.133883476483184 4.949999999999999
      vertex -89.61611652351681 -59.133883476483184 0
    endloop
  endfacet
  facet normal -0.7518398074790094 0.6593458151000325 7.799500014478365e-21
    outer loop
      vertex -89.61611652351681 -59.133883476483184 4.949999999999999
      vertex -89.50830832463596 -59.010951786260904 4.949999999999999
      vertex -89.50830832463596 -59.010951786260904 0
    endloop
  endfacet
  facet normal -0.7518398074790094 -0.6593458151000325 -7.799500014478365e-21
    outer loop
      vertex -89.50830832463596 -57.489048213739096 4.949999999999999
      vertex -89.61611652351681 -57.366116523516816 4.949999999999999
      vertex -89.61611652351681 -57.366116523516816 0
    endloop
  endfacet
  facet normal -0.6593458151000602 -0.751839807478985 0
    outer loop
      vertex -89.7390482137391 -57.258308324635955 4.949999999999999
      vertex -89.7390482137391 -57.258308324635955 0
      vertex -89.61611652351681 -57.366116523516816 4.949999999999999
    endloop
  endfacet
  facet normal 0.44228869021900913 -0.8968727415326846 0
    outer loop
      vertex -91.125 -57.167468245269454 4.949999999999999
      vertex -91.125 -57.167468245269454 0
      vertex -90.97835429045637 -57.095150584360894 4.949999999999999
    endloop
  endfacet
  facet normal 0.32143946530314776 -0.9469301294951104 0
    outer loop
      vertex -90.97835429045637 -57.095150584360894 4.949999999999999
      vertex -90.97835429045637 -57.095150584360894 0
      vertex -90.82352380637815 -57.04259271713867 4.949999999999999
    endloop
  endfacet
  facet normal 0.19509032201615129 -0.9807852804032259 0
    outer loop
      vertex -90.82352380637815 -57.04259271713867 4.949999999999999
      vertex -90.82352380637815 -57.04259271713867 0
      vertex -90.66315774027507 -57.01069392328274 4.949999999999999
    endloop
  endfacet
  facet normal 0.06540312923014312 -0.9978589232386035 0
    outer loop
      vertex -90.66315774027507 -57.01069392328274 4.949999999999999
      vertex -90.66315774027507 -57.01069392328274 0
      vertex -90.5 -57 4.949999999999999
    endloop
  endfacet
  facet normal -0.19509032201615129 -0.9807852804032259 0
    outer loop
      vertex -90.33684225972493 -57.01069392328274 4.949999999999999
      vertex -90.33684225972493 -57.01069392328274 0
      vertex -90.17647619362185 -57.04259271713867 4.949999999999999
    endloop
  endfacet
  facet normal -0.06540312923014312 -0.9978589232386035 0
    outer loop
      vertex -90.5 -57 4.949999999999999
      vertex -90.5 -57 0
      vertex -90.33684225972493 -57.01069392328274 4.949999999999999
    endloop
  endfacet
  facet normal -0.32143946530314776 -0.9469301294951104 0
    outer loop
      vertex -90.17647619362185 -57.04259271713867 4.949999999999999
      vertex -90.17647619362185 -57.04259271713867 0
      vertex -90.02164570954363 -57.095150584360894 4.949999999999999
    endloop
  endfacet
  facet normal -0.44228869021900913 -0.8968727415326846 9.969914947530603e-19
    outer loop
      vertex -89.875 -57.167468245269454 4.949999999999999
      vertex -90.02164570954363 -57.095150584360894 4.949999999999999
      vertex -90.02164570954363 -57.095150584360894 0
    endloop
  endfacet
  facet normal -0.5555702330195792 -0.8314696123025607 0
    outer loop
      vertex -89.875 -57.167468245269454 4.949999999999999
      vertex -89.875 -57.167468245269454 0
      vertex -89.7390482137391 -57.258308324635955 4.949999999999999
    endloop
  endfacet
  facet normal -0.8314696123025205 0.5555702330196393 9.55546245394125e-19
    outer loop
      vertex -89.50830832463596 -59.010951786260904 4.949999999999999
      vertex -89.41746824526945 -58.875 4.949999999999999
      vertex -89.41746824526945 -58.875 0
    endloop
  endfacet
  facet normal -0.8968727415327102 0.44228869021895684 1.8679020369391492e-19
    outer loop
      vertex -89.41746824526945 -58.875 4.949999999999999
      vertex -89.3451505843609 -58.72835429045636 4.949999999999999
      vertex -89.3451505843609 -58.72835429045636 0
    endloop
  endfacet
  facet normal -0.9469301294950928 0.3214394653031999 -2.3344277975650142e-19
    outer loop
      vertex -89.3451505843609 -58.72835429045636 4.949999999999999
      vertex -89.29259271713866 -58.57352380637815 4.949999999999999
      vertex -89.29259271713866 -58.57352380637815 0
    endloop
  endfacet
  facet normal -0.9807852804032259 0.19509032201615129 -3.5934885187416807e-19
    outer loop
      vertex -89.29259271713866 -58.57352380637815 4.949999999999999
      vertex -89.26069392328273 -58.41315774027507 4.949999999999999
      vertex -89.26069392328273 -58.41315774027507 0
    endloop
  endfacet
  facet normal -0.9978589232386064 0.06540312923009985 2.156517745856883e-20
    outer loop
      vertex -89.26069392328273 -58.41315774027507 4.949999999999999
      vertex -89.25 -58.25 4.949999999999999
      vertex -89.25 -58.25 0
    endloop
  endfacet
  facet normal -0.9978589232386064 -0.06540312923009985 -2.156517745856883e-20
    outer loop
      vertex -89.25 -58.25 4.949999999999999
      vertex -89.26069392328273 -58.08684225972493 4.949999999999999
      vertex -89.26069392328273 -58.08684225972493 0
    endloop
  endfacet
  facet normal -0.9807852804032259 -0.19509032201615129 3.5934885187416807e-19
    outer loop
      vertex -89.26069392328273 -58.08684225972493 4.949999999999999
      vertex -89.29259271713866 -57.92647619362185 4.949999999999999
      vertex -89.29259271713866 -57.92647619362185 0
    endloop
  endfacet
  facet normal -0.9469301294950928 -0.3214394653031999 2.3344277975650142e-19
    outer loop
      vertex -89.29259271713866 -57.92647619362185 4.949999999999999
      vertex -89.3451505843609 -57.77164570954364 4.949999999999999
      vertex -89.3451505843609 -57.77164570954364 0
    endloop
  endfacet
  facet normal -0.8968727415327102 -0.44228869021895684 0
    outer loop
      vertex -89.41746824526945 -57.625 4.949999999999999
      vertex -89.41746824526945 -57.625 0
      vertex -89.3451505843609 -57.77164570954364 4.949999999999999
    endloop
  endfacet
  facet normal -0.8314696123025205 -0.5555702330196393 0
    outer loop
      vertex -89.50830832463596 -57.489048213739096 4.949999999999999
      vertex -89.50830832463596 -57.489048213739096 0
      vertex -89.41746824526945 -57.625 4.949999999999999
    endloop
  endfacet
  facet normal 0.8314696123025205 0.5555702330196393 0
    outer loop
      vertex 89.41746824526945 -58.875 4.949999999999999
      vertex 89.50830832463596 -59.010951786260904 0
      vertex 89.41746824526945 -58.875 0
    endloop
  endfacet
  facet normal 0.8968727415327102 0.44228869021895684 0
    outer loop
      vertex 89.3451505843609 -58.72835429045636 4.949999999999999
      vertex 89.41746824526945 -58.875 0
      vertex 89.3451505843609 -58.72835429045636 0
    endloop
  endfacet
  facet normal 0.9469301294950928 0.3214394653031999 0
    outer loop
      vertex 89.29259271713866 -58.57352380637815 4.949999999999999
      vertex 89.3451505843609 -58.72835429045636 0
      vertex 89.29259271713866 -58.57352380637815 0
    endloop
  endfacet
  facet normal 0.9807852804032259 0.19509032201615129 0
    outer loop
      vertex 89.26069392328273 -58.41315774027507 4.949999999999999
      vertex 89.29259271713866 -58.57352380637815 0
      vertex 89.26069392328273 -58.41315774027507 0
    endloop
  endfacet
  facet normal 0.9978589232386064 0.06540312923009985 0
    outer loop
      vertex 89.25 -58.25 4.949999999999999
      vertex 89.26069392328273 -58.41315774027507 0
      vertex 89.25 -58.25 0
    endloop
  endfacet
  facet normal 0.9978589232386064 -0.06540312923009985 0
    outer loop
      vertex 89.26069392328273 -58.08684225972493 4.949999999999999
      vertex 89.25 -58.25 0
      vertex 89.26069392328273 -58.08684225972493 0
    endloop
  endfacet
  facet normal 0.9807852804032259 -0.19509032201615129 0
    outer loop
      vertex 89.29259271713866 -57.92647619362185 4.949999999999999
      vertex 89.26069392328273 -58.08684225972493 0
      vertex 89.29259271713866 -57.92647619362185 0
    endloop
  endfacet
  facet normal 0.9469301294950928 -0.3214394653031999 0
    outer loop
      vertex 89.3451505843609 -57.77164570954364 4.949999999999999
      vertex 89.29259271713866 -57.92647619362185 0
      vertex 89.3451505843609 -57.77164570954364 0
    endloop
  endfacet
  facet normal 0.8968727415327102 -0.44228869021895684 0
    outer loop
      vertex 89.41746824526945 -57.625 4.949999999999999
      vertex 89.3451505843609 -57.77164570954364 0
      vertex 89.41746824526945 -57.625 0
    endloop
  endfacet
  facet normal 0.8314696123025205 -0.5555702330196393 0
    outer loop
      vertex 89.50830832463596 -57.489048213739096 4.949999999999999
      vertex 89.41746824526945 -57.625 0
      vertex 89.50830832463596 -57.489048213739096 0
    endloop
  endfacet
  facet normal 0.5555702330195792 0.8314696123025607 0
    outer loop
      vertex 89.7390482137391 -59.241691675364045 4.949999999999999
      vertex 89.875 -59.332531754730546 0
      vertex 89.7390482137391 -59.241691675364045 0
    endloop
  endfacet
  facet normal 0.32143946530314776 0.9469301294951104 0
    outer loop
      vertex 90.02164570954363 -59.404849415639106 4.949999999999999
      vertex 90.17647619362185 -59.45740728286133 0
      vertex 90.02164570954363 -59.404849415639106 0
    endloop
  endfacet
  facet normal 0.44228869021900913 0.8968727415326846 0
    outer loop
      vertex 89.875 -59.332531754730546 4.949999999999999
      vertex 90.02164570954363 -59.404849415639106 0
      vertex 89.875 -59.332531754730546 0
    endloop
  endfacet
  facet normal 0.19509032201615129 0.9807852804032259 0
    outer loop
      vertex 90.17647619362185 -59.45740728286133 4.949999999999999
      vertex 90.33684225972493 -59.48930607671726 0
      vertex 90.17647619362185 -59.45740728286133 0
    endloop
  endfacet
  facet normal 0.06540312923014312 0.9978589232386035 0
    outer loop
      vertex 90.33684225972493 -59.48930607671726 4.949999999999999
      vertex 90.5 -59.5 0
      vertex 90.33684225972493 -59.48930607671726 0
    endloop
  endfacet
  facet normal -0.06540312923014312 0.9978589232386035 0
    outer loop
      vertex 90.5 -59.5 4.949999999999999
      vertex 90.66315774027507 -59.48930607671726 0
      vertex 90.5 -59.5 0
    endloop
  endfacet
  facet normal -0.19509032201615129 0.9807852804032259 0
    outer loop
      vertex 90.66315774027507 -59.48930607671726 4.949999999999999
      vertex 90.82352380637815 -59.45740728286133 0
      vertex 90.66315774027507 -59.48930607671726 0
    endloop
  endfacet
  facet normal -0.32143946530314776 0.9469301294951104 0
    outer loop
      vertex 90.82352380637815 -59.45740728286133 4.949999999999999
      vertex 90.97835429045637 -59.404849415639106 0
      vertex 90.82352380637815 -59.45740728286133 0
    endloop
  endfacet
  facet normal -0.44228869021900913 0.8968727415326846 0
    outer loop
      vertex 90.97835429045637 -59.404849415639106 4.949999999999999
      vertex 91.125 -59.332531754730546 0
      vertex 90.97835429045637 -59.404849415639106 0
    endloop
  endfacet
  facet normal -0.5555702330195792 0.8314696123025607 0
    outer loop
      vertex 91.125 -59.332531754730546 4.949999999999999
      vertex 91.2609517862609 -59.241691675364045 0
      vertex 91.125 -59.332531754730546 0
    endloop
  endfacet
  facet normal 0.6593458151000602 0.751839807478985 0
    outer loop
      vertex 89.61611652351681 -59.133883476483184 4.949999999999999
      vertex 89.7390482137391 -59.241691675364045 0
      vertex 89.61611652351681 -59.133883476483184 0
    endloop
  endfacet
  facet normal 0.7518398074790094 0.6593458151000325 0
    outer loop
      vertex 89.50830832463596 -59.010951786260904 4.949999999999999
      vertex 89.61611652351681 -59.133883476483184 0
      vertex 89.50830832463596 -59.010951786260904 0
    endloop
  endfacet
  facet normal 0.7518398074790094 -0.6593458151000325 0
    outer loop
      vertex 89.61611652351681 -57.366116523516816 4.949999999999999
      vertex 89.50830832463596 -57.489048213739096 0
      vertex 89.61611652351681 -57.366116523516816 0
    endloop
  endfacet
  facet normal 0.6593458151000602 -0.751839807478985 0
    outer loop
      vertex 89.7390482137391 -57.258308324635955 4.949999999999999
      vertex 89.61611652351681 -57.366116523516816 0
      vertex 89.7390482137391 -57.258308324635955 0
    endloop
  endfacet
  facet normal -0.6593458151000602 0.751839807478985 0
    outer loop
      vertex 91.2609517862609 -59.241691675364045 4.949999999999999
      vertex 91.38388347648319 -59.133883476483184 0
      vertex 91.2609517862609 -59.241691675364045 0
    endloop
  endfacet
  facet normal -0.7518398074790094 0.6593458151000325 0
    outer loop
      vertex 91.38388347648319 -59.133883476483184 4.949999999999999
      vertex 91.49169167536404 -59.010951786260904 0
      vertex 91.38388347648319 -59.133883476483184 0
    endloop
  endfacet
  facet normal -0.8314696123025205 0.5555702330196393 0
    outer loop
      vertex 91.49169167536404 -59.010951786260904 4.949999999999999
      vertex 91.58253175473055 -58.875 0
      vertex 91.49169167536404 -59.010951786260904 0
    endloop
  endfacet
  facet normal -0.8968727415327102 0.44228869021895684 0
    outer loop
      vertex 91.58253175473055 -58.875 4.949999999999999
      vertex 91.6548494156391 -58.72835429045636 0
      vertex 91.58253175473055 -58.875 0
    endloop
  endfacet
  facet normal -0.9469301294950928 0.3214394653031999 0
    outer loop
      vertex 91.6548494156391 -58.72835429045636 4.949999999999999
      vertex 91.70740728286134 -58.57352380637815 0
      vertex 91.6548494156391 -58.72835429045636 0
    endloop
  endfacet
  facet normal -0.9807852804032259 0.19509032201615129 0
    outer loop
      vertex 91.70740728286134 -58.57352380637815 4.949999999999999
      vertex 91.73930607671727 -58.41315774027507 0
      vertex 91.70740728286134 -58.57352380637815 0
    endloop
  endfacet
  facet normal -0.9978589232386064 0.06540312923009985 0
    outer loop
      vertex 91.73930607671727 -58.41315774027507 4.949999999999999
      vertex 91.75 -58.25 0
      vertex 91.73930607671727 -58.41315774027507 0
    endloop
  endfacet
  facet normal -0.9978589232386064 -0.06540312923009985 0
    outer loop
      vertex 91.75 -58.25 4.949999999999999
      vertex 91.73930607671727 -58.08684225972493 0
      vertex 91.75 -58.25 0
    endloop
  endfacet
  facet normal -0.9807852804032259 -0.19509032201615129 0
    outer loop
      vertex 91.73930607671727 -58.08684225972493 4.949999999999999
      vertex 91.70740728286134 -57.92647619362185 0
      vertex 91.73930607671727 -58.08684225972493 0
    endloop
  endfacet
  facet normal -0.9469301294950928 -0.3214394653031999 0
    outer loop
      vertex 91.70740728286134 -57.92647619362185 4.949999999999999
      vertex 91.6548494156391 -57.77164570954364 0
      vertex 91.70740728286134 -57.92647619362185 0
    endloop
  endfacet
  facet normal -0.8968727415327102 -0.44228869021895684 0
    outer loop
      vertex 91.6548494156391 -57.77164570954364 4.949999999999999
      vertex 91.58253175473055 -57.625 0
      vertex 91.6548494156391 -57.77164570954364 0
    endloop
  endfacet
  facet normal -0.6593458151000602 -0.751839807478985 0
    outer loop
      vertex 91.38388347648319 -57.366116523516816 4.949999999999999
      vertex 91.2609517862609 -57.258308324635955 0
      vertex 91.38388347648319 -57.366116523516816 0
    endloop
  endfacet
  facet normal -0.5555702330195792 -0.8314696123025607 0
    outer loop
      vertex 91.2609517862609 -57.258308324635955 4.949999999999999
      vertex 91.125 -57.167468245269454 0
      vertex 91.2609517862609 -57.258308324635955 0
    endloop
  endfacet
  facet normal -0.8314696123025205 -0.5555702330196393 0
    outer loop
      vertex 91.58253175473055 -57.625 4.949999999999999
      vertex 91.49169167536404 -57.489048213739096 0
      vertex 91.58253175473055 -57.625 0
    endloop
  endfacet
  facet normal -0.7518398074790094 -0.6593458151000325 0
    outer loop
      vertex 91.49169167536404 -57.489048213739096 4.949999999999999
      vertex 91.38388347648319 -57.366116523516816 0
      vertex 91.49169167536404 -57.489048213739096 0
    endloop
  endfacet
  facet normal 0.5555702330195792 -0.8314696123025607 0
    outer loop
      vertex 89.875 -57.167468245269454 4.949999999999999
      vertex 89.7390482137391 -57.258308324635955 0
      vertex 89.875 -57.167468245269454 0
    endloop
  endfacet
  facet normal 0.44228869021900913 -0.8968727415326846 0
    outer loop
      vertex 90.02164570954363 -57.095150584360894 4.949999999999999
      vertex 89.875 -57.167468245269454 0
      vertex 90.02164570954363 -57.095150584360894 0
    endloop
  endfacet
  facet normal 0.32143946530314776 -0.9469301294951104 0
    outer loop
      vertex 90.17647619362185 -57.04259271713867 4.949999999999999
      vertex 90.02164570954363 -57.095150584360894 0
      vertex 90.17647619362185 -57.04259271713867 0
    endloop
  endfacet
  facet normal 0.19509032201615129 -0.9807852804032259 0
    outer loop
      vertex 90.33684225972493 -57.01069392328274 4.949999999999999
      vertex 90.17647619362185 -57.04259271713867 0
      vertex 90.33684225972493 -57.01069392328274 0
    endloop
  endfacet
  facet normal 0.06540312923014312 -0.9978589232386035 0
    outer loop
      vertex 90.5 -57 4.949999999999999
      vertex 90.33684225972493 -57.01069392328274 0
      vertex 90.5 -57 0
    endloop
  endfacet
  facet normal -0.06540312923014312 -0.9978589232386035 0
    outer loop
      vertex 90.66315774027507 -57.01069392328274 4.949999999999999
      vertex 90.5 -57 0
      vertex 90.66315774027507 -57.01069392328274 0
    endloop
  endfacet
  facet normal -0.19509032201615129 -0.9807852804032259 0
    outer loop
      vertex 90.82352380637815 -57.04259271713867 4.949999999999999
      vertex 90.66315774027507 -57.01069392328274 0
      vertex 90.82352380637815 -57.04259271713867 0
    endloop
  endfacet
  facet normal -0.32143946530314776 -0.9469301294951104 0
    outer loop
      vertex 90.97835429045637 -57.095150584360894 4.949999999999999
      vertex 90.82352380637815 -57.04259271713867 0
      vertex 90.97835429045637 -57.095150584360894 0
    endloop
  endfacet
  facet normal -0.44228869021900913 -0.8968727415326846 0
    outer loop
      vertex 91.125 -57.167468245269454 4.949999999999999
      vertex 90.97835429045637 -57.095150584360894 0
      vertex 91.125 -57.167468245269454 0
    endloop
  endfacet
  facet normal 0.8314696123025205 0.5555702330196393 -9.55546245394125e-19
    outer loop
      vertex 89.41746824526945 -58.875 4.949999999999999
      vertex 89.50830832463596 -59.010951786260904 4.949999999999999
      vertex 89.50830832463596 -59.010951786260904 0
    endloop
  endfacet
  facet normal 0.8968727415327102 0.44228869021895684 -1.8679020369391492e-19
    outer loop
      vertex 89.3451505843609 -58.72835429045636 4.949999999999999
      vertex 89.41746824526945 -58.875 4.949999999999999
      vertex 89.41746824526945 -58.875 0
    endloop
  endfacet
  facet normal 0.9469301294950928 0.3214394653031999 0
    outer loop
      vertex 89.3451505843609 -58.72835429045636 4.949999999999999
      vertex 89.3451505843609 -58.72835429045636 0
      vertex 89.29259271713866 -58.57352380637815 4.949999999999999
    endloop
  endfacet
  facet normal 0.9807852804032259 0.19509032201615129 0
    outer loop
      vertex 89.29259271713866 -58.57352380637815 4.949999999999999
      vertex 89.29259271713866 -58.57352380637815 0
      vertex 89.26069392328273 -58.41315774027507 4.949999999999999
    endloop
  endfacet
  facet normal 0.9978589232386064 0.06540312923009985 0
    outer loop
      vertex 89.26069392328273 -58.41315774027507 4.949999999999999
      vertex 89.26069392328273 -58.41315774027507 0
      vertex 89.25 -58.25 4.949999999999999
    endloop
  endfacet
  facet normal 0.9978589232386064 -0.06540312923009985 0
    outer loop
      vertex 89.25 -58.25 4.949999999999999
      vertex 89.25 -58.25 0
      vertex 89.26069392328273 -58.08684225972493 4.949999999999999
    endloop
  endfacet
  facet normal 0.9807852804032259 -0.19509032201615129 0
    outer loop
      vertex 89.26069392328273 -58.08684225972493 4.949999999999999
      vertex 89.26069392328273 -58.08684225972493 0
      vertex 89.29259271713866 -57.92647619362185 4.949999999999999
    endloop
  endfacet
  facet normal 0.9469301294950928 -0.3214394653031999 0
    outer loop
      vertex 89.29259271713866 -57.92647619362185 4.949999999999999
      vertex 89.29259271713866 -57.92647619362185 0
      vertex 89.3451505843609 -57.77164570954364 4.949999999999999
    endloop
  endfacet
  facet normal 0.8968727415327102 -0.44228869021895684 0
    outer loop
      vertex 89.3451505843609 -57.77164570954364 4.949999999999999
      vertex 89.3451505843609 -57.77164570954364 0
      vertex 89.41746824526945 -57.625 4.949999999999999
    endloop
  endfacet
  facet normal 0.8314696123025205 -0.5555702330196393 0
    outer loop
      vertex 89.41746824526945 -57.625 4.949999999999999
      vertex 89.41746824526945 -57.625 0
      vertex 89.50830832463596 -57.489048213739096 4.949999999999999
    endloop
  endfacet
  facet normal 0.5555702330195792 0.8314696123025607 5.812832744963746e-19
    outer loop
      vertex 89.7390482137391 -59.241691675364045 4.949999999999999
      vertex 89.875 -59.332531754730546 4.949999999999999
      vertex 89.875 -59.332531754730546 0
    endloop
  endfacet
  facet normal 0.44228869021900913 0.8968727415326846 0
    outer loop
      vertex 90.02164570954363 -59.404849415639106 4.949999999999999
      vertex 90.02164570954363 -59.404849415639106 0
      vertex 89.875 -59.332531754730546 4.949999999999999
    endloop
  endfacet
  facet normal 0.32143946530314776 0.9469301294951104 3.762637783072515e-20
    outer loop
      vertex 90.02164570954363 -59.404849415639106 4.949999999999999
      vertex 90.17647619362185 -59.45740728286133 4.949999999999999
      vertex 90.17647619362185 -59.45740728286133 0
    endloop
  endfacet
  facet normal 0.06540312923014312 0.9978589232386035 -1.1609441201060123e-19
    outer loop
      vertex 90.33684225972493 -59.48930607671726 4.949999999999999
      vertex 90.5 -59.5 4.949999999999999
      vertex 90.5 -59.5 0
    endloop
  endfacet
  facet normal 0.19509032201615129 0.9807852804032259 3.5934885187416807e-19
    outer loop
      vertex 90.17647619362185 -59.45740728286133 4.949999999999999
      vertex 90.33684225972493 -59.48930607671726 4.949999999999999
      vertex 90.33684225972493 -59.48930607671726 0
    endloop
  endfacet
  facet normal -0.06540312923014312 0.9978589232386035 1.1609441201060123e-19
    outer loop
      vertex 90.5 -59.5 4.949999999999999
      vertex 90.66315774027507 -59.48930607671726 4.949999999999999
      vertex 90.66315774027507 -59.48930607671726 0
    endloop
  endfacet
  facet normal -0.19509032201615129 0.9807852804032259 -3.5934885187416807e-19
    outer loop
      vertex 90.66315774027507 -59.48930607671726 4.949999999999999
      vertex 90.82352380637815 -59.45740728286133 4.949999999999999
      vertex 90.82352380637815 -59.45740728286133 0
    endloop
  endfacet
  facet normal -0.32143946530314776 0.9469301294951104 -3.762637783072515e-20
    outer loop
      vertex 90.82352380637815 -59.45740728286133 4.949999999999999
      vertex 90.97835429045637 -59.404849415639106 4.949999999999999
      vertex 90.97835429045637 -59.404849415639106 0
    endloop
  endfacet
  facet normal -0.44228869021900913 0.8968727415326846 -9.969914947530603e-19
    outer loop
      vertex 90.97835429045637 -59.404849415639106 4.949999999999999
      vertex 91.125 -59.332531754730546 4.949999999999999
      vertex 91.125 -59.332531754730546 0
    endloop
  endfacet
  facet normal -0.5555702330195792 0.8314696123025607 -5.812832744963746e-19
    outer loop
      vertex 91.125 -59.332531754730546 4.949999999999999
      vertex 91.2609517862609 -59.241691675364045 4.949999999999999
      vertex 91.2609517862609 -59.241691675364045 0
    endloop
  endfacet
  facet normal 0.6593458151000602 0.751839807478985 7.66390554266424e-19
    outer loop
      vertex 89.61611652351681 -59.133883476483184 4.949999999999999
      vertex 89.7390482137391 -59.241691675364045 4.949999999999999
      vertex 89.7390482137391 -59.241691675364045 0
    endloop
  endfacet
  facet normal 0.7518398074790094 0.6593458151000325 0
    outer loop
      vertex 89.61611652351681 -59.133883476483184 4.949999999999999
      vertex 89.61611652351681 -59.133883476483184 0
      vertex 89.50830832463596 -59.010951786260904 4.949999999999999
    endloop
  endfacet
  facet normal 0.7518398074790094 -0.6593458151000325 0
    outer loop
      vertex 89.50830832463596 -57.489048213739096 4.949999999999999
      vertex 89.50830832463596 -57.489048213739096 0
      vertex 89.61611652351681 -57.366116523516816 4.949999999999999
    endloop
  endfacet
  facet normal 0.6593458151000602 -0.751839807478985 0
    outer loop
      vertex 89.61611652351681 -57.366116523516816 4.949999999999999
      vertex 89.61611652351681 -57.366116523516816 0
      vertex 89.7390482137391 -57.258308324635955 4.949999999999999
    endloop
  endfacet
  facet normal 0.5555702330195792 -0.8314696123025607 0
    outer loop
      vertex 89.7390482137391 -57.258308324635955 4.949999999999999
      vertex 89.7390482137391 -57.258308324635955 0
      vertex 89.875 -57.167468245269454 4.949999999999999
    endloop
  endfacet
  facet normal -0.6593458151000602 0.751839807478985 -7.66390554266424e-19
    outer loop
      vertex 91.2609517862609 -59.241691675364045 4.949999999999999
      vertex 91.38388347648319 -59.133883476483184 4.949999999999999
      vertex 91.38388347648319 -59.133883476483184 0
    endloop
  endfacet
  facet normal -0.7518398074790094 0.6593458151000325 7.799500014478365e-21
    outer loop
      vertex 91.38388347648319 -59.133883476483184 4.949999999999999
      vertex 91.49169167536404 -59.010951786260904 4.949999999999999
      vertex 91.49169167536404 -59.010951786260904 0
    endloop
  endfacet
  facet normal -0.8314696123025205 0.5555702330196393 9.55546245394125e-19
    outer loop
      vertex 91.49169167536404 -59.010951786260904 4.949999999999999
      vertex 91.58253175473055 -58.875 4.949999999999999
      vertex 91.58253175473055 -58.875 0
    endloop
  endfacet
  facet normal -0.8968727415327102 0.44228869021895684 1.8679020369391492e-19
    outer loop
      vertex 91.58253175473055 -58.875 4.949999999999999
      vertex 91.6548494156391 -58.72835429045636 4.949999999999999
      vertex 91.6548494156391 -58.72835429045636 0
    endloop
  endfacet
  facet normal -0.9469301294950928 0.3214394653031999 -2.3344277975650142e-19
    outer loop
      vertex 91.6548494156391 -58.72835429045636 4.949999999999999
      vertex 91.70740728286134 -58.57352380637815 4.949999999999999
      vertex 91.70740728286134 -58.57352380637815 0
    endloop
  endfacet
  facet normal -0.9807852804032259 0.19509032201615129 -3.5934885187416807e-19
    outer loop
      vertex 91.70740728286134 -58.57352380637815 4.949999999999999
      vertex 91.73930607671727 -58.41315774027507 4.949999999999999
      vertex 91.73930607671727 -58.41315774027507 0
    endloop
  endfacet
  facet normal -0.9978589232386064 0.06540312923009985 2.156517745856883e-20
    outer loop
      vertex 91.73930607671727 -58.41315774027507 4.949999999999999
      vertex 91.75 -58.25 4.949999999999999
      vertex 91.75 -58.25 0
    endloop
  endfacet
  facet normal -0.9978589232386064 -0.06540312923009985 -2.156517745856883e-20
    outer loop
      vertex 91.75 -58.25 4.949999999999999
      vertex 91.73930607671727 -58.08684225972493 4.949999999999999
      vertex 91.73930607671727 -58.08684225972493 0
    endloop
  endfacet
  facet normal -0.9807852804032259 -0.19509032201615129 3.5934885187416807e-19
    outer loop
      vertex 91.73930607671727 -58.08684225972493 4.949999999999999
      vertex 91.70740728286134 -57.92647619362185 4.949999999999999
      vertex 91.70740728286134 -57.92647619362185 0
    endloop
  endfacet
  facet normal -0.9469301294950928 -0.3214394653031999 2.3344277975650142e-19
    outer loop
      vertex 91.70740728286134 -57.92647619362185 4.949999999999999
      vertex 91.6548494156391 -57.77164570954364 4.949999999999999
      vertex 91.6548494156391 -57.77164570954364 0
    endloop
  endfacet
  facet normal -0.6593458151000602 -0.751839807478985 0
    outer loop
      vertex 91.2609517862609 -57.258308324635955 4.949999999999999
      vertex 91.2609517862609 -57.258308324635955 0
      vertex 91.38388347648319 -57.366116523516816 4.949999999999999
    endloop
  endfacet
  facet normal -0.8314696123025205 -0.5555702330196393 0
    outer loop
      vertex 91.49169167536404 -57.489048213739096 4.949999999999999
      vertex 91.49169167536404 -57.489048213739096 0
      vertex 91.58253175473055 -57.625 4.949999999999999
    endloop
  endfacet
  facet normal -0.8968727415327102 -0.44228869021895684 0
    outer loop
      vertex 91.58253175473055 -57.625 4.949999999999999
      vertex 91.58253175473055 -57.625 0
      vertex 91.6548494156391 -57.77164570954364 4.949999999999999
    endloop
  endfacet
  facet normal -0.7518398074790094 -0.6593458151000325 -7.799500014478365e-21
    outer loop
      vertex 91.49169167536404 -57.489048213739096 4.949999999999999
      vertex 91.38388347648319 -57.366116523516816 4.949999999999999
      vertex 91.38388347648319 -57.366116523516816 0
    endloop
  endfacet
  facet normal 0.44228869021900913 -0.8968727415326846 0
    outer loop
      vertex 89.875 -57.167468245269454 4.949999999999999
      vertex 89.875 -57.167468245269454 0
      vertex 90.02164570954363 -57.095150584360894 4.949999999999999
    endloop
  endfacet
  facet normal 0.32143946530314776 -0.9469301294951104 0
    outer loop
      vertex 90.02164570954363 -57.095150584360894 4.949999999999999
      vertex 90.02164570954363 -57.095150584360894 0
      vertex 90.17647619362185 -57.04259271713867 4.949999999999999
    endloop
  endfacet
  facet normal 0.19509032201615129 -0.9807852804032259 0
    outer loop
      vertex 90.17647619362185 -57.04259271713867 4.949999999999999
      vertex 90.17647619362185 -57.04259271713867 0
      vertex 90.33684225972493 -57.01069392328274 4.949999999999999
    endloop
  endfacet
  facet normal 0.06540312923014312 -0.9978589232386035 0
    outer loop
      vertex 90.33684225972493 -57.01069392328274 4.949999999999999
      vertex 90.33684225972493 -57.01069392328274 0
      vertex 90.5 -57 4.949999999999999
    endloop
  endfacet
  facet normal -0.06540312923014312 -0.9978589232386035 0
    outer loop
      vertex 90.5 -57 4.949999999999999
      vertex 90.5 -57 0
      vertex 90.66315774027507 -57.01069392328274 4.949999999999999
    endloop
  endfacet
  facet normal -0.19509032201615129 -0.9807852804032259 0
    outer loop
      vertex 90.66315774027507 -57.01069392328274 4.949999999999999
      vertex 90.66315774027507 -57.01069392328274 0
      vertex 90.82352380637815 -57.04259271713867 4.949999999999999
    endloop
  endfacet
  facet normal -0.32143946530314776 -0.9469301294951104 0
    outer loop
      vertex 90.82352380637815 -57.04259271713867 4.949999999999999
      vertex 90.82352380637815 -57.04259271713867 0
      vertex 90.97835429045637 -57.095150584360894 4.949999999999999
    endloop
  endfacet
  facet normal -0.5555702330195792 -0.8314696123025607 0
    outer loop
      vertex 91.125 -57.167468245269454 4.949999999999999
      vertex 91.125 -57.167468245269454 0
      vertex 91.2609517862609 -57.258308324635955 4.949999999999999
    endloop
  endfacet
  facet normal -0.44228869021900913 -0.8968727415326846 9.969914947530603e-19
    outer loop
      vertex 91.125 -57.167468245269454 4.949999999999999
      vertex 90.97835429045637 -57.095150584360894 4.949999999999999
      vertex 90.97835429045637 -57.095150584360894 0
    endloop
  endfacet
  facet normal 0.4689292266333998 0.5347113023229265 0.7029859198996247
    outer loop
      vertex -91.2609517862609 59.758308324635955 4.949999999999999
      vertex -91.38388347648319 59.866116523516816 4.949999999999999
      vertex -92.1193412371041 59.1306587628959 6
    endloop
  endfacet
  facet normal 0.39512364186443305 0.5913443193797208 0.7029859198996251
    outer loop
      vertex -91.125 59.667468245269454 4.949999999999999
      vertex -91.2609517862609 59.758308324635955 4.949999999999999
      vertex -91.89412110275346 58.933146006078324 6
    endloop
  endfacet
  facet normal 0.31455738203422773 0.6378592711802892 0.7029859198996259
    outer loop
      vertex -90.97835429045637 59.595150584360894 4.949999999999999
      vertex -91.125 59.667468245269454 4.949999999999999
      vertex -91.64504716981132 58.76672012482385 6
    endloop
  endfacet
  facet normal 0.22860895818559698 0.6734602740029811 0.7029859198996276
    outer loop
      vertex -90.82352380637815 59.54259271713867 4.949999999999999
      vertex -90.97835429045637 59.595150584360894 4.949999999999999
      vertex -91.37638116232667 58.63422871210269 6
    endloop
  endfacet
  facet normal 0.13874897168007555 0.6975381848190092 0.702985919899626
    outer loop
      vertex -90.66315774027507 59.51069392328274 4.949999999999999
      vertex -90.82352380637815 59.54259271713867 4.949999999999999
      vertex -91.09272003017581 58.537938732720086 6
    endloop
  endfacet
  facet normal 0.046514951800582585 0.7096810238986682 0.7029859198996289
    outer loop
      vertex -90.66315774027507 59.51069392328274 4.949999999999999
      vertex -90.79891729397563 58.479497734919875 6
      vertex -90.5 59.5 4.949999999999999
    endloop
  endfacet
  facet normal -0.04651495180058276 0.7096810238986709 0.7029859198996261
    outer loop
      vertex -90.5 59.5 4.949999999999999
      vertex -90.5 58.45990566037736 6
      vertex -90.33684225972493 59.51069392328274 4.949999999999999
    endloop
  endfacet
  facet normal -0.13874897168007563 0.6975381848190095 0.7029859198996257
    outer loop
      vertex -90.33684225972493 59.51069392328274 4.949999999999999
      vertex -90.20108270602437 58.47949773491988 6
      vertex -90.17647619362185 59.54259271713867 4.949999999999999
    endloop
  endfacet
  facet normal -0.22860895818559757 0.6734602740029829 0.7029859198996257
    outer loop
      vertex -90.17647619362185 59.54259271713867 4.949999999999999
      vertex -89.90727996982419 58.537938732720086 6
      vertex -90.02164570954363 59.595150584360894 4.949999999999999
    endloop
  endfacet
  facet normal -0.3145573820342269 0.6378592711802875 0.7029859198996277
    outer loop
      vertex -90.02164570954363 59.595150584360894 4.949999999999999
      vertex -89.62361883767333 58.63422871210269 6
      vertex -89.875 59.667468245269454 4.949999999999999
    endloop
  endfacet
  facet normal -0.39512364186443233 0.5913443193797197 0.7029859198996264
    outer loop
      vertex -89.875 59.667468245269454 4.949999999999999
      vertex -89.35495283018868 58.76672012482385 6
      vertex -89.7390482137391 59.758308324635955 4.949999999999999
    endloop
  endfacet
  facet normal 0.5913443193796941 0.39512364186447707 0.7029859198996226
    outer loop
      vertex -91.49169167536404 59.989048213739096 4.949999999999999
      vertex -91.58253175473055 60.125 4.949999999999999
      vertex -92.48327987517615 59.60495283018868 6
    endloop
  endfacet
  facet normal 0.6378592711803074 0.3145573820341906 0.702985919899626
    outer loop
      vertex -91.58253175473055 60.125 4.949999999999999
      vertex -91.6548494156391 60.27164570954364 4.949999999999999
      vertex -92.6157712878973 59.87361883767335 6
    endloop
  endfacet
  facet normal 0.6734602740029708 0.22860895818563481 0.7029859198996251
    outer loop
      vertex -91.6548494156391 60.27164570954364 4.949999999999999
      vertex -91.70740728286134 60.42647619362185 4.949999999999999
      vertex -92.71206126727992 60.15727996982418 6
    endloop
  endfacet
  facet normal 0.6975381848190142 0.13874897168007655 0.7029859198996208
    outer loop
      vertex -91.70740728286134 60.42647619362185 4.949999999999999
      vertex -91.73930607671727 60.58684225972493 4.949999999999999
      vertex -92.77050226508011 60.451082706024366 6
    endloop
  endfacet
  facet normal 0.7096810238986719 0.04651495180055192 0.7029859198996271
    outer loop
      vertex -91.73930607671727 60.58684225972493 4.949999999999999
      vertex -91.75 60.75 4.949999999999999
      vertex -92.79009433962264 60.75 6
    endloop
  endfacet
  facet normal 0.5347113023229411 0.4689292266333779 0.7029859198996282
    outer loop
      vertex -91.38388347648319 59.866116523516816 4.949999999999999
      vertex -91.49169167536404 59.989048213739096 4.949999999999999
      vertex -92.31685399392167 59.355878897246534 6
    endloop
  endfacet
  facet normal 0.7096810238986785 -0.04651495180055235 0.7029859198996206
    outer loop
      vertex -91.75 60.75 4.949999999999999
      vertex -91.73930607671727 60.91315774027507 4.949999999999999
      vertex -92.77050226508011 61.048917293975634 6
    endloop
  endfacet
  facet normal 0.6975381848190088 -0.13874897168007547 0.7029859198996264
    outer loop
      vertex -91.73930607671727 60.91315774027507 4.949999999999999
      vertex -91.70740728286134 61.07352380637815 4.949999999999999
      vertex -92.71206126727992 61.34272003017582 6
    endloop
  endfacet
  facet normal 0.6734602740029703 -0.22860895818563465 0.7029859198996257
    outer loop
      vertex -91.70740728286134 61.07352380637815 4.949999999999999
      vertex -91.6548494156391 61.22835429045636 4.949999999999999
      vertex -92.6157712878973 61.62638116232665 6
    endloop
  endfacet
  facet normal 0.6378592711803106 -0.31455738203419215 0.7029859198996224
    outer loop
      vertex -91.6548494156391 61.22835429045636 4.949999999999999
      vertex -91.58253175473055 61.375 4.949999999999999
      vertex -92.48327987517615 61.89504716981132 6
    endloop
  endfacet
  facet normal 0.5913443193796897 -0.39512364186447413 0.702985919899628
    outer loop
      vertex -91.58253175473055 61.375 4.949999999999999
      vertex -91.49169167536404 61.510951786260904 4.949999999999999
      vertex -92.31685399392167 62.144121102753466 6
    endloop
  endfacet
  facet normal 0.5347113023229447 -0.46892922663338105 0.7029859198996233
    outer loop
      vertex -91.49169167536404 61.510951786260904 4.949999999999999
      vertex -91.38388347648319 61.633883476483184 4.949999999999999
      vertex -92.1193412371041 62.3693412371041 6
    endloop
  endfacet
  facet normal 0.4689292266333991 -0.5347113023229257 0.7029859198996258
    outer loop
      vertex -91.38388347648319 61.633883476483184 4.949999999999999
      vertex -91.2609517862609 61.741691675364045 4.949999999999999
      vertex -91.89412110275346 62.566853993921676 6
    endloop
  endfacet
  facet normal 0.39512364186443233 -0.5913443193797197 0.7029859198996264
    outer loop
      vertex -91.2609517862609 61.741691675364045 4.949999999999999
      vertex -91.125 61.832531754730546 4.949999999999999
      vertex -91.64504716981132 62.73327987517615 6
    endloop
  endfacet
  facet normal 0.3145573820342269 -0.6378592711802875 0.7029859198996278
    outer loop
      vertex -91.125 61.832531754730546 4.949999999999999
      vertex -90.97835429045637 61.904849415639106 4.949999999999999
      vertex -91.37638116232667 62.86577128789731 6
    endloop
  endfacet
  facet normal 0.22860895818559757 -0.6734602740029829 0.7029859198996257
    outer loop
      vertex -90.97835429045637 61.904849415639106 4.949999999999999
      vertex -90.82352380637815 61.95740728286133 4.949999999999999
      vertex -91.09272003017581 62.962061267279914 6
    endloop
  endfacet
  facet normal 0.13874897168007566 -0.6975381848190096 0.7029859198996256
    outer loop
      vertex -90.82352380637815 61.95740728286133 4.949999999999999
      vertex -90.66315774027507 61.98930607671726 4.949999999999999
      vertex -90.79891729397563 63.02050226508012 6
    endloop
  endfacet
  facet normal 0.04651495180058276 -0.7096810238986709 0.7029859198996261
    outer loop
      vertex -90.66315774027507 61.98930607671726 4.949999999999999
      vertex -90.5 62 4.949999999999999
      vertex -90.5 63.04009433962264 6
    endloop
  endfacet
  facet normal -0.04651495180058274 -0.7096810238986706 0.7029859198996264
    outer loop
      vertex -90.33684225972493 61.98930607671726 4.949999999999999
      vertex -90.20108270602437 63.02050226508012 6
      vertex -90.5 62 4.949999999999999
    endloop
  endfacet
  facet normal -0.31455738203422773 -0.6378592711802892 0.7029859198996259
    outer loop
      vertex -89.875 61.832531754730546 4.949999999999999
      vertex -89.35495283018868 62.73327987517615 6
      vertex -90.02164570954363 61.904849415639106 4.949999999999999
    endloop
  endfacet
  facet normal -0.39512364186443305 -0.5913443193797208 0.7029859198996251
    outer loop
      vertex -89.7390482137391 61.741691675364045 4.949999999999999
      vertex -89.10587889724654 62.566853993921676 6
      vertex -89.875 61.832531754730546 4.949999999999999
    endloop
  endfacet
  facet normal -0.13874897168007555 -0.6975381848190092 0.702985919899626
    outer loop
      vertex -90.17647619362185 61.95740728286133 4.949999999999999
      vertex -89.90727996982419 62.962061267279914 6
      vertex -90.33684225972493 61.98930607671726 4.949999999999999
    endloop
  endfacet
  facet normal -0.22860895818559698 -0.6734602740029811 0.7029859198996276
    outer loop
      vertex -90.02164570954363 61.904849415639106 4.949999999999999
      vertex -89.62361883767333 62.86577128789731 6
      vertex -90.17647619362185 61.95740728286133 4.949999999999999
    endloop
  endfacet
  facet normal -0.4689292266333991 0.5347113023229257 0.7029859198996258
    outer loop
      vertex -89.7390482137391 59.758308324635955 4.949999999999999
      vertex -89.10587889724654 58.933146006078324 6
      vertex -89.61611652351681 59.866116523516816 4.949999999999999
    endloop
  endfacet
  facet normal -0.5347113023229447 0.46892922663338105 0.7029859198996233
    outer loop
      vertex -89.61611652351681 59.866116523516816 4.949999999999999
      vertex -88.8806587628959 59.1306587628959 6
      vertex -89.50830832463596 59.989048213739096 4.949999999999999
    endloop
  endfacet
  facet normal -0.5913443193796897 0.39512364186447413 0.702985919899628
    outer loop
      vertex -89.50830832463596 59.989048213739096 4.949999999999999
      vertex -88.68314600607833 59.355878897246534 6
      vertex -89.41746824526945 60.125 4.949999999999999
    endloop
  endfacet
  facet normal -0.6378592711803106 0.31455738203419215 0.7029859198996224
    outer loop
      vertex -89.41746824526945 60.125 4.949999999999999
      vertex -88.51672012482385 59.60495283018868 6
      vertex -89.3451505843609 60.27164570954364 4.949999999999999
    endloop
  endfacet
  facet normal -0.6734602740029703 0.22860895818563465 0.7029859198996257
    outer loop
      vertex -89.3451505843609 60.27164570954364 4.949999999999999
      vertex -88.3842287121027 59.87361883767335 6
      vertex -89.29259271713866 60.42647619362185 4.949999999999999
    endloop
  endfacet
  facet normal -0.6975381848190088 0.13874897168007547 0.7029859198996264
    outer loop
      vertex -89.29259271713866 60.42647619362185 4.949999999999999
      vertex -88.28793873272008 60.15727996982418 6
      vertex -89.26069392328273 60.58684225972493 4.949999999999999
    endloop
  endfacet
  facet normal -0.7096810238986785 0.04651495180055235 0.7029859198996206
    outer loop
      vertex -89.26069392328273 60.58684225972493 4.949999999999999
      vertex -88.22949773491989 60.451082706024366 6
      vertex -89.25 60.75 4.949999999999999
    endloop
  endfacet
  facet normal -0.7096810238986719 -0.04651495180055192 0.7029859198996271
    outer loop
      vertex -89.25 60.75 4.949999999999999
      vertex -88.20990566037736 60.75 6
      vertex -89.26069392328273 60.91315774027507 4.949999999999999
    endloop
  endfacet
  facet normal -0.6975381848190142 -0.13874897168007655 0.7029859198996208
    outer loop
      vertex -89.26069392328273 60.91315774027507 4.949999999999999
      vertex -88.22949773491989 61.048917293975634 6
      vertex -89.29259271713866 61.07352380637815 4.949999999999999
    endloop
  endfacet
  facet normal -0.6734602740029708 -0.22860895818563481 0.7029859198996251
    outer loop
      vertex -89.29259271713866 61.07352380637815 4.949999999999999
      vertex -88.28793873272008 61.34272003017582 6
      vertex -89.3451505843609 61.22835429045636 4.949999999999999
    endloop
  endfacet
  facet normal -0.6378592711803074 -0.3145573820341906 0.702985919899626
    outer loop
      vertex -89.3451505843609 61.22835429045636 4.949999999999999
      vertex -88.3842287121027 61.62638116232665 6
      vertex -89.41746824526945 61.375 4.949999999999999
    endloop
  endfacet
  facet normal -0.5913443193796941 -0.39512364186447707 0.7029859198996227
    outer loop
      vertex -89.41746824526945 61.375 4.949999999999999
      vertex -88.51672012482385 61.89504716981132 6
      vertex -89.50830832463596 61.510951786260904 4.949999999999999
    endloop
  endfacet
  facet normal -0.4689292266333998 -0.5347113023229265 0.7029859198996247
    outer loop
      vertex -89.61611652351681 61.633883476483184 4.949999999999999
      vertex -88.8806587628959 62.3693412371041 6
      vertex -89.7390482137391 61.741691675364045 4.949999999999999
    endloop
  endfacet
  facet normal -0.5347113023229411 -0.4689292266333779 0.7029859198996282
    outer loop
      vertex -89.50830832463596 61.510951786260904 4.949999999999999
      vertex -88.68314600607833 62.144121102753466 6
      vertex -89.61611652351681 61.633883476483184 4.949999999999999
    endloop
  endfacet
  facet normal 0.5347113023229216 0.4689292266334056 0.7029859198996243
    outer loop
      vertex -91.38388347648319 59.866116523516816 4.949999999999999
      vertex -92.31685399392167 59.355878897246534 6
      vertex -92.1193412371041 59.1306587628959 6
    endloop
  endfacet
  facet normal 0.5913443193797115 0.3951236418644438 0.7029859198996269
    outer loop
      vertex -91.49169167536404 59.989048213739096 4.949999999999999
      vertex -92.48327987517615 59.60495283018868 6
      vertex -92.31685399392167 59.355878897246534 6
    endloop
  endfacet
  facet normal 0.3951236418644403 0.5913443193797148 0.702985919899626
    outer loop
      vertex -91.125 59.667468245269454 4.949999999999999
      vertex -91.89412110275346 58.933146006078324 6
      vertex -91.64504716981132 58.76672012482385 6
    endloop
  endfacet
  facet normal 0.22860895818558544 0.6734602740029867 0.7029859198996261
    outer loop
      vertex -90.82352380637815 59.54259271713867 4.949999999999999
      vertex -91.37638116232667 58.63422871210269 6
      vertex -91.09272003017581 58.537938732720086 6
    endloop
  endfacet
  facet normal 0.3145573820342387 0.6378592711802821 0.7029859198996274
    outer loop
      vertex -90.97835429045637 59.595150584360894 4.949999999999999
      vertex -91.64504716981132 58.76672012482385 6
      vertex -91.37638116232667 58.63422871210269 6
    endloop
  endfacet
  facet normal 0.4689292266334049 0.5347113023229207 0.7029859198996254
    outer loop
      vertex -91.2609517862609 59.758308324635955 4.949999999999999
      vertex -92.1193412371041 59.1306587628959 6
      vertex -91.89412110275346 58.933146006078324 6
    endloop
  endfacet
  facet normal 0.13874897168008812 0.697538184819005 0.7029859198996274
    outer loop
      vertex -90.66315774027507 59.51069392328274 4.949999999999999
      vertex -91.09272003017581 58.537938732720086 6
      vertex -90.79891729397563 58.479497734919875 6
    endloop
  endfacet
  facet normal 0.046514951800563725 0.7096810238986716 0.7029859198996267
    outer loop
      vertex -90.5 59.5 4.949999999999999
      vertex -90.79891729397563 58.479497734919875 6
      vertex -90.5 58.45990566037736 6
    endloop
  endfacet
  facet normal -0.04651495180058037 0.7096810238986708 0.7029859198996263
    outer loop
      vertex -90.33684225972493 59.51069392328274 4.949999999999999
      vertex -90.5 58.45990566037736 6
      vertex -90.20108270602437 58.47949773491988 6
    endloop
  endfacet
  facet normal -0.13874897168007227 0.6975381848190099 0.7029859198996259
    outer loop
      vertex -90.17647619362185 59.54259271713867 4.949999999999999
      vertex -90.20108270602437 58.47949773491988 6
      vertex -89.90727996982419 58.537938732720086 6
    endloop
  endfacet
  facet normal -0.22860895818558516 0.6734602740029857 0.702985919899627
    outer loop
      vertex -90.02164570954363 59.595150584360894 4.949999999999999
      vertex -89.90727996982419 58.537938732720086 6
      vertex -89.62361883767333 58.63422871210269 6
    endloop
  endfacet
  facet normal -0.3145573820342394 0.6378592711802828 0.7029859198996264
    outer loop
      vertex -89.875 59.667468245269454 4.949999999999999
      vertex -89.62361883767333 58.63422871210269 6
      vertex -89.35495283018868 58.76672012482385 6
    endloop
  endfacet
  facet normal 0.6378592711802991 0.3145573820342137 0.7029859198996232
    outer loop
      vertex -91.58253175473055 60.125 4.949999999999999
      vertex -92.6157712878973 59.87361883767335 6
      vertex -92.48327987517615 59.60495283018868 6
    endloop
  endfacet
  facet normal 0.6734602740029716 0.2286089581856312 0.7029859198996256
    outer loop
      vertex -91.6548494156391 60.27164570954364 4.949999999999999
      vertex -92.71206126727992 60.15727996982418 6
      vertex -92.6157712878973 59.87361883767335 6
    endloop
  endfacet
  facet normal 0.6975381848190176 0.1387489716800371 0.7029859198996251
    outer loop
      vertex -91.70740728286134 60.42647619362185 4.949999999999999
      vertex -92.77050226508011 60.451082706024366 6
      vertex -92.71206126727992 60.15727996982418 6
    endloop
  endfacet
  facet normal 0.709681023898674 0.0465149518005973 0.702985919899622
    outer loop
      vertex -91.73930607671727 60.58684225972493 4.949999999999999
      vertex -92.79009433962264 60.75 6
      vertex -92.77050226508011 60.451082706024366 6
    endloop
  endfacet
  facet normal 0.7096810238986705 -0.046514951800597296 0.7029859198996256
    outer loop
      vertex -91.75 60.75 4.949999999999999
      vertex -92.77050226508011 61.048917293975634 6
      vertex -92.79009433962264 60.75 6
    endloop
  endfacet
  facet normal 0.6975381848190207 -0.13874897168003741 0.7029859198996222
    outer loop
      vertex -91.73930607671727 60.91315774027507 4.949999999999999
      vertex -92.71206126727992 61.34272003017582 6
      vertex -92.77050226508011 61.048917293975634 6
    endloop
  endfacet
  facet normal 0.6734602740029719 -0.22860895818563132 0.7029859198996253
    outer loop
      vertex -91.70740728286134 61.07352380637815 4.949999999999999
      vertex -92.6157712878973 61.62638116232665 6
      vertex -92.71206126727992 61.34272003017582 6
    endloop
  endfacet
  facet normal 0.6378592711802973 -0.314557382034213 0.7029859198996251
    outer loop
      vertex -91.6548494156391 61.22835429045636 4.949999999999999
      vertex -92.48327987517615 61.89504716981132 6
      vertex -92.6157712878973 61.62638116232665 6
    endloop
  endfacet
  facet normal 0.5913443193797138 -0.3951236418644455 0.702985919899624
    outer loop
      vertex -91.58253175473055 61.375 4.949999999999999
      vertex -92.31685399392167 62.144121102753466 6
      vertex -92.48327987517615 61.89504716981132 6
    endloop
  endfacet
  facet normal 0.5347113023229196 -0.4689292266334038 0.7029859198996271
    outer loop
      vertex -91.49169167536404 61.510951786260904 4.949999999999999
      vertex -92.1193412371041 62.3693412371041 6
      vertex -92.31685399392167 62.144121102753466 6
    endloop
  endfacet
  facet normal 0.4689292266334054 -0.5347113023229213 0.7029859198996248
    outer loop
      vertex -91.38388347648319 61.633883476483184 4.949999999999999
      vertex -91.89412110275346 62.566853993921676 6
      vertex -92.1193412371041 62.3693412371041 6
    endloop
  endfacet
  facet normal 0.39512364186444077 -0.5913443193797152 0.7029859198996253
    outer loop
      vertex -91.2609517862609 61.741691675364045 4.949999999999999
      vertex -91.64504716981132 62.73327987517615 6
      vertex -91.89412110275346 62.566853993921676 6
    endloop
  endfacet
  facet normal 0.3145573820342394 -0.6378592711802828 0.7029859198996264
    outer loop
      vertex -91.125 61.832531754730546 4.949999999999999
      vertex -91.37638116232667 62.86577128789731 6
      vertex -91.64504716981132 62.73327987517615 6
    endloop
  endfacet
  facet normal 0.22860895818558516 -0.6734602740029857 0.702985919899627
    outer loop
      vertex -90.97835429045637 61.904849415639106 4.949999999999999
      vertex -91.09272003017581 62.962061267279914 6
      vertex -91.37638116232667 62.86577128789731 6
    endloop
  endfacet
  facet normal 0.13874897168007227 -0.6975381848190099 0.7029859198996259
    outer loop
      vertex -90.82352380637815 61.95740728286133 4.949999999999999
      vertex -90.79891729397563 63.02050226508012 6
      vertex -91.09272003017581 62.962061267279914 6
    endloop
  endfacet
  facet normal 0.04651495180058037 -0.7096810238986708 0.7029859198996263
    outer loop
      vertex -90.66315774027507 61.98930607671726 4.949999999999999
      vertex -90.5 63.04009433962264 6
      vertex -90.79891729397563 63.02050226508012 6
    endloop
  endfacet
  facet normal -0.046514951800580566 -0.7096810238986712 0.7029859198996262
    outer loop
      vertex -90.5 62 4.949999999999999
      vertex -90.20108270602437 63.02050226508012 6
      vertex -90.5 63.04009433962264 6
    endloop
  endfacet
  facet normal -0.13874897168007258 -0.6975381848190101 0.7029859198996257
    outer loop
      vertex -90.33684225972493 61.98930607671726 4.949999999999999
      vertex -89.90727996982419 62.962061267279914 6
      vertex -90.20108270602437 63.02050226508012 6
    endloop
  endfacet
  facet normal -0.22860895818558544 -0.6734602740029867 0.7029859198996261
    outer loop
      vertex -90.17647619362185 61.95740728286133 4.949999999999999
      vertex -89.62361883767333 62.86577128789731 6
      vertex -89.90727996982419 62.962061267279914 6
    endloop
  endfacet
  facet normal -0.3145573820342387 -0.6378592711802821 0.7029859198996274
    outer loop
      vertex -90.02164570954363 61.904849415639106 4.949999999999999
      vertex -89.35495283018868 62.73327987517615 6
      vertex -89.62361883767333 62.86577128789731 6
    endloop
  endfacet
  facet normal -0.39512364186444077 0.5913443193797152 0.7029859198996253
    outer loop
      vertex -89.7390482137391 59.758308324635955 4.949999999999999
      vertex -89.35495283018868 58.76672012482385 6
      vertex -89.10587889724654 58.933146006078324 6
    endloop
  endfacet
  facet normal -0.4689292266334054 0.5347113023229213 0.7029859198996248
    outer loop
      vertex -89.61611652351681 59.866116523516816 4.949999999999999
      vertex -89.10587889724654 58.933146006078324 6
      vertex -88.8806587628959 59.1306587628959 6
    endloop
  endfacet
  facet normal -0.5347113023229196 0.4689292266334038 0.7029859198996271
    outer loop
      vertex -89.50830832463596 59.989048213739096 4.949999999999999
      vertex -88.8806587628959 59.1306587628959 6
      vertex -88.68314600607833 59.355878897246534 6
    endloop
  endfacet
  facet normal -0.5913443193797138 0.3951236418644455 0.702985919899624
    outer loop
      vertex -89.41746824526945 60.125 4.949999999999999
      vertex -88.68314600607833 59.355878897246534 6
      vertex -88.51672012482385 59.60495283018868 6
    endloop
  endfacet
  facet normal -0.6378592711802973 0.314557382034213 0.7029859198996251
    outer loop
      vertex -89.3451505843609 60.27164570954364 4.949999999999999
      vertex -88.51672012482385 59.60495283018868 6
      vertex -88.3842287121027 59.87361883767335 6
    endloop
  endfacet
  facet normal -0.6734602740029719 0.22860895818563132 0.7029859198996253
    outer loop
      vertex -89.29259271713866 60.42647619362185 4.949999999999999
      vertex -88.3842287121027 59.87361883767335 6
      vertex -88.28793873272008 60.15727996982418 6
    endloop
  endfacet
  facet normal -0.6975381848190207 0.13874897168003741 0.7029859198996222
    outer loop
      vertex -89.26069392328273 60.58684225972493 4.949999999999999
      vertex -88.28793873272008 60.15727996982418 6
      vertex -88.22949773491989 60.451082706024366 6
    endloop
  endfacet
  facet normal -0.7096810238986705 0.046514951800597296 0.7029859198996256
    outer loop
      vertex -89.25 60.75 4.949999999999999
      vertex -88.22949773491989 60.451082706024366 6
      vertex -88.20990566037736 60.75 6
    endloop
  endfacet
  facet normal -0.709681023898674 -0.0465149518005973 0.702985919899622
    outer loop
      vertex -89.26069392328273 60.91315774027507 4.949999999999999
      vertex -88.20990566037736 60.75 6
      vertex -88.22949773491989 61.048917293975634 6
    endloop
  endfacet
  facet normal -0.6975381848190176 -0.1387489716800371 0.7029859198996251
    outer loop
      vertex -89.29259271713866 61.07352380637815 4.949999999999999
      vertex -88.22949773491989 61.048917293975634 6
      vertex -88.28793873272008 61.34272003017582 6
    endloop
  endfacet
  facet normal -0.6734602740029716 -0.2286089581856312 0.7029859198996256
    outer loop
      vertex -89.3451505843609 61.22835429045636 4.949999999999999
      vertex -88.28793873272008 61.34272003017582 6
      vertex -88.3842287121027 61.62638116232665 6
    endloop
  endfacet
  facet normal -0.6378592711802991 -0.3145573820342137 0.7029859198996232
    outer loop
      vertex -89.41746824526945 61.375 4.949999999999999
      vertex -88.3842287121027 61.62638116232665 6
      vertex -88.51672012482385 61.89504716981132 6
    endloop
  endfacet
  facet normal -0.5913443193797115 -0.3951236418644438 0.7029859198996269
    outer loop
      vertex -89.50830832463596 61.510951786260904 4.949999999999999
      vertex -88.51672012482385 61.89504716981132 6
      vertex -88.68314600607833 62.144121102753466 6
    endloop
  endfacet
  facet normal -0.5347113023229216 -0.4689292266334056 0.7029859198996243
    outer loop
      vertex -89.61611652351681 61.633883476483184 4.949999999999999
      vertex -88.68314600607833 62.144121102753466 6
      vertex -88.8806587628959 62.3693412371041 6
    endloop
  endfacet
  facet normal -0.3951236418644403 -0.5913443193797148 0.702985919899626
    outer loop
      vertex -89.875 61.832531754730546 4.949999999999999
      vertex -89.10587889724654 62.566853993921676 6
      vertex -89.35495283018868 62.73327987517615 6
    endloop
  endfacet
  facet normal -0.4689292266334049 -0.5347113023229207 0.7029859198996254
    outer loop
      vertex -89.7390482137391 61.741691675364045 4.949999999999999
      vertex -88.8806587628959 62.3693412371041 6
      vertex -89.10587889724654 62.566853993921676 6
    endloop
  endfacet
  facet normal 0.4689292266333998 0.5347113023229265 0.7029859198996247
    outer loop
      vertex 89.7390482137391 59.758308324635955 4.949999999999999
      vertex 89.61611652351681 59.866116523516816 4.949999999999999
      vertex 88.8806587628959 59.1306587628959 6
    endloop
  endfacet
  facet normal 0.5913443193796941 0.39512364186447707 0.7029859198996226
    outer loop
      vertex 89.50830832463596 59.989048213739096 4.949999999999999
      vertex 89.41746824526945 60.125 4.949999999999999
      vertex 88.51672012482385 59.60495283018868 6
    endloop
  endfacet
  facet normal 0.6378592711803074 0.3145573820341906 0.702985919899626
    outer loop
      vertex 89.41746824526945 60.125 4.949999999999999
      vertex 89.3451505843609 60.27164570954364 4.949999999999999
      vertex 88.3842287121027 59.87361883767335 6
    endloop
  endfacet
  facet normal 0.5347113023229411 0.4689292266333779 0.7029859198996282
    outer loop
      vertex 89.61611652351681 59.866116523516816 4.949999999999999
      vertex 89.50830832463596 59.989048213739096 4.949999999999999
      vertex 88.68314600607833 59.355878897246534 6
    endloop
  endfacet
  facet normal 0.6734602740029708 0.22860895818563481 0.7029859198996251
    outer loop
      vertex 89.3451505843609 60.27164570954364 4.949999999999999
      vertex 89.29259271713866 60.42647619362185 4.949999999999999
      vertex 88.28793873272008 60.15727996982418 6
    endloop
  endfacet
  facet normal 0.6975381848190142 0.13874897168007655 0.7029859198996208
    outer loop
      vertex 89.29259271713866 60.42647619362185 4.949999999999999
      vertex 89.26069392328273 60.58684225972493 4.949999999999999
      vertex 88.22949773491989 60.451082706024366 6
    endloop
  endfacet
  facet normal 0.7096810238986719 0.04651495180055192 0.7029859198996271
    outer loop
      vertex 89.26069392328273 60.58684225972493 4.949999999999999
      vertex 89.25 60.75 4.949999999999999
      vertex 88.20990566037736 60.75 6
    endloop
  endfacet
  facet normal 0.7096810238986785 -0.04651495180055235 0.7029859198996206
    outer loop
      vertex 89.25 60.75 4.949999999999999
      vertex 89.26069392328273 60.91315774027507 4.949999999999999
      vertex 88.22949773491989 61.048917293975634 6
    endloop
  endfacet
  facet normal 0.6975381848190088 -0.13874897168007547 0.7029859198996264
    outer loop
      vertex 89.26069392328273 60.91315774027507 4.949999999999999
      vertex 89.29259271713866 61.07352380637815 4.949999999999999
      vertex 88.28793873272008 61.34272003017582 6
    endloop
  endfacet
  facet normal 0.6734602740029703 -0.22860895818563465 0.7029859198996257
    outer loop
      vertex 89.29259271713866 61.07352380637815 4.949999999999999
      vertex 89.3451505843609 61.22835429045636 4.949999999999999
      vertex 88.3842287121027 61.62638116232665 6
    endloop
  endfacet
  facet normal 0.6378592711803106 -0.31455738203419215 0.7029859198996224
    outer loop
      vertex 89.3451505843609 61.22835429045636 4.949999999999999
      vertex 89.41746824526945 61.375 4.949999999999999
      vertex 88.51672012482385 61.89504716981132 6
    endloop
  endfacet
  facet normal 0.5913443193796897 -0.39512364186447413 0.702985919899628
    outer loop
      vertex 89.41746824526945 61.375 4.949999999999999
      vertex 89.50830832463596 61.510951786260904 4.949999999999999
      vertex 88.68314600607833 62.144121102753466 6
    endloop
  endfacet
  facet normal 0.5347113023229447 -0.46892922663338105 0.7029859198996233
    outer loop
      vertex 89.50830832463596 61.510951786260904 4.949999999999999
      vertex 89.61611652351681 61.633883476483184 4.949999999999999
      vertex 88.8806587628959 62.3693412371041 6
    endloop
  endfacet
  facet normal 0.4689292266333991 -0.5347113023229257 0.7029859198996258
    outer loop
      vertex 89.61611652351681 61.633883476483184 4.949999999999999
      vertex 89.7390482137391 61.741691675364045 4.949999999999999
      vertex 89.10587889724654 62.566853993921676 6
    endloop
  endfacet
  facet normal 0.13874897168007555 0.6975381848190092 0.702985919899626
    outer loop
      vertex 90.33684225972493 59.51069392328274 4.949999999999999
      vertex 90.17647619362185 59.54259271713867 4.949999999999999
      vertex 89.90727996982419 58.537938732720086 6
    endloop
  endfacet
  facet normal 0.31455738203422773 0.6378592711802892 0.7029859198996259
    outer loop
      vertex 90.02164570954363 59.595150584360894 4.949999999999999
      vertex 89.875 59.667468245269454 4.949999999999999
      vertex 89.35495283018868 58.76672012482385 6
    endloop
  endfacet
  facet normal 0.39512364186443305 0.5913443193797208 0.7029859198996251
    outer loop
      vertex 89.875 59.667468245269454 4.949999999999999
      vertex 89.7390482137391 59.758308324635955 4.949999999999999
      vertex 89.10587889724654 58.933146006078324 6
    endloop
  endfacet
  facet normal 0.22860895818559698 0.6734602740029811 0.7029859198996276
    outer loop
      vertex 90.17647619362185 59.54259271713867 4.949999999999999
      vertex 90.02164570954363 59.595150584360894 4.949999999999999
      vertex 89.62361883767333 58.63422871210269 6
    endloop
  endfacet
  facet normal 0.04651495180058274 0.7096810238986706 0.7029859198996264
    outer loop
      vertex 90.5 59.5 4.949999999999999
      vertex 90.33684225972493 59.51069392328274 4.949999999999999
      vertex 90.20108270602437 58.47949773491988 6
    endloop
  endfacet
  facet normal -0.04651495180058276 0.7096810238986709 0.7029859198996261
    outer loop
      vertex 90.5 59.5 4.949999999999999
      vertex 90.5 58.45990566037736 6
      vertex 90.66315774027507 59.51069392328274 4.949999999999999
    endloop
  endfacet
  facet normal -0.13874897168007563 0.6975381848190095 0.7029859198996257
    outer loop
      vertex 90.66315774027507 59.51069392328274 4.949999999999999
      vertex 90.79891729397563 58.47949773491988 6
      vertex 90.82352380637815 59.54259271713867 4.949999999999999
    endloop
  endfacet
  facet normal -0.22860895818559757 0.6734602740029829 0.7029859198996257
    outer loop
      vertex 90.82352380637815 59.54259271713867 4.949999999999999
      vertex 91.09272003017581 58.537938732720086 6
      vertex 90.97835429045637 59.595150584360894 4.949999999999999
    endloop
  endfacet
  facet normal -0.3145573820342269 0.6378592711802875 0.7029859198996277
    outer loop
      vertex 90.97835429045637 59.595150584360894 4.949999999999999
      vertex 91.37638116232667 58.63422871210269 6
      vertex 91.125 59.667468245269454 4.949999999999999
    endloop
  endfacet
  facet normal -0.39512364186443233 0.5913443193797197 0.7029859198996264
    outer loop
      vertex 91.125 59.667468245269454 4.949999999999999
      vertex 91.64504716981132 58.76672012482385 6
      vertex 91.2609517862609 59.758308324635955 4.949999999999999
    endloop
  endfacet
  facet normal -0.4689292266333991 0.5347113023229257 0.7029859198996258
    outer loop
      vertex 91.2609517862609 59.758308324635955 4.949999999999999
      vertex 91.89412110275346 58.933146006078324 6
      vertex 91.38388347648319 59.866116523516816 4.949999999999999
    endloop
  endfacet
  facet normal -0.5347113023229447 0.46892922663338105 0.7029859198996233
    outer loop
      vertex 91.38388347648319 59.866116523516816 4.949999999999999
      vertex 92.1193412371041 59.1306587628959 6
      vertex 91.49169167536404 59.989048213739096 4.949999999999999
    endloop
  endfacet
  facet normal -0.5913443193796897 0.39512364186447413 0.702985919899628
    outer loop
      vertex 91.49169167536404 59.989048213739096 4.949999999999999
      vertex 92.31685399392167 59.355878897246534 6
      vertex 91.58253175473055 60.125 4.949999999999999
    endloop
  endfacet
  facet normal -0.6378592711803106 0.31455738203419215 0.7029859198996224
    outer loop
      vertex 91.58253175473055 60.125 4.949999999999999
      vertex 92.48327987517615 59.60495283018868 6
      vertex 91.6548494156391 60.27164570954364 4.949999999999999
    endloop
  endfacet
  facet normal -0.6734602740029703 0.22860895818563465 0.7029859198996257
    outer loop
      vertex 91.6548494156391 60.27164570954364 4.949999999999999
      vertex 92.6157712878973 59.87361883767335 6
      vertex 91.70740728286134 60.42647619362185 4.949999999999999
    endloop
  endfacet
  facet normal -0.6975381848190088 0.13874897168007547 0.7029859198996264
    outer loop
      vertex 91.70740728286134 60.42647619362185 4.949999999999999
      vertex 92.71206126727992 60.15727996982418 6
      vertex 91.73930607671727 60.58684225972493 4.949999999999999
    endloop
  endfacet
  facet normal -0.7096810238986785 0.04651495180055235 0.7029859198996206
    outer loop
      vertex 91.73930607671727 60.58684225972493 4.949999999999999
      vertex 92.77050226508011 60.451082706024366 6
      vertex 91.75 60.75 4.949999999999999
    endloop
  endfacet
  facet normal -0.7096810238986719 -0.04651495180055192 0.7029859198996271
    outer loop
      vertex 91.75 60.75 4.949999999999999
      vertex 92.79009433962264 60.75 6
      vertex 91.73930607671727 60.91315774027507 4.949999999999999
    endloop
  endfacet
  facet normal -0.6975381848190142 -0.13874897168007655 0.7029859198996208
    outer loop
      vertex 91.73930607671727 60.91315774027507 4.949999999999999
      vertex 92.77050226508011 61.048917293975634 6
      vertex 91.70740728286134 61.07352380637815 4.949999999999999
    endloop
  endfacet
  facet normal -0.6378592711803074 -0.3145573820341906 0.702985919899626
    outer loop
      vertex 91.6548494156391 61.22835429045636 4.949999999999999
      vertex 92.6157712878973 61.62638116232665 6
      vertex 91.58253175473055 61.375 4.949999999999999
    endloop
  endfacet
  facet normal -0.6734602740029708 -0.22860895818563481 0.7029859198996251
    outer loop
      vertex 91.70740728286134 61.07352380637815 4.949999999999999
      vertex 92.71206126727992 61.34272003017582 6
      vertex 91.6548494156391 61.22835429045636 4.949999999999999
    endloop
  endfacet
  facet normal -0.5913443193796941 -0.39512364186447707 0.7029859198996227
    outer loop
      vertex 91.58253175473055 61.375 4.949999999999999
      vertex 92.48327987517615 61.89504716981132 6
      vertex 91.49169167536404 61.510951786260904 4.949999999999999
    endloop
  endfacet
  facet normal 0.39512364186443233 -0.5913443193797197 0.7029859198996264
    outer loop
      vertex 89.7390482137391 61.741691675364045 4.949999999999999
      vertex 89.875 61.832531754730546 4.949999999999999
      vertex 89.35495283018868 62.73327987517615 6
    endloop
  endfacet
  facet normal 0.3145573820342269 -0.6378592711802875 0.7029859198996278
    outer loop
      vertex 89.875 61.832531754730546 4.949999999999999
      vertex 90.02164570954363 61.904849415639106 4.949999999999999
      vertex 89.62361883767333 62.86577128789731 6
    endloop
  endfacet
  facet normal 0.22860895818559757 -0.6734602740029829 0.7029859198996257
    outer loop
      vertex 90.02164570954363 61.904849415639106 4.949999999999999
      vertex 90.17647619362185 61.95740728286133 4.949999999999999
      vertex 89.90727996982419 62.962061267279914 6
    endloop
  endfacet
  facet normal 0.13874897168007566 -0.6975381848190096 0.7029859198996256
    outer loop
      vertex 90.17647619362185 61.95740728286133 4.949999999999999
      vertex 90.33684225972493 61.98930607671726 4.949999999999999
      vertex 90.20108270602437 63.02050226508012 6
    endloop
  endfacet
  facet normal 0.04651495180058276 -0.7096810238986709 0.7029859198996261
    outer loop
      vertex 90.33684225972493 61.98930607671726 4.949999999999999
      vertex 90.5 62 4.949999999999999
      vertex 90.5 63.04009433962264 6
    endloop
  endfacet
  facet normal -0.046514951800582585 -0.7096810238986682 0.7029859198996288
    outer loop
      vertex 90.5 62 4.949999999999999
      vertex 90.66315774027507 61.98930607671726 4.949999999999999
      vertex 90.79891729397563 63.020502265080125 6
    endloop
  endfacet
  facet normal -0.13874897168007555 -0.6975381848190092 0.702985919899626
    outer loop
      vertex 90.82352380637815 61.95740728286133 4.949999999999999
      vertex 91.09272003017581 62.962061267279914 6
      vertex 90.66315774027507 61.98930607671726 4.949999999999999
    endloop
  endfacet
  facet normal -0.31455738203422773 -0.6378592711802892 0.7029859198996259
    outer loop
      vertex 91.125 61.832531754730546 4.949999999999999
      vertex 91.64504716981132 62.73327987517615 6
      vertex 90.97835429045637 61.904849415639106 4.949999999999999
    endloop
  endfacet
  facet normal -0.5347113023229411 -0.4689292266333779 0.7029859198996282
    outer loop
      vertex 91.49169167536404 61.510951786260904 4.949999999999999
      vertex 92.31685399392167 62.144121102753466 6
      vertex 91.38388347648319 61.633883476483184 4.949999999999999
    endloop
  endfacet
  facet normal -0.4689292266333998 -0.5347113023229265 0.7029859198996247
    outer loop
      vertex 91.38388347648319 61.633883476483184 4.949999999999999
      vertex 92.1193412371041 62.3693412371041 6
      vertex 91.2609517862609 61.741691675364045 4.949999999999999
    endloop
  endfacet
  facet normal -0.39512364186443305 -0.5913443193797208 0.7029859198996251
    outer loop
      vertex 91.2609517862609 61.741691675364045 4.949999999999999
      vertex 91.89412110275346 62.566853993921676 6
      vertex 91.125 61.832531754730546 4.949999999999999
    endloop
  endfacet
  facet normal -0.22860895818559698 -0.6734602740029811 0.7029859198996276
    outer loop
      vertex 90.97835429045637 61.904849415639106 4.949999999999999
      vertex 91.37638116232667 62.86577128789731 6
      vertex 90.82352380637815 61.95740728286133 4.949999999999999
    endloop
  endfacet
  facet normal 0.3951236418644403 0.5913443193797148 0.702985919899626
    outer loop
      vertex 89.875 59.667468245269454 4.949999999999999
      vertex 89.10587889724654 58.933146006078324 6
      vertex 89.35495283018868 58.76672012482385 6
    endloop
  endfacet
  facet normal 0.5347113023229216 0.4689292266334056 0.7029859198996243
    outer loop
      vertex 89.61611652351681 59.866116523516816 4.949999999999999
      vertex 88.68314600607833 59.355878897246534 6
      vertex 88.8806587628959 59.1306587628959 6
    endloop
  endfacet
  facet normal 0.5913443193797115 0.3951236418644438 0.7029859198996269
    outer loop
      vertex 89.50830832463596 59.989048213739096 4.949999999999999
      vertex 88.51672012482385 59.60495283018868 6
      vertex 88.68314600607833 59.355878897246534 6
    endloop
  endfacet
  facet normal 0.4689292266334049 0.5347113023229207 0.7029859198996254
    outer loop
      vertex 89.7390482137391 59.758308324635955 4.949999999999999
      vertex 88.8806587628959 59.1306587628959 6
      vertex 89.10587889724654 58.933146006078324 6
    endloop
  endfacet
  facet normal 0.6378592711802991 0.3145573820342137 0.7029859198996232
    outer loop
      vertex 89.41746824526945 60.125 4.949999999999999
      vertex 88.3842287121027 59.87361883767335 6
      vertex 88.51672012482385 59.60495283018868 6
    endloop
  endfacet
  facet normal 0.6734602740029716 0.2286089581856312 0.7029859198996256
    outer loop
      vertex 89.3451505843609 60.27164570954364 4.949999999999999
      vertex 88.28793873272008 60.15727996982418 6
      vertex 88.3842287121027 59.87361883767335 6
    endloop
  endfacet
  facet normal 0.6975381848190176 0.1387489716800371 0.7029859198996251
    outer loop
      vertex 89.29259271713866 60.42647619362185 4.949999999999999
      vertex 88.22949773491989 60.451082706024366 6
      vertex 88.28793873272008 60.15727996982418 6
    endloop
  endfacet
  facet normal 0.709681023898674 0.0465149518005973 0.702985919899622
    outer loop
      vertex 89.26069392328273 60.58684225972493 4.949999999999999
      vertex 88.20990566037736 60.75 6
      vertex 88.22949773491989 60.451082706024366 6
    endloop
  endfacet
  facet normal 0.7096810238986705 -0.046514951800597296 0.7029859198996256
    outer loop
      vertex 89.25 60.75 4.949999999999999
      vertex 88.22949773491989 61.048917293975634 6
      vertex 88.20990566037736 60.75 6
    endloop
  endfacet
  facet normal 0.6975381848190207 -0.13874897168003741 0.7029859198996222
    outer loop
      vertex 89.26069392328273 60.91315774027507 4.949999999999999
      vertex 88.28793873272008 61.34272003017582 6
      vertex 88.22949773491989 61.048917293975634 6
    endloop
  endfacet
  facet normal 0.6734602740029719 -0.22860895818563132 0.7029859198996253
    outer loop
      vertex 89.29259271713866 61.07352380637815 4.949999999999999
      vertex 88.3842287121027 61.62638116232665 6
      vertex 88.28793873272008 61.34272003017582 6
    endloop
  endfacet
  facet normal 0.6378592711802973 -0.314557382034213 0.7029859198996251
    outer loop
      vertex 89.3451505843609 61.22835429045636 4.949999999999999
      vertex 88.51672012482385 61.89504716981132 6
      vertex 88.3842287121027 61.62638116232665 6
    endloop
  endfacet
  facet normal 0.5913443193797138 -0.3951236418644455 0.702985919899624
    outer loop
      vertex 89.41746824526945 61.375 4.949999999999999
      vertex 88.68314600607833 62.144121102753466 6
      vertex 88.51672012482385 61.89504716981132 6
    endloop
  endfacet
  facet normal 0.5347113023229196 -0.4689292266334038 0.7029859198996271
    outer loop
      vertex 89.50830832463596 61.510951786260904 4.949999999999999
      vertex 88.8806587628959 62.3693412371041 6
      vertex 88.68314600607833 62.144121102753466 6
    endloop
  endfacet
  facet normal 0.4689292266334054 -0.5347113023229213 0.7029859198996248
    outer loop
      vertex 89.61611652351681 61.633883476483184 4.949999999999999
      vertex 89.10587889724654 62.566853993921676 6
      vertex 88.8806587628959 62.3693412371041 6
    endloop
  endfacet
  facet normal 0.39512364186444077 -0.5913443193797152 0.7029859198996253
    outer loop
      vertex 89.7390482137391 61.741691675364045 4.949999999999999
      vertex 89.35495283018868 62.73327987517615 6
      vertex 89.10587889724654 62.566853993921676 6
    endloop
  endfacet
  facet normal 0.22860895818558544 0.6734602740029867 0.7029859198996261
    outer loop
      vertex 90.17647619362185 59.54259271713867 4.949999999999999
      vertex 89.62361883767333 58.63422871210269 6
      vertex 89.90727996982419 58.537938732720086 6
    endloop
  endfacet
  facet normal 0.3145573820342387 0.6378592711802821 0.7029859198996274
    outer loop
      vertex 90.02164570954363 59.595150584360894 4.949999999999999
      vertex 89.35495283018868 58.76672012482385 6
      vertex 89.62361883767333 58.63422871210269 6
    endloop
  endfacet
  facet normal 0.13874897168007258 0.6975381848190101 0.7029859198996257
    outer loop
      vertex 90.33684225972493 59.51069392328274 4.949999999999999
      vertex 89.90727996982419 58.537938732720086 6
      vertex 90.20108270602437 58.47949773491988 6
    endloop
  endfacet
  facet normal 0.046514951800580566 0.7096810238986712 0.7029859198996262
    outer loop
      vertex 90.5 59.5 4.949999999999999
      vertex 90.20108270602437 58.47949773491988 6
      vertex 90.5 58.45990566037736 6
    endloop
  endfacet
  facet normal -0.04651495180058037 0.7096810238986708 0.7029859198996263
    outer loop
      vertex 90.66315774027507 59.51069392328274 4.949999999999999
      vertex 90.5 58.45990566037736 6
      vertex 90.79891729397563 58.47949773491988 6
    endloop
  endfacet
  facet normal -0.13874897168007227 0.6975381848190099 0.7029859198996259
    outer loop
      vertex 90.82352380637815 59.54259271713867 4.949999999999999
      vertex 90.79891729397563 58.47949773491988 6
      vertex 91.09272003017581 58.537938732720086 6
    endloop
  endfacet
  facet normal -0.22860895818558516 0.6734602740029857 0.702985919899627
    outer loop
      vertex 90.97835429045637 59.595150584360894 4.949999999999999
      vertex 91.09272003017581 58.537938732720086 6
      vertex 91.37638116232667 58.63422871210269 6
    endloop
  endfacet
  facet normal -0.3145573820342394 0.6378592711802828 0.7029859198996264
    outer loop
      vertex 91.125 59.667468245269454 4.949999999999999
      vertex 91.37638116232667 58.63422871210269 6
      vertex 91.64504716981132 58.76672012482385 6
    endloop
  endfacet
  facet normal -0.39512364186444077 0.5913443193797152 0.7029859198996253
    outer loop
      vertex 91.2609517862609 59.758308324635955 4.949999999999999
      vertex 91.64504716981132 58.76672012482385 6
      vertex 91.89412110275346 58.933146006078324 6
    endloop
  endfacet
  facet normal -0.4689292266334054 0.5347113023229213 0.7029859198996248
    outer loop
      vertex 91.38388347648319 59.866116523516816 4.949999999999999
      vertex 91.89412110275346 58.933146006078324 6
      vertex 92.1193412371041 59.1306587628959 6
    endloop
  endfacet
  facet normal -0.5347113023229196 0.4689292266334038 0.7029859198996271
    outer loop
      vertex 91.49169167536404 59.989048213739096 4.949999999999999
      vertex 92.1193412371041 59.1306587628959 6
      vertex 92.31685399392167 59.355878897246534 6
    endloop
  endfacet
  facet normal -0.5913443193797138 0.3951236418644455 0.702985919899624
    outer loop
      vertex 91.58253175473055 60.125 4.949999999999999
      vertex 92.31685399392167 59.355878897246534 6
      vertex 92.48327987517615 59.60495283018868 6
    endloop
  endfacet
  facet normal -0.6378592711802973 0.314557382034213 0.7029859198996251
    outer loop
      vertex 91.6548494156391 60.27164570954364 4.949999999999999
      vertex 92.48327987517615 59.60495283018868 6
      vertex 92.6157712878973 59.87361883767335 6
    endloop
  endfacet
  facet normal -0.6734602740029719 0.22860895818563132 0.7029859198996253
    outer loop
      vertex 91.70740728286134 60.42647619362185 4.949999999999999
      vertex 92.6157712878973 59.87361883767335 6
      vertex 92.71206126727992 60.15727996982418 6
    endloop
  endfacet
  facet normal -0.6975381848190207 0.13874897168003741 0.7029859198996222
    outer loop
      vertex 91.73930607671727 60.58684225972493 4.949999999999999
      vertex 92.71206126727992 60.15727996982418 6
      vertex 92.77050226508011 60.451082706024366 6
    endloop
  endfacet
  facet normal -0.7096810238986705 0.046514951800597296 0.7029859198996256
    outer loop
      vertex 91.75 60.75 4.949999999999999
      vertex 92.77050226508011 60.451082706024366 6
      vertex 92.79009433962264 60.75 6
    endloop
  endfacet
  facet normal -0.709681023898674 -0.0465149518005973 0.702985919899622
    outer loop
      vertex 91.73930607671727 60.91315774027507 4.949999999999999
      vertex 92.79009433962264 60.75 6
      vertex 92.77050226508011 61.048917293975634 6
    endloop
  endfacet
  facet normal -0.6975381848190176 -0.1387489716800371 0.7029859198996251
    outer loop
      vertex 91.70740728286134 61.07352380637815 4.949999999999999
      vertex 92.77050226508011 61.048917293975634 6
      vertex 92.71206126727992 61.34272003017582 6
    endloop
  endfacet
  facet normal -0.6734602740029716 -0.2286089581856312 0.7029859198996256
    outer loop
      vertex 91.6548494156391 61.22835429045636 4.949999999999999
      vertex 92.71206126727992 61.34272003017582 6
      vertex 92.6157712878973 61.62638116232665 6
    endloop
  endfacet
  facet normal -0.6378592711802991 -0.3145573820342137 0.7029859198996232
    outer loop
      vertex 91.58253175473055 61.375 4.949999999999999
      vertex 92.6157712878973 61.62638116232665 6
      vertex 92.48327987517615 61.89504716981132 6
    endloop
  endfacet
  facet normal 0.3145573820342394 -0.6378592711802828 0.7029859198996264
    outer loop
      vertex 89.875 61.832531754730546 4.949999999999999
      vertex 89.62361883767333 62.86577128789731 6
      vertex 89.35495283018868 62.73327987517615 6
    endloop
  endfacet
  facet normal 0.22860895818558516 -0.6734602740029857 0.702985919899627
    outer loop
      vertex 90.02164570954363 61.904849415639106 4.949999999999999
      vertex 89.90727996982419 62.962061267279914 6
      vertex 89.62361883767333 62.86577128789731 6
    endloop
  endfacet
  facet normal 0.13874897168007227 -0.6975381848190099 0.7029859198996259
    outer loop
      vertex 90.17647619362185 61.95740728286133 4.949999999999999
      vertex 90.20108270602437 63.02050226508012 6
      vertex 89.90727996982419 62.962061267279914 6
    endloop
  endfacet
  facet normal 0.04651495180058037 -0.7096810238986708 0.7029859198996263
    outer loop
      vertex 90.33684225972493 61.98930607671726 4.949999999999999
      vertex 90.5 63.04009433962264 6
      vertex 90.20108270602437 63.02050226508012 6
    endloop
  endfacet
  facet normal -0.046514951800563725 -0.7096810238986716 0.7029859198996267
    outer loop
      vertex 90.5 62 4.949999999999999
      vertex 90.79891729397563 63.020502265080125 6
      vertex 90.5 63.04009433962264 6
    endloop
  endfacet
  facet normal -0.13874897168008812 -0.697538184819005 0.7029859198996274
    outer loop
      vertex 90.66315774027507 61.98930607671726 4.949999999999999
      vertex 91.09272003017581 62.962061267279914 6
      vertex 90.79891729397563 63.020502265080125 6
    endloop
  endfacet
  facet normal -0.22860895818558544 -0.6734602740029867 0.7029859198996261
    outer loop
      vertex 90.82352380637815 61.95740728286133 4.949999999999999
      vertex 91.37638116232667 62.86577128789731 6
      vertex 91.09272003017581 62.962061267279914 6
    endloop
  endfacet
  facet normal -0.3145573820342387 -0.6378592711802821 0.7029859198996274
    outer loop
      vertex 90.97835429045637 61.904849415639106 4.949999999999999
      vertex 91.64504716981132 62.73327987517615 6
      vertex 91.37638116232667 62.86577128789731 6
    endloop
  endfacet
  facet normal -0.3951236418644403 -0.5913443193797148 0.702985919899626
    outer loop
      vertex 91.125 61.832531754730546 4.949999999999999
      vertex 91.89412110275346 62.566853993921676 6
      vertex 91.64504716981132 62.73327987517615 6
    endloop
  endfacet
  facet normal -0.4689292266334049 -0.5347113023229207 0.7029859198996254
    outer loop
      vertex 91.2609517862609 61.741691675364045 4.949999999999999
      vertex 92.1193412371041 62.3693412371041 6
      vertex 91.89412110275346 62.566853993921676 6
    endloop
  endfacet
  facet normal -0.5913443193797115 -0.3951236418644438 0.7029859198996269
    outer loop
      vertex 91.49169167536404 61.510951786260904 4.949999999999999
      vertex 92.48327987517615 61.89504716981132 6
      vertex 92.31685399392167 62.144121102753466 6
    endloop
  endfacet
  facet normal -0.5347113023229216 -0.4689292266334056 0.7029859198996243
    outer loop
      vertex 91.38388347648319 61.633883476483184 4.949999999999999
      vertex 92.31685399392167 62.144121102753466 6
      vertex 92.1193412371041 62.3693412371041 6
    endloop
  endfacet
  facet normal 0.22860895818559698 0.6734602740029811 0.7029859198996276
    outer loop
      vertex -90.97835429045637 -59.404849415639106 4.949999999999999
      vertex -91.37638116232667 -60.36577128789731 6
      vertex -90.82352380637815 -59.45740728286133 4.949999999999999
    endloop
  endfacet
  facet normal 0.39512364186443305 0.5913443193797208 0.7029859198996251
    outer loop
      vertex -91.2609517862609 -59.241691675364045 4.949999999999999
      vertex -91.89412110275346 -60.066853993921676 6
      vertex -91.125 -59.332531754730546 4.949999999999999
    endloop
  endfacet
  facet normal 0.4689292266333998 0.5347113023229265 0.7029859198996247
    outer loop
      vertex -91.38388347648319 -59.133883476483184 4.949999999999999
      vertex -92.1193412371041 -59.8693412371041 6
      vertex -91.2609517862609 -59.241691675364045 4.949999999999999
    endloop
  endfacet
  facet normal 0.5347113023229411 0.4689292266333779 0.7029859198996282
    outer loop
      vertex -91.38388347648319 -59.133883476483184 4.949999999999999
      vertex -91.49169167536404 -59.010951786260904 4.949999999999999
      vertex -92.31685399392167 -59.644121102753466 6
    endloop
  endfacet
  facet normal 0.31455738203422773 0.6378592711802892 0.7029859198996259
    outer loop
      vertex -90.97835429045637 -59.404849415639106 4.949999999999999
      vertex -91.125 -59.332531754730546 4.949999999999999
      vertex -91.64504716981132 -60.23327987517615 6
    endloop
  endfacet
  facet normal 0.13874897168007555 0.6975381848190092 0.702985919899626
    outer loop
      vertex -90.82352380637815 -59.45740728286133 4.949999999999999
      vertex -91.09272003017581 -60.462061267279914 6
      vertex -90.66315774027507 -59.48930607671726 4.949999999999999
    endloop
  endfacet
  facet normal 0.04651495180058274 0.7096810238986706 0.7029859198996264
    outer loop
      vertex -90.66315774027507 -59.48930607671726 4.949999999999999
      vertex -90.79891729397563 -60.52050226508012 6
      vertex -90.5 -59.5 4.949999999999999
    endloop
  endfacet
  facet normal -0.04651495180058276 0.7096810238986709 0.7029859198996261
    outer loop
      vertex -90.5 -59.5 4.949999999999999
      vertex -90.5 -60.54009433962264 6
      vertex -90.33684225972493 -59.48930607671726 4.949999999999999
    endloop
  endfacet
  facet normal -0.13874897168007563 0.6975381848190095 0.7029859198996257
    outer loop
      vertex -90.33684225972493 -59.48930607671726 4.949999999999999
      vertex -90.20108270602437 -60.52050226508012 6
      vertex -90.17647619362185 -59.45740728286133 4.949999999999999
    endloop
  endfacet
  facet normal -0.22860895818559757 0.6734602740029829 0.7029859198996257
    outer loop
      vertex -90.17647619362185 -59.45740728286133 4.949999999999999
      vertex -89.90727996982419 -60.462061267279914 6
      vertex -90.02164570954363 -59.404849415639106 4.949999999999999
    endloop
  endfacet
  facet normal -0.3145573820342269 0.6378592711802875 0.7029859198996277
    outer loop
      vertex -90.02164570954363 -59.404849415639106 4.949999999999999
      vertex -89.62361883767333 -60.36577128789731 6
      vertex -89.875 -59.332531754730546 4.949999999999999
    endloop
  endfacet
  facet normal -0.39512364186443233 0.5913443193797197 0.7029859198996264
    outer loop
      vertex -89.875 -59.332531754730546 4.949999999999999
      vertex -89.35495283018868 -60.23327987517615 6
      vertex -89.7390482137391 -59.241691675364045 4.949999999999999
    endloop
  endfacet
  facet normal 0.5913443193796941 0.39512364186447707 0.7029859198996227
    outer loop
      vertex -91.58253175473055 -58.875 4.949999999999999
      vertex -92.48327987517615 -59.39504716981132 6
      vertex -91.49169167536404 -59.010951786260904 4.949999999999999
    endloop
  endfacet
  facet normal 0.6734602740029708 0.22860895818563481 0.7029859198996251
    outer loop
      vertex -91.6548494156391 -58.72835429045636 4.949999999999999
      vertex -91.70740728286134 -58.57352380637815 4.949999999999999
      vertex -92.71206126727992 -58.84272003017582 6
    endloop
  endfacet
  facet normal 0.6378592711803074 0.3145573820341906 0.702985919899626
    outer loop
      vertex -91.6548494156391 -58.72835429045636 4.949999999999999
      vertex -92.6157712878973 -59.12638116232665 6
      vertex -91.58253175473055 -58.875 4.949999999999999
    endloop
  endfacet
  facet normal 0.6975381848190142 0.13874897168007655 0.7029859198996208
    outer loop
      vertex -91.70740728286134 -58.57352380637815 4.949999999999999
      vertex -91.73930607671727 -58.41315774027507 4.949999999999999
      vertex -92.77050226508011 -58.548917293975634 6
    endloop
  endfacet
  facet normal 0.7096810238986719 0.04651495180055192 0.7029859198996271
    outer loop
      vertex -91.73930607671727 -58.41315774027507 4.949999999999999
      vertex -91.75 -58.25 4.949999999999999
      vertex -92.79009433962264 -58.25 6
    endloop
  endfacet
  facet normal 0.7096810238986785 -0.04651495180055235 0.7029859198996206
    outer loop
      vertex -91.75 -58.25 4.949999999999999
      vertex -91.73930607671727 -58.08684225972493 4.949999999999999
      vertex -92.77050226508011 -57.951082706024366 6
    endloop
  endfacet
  facet normal 0.6975381848190088 -0.13874897168007547 0.7029859198996264
    outer loop
      vertex -91.73930607671727 -58.08684225972493 4.949999999999999
      vertex -91.70740728286134 -57.92647619362185 4.949999999999999
      vertex -92.71206126727992 -57.65727996982418 6
    endloop
  endfacet
  facet normal 0.6734602740029703 -0.22860895818563465 0.7029859198996257
    outer loop
      vertex -91.70740728286134 -57.92647619362185 4.949999999999999
      vertex -91.6548494156391 -57.77164570954364 4.949999999999999
      vertex -92.6157712878973 -57.37361883767335 6
    endloop
  endfacet
  facet normal 0.6378592711803106 -0.31455738203419215 0.7029859198996224
    outer loop
      vertex -91.6548494156391 -57.77164570954364 4.949999999999999
      vertex -91.58253175473055 -57.625 4.949999999999999
      vertex -92.48327987517615 -57.10495283018868 6
    endloop
  endfacet
  facet normal 0.5913443193796897 -0.39512364186447413 0.702985919899628
    outer loop
      vertex -91.58253175473055 -57.625 4.949999999999999
      vertex -91.49169167536404 -57.489048213739096 4.949999999999999
      vertex -92.31685399392167 -56.855878897246534 6
    endloop
  endfacet
  facet normal 0.5347113023229447 -0.46892922663338105 0.7029859198996233
    outer loop
      vertex -91.49169167536404 -57.489048213739096 4.949999999999999
      vertex -91.38388347648319 -57.366116523516816 4.949999999999999
      vertex -92.1193412371041 -56.6306587628959 6
    endloop
  endfacet
  facet normal 0.4689292266333991 -0.5347113023229257 0.7029859198996258
    outer loop
      vertex -91.38388347648319 -57.366116523516816 4.949999999999999
      vertex -91.2609517862609 -57.258308324635955 4.949999999999999
      vertex -91.89412110275346 -56.433146006078324 6
    endloop
  endfacet
  facet normal 0.39512364186443233 -0.5913443193797197 0.7029859198996264
    outer loop
      vertex -91.2609517862609 -57.258308324635955 4.949999999999999
      vertex -91.125 -57.167468245269454 4.949999999999999
      vertex -91.64504716981132 -56.26672012482385 6
    endloop
  endfacet
  facet normal 0.3145573820342269 -0.6378592711802875 0.7029859198996278
    outer loop
      vertex -91.125 -57.167468245269454 4.949999999999999
      vertex -90.97835429045637 -57.095150584360894 4.949999999999999
      vertex -91.37638116232667 -56.13422871210269 6
    endloop
  endfacet
  facet normal 0.22860895818559757 -0.6734602740029829 0.7029859198996257
    outer loop
      vertex -90.97835429045637 -57.095150584360894 4.949999999999999
      vertex -90.82352380637815 -57.04259271713867 4.949999999999999
      vertex -91.09272003017581 -56.037938732720086 6
    endloop
  endfacet
  facet normal 0.13874897168007566 -0.6975381848190096 0.7029859198996256
    outer loop
      vertex -90.82352380637815 -57.04259271713867 4.949999999999999
      vertex -90.66315774027507 -57.01069392328274 4.949999999999999
      vertex -90.79891729397563 -55.97949773491988 6
    endloop
  endfacet
  facet normal 0.04651495180058276 -0.7096810238986709 0.7029859198996261
    outer loop
      vertex -90.66315774027507 -57.01069392328274 4.949999999999999
      vertex -90.5 -57 4.949999999999999
      vertex -90.5 -55.95990566037736 6
    endloop
  endfacet
  facet normal -0.04651495180058274 -0.7096810238986706 0.7029859198996264
    outer loop
      vertex -90.5 -57 4.949999999999999
      vertex -90.33684225972493 -57.01069392328274 4.949999999999999
      vertex -90.20108270602437 -55.97949773491988 6
    endloop
  endfacet
  facet normal -0.22860895818559698 -0.6734602740029811 0.7029859198996276
    outer loop
      vertex -90.17647619362185 -57.04259271713867 4.949999999999999
      vertex -90.02164570954363 -57.095150584360894 4.949999999999999
      vertex -89.62361883767333 -56.13422871210269 6
    endloop
  endfacet
  facet normal -0.39512364186443305 -0.5913443193797208 0.7029859198996251
    outer loop
      vertex -89.875 -57.167468245269454 4.949999999999999
      vertex -89.7390482137391 -57.258308324635955 4.949999999999999
      vertex -89.10587889724654 -56.433146006078324 6
    endloop
  endfacet
  facet normal -0.31455738203422773 -0.6378592711802892 0.7029859198996259
    outer loop
      vertex -89.875 -57.167468245269454 4.949999999999999
      vertex -89.35495283018868 -56.26672012482385 6
      vertex -90.02164570954363 -57.095150584360894 4.949999999999999
    endloop
  endfacet
  facet normal -0.13874897168007555 -0.6975381848190092 0.702985919899626
    outer loop
      vertex -90.33684225972493 -57.01069392328274 4.949999999999999
      vertex -90.17647619362185 -57.04259271713867 4.949999999999999
      vertex -89.90727996982419 -56.037938732720086 6
    endloop
  endfacet
  facet normal -0.4689292266333991 0.5347113023229257 0.7029859198996258
    outer loop
      vertex -89.7390482137391 -59.241691675364045 4.949999999999999
      vertex -89.10587889724654 -60.066853993921676 6
      vertex -89.61611652351681 -59.133883476483184 4.949999999999999
    endloop
  endfacet
  facet normal -0.5347113023229447 0.46892922663338105 0.7029859198996233
    outer loop
      vertex -89.61611652351681 -59.133883476483184 4.949999999999999
      vertex -88.8806587628959 -59.8693412371041 6
      vertex -89.50830832463596 -59.010951786260904 4.949999999999999
    endloop
  endfacet
  facet normal -0.5913443193796897 0.39512364186447413 0.702985919899628
    outer loop
      vertex -89.50830832463596 -59.010951786260904 4.949999999999999
      vertex -88.68314600607833 -59.644121102753466 6
      vertex -89.41746824526945 -58.875 4.949999999999999
    endloop
  endfacet
  facet normal -0.6378592711803106 0.31455738203419215 0.7029859198996224
    outer loop
      vertex -89.41746824526945 -58.875 4.949999999999999
      vertex -88.51672012482385 -59.39504716981132 6
      vertex -89.3451505843609 -58.72835429045636 4.949999999999999
    endloop
  endfacet
  facet normal -0.6734602740029703 0.22860895818563465 0.7029859198996257
    outer loop
      vertex -89.3451505843609 -58.72835429045636 4.949999999999999
      vertex -88.3842287121027 -59.12638116232665 6
      vertex -89.29259271713866 -58.57352380637815 4.949999999999999
    endloop
  endfacet
  facet normal -0.6975381848190088 0.13874897168007547 0.7029859198996264
    outer loop
      vertex -89.29259271713866 -58.57352380637815 4.949999999999999
      vertex -88.28793873272008 -58.84272003017582 6
      vertex -89.26069392328273 -58.41315774027507 4.949999999999999
    endloop
  endfacet
  facet normal -0.7096810238986785 0.04651495180055235 0.7029859198996206
    outer loop
      vertex -89.26069392328273 -58.41315774027507 4.949999999999999
      vertex -88.22949773491989 -58.548917293975634 6
      vertex -89.25 -58.25 4.949999999999999
    endloop
  endfacet
  facet normal -0.7096810238986719 -0.04651495180055192 0.7029859198996271
    outer loop
      vertex -89.25 -58.25 4.949999999999999
      vertex -88.20990566037736 -58.25 6
      vertex -89.26069392328273 -58.08684225972493 4.949999999999999
    endloop
  endfacet
  facet normal -0.6975381848190142 -0.13874897168007655 0.7029859198996208
    outer loop
      vertex -89.26069392328273 -58.08684225972493 4.949999999999999
      vertex -88.22949773491989 -57.951082706024366 6
      vertex -89.29259271713866 -57.92647619362185 4.949999999999999
    endloop
  endfacet
  facet normal -0.6734602740029708 -0.22860895818563481 0.7029859198996251
    outer loop
      vertex -89.29259271713866 -57.92647619362185 4.949999999999999
      vertex -88.28793873272008 -57.65727996982418 6
      vertex -89.3451505843609 -57.77164570954364 4.949999999999999
    endloop
  endfacet
  facet normal -0.5347113023229411 -0.4689292266333779 0.7029859198996282
    outer loop
      vertex -89.50830832463596 -57.489048213739096 4.949999999999999
      vertex -88.68314600607833 -56.855878897246534 6
      vertex -89.61611652351681 -57.366116523516816 4.949999999999999
    endloop
  endfacet
  facet normal -0.6378592711803074 -0.3145573820341906 0.702985919899626
    outer loop
      vertex -89.41746824526945 -57.625 4.949999999999999
      vertex -89.3451505843609 -57.77164570954364 4.949999999999999
      vertex -88.3842287121027 -57.37361883767335 6
    endloop
  endfacet
  facet normal -0.5913443193796941 -0.39512364186447707 0.7029859198996226
    outer loop
      vertex -89.50830832463596 -57.489048213739096 4.949999999999999
      vertex -89.41746824526945 -57.625 4.949999999999999
      vertex -88.51672012482385 -57.10495283018868 6
    endloop
  endfacet
  facet normal -0.4689292266333998 -0.5347113023229265 0.7029859198996247
    outer loop
      vertex -89.7390482137391 -57.258308324635955 4.949999999999999
      vertex -89.61611652351681 -57.366116523516816 4.949999999999999
      vertex -88.8806587628959 -56.6306587628959 6
    endloop
  endfacet
  facet normal 0.5347113023229216 0.4689292266334056 0.7029859198996243
    outer loop
      vertex -91.38388347648319 -59.133883476483184 4.949999999999999
      vertex -92.31685399392167 -59.644121102753466 6
      vertex -92.1193412371041 -59.8693412371041 6
    endloop
  endfacet
  facet normal 0.5913443193797115 0.3951236418644438 0.7029859198996269
    outer loop
      vertex -91.49169167536404 -59.010951786260904 4.949999999999999
      vertex -92.48327987517615 -59.39504716981132 6
      vertex -92.31685399392167 -59.644121102753466 6
    endloop
  endfacet
  facet normal 0.4689292266334049 0.5347113023229207 0.7029859198996254
    outer loop
      vertex -91.2609517862609 -59.241691675364045 4.949999999999999
      vertex -92.1193412371041 -59.8693412371041 6
      vertex -91.89412110275346 -60.066853993921676 6
    endloop
  endfacet
  facet normal 0.3951236418644403 0.5913443193797148 0.702985919899626
    outer loop
      vertex -91.125 -59.332531754730546 4.949999999999999
      vertex -91.89412110275346 -60.066853993921676 6
      vertex -91.64504716981132 -60.23327987517615 6
    endloop
  endfacet
  facet normal 0.3145573820342387 0.6378592711802821 0.7029859198996274
    outer loop
      vertex -90.97835429045637 -59.404849415639106 4.949999999999999
      vertex -91.64504716981132 -60.23327987517615 6
      vertex -91.37638116232667 -60.36577128789731 6
    endloop
  endfacet
  facet normal 0.22860895818558544 0.6734602740029867 0.7029859198996261
    outer loop
      vertex -90.82352380637815 -59.45740728286133 4.949999999999999
      vertex -91.37638116232667 -60.36577128789731 6
      vertex -91.09272003017581 -60.462061267279914 6
    endloop
  endfacet
  facet normal 0.13874897168007258 0.6975381848190101 0.7029859198996257
    outer loop
      vertex -90.66315774027507 -59.48930607671726 4.949999999999999
      vertex -91.09272003017581 -60.462061267279914 6
      vertex -90.79891729397563 -60.52050226508012 6
    endloop
  endfacet
  facet normal 0.046514951800580566 0.7096810238986712 0.7029859198996262
    outer loop
      vertex -90.5 -59.5 4.949999999999999
      vertex -90.79891729397563 -60.52050226508012 6
      vertex -90.5 -60.54009433962264 6
    endloop
  endfacet
  facet normal -0.04651495180058037 0.7096810238986708 0.7029859198996263
    outer loop
      vertex -90.33684225972493 -59.48930607671726 4.949999999999999
      vertex -90.5 -60.54009433962264 6
      vertex -90.20108270602437 -60.52050226508012 6
    endloop
  endfacet
  facet normal -0.13874897168007227 0.6975381848190099 0.7029859198996259
    outer loop
      vertex -90.17647619362185 -59.45740728286133 4.949999999999999
      vertex -90.20108270602437 -60.52050226508012 6
      vertex -89.90727996982419 -60.462061267279914 6
    endloop
  endfacet
  facet normal -0.22860895818558516 0.6734602740029857 0.702985919899627
    outer loop
      vertex -90.02164570954363 -59.404849415639106 4.949999999999999
      vertex -89.90727996982419 -60.462061267279914 6
      vertex -89.62361883767333 -60.36577128789731 6
    endloop
  endfacet
  facet normal -0.3145573820342394 0.6378592711802828 0.7029859198996264
    outer loop
      vertex -89.875 -59.332531754730546 4.949999999999999
      vertex -89.62361883767333 -60.36577128789731 6
      vertex -89.35495283018868 -60.23327987517615 6
    endloop
  endfacet
  facet normal 0.6378592711802991 0.3145573820342137 0.7029859198996232
    outer loop
      vertex -91.58253175473055 -58.875 4.949999999999999
      vertex -92.6157712878973 -59.12638116232665 6
      vertex -92.48327987517615 -59.39504716981132 6
    endloop
  endfacet
  facet normal 0.6734602740029716 0.2286089581856312 0.7029859198996256
    outer loop
      vertex -91.6548494156391 -58.72835429045636 4.949999999999999
      vertex -92.71206126727992 -58.84272003017582 6
      vertex -92.6157712878973 -59.12638116232665 6
    endloop
  endfacet
  facet normal 0.6975381848190176 0.1387489716800371 0.7029859198996251
    outer loop
      vertex -91.70740728286134 -58.57352380637815 4.949999999999999
      vertex -92.77050226508011 -58.548917293975634 6
      vertex -92.71206126727992 -58.84272003017582 6
    endloop
  endfacet
  facet normal 0.709681023898674 0.0465149518005973 0.702985919899622
    outer loop
      vertex -91.73930607671727 -58.41315774027507 4.949999999999999
      vertex -92.79009433962264 -58.25 6
      vertex -92.77050226508011 -58.548917293975634 6
    endloop
  endfacet
  facet normal 0.7096810238986705 -0.046514951800597296 0.7029859198996256
    outer loop
      vertex -91.75 -58.25 4.949999999999999
      vertex -92.77050226508011 -57.951082706024366 6
      vertex -92.79009433962264 -58.25 6
    endloop
  endfacet
  facet normal 0.6975381848190207 -0.13874897168003741 0.7029859198996222
    outer loop
      vertex -91.73930607671727 -58.08684225972493 4.949999999999999
      vertex -92.71206126727992 -57.65727996982418 6
      vertex -92.77050226508011 -57.951082706024366 6
    endloop
  endfacet
  facet normal 0.6734602740029719 -0.22860895818563132 0.7029859198996253
    outer loop
      vertex -91.70740728286134 -57.92647619362185 4.949999999999999
      vertex -92.6157712878973 -57.37361883767335 6
      vertex -92.71206126727992 -57.65727996982418 6
    endloop
  endfacet
  facet normal 0.6378592711802973 -0.314557382034213 0.7029859198996251
    outer loop
      vertex -91.6548494156391 -57.77164570954364 4.949999999999999
      vertex -92.48327987517615 -57.10495283018868 6
      vertex -92.6157712878973 -57.37361883767335 6
    endloop
  endfacet
  facet normal 0.5913443193797138 -0.3951236418644455 0.702985919899624
    outer loop
      vertex -91.58253175473055 -57.625 4.949999999999999
      vertex -92.31685399392167 -56.855878897246534 6
      vertex -92.48327987517615 -57.10495283018868 6
    endloop
  endfacet
  facet normal 0.5347113023229196 -0.4689292266334038 0.7029859198996271
    outer loop
      vertex -91.49169167536404 -57.489048213739096 4.949999999999999
      vertex -92.1193412371041 -56.6306587628959 6
      vertex -92.31685399392167 -56.855878897246534 6
    endloop
  endfacet
  facet normal 0.4689292266334054 -0.5347113023229213 0.7029859198996248
    outer loop
      vertex -91.38388347648319 -57.366116523516816 4.949999999999999
      vertex -91.89412110275346 -56.433146006078324 6
      vertex -92.1193412371041 -56.6306587628959 6
    endloop
  endfacet
  facet normal 0.39512364186444077 -0.5913443193797152 0.7029859198996253
    outer loop
      vertex -91.2609517862609 -57.258308324635955 4.949999999999999
      vertex -91.64504716981132 -56.26672012482385 6
      vertex -91.89412110275346 -56.433146006078324 6
    endloop
  endfacet
  facet normal 0.3145573820342394 -0.6378592711802828 0.7029859198996264
    outer loop
      vertex -91.125 -57.167468245269454 4.949999999999999
      vertex -91.37638116232667 -56.13422871210269 6
      vertex -91.64504716981132 -56.26672012482385 6
    endloop
  endfacet
  facet normal 0.22860895818558516 -0.6734602740029857 0.702985919899627
    outer loop
      vertex -90.97835429045637 -57.095150584360894 4.949999999999999
      vertex -91.09272003017581 -56.037938732720086 6
      vertex -91.37638116232667 -56.13422871210269 6
    endloop
  endfacet
  facet normal 0.13874897168007227 -0.6975381848190099 0.7029859198996259
    outer loop
      vertex -90.82352380637815 -57.04259271713867 4.949999999999999
      vertex -90.79891729397563 -55.97949773491988 6
      vertex -91.09272003017581 -56.037938732720086 6
    endloop
  endfacet
  facet normal 0.04651495180058037 -0.7096810238986708 0.7029859198996263
    outer loop
      vertex -90.66315774027507 -57.01069392328274 4.949999999999999
      vertex -90.5 -55.95990566037736 6
      vertex -90.79891729397563 -55.97949773491988 6
    endloop
  endfacet
  facet normal -0.046514951800580566 -0.7096810238986712 0.7029859198996262
    outer loop
      vertex -90.5 -57 4.949999999999999
      vertex -90.20108270602437 -55.97949773491988 6
      vertex -90.5 -55.95990566037736 6
    endloop
  endfacet
  facet normal -0.13874897168007258 -0.6975381848190101 0.7029859198996257
    outer loop
      vertex -90.33684225972493 -57.01069392328274 4.949999999999999
      vertex -89.90727996982419 -56.037938732720086 6
      vertex -90.20108270602437 -55.97949773491988 6
    endloop
  endfacet
  facet normal -0.3145573820342387 -0.6378592711802821 0.7029859198996274
    outer loop
      vertex -90.02164570954363 -57.095150584360894 4.949999999999999
      vertex -89.35495283018868 -56.26672012482385 6
      vertex -89.62361883767333 -56.13422871210269 6
    endloop
  endfacet
  facet normal -0.22860895818558544 -0.6734602740029867 0.7029859198996261
    outer loop
      vertex -90.17647619362185 -57.04259271713867 4.949999999999999
      vertex -89.62361883767333 -56.13422871210269 6
      vertex -89.90727996982419 -56.037938732720086 6
    endloop
  endfacet
  facet normal -0.39512364186444077 0.5913443193797152 0.7029859198996253
    outer loop
      vertex -89.7390482137391 -59.241691675364045 4.949999999999999
      vertex -89.35495283018868 -60.23327987517615 6
      vertex -89.10587889724654 -60.066853993921676 6
    endloop
  endfacet
  facet normal -0.4689292266334054 0.5347113023229213 0.7029859198996248
    outer loop
      vertex -89.61611652351681 -59.133883476483184 4.949999999999999
      vertex -89.10587889724654 -60.066853993921676 6
      vertex -88.8806587628959 -59.8693412371041 6
    endloop
  endfacet
  facet normal -0.5347113023229196 0.4689292266334038 0.7029859198996271
    outer loop
      vertex -89.50830832463596 -59.010951786260904 4.949999999999999
      vertex -88.8806587628959 -59.8693412371041 6
      vertex -88.68314600607833 -59.644121102753466 6
    endloop
  endfacet
  facet normal -0.5913443193797138 0.3951236418644455 0.702985919899624
    outer loop
      vertex -89.41746824526945 -58.875 4.949999999999999
      vertex -88.68314600607833 -59.644121102753466 6
      vertex -88.51672012482385 -59.39504716981132 6
    endloop
  endfacet
  facet normal -0.6378592711802973 0.314557382034213 0.7029859198996251
    outer loop
      vertex -89.3451505843609 -58.72835429045636 4.949999999999999
      vertex -88.51672012482385 -59.39504716981132 6
      vertex -88.3842287121027 -59.12638116232665 6
    endloop
  endfacet
  facet normal -0.6734602740029719 0.22860895818563132 0.7029859198996253
    outer loop
      vertex -89.29259271713866 -58.57352380637815 4.949999999999999
      vertex -88.3842287121027 -59.12638116232665 6
      vertex -88.28793873272008 -58.84272003017582 6
    endloop
  endfacet
  facet normal -0.6975381848190207 0.13874897168003741 0.7029859198996222
    outer loop
      vertex -89.26069392328273 -58.41315774027507 4.949999999999999
      vertex -88.28793873272008 -58.84272003017582 6
      vertex -88.22949773491989 -58.548917293975634 6
    endloop
  endfacet
  facet normal -0.7096810238986705 0.046514951800597296 0.7029859198996256
    outer loop
      vertex -89.25 -58.25 4.949999999999999
      vertex -88.22949773491989 -58.548917293975634 6
      vertex -88.20990566037736 -58.25 6
    endloop
  endfacet
  facet normal -0.709681023898674 -0.0465149518005973 0.702985919899622
    outer loop
      vertex -89.26069392328273 -58.08684225972493 4.949999999999999
      vertex -88.20990566037736 -58.25 6
      vertex -88.22949773491989 -57.951082706024366 6
    endloop
  endfacet
  facet normal -0.6975381848190176 -0.1387489716800371 0.7029859198996251
    outer loop
      vertex -89.29259271713866 -57.92647619362185 4.949999999999999
      vertex -88.22949773491989 -57.951082706024366 6
      vertex -88.28793873272008 -57.65727996982418 6
    endloop
  endfacet
  facet normal -0.6734602740029716 -0.2286089581856312 0.7029859198996256
    outer loop
      vertex -89.3451505843609 -57.77164570954364 4.949999999999999
      vertex -88.28793873272008 -57.65727996982418 6
      vertex -88.3842287121027 -57.37361883767335 6
    endloop
  endfacet
  facet normal -0.6378592711802991 -0.3145573820342137 0.7029859198996232
    outer loop
      vertex -89.41746824526945 -57.625 4.949999999999999
      vertex -88.3842287121027 -57.37361883767335 6
      vertex -88.51672012482385 -57.10495283018868 6
    endloop
  endfacet
  facet normal -0.4689292266334049 -0.5347113023229207 0.7029859198996254
    outer loop
      vertex -89.7390482137391 -57.258308324635955 4.949999999999999
      vertex -88.8806587628959 -56.6306587628959 6
      vertex -89.10587889724654 -56.433146006078324 6
    endloop
  endfacet
  facet normal -0.5913443193797115 -0.3951236418644438 0.7029859198996269
    outer loop
      vertex -89.50830832463596 -57.489048213739096 4.949999999999999
      vertex -88.51672012482385 -57.10495283018868 6
      vertex -88.68314600607833 -56.855878897246534 6
    endloop
  endfacet
  facet normal -0.5347113023229216 -0.4689292266334056 0.7029859198996243
    outer loop
      vertex -89.61611652351681 -57.366116523516816 4.949999999999999
      vertex -88.68314600607833 -56.855878897246534 6
      vertex -88.8806587628959 -56.6306587628959 6
    endloop
  endfacet
  facet normal -0.3951236418644403 -0.5913443193797148 0.702985919899626
    outer loop
      vertex -89.875 -57.167468245269454 4.949999999999999
      vertex -89.10587889724654 -56.433146006078324 6
      vertex -89.35495283018868 -56.26672012482385 6
    endloop
  endfacet
  facet normal 0.5347113023229411 0.4689292266333779 0.7029859198996282
    outer loop
      vertex 89.61611652351681 -59.133883476483184 4.949999999999999
      vertex 89.50830832463596 -59.010951786260904 4.949999999999999
      vertex 88.68314600607833 -59.644121102753466 6
    endloop
  endfacet
  facet normal 0.4689292266333998 0.5347113023229265 0.7029859198996247
    outer loop
      vertex 89.61611652351681 -59.133883476483184 4.949999999999999
      vertex 88.8806587628959 -59.8693412371041 6
      vertex 89.7390482137391 -59.241691675364045 4.949999999999999
    endloop
  endfacet
  facet normal 0.5913443193796941 0.39512364186447707 0.7029859198996227
    outer loop
      vertex 89.41746824526945 -58.875 4.949999999999999
      vertex 88.51672012482385 -59.39504716981132 6
      vertex 89.50830832463596 -59.010951786260904 4.949999999999999
    endloop
  endfacet
  facet normal 0.6378592711803074 0.3145573820341906 0.702985919899626
    outer loop
      vertex 89.3451505843609 -58.72835429045636 4.949999999999999
      vertex 88.3842287121027 -59.12638116232665 6
      vertex 89.41746824526945 -58.875 4.949999999999999
    endloop
  endfacet
  facet normal 0.6734602740029708 0.22860895818563481 0.7029859198996251
    outer loop
      vertex 89.3451505843609 -58.72835429045636 4.949999999999999
      vertex 89.29259271713866 -58.57352380637815 4.949999999999999
      vertex 88.28793873272008 -58.84272003017582 6
    endloop
  endfacet
  facet normal 0.6975381848190142 0.13874897168007655 0.7029859198996208
    outer loop
      vertex 89.29259271713866 -58.57352380637815 4.949999999999999
      vertex 89.26069392328273 -58.41315774027507 4.949999999999999
      vertex 88.22949773491989 -58.548917293975634 6
    endloop
  endfacet
  facet normal 0.7096810238986719 0.04651495180055192 0.7029859198996271
    outer loop
      vertex 89.26069392328273 -58.41315774027507 4.949999999999999
      vertex 89.25 -58.25 4.949999999999999
      vertex 88.20990566037736 -58.25 6
    endloop
  endfacet
  facet normal 0.7096810238986785 -0.04651495180055235 0.7029859198996206
    outer loop
      vertex 89.25 -58.25 4.949999999999999
      vertex 89.26069392328273 -58.08684225972493 4.949999999999999
      vertex 88.22949773491989 -57.951082706024366 6
    endloop
  endfacet
  facet normal 0.6975381848190088 -0.13874897168007547 0.7029859198996264
    outer loop
      vertex 89.26069392328273 -58.08684225972493 4.949999999999999
      vertex 89.29259271713866 -57.92647619362185 4.949999999999999
      vertex 88.28793873272008 -57.65727996982418 6
    endloop
  endfacet
  facet normal 0.6734602740029703 -0.22860895818563465 0.7029859198996257
    outer loop
      vertex 89.29259271713866 -57.92647619362185 4.949999999999999
      vertex 89.3451505843609 -57.77164570954364 4.949999999999999
      vertex 88.3842287121027 -57.37361883767335 6
    endloop
  endfacet
  facet normal 0.6378592711803106 -0.31455738203419215 0.7029859198996224
    outer loop
      vertex 89.3451505843609 -57.77164570954364 4.949999999999999
      vertex 89.41746824526945 -57.625 4.949999999999999
      vertex 88.51672012482385 -57.10495283018868 6
    endloop
  endfacet
  facet normal 0.5913443193796897 -0.39512364186447413 0.702985919899628
    outer loop
      vertex 89.41746824526945 -57.625 4.949999999999999
      vertex 89.50830832463596 -57.489048213739096 4.949999999999999
      vertex 88.68314600607833 -56.855878897246534 6
    endloop
  endfacet
  facet normal 0.5347113023229447 -0.46892922663338105 0.7029859198996233
    outer loop
      vertex 89.50830832463596 -57.489048213739096 4.949999999999999
      vertex 89.61611652351681 -57.366116523516816 4.949999999999999
      vertex 88.8806587628959 -56.6306587628959 6
    endloop
  endfacet
  facet normal 0.4689292266333991 -0.5347113023229257 0.7029859198996258
    outer loop
      vertex 89.61611652351681 -57.366116523516816 4.949999999999999
      vertex 89.7390482137391 -57.258308324635955 4.949999999999999
      vertex 89.10587889724654 -56.433146006078324 6
    endloop
  endfacet
  facet normal 0.22860895818559698 0.6734602740029811 0.7029859198996276
    outer loop
      vertex 90.02164570954363 -59.404849415639106 4.949999999999999
      vertex 89.62361883767333 -60.36577128789731 6
      vertex 90.17647619362185 -59.45740728286133 4.949999999999999
    endloop
  endfacet
  facet normal 0.13874897168007555 0.6975381848190092 0.702985919899626
    outer loop
      vertex 90.17647619362185 -59.45740728286133 4.949999999999999
      vertex 89.90727996982419 -60.462061267279914 6
      vertex 90.33684225972493 -59.48930607671726 4.949999999999999
    endloop
  endfacet
  facet normal 0.39512364186443305 0.5913443193797208 0.7029859198996251
    outer loop
      vertex 89.7390482137391 -59.241691675364045 4.949999999999999
      vertex 89.10587889724654 -60.066853993921676 6
      vertex 89.875 -59.332531754730546 4.949999999999999
    endloop
  endfacet
  facet normal 0.31455738203422773 0.6378592711802892 0.7029859198996259
    outer loop
      vertex 90.02164570954363 -59.404849415639106 4.949999999999999
      vertex 89.875 -59.332531754730546 4.949999999999999
      vertex 89.35495283018868 -60.23327987517615 6
    endloop
  endfacet
  facet normal 0.04651495180058274 0.7096810238986706 0.7029859198996264
    outer loop
      vertex 90.33684225972493 -59.48930607671726 4.949999999999999
      vertex 90.20108270602437 -60.52050226508012 6
      vertex 90.5 -59.5 4.949999999999999
    endloop
  endfacet
  facet normal -0.04651495180058276 0.7096810238986709 0.7029859198996261
    outer loop
      vertex 90.5 -59.5 4.949999999999999
      vertex 90.5 -60.54009433962264 6
      vertex 90.66315774027507 -59.48930607671726 4.949999999999999
    endloop
  endfacet
  facet normal -0.13874897168007563 0.6975381848190095 0.7029859198996257
    outer loop
      vertex 90.66315774027507 -59.48930607671726 4.949999999999999
      vertex 90.79891729397563 -60.52050226508012 6
      vertex 90.82352380637815 -59.45740728286133 4.949999999999999
    endloop
  endfacet
  facet normal -0.22860895818559757 0.6734602740029829 0.7029859198996257
    outer loop
      vertex 90.82352380637815 -59.45740728286133 4.949999999999999
      vertex 91.09272003017581 -60.462061267279914 6
      vertex 90.97835429045637 -59.404849415639106 4.949999999999999
    endloop
  endfacet
  facet normal -0.3145573820342269 0.6378592711802875 0.7029859198996277
    outer loop
      vertex 90.97835429045637 -59.404849415639106 4.949999999999999
      vertex 91.37638116232667 -60.36577128789731 6
      vertex 91.125 -59.332531754730546 4.949999999999999
    endloop
  endfacet
  facet normal -0.39512364186443233 0.5913443193797197 0.7029859198996264
    outer loop
      vertex 91.125 -59.332531754730546 4.949999999999999
      vertex 91.64504716981132 -60.23327987517615 6
      vertex 91.2609517862609 -59.241691675364045 4.949999999999999
    endloop
  endfacet
  facet normal -0.4689292266333991 0.5347113023229257 0.7029859198996258
    outer loop
      vertex 91.2609517862609 -59.241691675364045 4.949999999999999
      vertex 91.89412110275346 -60.066853993921676 6
      vertex 91.38388347648319 -59.133883476483184 4.949999999999999
    endloop
  endfacet
  facet normal -0.5347113023229447 0.46892922663338105 0.7029859198996233
    outer loop
      vertex 91.38388347648319 -59.133883476483184 4.949999999999999
      vertex 92.1193412371041 -59.8693412371041 6
      vertex 91.49169167536404 -59.010951786260904 4.949999999999999
    endloop
  endfacet
  facet normal -0.5913443193796897 0.39512364186447413 0.702985919899628
    outer loop
      vertex 91.49169167536404 -59.010951786260904 4.949999999999999
      vertex 92.31685399392167 -59.644121102753466 6
      vertex 91.58253175473055 -58.875 4.949999999999999
    endloop
  endfacet
  facet normal -0.6378592711803106 0.31455738203419215 0.7029859198996224
    outer loop
      vertex 91.58253175473055 -58.875 4.949999999999999
      vertex 92.48327987517615 -59.39504716981132 6
      vertex 91.6548494156391 -58.72835429045636 4.949999999999999
    endloop
  endfacet
  facet normal -0.6734602740029703 0.22860895818563465 0.7029859198996257
    outer loop
      vertex 91.6548494156391 -58.72835429045636 4.949999999999999
      vertex 92.6157712878973 -59.12638116232665 6
      vertex 91.70740728286134 -58.57352380637815 4.949999999999999
    endloop
  endfacet
  facet normal -0.6975381848190088 0.13874897168007547 0.7029859198996264
    outer loop
      vertex 91.70740728286134 -58.57352380637815 4.949999999999999
      vertex 92.71206126727992 -58.84272003017582 6
      vertex 91.73930607671727 -58.41315774027507 4.949999999999999
    endloop
  endfacet
  facet normal -0.7096810238986785 0.04651495180055235 0.7029859198996206
    outer loop
      vertex 91.73930607671727 -58.41315774027507 4.949999999999999
      vertex 92.77050226508011 -58.548917293975634 6
      vertex 91.75 -58.25 4.949999999999999
    endloop
  endfacet
  facet normal -0.5347113023229411 -0.4689292266333779 0.7029859198996282
    outer loop
      vertex 91.49169167536404 -57.489048213739096 4.949999999999999
      vertex 92.31685399392167 -56.855878897246534 6
      vertex 91.38388347648319 -57.366116523516816 4.949999999999999
    endloop
  endfacet
  facet normal -0.7096810238986719 -0.04651495180055192 0.7029859198996271
    outer loop
      vertex 91.75 -58.25 4.949999999999999
      vertex 92.79009433962264 -58.25 6
      vertex 91.73930607671727 -58.08684225972493 4.949999999999999
    endloop
  endfacet
  facet normal -0.6975381848190142 -0.13874897168007655 0.7029859198996208
    outer loop
      vertex 91.73930607671727 -58.08684225972493 4.949999999999999
      vertex 92.77050226508011 -57.951082706024366 6
      vertex 91.70740728286134 -57.92647619362185 4.949999999999999
    endloop
  endfacet
  facet normal -0.6734602740029708 -0.22860895818563481 0.7029859198996251
    outer loop
      vertex 91.70740728286134 -57.92647619362185 4.949999999999999
      vertex 92.71206126727992 -57.65727996982418 6
      vertex 91.6548494156391 -57.77164570954364 4.949999999999999
    endloop
  endfacet
  facet normal -0.6378592711803074 -0.3145573820341906 0.702985919899626
    outer loop
      vertex 91.58253175473055 -57.625 4.949999999999999
      vertex 91.6548494156391 -57.77164570954364 4.949999999999999
      vertex 92.6157712878973 -57.37361883767335 6
    endloop
  endfacet
  facet normal -0.5913443193796941 -0.39512364186447707 0.7029859198996226
    outer loop
      vertex 91.49169167536404 -57.489048213739096 4.949999999999999
      vertex 91.58253175473055 -57.625 4.949999999999999
      vertex 92.48327987517615 -57.10495283018868 6
    endloop
  endfacet
  facet normal 0.39512364186443233 -0.5913443193797197 0.7029859198996264
    outer loop
      vertex 89.7390482137391 -57.258308324635955 4.949999999999999
      vertex 89.875 -57.167468245269454 4.949999999999999
      vertex 89.35495283018868 -56.26672012482385 6
    endloop
  endfacet
  facet normal 0.3145573820342269 -0.6378592711802875 0.7029859198996278
    outer loop
      vertex 89.875 -57.167468245269454 4.949999999999999
      vertex 90.02164570954363 -57.095150584360894 4.949999999999999
      vertex 89.62361883767333 -56.13422871210269 6
    endloop
  endfacet
  facet normal 0.22860895818559757 -0.6734602740029829 0.7029859198996257
    outer loop
      vertex 90.02164570954363 -57.095150584360894 4.949999999999999
      vertex 90.17647619362185 -57.04259271713867 4.949999999999999
      vertex 89.90727996982419 -56.037938732720086 6
    endloop
  endfacet
  facet normal 0.13874897168007566 -0.6975381848190096 0.7029859198996256
    outer loop
      vertex 90.17647619362185 -57.04259271713867 4.949999999999999
      vertex 90.33684225972493 -57.01069392328274 4.949999999999999
      vertex 90.20108270602437 -55.97949773491988 6
    endloop
  endfacet
  facet normal 0.04651495180058276 -0.7096810238986709 0.7029859198996261
    outer loop
      vertex 90.33684225972493 -57.01069392328274 4.949999999999999
      vertex 90.5 -57 4.949999999999999
      vertex 90.5 -55.95990566037736 6
    endloop
  endfacet
  facet normal -0.04651495180058274 -0.7096810238986706 0.7029859198996264
    outer loop
      vertex 90.5 -57 4.949999999999999
      vertex 90.66315774027507 -57.01069392328274 4.949999999999999
      vertex 90.79891729397563 -55.97949773491988 6
    endloop
  endfacet
  facet normal -0.13874897168007555 -0.6975381848190092 0.702985919899626
    outer loop
      vertex 90.66315774027507 -57.01069392328274 4.949999999999999
      vertex 90.82352380637815 -57.04259271713867 4.949999999999999
      vertex 91.09272003017581 -56.037938732720086 6
    endloop
  endfacet
  facet normal -0.22860895818559698 -0.6734602740029811 0.7029859198996276
    outer loop
      vertex 90.82352380637815 -57.04259271713867 4.949999999999999
      vertex 90.97835429045637 -57.095150584360894 4.949999999999999
      vertex 91.37638116232667 -56.13422871210269 6
    endloop
  endfacet
  facet normal -0.31455738203422773 -0.6378592711802892 0.7029859198996259
    outer loop
      vertex 91.125 -57.167468245269454 4.949999999999999
      vertex 91.64504716981132 -56.26672012482385 6
      vertex 90.97835429045637 -57.095150584360894 4.949999999999999
    endloop
  endfacet
  facet normal -0.39512364186443305 -0.5913443193797208 0.7029859198996251
    outer loop
      vertex 91.125 -57.167468245269454 4.949999999999999
      vertex 91.2609517862609 -57.258308324635955 4.949999999999999
      vertex 91.89412110275346 -56.433146006078324 6
    endloop
  endfacet
  facet normal -0.4689292266333998 -0.5347113023229265 0.7029859198996247
    outer loop
      vertex 91.2609517862609 -57.258308324635955 4.949999999999999
      vertex 91.38388347648319 -57.366116523516816 4.949999999999999
      vertex 92.1193412371041 -56.6306587628959 6
    endloop
  endfacet
  facet normal 0.4689292266334049 0.5347113023229207 0.7029859198996254
    outer loop
      vertex 89.7390482137391 -59.241691675364045 4.949999999999999
      vertex 88.8806587628959 -59.8693412371041 6
      vertex 89.10587889724654 -60.066853993921676 6
    endloop
  endfacet
  facet normal 0.3951236418644403 0.5913443193797148 0.702985919899626
    outer loop
      vertex 89.875 -59.332531754730546 4.949999999999999
      vertex 89.10587889724654 -60.066853993921676 6
      vertex 89.35495283018868 -60.23327987517615 6
    endloop
  endfacet
  facet normal 0.5347113023229216 0.4689292266334056 0.7029859198996243
    outer loop
      vertex 89.61611652351681 -59.133883476483184 4.949999999999999
      vertex 88.68314600607833 -59.644121102753466 6
      vertex 88.8806587628959 -59.8693412371041 6
    endloop
  endfacet
  facet normal 0.5913443193797115 0.3951236418644438 0.7029859198996269
    outer loop
      vertex 89.50830832463596 -59.010951786260904 4.949999999999999
      vertex 88.51672012482385 -59.39504716981132 6
      vertex 88.68314600607833 -59.644121102753466 6
    endloop
  endfacet
  facet normal 0.6378592711802991 0.3145573820342137 0.7029859198996232
    outer loop
      vertex 89.41746824526945 -58.875 4.949999999999999
      vertex 88.3842287121027 -59.12638116232665 6
      vertex 88.51672012482385 -59.39504716981132 6
    endloop
  endfacet
  facet normal 0.6734602740029716 0.2286089581856312 0.7029859198996256
    outer loop
      vertex 89.3451505843609 -58.72835429045636 4.949999999999999
      vertex 88.28793873272008 -58.84272003017582 6
      vertex 88.3842287121027 -59.12638116232665 6
    endloop
  endfacet
  facet normal 0.6975381848190176 0.1387489716800371 0.7029859198996251
    outer loop
      vertex 89.29259271713866 -58.57352380637815 4.949999999999999
      vertex 88.22949773491989 -58.548917293975634 6
      vertex 88.28793873272008 -58.84272003017582 6
    endloop
  endfacet
  facet normal 0.709681023898674 0.0465149518005973 0.702985919899622
    outer loop
      vertex 89.26069392328273 -58.41315774027507 4.949999999999999
      vertex 88.20990566037736 -58.25 6
      vertex 88.22949773491989 -58.548917293975634 6
    endloop
  endfacet
  facet normal 0.7096810238986705 -0.046514951800597296 0.7029859198996256
    outer loop
      vertex 89.25 -58.25 4.949999999999999
      vertex 88.22949773491989 -57.951082706024366 6
      vertex 88.20990566037736 -58.25 6
    endloop
  endfacet
  facet normal 0.6975381848190207 -0.13874897168003741 0.7029859198996222
    outer loop
      vertex 89.26069392328273 -58.08684225972493 4.949999999999999
      vertex 88.28793873272008 -57.65727996982418 6
      vertex 88.22949773491989 -57.951082706024366 6
    endloop
  endfacet
  facet normal 0.6734602740029719 -0.22860895818563132 0.7029859198996253
    outer loop
      vertex 89.29259271713866 -57.92647619362185 4.949999999999999
      vertex 88.3842287121027 -57.37361883767335 6
      vertex 88.28793873272008 -57.65727996982418 6
    endloop
  endfacet
  facet normal 0.6378592711802973 -0.314557382034213 0.7029859198996251
    outer loop
      vertex 89.3451505843609 -57.77164570954364 4.949999999999999
      vertex 88.51672012482385 -57.10495283018868 6
      vertex 88.3842287121027 -57.37361883767335 6
    endloop
  endfacet
  facet normal 0.5913443193797138 -0.3951236418644455 0.702985919899624
    outer loop
      vertex 89.41746824526945 -57.625 4.949999999999999
      vertex 88.68314600607833 -56.855878897246534 6
      vertex 88.51672012482385 -57.10495283018868 6
    endloop
  endfacet
  facet normal 0.5347113023229196 -0.4689292266334038 0.7029859198996271
    outer loop
      vertex 89.50830832463596 -57.489048213739096 4.949999999999999
      vertex 88.8806587628959 -56.6306587628959 6
      vertex 88.68314600607833 -56.855878897246534 6
    endloop
  endfacet
  facet normal 0.4689292266334054 -0.5347113023229213 0.7029859198996248
    outer loop
      vertex 89.61611652351681 -57.366116523516816 4.949999999999999
      vertex 89.10587889724654 -56.433146006078324 6
      vertex 88.8806587628959 -56.6306587628959 6
    endloop
  endfacet
  facet normal 0.39512364186444077 -0.5913443193797152 0.7029859198996253
    outer loop
      vertex 89.7390482137391 -57.258308324635955 4.949999999999999
      vertex 89.35495283018868 -56.26672012482385 6
      vertex 89.10587889724654 -56.433146006078324 6
    endloop
  endfacet
  facet normal 0.3145573820342387 0.6378592711802821 0.7029859198996274
    outer loop
      vertex 90.02164570954363 -59.404849415639106 4.949999999999999
      vertex 89.35495283018868 -60.23327987517615 6
      vertex 89.62361883767333 -60.36577128789731 6
    endloop
  endfacet
  facet normal 0.22860895818558544 0.6734602740029867 0.7029859198996261
    outer loop
      vertex 90.17647619362185 -59.45740728286133 4.949999999999999
      vertex 89.62361883767333 -60.36577128789731 6
      vertex 89.90727996982419 -60.462061267279914 6
    endloop
  endfacet
  facet normal 0.13874897168007258 0.6975381848190101 0.7029859198996257
    outer loop
      vertex 90.33684225972493 -59.48930607671726 4.949999999999999
      vertex 89.90727996982419 -60.462061267279914 6
      vertex 90.20108270602437 -60.52050226508012 6
    endloop
  endfacet
  facet normal 0.046514951800580566 0.7096810238986712 0.7029859198996262
    outer loop
      vertex 90.5 -59.5 4.949999999999999
      vertex 90.20108270602437 -60.52050226508012 6
      vertex 90.5 -60.54009433962264 6
    endloop
  endfacet
  facet normal -0.04651495180058037 0.7096810238986708 0.7029859198996263
    outer loop
      vertex 90.66315774027507 -59.48930607671726 4.949999999999999
      vertex 90.5 -60.54009433962264 6
      vertex 90.79891729397563 -60.52050226508012 6
    endloop
  endfacet
  facet normal -0.13874897168007227 0.6975381848190099 0.7029859198996259
    outer loop
      vertex 90.82352380637815 -59.45740728286133 4.949999999999999
      vertex 90.79891729397563 -60.52050226508012 6
      vertex 91.09272003017581 -60.462061267279914 6
    endloop
  endfacet
  facet normal -0.22860895818558516 0.6734602740029857 0.702985919899627
    outer loop
      vertex 90.97835429045637 -59.404849415639106 4.949999999999999
      vertex 91.09272003017581 -60.462061267279914 6
      vertex 91.37638116232667 -60.36577128789731 6
    endloop
  endfacet
  facet normal -0.3145573820342394 0.6378592711802828 0.7029859198996264
    outer loop
      vertex 91.125 -59.332531754730546 4.949999999999999
      vertex 91.37638116232667 -60.36577128789731 6
      vertex 91.64504716981132 -60.23327987517615 6
    endloop
  endfacet
  facet normal -0.39512364186444077 0.5913443193797152 0.7029859198996253
    outer loop
      vertex 91.2609517862609 -59.241691675364045 4.949999999999999
      vertex 91.64504716981132 -60.23327987517615 6
      vertex 91.89412110275346 -60.066853993921676 6
    endloop
  endfacet
  facet normal -0.4689292266334054 0.5347113023229213 0.7029859198996248
    outer loop
      vertex 91.38388347648319 -59.133883476483184 4.949999999999999
      vertex 91.89412110275346 -60.066853993921676 6
      vertex 92.1193412371041 -59.8693412371041 6
    endloop
  endfacet
  facet normal -0.5347113023229196 0.4689292266334038 0.7029859198996271
    outer loop
      vertex 91.49169167536404 -59.010951786260904 4.949999999999999
      vertex 92.1193412371041 -59.8693412371041 6
      vertex 92.31685399392167 -59.644121102753466 6
    endloop
  endfacet
  facet normal -0.5913443193797138 0.3951236418644455 0.702985919899624
    outer loop
      vertex 91.58253175473055 -58.875 4.949999999999999
      vertex 92.31685399392167 -59.644121102753466 6
      vertex 92.48327987517615 -59.39504716981132 6
    endloop
  endfacet
  facet normal -0.6378592711802973 0.314557382034213 0.7029859198996251
    outer loop
      vertex 91.6548494156391 -58.72835429045636 4.949999999999999
      vertex 92.48327987517615 -59.39504716981132 6
      vertex 92.6157712878973 -59.12638116232665 6
    endloop
  endfacet
  facet normal -0.6734602740029719 0.22860895818563132 0.7029859198996253
    outer loop
      vertex 91.70740728286134 -58.57352380637815 4.949999999999999
      vertex 92.6157712878973 -59.12638116232665 6
      vertex 92.71206126727992 -58.84272003017582 6
    endloop
  endfacet
  facet normal -0.6975381848190207 0.13874897168003741 0.7029859198996222
    outer loop
      vertex 91.73930607671727 -58.41315774027507 4.949999999999999
      vertex 92.71206126727992 -58.84272003017582 6
      vertex 92.77050226508011 -58.548917293975634 6
    endloop
  endfacet
  facet normal -0.7096810238986705 0.046514951800597296 0.7029859198996256
    outer loop
      vertex 91.75 -58.25 4.949999999999999
      vertex 92.77050226508011 -58.548917293975634 6
      vertex 92.79009433962264 -58.25 6
    endloop
  endfacet
  facet normal -0.709681023898674 -0.0465149518005973 0.702985919899622
    outer loop
      vertex 91.73930607671727 -58.08684225972493 4.949999999999999
      vertex 92.79009433962264 -58.25 6
      vertex 92.77050226508011 -57.951082706024366 6
    endloop
  endfacet
  facet normal -0.6975381848190176 -0.1387489716800371 0.7029859198996251
    outer loop
      vertex 91.70740728286134 -57.92647619362185 4.949999999999999
      vertex 92.77050226508011 -57.951082706024366 6
      vertex 92.71206126727992 -57.65727996982418 6
    endloop
  endfacet
  facet normal -0.6734602740029716 -0.2286089581856312 0.7029859198996256
    outer loop
      vertex 91.6548494156391 -57.77164570954364 4.949999999999999
      vertex 92.71206126727992 -57.65727996982418 6
      vertex 92.6157712878973 -57.37361883767335 6
    endloop
  endfacet
  facet normal -0.6378592711802991 -0.3145573820342137 0.7029859198996232
    outer loop
      vertex 91.58253175473055 -57.625 4.949999999999999
      vertex 92.6157712878973 -57.37361883767335 6
      vertex 92.48327987517615 -57.10495283018868 6
    endloop
  endfacet
  facet normal 0.3145573820342394 -0.6378592711802828 0.7029859198996264
    outer loop
      vertex 89.875 -57.167468245269454 4.949999999999999
      vertex 89.62361883767333 -56.13422871210269 6
      vertex 89.35495283018868 -56.26672012482385 6
    endloop
  endfacet
  facet normal 0.22860895818558516 -0.6734602740029857 0.702985919899627
    outer loop
      vertex 90.02164570954363 -57.095150584360894 4.949999999999999
      vertex 89.90727996982419 -56.037938732720086 6
      vertex 89.62361883767333 -56.13422871210269 6
    endloop
  endfacet
  facet normal 0.13874897168007227 -0.6975381848190099 0.7029859198996259
    outer loop
      vertex 90.17647619362185 -57.04259271713867 4.949999999999999
      vertex 90.20108270602437 -55.97949773491988 6
      vertex 89.90727996982419 -56.037938732720086 6
    endloop
  endfacet
  facet normal 0.04651495180058037 -0.7096810238986708 0.7029859198996263
    outer loop
      vertex 90.33684225972493 -57.01069392328274 4.949999999999999
      vertex 90.5 -55.95990566037736 6
      vertex 90.20108270602437 -55.97949773491988 6
    endloop
  endfacet
  facet normal -0.046514951800580566 -0.7096810238986712 0.7029859198996262
    outer loop
      vertex 90.5 -57 4.949999999999999
      vertex 90.79891729397563 -55.97949773491988 6
      vertex 90.5 -55.95990566037736 6
    endloop
  endfacet
  facet normal -0.13874897168007258 -0.6975381848190101 0.7029859198996257
    outer loop
      vertex 90.66315774027507 -57.01069392328274 4.949999999999999
      vertex 91.09272003017581 -56.037938732720086 6
      vertex 90.79891729397563 -55.97949773491988 6
    endloop
  endfacet
  facet normal -0.4689292266334049 -0.5347113023229207 0.7029859198996254
    outer loop
      vertex 91.2609517862609 -57.258308324635955 4.949999999999999
      vertex 92.1193412371041 -56.6306587628959 6
      vertex 91.89412110275346 -56.433146006078324 6
    endloop
  endfacet
  facet normal -0.3145573820342387 -0.6378592711802821 0.7029859198996274
    outer loop
      vertex 90.97835429045637 -57.095150584360894 4.949999999999999
      vertex 91.64504716981132 -56.26672012482385 6
      vertex 91.37638116232667 -56.13422871210269 6
    endloop
  endfacet
  facet normal -0.22860895818558544 -0.6734602740029867 0.7029859198996261
    outer loop
      vertex 90.82352380637815 -57.04259271713867 4.949999999999999
      vertex 91.37638116232667 -56.13422871210269 6
      vertex 91.09272003017581 -56.037938732720086 6
    endloop
  endfacet
  facet normal -0.3951236418644403 -0.5913443193797148 0.702985919899626
    outer loop
      vertex 91.125 -57.167468245269454 4.949999999999999
      vertex 91.89412110275346 -56.433146006078324 6
      vertex 91.64504716981132 -56.26672012482385 6
    endloop
  endfacet
  facet normal -0.5913443193797115 -0.3951236418644438 0.7029859198996269
    outer loop
      vertex 91.49169167536404 -57.489048213739096 4.949999999999999
      vertex 92.48327987517615 -57.10495283018868 6
      vertex 92.31685399392167 -56.855878897246534 6
    endloop
  endfacet
  facet normal -0.5347113023229216 -0.4689292266334056 0.7029859198996243
    outer loop
      vertex 91.38388347648319 -57.366116523516816 4.949999999999999
      vertex 92.31685399392167 -56.855878897246534 6
      vertex 92.1193412371041 -56.6306587628959 6
    endloop
  endfacet
  facet normal 0 0 1
    outer loop
      vertex -16.97933324366016 60.51706285940773 1
      vertex -16.97933324366016 60.98293714059227 1
      vertex -17.00230037523643 60.632526427001956 1
    endloop
  endfacet
  facet normal 0 0 1
    outer loop
      vertex -16.82401800626211 60.20211471389215 1
      vertex -16.82401800626211 61.29788528610785 1
      vertex -16.889422863405994 60.3 1
    endloop
  endfacet
  facet normal 0 0 1
    outer loop
      vertex -16.889422863405994 60.3 1
      vertex -16.889422863405994 61.2 1
      vertex -16.94149157926016 60.40558491087142 1
    endloop
  endfacet
  facet normal 0 0 1
    outer loop
      vertex -16.94149157926016 60.40558491087142 1
      vertex -16.94149157926016 61.09441508912858 1
      vertex -16.97933324366016 60.51706285940773 1
    endloop
  endfacet
  facet normal 0 0 1
    outer loop
      vertex -16.65788528610785 60.03598199373789 1
      vertex -16.65788528610785 61.46401800626211 1
      vertex -16.74639610306789 60.113603896932105 1
    endloop
  endfacet
  facet normal 0 0 1
    outer loop
      vertex -16.74639610306789 60.113603896932105 1
      vertex -16.74639610306789 61.386396103067895 1
      vertex -16.82401800626211 60.20211471389215 1
    endloop
  endfacet
  facet normal 0 0 1
    outer loop
      vertex -16.45441508912858 59.91850842073984 1
      vertex -16.45441508912858 61.58149157926016 1
      vertex -16.56 59.970577136594 1
    endloop
  endfacet
  facet normal 0 0 1
    outer loop
      vertex -16.56 59.970577136594 1
      vertex -16.56 61.529422863406 1
      vertex -16.65788528610785 60.03598199373789 1
    endloop
  endfacet
  facet normal 0 0 1
    outer loop
      vertex -17.00230037523643 60.632526427001956 1
      vertex -17.00230037523643 60.867473572998044 1
      vertex -17.009999999999998 60.75 1
    endloop
  endfacet
  facet normal 0 0 1
    outer loop
      vertex -17.00230037523643 60.632526427001956 1
      vertex -16.97933324366016 60.98293714059227 1
      vertex -17.00230037523643 60.867473572998044 1
    endloop
  endfacet
  facet normal 0 0 1
    outer loop
      vertex -16.97933324366016 60.51706285940773 1
      vertex -16.94149157926016 61.09441508912858 1
      vertex -16.97933324366016 60.98293714059227 1
    endloop
  endfacet
  facet normal 0 0 1
    outer loop
      vertex -16.94149157926016 60.40558491087142 1
      vertex -16.889422863405994 61.2 1
      vertex -16.94149157926016 61.09441508912858 1
    endloop
  endfacet
  facet normal 0 0 1
    outer loop
      vertex -16.889422863405994 60.3 1
      vertex -16.82401800626211 61.29788528610785 1
      vertex -16.889422863405994 61.2 1
    endloop
  endfacet
  facet normal 0 0 1
    outer loop
      vertex -16.82401800626211 60.20211471389215 1
      vertex -16.74639610306789 61.386396103067895 1
      vertex -16.82401800626211 61.29788528610785 1
    endloop
  endfacet
  facet normal 0 0 1
    outer loop
      vertex -16.74639610306789 60.113603896932105 1
      vertex -16.65788528610785 61.46401800626211 1
      vertex -16.74639610306789 61.386396103067895 1
    endloop
  endfacet
  facet normal 0 0 1
    outer loop
      vertex -16.65788528610785 60.03598199373789 1
      vertex -16.56 61.529422863406 1
      vertex -16.65788528610785 61.46401800626211 1
    endloop
  endfacet
  facet normal 0 0 1
    outer loop
      vertex -16.56 59.970577136594 1
      vertex -16.45441508912858 61.58149157926016 1
      vertex -16.56 61.529422863406 1
    endloop
  endfacet
  facet normal 0 0 1
    outer loop
      vertex -16.45441508912858 59.91850842073984 1
      vertex -16.34293714059227 61.619333243660165 1
      vertex -16.45441508912858 61.58149157926016 1
    endloop
  endfacet
  facet normal 0 0 1
    outer loop
      vertex -16.11 59.85 1
      vertex -16.11 61.65 1
      vertex -16.227473572998047 59.85769962476357 1
    endloop
  endfacet
  facet normal 0 0 1
    outer loop
      vertex -16.227473572998047 59.85769962476357 1
      vertex -16.227473572998047 61.64230037523643 1
      vertex -16.34293714059227 59.880666756339835 1
    endloop
  endfacet
  facet normal 0 0 1
    outer loop
      vertex -16.34293714059227 59.880666756339835 1
      vertex -16.34293714059227 61.619333243660165 1
      vertex -16.45441508912858 59.91850842073984 1
    endloop
  endfacet
  facet normal 0 0 1
    outer loop
      vertex -16.11 59.85 1
      vertex -15.992526427001954 59.85769962476357 1
      vertex -15.992526427001954 61.64230037523643 1
    endloop
  endfacet
  facet normal 0 0 1
    outer loop
      vertex -15.992526427001954 59.85769962476357 1
      vertex -15.877062859407731 59.880666756339835 1
      vertex -15.877062859407731 61.619333243660165 1
    endloop
  endfacet
  facet normal 0 0 1
    outer loop
      vertex -15.877062859407731 59.880666756339835 1
      vertex -15.765584910871418 59.91850842073984 1
      vertex -15.765584910871418 61.58149157926016 1
    endloop
  endfacet
  facet normal 0 0 1
    outer loop
      vertex -15.765584910871418 59.91850842073984 1
      vertex -15.66 59.970577136594 1
      vertex -15.66 61.529422863406 1
    endloop
  endfacet
  facet normal 0 0 1
    outer loop
      vertex -15.66 59.970577136594 1
      vertex -15.56211471389215 60.03598199373789 1
      vertex -15.56211471389215 61.46401800626211 1
    endloop
  endfacet
  facet normal 0 0 1
    outer loop
      vertex -15.56211471389215 60.03598199373789 1
      vertex -15.473603896932106 60.113603896932105 1
      vertex -15.473603896932106 61.386396103067895 1
    endloop
  endfacet
  facet normal 0 0 1
    outer loop
      vertex -15.473603896932106 60.113603896932105 1
      vertex -15.395981993737887 60.20211471389215 1
      vertex -15.395981993737887 61.29788528610785 1
    endloop
  endfacet
  facet normal 0 0 1
    outer loop
      vertex -15.395981993737887 60.20211471389215 1
      vertex -15.330577136594005 60.3 1
      vertex -15.330577136594005 61.2 1
    endloop
  endfacet
  facet normal 0 0 1
    outer loop
      vertex -15.330577136594005 60.3 1
      vertex -15.278508420739842 60.40558491087142 1
      vertex -15.278508420739842 61.09441508912858 1
    endloop
  endfacet
  facet normal 0 0 1
    outer loop
      vertex -15.278508420739842 60.40558491087142 1
      vertex -15.240666756339838 60.51706285940773 1
      vertex -15.240666756339838 60.98293714059227 1
    endloop
  endfacet
  facet normal 0 0 1
    outer loop
      vertex -15.240666756339838 60.51706285940773 1
      vertex -15.21769962476357 60.632526427001956 1
      vertex -15.21769962476357 60.867473572998044 1
    endloop
  endfacet
  facet normal 0 0 1
    outer loop
      vertex -16.34293714059227 59.880666756339835 1
      vertex -16.227473572998047 61.64230037523643 1
      vertex -16.34293714059227 61.619333243660165 1
    endloop
  endfacet
  facet normal 0 0 1
    outer loop
      vertex -16.227473572998047 59.85769962476357 1
      vertex -16.11 61.65 1
      vertex -16.227473572998047 61.64230037523643 1
    endloop
  endfacet
  facet normal 0 0 1
    outer loop
      vertex -16.11 59.85 1
      vertex -15.992526427001954 61.64230037523643 1
      vertex -16.11 61.65 1
    endloop
  endfacet
  facet normal 0 0 1
    outer loop
      vertex -15.992526427001954 59.85769962476357 1
      vertex -15.877062859407731 61.619333243660165 1
      vertex -15.992526427001954 61.64230037523643 1
    endloop
  endfacet
  facet normal 0 0 1
    outer loop
      vertex -15.765584910871418 59.91850842073984 1
      vertex -15.66 61.529422863406 1
      vertex -15.765584910871418 61.58149157926016 1
    endloop
  endfacet
  facet normal 0 0 1
    outer loop
      vertex -15.877062859407731 59.880666756339835 1
      vertex -15.765584910871418 61.58149157926016 1
      vertex -15.877062859407731 61.619333243660165 1
    endloop
  endfacet
  facet normal 0 0 1
    outer loop
      vertex -15.56211471389215 60.03598199373789 1
      vertex -15.473603896932106 61.386396103067895 1
      vertex -15.56211471389215 61.46401800626211 1
    endloop
  endfacet
  facet normal 0 0 1
    outer loop
      vertex -15.330577136594005 60.3 1
      vertex -15.278508420739842 61.09441508912858 1
      vertex -15.330577136594005 61.2 1
    endloop
  endfacet
  facet normal 0 0 1
    outer loop
      vertex -15.395981993737887 60.20211471389215 1
      vertex -15.330577136594005 61.2 1
      vertex -15.395981993737887 61.29788528610785 1
    endloop
  endfacet
  facet normal 0 0 1
    outer loop
      vertex -15.473603896932106 60.113603896932105 1
      vertex -15.395981993737887 61.29788528610785 1
      vertex -15.473603896932106 61.386396103067895 1
    endloop
  endfacet
  facet normal 0 0 1
    outer loop
      vertex -15.66 59.970577136594 1
      vertex -15.56211471389215 61.46401800626211 1
      vertex -15.66 61.529422863406 1
    endloop
  endfacet
  facet normal 0 0 1
    outer loop
      vertex -15.21769962476357 60.632526427001956 1
      vertex -15.209999999999999 60.75 1
      vertex -15.21769962476357 60.867473572998044 1
    endloop
  endfacet
  facet normal 0 0 1
    outer loop
      vertex -15.240666756339838 60.51706285940773 1
      vertex -15.21769962476357 60.867473572998044 1
      vertex -15.240666756339838 60.98293714059227 1
    endloop
  endfacet
  facet normal 0 0 1
    outer loop
      vertex -15.278508420739842 60.40558491087142 1
      vertex -15.240666756339838 60.98293714059227 1
      vertex -15.278508420739842 61.09441508912858 1
    endloop
  endfacet
  facet normal 0.7518398074789763 0.6593458151000702 7.343833581933791e-19
    outer loop
      vertex -16.74639610306789 60.113603896932105 1
      vertex -16.82401800626211 60.20211471389215 1
      vertex -16.82401800626211 60.20211471389215 6
    endloop
  endfacet
  facet normal 0.32143946530317896 0.9469301294950998 -5.50771860052302e-19
    outer loop
      vertex -16.34293714059227 59.880666756339835 1
      vertex -16.45441508912858 59.91850842073984 1
      vertex -16.45441508912858 59.91850842073984 6
    endloop
  endfacet
  facet normal 0.44228869021899697 0.8968727415326905 9.915310863701401e-20
    outer loop
      vertex -16.45441508912858 59.91850842073984 1
      vertex -16.56 59.970577136594 1
      vertex -16.56 59.970577136594 6
    endloop
  endfacet
  facet normal 0.555570233019632 0.8314696123025254 6.621017521097938e-19
    outer loop
      vertex -16.56 59.970577136594 1
      vertex -16.65788528610785 60.03598199373789 1
      vertex -16.65788528610785 60.03598199373789 6
    endloop
  endfacet
  facet normal 0.659345815100051 0.751839807478993 -7.097829068461558e-19
    outer loop
      vertex -16.65788528610785 60.03598199373789 1
      vertex -16.74639610306789 60.113603896932105 1
      vertex -16.74639610306789 60.113603896932105 6
    endloop
  endfacet
  facet normal 0.8314696123025439 0.5555702330196043 3.29906985570532e-19
    outer loop
      vertex -16.82401800626211 60.20211471389215 1
      vertex -16.889422863405994 60.3 1
      vertex -16.889422863405994 60.3 6
    endloop
  endfacet
  facet normal 0.8968727415326843 0.44228869021900924 4.686334931399559e-19
    outer loop
      vertex -16.889422863405994 60.3 1
      vertex -16.94149157926016 60.40558491087142 1
      vertex -16.94149157926016 60.40558491087142 6
    endloop
  endfacet
  facet normal 0.9807852804032293 0.1950903220161344 -4.912431800605039e-20
    outer loop
      vertex -16.97933324366016 60.51706285940773 1
      vertex -17.00230037523643 60.632526427001956 1
      vertex -17.00230037523643 60.632526427001956 6
    endloop
  endfacet
  facet normal 0.997858923238605 0.06540312923011933 8.429637887488842e-20
    outer loop
      vertex -17.00230037523643 60.632526427001956 1
      vertex -17.009999999999998 60.75 1
      vertex -17.009999999999998 60.75 6
    endloop
  endfacet
  facet normal 0.946930129495109 0.32143946530315193 3.535004127574247e-19
    outer loop
      vertex -16.94149157926016 60.40558491087142 1
      vertex -16.97933324366016 60.51706285940773 1
      vertex -16.97933324366016 60.51706285940773 6
    endloop
  endfacet
  facet normal 0.997858923238605 -0.06540312923011933 -8.429637887488842e-20
    outer loop
      vertex -17.009999999999998 60.75 1
      vertex -17.00230037523643 60.867473572998044 1
      vertex -17.00230037523643 60.867473572998044 6
    endloop
  endfacet
  facet normal 0.9807852804032293 -0.1950903220161344 4.912431800605039e-20
    outer loop
      vertex -17.00230037523643 60.867473572998044 1
      vertex -16.97933324366016 60.98293714059227 1
      vertex -16.97933324366016 60.98293714059227 6
    endloop
  endfacet
  facet normal 0.946930129495109 -0.32143946530315193 -3.535004127574247e-19
    outer loop
      vertex -16.97933324366016 60.98293714059227 1
      vertex -16.94149157926016 61.09441508912858 1
      vertex -16.94149157926016 61.09441508912858 6
    endloop
  endfacet
  facet normal 0.8968727415326843 -0.44228869021900924 -4.686334931399559e-19
    outer loop
      vertex -16.94149157926016 61.09441508912858 1
      vertex -16.889422863405994 61.2 1
      vertex -16.889422863405994 61.2 6
    endloop
  endfacet
  facet normal 0.8314696123025439 -0.5555702330196043 -3.29906985570532e-19
    outer loop
      vertex -16.889422863405994 61.2 1
      vertex -16.82401800626211 61.29788528610785 1
      vertex -16.82401800626211 61.29788528610785 6
    endloop
  endfacet
  facet normal 0.7518398074789763 -0.6593458151000702 -7.343833581933791e-19
    outer loop
      vertex -16.82401800626211 61.29788528610785 1
      vertex -16.74639610306789 61.386396103067895 1
      vertex -16.74639610306789 61.386396103067895 6
    endloop
  endfacet
  facet normal 0.659345815100051 -0.751839807478993 7.097829068461558e-19
    outer loop
      vertex -16.74639610306789 61.386396103067895 1
      vertex -16.65788528610785 61.46401800626211 1
      vertex -16.65788528610785 61.46401800626211 6
    endloop
  endfacet
  facet normal 0.555570233019632 -0.8314696123025254 -6.621017521097938e-19
    outer loop
      vertex -16.65788528610785 61.46401800626211 1
      vertex -16.56 61.529422863406 1
      vertex -16.56 61.529422863406 6
    endloop
  endfacet
  facet normal 0.44228869021899697 -0.8968727415326905 -9.915310863701401e-20
    outer loop
      vertex -16.56 61.529422863406 1
      vertex -16.45441508912858 61.58149157926016 1
      vertex -16.45441508912858 61.58149157926016 6
    endloop
  endfacet
  facet normal 0.19509032201611112 0.9807852804032338 -3.1230051031929695e-20
    outer loop
      vertex -16.227473572998047 59.85769962476357 1
      vertex -16.34293714059227 59.880666756339835 1
      vertex -16.34293714059227 59.880666756339835 6
    endloop
  endfacet
  facet normal 0.06540312923011737 0.9978589232386053 2.879874119344828e-20
    outer loop
      vertex -16.11 59.85 1
      vertex -16.227473572998047 59.85769962476357 1
      vertex -16.227473572998047 59.85769962476357 6
    endloop
  endfacet
  facet normal -0.06540312923011835 0.997858923238605 0
    outer loop
      vertex -16.11 59.85 1
      vertex -16.11 59.85 6
      vertex -15.992526427001954 59.85769962476357 1
    endloop
  endfacet
  facet normal -0.19509032201611112 0.9807852804032338 0
    outer loop
      vertex -15.992526427001954 59.85769962476357 1
      vertex -15.992526427001954 59.85769962476357 6
      vertex -15.877062859407731 59.880666756339835 1
    endloop
  endfacet
  facet normal -0.3214394653031744 0.9469301294951015 0
    outer loop
      vertex -15.877062859407731 59.880666756339835 1
      vertex -15.877062859407731 59.880666756339835 6
      vertex -15.765584910871418 59.91850842073984 1
    endloop
  endfacet
  facet normal -0.44228869021899697 0.8968727415326905 0
    outer loop
      vertex -15.765584910871418 59.91850842073984 1
      vertex -15.765584910871418 59.91850842073984 6
      vertex -15.66 59.970577136594 1
    endloop
  endfacet
  facet normal -0.555570233019632 0.8314696123025254 0
    outer loop
      vertex -15.66 59.970577136594 1
      vertex -15.66 59.970577136594 6
      vertex -15.56211471389215 60.03598199373789 1
    endloop
  endfacet
  facet normal -0.6593458151000435 0.7518398074789996 0
    outer loop
      vertex -15.56211471389215 60.03598199373789 1
      vertex -15.56211471389215 60.03598199373789 6
      vertex -15.473603896932106 60.113603896932105 1
    endloop
  endfacet
  facet normal -0.7518398074789838 0.6593458151000616 0
    outer loop
      vertex -15.473603896932106 60.113603896932105 1
      vertex -15.473603896932106 60.113603896932105 6
      vertex -15.395981993737887 60.20211471389215 1
    endloop
  endfacet
  facet normal -0.8314696123025439 0.5555702330196043 0
    outer loop
      vertex -15.395981993737887 60.20211471389215 1
      vertex -15.395981993737887 60.20211471389215 6
      vertex -15.330577136594005 60.3 1
    endloop
  endfacet
  facet normal -0.8968727415326904 0.44228869021899714 0
    outer loop
      vertex -15.330577136594005 60.3 1
      vertex -15.330577136594005 60.3 6
      vertex -15.278508420739842 60.40558491087142 1
    endloop
  endfacet
  facet normal -0.9469301294951044 0.3214394653031655 0
    outer loop
      vertex -15.278508420739842 60.40558491087142 1
      vertex -15.278508420739842 60.40558491087142 6
      vertex -15.240666756339838 60.51706285940773 1
    endloop
  endfacet
  facet normal -0.9807852804032321 0.1950903220161199 0
    outer loop
      vertex -15.240666756339838 60.51706285940773 1
      vertex -15.240666756339838 60.51706285940773 6
      vertex -15.21769962476357 60.632526427001956 1
    endloop
  endfacet
  facet normal -0.9978589232386031 0.06540312923014939 0
    outer loop
      vertex -15.21769962476357 60.632526427001956 1
      vertex -15.21769962476357 60.632526427001956 6
      vertex -15.209999999999999 60.75 1
    endloop
  endfacet
  facet normal 0.32143946530317896 -0.9469301294950998 5.50771860052302e-19
    outer loop
      vertex -16.45441508912858 61.58149157926016 1
      vertex -16.34293714059227 61.619333243660165 1
      vertex -16.34293714059227 61.619333243660165 6
    endloop
  endfacet
  facet normal 0.19509032201611112 -0.9807852804032338 3.1230051031929695e-20
    outer loop
      vertex -16.34293714059227 61.619333243660165 1
      vertex -16.227473572998047 61.64230037523643 1
      vertex -16.227473572998047 61.64230037523643 6
    endloop
  endfacet
  facet normal 0.06540312923011737 -0.9978589232386053 -2.879874119344828e-20
    outer loop
      vertex -16.227473572998047 61.64230037523643 1
      vertex -16.11 61.65 1
      vertex -16.11 61.65 6
    endloop
  endfacet
  facet normal -0.19509032201611112 -0.9807852804032338 -3.1230051031929695e-20
    outer loop
      vertex -15.992526427001954 61.64230037523643 1
      vertex -15.877062859407731 61.619333243660165 1
      vertex -15.877062859407731 61.619333243660165 6
    endloop
  endfacet
  facet normal -0.06540312923011835 -0.997858923238605 0
    outer loop
      vertex -15.992526427001954 61.64230037523643 1
      vertex -15.992526427001954 61.64230037523643 6
      vertex -16.11 61.65 1
    endloop
  endfacet
  facet normal -0.44228869021899697 -0.8968727415326905 0
    outer loop
      vertex -15.66 61.529422863406 1
      vertex -15.66 61.529422863406 6
      vertex -15.765584910871418 61.58149157926016 1
    endloop
  endfacet
  facet normal -0.3214394653031744 -0.9469301294951015 0
    outer loop
      vertex -15.765584910871418 61.58149157926016 1
      vertex -15.765584910871418 61.58149157926016 6
      vertex -15.877062859407731 61.619333243660165 1
    endloop
  endfacet
  facet normal -0.8968727415326904 -0.44228869021899714 0
    outer loop
      vertex -15.278508420739842 61.09441508912858 1
      vertex -15.278508420739842 61.09441508912858 6
      vertex -15.330577136594005 61.2 1
    endloop
  endfacet
  facet normal -0.9978589232386031 -0.06540312923014939 0
    outer loop
      vertex -15.209999999999999 60.75 1
      vertex -15.209999999999999 60.75 6
      vertex -15.21769962476357 60.867473572998044 1
    endloop
  endfacet
  facet normal -0.9807852804032321 -0.1950903220161199 0
    outer loop
      vertex -15.21769962476357 60.867473572998044 1
      vertex -15.21769962476357 60.867473572998044 6
      vertex -15.240666756339838 60.98293714059227 1
    endloop
  endfacet
  facet normal -0.9469301294951044 -0.3214394653031655 0
    outer loop
      vertex -15.240666756339838 60.98293714059227 1
      vertex -15.240666756339838 60.98293714059227 6
      vertex -15.278508420739842 61.09441508912858 1
    endloop
  endfacet
  facet normal -0.6593458151000435 -0.7518398074789996 0
    outer loop
      vertex -15.473603896932106 61.386396103067895 1
      vertex -15.473603896932106 61.386396103067895 6
      vertex -15.56211471389215 61.46401800626211 1
    endloop
  endfacet
  facet normal -0.8314696123025439 -0.5555702330196043 0
    outer loop
      vertex -15.330577136594005 61.2 1
      vertex -15.330577136594005 61.2 6
      vertex -15.395981993737887 61.29788528610785 1
    endloop
  endfacet
  facet normal -0.7518398074789838 -0.6593458151000616 0
    outer loop
      vertex -15.395981993737887 61.29788528610785 1
      vertex -15.395981993737887 61.29788528610785 6
      vertex -15.473603896932106 61.386396103067895 1
    endloop
  endfacet
  facet normal -0.555570233019632 -0.8314696123025254 0
    outer loop
      vertex -15.56211471389215 61.46401800626211 1
      vertex -15.56211471389215 61.46401800626211 6
      vertex -15.66 61.529422863406 1
    endloop
  endfacet
  facet normal 0.44228869021899697 0.8968727415326905 0
    outer loop
      vertex -16.45441508912858 59.91850842073984 1
      vertex -16.56 59.970577136594 6
      vertex -16.45441508912858 59.91850842073984 6
    endloop
  endfacet
  facet normal 0.659345815100051 0.751839807478993 0
    outer loop
      vertex -16.65788528610785 60.03598199373789 1
      vertex -16.74639610306789 60.113603896932105 6
      vertex -16.65788528610785 60.03598199373789 6
    endloop
  endfacet
  facet normal 0.7518398074789763 0.6593458151000702 0
    outer loop
      vertex -16.74639610306789 60.113603896932105 1
      vertex -16.82401800626211 60.20211471389215 6
      vertex -16.74639610306789 60.113603896932105 6
    endloop
  endfacet
  facet normal 0.555570233019632 0.8314696123025254 0
    outer loop
      vertex -16.56 59.970577136594 1
      vertex -16.65788528610785 60.03598199373789 6
      vertex -16.56 59.970577136594 6
    endloop
  endfacet
  facet normal 0.8314696123025439 0.5555702330196043 0
    outer loop
      vertex -16.82401800626211 60.20211471389215 1
      vertex -16.889422863405994 60.3 6
      vertex -16.82401800626211 60.20211471389215 6
    endloop
  endfacet
  facet normal 0.8968727415326843 0.44228869021900924 0
    outer loop
      vertex -16.889422863405994 60.3 1
      vertex -16.94149157926016 60.40558491087142 6
      vertex -16.889422863405994 60.3 6
    endloop
  endfacet
  facet normal 0.946930129495109 0.32143946530315193 0
    outer loop
      vertex -16.94149157926016 60.40558491087142 1
      vertex -16.97933324366016 60.51706285940773 6
      vertex -16.94149157926016 60.40558491087142 6
    endloop
  endfacet
  facet normal 0.9807852804032293 0.1950903220161344 0
    outer loop
      vertex -16.97933324366016 60.51706285940773 1
      vertex -17.00230037523643 60.632526427001956 6
      vertex -16.97933324366016 60.51706285940773 6
    endloop
  endfacet
  facet normal 0.997858923238605 0.06540312923011933 0
    outer loop
      vertex -17.00230037523643 60.632526427001956 1
      vertex -17.009999999999998 60.75 6
      vertex -17.00230037523643 60.632526427001956 6
    endloop
  endfacet
  facet normal 0.997858923238605 -0.06540312923011933 0
    outer loop
      vertex -17.009999999999998 60.75 1
      vertex -17.00230037523643 60.867473572998044 6
      vertex -17.009999999999998 60.75 6
    endloop
  endfacet
  facet normal 0.9807852804032293 -0.1950903220161344 0
    outer loop
      vertex -17.00230037523643 60.867473572998044 1
      vertex -16.97933324366016 60.98293714059227 6
      vertex -17.00230037523643 60.867473572998044 6
    endloop
  endfacet
  facet normal 0.946930129495109 -0.32143946530315193 0
    outer loop
      vertex -16.97933324366016 60.98293714059227 1
      vertex -16.94149157926016 61.09441508912858 6
      vertex -16.97933324366016 60.98293714059227 6
    endloop
  endfacet
  facet normal 0.8968727415326843 -0.44228869021900924 0
    outer loop
      vertex -16.94149157926016 61.09441508912858 1
      vertex -16.889422863405994 61.2 6
      vertex -16.94149157926016 61.09441508912858 6
    endloop
  endfacet
  facet normal 0.8314696123025439 -0.5555702330196043 0
    outer loop
      vertex -16.889422863405994 61.2 1
      vertex -16.82401800626211 61.29788528610785 6
      vertex -16.889422863405994 61.2 6
    endloop
  endfacet
  facet normal 0.7518398074789763 -0.6593458151000702 0
    outer loop
      vertex -16.82401800626211 61.29788528610785 1
      vertex -16.74639610306789 61.386396103067895 6
      vertex -16.82401800626211 61.29788528610785 6
    endloop
  endfacet
  facet normal 0.659345815100051 -0.751839807478993 0
    outer loop
      vertex -16.74639610306789 61.386396103067895 1
      vertex -16.65788528610785 61.46401800626211 6
      vertex -16.74639610306789 61.386396103067895 6
    endloop
  endfacet
  facet normal 0.555570233019632 -0.8314696123025254 0
    outer loop
      vertex -16.65788528610785 61.46401800626211 1
      vertex -16.56 61.529422863406 6
      vertex -16.65788528610785 61.46401800626211 6
    endloop
  endfacet
  facet normal 0.44228869021899697 -0.8968727415326905 0
    outer loop
      vertex -16.56 61.529422863406 1
      vertex -16.45441508912858 61.58149157926016 6
      vertex -16.56 61.529422863406 6
    endloop
  endfacet
  facet normal 0.32143946530317896 -0.9469301294950998 0
    outer loop
      vertex -16.45441508912858 61.58149157926016 1
      vertex -16.34293714059227 61.619333243660165 6
      vertex -16.45441508912858 61.58149157926016 6
    endloop
  endfacet
  facet normal 0.19509032201611112 0.9807852804032338 0
    outer loop
      vertex -16.227473572998047 59.85769962476357 1
      vertex -16.34293714059227 59.880666756339835 6
      vertex -16.227473572998047 59.85769962476357 6
    endloop
  endfacet
  facet normal 0.32143946530317896 0.9469301294950998 0
    outer loop
      vertex -16.34293714059227 59.880666756339835 1
      vertex -16.45441508912858 59.91850842073984 6
      vertex -16.34293714059227 59.880666756339835 6
    endloop
  endfacet
  facet normal 0.06540312923011737 0.9978589232386053 0
    outer loop
      vertex -16.11 59.85 1
      vertex -16.227473572998047 59.85769962476357 6
      vertex -16.11 59.85 6
    endloop
  endfacet
  facet normal -0.06540312923011835 0.997858923238605 0
    outer loop
      vertex -15.992526427001954 59.85769962476357 1
      vertex -16.11 59.85 6
      vertex -15.992526427001954 59.85769962476357 6
    endloop
  endfacet
  facet normal -0.19509032201611112 0.9807852804032338 0
    outer loop
      vertex -15.877062859407731 59.880666756339835 1
      vertex -15.992526427001954 59.85769962476357 6
      vertex -15.877062859407731 59.880666756339835 6
    endloop
  endfacet
  facet normal -0.3214394653031744 0.9469301294951015 0
    outer loop
      vertex -15.765584910871418 59.91850842073984 1
      vertex -15.877062859407731 59.880666756339835 6
      vertex -15.765584910871418 59.91850842073984 6
    endloop
  endfacet
  facet normal -0.44228869021899697 0.8968727415326905 0
    outer loop
      vertex -15.66 59.970577136594 1
      vertex -15.765584910871418 59.91850842073984 6
      vertex -15.66 59.970577136594 6
    endloop
  endfacet
  facet normal -0.555570233019632 0.8314696123025254 0
    outer loop
      vertex -15.56211471389215 60.03598199373789 1
      vertex -15.66 59.970577136594 6
      vertex -15.56211471389215 60.03598199373789 6
    endloop
  endfacet
  facet normal -0.6593458151000435 0.7518398074789996 0
    outer loop
      vertex -15.473603896932106 60.113603896932105 1
      vertex -15.56211471389215 60.03598199373789 6
      vertex -15.473603896932106 60.113603896932105 6
    endloop
  endfacet
  facet normal -0.7518398074789838 0.6593458151000616 0
    outer loop
      vertex -15.395981993737887 60.20211471389215 1
      vertex -15.473603896932106 60.113603896932105 6
      vertex -15.395981993737887 60.20211471389215 6
    endloop
  endfacet
  facet normal -0.8314696123025439 0.5555702330196043 0
    outer loop
      vertex -15.330577136594005 60.3 1
      vertex -15.395981993737887 60.20211471389215 6
      vertex -15.330577136594005 60.3 6
    endloop
  endfacet
  facet normal -0.8968727415326904 0.44228869021899714 0
    outer loop
      vertex -15.278508420739842 60.40558491087142 1
      vertex -15.330577136594005 60.3 6
      vertex -15.278508420739842 60.40558491087142 6
    endloop
  endfacet
  facet normal -0.9469301294951044 0.3214394653031655 0
    outer loop
      vertex -15.240666756339838 60.51706285940773 1
      vertex -15.278508420739842 60.40558491087142 6
      vertex -15.240666756339838 60.51706285940773 6
    endloop
  endfacet
  facet normal -0.9807852804032321 0.1950903220161199 0
    outer loop
      vertex -15.21769962476357 60.632526427001956 1
      vertex -15.240666756339838 60.51706285940773 6
      vertex -15.21769962476357 60.632526427001956 6
    endloop
  endfacet
  facet normal -0.9978589232386031 0.06540312923014939 0
    outer loop
      vertex -15.209999999999999 60.75 1
      vertex -15.21769962476357 60.632526427001956 6
      vertex -15.209999999999999 60.75 6
    endloop
  endfacet
  facet normal 0.19509032201611112 -0.9807852804032338 0
    outer loop
      vertex -16.34293714059227 61.619333243660165 1
      vertex -16.227473572998047 61.64230037523643 6
      vertex -16.34293714059227 61.619333243660165 6
    endloop
  endfacet
  facet normal 0.06540312923011737 -0.9978589232386053 0
    outer loop
      vertex -16.227473572998047 61.64230037523643 1
      vertex -16.11 61.65 6
      vertex -16.227473572998047 61.64230037523643 6
    endloop
  endfacet
  facet normal -0.06540312923011835 -0.997858923238605 0
    outer loop
      vertex -16.11 61.65 1
      vertex -15.992526427001954 61.64230037523643 6
      vertex -16.11 61.65 6
    endloop
  endfacet
  facet normal -0.19509032201611112 -0.9807852804032338 0
    outer loop
      vertex -15.992526427001954 61.64230037523643 1
      vertex -15.877062859407731 61.619333243660165 6
      vertex -15.992526427001954 61.64230037523643 6
    endloop
  endfacet
  facet normal -0.44228869021899697 -0.8968727415326905 0
    outer loop
      vertex -15.765584910871418 61.58149157926016 1
      vertex -15.66 61.529422863406 6
      vertex -15.765584910871418 61.58149157926016 6
    endloop
  endfacet
  facet normal -0.3214394653031744 -0.9469301294951015 0
    outer loop
      vertex -15.877062859407731 61.619333243660165 1
      vertex -15.765584910871418 61.58149157926016 6
      vertex -15.877062859407731 61.619333243660165 6
    endloop
  endfacet
  facet normal -0.8968727415326904 -0.44228869021899714 0
    outer loop
      vertex -15.330577136594005 61.2 1
      vertex -15.278508420739842 61.09441508912858 6
      vertex -15.330577136594005 61.2 6
    endloop
  endfacet
  facet normal -0.9978589232386031 -0.06540312923014939 0
    outer loop
      vertex -15.21769962476357 60.867473572998044 1
      vertex -15.209999999999999 60.75 6
      vertex -15.21769962476357 60.867473572998044 6
    endloop
  endfacet
  facet normal -0.9807852804032321 -0.1950903220161199 0
    outer loop
      vertex -15.240666756339838 60.98293714059227 1
      vertex -15.21769962476357 60.867473572998044 6
      vertex -15.240666756339838 60.98293714059227 6
    endloop
  endfacet
  facet normal -0.9469301294951044 -0.3214394653031655 0
    outer loop
      vertex -15.278508420739842 61.09441508912858 1
      vertex -15.240666756339838 60.98293714059227 6
      vertex -15.278508420739842 61.09441508912858 6
    endloop
  endfacet
  facet normal -0.6593458151000435 -0.7518398074789996 0
    outer loop
      vertex -15.56211471389215 61.46401800626211 1
      vertex -15.473603896932106 61.386396103067895 6
      vertex -15.56211471389215 61.46401800626211 6
    endloop
  endfacet
  facet normal -0.8314696123025439 -0.5555702330196043 0
    outer loop
      vertex -15.395981993737887 61.29788528610785 1
      vertex -15.330577136594005 61.2 6
      vertex -15.395981993737887 61.29788528610785 6
    endloop
  endfacet
  facet normal -0.7518398074789838 -0.6593458151000616 0
    outer loop
      vertex -15.473603896932106 61.386396103067895 1
      vertex -15.395981993737887 61.29788528610785 6
      vertex -15.473603896932106 61.386396103067895 6
    endloop
  endfacet
  facet normal -0.555570233019632 -0.8314696123025254 0
    outer loop
      vertex -15.66 61.529422863406 1
      vertex -15.56211471389215 61.46401800626211 6
      vertex -15.66 61.529422863406 6
    endloop
  endfacet
  facet normal 0 0 1
    outer loop
      vertex 15.278508420739842 60.40558491087142 1
      vertex 15.278508420739842 61.09441508912858 1
      vertex 15.240666756339838 60.51706285940773 1
    endloop
  endfacet
  facet normal 0 0 1
    outer loop
      vertex 15.240666756339838 60.51706285940773 1
      vertex 15.240666756339838 60.98293714059227 1
      vertex 15.21769962476357 60.632526427001956 1
    endloop
  endfacet
  facet normal 0 0 1
    outer loop
      vertex 15.473603896932106 60.113603896932105 1
      vertex 15.473603896932106 61.386396103067895 1
      vertex 15.395981993737887 60.20211471389215 1
    endloop
  endfacet
  facet normal 0 0 1
    outer loop
      vertex 15.395981993737887 60.20211471389215 1
      vertex 15.395981993737887 61.29788528610785 1
      vertex 15.330577136594005 60.3 1
    endloop
  endfacet
  facet normal 0 0 1
    outer loop
      vertex 15.330577136594005 60.3 1
      vertex 15.330577136594005 61.2 1
      vertex 15.278508420739842 60.40558491087142 1
    endloop
  endfacet
  facet normal 0 0 1
    outer loop
      vertex 15.66 59.970577136594 1
      vertex 15.66 61.529422863406 1
      vertex 15.56211471389215 60.03598199373789 1
    endloop
  endfacet
  facet normal 0 0 1
    outer loop
      vertex 15.56211471389215 60.03598199373789 1
      vertex 15.56211471389215 61.46401800626211 1
      vertex 15.473603896932106 60.113603896932105 1
    endloop
  endfacet
  facet normal 0 0 1
    outer loop
      vertex 15.877062859407731 59.880666756339835 1
      vertex 15.877062859407731 61.619333243660165 1
      vertex 15.765584910871418 59.91850842073984 1
    endloop
  endfacet
  facet normal 0 0 1
    outer loop
      vertex 15.765584910871418 59.91850842073984 1
      vertex 15.765584910871418 61.58149157926016 1
      vertex 15.66 59.970577136594 1
    endloop
  endfacet
  facet normal 0 0 1
    outer loop
      vertex 15.877062859407731 59.880666756339835 1
      vertex 15.992526427001954 59.85769962476357 1
      vertex 15.992526427001954 61.64230037523643 1
    endloop
  endfacet
  facet normal 0 0 1
    outer loop
      vertex 16.11 59.85 1
      vertex 16.11 61.65 1
      vertex 15.992526427001954 59.85769962476357 1
    endloop
  endfacet
  facet normal 0 0 1
    outer loop
      vertex 16.11 59.85 1
      vertex 16.227473572998047 59.85769962476357 1
      vertex 16.227473572998047 61.64230037523643 1
    endloop
  endfacet
  facet normal 0 0 1
    outer loop
      vertex 16.227473572998047 59.85769962476357 1
      vertex 16.34293714059227 59.880666756339835 1
      vertex 16.34293714059227 61.619333243660165 1
    endloop
  endfacet
  facet normal 0 0 1
    outer loop
      vertex 15.21769962476357 60.632526427001956 1
      vertex 15.21769962476357 60.867473572998044 1
      vertex 15.209999999999999 60.75 1
    endloop
  endfacet
  facet normal 0 0 1
    outer loop
      vertex 15.21769962476357 60.632526427001956 1
      vertex 15.240666756339838 60.98293714059227 1
      vertex 15.21769962476357 60.867473572998044 1
    endloop
  endfacet
  facet normal 0 0 1
    outer loop
      vertex 15.240666756339838 60.51706285940773 1
      vertex 15.278508420739842 61.09441508912858 1
      vertex 15.240666756339838 60.98293714059227 1
    endloop
  endfacet
  facet normal 0 0 1
    outer loop
      vertex 15.278508420739842 60.40558491087142 1
      vertex 15.330577136594005 61.2 1
      vertex 15.278508420739842 61.09441508912858 1
    endloop
  endfacet
  facet normal 0 0 1
    outer loop
      vertex 15.330577136594005 60.3 1
      vertex 15.395981993737887 61.29788528610785 1
      vertex 15.330577136594005 61.2 1
    endloop
  endfacet
  facet normal 0 0 1
    outer loop
      vertex 15.395981993737887 60.20211471389215 1
      vertex 15.473603896932106 61.386396103067895 1
      vertex 15.395981993737887 61.29788528610785 1
    endloop
  endfacet
  facet normal 0 0 1
    outer loop
      vertex 15.473603896932106 60.113603896932105 1
      vertex 15.56211471389215 61.46401800626211 1
      vertex 15.473603896932106 61.386396103067895 1
    endloop
  endfacet
  facet normal 0 0 1
    outer loop
      vertex 15.56211471389215 60.03598199373789 1
      vertex 15.66 61.529422863406 1
      vertex 15.56211471389215 61.46401800626211 1
    endloop
  endfacet
  facet normal 0 0 1
    outer loop
      vertex 15.66 59.970577136594 1
      vertex 15.765584910871418 61.58149157926016 1
      vertex 15.66 61.529422863406 1
    endloop
  endfacet
  facet normal 0 0 1
    outer loop
      vertex 15.765584910871418 59.91850842073984 1
      vertex 15.877062859407731 61.619333243660165 1
      vertex 15.765584910871418 61.58149157926016 1
    endloop
  endfacet
  facet normal 0 0 1
    outer loop
      vertex 15.877062859407731 59.880666756339835 1
      vertex 15.992526427001954 61.64230037523643 1
      vertex 15.877062859407731 61.619333243660165 1
    endloop
  endfacet
  facet normal 0 0 1
    outer loop
      vertex 15.992526427001954 59.85769962476357 1
      vertex 16.11 61.65 1
      vertex 15.992526427001954 61.64230037523643 1
    endloop
  endfacet
  facet normal 0 0 1
    outer loop
      vertex 16.11 59.85 1
      vertex 16.227473572998047 61.64230037523643 1
      vertex 16.11 61.65 1
    endloop
  endfacet
  facet normal 0 0 1
    outer loop
      vertex 16.34293714059227 59.880666756339835 1
      vertex 16.45441508912858 61.58149157926016 1
      vertex 16.34293714059227 61.619333243660165 1
    endloop
  endfacet
  facet normal 0 0 1
    outer loop
      vertex 16.227473572998047 59.85769962476357 1
      vertex 16.34293714059227 61.619333243660165 1
      vertex 16.227473572998047 61.64230037523643 1
    endloop
  endfacet
  facet normal 0 0 1
    outer loop
      vertex 16.34293714059227 59.880666756339835 1
      vertex 16.45441508912858 59.91850842073984 1
      vertex 16.45441508912858 61.58149157926016 1
    endloop
  endfacet
  facet normal 0 0 1
    outer loop
      vertex 16.45441508912858 59.91850842073984 1
      vertex 16.56 59.970577136594 1
      vertex 16.56 61.529422863406 1
    endloop
  endfacet
  facet normal 0 0 1
    outer loop
      vertex 16.56 59.970577136594 1
      vertex 16.65788528610785 60.03598199373789 1
      vertex 16.65788528610785 61.46401800626211 1
    endloop
  endfacet
  facet normal 0 0 1
    outer loop
      vertex 16.65788528610785 60.03598199373789 1
      vertex 16.74639610306789 60.113603896932105 1
      vertex 16.74639610306789 61.386396103067895 1
    endloop
  endfacet
  facet normal 0 0 1
    outer loop
      vertex 16.74639610306789 60.113603896932105 1
      vertex 16.82401800626211 60.20211471389215 1
      vertex 16.82401800626211 61.29788528610785 1
    endloop
  endfacet
  facet normal 0 0 1
    outer loop
      vertex 16.82401800626211 60.20211471389215 1
      vertex 16.889422863405994 60.3 1
      vertex 16.889422863405994 61.2 1
    endloop
  endfacet
  facet normal 0 0 1
    outer loop
      vertex 16.889422863405994 60.3 1
      vertex 16.94149157926016 60.40558491087142 1
      vertex 16.94149157926016 61.09441508912858 1
    endloop
  endfacet
  facet normal 0 0 1
    outer loop
      vertex 16.94149157926016 60.40558491087142 1
      vertex 16.97933324366016 60.51706285940773 1
      vertex 16.97933324366016 60.98293714059227 1
    endloop
  endfacet
  facet normal 0 0 1
    outer loop
      vertex 16.97933324366016 60.51706285940773 1
      vertex 17.00230037523643 60.632526427001956 1
      vertex 17.00230037523643 60.867473572998044 1
    endloop
  endfacet
  facet normal 0 0 1
    outer loop
      vertex 16.74639610306789 60.113603896932105 1
      vertex 16.82401800626211 61.29788528610785 1
      vertex 16.74639610306789 61.386396103067895 1
    endloop
  endfacet
  facet normal 0 0 1
    outer loop
      vertex 16.65788528610785 60.03598199373789 1
      vertex 16.74639610306789 61.386396103067895 1
      vertex 16.65788528610785 61.46401800626211 1
    endloop
  endfacet
  facet normal 0 0 1
    outer loop
      vertex 16.56 59.970577136594 1
      vertex 16.65788528610785 61.46401800626211 1
      vertex 16.56 61.529422863406 1
    endloop
  endfacet
  facet normal 0 0 1
    outer loop
      vertex 16.45441508912858 59.91850842073984 1
      vertex 16.56 61.529422863406 1
      vertex 16.45441508912858 61.58149157926016 1
    endloop
  endfacet
  facet normal 0 0 1
    outer loop
      vertex 16.94149157926016 60.40558491087142 1
      vertex 16.97933324366016 60.98293714059227 1
      vertex 16.94149157926016 61.09441508912858 1
    endloop
  endfacet
  facet normal 0 0 1
    outer loop
      vertex 16.889422863405994 60.3 1
      vertex 16.94149157926016 61.09441508912858 1
      vertex 16.889422863405994 61.2 1
    endloop
  endfacet
  facet normal 0 0 1
    outer loop
      vertex 16.82401800626211 60.20211471389215 1
      vertex 16.889422863405994 61.2 1
      vertex 16.82401800626211 61.29788528610785 1
    endloop
  endfacet
  facet normal 0 0 1
    outer loop
      vertex 17.00230037523643 60.632526427001956 1
      vertex 17.009999999999998 60.75 1
      vertex 17.00230037523643 60.867473572998044 1
    endloop
  endfacet
  facet normal 0 0 1
    outer loop
      vertex 16.97933324366016 60.51706285940773 1
      vertex 17.00230037523643 60.867473572998044 1
      vertex 16.97933324366016 60.98293714059227 1
    endloop
  endfacet
  facet normal 0.7518398074789838 0.6593458151000616 -3.4106849022913987e-19
    outer loop
      vertex 15.473603896932106 60.113603896932105 1
      vertex 15.395981993737887 60.20211471389215 1
      vertex 15.395981993737887 60.20211471389215 6
    endloop
  endfacet
  facet normal 0.555570233019632 0.8314696123025254 6.621017521097938e-19
    outer loop
      vertex 15.66 59.970577136594 1
      vertex 15.56211471389215 60.03598199373789 1
      vertex 15.56211471389215 60.03598199373789 6
    endloop
  endfacet
  facet normal 0.6593458151000435 0.7518398074789996 -6.650726542585086e-19
    outer loop
      vertex 15.56211471389215 60.03598199373789 1
      vertex 15.473603896932106 60.113603896932105 1
      vertex 15.473603896932106 60.113603896932105 6
    endloop
  endfacet
  facet normal 0.9469301294951044 0.3214394653031655 -9.863572364744088e-20
    outer loop
      vertex 15.278508420739842 60.40558491087142 1
      vertex 15.240666756339838 60.51706285940773 1
      vertex 15.240666756339838 60.51706285940773 6
    endloop
  endfacet
  facet normal 0.9807852804032321 0.1950903220161199 -9.423435243343567e-20
    outer loop
      vertex 15.240666756339838 60.51706285940773 1
      vertex 15.21769962476357 60.632526427001956 1
      vertex 15.21769962476357 60.632526427001956 6
    endloop
  endfacet
  facet normal 0.9978589232386031 0.06540312923014939 1.540144554709768e-20
    outer loop
      vertex 15.21769962476357 60.632526427001956 1
      vertex 15.209999999999999 60.75 1
      vertex 15.209999999999999 60.75 6
    endloop
  endfacet
  facet normal 0.8314696123025439 0.5555702330196043 3.29906985570532e-19
    outer loop
      vertex 15.395981993737887 60.20211471389215 1
      vertex 15.330577136594005 60.3 1
      vertex 15.330577136594005 60.3 6
    endloop
  endfacet
  facet normal 0.8968727415326904 0.44228869021899714 -6.543480783150538e-19
    outer loop
      vertex 15.330577136594005 60.3 1
      vertex 15.278508420739842 60.40558491087142 1
      vertex 15.278508420739842 60.40558491087142 6
    endloop
  endfacet
  facet normal 0.3214394653031744 0.9469301294951015 1.86393330265361e-19
    outer loop
      vertex 15.877062859407731 59.880666756339835 1
      vertex 15.765584910871418 59.91850842073984 1
      vertex 15.765584910871418 59.91850842073984 6
    endloop
  endfacet
  facet normal 0.44228869021899697 0.8968727415326905 9.915310863701401e-20
    outer loop
      vertex 15.765584910871418 59.91850842073984 1
      vertex 15.66 59.970577136594 1
      vertex 15.66 59.970577136594 6
    endloop
  endfacet
  facet normal 0.06540312923011835 0.997858923238605 5.654756003416793e-20
    outer loop
      vertex 16.11 59.85 1
      vertex 15.992526427001954 59.85769962476357 1
      vertex 15.992526427001954 59.85769962476357 6
    endloop
  endfacet
  facet normal 0.19509032201611112 0.9807852804032338 0
    outer loop
      vertex 15.877062859407731 59.880666756339835 1
      vertex 15.877062859407731 59.880666756339835 6
      vertex 15.992526427001954 59.85769962476357 1
    endloop
  endfacet
  facet normal -0.06540312923011737 0.9978589232386053 0
    outer loop
      vertex 16.11 59.85 1
      vertex 16.11 59.85 6
      vertex 16.227473572998047 59.85769962476357 1
    endloop
  endfacet
  facet normal -0.19509032201611112 0.9807852804032338 0
    outer loop
      vertex 16.227473572998047 59.85769962476357 1
      vertex 16.227473572998047 59.85769962476357 6
      vertex 16.34293714059227 59.880666756339835 1
    endloop
  endfacet
  facet normal -0.32143946530317896 0.9469301294950998 0
    outer loop
      vertex 16.34293714059227 59.880666756339835 1
      vertex 16.34293714059227 59.880666756339835 6
      vertex 16.45441508912858 59.91850842073984 1
    endloop
  endfacet
  facet normal 0.9978589232386031 -0.06540312923014939 -1.540144554709768e-20
    outer loop
      vertex 15.209999999999999 60.75 1
      vertex 15.21769962476357 60.867473572998044 1
      vertex 15.21769962476357 60.867473572998044 6
    endloop
  endfacet
  facet normal 0.9807852804032321 -0.1950903220161199 9.423435243343567e-20
    outer loop
      vertex 15.21769962476357 60.867473572998044 1
      vertex 15.240666756339838 60.98293714059227 1
      vertex 15.240666756339838 60.98293714059227 6
    endloop
  endfacet
  facet normal 0.9469301294951044 -0.3214394653031655 9.863572364744088e-20
    outer loop
      vertex 15.240666756339838 60.98293714059227 1
      vertex 15.278508420739842 61.09441508912858 1
      vertex 15.278508420739842 61.09441508912858 6
    endloop
  endfacet
  facet normal 0.8968727415326904 -0.44228869021899714 6.543480783150538e-19
    outer loop
      vertex 15.278508420739842 61.09441508912858 1
      vertex 15.330577136594005 61.2 1
      vertex 15.330577136594005 61.2 6
    endloop
  endfacet
  facet normal 0.8314696123025439 -0.5555702330196043 -3.29906985570532e-19
    outer loop
      vertex 15.330577136594005 61.2 1
      vertex 15.395981993737887 61.29788528610785 1
      vertex 15.395981993737887 61.29788528610785 6
    endloop
  endfacet
  facet normal 0.7518398074789838 -0.6593458151000616 3.4106849022913987e-19
    outer loop
      vertex 15.395981993737887 61.29788528610785 1
      vertex 15.473603896932106 61.386396103067895 1
      vertex 15.473603896932106 61.386396103067895 6
    endloop
  endfacet
  facet normal 0.6593458151000435 -0.7518398074789996 6.650726542585086e-19
    outer loop
      vertex 15.473603896932106 61.386396103067895 1
      vertex 15.56211471389215 61.46401800626211 1
      vertex 15.56211471389215 61.46401800626211 6
    endloop
  endfacet
  facet normal 0.555570233019632 -0.8314696123025254 -6.621017521097938e-19
    outer loop
      vertex 15.56211471389215 61.46401800626211 1
      vertex 15.66 61.529422863406 1
      vertex 15.66 61.529422863406 6
    endloop
  endfacet
  facet normal 0.44228869021899697 -0.8968727415326905 -9.915310863701401e-20
    outer loop
      vertex 15.66 61.529422863406 1
      vertex 15.765584910871418 61.58149157926016 1
      vertex 15.765584910871418 61.58149157926016 6
    endloop
  endfacet
  facet normal 0.3214394653031744 -0.9469301294951015 -1.86393330265361e-19
    outer loop
      vertex 15.765584910871418 61.58149157926016 1
      vertex 15.877062859407731 61.619333243660165 1
      vertex 15.877062859407731 61.619333243660165 6
    endloop
  endfacet
  facet normal 0.19509032201611112 -0.9807852804032338 3.1230051031929695e-20
    outer loop
      vertex 15.877062859407731 61.619333243660165 1
      vertex 15.992526427001954 61.64230037523643 1
      vertex 15.992526427001954 61.64230037523643 6
    endloop
  endfacet
  facet normal 0.06540312923011835 -0.997858923238605 -5.654756003416793e-20
    outer loop
      vertex 15.992526427001954 61.64230037523643 1
      vertex 16.11 61.65 1
      vertex 16.11 61.65 6
    endloop
  endfacet
  facet normal -0.06540312923011737 -0.9978589232386053 0
    outer loop
      vertex 16.227473572998047 61.64230037523643 1
      vertex 16.227473572998047 61.64230037523643 6
      vertex 16.11 61.65 1
    endloop
  endfacet
  facet normal -0.19509032201611112 -0.9807852804032338 0
    outer loop
      vertex 16.34293714059227 61.619333243660165 1
      vertex 16.34293714059227 61.619333243660165 6
      vertex 16.227473572998047 61.64230037523643 1
    endloop
  endfacet
  facet normal -0.44228869021899697 0.8968727415326905 0
    outer loop
      vertex 16.45441508912858 59.91850842073984 1
      vertex 16.45441508912858 59.91850842073984 6
      vertex 16.56 59.970577136594 1
    endloop
  endfacet
  facet normal -0.555570233019632 0.8314696123025254 0
    outer loop
      vertex 16.56 59.970577136594 1
      vertex 16.56 59.970577136594 6
      vertex 16.65788528610785 60.03598199373789 1
    endloop
  endfacet
  facet normal -0.659345815100051 0.751839807478993 0
    outer loop
      vertex 16.65788528610785 60.03598199373789 1
      vertex 16.65788528610785 60.03598199373789 6
      vertex 16.74639610306789 60.113603896932105 1
    endloop
  endfacet
  facet normal -0.7518398074789763 0.6593458151000702 0
    outer loop
      vertex 16.74639610306789 60.113603896932105 1
      vertex 16.74639610306789 60.113603896932105 6
      vertex 16.82401800626211 60.20211471389215 1
    endloop
  endfacet
  facet normal -0.8314696123025439 0.5555702330196043 0
    outer loop
      vertex 16.82401800626211 60.20211471389215 1
      vertex 16.82401800626211 60.20211471389215 6
      vertex 16.889422863405994 60.3 1
    endloop
  endfacet
  facet normal -0.8968727415326843 0.44228869021900924 0
    outer loop
      vertex 16.889422863405994 60.3 1
      vertex 16.889422863405994 60.3 6
      vertex 16.94149157926016 60.40558491087142 1
    endloop
  endfacet
  facet normal -0.946930129495109 0.32143946530315193 0
    outer loop
      vertex 16.94149157926016 60.40558491087142 1
      vertex 16.94149157926016 60.40558491087142 6
      vertex 16.97933324366016 60.51706285940773 1
    endloop
  endfacet
  facet normal -0.9807852804032293 0.1950903220161344 0
    outer loop
      vertex 16.97933324366016 60.51706285940773 1
      vertex 16.97933324366016 60.51706285940773 6
      vertex 17.00230037523643 60.632526427001956 1
    endloop
  endfacet
  facet normal -0.997858923238605 0.06540312923011933 0
    outer loop
      vertex 17.00230037523643 60.632526427001956 1
      vertex 17.00230037523643 60.632526427001956 6
      vertex 17.009999999999998 60.75 1
    endloop
  endfacet
  facet normal -0.997858923238605 -0.06540312923011933 0
    outer loop
      vertex 17.009999999999998 60.75 1
      vertex 17.009999999999998 60.75 6
      vertex 17.00230037523643 60.867473572998044 1
    endloop
  endfacet
  facet normal -0.9807852804032293 -0.1950903220161344 0
    outer loop
      vertex 17.00230037523643 60.867473572998044 1
      vertex 17.00230037523643 60.867473572998044 6
      vertex 16.97933324366016 60.98293714059227 1
    endloop
  endfacet
  facet normal -0.946930129495109 -0.32143946530315193 0
    outer loop
      vertex 16.97933324366016 60.98293714059227 1
      vertex 16.97933324366016 60.98293714059227 6
      vertex 16.94149157926016 61.09441508912858 1
    endloop
  endfacet
  facet normal -0.8968727415326843 -0.44228869021900924 0
    outer loop
      vertex 16.94149157926016 61.09441508912858 1
      vertex 16.94149157926016 61.09441508912858 6
      vertex 16.889422863405994 61.2 1
    endloop
  endfacet
  facet normal -0.659345815100051 -0.751839807478993 0
    outer loop
      vertex 16.74639610306789 61.386396103067895 1
      vertex 16.74639610306789 61.386396103067895 6
      vertex 16.65788528610785 61.46401800626211 1
    endloop
  endfacet
  facet normal -0.44228869021899697 -0.8968727415326905 0
    outer loop
      vertex 16.56 61.529422863406 1
      vertex 16.56 61.529422863406 6
      vertex 16.45441508912858 61.58149157926016 1
    endloop
  endfacet
  facet normal -0.32143946530317896 -0.9469301294950998 0
    outer loop
      vertex 16.45441508912858 61.58149157926016 1
      vertex 16.45441508912858 61.58149157926016 6
      vertex 16.34293714059227 61.619333243660165 1
    endloop
  endfacet
  facet normal -0.555570233019632 -0.8314696123025254 0
    outer loop
      vertex 16.65788528610785 61.46401800626211 1
      vertex 16.65788528610785 61.46401800626211 6
      vertex 16.56 61.529422863406 1
    endloop
  endfacet
  facet normal -0.8314696123025439 -0.5555702330196043 0
    outer loop
      vertex 16.889422863405994 61.2 1
      vertex 16.889422863405994 61.2 6
      vertex 16.82401800626211 61.29788528610785 1
    endloop
  endfacet
  facet normal -0.7518398074789763 -0.6593458151000702 0
    outer loop
      vertex 16.82401800626211 61.29788528610785 1
      vertex 16.82401800626211 61.29788528610785 6
      vertex 16.74639610306789 61.386396103067895 1
    endloop
  endfacet
  facet normal 0.7518398074789838 0.6593458151000616 0
    outer loop
      vertex 15.473603896932106 60.113603896932105 1
      vertex 15.395981993737887 60.20211471389215 6
      vertex 15.473603896932106 60.113603896932105 6
    endloop
  endfacet
  facet normal 0.555570233019632 0.8314696123025254 0
    outer loop
      vertex 15.66 59.970577136594 1
      vertex 15.56211471389215 60.03598199373789 6
      vertex 15.66 59.970577136594 6
    endloop
  endfacet
  facet normal 0.6593458151000435 0.7518398074789996 0
    outer loop
      vertex 15.56211471389215 60.03598199373789 1
      vertex 15.473603896932106 60.113603896932105 6
      vertex 15.56211471389215 60.03598199373789 6
    endloop
  endfacet
  facet normal 0.9469301294951044 0.3214394653031655 0
    outer loop
      vertex 15.278508420739842 60.40558491087142 1
      vertex 15.240666756339838 60.51706285940773 6
      vertex 15.278508420739842 60.40558491087142 6
    endloop
  endfacet
  facet normal 0.9807852804032321 0.1950903220161199 0
    outer loop
      vertex 15.240666756339838 60.51706285940773 1
      vertex 15.21769962476357 60.632526427001956 6
      vertex 15.240666756339838 60.51706285940773 6
    endloop
  endfacet
  facet normal 0.9978589232386031 0.06540312923014939 0
    outer loop
      vertex 15.21769962476357 60.632526427001956 1
      vertex 15.209999999999999 60.75 6
      vertex 15.21769962476357 60.632526427001956 6
    endloop
  endfacet
  facet normal 0.8314696123025439 0.5555702330196043 0
    outer loop
      vertex 15.395981993737887 60.20211471389215 1
      vertex 15.330577136594005 60.3 6
      vertex 15.395981993737887 60.20211471389215 6
    endloop
  endfacet
  facet normal 0.8968727415326904 0.44228869021899714 0
    outer loop
      vertex 15.330577136594005 60.3 1
      vertex 15.278508420739842 60.40558491087142 6
      vertex 15.330577136594005 60.3 6
    endloop
  endfacet
  facet normal 0.3214394653031744 0.9469301294951015 0
    outer loop
      vertex 15.877062859407731 59.880666756339835 1
      vertex 15.765584910871418 59.91850842073984 6
      vertex 15.877062859407731 59.880666756339835 6
    endloop
  endfacet
  facet normal 0.44228869021899697 0.8968727415326905 0
    outer loop
      vertex 15.765584910871418 59.91850842073984 1
      vertex 15.66 59.970577136594 6
      vertex 15.765584910871418 59.91850842073984 6
    endloop
  endfacet
  facet normal 0.19509032201611112 0.9807852804032338 0
    outer loop
      vertex 15.992526427001954 59.85769962476357 1
      vertex 15.877062859407731 59.880666756339835 6
      vertex 15.992526427001954 59.85769962476357 6
    endloop
  endfacet
  facet normal 0.06540312923011835 0.997858923238605 0
    outer loop
      vertex 16.11 59.85 1
      vertex 15.992526427001954 59.85769962476357 6
      vertex 16.11 59.85 6
    endloop
  endfacet
  facet normal -0.06540312923011737 0.9978589232386053 0
    outer loop
      vertex 16.227473572998047 59.85769962476357 1
      vertex 16.11 59.85 6
      vertex 16.227473572998047 59.85769962476357 6
    endloop
  endfacet
  facet normal -0.19509032201611112 0.9807852804032338 0
    outer loop
      vertex 16.34293714059227 59.880666756339835 1
      vertex 16.227473572998047 59.85769962476357 6
      vertex 16.34293714059227 59.880666756339835 6
    endloop
  endfacet
  facet normal 0.9978589232386031 -0.06540312923014939 0
    outer loop
      vertex 15.209999999999999 60.75 1
      vertex 15.21769962476357 60.867473572998044 6
      vertex 15.209999999999999 60.75 6
    endloop
  endfacet
  facet normal 0.9807852804032321 -0.1950903220161199 0
    outer loop
      vertex 15.21769962476357 60.867473572998044 1
      vertex 15.240666756339838 60.98293714059227 6
      vertex 15.21769962476357 60.867473572998044 6
    endloop
  endfacet
  facet normal 0.9469301294951044 -0.3214394653031655 0
    outer loop
      vertex 15.240666756339838 60.98293714059227 1
      vertex 15.278508420739842 61.09441508912858 6
      vertex 15.240666756339838 60.98293714059227 6
    endloop
  endfacet
  facet normal 0.8968727415326904 -0.44228869021899714 0
    outer loop
      vertex 15.278508420739842 61.09441508912858 1
      vertex 15.330577136594005 61.2 6
      vertex 15.278508420739842 61.09441508912858 6
    endloop
  endfacet
  facet normal 0.8314696123025439 -0.5555702330196043 0
    outer loop
      vertex 15.330577136594005 61.2 1
      vertex 15.395981993737887 61.29788528610785 6
      vertex 15.330577136594005 61.2 6
    endloop
  endfacet
  facet normal 0.7518398074789838 -0.6593458151000616 0
    outer loop
      vertex 15.395981993737887 61.29788528610785 1
      vertex 15.473603896932106 61.386396103067895 6
      vertex 15.395981993737887 61.29788528610785 6
    endloop
  endfacet
  facet normal 0.6593458151000435 -0.7518398074789996 0
    outer loop
      vertex 15.473603896932106 61.386396103067895 1
      vertex 15.56211471389215 61.46401800626211 6
      vertex 15.473603896932106 61.386396103067895 6
    endloop
  endfacet
  facet normal 0.555570233019632 -0.8314696123025254 0
    outer loop
      vertex 15.56211471389215 61.46401800626211 1
      vertex 15.66 61.529422863406 6
      vertex 15.56211471389215 61.46401800626211 6
    endloop
  endfacet
  facet normal 0.44228869021899697 -0.8968727415326905 0
    outer loop
      vertex 15.66 61.529422863406 1
      vertex 15.765584910871418 61.58149157926016 6
      vertex 15.66 61.529422863406 6
    endloop
  endfacet
  facet normal 0.3214394653031744 -0.9469301294951015 0
    outer loop
      vertex 15.765584910871418 61.58149157926016 1
      vertex 15.877062859407731 61.619333243660165 6
      vertex 15.765584910871418 61.58149157926016 6
    endloop
  endfacet
  facet normal 0.19509032201611112 -0.9807852804032338 0
    outer loop
      vertex 15.877062859407731 61.619333243660165 1
      vertex 15.992526427001954 61.64230037523643 6
      vertex 15.877062859407731 61.619333243660165 6
    endloop
  endfacet
  facet normal 0.06540312923011835 -0.997858923238605 0
    outer loop
      vertex 15.992526427001954 61.64230037523643 1
      vertex 16.11 61.65 6
      vertex 15.992526427001954 61.64230037523643 6
    endloop
  endfacet
  facet normal -0.06540312923011737 -0.9978589232386053 0
    outer loop
      vertex 16.11 61.65 1
      vertex 16.227473572998047 61.64230037523643 6
      vertex 16.11 61.65 6
    endloop
  endfacet
  facet normal -0.32143946530317896 -0.9469301294950998 0
    outer loop
      vertex 16.34293714059227 61.619333243660165 1
      vertex 16.45441508912858 61.58149157926016 6
      vertex 16.34293714059227 61.619333243660165 6
    endloop
  endfacet
  facet normal -0.19509032201611112 -0.9807852804032338 0
    outer loop
      vertex 16.227473572998047 61.64230037523643 1
      vertex 16.34293714059227 61.619333243660165 6
      vertex 16.227473572998047 61.64230037523643 6
    endloop
  endfacet
  facet normal -0.32143946530317896 0.9469301294950998 0
    outer loop
      vertex 16.45441508912858 59.91850842073984 1
      vertex 16.34293714059227 59.880666756339835 6
      vertex 16.45441508912858 59.91850842073984 6
    endloop
  endfacet
  facet normal -0.44228869021899697 0.8968727415326905 0
    outer loop
      vertex 16.56 59.970577136594 1
      vertex 16.45441508912858 59.91850842073984 6
      vertex 16.56 59.970577136594 6
    endloop
  endfacet
  facet normal -0.555570233019632 0.8314696123025254 0
    outer loop
      vertex 16.65788528610785 60.03598199373789 1
      vertex 16.56 59.970577136594 6
      vertex 16.65788528610785 60.03598199373789 6
    endloop
  endfacet
  facet normal -0.659345815100051 0.751839807478993 0
    outer loop
      vertex 16.74639610306789 60.113603896932105 1
      vertex 16.65788528610785 60.03598199373789 6
      vertex 16.74639610306789 60.113603896932105 6
    endloop
  endfacet
  facet normal -0.7518398074789763 0.6593458151000702 0
    outer loop
      vertex 16.82401800626211 60.20211471389215 1
      vertex 16.74639610306789 60.113603896932105 6
      vertex 16.82401800626211 60.20211471389215 6
    endloop
  endfacet
  facet normal -0.8314696123025439 0.5555702330196043 0
    outer loop
      vertex 16.889422863405994 60.3 1
      vertex 16.82401800626211 60.20211471389215 6
      vertex 16.889422863405994 60.3 6
    endloop
  endfacet
  facet normal -0.8968727415326843 0.44228869021900924 0
    outer loop
      vertex 16.94149157926016 60.40558491087142 1
      vertex 16.889422863405994 60.3 6
      vertex 16.94149157926016 60.40558491087142 6
    endloop
  endfacet
  facet normal -0.946930129495109 0.32143946530315193 0
    outer loop
      vertex 16.97933324366016 60.51706285940773 1
      vertex 16.94149157926016 60.40558491087142 6
      vertex 16.97933324366016 60.51706285940773 6
    endloop
  endfacet
  facet normal -0.9807852804032293 0.1950903220161344 0
    outer loop
      vertex 17.00230037523643 60.632526427001956 1
      vertex 16.97933324366016 60.51706285940773 6
      vertex 17.00230037523643 60.632526427001956 6
    endloop
  endfacet
  facet normal -0.997858923238605 0.06540312923011933 0
    outer loop
      vertex 17.009999999999998 60.75 1
      vertex 17.00230037523643 60.632526427001956 6
      vertex 17.009999999999998 60.75 6
    endloop
  endfacet
  facet normal -0.997858923238605 -0.06540312923011933 0
    outer loop
      vertex 17.00230037523643 60.867473572998044 1
      vertex 17.009999999999998 60.75 6
      vertex 17.00230037523643 60.867473572998044 6
    endloop
  endfacet
  facet normal -0.9807852804032293 -0.1950903220161344 0
    outer loop
      vertex 16.97933324366016 60.98293714059227 1
      vertex 17.00230037523643 60.867473572998044 6
      vertex 16.97933324366016 60.98293714059227 6
    endloop
  endfacet
  facet normal -0.946930129495109 -0.32143946530315193 0
    outer loop
      vertex 16.94149157926016 61.09441508912858 1
      vertex 16.97933324366016 60.98293714059227 6
      vertex 16.94149157926016 61.09441508912858 6
    endloop
  endfacet
  facet normal -0.8968727415326843 -0.44228869021900924 0
    outer loop
      vertex 16.889422863405994 61.2 1
      vertex 16.94149157926016 61.09441508912858 6
      vertex 16.889422863405994 61.2 6
    endloop
  endfacet
  facet normal -0.7518398074789763 -0.6593458151000702 0
    outer loop
      vertex 16.74639610306789 61.386396103067895 1
      vertex 16.82401800626211 61.29788528610785 6
      vertex 16.74639610306789 61.386396103067895 6
    endloop
  endfacet
  facet normal -0.659345815100051 -0.751839807478993 0
    outer loop
      vertex 16.65788528610785 61.46401800626211 1
      vertex 16.74639610306789 61.386396103067895 6
      vertex 16.65788528610785 61.46401800626211 6
    endloop
  endfacet
  facet normal -0.555570233019632 -0.8314696123025254 0
    outer loop
      vertex 16.56 61.529422863406 1
      vertex 16.65788528610785 61.46401800626211 6
      vertex 16.56 61.529422863406 6
    endloop
  endfacet
  facet normal -0.44228869021899697 -0.8968727415326905 0
    outer loop
      vertex 16.45441508912858 61.58149157926016 1
      vertex 16.56 61.529422863406 6
      vertex 16.45441508912858 61.58149157926016 6
    endloop
  endfacet
  facet normal -0.8314696123025439 -0.5555702330196043 0
    outer loop
      vertex 16.82401800626211 61.29788528610785 1
      vertex 16.889422863405994 61.2 6
      vertex 16.82401800626211 61.29788528610785 6
    endloop
  endfacet
  facet normal 0 0 -1
    outer loop
      vertex -95.5 58.75 0
      vertex -91.125 59.667468245269454 0
      vertex -90.97835429045637 59.595150584360894 0
    endloop
  endfacet
  facet normal 0 0 -1
    outer loop
      vertex -95.5 58.75 0
      vertex -91.2609517862609 59.758308324635955 0
      vertex -91.125 59.667468245269454 0
    endloop
  endfacet
  facet normal 0 0 -1
    outer loop
      vertex -95.5 58.75 0
      vertex -91.38388347648319 59.866116523516816 0
      vertex -91.2609517862609 59.758308324635955 0
    endloop
  endfacet
  facet normal 0 0 -1
    outer loop
      vertex -95.5 58.75 0
      vertex -91.49169167536404 59.989048213739096 0
      vertex -91.38388347648319 59.866116523516816 0
    endloop
  endfacet
  facet normal 0 0 -1
    outer loop
      vertex -95.5 58.75 0
      vertex -91.58253175473055 60.125 0
      vertex -91.49169167536404 59.989048213739096 0
    endloop
  endfacet
  facet normal 0 0 -1
    outer loop
      vertex -95.5 58.75 0
      vertex -95.5 62.75 0
      vertex -91.75 60.75 0
    endloop
  endfacet
  facet normal 0 0 -1
    outer loop
      vertex -95.5 58.75 0
      vertex -91.6548494156391 60.27164570954364 0
      vertex -91.58253175473055 60.125 0
    endloop
  endfacet
  facet normal 0 0 -1
    outer loop
      vertex -95.5 58.75 0
      vertex -91.70740728286134 60.42647619362185 0
      vertex -91.6548494156391 60.27164570954364 0
    endloop
  endfacet
  facet normal 0 0 -1
    outer loop
      vertex -95.5 58.75 0
      vertex -91.73930607671727 60.58684225972493 0
      vertex -91.70740728286134 60.42647619362185 0
    endloop
  endfacet
  facet normal 0 0 -1
    outer loop
      vertex -95.5 58.75 0
      vertex -91.75 60.75 0
      vertex -91.73930607671727 60.58684225972493 0
    endloop
  endfacet
  facet normal 0 0 -1
    outer loop
      vertex -95.5 62.75 0
      vertex -91.73930607671727 60.91315774027507 0
      vertex -91.75 60.75 0
    endloop
  endfacet
  facet normal 0 0 -1
    outer loop
      vertex -95.5 62.75 0
      vertex -91.70740728286134 61.07352380637815 0
      vertex -91.73930607671727 60.91315774027507 0
    endloop
  endfacet
  facet normal 0 0 -1
    outer loop
      vertex -95.5 62.75 0
      vertex -91.6548494156391 61.22835429045636 0
      vertex -91.70740728286134 61.07352380637815 0
    endloop
  endfacet
  facet normal 0 0 -1
    outer loop
      vertex -95.5 58.75 0
      vertex -90.97835429045637 59.595150584360894 0
      vertex -90.82352380637815 59.54259271713867 0
    endloop
  endfacet
  facet normal 0 0 -1
    outer loop
      vertex -95.5 58.75 0
      vertex -90.66315774027507 59.51069392328274 0
      vertex -90.5 59.5 0
    endloop
  endfacet
  facet normal 0 0 -1
    outer loop
      vertex -95.5 58.75 0
      vertex -90.82352380637815 59.54259271713867 0
      vertex -90.66315774027507 59.51069392328274 0
    endloop
  endfacet
  facet normal 0 0 -1
    outer loop
      vertex -95.5 62.75 0
      vertex -91.58253175473055 61.375 0
      vertex -91.6548494156391 61.22835429045636 0
    endloop
  endfacet
  facet normal 0 0 -1
    outer loop
      vertex -95.5 62.75 0
      vertex -91.49169167536404 61.510951786260904 0
      vertex -91.58253175473055 61.375 0
    endloop
  endfacet
  facet normal 0 0 -1
    outer loop
      vertex -95.5 62.75 0
      vertex -91.38388347648319 61.633883476483184 0
      vertex -91.49169167536404 61.510951786260904 0
    endloop
  endfacet
  facet normal 0 0 -1
    outer loop
      vertex -95.5 62.75 0
      vertex -91.2609517862609 61.741691675364045 0
      vertex -91.38388347648319 61.633883476483184 0
    endloop
  endfacet
  facet normal 0 0 -1
    outer loop
      vertex -95.5 62.75 0
      vertex -91.125 61.832531754730546 0
      vertex -91.2609517862609 61.741691675364045 0
    endloop
  endfacet
  facet normal 0 0 -1
    outer loop
      vertex -95.5 62.75 0
      vertex -90.97835429045637 61.904849415639106 0
      vertex -91.125 61.832531754730546 0
    endloop
  endfacet
  facet normal 0 0 -1
    outer loop
      vertex -93.27645713835955 65.64777747541666 0
      vertex -92.89157857745886 65.72433458268642 0
      vertex -92.5 65.75 0
    endloop
  endfacet
  facet normal 0 0 -1
    outer loop
      vertex -95.5 62.75 0
      vertex -90.82352380637815 61.95740728286133 0
      vertex -90.97835429045637 61.904849415639106 0
    endloop
  endfacet
  facet normal 0 0 -1
    outer loop
      vertex -95.5 62.75 0
      vertex -90.66315774027507 61.98930607671726 0
      vertex -90.82352380637815 61.95740728286133 0
    endloop
  endfacet
  facet normal 0 0 -1
    outer loop
      vertex -95.5 62.75 0
      vertex -90.5 62 0
      vertex -90.66315774027507 61.98930607671726 0
    endloop
  endfacet
  facet normal -0.6593458207943228 -0.7518398024852507 0
    outer loop
      vertex -94.32628428936005 56.3699399754405 0
      vertex -94.6213203445077 56.628679655492306 6
      vertex -94.6213203445077 56.628679655492306 0
    endloop
  endfacet
  facet normal -0.5555702203832522 -0.8314696207458843 0
    outer loop
      vertex -94 56.151923790574074 0
      vertex -94.32628428936005 56.3699399754405 6
      vertex -94.32628428936005 56.3699399754405 0
    endloop
  endfacet
  facet normal -0.7518398024852507 -0.6593458207943228 0
    outer loop
      vertex -94.6213203445077 56.628679655492306 0
      vertex -94.8800600245595 56.923715710639954 6
      vertex -94.8800600245595 56.923715710639954 0
    endloop
  endfacet
  facet normal -0.8314696207458843 -0.5555702203832522 0
    outer loop
      vertex -94.8800600245595 56.923715710639954 0
      vertex -95.09807620942593 57.25 6
      vertex -95.09807620942593 57.25 0
    endloop
  endfacet
  facet normal -0.8968727407473451 -0.4422886918115197 0
    outer loop
      vertex -95.09807620942593 57.25 0
      vertex -95.27163859456778 57.60194969922304 6
      vertex -95.27163859456778 57.60194969922304 0
    endloop
  endfacet
  facet normal -0.4422886918115197 -0.8968727407473451 0
    outer loop
      vertex -93.64805030077696 55.978361405432224 0
      vertex -94 56.151923790574074 6
      vertex -94 56.151923790574074 0
    endloop
  endfacet
  facet normal -0.3214394637077385 -0.9469301300366789 0
    outer loop
      vertex -93.27645713835955 55.85222252458334 0
      vertex -93.64805030077696 55.978361405432224 6
      vertex -93.64805030077696 55.978361405432224 0
    endloop
  endfacet
  facet normal -0.19509032585814412 -0.9807852796390061 0
    outer loop
      vertex -92.89157857745886 55.775665417313576 0
      vertex -93.27645713835955 55.85222252458334 6
      vertex -93.27645713835955 55.85222252458334 0
    endloop
  endfacet
  facet normal -0.06540313273849395 -0.9978589230086541 0
    outer loop
      vertex -92.89157857745886 55.775665417313576 0
      vertex -92.5 55.75 0
      vertex -92.89157857745886 55.775665417313576 6
    endloop
  endfacet
  facet normal -0.9469301300366789 -0.3214394637077385 0
    outer loop
      vertex -95.27163859456778 57.60194969922304 0
      vertex -95.39777747541666 57.97354286164045 6
      vertex -95.39777747541666 57.97354286164045 0
    endloop
  endfacet
  facet normal -0.9807852796390061 -0.19509032585814412 0
    outer loop
      vertex -95.39777747541666 57.97354286164045 0
      vertex -95.47433458268642 58.35842142254114 6
      vertex -95.47433458268642 58.35842142254114 0
    endloop
  endfacet
  facet normal -0.9978589230086541 -0.06540313273849395 0
    outer loop
      vertex -95.47433458268642 58.35842142254114 0
      vertex -95.5 58.75 6
      vertex -95.5 58.75 0
    endloop
  endfacet
  facet normal -1 0 0
    outer loop
      vertex -95.5 58.75 0
      vertex -95.5 62.75 6
      vertex -95.5 62.75 0
    endloop
  endfacet
  facet normal -0.9978589230086541 0.06540313273849395 0
    outer loop
      vertex -95.5 62.75 0
      vertex -95.47433458268642 63.14157857745886 6
      vertex -95.47433458268642 63.14157857745886 0
    endloop
  endfacet
  facet normal -0.9807852796390061 0.19509032585814412 0
    outer loop
      vertex -95.47433458268642 63.14157857745886 0
      vertex -95.39777747541666 63.52645713835955 6
      vertex -95.39777747541666 63.52645713835955 0
    endloop
  endfacet
  facet normal -0.9469301300366789 0.3214394637077385 0
    outer loop
      vertex -95.39777747541666 63.52645713835955 0
      vertex -95.27163859456778 63.89805030077696 6
      vertex -95.27163859456778 63.89805030077696 0
    endloop
  endfacet
  facet normal -0.8968727407473451 0.4422886918115197 0
    outer loop
      vertex -95.27163859456778 63.89805030077696 0
      vertex -95.09807620942593 64.25 6
      vertex -95.09807620942593 64.25 0
    endloop
  endfacet
  facet normal -0.8314696207458843 0.5555702203832522 0
    outer loop
      vertex -95.09807620942593 64.25 0
      vertex -94.8800600245595 64.57628428936005 6
      vertex -94.8800600245595 64.57628428936005 0
    endloop
  endfacet
  facet normal -0.7518398024852507 0.6593458207943228 0
    outer loop
      vertex -94.8800600245595 64.57628428936005 0
      vertex -94.6213203445077 64.8713203445077 6
      vertex -94.6213203445077 64.8713203445077 0
    endloop
  endfacet
  facet normal -0.6593458207943228 0.7518398024852507 0
    outer loop
      vertex -94.6213203445077 64.8713203445077 0
      vertex -94.32628428936005 65.1300600245595 6
      vertex -94.32628428936005 65.1300600245595 0
    endloop
  endfacet
  facet normal -0.5555702203832522 0.8314696207458843 0
    outer loop
      vertex -94.32628428936005 65.1300600245595 0
      vertex -94 65.34807620942593 6
      vertex -94 65.34807620942593 0
    endloop
  endfacet
  facet normal -0.4422886918115197 0.8968727407473451 0
    outer loop
      vertex -94 65.34807620942593 0
      vertex -93.64805030077696 65.52163859456778 6
      vertex -93.64805030077696 65.52163859456778 0
    endloop
  endfacet
  facet normal -0.3214394637077385 0.9469301300366789 0
    outer loop
      vertex -93.64805030077696 65.52163859456778 0
      vertex -93.27645713835955 65.64777747541666 6
      vertex -93.27645713835955 65.64777747541666 0
    endloop
  endfacet
  facet normal -0.19509032585814412 0.9807852796390061 0
    outer loop
      vertex -93.27645713835955 65.64777747541666 0
      vertex -92.89157857745886 65.72433458268642 6
      vertex -92.89157857745886 65.72433458268642 0
    endloop
  endfacet
  facet normal -0.06540313273849395 0.9978589230086541 0
    outer loop
      vertex -92.89157857745886 65.72433458268642 0
      vertex -92.5 65.75 6
      vertex -92.5 65.75 0
    endloop
  endfacet
  facet normal 0 0 -1
    outer loop
      vertex -94.6213203445077 56.628679655492306 0
      vertex -94.8800600245595 56.923715710639954 0
      vertex 95.27163859456778 57.60194969922304 0
    endloop
  endfacet
  facet normal 0 0 -1
    outer loop
      vertex -94.8800600245595 56.923715710639954 0
      vertex -95.09807620942593 57.25 0
      vertex 95.39777747541666 57.97354286164045 0
    endloop
  endfacet
  facet normal 0 0 -1
    outer loop
      vertex -93.27645713835955 55.85222252458334 0
      vertex -93.64805030077696 55.978361405432224 0
      vertex 94.32628428936005 56.3699399754405 0
    endloop
  endfacet
  facet normal 0 0 -1
    outer loop
      vertex -92.89157857745886 55.775665417313576 0
      vertex -93.27645713835955 55.85222252458334 0
      vertex 94 56.151923790574074 0
    endloop
  endfacet
  facet normal 0 0 -1
    outer loop
      vertex -93.64805030077696 55.978361405432224 0
      vertex -94 56.151923790574074 0
      vertex 94.6213203445077 56.628679655492306 0
    endloop
  endfacet
  facet normal 0 0 -1
    outer loop
      vertex -94 56.151923790574074 0
      vertex -94.32628428936005 56.3699399754405 0
      vertex 94.8800600245595 56.923715710639954 0
    endloop
  endfacet
  facet normal 0 0 -1
    outer loop
      vertex -92.89157857745886 55.775665417313576 0
      vertex 93.64805030077696 55.978361405432224 0
      vertex -92.5 55.75 0
    endloop
  endfacet
  facet normal 0 0 -1
    outer loop
      vertex -94.32628428936005 56.3699399754405 0
      vertex -94.6213203445077 56.628679655492306 0
      vertex 95.09807620942593 57.25 0
    endloop
  endfacet
  facet normal 0 0 -1
    outer loop
      vertex -95.27163859456778 57.60194969922304 0
      vertex -95.39777747541666 57.97354286164045 0
      vertex 95.5 58.75 0
    endloop
  endfacet
  facet normal 0 0 -1
    outer loop
      vertex -95.09807620942593 57.25 0
      vertex -95.27163859456778 57.60194969922304 0
      vertex 95.47433458268642 58.35842142254114 0
    endloop
  endfacet
  facet normal 0 0 -1
    outer loop
      vertex -95.39777747541666 57.97354286164045 0
      vertex -95.47433458268642 58.35842142254114 0
      vertex 95.5 62.75 0
    endloop
  endfacet
  facet normal 0 0 -1
    outer loop
      vertex -95.47433458268642 58.35842142254114 0
      vertex -95.5 58.75 0
      vertex 95.47433458268642 63.14157857745886 0
    endloop
  endfacet
  facet normal 0 0 -1
    outer loop
      vertex -95.5 58.75 0
      vertex -90.5 59.5 0
      vertex 95.39777747541666 63.52645713835955 0
    endloop
  endfacet
  facet normal 0 0 -1
    outer loop
      vertex -95.5 62.75 0
      vertex -95.47433458268642 63.14157857745886 0
      vertex 95.27163859456778 63.89805030077696 0
    endloop
  endfacet
  facet normal 0 0 -1
    outer loop
      vertex -95.47433458268642 63.14157857745886 0
      vertex -95.39777747541666 63.52645713835955 0
      vertex 95.09807620942593 64.25 0
    endloop
  endfacet
  facet normal 0 0 -1
    outer loop
      vertex -95.5 62.75 0
      vertex 95.39777747541666 63.52645713835955 0
      vertex -90.5 62 0
    endloop
  endfacet
  facet normal 0 0 -1
    outer loop
      vertex -95.39777747541666 63.52645713835955 0
      vertex -95.27163859456778 63.89805030077696 0
      vertex 94.8800600245595 64.57628428936005 0
    endloop
  endfacet
  facet normal 0 0 -1
    outer loop
      vertex -95.27163859456778 63.89805030077696 0
      vertex -95.09807620942593 64.25 0
      vertex 94.6213203445077 64.8713203445077 0
    endloop
  endfacet
  facet normal 0 0 -1
    outer loop
      vertex -95.09807620942593 64.25 0
      vertex -94.8800600245595 64.57628428936005 0
      vertex 94.32628428936005 65.1300600245595 0
    endloop
  endfacet
  facet normal 0 0 -1
    outer loop
      vertex -94.8800600245595 64.57628428936005 0
      vertex -94.6213203445077 64.8713203445077 0
      vertex 94 65.34807620942593 0
    endloop
  endfacet
  facet normal 0 0 -1
    outer loop
      vertex -94.6213203445077 64.8713203445077 0
      vertex -94.32628428936005 65.1300600245595 0
      vertex 93.64805030077696 65.52163859456778 0
    endloop
  endfacet
  facet normal 0 0 -1
    outer loop
      vertex -94.32628428936005 65.1300600245595 0
      vertex -94 65.34807620942593 0
      vertex 93.27645713835955 65.64777747541666 0
    endloop
  endfacet
  facet normal 0 0 -1
    outer loop
      vertex -94 65.34807620942593 0
      vertex -93.64805030077696 65.52163859456778 0
      vertex 92.89157857745886 65.72433458268642 0
    endloop
  endfacet
  facet normal 0 0 -1
    outer loop
      vertex -93.64805030077696 65.52163859456778 0
      vertex -93.27645713835955 65.64777747541666 0
      vertex 92.5 65.75 0
    endloop
  endfacet
  facet normal 0 0 -1
    outer loop
      vertex -93.27645713835955 65.64777747541666 0
      vertex -92.5 65.75 0
      vertex 92.5 65.75 0
    endloop
  endfacet
  facet normal 0 0 -1
    outer loop
      vertex 95.39777747541666 63.52645713835955 0
      vertex -90.5 59.5 0
      vertex -90.33684225972493 59.51069392328274 0
    endloop
  endfacet
  facet normal 0 0 -1
    outer loop
      vertex 95.39777747541666 63.52645713835955 0
      vertex -90.33684225972493 59.51069392328274 0
      vertex -90.17647619362185 59.54259271713867 0
    endloop
  endfacet
  facet normal 0 0 -1
    outer loop
      vertex 95.39777747541666 63.52645713835955 0
      vertex -90.17647619362185 59.54259271713867 0
      vertex -90.02164570954363 59.595150584360894 0
    endloop
  endfacet
  facet normal 0 0 -1
    outer loop
      vertex 95.39777747541666 63.52645713835955 0
      vertex -90.02164570954363 59.595150584360894 0
      vertex -89.875 59.667468245269454 0
    endloop
  endfacet
  facet normal 0 0 -1
    outer loop
      vertex 95.39777747541666 63.52645713835955 0
      vertex -89.875 59.667468245269454 0
      vertex -89.7390482137391 59.758308324635955 0
    endloop
  endfacet
  facet normal 0 0 -1
    outer loop
      vertex 95.39777747541666 63.52645713835955 0
      vertex -89.7390482137391 59.758308324635955 0
      vertex -89.61611652351681 59.866116523516816 0
    endloop
  endfacet
  facet normal 0 0 -1
    outer loop
      vertex 95.39777747541666 63.52645713835955 0
      vertex -89.61611652351681 59.866116523516816 0
      vertex -89.50830832463596 59.989048213739096 0
    endloop
  endfacet
  facet normal 0 0 -1
    outer loop
      vertex 95.39777747541666 63.52645713835955 0
      vertex -89.50830832463596 59.989048213739096 0
      vertex -89.41746824526945 60.125 0
    endloop
  endfacet
  facet normal 0 0 -1
    outer loop
      vertex 95.39777747541666 63.52645713835955 0
      vertex -89.41746824526945 60.125 0
      vertex -89.3451505843609 60.27164570954364 0
    endloop
  endfacet
  facet normal 0 0 -1
    outer loop
      vertex 95.39777747541666 63.52645713835955 0
      vertex -89.3451505843609 60.27164570954364 0
      vertex -89.29259271713866 60.42647619362185 0
    endloop
  endfacet
  facet normal 0 0 -1
    outer loop
      vertex 95.39777747541666 63.52645713835955 0
      vertex -89.29259271713866 60.42647619362185 0
      vertex -89.26069392328273 60.58684225972493 0
    endloop
  endfacet
  facet normal 0 0 -1
    outer loop
      vertex 95.39777747541666 63.52645713835955 0
      vertex -89.26069392328273 60.58684225972493 0
      vertex -89.25 60.75 0
    endloop
  endfacet
  facet normal 0 0 -1
    outer loop
      vertex 95.39777747541666 63.52645713835955 0
      vertex -90.17647619362185 61.95740728286133 0
      vertex -90.33684225972493 61.98930607671726 0
    endloop
  endfacet
  facet normal 0 0 -1
    outer loop
      vertex 95.39777747541666 63.52645713835955 0
      vertex -90.33684225972493 61.98930607671726 0
      vertex -90.5 62 0
    endloop
  endfacet
  facet normal 0 0 -1
    outer loop
      vertex 95.39777747541666 63.52645713835955 0
      vertex -89.25 60.75 0
      vertex -89.26069392328273 60.91315774027507 0
    endloop
  endfacet
  facet normal 0 0 -1
    outer loop
      vertex 95.39777747541666 63.52645713835955 0
      vertex -89.26069392328273 60.91315774027507 0
      vertex -89.29259271713866 61.07352380637815 0
    endloop
  endfacet
  facet normal 0 0 -1
    outer loop
      vertex 95.39777747541666 63.52645713835955 0
      vertex -89.29259271713866 61.07352380637815 0
      vertex -89.3451505843609 61.22835429045636 0
    endloop
  endfacet
  facet normal 0 0 -1
    outer loop
      vertex 95.39777747541666 63.52645713835955 0
      vertex -89.41746824526945 61.375 0
      vertex -89.50830832463596 61.510951786260904 0
    endloop
  endfacet
  facet normal 0 0 -1
    outer loop
      vertex 95.39777747541666 63.52645713835955 0
      vertex -89.3451505843609 61.22835429045636 0
      vertex -89.41746824526945 61.375 0
    endloop
  endfacet
  facet normal 0 0 -1
    outer loop
      vertex 95.39777747541666 63.52645713835955 0
      vertex -89.875 61.832531754730546 0
      vertex -90.02164570954363 61.904849415639106 0
    endloop
  endfacet
  facet normal 0 0 -1
    outer loop
      vertex 95.39777747541666 63.52645713835955 0
      vertex -90.02164570954363 61.904849415639106 0
      vertex -90.17647619362185 61.95740728286133 0
    endloop
  endfacet
  facet normal 0 0 -1
    outer loop
      vertex 95.39777747541666 63.52645713835955 0
      vertex -89.61611652351681 61.633883476483184 0
      vertex -89.7390482137391 61.741691675364045 0
    endloop
  endfacet
  facet normal 0 0 -1
    outer loop
      vertex 95.39777747541666 63.52645713835955 0
      vertex -89.7390482137391 61.741691675364045 0
      vertex -89.875 61.832531754730546 0
    endloop
  endfacet
  facet normal 0 0 -1
    outer loop
      vertex 95.39777747541666 63.52645713835955 0
      vertex -89.50830832463596 61.510951786260904 0
      vertex -89.61611652351681 61.633883476483184 0
    endloop
  endfacet
  facet normal 0 -1 0
    outer loop
      vertex -92.5 55.75 0
      vertex 92.5 55.75 0
      vertex -92.5 55.75 6
    endloop
  endfacet
  facet normal -0.6593458207943228 -0.7518398024852507 0
    outer loop
      vertex -94.32628428936005 56.3699399754405 0
      vertex -94.32628428936005 56.3699399754405 6
      vertex -94.6213203445077 56.628679655492306 6
    endloop
  endfacet
  facet normal -0.5555702203832522 -0.8314696207458843 0
    outer loop
      vertex -94 56.151923790574074 0
      vertex -94 56.151923790574074 6
      vertex -94.32628428936005 56.3699399754405 6
    endloop
  endfacet
  facet normal -0.8314696207458843 -0.5555702203832522 0
    outer loop
      vertex -94.8800600245595 56.923715710639954 0
      vertex -94.8800600245595 56.923715710639954 6
      vertex -95.09807620942593 57.25 6
    endloop
  endfacet
  facet normal -0.8968727407473451 -0.4422886918115197 0
    outer loop
      vertex -95.09807620942593 57.25 0
      vertex -95.09807620942593 57.25 6
      vertex -95.27163859456778 57.60194969922304 6
    endloop
  endfacet
  facet normal -0.7518398024852507 -0.6593458207943228 0
    outer loop
      vertex -94.6213203445077 56.628679655492306 0
      vertex -94.6213203445077 56.628679655492306 6
      vertex -94.8800600245595 56.923715710639954 6
    endloop
  endfacet
  facet normal -0.4422886918115197 -0.8968727407473451 0
    outer loop
      vertex -93.64805030077696 55.978361405432224 0
      vertex -93.64805030077696 55.978361405432224 6
      vertex -94 56.151923790574074 6
    endloop
  endfacet
  facet normal -0.3214394637077385 -0.9469301300366789 0
    outer loop
      vertex -93.27645713835955 55.85222252458334 0
      vertex -93.27645713835955 55.85222252458334 6
      vertex -93.64805030077696 55.978361405432224 6
    endloop
  endfacet
  facet normal -0.19509032585814412 -0.9807852796390061 0
    outer loop
      vertex -92.89157857745886 55.775665417313576 0
      vertex -92.89157857745886 55.775665417313576 6
      vertex -93.27645713835955 55.85222252458334 6
    endloop
  endfacet
  facet normal -0.06540313273849395 -0.9978589230086541 0
    outer loop
      vertex -92.5 55.75 0
      vertex -92.5 55.75 6
      vertex -92.89157857745886 55.775665417313576 6
    endloop
  endfacet
  facet normal -0.9469301300366789 -0.3214394637077385 0
    outer loop
      vertex -95.27163859456778 57.60194969922304 0
      vertex -95.27163859456778 57.60194969922304 6
      vertex -95.39777747541666 57.97354286164045 6
    endloop
  endfacet
  facet normal -0.9807852796390061 -0.19509032585814412 0
    outer loop
      vertex -95.39777747541666 57.97354286164045 0
      vertex -95.39777747541666 57.97354286164045 6
      vertex -95.47433458268642 58.35842142254114 6
    endloop
  endfacet
  facet normal -0.9978589230086541 -0.06540313273849395 0
    outer loop
      vertex -95.47433458268642 58.35842142254114 0
      vertex -95.47433458268642 58.35842142254114 6
      vertex -95.5 58.75 6
    endloop
  endfacet
  facet normal -1 0 0
    outer loop
      vertex -95.5 58.75 0
      vertex -95.5 58.75 6
      vertex -95.5 62.75 6
    endloop
  endfacet
  facet normal -0.9978589230086541 0.06540313273849395 0
    outer loop
      vertex -95.5 62.75 0
      vertex -95.5 62.75 6
      vertex -95.47433458268642 63.14157857745886 6
    endloop
  endfacet
  facet normal -0.9807852796390061 0.19509032585814412 0
    outer loop
      vertex -95.47433458268642 63.14157857745886 0
      vertex -95.47433458268642 63.14157857745886 6
      vertex -95.39777747541666 63.52645713835955 6
    endloop
  endfacet
  facet normal -0.9469301300366789 0.3214394637077385 0
    outer loop
      vertex -95.39777747541666 63.52645713835955 0
      vertex -95.39777747541666 63.52645713835955 6
      vertex -95.27163859456778 63.89805030077696 6
    endloop
  endfacet
  facet normal -0.8968727407473451 0.4422886918115197 0
    outer loop
      vertex -95.27163859456778 63.89805030077696 0
      vertex -95.27163859456778 63.89805030077696 6
      vertex -95.09807620942593 64.25 6
    endloop
  endfacet
  facet normal -0.8314696207458843 0.5555702203832522 0
    outer loop
      vertex -95.09807620942593 64.25 0
      vertex -95.09807620942593 64.25 6
      vertex -94.8800600245595 64.57628428936005 6
    endloop
  endfacet
  facet normal -0.7518398024852507 0.6593458207943228 0
    outer loop
      vertex -94.8800600245595 64.57628428936005 0
      vertex -94.8800600245595 64.57628428936005 6
      vertex -94.6213203445077 64.8713203445077 6
    endloop
  endfacet
  facet normal -0.6593458207943228 0.7518398024852507 0
    outer loop
      vertex -94.6213203445077 64.8713203445077 0
      vertex -94.6213203445077 64.8713203445077 6
      vertex -94.32628428936005 65.1300600245595 6
    endloop
  endfacet
  facet normal -0.5555702203832522 0.8314696207458843 0
    outer loop
      vertex -94.32628428936005 65.1300600245595 0
      vertex -94.32628428936005 65.1300600245595 6
      vertex -94 65.34807620942593 6
    endloop
  endfacet
  facet normal -0.4422886918115197 0.8968727407473451 0
    outer loop
      vertex -94 65.34807620942593 0
      vertex -94 65.34807620942593 6
      vertex -93.64805030077696 65.52163859456778 6
    endloop
  endfacet
  facet normal -0.3214394637077385 0.9469301300366789 0
    outer loop
      vertex -93.64805030077696 65.52163859456778 0
      vertex -93.64805030077696 65.52163859456778 6
      vertex -93.27645713835955 65.64777747541666 6
    endloop
  endfacet
  facet normal -0.19509032585814412 0.9807852796390061 0
    outer loop
      vertex -93.27645713835955 65.64777747541666 0
      vertex -93.27645713835955 65.64777747541666 6
      vertex -92.89157857745886 65.72433458268642 6
    endloop
  endfacet
  facet normal -0.06540313273849395 0.9978589230086541 0
    outer loop
      vertex -92.89157857745886 65.72433458268642 0
      vertex -92.89157857745886 65.72433458268642 6
      vertex -92.5 65.75 6
    endloop
  endfacet
  facet normal 0 0 1
    outer loop
      vertex -95.47433458268642 58.35842142254114 6
      vertex -91.89412110275346 58.933146006078324 6
      vertex -95.5 58.75 6
    endloop
  endfacet
  facet normal 0 0 1
    outer loop
      vertex -95.39777747541666 57.97354286164045 6
      vertex -90.79891729397563 58.479497734919875 6
      vertex -95.47433458268642 58.35842142254114 6
    endloop
  endfacet
  facet normal 0 0 1
    outer loop
      vertex -95.47433458268642 58.35842142254114 6
      vertex -91.64504716981132 58.76672012482385 6
      vertex -91.89412110275346 58.933146006078324 6
    endloop
  endfacet
  facet normal 0 0 1
    outer loop
      vertex -95.47433458268642 58.35842142254114 6
      vertex -91.37638116232667 58.63422871210269 6
      vertex -91.64504716981132 58.76672012482385 6
    endloop
  endfacet
  facet normal 0 0 1
    outer loop
      vertex -95.47433458268642 58.35842142254114 6
      vertex -91.09272003017581 58.537938732720086 6
      vertex -91.37638116232667 58.63422871210269 6
    endloop
  endfacet
  facet normal 0 0 1
    outer loop
      vertex -95.5 58.75 6
      vertex -92.1193412371041 59.1306587628959 6
      vertex -92.31685399392167 59.355878897246534 6
    endloop
  endfacet
  facet normal 0 0 1
    outer loop
      vertex -95.5 58.75 6
      vertex -92.48327987517615 59.60495283018868 6
      vertex -92.6157712878973 59.87361883767335 6
    endloop
  endfacet
  facet normal 0 0 1
    outer loop
      vertex -95.5 58.75 6
      vertex -92.31685399392167 59.355878897246534 6
      vertex -92.48327987517615 59.60495283018868 6
    endloop
  endfacet
  facet normal 0 0 1
    outer loop
      vertex -95.5 58.75 6
      vertex -92.6157712878973 59.87361883767335 6
      vertex -92.71206126727992 60.15727996982418 6
    endloop
  endfacet
  facet normal 0 0 1
    outer loop
      vertex -95.5 58.75 6
      vertex -91.89412110275346 58.933146006078324 6
      vertex -92.1193412371041 59.1306587628959 6
    endloop
  endfacet
  facet normal 0 0 1
    outer loop
      vertex -95.5 58.75 6
      vertex -92.77050226508011 60.451082706024366 6
      vertex -95.5 62.75 6
    endloop
  endfacet
  facet normal 0 0 1
    outer loop
      vertex -95.5 58.75 6
      vertex -92.71206126727992 60.15727996982418 6
      vertex -92.77050226508011 60.451082706024366 6
    endloop
  endfacet
  facet normal 0 0 1
    outer loop
      vertex -95.5 62.75 6
      vertex -92.77050226508011 60.451082706024366 6
      vertex -92.79009433962264 60.75 6
    endloop
  endfacet
  facet normal 0 0 1
    outer loop
      vertex -95.5 62.75 6
      vertex -92.79009433962264 60.75 6
      vertex -92.77050226508011 61.048917293975634 6
    endloop
  endfacet
  facet normal 0 0 1
    outer loop
      vertex -95.5 62.75 6
      vertex -92.77050226508011 61.048917293975634 6
      vertex -92.71206126727992 61.34272003017582 6
    endloop
  endfacet
  facet normal 0 0 1
    outer loop
      vertex -95.39777747541666 57.97354286164045 6
      vertex -90.5 58.45990566037736 6
      vertex -90.79891729397563 58.479497734919875 6
    endloop
  endfacet
  facet normal 0 0 1
    outer loop
      vertex -95.47433458268642 58.35842142254114 6
      vertex -90.79891729397563 58.479497734919875 6
      vertex -91.09272003017581 58.537938732720086 6
    endloop
  endfacet
  facet normal 0 0 1
    outer loop
      vertex -95.39777747541666 57.97354286164045 6
      vertex -90.20108270602437 58.47949773491988 6
      vertex -90.5 58.45990566037736 6
    endloop
  endfacet
  facet normal 0 0 1
    outer loop
      vertex -95.5 62.75 6
      vertex -91.37638116232667 62.86577128789731 6
      vertex -95.47433458268642 63.14157857745886 6
    endloop
  endfacet
  facet normal 0 0 1
    outer loop
      vertex -95.5 62.75 6
      vertex -92.71206126727992 61.34272003017582 6
      vertex -92.6157712878973 61.62638116232665 6
    endloop
  endfacet
  facet normal 0 0 1
    outer loop
      vertex -95.5 62.75 6
      vertex -92.6157712878973 61.62638116232665 6
      vertex -92.48327987517615 61.89504716981132 6
    endloop
  endfacet
  facet normal 0 0 1
    outer loop
      vertex -95.5 62.75 6
      vertex -92.48327987517615 61.89504716981132 6
      vertex -92.31685399392167 62.144121102753466 6
    endloop
  endfacet
  facet normal 0 0 1
    outer loop
      vertex -95.5 62.75 6
      vertex -92.31685399392167 62.144121102753466 6
      vertex -92.1193412371041 62.3693412371041 6
    endloop
  endfacet
  facet normal 0 0 1
    outer loop
      vertex -95.5 62.75 6
      vertex -92.1193412371041 62.3693412371041 6
      vertex -91.89412110275346 62.566853993921676 6
    endloop
  endfacet
  facet normal 0 0 1
    outer loop
      vertex -95.5 62.75 6
      vertex -91.89412110275346 62.566853993921676 6
      vertex -91.64504716981132 62.73327987517615 6
    endloop
  endfacet
  facet normal 0 0 1
    outer loop
      vertex -95.5 62.75 6
      vertex -91.64504716981132 62.73327987517615 6
      vertex -91.37638116232667 62.86577128789731 6
    endloop
  endfacet
  facet normal 0 0 1
    outer loop
      vertex -95.47433458268642 63.14157857745886 6
      vertex -91.37638116232667 62.86577128789731 6
      vertex -91.09272003017581 62.962061267279914 6
    endloop
  endfacet
  facet normal 0 0 1
    outer loop
      vertex -93.27645713835955 65.64777747541666 6
      vertex -92.5 65.75 6
      vertex -92.89157857745886 65.72433458268642 6
    endloop
  endfacet
  facet normal 0 0 1
    outer loop
      vertex -95.47433458268642 63.14157857745886 6
      vertex -91.09272003017581 62.962061267279914 6
      vertex -90.79891729397563 63.02050226508012 6
    endloop
  endfacet
  facet normal 0 0 1
    outer loop
      vertex -95.47433458268642 63.14157857745886 6
      vertex -90.79891729397563 63.02050226508012 6
      vertex -90.5 63.04009433962264 6
    endloop
  endfacet
  facet normal 0 0 1
    outer loop
      vertex -95.39777747541666 57.97354286164045 6
      vertex -16.82401800626211 60.20211471389215 6
      vertex -90.20108270602437 58.47949773491988 6
    endloop
  endfacet
  facet normal 0 0 1
    outer loop
      vertex -90.20108270602437 58.47949773491988 6
      vertex -16.94149157926016 60.40558491087142 6
      vertex -89.90727996982419 58.537938732720086 6
    endloop
  endfacet
  facet normal 0 0 1
    outer loop
      vertex -16.94149157926016 60.40558491087142 6
      vertex -89.62361883767333 58.63422871210269 6
      vertex -89.90727996982419 58.537938732720086 6
    endloop
  endfacet
  facet normal 0 0 1
    outer loop
      vertex -16.94149157926016 60.40558491087142 6
      vertex -89.35495283018868 58.76672012482385 6
      vertex -89.62361883767333 58.63422871210269 6
    endloop
  endfacet
  facet normal 0 0 1
    outer loop
      vertex -89.35495283018868 58.76672012482385 6
      vertex -17.009999999999998 60.75 6
      vertex -89.10587889724654 58.933146006078324 6
    endloop
  endfacet
  facet normal 0 0 1
    outer loop
      vertex -17.009999999999998 60.75 6
      vertex -88.8806587628959 59.1306587628959 6
      vertex -89.10587889724654 58.933146006078324 6
    endloop
  endfacet
  facet normal 0 0 1
    outer loop
      vertex -17.009999999999998 60.75 6
      vertex -88.68314600607833 59.355878897246534 6
      vertex -88.8806587628959 59.1306587628959 6
    endloop
  endfacet
  facet normal 0 0 1
    outer loop
      vertex -17.009999999999998 60.75 6
      vertex -88.51672012482385 59.60495283018868 6
      vertex -88.68314600607833 59.355878897246534 6
    endloop
  endfacet
  facet normal 0 0 1
    outer loop
      vertex -17.009999999999998 60.75 6
      vertex -88.3842287121027 59.87361883767335 6
      vertex -88.51672012482385 59.60495283018868 6
    endloop
  endfacet
  facet normal 0 0 1
    outer loop
      vertex -17.009999999999998 60.75 6
      vertex -88.28793873272008 60.15727996982418 6
      vertex -88.3842287121027 59.87361883767335 6
    endloop
  endfacet
  facet normal 0 0 1
    outer loop
      vertex -17.009999999999998 60.75 6
      vertex -88.22949773491989 60.451082706024366 6
      vertex -88.28793873272008 60.15727996982418 6
    endloop
  endfacet
  facet normal 0 0 1
    outer loop
      vertex -88.20990566037736 60.75 6
      vertex -88.22949773491989 60.451082706024366 6
      vertex -17.009999999999998 60.75 6
    endloop
  endfacet
  facet normal 0 0 1
    outer loop
      vertex -88.20990566037736 60.75 6
      vertex -17.00230037523643 60.867473572998044 6
      vertex -88.22949773491989 61.048917293975634 6
    endloop
  endfacet
  facet normal 0 0 1
    outer loop
      vertex -88.28793873272008 61.34272003017582 6
      vertex -88.22949773491989 61.048917293975634 6
      vertex -16.97933324366016 60.98293714059227 6
    endloop
  endfacet
  facet normal 0 0 1
    outer loop
      vertex -88.3842287121027 61.62638116232665 6
      vertex -88.28793873272008 61.34272003017582 6
      vertex -16.94149157926016 61.09441508912858 6
    endloop
  endfacet
  facet normal 0 0 1
    outer loop
      vertex -88.51672012482385 61.89504716981132 6
      vertex -88.3842287121027 61.62638116232665 6
      vertex -16.889422863405994 61.2 6
    endloop
  endfacet
  facet normal 0 0 1
    outer loop
      vertex -89.35495283018868 62.73327987517615 6
      vertex -89.10587889724654 62.566853993921676 6
      vertex -16.56 61.529422863406 6
    endloop
  endfacet
  facet normal 0 0 1
    outer loop
      vertex -88.8806587628959 62.3693412371041 6
      vertex -88.68314600607833 62.144121102753466 6
      vertex -16.74639610306789 61.386396103067895 6
    endloop
  endfacet
  facet normal 0 0 1
    outer loop
      vertex -88.68314600607833 62.144121102753466 6
      vertex -88.51672012482385 61.89504716981132 6
      vertex -16.82401800626211 61.29788528610785 6
    endloop
  endfacet
  facet normal 0 0 1
    outer loop
      vertex -89.10587889724654 62.566853993921676 6
      vertex -88.8806587628959 62.3693412371041 6
      vertex -16.65788528610785 61.46401800626211 6
    endloop
  endfacet
  facet normal 0 1 0
    outer loop
      vertex -92.5 65.75 0
      vertex -92.5 65.75 6
      vertex 92.5 65.75 6
    endloop
  endfacet
  facet normal 0 0 1
    outer loop
      vertex -95.39777747541666 57.97354286164045 6
      vertex -16.65788528610785 60.03598199373789 6
      vertex -16.74639610306789 60.113603896932105 6
    endloop
  endfacet
  facet normal 0 0 1
    outer loop
      vertex -95.39777747541666 57.97354286164045 6
      vertex -16.74639610306789 60.113603896932105 6
      vertex -16.82401800626211 60.20211471389215 6
    endloop
  endfacet
  facet normal 0 0 1
    outer loop
      vertex -95.39777747541666 57.97354286164045 6
      vertex -16.34293714059227 59.880666756339835 6
      vertex -16.45441508912858 59.91850842073984 6
    endloop
  endfacet
  facet normal 0 0 1
    outer loop
      vertex -95.39777747541666 57.97354286164045 6
      vertex -16.45441508912858 59.91850842073984 6
      vertex -16.56 59.970577136594 6
    endloop
  endfacet
  facet normal 0 0 1
    outer loop
      vertex -95.39777747541666 57.97354286164045 6
      vertex -16.56 59.970577136594 6
      vertex -16.65788528610785 60.03598199373789 6
    endloop
  endfacet
  facet normal 0 0 1
    outer loop
      vertex -95.39777747541666 57.97354286164045 6
      vertex -16.11 59.85 6
      vertex -16.227473572998047 59.85769962476357 6
    endloop
  endfacet
  facet normal 0 0 1
    outer loop
      vertex -95.39777747541666 57.97354286164045 6
      vertex -16.227473572998047 59.85769962476357 6
      vertex -16.34293714059227 59.880666756339835 6
    endloop
  endfacet
  facet normal 0 0 1
    outer loop
      vertex -90.20108270602437 58.47949773491988 6
      vertex -16.82401800626211 60.20211471389215 6
      vertex -16.889422863405994 60.3 6
    endloop
  endfacet
  facet normal 0 0 1
    outer loop
      vertex -90.20108270602437 58.47949773491988 6
      vertex -16.889422863405994 60.3 6
      vertex -16.94149157926016 60.40558491087142 6
    endloop
  endfacet
  facet normal 0 0 1
    outer loop
      vertex -89.35495283018868 58.76672012482385 6
      vertex -16.94149157926016 60.40558491087142 6
      vertex -16.97933324366016 60.51706285940773 6
    endloop
  endfacet
  facet normal 0 0 1
    outer loop
      vertex -89.35495283018868 58.76672012482385 6
      vertex -16.97933324366016 60.51706285940773 6
      vertex -17.00230037523643 60.632526427001956 6
    endloop
  endfacet
  facet normal 0 0 1
    outer loop
      vertex -89.35495283018868 58.76672012482385 6
      vertex -17.00230037523643 60.632526427001956 6
      vertex -17.009999999999998 60.75 6
    endloop
  endfacet
  facet normal 0 0 1
    outer loop
      vertex -88.20990566037736 60.75 6
      vertex -17.009999999999998 60.75 6
      vertex -17.00230037523643 60.867473572998044 6
    endloop
  endfacet
  facet normal 0 0 1
    outer loop
      vertex -88.22949773491989 61.048917293975634 6
      vertex -17.00230037523643 60.867473572998044 6
      vertex -16.97933324366016 60.98293714059227 6
    endloop
  endfacet
  facet normal 0 0 1
    outer loop
      vertex -88.28793873272008 61.34272003017582 6
      vertex -16.97933324366016 60.98293714059227 6
      vertex -16.94149157926016 61.09441508912858 6
    endloop
  endfacet
  facet normal 0 0 1
    outer loop
      vertex -88.3842287121027 61.62638116232665 6
      vertex -16.94149157926016 61.09441508912858 6
      vertex -16.889422863405994 61.2 6
    endloop
  endfacet
  facet normal 0 0 1
    outer loop
      vertex -88.51672012482385 61.89504716981132 6
      vertex -16.889422863405994 61.2 6
      vertex -16.82401800626211 61.29788528610785 6
    endloop
  endfacet
  facet normal 0 0 1
    outer loop
      vertex -88.68314600607833 62.144121102753466 6
      vertex -16.82401800626211 61.29788528610785 6
      vertex -16.74639610306789 61.386396103067895 6
    endloop
  endfacet
  facet normal 0 0 1
    outer loop
      vertex -88.8806587628959 62.3693412371041 6
      vertex -16.74639610306789 61.386396103067895 6
      vertex -16.65788528610785 61.46401800626211 6
    endloop
  endfacet
  facet normal 0 0 1
    outer loop
      vertex -89.10587889724654 62.566853993921676 6
      vertex -16.65788528610785 61.46401800626211 6
      vertex -16.56 61.529422863406 6
    endloop
  endfacet
  facet normal 0 0 1
    outer loop
      vertex -89.35495283018868 62.73327987517615 6
      vertex -16.56 61.529422863406 6
      vertex -16.45441508912858 61.58149157926016 6
    endloop
  endfacet
  facet normal 0 0 1
    outer loop
      vertex -89.35495283018868 62.73327987517615 6
      vertex -16.45441508912858 61.58149157926016 6
      vertex -16.34293714059227 61.619333243660165 6
    endloop
  endfacet
  facet normal 0 0 1
    outer loop
      vertex -89.35495283018868 62.73327987517615 6
      vertex -16.34293714059227 61.619333243660165 6
      vertex -16.227473572998047 61.64230037523643 6
    endloop
  endfacet
  facet normal 0 0 1
    outer loop
      vertex -89.35495283018868 62.73327987517615 6
      vertex -16.227473572998047 61.64230037523643 6
      vertex -16.11 61.65 6
    endloop
  endfacet
  facet normal 0 0 1
    outer loop
      vertex -94.6213203445077 56.628679655492306 6
      vertex 95.27163859456778 57.60194969922304 6
      vertex -94.8800600245595 56.923715710639954 6
    endloop
  endfacet
  facet normal 0 0 1
    outer loop
      vertex -94.8800600245595 56.923715710639954 6
      vertex 95.39777747541666 57.97354286164045 6
      vertex -95.09807620942593 57.25 6
    endloop
  endfacet
  facet normal 0 0 1
    outer loop
      vertex -93.27645713835955 55.85222252458334 6
      vertex 94.32628428936005 56.3699399754405 6
      vertex -93.64805030077696 55.978361405432224 6
    endloop
  endfacet
  facet normal 0 0 1
    outer loop
      vertex -92.89157857745886 55.775665417313576 6
      vertex 94 56.151923790574074 6
      vertex -93.27645713835955 55.85222252458334 6
    endloop
  endfacet
  facet normal 0 0 1
    outer loop
      vertex -93.64805030077696 55.978361405432224 6
      vertex 94.6213203445077 56.628679655492306 6
      vertex -94 56.151923790574074 6
    endloop
  endfacet
  facet normal 0 0 1
    outer loop
      vertex -94 56.151923790574074 6
      vertex 94.8800600245595 56.923715710639954 6
      vertex -94.32628428936005 56.3699399754405 6
    endloop
  endfacet
  facet normal 0 0 1
    outer loop
      vertex -92.89157857745886 55.775665417313576 6
      vertex -92.5 55.75 6
      vertex 93.64805030077696 55.978361405432224 6
    endloop
  endfacet
  facet normal 0 0 1
    outer loop
      vertex -94.32628428936005 56.3699399754405 6
      vertex 95.09807620942593 57.25 6
      vertex -94.6213203445077 56.628679655492306 6
    endloop
  endfacet
  facet normal 0 0 1
    outer loop
      vertex -95.27163859456778 57.60194969922304 6
      vertex 89.35495283018868 58.76672012482385 6
      vertex -95.39777747541666 57.97354286164045 6
    endloop
  endfacet
  facet normal 0 0 1
    outer loop
      vertex -95.09807620942593 57.25 6
      vertex 95.47433458268642 58.35842142254114 6
      vertex -95.27163859456778 57.60194969922304 6
    endloop
  endfacet
  facet normal 0 0 1
    outer loop
      vertex -95.47433458268642 63.14157857745886 6
      vertex 95.09807620942593 64.25 6
      vertex -95.39777747541666 63.52645713835955 6
    endloop
  endfacet
  facet normal 0 0 1
    outer loop
      vertex -95.47433458268642 63.14157857745886 6
      vertex -90.5 63.04009433962264 6
      vertex 95.27163859456778 63.89805030077696 6
    endloop
  endfacet
  facet normal 0 0 1
    outer loop
      vertex -95.39777747541666 63.52645713835955 6
      vertex 94.8800600245595 64.57628428936005 6
      vertex -95.27163859456778 63.89805030077696 6
    endloop
  endfacet
  facet normal 0 0 1
    outer loop
      vertex -95.27163859456778 63.89805030077696 6
      vertex 94.6213203445077 64.8713203445077 6
      vertex -95.09807620942593 64.25 6
    endloop
  endfacet
  facet normal 0 0 1
    outer loop
      vertex -95.09807620942593 64.25 6
      vertex 94.32628428936005 65.1300600245595 6
      vertex -94.8800600245595 64.57628428936005 6
    endloop
  endfacet
  facet normal 0 0 1
    outer loop
      vertex -94.8800600245595 64.57628428936005 6
      vertex 94 65.34807620942593 6
      vertex -94.6213203445077 64.8713203445077 6
    endloop
  endfacet
  facet normal 0 0 1
    outer loop
      vertex -94.6213203445077 64.8713203445077 6
      vertex 93.64805030077696 65.52163859456778 6
      vertex -94.32628428936005 65.1300600245595 6
    endloop
  endfacet
  facet normal 0 0 1
    outer loop
      vertex -94.32628428936005 65.1300600245595 6
      vertex 93.27645713835955 65.64777747541666 6
      vertex -94 65.34807620942593 6
    endloop
  endfacet
  facet normal 0 0 1
    outer loop
      vertex -94 65.34807620942593 6
      vertex 92.89157857745886 65.72433458268642 6
      vertex -93.64805030077696 65.52163859456778 6
    endloop
  endfacet
  facet normal 0 0 1
    outer loop
      vertex -93.64805030077696 65.52163859456778 6
      vertex 92.5 65.75 6
      vertex -93.27645713835955 65.64777747541666 6
    endloop
  endfacet
  facet normal 0 0 1
    outer loop
      vertex -93.27645713835955 65.64777747541666 6
      vertex 92.5 65.75 6
      vertex -92.5 65.75 6
    endloop
  endfacet
  facet normal 0 0 1
    outer loop
      vertex -89.35495283018868 62.73327987517615 6
      vertex -16.11 61.65 6
      vertex 15.992526427001954 61.64230037523643 6
    endloop
  endfacet
  facet normal 0 0 1
    outer loop
      vertex 95.27163859456778 63.89805030077696 6
      vertex -90.5 63.04009433962264 6
      vertex -90.20108270602437 63.02050226508012 6
    endloop
  endfacet
  facet normal 0 0 1
    outer loop
      vertex 95.27163859456778 63.89805030077696 6
      vertex -89.62361883767333 62.86577128789731 6
      vertex -89.35495283018868 62.73327987517615 6
    endloop
  endfacet
  facet normal 0 0 1
    outer loop
      vertex 95.27163859456778 63.89805030077696 6
      vertex -90.20108270602437 63.02050226508012 6
      vertex -89.90727996982419 62.962061267279914 6
    endloop
  endfacet
  facet normal 0 0 1
    outer loop
      vertex 95.27163859456778 63.89805030077696 6
      vertex -89.90727996982419 62.962061267279914 6
      vertex -89.62361883767333 62.86577128789731 6
    endloop
  endfacet
  facet normal 0 0 1
    outer loop
      vertex -89.35495283018868 62.73327987517615 6
      vertex 15.992526427001954 61.64230037523643 6
      vertex 16.11 61.65 6
    endloop
  endfacet
  facet normal 0 0 1
    outer loop
      vertex -95.39777747541666 57.97354286164045 6
      vertex 89.35495283018868 58.76672012482385 6
      vertex -16.11 59.85 6
    endloop
  endfacet
  facet normal 0 0 1
    outer loop
      vertex -15.877062859407731 59.880666756339835 6
      vertex -15.992526427001954 59.85769962476357 6
      vertex 15.877062859407731 59.880666756339835 6
    endloop
  endfacet
  facet normal 0 0 1
    outer loop
      vertex -15.765584910871418 59.91850842073984 6
      vertex -15.877062859407731 59.880666756339835 6
      vertex 15.765584910871418 59.91850842073984 6
    endloop
  endfacet
  facet normal 0 0 1
    outer loop
      vertex -15.765584910871418 59.91850842073984 6
      vertex 15.209999999999999 60.75 6
      vertex -15.66 59.970577136594 6
    endloop
  endfacet
  facet normal 0 0 1
    outer loop
      vertex 15.209999999999999 60.75 6
      vertex -15.56211471389215 60.03598199373789 6
      vertex -15.66 59.970577136594 6
    endloop
  endfacet
  facet normal 0 0 1
    outer loop
      vertex 15.209999999999999 60.75 6
      vertex -15.473603896932106 60.113603896932105 6
      vertex -15.56211471389215 60.03598199373789 6
    endloop
  endfacet
  facet normal 0 0 1
    outer loop
      vertex -15.473603896932106 60.113603896932105 6
      vertex 15.240666756339838 60.98293714059227 6
      vertex -15.395981993737887 60.20211471389215 6
    endloop
  endfacet
  facet normal 0 0 1
    outer loop
      vertex 15.240666756339838 60.98293714059227 6
      vertex -15.330577136594005 60.3 6
      vertex -15.395981993737887 60.20211471389215 6
    endloop
  endfacet
  facet normal 0 0 1
    outer loop
      vertex -15.330577136594005 60.3 6
      vertex 15.330577136594005 61.2 6
      vertex -15.278508420739842 60.40558491087142 6
    endloop
  endfacet
  facet normal 0 0 1
    outer loop
      vertex 15.330577136594005 61.2 6
      vertex -15.240666756339838 60.51706285940773 6
      vertex -15.278508420739842 60.40558491087142 6
    endloop
  endfacet
  facet normal 0 0 1
    outer loop
      vertex -15.877062859407731 61.619333243660165 6
      vertex -15.765584910871418 61.58149157926016 6
      vertex 15.877062859407731 61.619333243660165 6
    endloop
  endfacet
  facet normal 0 0 1
    outer loop
      vertex -15.992526427001954 61.64230037523643 6
      vertex -15.877062859407731 61.619333243660165 6
      vertex 15.992526427001954 61.64230037523643 6
    endloop
  endfacet
  facet normal 0 0 1
    outer loop
      vertex -16.11 61.65 6
      vertex -15.992526427001954 61.64230037523643 6
      vertex 15.992526427001954 61.64230037523643 6
    endloop
  endfacet
  facet normal 0 0 1
    outer loop
      vertex -15.240666756339838 60.51706285940773 6
      vertex 15.473603896932106 61.386396103067895 6
      vertex -15.21769962476357 60.632526427001956 6
    endloop
  endfacet
  facet normal 0 0 1
    outer loop
      vertex 15.473603896932106 61.386396103067895 6
      vertex -15.209999999999999 60.75 6
      vertex -15.21769962476357 60.632526427001956 6
    endloop
  endfacet
  facet normal 0 0 1
    outer loop
      vertex 15.765584910871418 61.58149157926016 6
      vertex -15.21769962476357 60.867473572998044 6
      vertex -15.209999999999999 60.75 6
    endloop
  endfacet
  facet normal 0 0 1
    outer loop
      vertex 15.765584910871418 61.58149157926016 6
      vertex -15.240666756339838 60.98293714059227 6
      vertex -15.21769962476357 60.867473572998044 6
    endloop
  endfacet
  facet normal 0 0 1
    outer loop
      vertex 15.765584910871418 61.58149157926016 6
      vertex -15.278508420739842 61.09441508912858 6
      vertex -15.240666756339838 60.98293714059227 6
    endloop
  endfacet
  facet normal 0 0 1
    outer loop
      vertex 15.765584910871418 61.58149157926016 6
      vertex -15.330577136594005 61.2 6
      vertex -15.278508420739842 61.09441508912858 6
    endloop
  endfacet
  facet normal 0 0 1
    outer loop
      vertex 15.765584910871418 61.58149157926016 6
      vertex -15.395981993737887 61.29788528610785 6
      vertex -15.330577136594005 61.2 6
    endloop
  endfacet
  facet normal 0 0 1
    outer loop
      vertex 15.765584910871418 61.58149157926016 6
      vertex -15.473603896932106 61.386396103067895 6
      vertex -15.395981993737887 61.29788528610785 6
    endloop
  endfacet
  facet normal 0 0 1
    outer loop
      vertex 15.765584910871418 61.58149157926016 6
      vertex -15.56211471389215 61.46401800626211 6
      vertex -15.473603896932106 61.386396103067895 6
    endloop
  endfacet
  facet normal 0 0 1
    outer loop
      vertex 15.765584910871418 61.58149157926016 6
      vertex -15.66 61.529422863406 6
      vertex -15.56211471389215 61.46401800626211 6
    endloop
  endfacet
  facet normal 0 0 1
    outer loop
      vertex -15.765584910871418 61.58149157926016 6
      vertex -15.66 61.529422863406 6
      vertex 15.765584910871418 61.58149157926016 6
    endloop
  endfacet
  facet normal 0 0 -1
    outer loop
      vertex -92.5 55.75 0
      vertex 93.27645713835955 55.85222252458334 0
      vertex 92.5 55.75 0
    endloop
  endfacet
  facet normal 0 0 -1
    outer loop
      vertex -92.5 55.75 0
      vertex 93.64805030077696 55.978361405432224 0
      vertex 93.27645713835955 55.85222252458334 0
    endloop
  endfacet
  facet normal 0 0 -1
    outer loop
      vertex -92.89157857745886 55.775665417313576 0
      vertex 94 56.151923790574074 0
      vertex 93.64805030077696 55.978361405432224 0
    endloop
  endfacet
  facet normal 0 0 -1
    outer loop
      vertex -93.27645713835955 55.85222252458334 0
      vertex 94.32628428936005 56.3699399754405 0
      vertex 94 56.151923790574074 0
    endloop
  endfacet
  facet normal 0 0 -1
    outer loop
      vertex -93.64805030077696 55.978361405432224 0
      vertex 94.6213203445077 56.628679655492306 0
      vertex 94.32628428936005 56.3699399754405 0
    endloop
  endfacet
  facet normal 0 0 -1
    outer loop
      vertex -94 56.151923790574074 0
      vertex 94.8800600245595 56.923715710639954 0
      vertex 94.6213203445077 56.628679655492306 0
    endloop
  endfacet
  facet normal 0 0 -1
    outer loop
      vertex -94.32628428936005 56.3699399754405 0
      vertex 95.09807620942593 57.25 0
      vertex 94.8800600245595 56.923715710639954 0
    endloop
  endfacet
  facet normal 0 0 -1
    outer loop
      vertex -94.6213203445077 56.628679655492306 0
      vertex 95.27163859456778 57.60194969922304 0
      vertex 95.09807620942593 57.25 0
    endloop
  endfacet
  facet normal 0 0 -1
    outer loop
      vertex -94.8800600245595 56.923715710639954 0
      vertex 95.39777747541666 57.97354286164045 0
      vertex 95.27163859456778 57.60194969922304 0
    endloop
  endfacet
  facet normal 0 0 -1
    outer loop
      vertex -95.39777747541666 57.97354286164045 0
      vertex 89.7390482137391 59.758308324635955 0
      vertex 89.875 59.667468245269454 0
    endloop
  endfacet
  facet normal 0 0 -1
    outer loop
      vertex -95.39777747541666 57.97354286164045 0
      vertex 90.02164570954363 59.595150584360894 0
      vertex 90.17647619362185 59.54259271713867 0
    endloop
  endfacet
  facet normal 0 0 -1
    outer loop
      vertex -95.39777747541666 57.97354286164045 0
      vertex 89.875 59.667468245269454 0
      vertex 90.02164570954363 59.595150584360894 0
    endloop
  endfacet
  facet normal 0 0 -1
    outer loop
      vertex -95.39777747541666 57.97354286164045 0
      vertex 89.50830832463596 59.989048213739096 0
      vertex 89.61611652351681 59.866116523516816 0
    endloop
  endfacet
  facet normal 0 0 -1
    outer loop
      vertex -95.39777747541666 57.97354286164045 0
      vertex 89.41746824526945 60.125 0
      vertex 89.50830832463596 59.989048213739096 0
    endloop
  endfacet
  facet normal 0 0 -1
    outer loop
      vertex -95.39777747541666 57.97354286164045 0
      vertex 89.3451505843609 60.27164570954364 0
      vertex 89.41746824526945 60.125 0
    endloop
  endfacet
  facet normal 0 0 -1
    outer loop
      vertex -95.39777747541666 57.97354286164045 0
      vertex 89.29259271713866 60.42647619362185 0
      vertex 89.3451505843609 60.27164570954364 0
    endloop
  endfacet
  facet normal 0 0 -1
    outer loop
      vertex -95.39777747541666 57.97354286164045 0
      vertex 89.26069392328273 60.58684225972493 0
      vertex 89.29259271713866 60.42647619362185 0
    endloop
  endfacet
  facet normal 0 0 -1
    outer loop
      vertex -95.39777747541666 57.97354286164045 0
      vertex 89.61611652351681 59.866116523516816 0
      vertex 89.7390482137391 59.758308324635955 0
    endloop
  endfacet
  facet normal 0 0 -1
    outer loop
      vertex -95.39777747541666 57.97354286164045 0
      vertex 90.17647619362185 59.54259271713867 0
      vertex 90.33684225972493 59.51069392328274 0
    endloop
  endfacet
  facet normal 0 0 -1
    outer loop
      vertex -95.39777747541666 57.97354286164045 0
      vertex 89.25 60.75 0
      vertex 89.26069392328273 60.58684225972493 0
    endloop
  endfacet
  facet normal 0 0 -1
    outer loop
      vertex -95.39777747541666 57.97354286164045 0
      vertex 89.26069392328273 60.91315774027507 0
      vertex 89.25 60.75 0
    endloop
  endfacet
  facet normal 0 0 -1
    outer loop
      vertex -95.39777747541666 57.97354286164045 0
      vertex 89.29259271713866 61.07352380637815 0
      vertex 89.26069392328273 60.91315774027507 0
    endloop
  endfacet
  facet normal 0 0 -1
    outer loop
      vertex -95.39777747541666 57.97354286164045 0
      vertex 89.3451505843609 61.22835429045636 0
      vertex 89.29259271713866 61.07352380637815 0
    endloop
  endfacet
  facet normal 0 0 -1
    outer loop
      vertex -95.39777747541666 57.97354286164045 0
      vertex 89.41746824526945 61.375 0
      vertex 89.3451505843609 61.22835429045636 0
    endloop
  endfacet
  facet normal 0 0 -1
    outer loop
      vertex -95.39777747541666 57.97354286164045 0
      vertex 89.50830832463596 61.510951786260904 0
      vertex 89.41746824526945 61.375 0
    endloop
  endfacet
  facet normal 0 0 -1
    outer loop
      vertex -95.39777747541666 57.97354286164045 0
      vertex 89.61611652351681 61.633883476483184 0
      vertex 89.50830832463596 61.510951786260904 0
    endloop
  endfacet
  facet normal 0 0 -1
    outer loop
      vertex -95.39777747541666 57.97354286164045 0
      vertex 89.7390482137391 61.741691675364045 0
      vertex 89.61611652351681 61.633883476483184 0
    endloop
  endfacet
  facet normal 0 0 -1
    outer loop
      vertex -95.39777747541666 57.97354286164045 0
      vertex 89.875 61.832531754730546 0
      vertex 89.7390482137391 61.741691675364045 0
    endloop
  endfacet
  facet normal 0 0 -1
    outer loop
      vertex -95.39777747541666 57.97354286164045 0
      vertex 90.02164570954363 61.904849415639106 0
      vertex 89.875 61.832531754730546 0
    endloop
  endfacet
  facet normal 0 0 -1
    outer loop
      vertex -95.39777747541666 57.97354286164045 0
      vertex 90.17647619362185 61.95740728286133 0
      vertex 90.02164570954363 61.904849415639106 0
    endloop
  endfacet
  facet normal 0 0 -1
    outer loop
      vertex -95.39777747541666 57.97354286164045 0
      vertex 90.33684225972493 61.98930607671726 0
      vertex 90.17647619362185 61.95740728286133 0
    endloop
  endfacet
  facet normal 0 0 -1
    outer loop
      vertex -95.39777747541666 57.97354286164045 0
      vertex 90.5 62 0
      vertex 90.33684225972493 61.98930607671726 0
    endloop
  endfacet
  facet normal 0 0 -1
    outer loop
      vertex -95.39777747541666 57.97354286164045 0
      vertex 90.33684225972493 59.51069392328274 0
      vertex 95.5 58.75 0
    endloop
  endfacet
  facet normal 0 0 -1
    outer loop
      vertex -95.09807620942593 57.25 0
      vertex 95.47433458268642 58.35842142254114 0
      vertex 95.39777747541666 57.97354286164045 0
    endloop
  endfacet
  facet normal 0 0 -1
    outer loop
      vertex -95.27163859456778 57.60194969922304 0
      vertex 95.5 58.75 0
      vertex 95.47433458268642 58.35842142254114 0
    endloop
  endfacet
  facet normal 0 0 -1
    outer loop
      vertex -95.39777747541666 57.97354286164045 0
      vertex 95.5 62.75 0
      vertex 90.5 62 0
    endloop
  endfacet
  facet normal 0 0 -1
    outer loop
      vertex -95.47433458268642 58.35842142254114 0
      vertex 95.47433458268642 63.14157857745886 0
      vertex 95.5 62.75 0
    endloop
  endfacet
  facet normal 0 0 -1
    outer loop
      vertex -95.5 58.75 0
      vertex 95.39777747541666 63.52645713835955 0
      vertex 95.47433458268642 63.14157857745886 0
    endloop
  endfacet
  facet normal 0 0 -1
    outer loop
      vertex -95.5 62.75 0
      vertex 95.27163859456778 63.89805030077696 0
      vertex 95.39777747541666 63.52645713835955 0
    endloop
  endfacet
  facet normal 0 0 -1
    outer loop
      vertex -93.64805030077696 65.52163859456778 0
      vertex 92.5 65.75 0
      vertex 92.89157857745886 65.72433458268642 0
    endloop
  endfacet
  facet normal 0 0 -1
    outer loop
      vertex -95.09807620942593 64.25 0
      vertex 94.32628428936005 65.1300600245595 0
      vertex 94.6213203445077 64.8713203445077 0
    endloop
  endfacet
  facet normal 0 0 -1
    outer loop
      vertex -94.8800600245595 64.57628428936005 0
      vertex 94 65.34807620942593 0
      vertex 94.32628428936005 65.1300600245595 0
    endloop
  endfacet
  facet normal 0 0 -1
    outer loop
      vertex -94.32628428936005 65.1300600245595 0
      vertex 93.27645713835955 65.64777747541666 0
      vertex 93.64805030077696 65.52163859456778 0
    endloop
  endfacet
  facet normal 0 0 -1
    outer loop
      vertex -94 65.34807620942593 0
      vertex 92.89157857745886 65.72433458268642 0
      vertex 93.27645713835955 65.64777747541666 0
    endloop
  endfacet
  facet normal 0 0 -1
    outer loop
      vertex -94.6213203445077 64.8713203445077 0
      vertex 93.64805030077696 65.52163859456778 0
      vertex 94 65.34807620942593 0
    endloop
  endfacet
  facet normal 0 0 -1
    outer loop
      vertex -95.47433458268642 63.14157857745886 0
      vertex 95.09807620942593 64.25 0
      vertex 95.27163859456778 63.89805030077696 0
    endloop
  endfacet
  facet normal 0 0 -1
    outer loop
      vertex -95.39777747541666 63.52645713835955 0
      vertex 94.8800600245595 64.57628428936005 0
      vertex 95.09807620942593 64.25 0
    endloop
  endfacet
  facet normal 0 0 -1
    outer loop
      vertex -95.27163859456778 63.89805030077696 0
      vertex 94.6213203445077 64.8713203445077 0
      vertex 94.8800600245595 64.57628428936005 0
    endloop
  endfacet
  facet normal 0 1 0
    outer loop
      vertex -92.5 65.75 0
      vertex 92.5 65.75 6
      vertex 92.5 65.75 0
    endloop
  endfacet
  facet normal 0 0 -1
    outer loop
      vertex 92.5 55.75 0
      vertex 93.27645713835955 55.85222252458334 0
      vertex 92.89157857745886 55.775665417313576 0
    endloop
  endfacet
  facet normal 0 0 -1
    outer loop
      vertex 95.5 58.75 0
      vertex 90.33684225972493 59.51069392328274 0
      vertex 90.5 59.5 0
    endloop
  endfacet
  facet normal 0 0 -1
    outer loop
      vertex 95.5 58.75 0
      vertex 90.5 59.5 0
      vertex 90.66315774027507 59.51069392328274 0
    endloop
  endfacet
  facet normal 0 0 -1
    outer loop
      vertex 95.5 58.75 0
      vertex 90.66315774027507 59.51069392328274 0
      vertex 90.82352380637815 59.54259271713867 0
    endloop
  endfacet
  facet normal 0 0 -1
    outer loop
      vertex 95.5 58.75 0
      vertex 90.82352380637815 59.54259271713867 0
      vertex 90.97835429045637 59.595150584360894 0
    endloop
  endfacet
  facet normal 0 0 -1
    outer loop
      vertex 95.5 58.75 0
      vertex 90.97835429045637 59.595150584360894 0
      vertex 91.125 59.667468245269454 0
    endloop
  endfacet
  facet normal 0 0 -1
    outer loop
      vertex 95.5 58.75 0
      vertex 91.125 59.667468245269454 0
      vertex 91.2609517862609 59.758308324635955 0
    endloop
  endfacet
  facet normal 0 0 -1
    outer loop
      vertex 95.5 58.75 0
      vertex 91.2609517862609 59.758308324635955 0
      vertex 91.38388347648319 59.866116523516816 0
    endloop
  endfacet
  facet normal 0 0 -1
    outer loop
      vertex 95.5 58.75 0
      vertex 91.38388347648319 59.866116523516816 0
      vertex 91.49169167536404 59.989048213739096 0
    endloop
  endfacet
  facet normal 0 0 -1
    outer loop
      vertex 95.5 58.75 0
      vertex 91.49169167536404 59.989048213739096 0
      vertex 91.58253175473055 60.125 0
    endloop
  endfacet
  facet normal 0 0 -1
    outer loop
      vertex 95.5 58.75 0
      vertex 91.58253175473055 60.125 0
      vertex 91.6548494156391 60.27164570954364 0
    endloop
  endfacet
  facet normal 0 0 -1
    outer loop
      vertex 95.5 58.75 0
      vertex 91.6548494156391 60.27164570954364 0
      vertex 91.70740728286134 60.42647619362185 0
    endloop
  endfacet
  facet normal 0 0 -1
    outer loop
      vertex 95.5 58.75 0
      vertex 91.70740728286134 60.42647619362185 0
      vertex 91.73930607671727 60.58684225972493 0
    endloop
  endfacet
  facet normal 0 0 -1
    outer loop
      vertex 95.5 62.75 0
      vertex 91.73930607671727 60.58684225972493 0
      vertex 91.75 60.75 0
    endloop
  endfacet
  facet normal 0 0 -1
    outer loop
      vertex 95.5 62.75 0
      vertex 91.75 60.75 0
      vertex 91.73930607671727 60.91315774027507 0
    endloop
  endfacet
  facet normal 0 0 -1
    outer loop
      vertex 95.5 62.75 0
      vertex 91.73930607671727 60.91315774027507 0
      vertex 91.70740728286134 61.07352380637815 0
    endloop
  endfacet
  facet normal 0 0 -1
    outer loop
      vertex 95.5 62.75 0
      vertex 91.70740728286134 61.07352380637815 0
      vertex 91.6548494156391 61.22835429045636 0
    endloop
  endfacet
  facet normal 0 0 -1
    outer loop
      vertex 95.5 58.75 0
      vertex 91.73930607671727 60.58684225972493 0
      vertex 95.5 62.75 0
    endloop
  endfacet
  facet normal 0 0 -1
    outer loop
      vertex 95.5 62.75 0
      vertex 90.97835429045637 61.904849415639106 0
      vertex 90.82352380637815 61.95740728286133 0
    endloop
  endfacet
  facet normal 0 0 -1
    outer loop
      vertex 95.5 62.75 0
      vertex 90.82352380637815 61.95740728286133 0
      vertex 90.66315774027507 61.98930607671726 0
    endloop
  endfacet
  facet normal 0 0 -1
    outer loop
      vertex 95.5 62.75 0
      vertex 90.66315774027507 61.98930607671726 0
      vertex 90.5 62 0
    endloop
  endfacet
  facet normal 0 0 -1
    outer loop
      vertex 95.5 62.75 0
      vertex 91.58253175473055 61.375 0
      vertex 91.49169167536404 61.510951786260904 0
    endloop
  endfacet
  facet normal 0 0 -1
    outer loop
      vertex 95.5 62.75 0
      vertex 91.49169167536404 61.510951786260904 0
      vertex 91.38388347648319 61.633883476483184 0
    endloop
  endfacet
  facet normal 0 0 -1
    outer loop
      vertex 95.5 62.75 0
      vertex 91.2609517862609 61.741691675364045 0
      vertex 91.125 61.832531754730546 0
    endloop
  endfacet
  facet normal 0 0 -1
    outer loop
      vertex 95.5 62.75 0
      vertex 91.125 61.832531754730546 0
      vertex 90.97835429045637 61.904849415639106 0
    endloop
  endfacet
  facet normal 0 0 -1
    outer loop
      vertex 95.5 62.75 0
      vertex 91.38388347648319 61.633883476483184 0
      vertex 91.2609517862609 61.741691675364045 0
    endloop
  endfacet
  facet normal 0 0 -1
    outer loop
      vertex 95.5 62.75 0
      vertex 91.6548494156391 61.22835429045636 0
      vertex 91.58253175473055 61.375 0
    endloop
  endfacet
  facet normal 0.06540313273849395 -0.9978589230086541 0
    outer loop
      vertex 92.5 55.75 0
      vertex 92.89157857745886 55.775665417313576 0
      vertex 92.5 55.75 6
    endloop
  endfacet
  facet normal 0.19509032585814412 -0.9807852796390061 0
    outer loop
      vertex 92.89157857745886 55.775665417313576 0
      vertex 93.27645713835955 55.85222252458334 0
      vertex 92.89157857745886 55.775665417313576 6
    endloop
  endfacet
  facet normal 0.3214394637077385 -0.9469301300366789 0
    outer loop
      vertex 93.27645713835955 55.85222252458334 0
      vertex 93.64805030077696 55.978361405432224 0
      vertex 93.27645713835955 55.85222252458334 6
    endloop
  endfacet
  facet normal 0.4422886918115197 -0.8968727407473451 0
    outer loop
      vertex 93.64805030077696 55.978361405432224 0
      vertex 94 56.151923790574074 0
      vertex 93.64805030077696 55.978361405432224 6
    endloop
  endfacet
  facet normal 0.5555702203832522 -0.8314696207458843 0
    outer loop
      vertex 94 56.151923790574074 0
      vertex 94.32628428936005 56.3699399754405 0
      vertex 94 56.151923790574074 6
    endloop
  endfacet
  facet normal 0.6593458207943228 -0.7518398024852507 0
    outer loop
      vertex 94.32628428936005 56.3699399754405 0
      vertex 94.6213203445077 56.628679655492306 0
      vertex 94.32628428936005 56.3699399754405 6
    endloop
  endfacet
  facet normal 0.7518398024852507 -0.6593458207943228 0
    outer loop
      vertex 94.6213203445077 56.628679655492306 0
      vertex 94.8800600245595 56.923715710639954 0
      vertex 94.6213203445077 56.628679655492306 6
    endloop
  endfacet
  facet normal 0.8314696207458843 -0.5555702203832522 0
    outer loop
      vertex 94.8800600245595 56.923715710639954 0
      vertex 95.09807620942593 57.25 0
      vertex 94.8800600245595 56.923715710639954 6
    endloop
  endfacet
  facet normal 0.8968727407473451 -0.4422886918115197 0
    outer loop
      vertex 95.09807620942593 57.25 0
      vertex 95.27163859456778 57.60194969922304 0
      vertex 95.09807620942593 57.25 6
    endloop
  endfacet
  facet normal 0.9469301300366789 -0.3214394637077385 0
    outer loop
      vertex 95.27163859456778 57.60194969922304 0
      vertex 95.39777747541666 57.97354286164045 0
      vertex 95.27163859456778 57.60194969922304 6
    endloop
  endfacet
  facet normal 0.9807852796390061 -0.19509032585814412 0
    outer loop
      vertex 95.39777747541666 57.97354286164045 0
      vertex 95.47433458268642 58.35842142254114 0
      vertex 95.39777747541666 57.97354286164045 6
    endloop
  endfacet
  facet normal 0.9978589230086541 -0.06540313273849395 0
    outer loop
      vertex 95.47433458268642 58.35842142254114 0
      vertex 95.5 58.75 0
      vertex 95.47433458268642 58.35842142254114 6
    endloop
  endfacet
  facet normal 1 0 0
    outer loop
      vertex 95.5 58.75 0
      vertex 95.5 62.75 0
      vertex 95.5 58.75 6
    endloop
  endfacet
  facet normal 0.9978589230086541 0.06540313273849395 0
    outer loop
      vertex 95.5 62.75 0
      vertex 95.47433458268642 63.14157857745886 0
      vertex 95.5 62.75 6
    endloop
  endfacet
  facet normal 0.9807852796390061 0.19509032585814412 0
    outer loop
      vertex 95.47433458268642 63.14157857745886 0
      vertex 95.39777747541666 63.52645713835955 0
      vertex 95.47433458268642 63.14157857745886 6
    endloop
  endfacet
  facet normal 0.9469301300366789 0.3214394637077385 0
    outer loop
      vertex 95.39777747541666 63.52645713835955 0
      vertex 95.27163859456778 63.89805030077696 0
      vertex 95.39777747541666 63.52645713835955 6
    endloop
  endfacet
  facet normal 0.06540313273849395 0.9978589230086541 0
    outer loop
      vertex 92.5 65.75 0
      vertex 92.89157857745886 65.72433458268642 6
      vertex 92.89157857745886 65.72433458268642 0
    endloop
  endfacet
  facet normal 0.19509032585814412 0.9807852796390061 0
    outer loop
      vertex 93.27645713835955 65.64777747541666 0
      vertex 92.89157857745886 65.72433458268642 0
      vertex 93.27645713835955 65.64777747541666 6
    endloop
  endfacet
  facet normal 0.3214394637077385 0.9469301300366789 0
    outer loop
      vertex 93.64805030077696 65.52163859456778 0
      vertex 93.27645713835955 65.64777747541666 0
      vertex 93.64805030077696 65.52163859456778 6
    endloop
  endfacet
  facet normal 0.4422886918115197 0.8968727407473451 0
    outer loop
      vertex 94 65.34807620942593 0
      vertex 93.64805030077696 65.52163859456778 0
      vertex 94 65.34807620942593 6
    endloop
  endfacet
  facet normal 0.8968727407473451 0.4422886918115197 0
    outer loop
      vertex 95.27163859456778 63.89805030077696 0
      vertex 95.09807620942593 64.25 0
      vertex 95.27163859456778 63.89805030077696 6
    endloop
  endfacet
  facet normal 0.8314696207458843 0.5555702203832522 0
    outer loop
      vertex 95.09807620942593 64.25 0
      vertex 94.8800600245595 64.57628428936005 0
      vertex 95.09807620942593 64.25 6
    endloop
  endfacet
  facet normal 0.7518398024852507 0.6593458207943228 0
    outer loop
      vertex 94.8800600245595 64.57628428936005 0
      vertex 94.6213203445077 64.8713203445077 0
      vertex 94.8800600245595 64.57628428936005 6
    endloop
  endfacet
  facet normal 0.5555702203832522 0.8314696207458843 0
    outer loop
      vertex 94.32628428936005 65.1300600245595 0
      vertex 94 65.34807620942593 0
      vertex 94.32628428936005 65.1300600245595 6
    endloop
  endfacet
  facet normal 0.6593458207943228 0.7518398024852507 0
    outer loop
      vertex 94.6213203445077 64.8713203445077 0
      vertex 94.32628428936005 65.1300600245595 0
      vertex 94.6213203445077 64.8713203445077 6
    endloop
  endfacet
  facet normal 0 -1 0
    outer loop
      vertex -92.5 55.75 6
      vertex 92.5 55.75 0
      vertex 92.5 55.75 6
    endloop
  endfacet
  facet normal 0 0 1
    outer loop
      vertex -15.765584910871418 59.91850842073984 6
      vertex 15.765584910871418 59.91850842073984 6
      vertex 15.66 59.970577136594 6
    endloop
  endfacet
  facet normal 0 0 1
    outer loop
      vertex -15.765584910871418 59.91850842073984 6
      vertex 15.473603896932106 60.113603896932105 6
      vertex 15.395981993737887 60.20211471389215 6
    endloop
  endfacet
  facet normal 0 0 1
    outer loop
      vertex -15.765584910871418 59.91850842073984 6
      vertex 15.395981993737887 60.20211471389215 6
      vertex 15.330577136594005 60.3 6
    endloop
  endfacet
  facet normal 0 0 1
    outer loop
      vertex -15.765584910871418 59.91850842073984 6
      vertex 15.66 59.970577136594 6
      vertex 15.56211471389215 60.03598199373789 6
    endloop
  endfacet
  facet normal 0 0 1
    outer loop
      vertex -15.765584910871418 59.91850842073984 6
      vertex 15.56211471389215 60.03598199373789 6
      vertex 15.473603896932106 60.113603896932105 6
    endloop
  endfacet
  facet normal 0 0 1
    outer loop
      vertex -15.765584910871418 59.91850842073984 6
      vertex 15.330577136594005 60.3 6
      vertex 15.278508420739842 60.40558491087142 6
    endloop
  endfacet
  facet normal 0 0 1
    outer loop
      vertex -15.765584910871418 59.91850842073984 6
      vertex 15.278508420739842 60.40558491087142 6
      vertex 15.240666756339838 60.51706285940773 6
    endloop
  endfacet
  facet normal 0 0 1
    outer loop
      vertex -15.765584910871418 59.91850842073984 6
      vertex 15.240666756339838 60.51706285940773 6
      vertex 15.21769962476357 60.632526427001956 6
    endloop
  endfacet
  facet normal 0 0 1
    outer loop
      vertex -15.765584910871418 59.91850842073984 6
      vertex 15.21769962476357 60.632526427001956 6
      vertex 15.209999999999999 60.75 6
    endloop
  endfacet
  facet normal 0 0 1
    outer loop
      vertex -15.473603896932106 60.113603896932105 6
      vertex 15.209999999999999 60.75 6
      vertex 15.21769962476357 60.867473572998044 6
    endloop
  endfacet
  facet normal 0 0 1
    outer loop
      vertex -15.473603896932106 60.113603896932105 6
      vertex 15.21769962476357 60.867473572998044 6
      vertex 15.240666756339838 60.98293714059227 6
    endloop
  endfacet
  facet normal 0 0 1
    outer loop
      vertex -15.992526427001954 59.85769962476357 6
      vertex 16.11 59.85 6
      vertex 15.992526427001954 59.85769962476357 6
    endloop
  endfacet
  facet normal 0 0 1
    outer loop
      vertex -15.992526427001954 59.85769962476357 6
      vertex 15.992526427001954 59.85769962476357 6
      vertex 15.877062859407731 59.880666756339835 6
    endloop
  endfacet
  facet normal 0 0 1
    outer loop
      vertex -15.877062859407731 59.880666756339835 6
      vertex 15.877062859407731 59.880666756339835 6
      vertex 15.765584910871418 59.91850842073984 6
    endloop
  endfacet
  facet normal 0 0 1
    outer loop
      vertex -15.330577136594005 60.3 6
      vertex 15.240666756339838 60.98293714059227 6
      vertex 15.278508420739842 61.09441508912858 6
    endloop
  endfacet
  facet normal 0 0 1
    outer loop
      vertex -15.330577136594005 60.3 6
      vertex 15.278508420739842 61.09441508912858 6
      vertex 15.330577136594005 61.2 6
    endloop
  endfacet
  facet normal 0 0 1
    outer loop
      vertex -15.240666756339838 60.51706285940773 6
      vertex 15.330577136594005 61.2 6
      vertex 15.395981993737887 61.29788528610785 6
    endloop
  endfacet
  facet normal 0 0 1
    outer loop
      vertex -15.240666756339838 60.51706285940773 6
      vertex 15.395981993737887 61.29788528610785 6
      vertex 15.473603896932106 61.386396103067895 6
    endloop
  endfacet
  facet normal 0 0 1
    outer loop
      vertex -15.209999999999999 60.75 6
      vertex 15.473603896932106 61.386396103067895 6
      vertex 15.56211471389215 61.46401800626211 6
    endloop
  endfacet
  facet normal 0 0 1
    outer loop
      vertex -15.209999999999999 60.75 6
      vertex 15.56211471389215 61.46401800626211 6
      vertex 15.66 61.529422863406 6
    endloop
  endfacet
  facet normal 0 0 1
    outer loop
      vertex -15.209999999999999 60.75 6
      vertex 15.66 61.529422863406 6
      vertex 15.765584910871418 61.58149157926016 6
    endloop
  endfacet
  facet normal 0 0 1
    outer loop
      vertex -15.765584910871418 61.58149157926016 6
      vertex 15.765584910871418 61.58149157926016 6
      vertex 15.877062859407731 61.619333243660165 6
    endloop
  endfacet
  facet normal 0 0 1
    outer loop
      vertex -15.877062859407731 61.619333243660165 6
      vertex 15.877062859407731 61.619333243660165 6
      vertex 15.992526427001954 61.64230037523643 6
    endloop
  endfacet
  facet normal 0 0 1
    outer loop
      vertex 95.39777747541666 63.52645713835955 6
      vertex -89.35495283018868 62.73327987517615 6
      vertex 16.11 61.65 6
    endloop
  endfacet
  facet normal 0 0 1
    outer loop
      vertex 89.35495283018868 58.76672012482385 6
      vertex -15.992526427001954 59.85769962476357 6
      vertex -16.11 59.85 6
    endloop
  endfacet
  facet normal 0 0 1
    outer loop
      vertex -92.5 55.75 6
      vertex 92.5 55.75 6
      vertex 93.27645713835955 55.85222252458334 6
    endloop
  endfacet
  facet normal 0 0 1
    outer loop
      vertex -92.5 55.75 6
      vertex 93.27645713835955 55.85222252458334 6
      vertex 93.64805030077696 55.978361405432224 6
    endloop
  endfacet
  facet normal 0 0 1
    outer loop
      vertex -92.89157857745886 55.775665417313576 6
      vertex 93.64805030077696 55.978361405432224 6
      vertex 94 56.151923790574074 6
    endloop
  endfacet
  facet normal 0 0 1
    outer loop
      vertex -93.27645713835955 55.85222252458334 6
      vertex 94 56.151923790574074 6
      vertex 94.32628428936005 56.3699399754405 6
    endloop
  endfacet
  facet normal 0 0 1
    outer loop
      vertex -93.64805030077696 55.978361405432224 6
      vertex 94.32628428936005 56.3699399754405 6
      vertex 94.6213203445077 56.628679655492306 6
    endloop
  endfacet
  facet normal 0 0 1
    outer loop
      vertex -94 56.151923790574074 6
      vertex 94.6213203445077 56.628679655492306 6
      vertex 94.8800600245595 56.923715710639954 6
    endloop
  endfacet
  facet normal 0 0 1
    outer loop
      vertex -94.32628428936005 56.3699399754405 6
      vertex 94.8800600245595 56.923715710639954 6
      vertex 95.09807620942593 57.25 6
    endloop
  endfacet
  facet normal 0 0 1
    outer loop
      vertex -94.6213203445077 56.628679655492306 6
      vertex 95.09807620942593 57.25 6
      vertex 95.27163859456778 57.60194969922304 6
    endloop
  endfacet
  facet normal 0 0 1
    outer loop
      vertex -94.8800600245595 56.923715710639954 6
      vertex 95.27163859456778 57.60194969922304 6
      vertex 95.39777747541666 57.97354286164045 6
    endloop
  endfacet
  facet normal 0 0 1
    outer loop
      vertex -95.27163859456778 57.60194969922304 6
      vertex 89.62361883767333 58.63422871210269 6
      vertex 89.35495283018868 58.76672012482385 6
    endloop
  endfacet
  facet normal 0 0 1
    outer loop
      vertex -95.27163859456778 57.60194969922304 6
      vertex 89.90727996982419 58.537938732720086 6
      vertex 89.62361883767333 58.63422871210269 6
    endloop
  endfacet
  facet normal 0 0 1
    outer loop
      vertex -95.27163859456778 57.60194969922304 6
      vertex 90.20108270602437 58.47949773491988 6
      vertex 89.90727996982419 58.537938732720086 6
    endloop
  endfacet
  facet normal 0 0 1
    outer loop
      vertex -95.27163859456778 57.60194969922304 6
      vertex 90.5 58.45990566037736 6
      vertex 90.20108270602437 58.47949773491988 6
    endloop
  endfacet
  facet normal 0 0 1
    outer loop
      vertex 89.35495283018868 58.76672012482385 6
      vertex 16.11 59.85 6
      vertex -15.992526427001954 59.85769962476357 6
    endloop
  endfacet
  facet normal 0 0 1
    outer loop
      vertex -95.27163859456778 57.60194969922304 6
      vertex 95.47433458268642 58.35842142254114 6
      vertex 90.5 58.45990566037736 6
    endloop
  endfacet
  facet normal 0 0 1
    outer loop
      vertex -95.09807620942593 57.25 6
      vertex 95.39777747541666 57.97354286164045 6
      vertex 95.47433458268642 58.35842142254114 6
    endloop
  endfacet
  facet normal 0 0 1
    outer loop
      vertex -93.64805030077696 65.52163859456778 6
      vertex 92.89157857745886 65.72433458268642 6
      vertex 92.5 65.75 6
    endloop
  endfacet
  facet normal 0 0 1
    outer loop
      vertex -95.09807620942593 64.25 6
      vertex 94.6213203445077 64.8713203445077 6
      vertex 94.32628428936005 65.1300600245595 6
    endloop
  endfacet
  facet normal 0 0 1
    outer loop
      vertex -94.8800600245595 64.57628428936005 6
      vertex 94.32628428936005 65.1300600245595 6
      vertex 94 65.34807620942593 6
    endloop
  endfacet
  facet normal 0 0 1
    outer loop
      vertex -94.32628428936005 65.1300600245595 6
      vertex 93.64805030077696 65.52163859456778 6
      vertex 93.27645713835955 65.64777747541666 6
    endloop
  endfacet
  facet normal 0 0 1
    outer loop
      vertex -94 65.34807620942593 6
      vertex 93.27645713835955 65.64777747541666 6
      vertex 92.89157857745886 65.72433458268642 6
    endloop
  endfacet
  facet normal 0 0 1
    outer loop
      vertex -94.6213203445077 64.8713203445077 6
      vertex 94 65.34807620942593 6
      vertex 93.64805030077696 65.52163859456778 6
    endloop
  endfacet
  facet normal 0 0 1
    outer loop
      vertex -95.47433458268642 63.14157857745886 6
      vertex 95.27163859456778 63.89805030077696 6
      vertex 95.09807620942593 64.25 6
    endloop
  endfacet
  facet normal 0 0 1
    outer loop
      vertex -95.39777747541666 63.52645713835955 6
      vertex 95.09807620942593 64.25 6
      vertex 94.8800600245595 64.57628428936005 6
    endloop
  endfacet
  facet normal 0 0 1
    outer loop
      vertex -95.27163859456778 63.89805030077696 6
      vertex 94.8800600245595 64.57628428936005 6
      vertex 94.6213203445077 64.8713203445077 6
    endloop
  endfacet
  facet normal 0 0 1
    outer loop
      vertex 95.39777747541666 63.52645713835955 6
      vertex 95.27163859456778 63.89805030077696 6
      vertex -89.35495283018868 62.73327987517615 6
    endloop
  endfacet
  facet normal 0 0 1
    outer loop
      vertex 89.35495283018868 58.76672012482385 6
      vertex 16.227473572998047 59.85769962476357 6
      vertex 16.11 59.85 6
    endloop
  endfacet
  facet normal 0 0 1
    outer loop
      vertex 89.35495283018868 58.76672012482385 6
      vertex 16.34293714059227 59.880666756339835 6
      vertex 16.227473572998047 59.85769962476357 6
    endloop
  endfacet
  facet normal 0 0 1
    outer loop
      vertex 89.35495283018868 58.76672012482385 6
      vertex 16.45441508912858 59.91850842073984 6
      vertex 16.34293714059227 59.880666756339835 6
    endloop
  endfacet
  facet normal 0 0 1
    outer loop
      vertex 16.56 59.970577136594 6
      vertex 16.45441508912858 59.91850842073984 6
      vertex 89.35495283018868 58.76672012482385 6
    endloop
  endfacet
  facet normal 0 0 1
    outer loop
      vertex 16.65788528610785 60.03598199373789 6
      vertex 16.56 59.970577136594 6
      vertex 89.10587889724654 58.933146006078324 6
    endloop
  endfacet
  facet normal 0 0 1
    outer loop
      vertex 16.74639610306789 60.113603896932105 6
      vertex 16.65788528610785 60.03598199373789 6
      vertex 88.8806587628959 59.1306587628959 6
    endloop
  endfacet
  facet normal 0 0 1
    outer loop
      vertex 16.74639610306789 60.113603896932105 6
      vertex 88.68314600607833 59.355878897246534 6
      vertex 16.82401800626211 60.20211471389215 6
    endloop
  endfacet
  facet normal 0 0 1
    outer loop
      vertex 16.82401800626211 60.20211471389215 6
      vertex 88.51672012482385 59.60495283018868 6
      vertex 16.889422863405994 60.3 6
    endloop
  endfacet
  facet normal 0 0 1
    outer loop
      vertex 16.889422863405994 60.3 6
      vertex 88.3842287121027 59.87361883767335 6
      vertex 16.94149157926016 60.40558491087142 6
    endloop
  endfacet
  facet normal 0 0 1
    outer loop
      vertex 16.94149157926016 60.40558491087142 6
      vertex 88.28793873272008 60.15727996982418 6
      vertex 16.97933324366016 60.51706285940773 6
    endloop
  endfacet
  facet normal 0 0 1
    outer loop
      vertex 16.97933324366016 60.51706285940773 6
      vertex 88.22949773491989 60.451082706024366 6
      vertex 17.00230037523643 60.632526427001956 6
    endloop
  endfacet
  facet normal 0 0 1
    outer loop
      vertex 17.00230037523643 60.632526427001956 6
      vertex 88.20990566037736 60.75 6
      vertex 17.009999999999998 60.75 6
    endloop
  endfacet
  facet normal 0 0 1
    outer loop
      vertex 17.009999999999998 60.75 6
      vertex 89.35495283018868 62.73327987517615 6
      vertex 17.00230037523643 60.867473572998044 6
    endloop
  endfacet
  facet normal 0 0 1
    outer loop
      vertex 17.00230037523643 60.867473572998044 6
      vertex 89.35495283018868 62.73327987517615 6
      vertex 16.97933324366016 60.98293714059227 6
    endloop
  endfacet
  facet normal 0 0 1
    outer loop
      vertex 89.35495283018868 62.73327987517615 6
      vertex 16.94149157926016 61.09441508912858 6
      vertex 16.97933324366016 60.98293714059227 6
    endloop
  endfacet
  facet normal 0 0 1
    outer loop
      vertex 16.94149157926016 61.09441508912858 6
      vertex 90.20108270602437 63.02050226508012 6
      vertex 16.889422863405994 61.2 6
    endloop
  endfacet
  facet normal 0 0 1
    outer loop
      vertex 90.20108270602437 63.02050226508012 6
      vertex 16.82401800626211 61.29788528610785 6
      vertex 16.889422863405994 61.2 6
    endloop
  endfacet
  facet normal 0 0 1
    outer loop
      vertex 95.39777747541666 63.52645713835955 6
      vertex 16.56 61.529422863406 6
      vertex 16.65788528610785 61.46401800626211 6
    endloop
  endfacet
  facet normal 0 0 1
    outer loop
      vertex 95.39777747541666 63.52645713835955 6
      vertex 16.45441508912858 61.58149157926016 6
      vertex 16.56 61.529422863406 6
    endloop
  endfacet
  facet normal 0 0 1
    outer loop
      vertex 95.39777747541666 63.52645713835955 6
      vertex 16.74639610306789 61.386396103067895 6
      vertex 16.82401800626211 61.29788528610785 6
    endloop
  endfacet
  facet normal 0 0 1
    outer loop
      vertex 95.39777747541666 63.52645713835955 6
      vertex 16.65788528610785 61.46401800626211 6
      vertex 16.74639610306789 61.386396103067895 6
    endloop
  endfacet
  facet normal 0 0 1
    outer loop
      vertex 95.39777747541666 63.52645713835955 6
      vertex 16.227473572998047 61.64230037523643 6
      vertex 16.34293714059227 61.619333243660165 6
    endloop
  endfacet
  facet normal 0 0 1
    outer loop
      vertex 95.39777747541666 63.52645713835955 6
      vertex 16.11 61.65 6
      vertex 16.227473572998047 61.64230037523643 6
    endloop
  endfacet
  facet normal 0 0 1
    outer loop
      vertex 95.39777747541666 63.52645713835955 6
      vertex 16.34293714059227 61.619333243660165 6
      vertex 16.45441508912858 61.58149157926016 6
    endloop
  endfacet
  facet normal 0.06540313273849395 -0.9978589230086541 0
    outer loop
      vertex 92.89157857745886 55.775665417313576 0
      vertex 92.89157857745886 55.775665417313576 6
      vertex 92.5 55.75 6
    endloop
  endfacet
  facet normal 0.19509032585814412 -0.9807852796390061 0
    outer loop
      vertex 93.27645713835955 55.85222252458334 0
      vertex 93.27645713835955 55.85222252458334 6
      vertex 92.89157857745886 55.775665417313576 6
    endloop
  endfacet
  facet normal 0.3214394637077385 -0.9469301300366789 0
    outer loop
      vertex 93.64805030077696 55.978361405432224 0
      vertex 93.64805030077696 55.978361405432224 6
      vertex 93.27645713835955 55.85222252458334 6
    endloop
  endfacet
  facet normal 0.4422886918115197 -0.8968727407473451 0
    outer loop
      vertex 94 56.151923790574074 0
      vertex 94 56.151923790574074 6
      vertex 93.64805030077696 55.978361405432224 6
    endloop
  endfacet
  facet normal 0.5555702203832522 -0.8314696207458843 0
    outer loop
      vertex 94.32628428936005 56.3699399754405 0
      vertex 94.32628428936005 56.3699399754405 6
      vertex 94 56.151923790574074 6
    endloop
  endfacet
  facet normal 0.6593458207943228 -0.7518398024852507 0
    outer loop
      vertex 94.6213203445077 56.628679655492306 0
      vertex 94.6213203445077 56.628679655492306 6
      vertex 94.32628428936005 56.3699399754405 6
    endloop
  endfacet
  facet normal 0.7518398024852507 -0.6593458207943228 0
    outer loop
      vertex 94.8800600245595 56.923715710639954 0
      vertex 94.8800600245595 56.923715710639954 6
      vertex 94.6213203445077 56.628679655492306 6
    endloop
  endfacet
  facet normal 0.8314696207458843 -0.5555702203832522 0
    outer loop
      vertex 95.09807620942593 57.25 0
      vertex 95.09807620942593 57.25 6
      vertex 94.8800600245595 56.923715710639954 6
    endloop
  endfacet
  facet normal 0.8968727407473451 -0.4422886918115197 0
    outer loop
      vertex 95.27163859456778 57.60194969922304 0
      vertex 95.27163859456778 57.60194969922304 6
      vertex 95.09807620942593 57.25 6
    endloop
  endfacet
  facet normal 0.9469301300366789 -0.3214394637077385 0
    outer loop
      vertex 95.39777747541666 57.97354286164045 0
      vertex 95.39777747541666 57.97354286164045 6
      vertex 95.27163859456778 57.60194969922304 6
    endloop
  endfacet
  facet normal 0.9807852796390061 -0.19509032585814412 0
    outer loop
      vertex 95.47433458268642 58.35842142254114 0
      vertex 95.47433458268642 58.35842142254114 6
      vertex 95.39777747541666 57.97354286164045 6
    endloop
  endfacet
  facet normal 0.9978589230086541 -0.06540313273849395 0
    outer loop
      vertex 95.5 58.75 0
      vertex 95.5 58.75 6
      vertex 95.47433458268642 58.35842142254114 6
    endloop
  endfacet
  facet normal 1 0 0
    outer loop
      vertex 95.5 58.75 6
      vertex 95.5 62.75 0
      vertex 95.5 62.75 6
    endloop
  endfacet
  facet normal 0.9978589230086541 0.06540313273849395 0
    outer loop
      vertex 95.47433458268642 63.14157857745886 0
      vertex 95.47433458268642 63.14157857745886 6
      vertex 95.5 62.75 6
    endloop
  endfacet
  facet normal 0.9807852796390061 0.19509032585814412 0
    outer loop
      vertex 95.39777747541666 63.52645713835955 0
      vertex 95.39777747541666 63.52645713835955 6
      vertex 95.47433458268642 63.14157857745886 6
    endloop
  endfacet
  facet normal 0.06540313273849395 0.9978589230086541 0
    outer loop
      vertex 92.5 65.75 0
      vertex 92.5 65.75 6
      vertex 92.89157857745886 65.72433458268642 6
    endloop
  endfacet
  facet normal 0.19509032585814412 0.9807852796390061 0
    outer loop
      vertex 92.89157857745886 65.72433458268642 0
      vertex 92.89157857745886 65.72433458268642 6
      vertex 93.27645713835955 65.64777747541666 6
    endloop
  endfacet
  facet normal 0.3214394637077385 0.9469301300366789 0
    outer loop
      vertex 93.27645713835955 65.64777747541666 0
      vertex 93.27645713835955 65.64777747541666 6
      vertex 93.64805030077696 65.52163859456778 6
    endloop
  endfacet
  facet normal 0.4422886918115197 0.8968727407473451 0
    outer loop
      vertex 93.64805030077696 65.52163859456778 0
      vertex 93.64805030077696 65.52163859456778 6
      vertex 94 65.34807620942593 6
    endloop
  endfacet
  facet normal 0.9469301300366789 0.3214394637077385 0
    outer loop
      vertex 95.27163859456778 63.89805030077696 0
      vertex 95.27163859456778 63.89805030077696 6
      vertex 95.39777747541666 63.52645713835955 6
    endloop
  endfacet
  facet normal 0.8968727407473451 0.4422886918115197 0
    outer loop
      vertex 95.09807620942593 64.25 0
      vertex 95.09807620942593 64.25 6
      vertex 95.27163859456778 63.89805030077696 6
    endloop
  endfacet
  facet normal 0.8314696207458843 0.5555702203832522 0
    outer loop
      vertex 94.8800600245595 64.57628428936005 0
      vertex 94.8800600245595 64.57628428936005 6
      vertex 95.09807620942593 64.25 6
    endloop
  endfacet
  facet normal 0.7518398024852507 0.6593458207943228 0
    outer loop
      vertex 94.6213203445077 64.8713203445077 0
      vertex 94.6213203445077 64.8713203445077 6
      vertex 94.8800600245595 64.57628428936005 6
    endloop
  endfacet
  facet normal 0.6593458207943228 0.7518398024852507 0
    outer loop
      vertex 94.32628428936005 65.1300600245595 0
      vertex 94.32628428936005 65.1300600245595 6
      vertex 94.6213203445077 64.8713203445077 6
    endloop
  endfacet
  facet normal 0.5555702203832522 0.8314696207458843 0
    outer loop
      vertex 94 65.34807620942593 0
      vertex 94 65.34807620942593 6
      vertex 94.32628428936005 65.1300600245595 6
    endloop
  endfacet
  facet normal 0 0 1
    outer loop
      vertex 16.65788528610785 60.03598199373789 6
      vertex 89.10587889724654 58.933146006078324 6
      vertex 88.8806587628959 59.1306587628959 6
    endloop
  endfacet
  facet normal 0 0 1
    outer loop
      vertex 16.74639610306789 60.113603896932105 6
      vertex 88.8806587628959 59.1306587628959 6
      vertex 88.68314600607833 59.355878897246534 6
    endloop
  endfacet
  facet normal 0 0 1
    outer loop
      vertex 16.56 59.970577136594 6
      vertex 89.35495283018868 58.76672012482385 6
      vertex 89.10587889724654 58.933146006078324 6
    endloop
  endfacet
  facet normal 0 0 1
    outer loop
      vertex 16.82401800626211 60.20211471389215 6
      vertex 88.68314600607833 59.355878897246534 6
      vertex 88.51672012482385 59.60495283018868 6
    endloop
  endfacet
  facet normal 0 0 1
    outer loop
      vertex 16.889422863405994 60.3 6
      vertex 88.51672012482385 59.60495283018868 6
      vertex 88.3842287121027 59.87361883767335 6
    endloop
  endfacet
  facet normal 0 0 1
    outer loop
      vertex 16.94149157926016 60.40558491087142 6
      vertex 88.3842287121027 59.87361883767335 6
      vertex 88.28793873272008 60.15727996982418 6
    endloop
  endfacet
  facet normal 0 0 1
    outer loop
      vertex 16.97933324366016 60.51706285940773 6
      vertex 88.28793873272008 60.15727996982418 6
      vertex 88.22949773491989 60.451082706024366 6
    endloop
  endfacet
  facet normal 0 0 1
    outer loop
      vertex 17.00230037523643 60.632526427001956 6
      vertex 88.22949773491989 60.451082706024366 6
      vertex 88.20990566037736 60.75 6
    endloop
  endfacet
  facet normal 0 0 1
    outer loop
      vertex 17.009999999999998 60.75 6
      vertex 88.20990566037736 60.75 6
      vertex 88.22949773491989 61.048917293975634 6
    endloop
  endfacet
  facet normal 0 0 1
    outer loop
      vertex 17.009999999999998 60.75 6
      vertex 88.22949773491989 61.048917293975634 6
      vertex 88.28793873272008 61.34272003017582 6
    endloop
  endfacet
  facet normal 0 0 1
    outer loop
      vertex 17.009999999999998 60.75 6
      vertex 88.28793873272008 61.34272003017582 6
      vertex 88.3842287121027 61.62638116232665 6
    endloop
  endfacet
  facet normal 0 0 1
    outer loop
      vertex 17.009999999999998 60.75 6
      vertex 88.3842287121027 61.62638116232665 6
      vertex 88.51672012482385 61.89504716981132 6
    endloop
  endfacet
  facet normal 0 0 1
    outer loop
      vertex 17.009999999999998 60.75 6
      vertex 88.51672012482385 61.89504716981132 6
      vertex 88.68314600607833 62.144121102753466 6
    endloop
  endfacet
  facet normal 0 0 1
    outer loop
      vertex 17.009999999999998 60.75 6
      vertex 88.68314600607833 62.144121102753466 6
      vertex 88.8806587628959 62.3693412371041 6
    endloop
  endfacet
  facet normal 0 0 1
    outer loop
      vertex 17.009999999999998 60.75 6
      vertex 88.8806587628959 62.3693412371041 6
      vertex 89.10587889724654 62.566853993921676 6
    endloop
  endfacet
  facet normal 0 0 1
    outer loop
      vertex 17.009999999999998 60.75 6
      vertex 89.10587889724654 62.566853993921676 6
      vertex 89.35495283018868 62.73327987517615 6
    endloop
  endfacet
  facet normal 0 0 1
    outer loop
      vertex 16.94149157926016 61.09441508912858 6
      vertex 89.35495283018868 62.73327987517615 6
      vertex 89.62361883767333 62.86577128789731 6
    endloop
  endfacet
  facet normal 0 0 1
    outer loop
      vertex 16.94149157926016 61.09441508912858 6
      vertex 89.62361883767333 62.86577128789731 6
      vertex 89.90727996982419 62.962061267279914 6
    endloop
  endfacet
  facet normal 0 0 1
    outer loop
      vertex 16.94149157926016 61.09441508912858 6
      vertex 89.90727996982419 62.962061267279914 6
      vertex 90.20108270602437 63.02050226508012 6
    endloop
  endfacet
  facet normal 0 0 1
    outer loop
      vertex 95.39777747541666 63.52645713835955 6
      vertex 16.82401800626211 61.29788528610785 6
      vertex 90.20108270602437 63.02050226508012 6
    endloop
  endfacet
  facet normal 0 0 1
    outer loop
      vertex 92.5 55.75 6
      vertex 92.89157857745886 55.775665417313576 6
      vertex 93.27645713835955 55.85222252458334 6
    endloop
  endfacet
  facet normal 0 0 1
    outer loop
      vertex 95.47433458268642 58.35842142254114 6
      vertex 90.79891729397563 58.47949773491988 6
      vertex 90.5 58.45990566037736 6
    endloop
  endfacet
  facet normal 0 0 1
    outer loop
      vertex 95.47433458268642 58.35842142254114 6
      vertex 91.09272003017581 58.537938732720086 6
      vertex 90.79891729397563 58.47949773491988 6
    endloop
  endfacet
  facet normal 0 0 1
    outer loop
      vertex 95.47433458268642 58.35842142254114 6
      vertex 91.37638116232667 58.63422871210269 6
      vertex 91.09272003017581 58.537938732720086 6
    endloop
  endfacet
  facet normal 0 0 1
    outer loop
      vertex 95.5 58.75 6
      vertex 91.64504716981132 58.76672012482385 6
      vertex 91.37638116232667 58.63422871210269 6
    endloop
  endfacet
  facet normal 0 0 1
    outer loop
      vertex 95.5 58.75 6
      vertex 91.89412110275346 58.933146006078324 6
      vertex 91.64504716981132 58.76672012482385 6
    endloop
  endfacet
  facet normal 0 0 1
    outer loop
      vertex 95.5 58.75 6
      vertex 92.1193412371041 59.1306587628959 6
      vertex 91.89412110275346 58.933146006078324 6
    endloop
  endfacet
  facet normal 0 0 1
    outer loop
      vertex 95.5 58.75 6
      vertex 92.31685399392167 59.355878897246534 6
      vertex 92.1193412371041 59.1306587628959 6
    endloop
  endfacet
  facet normal 0 0 1
    outer loop
      vertex 95.5 58.75 6
      vertex 92.48327987517615 59.60495283018868 6
      vertex 92.31685399392167 59.355878897246534 6
    endloop
  endfacet
  facet normal 0 0 1
    outer loop
      vertex 95.5 58.75 6
      vertex 92.6157712878973 59.87361883767335 6
      vertex 92.48327987517615 59.60495283018868 6
    endloop
  endfacet
  facet normal 0 0 1
    outer loop
      vertex 95.5 58.75 6
      vertex 92.71206126727992 60.15727996982418 6
      vertex 92.6157712878973 59.87361883767335 6
    endloop
  endfacet
  facet normal 0 0 1
    outer loop
      vertex 95.47433458268642 58.35842142254114 6
      vertex 95.5 58.75 6
      vertex 91.37638116232667 58.63422871210269 6
    endloop
  endfacet
  facet normal 0 0 1
    outer loop
      vertex 95.5 58.75 6
      vertex 92.77050226508011 60.451082706024366 6
      vertex 92.71206126727992 60.15727996982418 6
    endloop
  endfacet
  facet normal 0 0 1
    outer loop
      vertex 95.5 58.75 6
      vertex 92.79009433962264 60.75 6
      vertex 92.77050226508011 60.451082706024366 6
    endloop
  endfacet
  facet normal 0 0 1
    outer loop
      vertex 95.5 58.75 6
      vertex 92.77050226508011 61.048917293975634 6
      vertex 92.79009433962264 60.75 6
    endloop
  endfacet
  facet normal 0 0 1
    outer loop
      vertex 95.5 62.75 6
      vertex 92.71206126727992 61.34272003017582 6
      vertex 92.77050226508011 61.048917293975634 6
    endloop
  endfacet
  facet normal 0 0 1
    outer loop
      vertex 95.5 58.75 6
      vertex 95.5 62.75 6
      vertex 92.77050226508011 61.048917293975634 6
    endloop
  endfacet
  facet normal 0 0 1
    outer loop
      vertex 95.39777747541666 63.52645713835955 6
      vertex 90.20108270602437 63.02050226508012 6
      vertex 90.5 63.04009433962264 6
    endloop
  endfacet
  facet normal 0 0 1
    outer loop
      vertex 95.39777747541666 63.52645713835955 6
      vertex 90.5 63.04009433962264 6
      vertex 90.79891729397563 63.020502265080125 6
    endloop
  endfacet
  facet normal 0 0 1
    outer loop
      vertex 95.47433458268642 63.14157857745886 6
      vertex 90.79891729397563 63.020502265080125 6
      vertex 91.09272003017581 62.962061267279914 6
    endloop
  endfacet
  facet normal 0 0 1
    outer loop
      vertex 95.5 62.75 6
      vertex 91.89412110275346 62.566853993921676 6
      vertex 92.1193412371041 62.3693412371041 6
    endloop
  endfacet
  facet normal 0 0 1
    outer loop
      vertex 95.5 62.75 6
      vertex 92.6157712878973 61.62638116232665 6
      vertex 92.71206126727992 61.34272003017582 6
    endloop
  endfacet
  facet normal 0 0 1
    outer loop
      vertex 95.5 62.75 6
      vertex 92.48327987517615 61.89504716981132 6
      vertex 92.6157712878973 61.62638116232665 6
    endloop
  endfacet
  facet normal 0 0 1
    outer loop
      vertex 95.5 62.75 6
      vertex 92.31685399392167 62.144121102753466 6
      vertex 92.48327987517615 61.89504716981132 6
    endloop
  endfacet
  facet normal 0 0 1
    outer loop
      vertex 95.5 62.75 6
      vertex 92.1193412371041 62.3693412371041 6
      vertex 92.31685399392167 62.144121102753466 6
    endloop
  endfacet
  facet normal 0 0 1
    outer loop
      vertex 95.47433458268642 63.14157857745886 6
      vertex 91.37638116232667 62.86577128789731 6
      vertex 91.64504716981132 62.73327987517615 6
    endloop
  endfacet
  facet normal 0 0 1
    outer loop
      vertex 95.47433458268642 63.14157857745886 6
      vertex 91.09272003017581 62.962061267279914 6
      vertex 91.37638116232667 62.86577128789731 6
    endloop
  endfacet
  facet normal 0 0 1
    outer loop
      vertex 95.47433458268642 63.14157857745886 6
      vertex 91.64504716981132 62.73327987517615 6
      vertex 91.89412110275346 62.566853993921676 6
    endloop
  endfacet
  facet normal 0 0 1
    outer loop
      vertex 95.47433458268642 63.14157857745886 6
      vertex 95.39777747541666 63.52645713835955 6
      vertex 90.79891729397563 63.020502265080125 6
    endloop
  endfacet
  facet normal 0 0 1
    outer loop
      vertex 95.5 62.75 6
      vertex 95.47433458268642 63.14157857745886 6
      vertex 91.89412110275346 62.566853993921676 6
    endloop
  endfacet
  facet normal 0 0 -1
    outer loop
      vertex -95.39777747541666 -61.02645713835955 0
      vertex -95.47433458268642 -60.64157857745886 0
      vertex -91.38388347648319 -59.133883476483184 0
    endloop
  endfacet
  facet normal 0 0 -1
    outer loop
      vertex -95.47433458268642 -60.64157857745886 0
      vertex -95.5 -60.25 0
      vertex -91.58253175473055 -58.875 0
    endloop
  endfacet
  facet normal 0 0 -1
    outer loop
      vertex -95.39777747541666 -61.02645713835955 0
      vertex -91.2609517862609 -59.241691675364045 0
      vertex -91.125 -59.332531754730546 0
    endloop
  endfacet
  facet normal 0 0 -1
    outer loop
      vertex -95.39777747541666 -61.02645713835955 0
      vertex -91.38388347648319 -59.133883476483184 0
      vertex -91.2609517862609 -59.241691675364045 0
    endloop
  endfacet
  facet normal 0 0 -1
    outer loop
      vertex -95.5 -60.25 0
      vertex -91.6548494156391 -58.72835429045636 0
      vertex -91.58253175473055 -58.875 0
    endloop
  endfacet
  facet normal 0 0 -1
    outer loop
      vertex -95.47433458268642 -60.64157857745886 0
      vertex -91.49169167536404 -59.010951786260904 0
      vertex -91.38388347648319 -59.133883476483184 0
    endloop
  endfacet
  facet normal 0 0 -1
    outer loop
      vertex -95.47433458268642 -60.64157857745886 0
      vertex -91.58253175473055 -58.875 0
      vertex -91.49169167536404 -59.010951786260904 0
    endloop
  endfacet
  facet normal 0 0 -1
    outer loop
      vertex -93.27645713835955 -63.14777747541666 0
      vertex -87 -62.848076209425926 0
      vertex -92.89157857745886 -63.224334582686424 0
    endloop
  endfacet
  facet normal 0 0 -1
    outer loop
      vertex -94 -62.848076209425926 0
      vertex -86.3786796554923 -62.371320344507694 0
      vertex -93.64805030077696 -63.021638594567776 0
    endloop
  endfacet
  facet normal 0 0 -1
    outer loop
      vertex -93.64805030077696 -63.021638594567776 0
      vertex -86.67371571063995 -62.6300600245595 0
      vertex -93.27645713835955 -63.14777747541666 0
    endloop
  endfacet
  facet normal 0 0 -1
    outer loop
      vertex -94.32628428936005 -62.6300600245595 0
      vertex -86.1199399754405 -62.076284289360046 0
      vertex -94 -62.848076209425926 0
    endloop
  endfacet
  facet normal 0 0 -1
    outer loop
      vertex -94.32628428936005 -62.6300600245595 0
      vertex -94.6213203445077 -62.371320344507694 0
      vertex -85.90192379057407 -61.75 0
    endloop
  endfacet
  facet normal 0 0 -1
    outer loop
      vertex -94.8800600245595 -62.076284289360046 0
      vertex -95.09807620942593 -61.75 0
      vertex -85.60222252458334 -61.02645713835955 0
    endloop
  endfacet
  facet normal 0 0 -1
    outer loop
      vertex -95.27163859456778 -61.39805030077696 0
      vertex -85.52566541731358 -60.64157857745886 0
      vertex -95.09807620942593 -61.75 0
    endloop
  endfacet
  facet normal 0 0 -1
    outer loop
      vertex -94.8800600245595 -62.076284289360046 0
      vertex -85.72836140543222 -61.39805030077696 0
      vertex -94.6213203445077 -62.371320344507694 0
    endloop
  endfacet
  facet normal 0 0 -1
    outer loop
      vertex -92.89157857745886 -63.224334582686424 0
      vertex -87.35194969922304 -63.021638594567776 0
      vertex -92.5 -63.25 0
    endloop
  endfacet
  facet normal 0 0 -1
    outer loop
      vertex -92.5 -63.25 0
      vertex -87.72354286164045 -63.14777747541666 0
      vertex -88.5 -63.25 0
    endloop
  endfacet
  facet normal 0 0 -1
    outer loop
      vertex -95.27163859456778 -61.39805030077696 0
      vertex -95.39777747541666 -61.02645713835955 0
      vertex -85.5 -60.25 0
    endloop
  endfacet
  facet normal 0 0 -1
    outer loop
      vertex -95.39777747541666 -61.02645713835955 0
      vertex -90.82352380637815 -59.45740728286133 0
      vertex -90.66315774027507 -59.48930607671726 0
    endloop
  endfacet
  facet normal 0 0 -1
    outer loop
      vertex -95.39777747541666 -61.02645713835955 0
      vertex -90.97835429045637 -59.404849415639106 0
      vertex -90.82352380637815 -59.45740728286133 0
    endloop
  endfacet
  facet normal 0 0 -1
    outer loop
      vertex -95.39777747541666 -61.02645713835955 0
      vertex -91.125 -59.332531754730546 0
      vertex -90.97835429045637 -59.404849415639106 0
    endloop
  endfacet
  facet normal 0 0 -1
    outer loop
      vertex -95.39777747541666 -61.02645713835955 0
      vertex -90.66315774027507 -59.48930607671726 0
      vertex -85.5 -60.25 0
    endloop
  endfacet
  facet normal 0 0 -1
    outer loop
      vertex -95.5 -60.25 0
      vertex -95.5 -56.25 0
      vertex -91.70740728286134 -58.57352380637815 0
    endloop
  endfacet
  facet normal 0 0 -1
    outer loop
      vertex -95.5 -60.25 0
      vertex -91.70740728286134 -58.57352380637815 0
      vertex -91.6548494156391 -58.72835429045636 0
    endloop
  endfacet
  facet normal 0 0 -1
    outer loop
      vertex -95.5 -56.25 0
      vertex -91.73930607671727 -58.41315774027507 0
      vertex -91.70740728286134 -58.57352380637815 0
    endloop
  endfacet
  facet normal 0 0 -1
    outer loop
      vertex -95.5 -56.25 0
      vertex -91.75 -58.25 0
      vertex -91.73930607671727 -58.41315774027507 0
    endloop
  endfacet
  facet normal 0 0 -1
    outer loop
      vertex -95.5 -56.25 0
      vertex -91.73930607671727 -58.08684225972493 0
      vertex -91.75 -58.25 0
    endloop
  endfacet
  facet normal 0 0 -1
    outer loop
      vertex -95.5 -56.25 0
      vertex -91.70740728286134 -57.92647619362185 0
      vertex -91.73930607671727 -58.08684225972493 0
    endloop
  endfacet
  facet normal 0 0 -1
    outer loop
      vertex -95.5 -56.25 0
      vertex -91.6548494156391 -57.77164570954364 0
      vertex -91.70740728286134 -57.92647619362185 0
    endloop
  endfacet
  facet normal 0 0 -1
    outer loop
      vertex -95.5 -56.25 0
      vertex -91.58253175473055 -57.625 0
      vertex -91.6548494156391 -57.77164570954364 0
    endloop
  endfacet
  facet normal 0 0 -1
    outer loop
      vertex -95.5 -56.25 0
      vertex -91.49169167536404 -57.489048213739096 0
      vertex -91.58253175473055 -57.625 0
    endloop
  endfacet
  facet normal 0 0 -1
    outer loop
      vertex -95.5 -56.25 0
      vertex -91.38388347648319 -57.366116523516816 0
      vertex -91.49169167536404 -57.489048213739096 0
    endloop
  endfacet
  facet normal 0 0 -1
    outer loop
      vertex -95.5 -56.25 0
      vertex -91.2609517862609 -57.258308324635955 0
      vertex -91.38388347648319 -57.366116523516816 0
    endloop
  endfacet
  facet normal 0 0 -1
    outer loop
      vertex -95.5 -56.25 0
      vertex -91.125 -57.167468245269454 0
      vertex -91.2609517862609 -57.258308324635955 0
    endloop
  endfacet
  facet normal 0 0 -1
    outer loop
      vertex -95.5 -56.25 0
      vertex -90.97835429045637 -57.095150584360894 0
      vertex -91.125 -57.167468245269454 0
    endloop
  endfacet
  facet normal 0 0 -1
    outer loop
      vertex -95.5 -56.25 0
      vertex -90.82352380637815 -57.04259271713867 0
      vertex -90.97835429045637 -57.095150584360894 0
    endloop
  endfacet
  facet normal 0 0 -1
    outer loop
      vertex -95.5 -56.25 0
      vertex -90.66315774027507 -57.01069392328274 0
      vertex -90.82352380637815 -57.04259271713867 0
    endloop
  endfacet
  facet normal 0 0 -1
    outer loop
      vertex -95.5 -56.25 0
      vertex -90.5 -57 0
      vertex -90.66315774027507 -57.01069392328274 0
    endloop
  endfacet
  facet normal 0 0 -1
    outer loop
      vertex -95.5 -56.25 0
      vertex -90.33684225972493 -57.01069392328274 0
      vertex -90.5 -57 0
    endloop
  endfacet
  facet normal 0 0 -1
    outer loop
      vertex -95.5 -56.25 0
      vertex -95.47433458268642 -55.85842142254114 0
      vertex -85.72836140543222 -55.10194969922304 0
    endloop
  endfacet
  facet normal 0 0 -1
    outer loop
      vertex -95.47433458268642 -55.85842142254114 0
      vertex -95.39777747541666 -55.47354286164045 0
      vertex -85.90192379057407 -54.75 0
    endloop
  endfacet
  facet normal 0 0 -1
    outer loop
      vertex -95.5 -56.25 0
      vertex -85.60222252458334 -55.47354286164045 0
      vertex -90.33684225972493 -57.01069392328274 0
    endloop
  endfacet
  facet normal 0 0 -1
    outer loop
      vertex -92.5 -63.25 0
      vertex -87.35194969922304 -63.021638594567776 0
      vertex -87.72354286164045 -63.14777747541666 0
    endloop
  endfacet
  facet normal 0 0 -1
    outer loop
      vertex -92.89157857745886 -63.224334582686424 0
      vertex -87 -62.848076209425926 0
      vertex -87.35194969922304 -63.021638594567776 0
    endloop
  endfacet
  facet normal 0 0 -1
    outer loop
      vertex -93.27645713835955 -63.14777747541666 0
      vertex -86.67371571063995 -62.6300600245595 0
      vertex -87 -62.848076209425926 0
    endloop
  endfacet
  facet normal 0 0 -1
    outer loop
      vertex -93.64805030077696 -63.021638594567776 0
      vertex -86.3786796554923 -62.371320344507694 0
      vertex -86.67371571063995 -62.6300600245595 0
    endloop
  endfacet
  facet normal 0 0 -1
    outer loop
      vertex -94 -62.848076209425926 0
      vertex -86.1199399754405 -62.076284289360046 0
      vertex -86.3786796554923 -62.371320344507694 0
    endloop
  endfacet
  facet normal 0 0 -1
    outer loop
      vertex -88.5 -63.25 0
      vertex -87.72354286164045 -63.14777747541666 0
      vertex -88.10842142254114 -63.224334582686424 0
    endloop
  endfacet
  facet normal 0 0 -1
    outer loop
      vertex -94.32628428936005 -62.6300600245595 0
      vertex -85.90192379057407 -61.75 0
      vertex -86.1199399754405 -62.076284289360046 0
    endloop
  endfacet
  facet normal 0 0 -1
    outer loop
      vertex -94.6213203445077 -62.371320344507694 0
      vertex -85.72836140543222 -61.39805030077696 0
      vertex -85.90192379057407 -61.75 0
    endloop
  endfacet
  facet normal 0 0 -1
    outer loop
      vertex -94.8800600245595 -62.076284289360046 0
      vertex -85.60222252458334 -61.02645713835955 0
      vertex -85.72836140543222 -61.39805030077696 0
    endloop
  endfacet
  facet normal 0 0 -1
    outer loop
      vertex -95.09807620942593 -61.75 0
      vertex -85.52566541731358 -60.64157857745886 0
      vertex -85.60222252458334 -61.02645713835955 0
    endloop
  endfacet
  facet normal 0 0 -1
    outer loop
      vertex -95.27163859456778 -61.39805030077696 0
      vertex -85.5 -60.25 0
      vertex -85.52566541731358 -60.64157857745886 0
    endloop
  endfacet
  facet normal 0 0 -1
    outer loop
      vertex -85.5 -60.25 0
      vertex -90.66315774027507 -59.48930607671726 0
      vertex -90.5 -59.5 0
    endloop
  endfacet
  facet normal 0 0 -1
    outer loop
      vertex -85.5 -60.25 0
      vertex -90.5 -59.5 0
      vertex -90.33684225972493 -59.48930607671726 0
    endloop
  endfacet
  facet normal 0 0 -1
    outer loop
      vertex -85.5 -60.25 0
      vertex -90.33684225972493 -59.48930607671726 0
      vertex -90.17647619362185 -59.45740728286133 0
    endloop
  endfacet
  facet normal 0 0 -1
    outer loop
      vertex -85.5 -60.25 0
      vertex -90.17647619362185 -59.45740728286133 0
      vertex -90.02164570954363 -59.404849415639106 0
    endloop
  endfacet
  facet normal 0 0 -1
    outer loop
      vertex -85.5 -60.25 0
      vertex -90.02164570954363 -59.404849415639106 0
      vertex -89.875 -59.332531754730546 0
    endloop
  endfacet
  facet normal 0 0 -1
    outer loop
      vertex -85.5 -60.25 0
      vertex -89.875 -59.332531754730546 0
      vertex -89.7390482137391 -59.241691675364045 0
    endloop
  endfacet
  facet normal 0 0 -1
    outer loop
      vertex -85.5 -60.25 0
      vertex -89.7390482137391 -59.241691675364045 0
      vertex -89.61611652351681 -59.133883476483184 0
    endloop
  endfacet
  facet normal 0 0 -1
    outer loop
      vertex -85.5 -60.25 0
      vertex -89.61611652351681 -59.133883476483184 0
      vertex -89.50830832463596 -59.010951786260904 0
    endloop
  endfacet
  facet normal 0 0 -1
    outer loop
      vertex -85.5 -60.25 0
      vertex -89.50830832463596 -59.010951786260904 0
      vertex -89.41746824526945 -58.875 0
    endloop
  endfacet
  facet normal 0 0 -1
    outer loop
      vertex -85.5 -60.25 0
      vertex -89.41746824526945 -58.875 0
      vertex -89.3451505843609 -58.72835429045636 0
    endloop
  endfacet
  facet normal 0 0 -1
    outer loop
      vertex -85.5 -60.25 0
      vertex -89.3451505843609 -58.72835429045636 0
      vertex -89.29259271713866 -58.57352380637815 0
    endloop
  endfacet
  facet normal 0 0 -1
    outer loop
      vertex -85.5 -56.25 0
      vertex -89.29259271713866 -57.92647619362185 0
      vertex -89.3451505843609 -57.77164570954364 0
    endloop
  endfacet
  facet normal 0 0 -1
    outer loop
      vertex -85.5 -56.25 0
      vertex -89.3451505843609 -57.77164570954364 0
      vertex -89.41746824526945 -57.625 0
    endloop
  endfacet
  facet normal 0 0 -1
    outer loop
      vertex -85.5 -60.25 0
      vertex -89.29259271713866 -58.57352380637815 0
      vertex -89.26069392328273 -58.41315774027507 0
    endloop
  endfacet
  facet normal 0 0 -1
    outer loop
      vertex -85.5 -60.25 0
      vertex -89.26069392328273 -58.41315774027507 0
      vertex -89.25 -58.25 0
    endloop
  endfacet
  facet normal 0 0 -1
    outer loop
      vertex -85.5 -60.25 0
      vertex -89.25 -58.25 0
      vertex -89.26069392328273 -58.08684225972493 0
    endloop
  endfacet
  facet normal 0 0 -1
    outer loop
      vertex -85.5 -60.25 0
      vertex -89.26069392328273 -58.08684225972493 0
      vertex -89.29259271713866 -57.92647619362185 0
    endloop
  endfacet
  facet normal 0 0 -1
    outer loop
      vertex -85.5 -60.25 0
      vertex -89.29259271713866 -57.92647619362185 0
      vertex -85.5 -56.25 0
    endloop
  endfacet
  facet normal 0 0 -1
    outer loop
      vertex -85.52566541731358 -55.85842142254114 0
      vertex -89.41746824526945 -57.625 0
      vertex -89.50830832463596 -57.489048213739096 0
    endloop
  endfacet
  facet normal 0 0 -1
    outer loop
      vertex -85.60222252458334 -55.47354286164045 0
      vertex -89.61611652351681 -57.366116523516816 0
      vertex -89.7390482137391 -57.258308324635955 0
    endloop
  endfacet
  facet normal 0 0 -1
    outer loop
      vertex -85.52566541731358 -55.85842142254114 0
      vertex -89.50830832463596 -57.489048213739096 0
      vertex -89.61611652351681 -57.366116523516816 0
    endloop
  endfacet
  facet normal 0 0 -1
    outer loop
      vertex -85.60222252458334 -55.47354286164045 0
      vertex -90.02164570954363 -57.095150584360894 0
      vertex -90.17647619362185 -57.04259271713867 0
    endloop
  endfacet
  facet normal 0 0 -1
    outer loop
      vertex -85.60222252458334 -55.47354286164045 0
      vertex -90.17647619362185 -57.04259271713867 0
      vertex -90.33684225972493 -57.01069392328274 0
    endloop
  endfacet
  facet normal 0 0 -1
    outer loop
      vertex -85.60222252458334 -55.47354286164045 0
      vertex -89.875 -57.167468245269454 0
      vertex -90.02164570954363 -57.095150584360894 0
    endloop
  endfacet
  facet normal 0 0 -1
    outer loop
      vertex -85.60222252458334 -55.47354286164045 0
      vertex -89.7390482137391 -57.258308324635955 0
      vertex -89.875 -57.167468245269454 0
    endloop
  endfacet
  facet normal 0 0 -1
    outer loop
      vertex -95.5 -56.25 0
      vertex -85.72836140543222 -55.10194969922304 0
      vertex -85.60222252458334 -55.47354286164045 0
    endloop
  endfacet
  facet normal 0 0 -1
    outer loop
      vertex -95.47433458268642 -55.85842142254114 0
      vertex -85.90192379057407 -54.75 0
      vertex -85.72836140543222 -55.10194969922304 0
    endloop
  endfacet
  facet normal 0 0 -1
    outer loop
      vertex -85.5 -56.25 0
      vertex -89.41746824526945 -57.625 0
      vertex -85.52566541731358 -55.85842142254114 0
    endloop
  endfacet
  facet normal 0 0 -1
    outer loop
      vertex -85.52566541731358 -55.85842142254114 0
      vertex -89.61611652351681 -57.366116523516816 0
      vertex -85.60222252458334 -55.47354286164045 0
    endloop
  endfacet
  facet normal 0 0 -1
    outer loop
      vertex -93.27645713835955 -53.35222252458334 0
      vertex -92.89157857745886 -53.275665417313576 0
      vertex -92.5 -53.25 0
    endloop
  endfacet
  facet normal 0 0 -1
    outer loop
      vertex -95.39777747541666 -55.47354286164045 0
      vertex -95.27163859456778 -55.10194969922304 0
      vertex -86.1199399754405 -54.423715710639954 0
    endloop
  endfacet
  facet normal 0 0 -1
    outer loop
      vertex -95.27163859456778 -55.10194969922304 0
      vertex -95.09807620942593 -54.75 0
      vertex -86.3786796554923 -54.128679655492306 0
    endloop
  endfacet
  facet normal 0 0 -1
    outer loop
      vertex -95.09807620942593 -54.75 0
      vertex -94.8800600245595 -54.423715710639954 0
      vertex -86.67371571063995 -53.8699399754405 0
    endloop
  endfacet
  facet normal 0 0 -1
    outer loop
      vertex -94.8800600245595 -54.423715710639954 0
      vertex -94.6213203445077 -54.128679655492306 0
      vertex -87 -53.651923790574074 0
    endloop
  endfacet
  facet normal 0 0 -1
    outer loop
      vertex -94.6213203445077 -54.128679655492306 0
      vertex -94.32628428936005 -53.8699399754405 0
      vertex -87.35194969922304 -53.478361405432224 0
    endloop
  endfacet
  facet normal 0 0 -1
    outer loop
      vertex -94.32628428936005 -53.8699399754405 0
      vertex -94 -53.651923790574074 0
      vertex -87.72354286164045 -53.35222252458334 0
    endloop
  endfacet
  facet normal 0 0 -1
    outer loop
      vertex -94 -53.651923790574074 0
      vertex -93.64805030077696 -53.478361405432224 0
      vertex -88.10842142254114 -53.275665417313576 0
    endloop
  endfacet
  facet normal 0 0 -1
    outer loop
      vertex -93.64805030077696 -53.478361405432224 0
      vertex -93.27645713835955 -53.35222252458334 0
      vertex -88.5 -53.25 0
    endloop
  endfacet
  facet normal 0 0 -1
    outer loop
      vertex -93.27645713835955 -53.35222252458334 0
      vertex -92.5 -53.25 0
      vertex -88.5 -53.25 0
    endloop
  endfacet
  facet normal 0 0 -1
    outer loop
      vertex -94.6213203445077 -54.128679655492306 0
      vertex -87.35194969922304 -53.478361405432224 0
      vertex -87 -53.651923790574074 0
    endloop
  endfacet
  facet normal 0 0 -1
    outer loop
      vertex -94 -53.651923790574074 0
      vertex -88.10842142254114 -53.275665417313576 0
      vertex -87.72354286164045 -53.35222252458334 0
    endloop
  endfacet
  facet normal 0 0 -1
    outer loop
      vertex -93.64805030077696 -53.478361405432224 0
      vertex -88.5 -53.25 0
      vertex -88.10842142254114 -53.275665417313576 0
    endloop
  endfacet
  facet normal 0 0 -1
    outer loop
      vertex -94.32628428936005 -53.8699399754405 0
      vertex -87.72354286164045 -53.35222252458334 0
      vertex -87.35194969922304 -53.478361405432224 0
    endloop
  endfacet
  facet normal 0 0 -1
    outer loop
      vertex -95.39777747541666 -55.47354286164045 0
      vertex -86.1199399754405 -54.423715710639954 0
      vertex -85.90192379057407 -54.75 0
    endloop
  endfacet
  facet normal 0 0 -1
    outer loop
      vertex -95.27163859456778 -55.10194969922304 0
      vertex -86.3786796554923 -54.128679655492306 0
      vertex -86.1199399754405 -54.423715710639954 0
    endloop
  endfacet
  facet normal 0 0 -1
    outer loop
      vertex -95.09807620942593 -54.75 0
      vertex -86.67371571063995 -53.8699399754405 0
      vertex -86.3786796554923 -54.128679655492306 0
    endloop
  endfacet
  facet normal 0 0 -1
    outer loop
      vertex -94.8800600245595 -54.423715710639954 0
      vertex -87 -53.651923790574074 0
      vertex -86.67371571063995 -53.8699399754405 0
    endloop
  endfacet
  facet normal -0.6593458207943228 -0.7518398024852507 0
    outer loop
      vertex -94.32628428936005 -62.6300600245595 0
      vertex -94.6213203445077 -62.371320344507694 6
      vertex -94.6213203445077 -62.371320344507694 0
    endloop
  endfacet
  facet normal -0.5555702203832522 -0.8314696207458843 0
    outer loop
      vertex -94.32628428936005 -62.6300600245595 0
      vertex -94 -62.848076209425926 0
      vertex -94.32628428936005 -62.6300600245595 6
    endloop
  endfacet
  facet normal -0.7518398024852507 -0.6593458207943228 0
    outer loop
      vertex -94.8800600245595 -62.076284289360046 0
      vertex -94.6213203445077 -62.371320344507694 0
      vertex -94.8800600245595 -62.076284289360046 6
    endloop
  endfacet
  facet normal -0.8314696207458843 -0.5555702203832522 0
    outer loop
      vertex -94.8800600245595 -62.076284289360046 0
      vertex -95.09807620942593 -61.75 6
      vertex -95.09807620942593 -61.75 0
    endloop
  endfacet
  facet normal -0.8968727407473451 -0.4422886918115197 0
    outer loop
      vertex -95.27163859456778 -61.39805030077696 0
      vertex -95.09807620942593 -61.75 0
      vertex -95.27163859456778 -61.39805030077696 6
    endloop
  endfacet
  facet normal -0.4422886918115197 -0.8968727407473451 0
    outer loop
      vertex -94 -62.848076209425926 0
      vertex -93.64805030077696 -63.021638594567776 0
      vertex -94 -62.848076209425926 6
    endloop
  endfacet
  facet normal -0.3214394637077385 -0.9469301300366789 0
    outer loop
      vertex -93.64805030077696 -63.021638594567776 0
      vertex -93.27645713835955 -63.14777747541666 0
      vertex -93.64805030077696 -63.021638594567776 6
    endloop
  endfacet
  facet normal -0.19509032585814412 -0.9807852796390061 0
    outer loop
      vertex -93.27645713835955 -63.14777747541666 0
      vertex -92.89157857745886 -63.224334582686424 0
      vertex -93.27645713835955 -63.14777747541666 6
    endloop
  endfacet
  facet normal -0.06540313273849395 -0.9978589230086541 0
    outer loop
      vertex -92.89157857745886 -63.224334582686424 0
      vertex -92.5 -63.25 0
      vertex -92.89157857745886 -63.224334582686424 6
    endloop
  endfacet
  facet normal -0.9469301300366789 -0.3214394637077385 0
    outer loop
      vertex -95.27163859456778 -61.39805030077696 0
      vertex -95.39777747541666 -61.02645713835955 6
      vertex -95.39777747541666 -61.02645713835955 0
    endloop
  endfacet
  facet normal -0.9807852796390061 -0.19509032585814412 0
    outer loop
      vertex -95.39777747541666 -61.02645713835955 0
      vertex -95.47433458268642 -60.64157857745886 6
      vertex -95.47433458268642 -60.64157857745886 0
    endloop
  endfacet
  facet normal -0.9978589230086541 -0.06540313273849395 0
    outer loop
      vertex -95.47433458268642 -60.64157857745886 0
      vertex -95.5 -60.25 6
      vertex -95.5 -60.25 0
    endloop
  endfacet
  facet normal 0 -1 0
    outer loop
      vertex -92.5 -63.25 0
      vertex -88.5 -63.25 0
      vertex -92.5 -63.25 6
    endloop
  endfacet
  facet normal -1 0 0
    outer loop
      vertex -95.5 -60.25 0
      vertex -95.5 -56.25 6
      vertex -95.5 -56.25 0
    endloop
  endfacet
  facet normal -0.9978589230086541 0.06540313273849395 0
    outer loop
      vertex -95.5 -56.25 0
      vertex -95.47433458268642 -55.85842142254114 6
      vertex -95.47433458268642 -55.85842142254114 0
    endloop
  endfacet
  facet normal -0.9807852796390061 0.19509032585814412 0
    outer loop
      vertex -95.47433458268642 -55.85842142254114 0
      vertex -95.39777747541666 -55.47354286164045 6
      vertex -95.39777747541666 -55.47354286164045 0
    endloop
  endfacet
  facet normal -0.9469301300366789 0.3214394637077385 0
    outer loop
      vertex -95.39777747541666 -55.47354286164045 0
      vertex -95.27163859456778 -55.10194969922304 6
      vertex -95.27163859456778 -55.10194969922304 0
    endloop
  endfacet
  facet normal 0.06540313273849395 -0.9978589230086541 0
    outer loop
      vertex -88.5 -63.25 0
      vertex -88.10842142254114 -63.224334582686424 0
      vertex -88.5 -63.25 6
    endloop
  endfacet
  facet normal 0.19509032585814412 -0.9807852796390061 0
    outer loop
      vertex -88.10842142254114 -63.224334582686424 0
      vertex -87.72354286164045 -63.14777747541666 0
      vertex -88.10842142254114 -63.224334582686424 6
    endloop
  endfacet
  facet normal 0.3214394637077385 -0.9469301300366789 0
    outer loop
      vertex -87.72354286164045 -63.14777747541666 0
      vertex -87.35194969922304 -63.021638594567776 0
      vertex -87.72354286164045 -63.14777747541666 6
    endloop
  endfacet
  facet normal 0.4422886918115197 -0.8968727407473451 0
    outer loop
      vertex -87.35194969922304 -63.021638594567776 0
      vertex -87 -62.848076209425926 0
      vertex -87.35194969922304 -63.021638594567776 6
    endloop
  endfacet
  facet normal 0.5555702203832522 -0.8314696207458843 0
    outer loop
      vertex -87 -62.848076209425926 0
      vertex -86.67371571063995 -62.6300600245595 0
      vertex -87 -62.848076209425926 6
    endloop
  endfacet
  facet normal 0.6593458207943228 -0.7518398024852507 0
    outer loop
      vertex -86.67371571063995 -62.6300600245595 0
      vertex -86.3786796554923 -62.371320344507694 0
      vertex -86.67371571063995 -62.6300600245595 6
    endloop
  endfacet
  facet normal 0.7518398024852507 -0.6593458207943228 0
    outer loop
      vertex -86.3786796554923 -62.371320344507694 0
      vertex -86.1199399754405 -62.076284289360046 0
      vertex -86.3786796554923 -62.371320344507694 6
    endloop
  endfacet
  facet normal 0.8314696207458843 -0.5555702203832522 0
    outer loop
      vertex -86.1199399754405 -62.076284289360046 0
      vertex -85.90192379057407 -61.75 0
      vertex -86.1199399754405 -62.076284289360046 6
    endloop
  endfacet
  facet normal 0.8968727407473451 -0.4422886918115197 0
    outer loop
      vertex -85.90192379057407 -61.75 0
      vertex -85.72836140543222 -61.39805030077696 0
      vertex -85.90192379057407 -61.75 6
    endloop
  endfacet
  facet normal 0.9469301300366789 -0.3214394637077385 0
    outer loop
      vertex -85.72836140543222 -61.39805030077696 0
      vertex -85.60222252458334 -61.02645713835955 0
      vertex -85.72836140543222 -61.39805030077696 6
    endloop
  endfacet
  facet normal 0.9807852796390061 -0.19509032585814412 0
    outer loop
      vertex -85.60222252458334 -61.02645713835955 0
      vertex -85.52566541731358 -60.64157857745886 0
      vertex -85.60222252458334 -61.02645713835955 6
    endloop
  endfacet
  facet normal 0.9978589230086541 -0.06540313273849395 0
    outer loop
      vertex -85.52566541731358 -60.64157857745886 0
      vertex -85.5 -60.25 0
      vertex -85.52566541731358 -60.64157857745886 6
    endloop
  endfacet
  facet normal 1 0 0
    outer loop
      vertex -85.5 -60.25 0
      vertex -85.5 -56.25 0
      vertex -85.5 -60.25 6
    endloop
  endfacet
  facet normal 0.9978589230086541 0.06540313273849395 0
    outer loop
      vertex -85.5 -56.25 0
      vertex -85.52566541731358 -55.85842142254114 0
      vertex -85.5 -56.25 6
    endloop
  endfacet
  facet normal 0.9807852796390061 0.19509032585814412 0
    outer loop
      vertex -85.52566541731358 -55.85842142254114 0
      vertex -85.60222252458334 -55.47354286164045 0
      vertex -85.52566541731358 -55.85842142254114 6
    endloop
  endfacet
  facet normal 0.9469301300366789 0.3214394637077385 0
    outer loop
      vertex -85.60222252458334 -55.47354286164045 0
      vertex -85.72836140543222 -55.10194969922304 0
      vertex -85.60222252458334 -55.47354286164045 6
    endloop
  endfacet
  facet normal -0.8968727407473451 0.4422886918115197 0
    outer loop
      vertex -95.27163859456778 -55.10194969922304 0
      vertex -95.09807620942593 -54.75 6
      vertex -95.09807620942593 -54.75 0
    endloop
  endfacet
  facet normal -0.8314696207458843 0.5555702203832522 0
    outer loop
      vertex -95.09807620942593 -54.75 0
      vertex -94.8800600245595 -54.423715710639954 6
      vertex -94.8800600245595 -54.423715710639954 0
    endloop
  endfacet
  facet normal -0.7518398024852507 0.6593458207943228 0
    outer loop
      vertex -94.8800600245595 -54.423715710639954 0
      vertex -94.6213203445077 -54.128679655492306 6
      vertex -94.6213203445077 -54.128679655492306 0
    endloop
  endfacet
  facet normal -0.6593458207943228 0.7518398024852507 0
    outer loop
      vertex -94.6213203445077 -54.128679655492306 0
      vertex -94.32628428936005 -53.8699399754405 6
      vertex -94.32628428936005 -53.8699399754405 0
    endloop
  endfacet
  facet normal -0.5555702203832522 0.8314696207458843 0
    outer loop
      vertex -94.32628428936005 -53.8699399754405 0
      vertex -94 -53.651923790574074 6
      vertex -94 -53.651923790574074 0
    endloop
  endfacet
  facet normal -0.4422886918115197 0.8968727407473451 0
    outer loop
      vertex -94 -53.651923790574074 0
      vertex -93.64805030077696 -53.478361405432224 6
      vertex -93.64805030077696 -53.478361405432224 0
    endloop
  endfacet
  facet normal -0.3214394637077385 0.9469301300366789 0
    outer loop
      vertex -93.64805030077696 -53.478361405432224 0
      vertex -93.27645713835955 -53.35222252458334 6
      vertex -93.27645713835955 -53.35222252458334 0
    endloop
  endfacet
  facet normal -0.19509032585814412 0.9807852796390061 0
    outer loop
      vertex -93.27645713835955 -53.35222252458334 0
      vertex -92.89157857745886 -53.275665417313576 6
      vertex -92.89157857745886 -53.275665417313576 0
    endloop
  endfacet
  facet normal -0.06540313273849395 0.9978589230086541 0
    outer loop
      vertex -92.89157857745886 -53.275665417313576 0
      vertex -92.5 -53.25 6
      vertex -92.5 -53.25 0
    endloop
  endfacet
  facet normal 0 1 0
    outer loop
      vertex -92.5 -53.25 0
      vertex -88.5 -53.25 6
      vertex -88.5 -53.25 0
    endloop
  endfacet
  facet normal 0.06540313273849395 0.9978589230086541 0
    outer loop
      vertex -88.5 -53.25 0
      vertex -88.10842142254114 -53.275665417313576 6
      vertex -88.10842142254114 -53.275665417313576 0
    endloop
  endfacet
  facet normal 0.19509032585814412 0.9807852796390061 0
    outer loop
      vertex -88.10842142254114 -53.275665417313576 0
      vertex -87.72354286164045 -53.35222252458334 6
      vertex -87.72354286164045 -53.35222252458334 0
    endloop
  endfacet
  facet normal 0.3214394637077385 0.9469301300366789 0
    outer loop
      vertex -87.72354286164045 -53.35222252458334 0
      vertex -87.35194969922304 -53.478361405432224 6
      vertex -87.35194969922304 -53.478361405432224 0
    endloop
  endfacet
  facet normal 0.5555702203832522 0.8314696207458843 0
    outer loop
      vertex -87 -53.651923790574074 0
      vertex -86.67371571063995 -53.8699399754405 6
      vertex -86.67371571063995 -53.8699399754405 0
    endloop
  endfacet
  facet normal 0.4422886918115197 0.8968727407473451 0
    outer loop
      vertex -87.35194969922304 -53.478361405432224 0
      vertex -87 -53.651923790574074 6
      vertex -87 -53.651923790574074 0
    endloop
  endfacet
  facet normal 0.7518398024852507 0.6593458207943228 0
    outer loop
      vertex -86.3786796554923 -54.128679655492306 0
      vertex -86.1199399754405 -54.423715710639954 6
      vertex -86.1199399754405 -54.423715710639954 0
    endloop
  endfacet
  facet normal 0.8314696207458843 0.5555702203832522 0
    outer loop
      vertex -85.90192379057407 -54.75 0
      vertex -86.1199399754405 -54.423715710639954 0
      vertex -85.90192379057407 -54.75 6
    endloop
  endfacet
  facet normal 0.8968727407473451 0.4422886918115197 0
    outer loop
      vertex -85.90192379057407 -54.75 0
      vertex -85.72836140543222 -55.10194969922304 6
      vertex -85.72836140543222 -55.10194969922304 0
    endloop
  endfacet
  facet normal 0.6593458207943228 0.7518398024852507 0
    outer loop
      vertex -86.3786796554923 -54.128679655492306 0
      vertex -86.67371571063995 -53.8699399754405 0
      vertex -86.3786796554923 -54.128679655492306 6
    endloop
  endfacet
  facet normal -0.5555702203832522 -0.8314696207458843 0
    outer loop
      vertex -94 -62.848076209425926 0
      vertex -94 -62.848076209425926 6
      vertex -94.32628428936005 -62.6300600245595 6
    endloop
  endfacet
  facet normal -0.6593458207943228 -0.7518398024852507 0
    outer loop
      vertex -94.32628428936005 -62.6300600245595 0
      vertex -94.32628428936005 -62.6300600245595 6
      vertex -94.6213203445077 -62.371320344507694 6
    endloop
  endfacet
  facet normal -0.7518398024852507 -0.6593458207943228 0
    outer loop
      vertex -94.6213203445077 -62.371320344507694 0
      vertex -94.6213203445077 -62.371320344507694 6
      vertex -94.8800600245595 -62.076284289360046 6
    endloop
  endfacet
  facet normal -0.8314696207458843 -0.5555702203832522 0
    outer loop
      vertex -94.8800600245595 -62.076284289360046 0
      vertex -94.8800600245595 -62.076284289360046 6
      vertex -95.09807620942593 -61.75 6
    endloop
  endfacet
  facet normal -0.8968727407473451 -0.4422886918115197 0
    outer loop
      vertex -95.09807620942593 -61.75 0
      vertex -95.09807620942593 -61.75 6
      vertex -95.27163859456778 -61.39805030077696 6
    endloop
  endfacet
  facet normal -0.9469301300366789 -0.3214394637077385 0
    outer loop
      vertex -95.27163859456778 -61.39805030077696 0
      vertex -95.27163859456778 -61.39805030077696 6
      vertex -95.39777747541666 -61.02645713835955 6
    endloop
  endfacet
  facet normal -0.4422886918115197 -0.8968727407473451 0
    outer loop
      vertex -93.64805030077696 -63.021638594567776 0
      vertex -93.64805030077696 -63.021638594567776 6
      vertex -94 -62.848076209425926 6
    endloop
  endfacet
  facet normal -0.3214394637077385 -0.9469301300366789 0
    outer loop
      vertex -93.27645713835955 -63.14777747541666 0
      vertex -93.27645713835955 -63.14777747541666 6
      vertex -93.64805030077696 -63.021638594567776 6
    endloop
  endfacet
  facet normal -0.19509032585814412 -0.9807852796390061 0
    outer loop
      vertex -92.89157857745886 -63.224334582686424 0
      vertex -92.89157857745886 -63.224334582686424 6
      vertex -93.27645713835955 -63.14777747541666 6
    endloop
  endfacet
  facet normal -0.06540313273849395 -0.9978589230086541 0
    outer loop
      vertex -92.5 -63.25 0
      vertex -92.5 -63.25 6
      vertex -92.89157857745886 -63.224334582686424 6
    endloop
  endfacet
  facet normal -0.9807852796390061 -0.19509032585814412 0
    outer loop
      vertex -95.39777747541666 -61.02645713835955 0
      vertex -95.39777747541666 -61.02645713835955 6
      vertex -95.47433458268642 -60.64157857745886 6
    endloop
  endfacet
  facet normal -0.9978589230086541 -0.06540313273849395 0
    outer loop
      vertex -95.47433458268642 -60.64157857745886 0
      vertex -95.47433458268642 -60.64157857745886 6
      vertex -95.5 -60.25 6
    endloop
  endfacet
  facet normal 0 -1 0
    outer loop
      vertex -92.5 -63.25 6
      vertex -88.5 -63.25 0
      vertex -88.5 -63.25 6
    endloop
  endfacet
  facet normal -1 0 0
    outer loop
      vertex -95.5 -60.25 0
      vertex -95.5 -60.25 6
      vertex -95.5 -56.25 6
    endloop
  endfacet
  facet normal -0.9978589230086541 0.06540313273849395 0
    outer loop
      vertex -95.5 -56.25 0
      vertex -95.5 -56.25 6
      vertex -95.47433458268642 -55.85842142254114 6
    endloop
  endfacet
  facet normal -0.9807852796390061 0.19509032585814412 0
    outer loop
      vertex -95.47433458268642 -55.85842142254114 0
      vertex -95.47433458268642 -55.85842142254114 6
      vertex -95.39777747541666 -55.47354286164045 6
    endloop
  endfacet
  facet normal -0.9469301300366789 0.3214394637077385 0
    outer loop
      vertex -95.39777747541666 -55.47354286164045 0
      vertex -95.39777747541666 -55.47354286164045 6
      vertex -95.27163859456778 -55.10194969922304 6
    endloop
  endfacet
  facet normal 0.06540313273849395 -0.9978589230086541 0
    outer loop
      vertex -88.10842142254114 -63.224334582686424 0
      vertex -88.10842142254114 -63.224334582686424 6
      vertex -88.5 -63.25 6
    endloop
  endfacet
  facet normal 0.19509032585814412 -0.9807852796390061 0
    outer loop
      vertex -87.72354286164045 -63.14777747541666 0
      vertex -87.72354286164045 -63.14777747541666 6
      vertex -88.10842142254114 -63.224334582686424 6
    endloop
  endfacet
  facet normal 0.3214394637077385 -0.9469301300366789 0
    outer loop
      vertex -87.35194969922304 -63.021638594567776 0
      vertex -87.35194969922304 -63.021638594567776 6
      vertex -87.72354286164045 -63.14777747541666 6
    endloop
  endfacet
  facet normal 0.4422886918115197 -0.8968727407473451 0
    outer loop
      vertex -87 -62.848076209425926 0
      vertex -87 -62.848076209425926 6
      vertex -87.35194969922304 -63.021638594567776 6
    endloop
  endfacet
  facet normal 0.5555702203832522 -0.8314696207458843 0
    outer loop
      vertex -86.67371571063995 -62.6300600245595 0
      vertex -86.67371571063995 -62.6300600245595 6
      vertex -87 -62.848076209425926 6
    endloop
  endfacet
  facet normal 0.6593458207943228 -0.7518398024852507 0
    outer loop
      vertex -86.3786796554923 -62.371320344507694 0
      vertex -86.3786796554923 -62.371320344507694 6
      vertex -86.67371571063995 -62.6300600245595 6
    endloop
  endfacet
  facet normal 0.7518398024852507 -0.6593458207943228 0
    outer loop
      vertex -86.1199399754405 -62.076284289360046 0
      vertex -86.1199399754405 -62.076284289360046 6
      vertex -86.3786796554923 -62.371320344507694 6
    endloop
  endfacet
  facet normal 0.8314696207458843 -0.5555702203832522 0
    outer loop
      vertex -85.90192379057407 -61.75 0
      vertex -85.90192379057407 -61.75 6
      vertex -86.1199399754405 -62.076284289360046 6
    endloop
  endfacet
  facet normal 0.8968727407473451 -0.4422886918115197 0
    outer loop
      vertex -85.72836140543222 -61.39805030077696 0
      vertex -85.72836140543222 -61.39805030077696 6
      vertex -85.90192379057407 -61.75 6
    endloop
  endfacet
  facet normal 0.9469301300366789 -0.3214394637077385 0
    outer loop
      vertex -85.60222252458334 -61.02645713835955 0
      vertex -85.60222252458334 -61.02645713835955 6
      vertex -85.72836140543222 -61.39805030077696 6
    endloop
  endfacet
  facet normal 0.9807852796390061 -0.19509032585814412 0
    outer loop
      vertex -85.52566541731358 -60.64157857745886 0
      vertex -85.52566541731358 -60.64157857745886 6
      vertex -85.60222252458334 -61.02645713835955 6
    endloop
  endfacet
  facet normal 0.9978589230086541 -0.06540313273849395 0
    outer loop
      vertex -85.5 -60.25 0
      vertex -85.5 -60.25 6
      vertex -85.52566541731358 -60.64157857745886 6
    endloop
  endfacet
  facet normal 1 0 0
    outer loop
      vertex -85.5 -60.25 6
      vertex -85.5 -56.25 0
      vertex -85.5 -56.25 6
    endloop
  endfacet
  facet normal 0.9978589230086541 0.06540313273849395 0
    outer loop
      vertex -85.52566541731358 -55.85842142254114 0
      vertex -85.52566541731358 -55.85842142254114 6
      vertex -85.5 -56.25 6
    endloop
  endfacet
  facet normal 0.9807852796390061 0.19509032585814412 0
    outer loop
      vertex -85.60222252458334 -55.47354286164045 0
      vertex -85.60222252458334 -55.47354286164045 6
      vertex -85.52566541731358 -55.85842142254114 6
    endloop
  endfacet
  facet normal 0.9469301300366789 0.3214394637077385 0
    outer loop
      vertex -85.72836140543222 -55.10194969922304 0
      vertex -85.72836140543222 -55.10194969922304 6
      vertex -85.60222252458334 -55.47354286164045 6
    endloop
  endfacet
  facet normal -0.8968727407473451 0.4422886918115197 0
    outer loop
      vertex -95.27163859456778 -55.10194969922304 0
      vertex -95.27163859456778 -55.10194969922304 6
      vertex -95.09807620942593 -54.75 6
    endloop
  endfacet
  facet normal -0.8314696207458843 0.5555702203832522 0
    outer loop
      vertex -95.09807620942593 -54.75 0
      vertex -95.09807620942593 -54.75 6
      vertex -94.8800600245595 -54.423715710639954 6
    endloop
  endfacet
  facet normal -0.7518398024852507 0.6593458207943228 0
    outer loop
      vertex -94.8800600245595 -54.423715710639954 0
      vertex -94.8800600245595 -54.423715710639954 6
      vertex -94.6213203445077 -54.128679655492306 6
    endloop
  endfacet
  facet normal -0.6593458207943228 0.7518398024852507 0
    outer loop
      vertex -94.6213203445077 -54.128679655492306 0
      vertex -94.6213203445077 -54.128679655492306 6
      vertex -94.32628428936005 -53.8699399754405 6
    endloop
  endfacet
  facet normal -0.5555702203832522 0.8314696207458843 0
    outer loop
      vertex -94.32628428936005 -53.8699399754405 0
      vertex -94.32628428936005 -53.8699399754405 6
      vertex -94 -53.651923790574074 6
    endloop
  endfacet
  facet normal -0.4422886918115197 0.8968727407473451 0
    outer loop
      vertex -94 -53.651923790574074 0
      vertex -94 -53.651923790574074 6
      vertex -93.64805030077696 -53.478361405432224 6
    endloop
  endfacet
  facet normal -0.3214394637077385 0.9469301300366789 0
    outer loop
      vertex -93.64805030077696 -53.478361405432224 0
      vertex -93.64805030077696 -53.478361405432224 6
      vertex -93.27645713835955 -53.35222252458334 6
    endloop
  endfacet
  facet normal -0.19509032585814412 0.9807852796390061 0
    outer loop
      vertex -93.27645713835955 -53.35222252458334 0
      vertex -93.27645713835955 -53.35222252458334 6
      vertex -92.89157857745886 -53.275665417313576 6
    endloop
  endfacet
  facet normal -0.06540313273849395 0.9978589230086541 0
    outer loop
      vertex -92.89157857745886 -53.275665417313576 0
      vertex -92.89157857745886 -53.275665417313576 6
      vertex -92.5 -53.25 6
    endloop
  endfacet
  facet normal 0 1 0
    outer loop
      vertex -92.5 -53.25 0
      vertex -92.5 -53.25 6
      vertex -88.5 -53.25 6
    endloop
  endfacet
  facet normal 0.06540313273849395 0.9978589230086541 0
    outer loop
      vertex -88.5 -53.25 0
      vertex -88.5 -53.25 6
      vertex -88.10842142254114 -53.275665417313576 6
    endloop
  endfacet
  facet normal 0.19509032585814412 0.9807852796390061 0
    outer loop
      vertex -88.10842142254114 -53.275665417313576 0
      vertex -88.10842142254114 -53.275665417313576 6
      vertex -87.72354286164045 -53.35222252458334 6
    endloop
  endfacet
  facet normal 0.3214394637077385 0.9469301300366789 0
    outer loop
      vertex -87.72354286164045 -53.35222252458334 0
      vertex -87.72354286164045 -53.35222252458334 6
      vertex -87.35194969922304 -53.478361405432224 6
    endloop
  endfacet
  facet normal 0.6593458207943228 0.7518398024852507 0
    outer loop
      vertex -86.67371571063995 -53.8699399754405 0
      vertex -86.67371571063995 -53.8699399754405 6
      vertex -86.3786796554923 -54.128679655492306 6
    endloop
  endfacet
  facet normal 0.5555702203832522 0.8314696207458843 0
    outer loop
      vertex -87 -53.651923790574074 0
      vertex -87 -53.651923790574074 6
      vertex -86.67371571063995 -53.8699399754405 6
    endloop
  endfacet
  facet normal 0.4422886918115197 0.8968727407473451 0
    outer loop
      vertex -87.35194969922304 -53.478361405432224 0
      vertex -87.35194969922304 -53.478361405432224 6
      vertex -87 -53.651923790574074 6
    endloop
  endfacet
  facet normal 0.8968727407473451 0.4422886918115197 0
    outer loop
      vertex -85.90192379057407 -54.75 0
      vertex -85.90192379057407 -54.75 6
      vertex -85.72836140543222 -55.10194969922304 6
    endloop
  endfacet
  facet normal 0.7518398024852507 0.6593458207943228 0
    outer loop
      vertex -86.3786796554923 -54.128679655492306 0
      vertex -86.3786796554923 -54.128679655492306 6
      vertex -86.1199399754405 -54.423715710639954 6
    endloop
  endfacet
  facet normal 0.8314696207458843 0.5555702203832522 0
    outer loop
      vertex -86.1199399754405 -54.423715710639954 0
      vertex -86.1199399754405 -54.423715710639954 6
      vertex -85.90192379057407 -54.75 6
    endloop
  endfacet
  facet normal 0 0 1
    outer loop
      vertex -95.39777747541666 -61.02645713835955 6
      vertex -92.48327987517615 -59.39504716981132 6
      vertex -95.47433458268642 -60.64157857745886 6
    endloop
  endfacet
  facet normal 0 0 1
    outer loop
      vertex -95.47433458268642 -60.64157857745886 6
      vertex -92.6157712878973 -59.12638116232665 6
      vertex -95.5 -60.25 6
    endloop
  endfacet
  facet normal 0 0 1
    outer loop
      vertex -95.39777747541666 -61.02645713835955 6
      vertex -91.89412110275346 -60.066853993921676 6
      vertex -92.1193412371041 -59.8693412371041 6
    endloop
  endfacet
  facet normal 0 0 1
    outer loop
      vertex -95.39777747541666 -61.02645713835955 6
      vertex -91.64504716981132 -60.23327987517615 6
      vertex -91.89412110275346 -60.066853993921676 6
    endloop
  endfacet
  facet normal 0 0 1
    outer loop
      vertex -95.39777747541666 -61.02645713835955 6
      vertex -91.37638116232667 -60.36577128789731 6
      vertex -91.64504716981132 -60.23327987517615 6
    endloop
  endfacet
  facet normal 0 0 1
    outer loop
      vertex -95.39777747541666 -61.02645713835955 6
      vertex -91.09272003017581 -60.462061267279914 6
      vertex -91.37638116232667 -60.36577128789731 6
    endloop
  endfacet
  facet normal 0 0 1
    outer loop
      vertex -95.39777747541666 -61.02645713835955 6
      vertex -92.1193412371041 -59.8693412371041 6
      vertex -92.31685399392167 -59.644121102753466 6
    endloop
  endfacet
  facet normal 0 0 1
    outer loop
      vertex -95.39777747541666 -61.02645713835955 6
      vertex -92.31685399392167 -59.644121102753466 6
      vertex -92.48327987517615 -59.39504716981132 6
    endloop
  endfacet
  facet normal 0 0 1
    outer loop
      vertex -95.47433458268642 -60.64157857745886 6
      vertex -92.48327987517615 -59.39504716981132 6
      vertex -92.6157712878973 -59.12638116232665 6
    endloop
  endfacet
  facet normal 0 0 1
    outer loop
      vertex -95.5 -60.25 6
      vertex -92.6157712878973 -59.12638116232665 6
      vertex -92.71206126727992 -58.84272003017582 6
    endloop
  endfacet
  facet normal 0 0 1
    outer loop
      vertex -93.27645713835955 -63.14777747541666 6
      vertex -92.89157857745886 -63.224334582686424 6
      vertex -87 -62.848076209425926 6
    endloop
  endfacet
  facet normal 0 0 1
    outer loop
      vertex -94 -62.848076209425926 6
      vertex -93.64805030077696 -63.021638594567776 6
      vertex -86.3786796554923 -62.371320344507694 6
    endloop
  endfacet
  facet normal 0 0 1
    outer loop
      vertex -93.64805030077696 -63.021638594567776 6
      vertex -93.27645713835955 -63.14777747541666 6
      vertex -86.67371571063995 -62.6300600245595 6
    endloop
  endfacet
  facet normal 0 0 1
    outer loop
      vertex -94.32628428936005 -62.6300600245595 6
      vertex -94 -62.848076209425926 6
      vertex -86.1199399754405 -62.076284289360046 6
    endloop
  endfacet
  facet normal 0 0 1
    outer loop
      vertex -94.32628428936005 -62.6300600245595 6
      vertex -85.90192379057407 -61.75 6
      vertex -94.6213203445077 -62.371320344507694 6
    endloop
  endfacet
  facet normal 0 0 1
    outer loop
      vertex -94.8800600245595 -62.076284289360046 6
      vertex -85.60222252458334 -61.02645713835955 6
      vertex -95.09807620942593 -61.75 6
    endloop
  endfacet
  facet normal 0 0 1
    outer loop
      vertex -95.27163859456778 -61.39805030077696 6
      vertex -95.09807620942593 -61.75 6
      vertex -85.52566541731358 -60.64157857745886 6
    endloop
  endfacet
  facet normal 0 0 1
    outer loop
      vertex -94.8800600245595 -62.076284289360046 6
      vertex -94.6213203445077 -62.371320344507694 6
      vertex -85.72836140543222 -61.39805030077696 6
    endloop
  endfacet
  facet normal 0 0 1
    outer loop
      vertex -92.89157857745886 -63.224334582686424 6
      vertex -92.5 -63.25 6
      vertex -87.35194969922304 -63.021638594567776 6
    endloop
  endfacet
  facet normal 0 0 1
    outer loop
      vertex -92.5 -63.25 6
      vertex -88.5 -63.25 6
      vertex -87.72354286164045 -63.14777747541666 6
    endloop
  endfacet
  facet normal 0 0 1
    outer loop
      vertex -95.27163859456778 -61.39805030077696 6
      vertex -85.5 -60.25 6
      vertex -95.39777747541666 -61.02645713835955 6
    endloop
  endfacet
  facet normal 0 0 1
    outer loop
      vertex -95.39777747541666 -61.02645713835955 6
      vertex -90.79891729397563 -60.52050226508012 6
      vertex -91.09272003017581 -60.462061267279914 6
    endloop
  endfacet
  facet normal 0 0 1
    outer loop
      vertex -95.39777747541666 -61.02645713835955 6
      vertex -90.5 -60.54009433962264 6
      vertex -90.79891729397563 -60.52050226508012 6
    endloop
  endfacet
  facet normal 0 0 1
    outer loop
      vertex -95.39777747541666 -61.02645713835955 6
      vertex -85.5 -60.25 6
      vertex -90.5 -60.54009433962264 6
    endloop
  endfacet
  facet normal 0 0 1
    outer loop
      vertex -95.5 -60.25 6
      vertex -92.77050226508011 -58.548917293975634 6
      vertex -95.5 -56.25 6
    endloop
  endfacet
  facet normal 0 0 1
    outer loop
      vertex -95.5 -60.25 6
      vertex -92.71206126727992 -58.84272003017582 6
      vertex -92.77050226508011 -58.548917293975634 6
    endloop
  endfacet
  facet normal 0 0 1
    outer loop
      vertex -95.5 -56.25 6
      vertex -92.77050226508011 -58.548917293975634 6
      vertex -92.79009433962264 -58.25 6
    endloop
  endfacet
  facet normal 0 0 1
    outer loop
      vertex -95.5 -56.25 6
      vertex -92.79009433962264 -58.25 6
      vertex -92.77050226508011 -57.951082706024366 6
    endloop
  endfacet
  facet normal 0 0 1
    outer loop
      vertex -95.5 -56.25 6
      vertex -92.77050226508011 -57.951082706024366 6
      vertex -92.71206126727992 -57.65727996982418 6
    endloop
  endfacet
  facet normal 0 0 1
    outer loop
      vertex -95.5 -56.25 6
      vertex -92.71206126727992 -57.65727996982418 6
      vertex -92.6157712878973 -57.37361883767335 6
    endloop
  endfacet
  facet normal 0 0 1
    outer loop
      vertex -95.5 -56.25 6
      vertex -92.6157712878973 -57.37361883767335 6
      vertex -92.48327987517615 -57.10495283018868 6
    endloop
  endfacet
  facet normal 0 0 1
    outer loop
      vertex -95.5 -56.25 6
      vertex -92.48327987517615 -57.10495283018868 6
      vertex -92.31685399392167 -56.855878897246534 6
    endloop
  endfacet
  facet normal 0 0 1
    outer loop
      vertex -95.5 -56.25 6
      vertex -92.31685399392167 -56.855878897246534 6
      vertex -92.1193412371041 -56.6306587628959 6
    endloop
  endfacet
  facet normal 0 0 1
    outer loop
      vertex -95.5 -56.25 6
      vertex -92.1193412371041 -56.6306587628959 6
      vertex -91.89412110275346 -56.433146006078324 6
    endloop
  endfacet
  facet normal 0 0 1
    outer loop
      vertex -95.5 -56.25 6
      vertex -91.89412110275346 -56.433146006078324 6
      vertex -91.64504716981132 -56.26672012482385 6
    endloop
  endfacet
  facet normal 0 0 1
    outer loop
      vertex -95.5 -56.25 6
      vertex -91.64504716981132 -56.26672012482385 6
      vertex -91.37638116232667 -56.13422871210269 6
    endloop
  endfacet
  facet normal 0 0 1
    outer loop
      vertex -95.5 -56.25 6
      vertex -91.37638116232667 -56.13422871210269 6
      vertex -91.09272003017581 -56.037938732720086 6
    endloop
  endfacet
  facet normal 0 0 1
    outer loop
      vertex -95.5 -56.25 6
      vertex -91.09272003017581 -56.037938732720086 6
      vertex -90.79891729397563 -55.97949773491988 6
    endloop
  endfacet
  facet normal 0 0 1
    outer loop
      vertex -95.5 -56.25 6
      vertex -90.79891729397563 -55.97949773491988 6
      vertex -90.5 -55.95990566037736 6
    endloop
  endfacet
  facet normal 0 0 1
    outer loop
      vertex -95.5 -56.25 6
      vertex -85.72836140543222 -55.10194969922304 6
      vertex -95.47433458268642 -55.85842142254114 6
    endloop
  endfacet
  facet normal 0 0 1
    outer loop
      vertex -95.47433458268642 -55.85842142254114 6
      vertex -85.90192379057407 -54.75 6
      vertex -95.39777747541666 -55.47354286164045 6
    endloop
  endfacet
  facet normal 0 0 1
    outer loop
      vertex -95.5 -56.25 6
      vertex -90.5 -55.95990566037736 6
      vertex -85.60222252458334 -55.47354286164045 6
    endloop
  endfacet
  facet normal 0 0 1
    outer loop
      vertex -92.5 -63.25 6
      vertex -87.72354286164045 -63.14777747541666 6
      vertex -87.35194969922304 -63.021638594567776 6
    endloop
  endfacet
  facet normal 0 0 1
    outer loop
      vertex -92.89157857745886 -63.224334582686424 6
      vertex -87.35194969922304 -63.021638594567776 6
      vertex -87 -62.848076209425926 6
    endloop
  endfacet
  facet normal 0 0 1
    outer loop
      vertex -93.27645713835955 -63.14777747541666 6
      vertex -87 -62.848076209425926 6
      vertex -86.67371571063995 -62.6300600245595 6
    endloop
  endfacet
  facet normal 0 0 1
    outer loop
      vertex -93.64805030077696 -63.021638594567776 6
      vertex -86.67371571063995 -62.6300600245595 6
      vertex -86.3786796554923 -62.371320344507694 6
    endloop
  endfacet
  facet normal 0 0 1
    outer loop
      vertex -94 -62.848076209425926 6
      vertex -86.3786796554923 -62.371320344507694 6
      vertex -86.1199399754405 -62.076284289360046 6
    endloop
  endfacet
  facet normal 0 0 1
    outer loop
      vertex -88.5 -63.25 6
      vertex -88.10842142254114 -63.224334582686424 6
      vertex -87.72354286164045 -63.14777747541666 6
    endloop
  endfacet
  facet normal 0 0 1
    outer loop
      vertex -94.32628428936005 -62.6300600245595 6
      vertex -86.1199399754405 -62.076284289360046 6
      vertex -85.90192379057407 -61.75 6
    endloop
  endfacet
  facet normal 0 0 1
    outer loop
      vertex -94.6213203445077 -62.371320344507694 6
      vertex -85.90192379057407 -61.75 6
      vertex -85.72836140543222 -61.39805030077696 6
    endloop
  endfacet
  facet normal 0 0 1
    outer loop
      vertex -94.8800600245595 -62.076284289360046 6
      vertex -85.72836140543222 -61.39805030077696 6
      vertex -85.60222252458334 -61.02645713835955 6
    endloop
  endfacet
  facet normal 0 0 1
    outer loop
      vertex -95.09807620942593 -61.75 6
      vertex -85.60222252458334 -61.02645713835955 6
      vertex -85.52566541731358 -60.64157857745886 6
    endloop
  endfacet
  facet normal 0 0 1
    outer loop
      vertex -95.27163859456778 -61.39805030077696 6
      vertex -85.52566541731358 -60.64157857745886 6
      vertex -85.5 -60.25 6
    endloop
  endfacet
  facet normal 0 0 1
    outer loop
      vertex -85.5 -60.25 6
      vertex -90.20108270602437 -60.52050226508012 6
      vertex -90.5 -60.54009433962264 6
    endloop
  endfacet
  facet normal 0 0 1
    outer loop
      vertex -85.5 -60.25 6
      vertex -89.90727996982419 -60.462061267279914 6
      vertex -90.20108270602437 -60.52050226508012 6
    endloop
  endfacet
  facet normal 0 0 1
    outer loop
      vertex -85.5 -60.25 6
      vertex -89.62361883767333 -60.36577128789731 6
      vertex -89.90727996982419 -60.462061267279914 6
    endloop
  endfacet
  facet normal 0 0 1
    outer loop
      vertex -85.5 -60.25 6
      vertex -89.35495283018868 -60.23327987517615 6
      vertex -89.62361883767333 -60.36577128789731 6
    endloop
  endfacet
  facet normal 0 0 1
    outer loop
      vertex -85.5 -60.25 6
      vertex -89.10587889724654 -60.066853993921676 6
      vertex -89.35495283018868 -60.23327987517615 6
    endloop
  endfacet
  facet normal 0 0 1
    outer loop
      vertex -85.5 -60.25 6
      vertex -88.8806587628959 -59.8693412371041 6
      vertex -89.10587889724654 -60.066853993921676 6
    endloop
  endfacet
  facet normal 0 0 1
    outer loop
      vertex -85.5 -60.25 6
      vertex -88.68314600607833 -59.644121102753466 6
      vertex -88.8806587628959 -59.8693412371041 6
    endloop
  endfacet
  facet normal 0 0 1
    outer loop
      vertex -85.5 -60.25 6
      vertex -88.51672012482385 -59.39504716981132 6
      vertex -88.68314600607833 -59.644121102753466 6
    endloop
  endfacet
  facet normal 0 0 1
    outer loop
      vertex -85.5 -60.25 6
      vertex -88.3842287121027 -59.12638116232665 6
      vertex -88.51672012482385 -59.39504716981132 6
    endloop
  endfacet
  facet normal 0 0 1
    outer loop
      vertex -85.5 -60.25 6
      vertex -88.28793873272008 -58.84272003017582 6
      vertex -88.3842287121027 -59.12638116232665 6
    endloop
  endfacet
  facet normal 0 0 1
    outer loop
      vertex -85.5 -60.25 6
      vertex -88.22949773491989 -58.548917293975634 6
      vertex -88.28793873272008 -58.84272003017582 6
    endloop
  endfacet
  facet normal 0 0 1
    outer loop
      vertex -85.5 -60.25 6
      vertex -88.20990566037736 -58.25 6
      vertex -88.22949773491989 -58.548917293975634 6
    endloop
  endfacet
  facet normal 0 0 1
    outer loop
      vertex -85.5 -60.25 6
      vertex -88.22949773491989 -57.951082706024366 6
      vertex -88.20990566037736 -58.25 6
    endloop
  endfacet
  facet normal 0 0 1
    outer loop
      vertex -85.5 -56.25 6
      vertex -88.28793873272008 -57.65727996982418 6
      vertex -88.22949773491989 -57.951082706024366 6
    endloop
  endfacet
  facet normal 0 0 1
    outer loop
      vertex -95.5 -56.25 6
      vertex -85.60222252458334 -55.47354286164045 6
      vertex -85.72836140543222 -55.10194969922304 6
    endloop
  endfacet
  facet normal 0 0 1
    outer loop
      vertex -95.47433458268642 -55.85842142254114 6
      vertex -85.72836140543222 -55.10194969922304 6
      vertex -85.90192379057407 -54.75 6
    endloop
  endfacet
  facet normal 0 0 1
    outer loop
      vertex -85.60222252458334 -55.47354286164045 6
      vertex -90.5 -55.95990566037736 6
      vertex -90.20108270602437 -55.97949773491988 6
    endloop
  endfacet
  facet normal 0 0 1
    outer loop
      vertex -85.60222252458334 -55.47354286164045 6
      vertex -90.20108270602437 -55.97949773491988 6
      vertex -89.90727996982419 -56.037938732720086 6
    endloop
  endfacet
  facet normal 0 0 1
    outer loop
      vertex -85.60222252458334 -55.47354286164045 6
      vertex -89.62361883767333 -56.13422871210269 6
      vertex -89.35495283018868 -56.26672012482385 6
    endloop
  endfacet
  facet normal 0 0 1
    outer loop
      vertex -85.60222252458334 -55.47354286164045 6
      vertex -89.90727996982419 -56.037938732720086 6
      vertex -89.62361883767333 -56.13422871210269 6
    endloop
  endfacet
  facet normal 0 0 1
    outer loop
      vertex -85.5 -56.25 6
      vertex -88.3842287121027 -57.37361883767335 6
      vertex -88.28793873272008 -57.65727996982418 6
    endloop
  endfacet
  facet normal 0 0 1
    outer loop
      vertex -85.52566541731358 -55.85842142254114 6
      vertex -88.51672012482385 -57.10495283018868 6
      vertex -88.3842287121027 -57.37361883767335 6
    endloop
  endfacet
  facet normal 0 0 1
    outer loop
      vertex -85.60222252458334 -55.47354286164045 6
      vertex -88.8806587628959 -56.6306587628959 6
      vertex -88.68314600607833 -56.855878897246534 6
    endloop
  endfacet
  facet normal 0 0 1
    outer loop
      vertex -85.60222252458334 -55.47354286164045 6
      vertex -88.68314600607833 -56.855878897246534 6
      vertex -88.51672012482385 -57.10495283018868 6
    endloop
  endfacet
  facet normal 0 0 1
    outer loop
      vertex -85.60222252458334 -55.47354286164045 6
      vertex -89.10587889724654 -56.433146006078324 6
      vertex -88.8806587628959 -56.6306587628959 6
    endloop
  endfacet
  facet normal 0 0 1
    outer loop
      vertex -85.60222252458334 -55.47354286164045 6
      vertex -89.35495283018868 -56.26672012482385 6
      vertex -89.10587889724654 -56.433146006078324 6
    endloop
  endfacet
  facet normal 0 0 1
    outer loop
      vertex -85.52566541731358 -55.85842142254114 6
      vertex -85.60222252458334 -55.47354286164045 6
      vertex -88.51672012482385 -57.10495283018868 6
    endloop
  endfacet
  facet normal 0 0 1
    outer loop
      vertex -85.5 -60.25 6
      vertex -85.5 -56.25 6
      vertex -88.22949773491989 -57.951082706024366 6
    endloop
  endfacet
  facet normal 0 0 1
    outer loop
      vertex -85.5 -56.25 6
      vertex -85.52566541731358 -55.85842142254114 6
      vertex -88.3842287121027 -57.37361883767335 6
    endloop
  endfacet
  facet normal 0 0 1
    outer loop
      vertex -93.27645713835955 -53.35222252458334 6
      vertex -92.5 -53.25 6
      vertex -92.89157857745886 -53.275665417313576 6
    endloop
  endfacet
  facet normal 0 0 1
    outer loop
      vertex -95.39777747541666 -55.47354286164045 6
      vertex -86.1199399754405 -54.423715710639954 6
      vertex -95.27163859456778 -55.10194969922304 6
    endloop
  endfacet
  facet normal 0 0 1
    outer loop
      vertex -95.27163859456778 -55.10194969922304 6
      vertex -86.3786796554923 -54.128679655492306 6
      vertex -95.09807620942593 -54.75 6
    endloop
  endfacet
  facet normal 0 0 1
    outer loop
      vertex -95.09807620942593 -54.75 6
      vertex -86.67371571063995 -53.8699399754405 6
      vertex -94.8800600245595 -54.423715710639954 6
    endloop
  endfacet
  facet normal 0 0 1
    outer loop
      vertex -94.8800600245595 -54.423715710639954 6
      vertex -87 -53.651923790574074 6
      vertex -94.6213203445077 -54.128679655492306 6
    endloop
  endfacet
  facet normal 0 0 1
    outer loop
      vertex -94.6213203445077 -54.128679655492306 6
      vertex -87.35194969922304 -53.478361405432224 6
      vertex -94.32628428936005 -53.8699399754405 6
    endloop
  endfacet
  facet normal 0 0 1
    outer loop
      vertex -94.32628428936005 -53.8699399754405 6
      vertex -87.72354286164045 -53.35222252458334 6
      vertex -94 -53.651923790574074 6
    endloop
  endfacet
  facet normal 0 0 1
    outer loop
      vertex -94 -53.651923790574074 6
      vertex -88.10842142254114 -53.275665417313576 6
      vertex -93.64805030077696 -53.478361405432224 6
    endloop
  endfacet
  facet normal 0 0 1
    outer loop
      vertex -93.64805030077696 -53.478361405432224 6
      vertex -88.5 -53.25 6
      vertex -93.27645713835955 -53.35222252458334 6
    endloop
  endfacet
  facet normal 0 0 1
    outer loop
      vertex -93.27645713835955 -53.35222252458334 6
      vertex -88.5 -53.25 6
      vertex -92.5 -53.25 6
    endloop
  endfacet
  facet normal 0 0 1
    outer loop
      vertex -94.6213203445077 -54.128679655492306 6
      vertex -87 -53.651923790574074 6
      vertex -87.35194969922304 -53.478361405432224 6
    endloop
  endfacet
  facet normal 0 0 1
    outer loop
      vertex -94 -53.651923790574074 6
      vertex -87.72354286164045 -53.35222252458334 6
      vertex -88.10842142254114 -53.275665417313576 6
    endloop
  endfacet
  facet normal 0 0 1
    outer loop
      vertex -93.64805030077696 -53.478361405432224 6
      vertex -88.10842142254114 -53.275665417313576 6
      vertex -88.5 -53.25 6
    endloop
  endfacet
  facet normal 0 0 1
    outer loop
      vertex -94.32628428936005 -53.8699399754405 6
      vertex -87.35194969922304 -53.478361405432224 6
      vertex -87.72354286164045 -53.35222252458334 6
    endloop
  endfacet
  facet normal 0 0 1
    outer loop
      vertex -95.39777747541666 -55.47354286164045 6
      vertex -85.90192379057407 -54.75 6
      vertex -86.1199399754405 -54.423715710639954 6
    endloop
  endfacet
  facet normal 0 0 1
    outer loop
      vertex -95.27163859456778 -55.10194969922304 6
      vertex -86.1199399754405 -54.423715710639954 6
      vertex -86.3786796554923 -54.128679655492306 6
    endloop
  endfacet
  facet normal 0 0 1
    outer loop
      vertex -95.09807620942593 -54.75 6
      vertex -86.3786796554923 -54.128679655492306 6
      vertex -86.67371571063995 -53.8699399754405 6
    endloop
  endfacet
  facet normal 0 0 1
    outer loop
      vertex -94.8800600245595 -54.423715710639954 6
      vertex -86.67371571063995 -53.8699399754405 6
      vertex -87 -53.651923790574074 6
    endloop
  endfacet
  facet normal 0 0 -1
    outer loop
      vertex 86.67371571063995 -62.6300600245595 0
      vertex 94.8800600245595 -62.076284289360046 0
      vertex 87 -62.848076209425926 0
    endloop
  endfacet
  facet normal 0 0 -1
    outer loop
      vertex 86.67371571063995 -62.6300600245595 0
      vertex 86.3786796554923 -62.371320344507694 0
      vertex 95.09807620942593 -61.75 0
    endloop
  endfacet
  facet normal 0 0 -1
    outer loop
      vertex 86.1199399754405 -62.076284289360046 0
      vertex 95.27163859456778 -61.39805030077696 0
      vertex 86.3786796554923 -62.371320344507694 0
    endloop
  endfacet
  facet normal 0 0 -1
    outer loop
      vertex 86.1199399754405 -62.076284289360046 0
      vertex 85.90192379057407 -61.75 0
      vertex 95.39777747541666 -61.02645713835955 0
    endloop
  endfacet
  facet normal 0 0 -1
    outer loop
      vertex 85.72836140543222 -61.39805030077696 0
      vertex 95.47433458268642 -60.64157857745886 0
      vertex 85.90192379057407 -61.75 0
    endloop
  endfacet
  facet normal 0 0 -1
    outer loop
      vertex 85.60222252458334 -61.02645713835955 0
      vertex 85.52566541731358 -60.64157857745886 0
      vertex 89.61611652351681 -59.133883476483184 0
    endloop
  endfacet
  facet normal 0 0 -1
    outer loop
      vertex 85.52566541731358 -60.64157857745886 0
      vertex 85.5 -60.25 0
      vertex 89.41746824526945 -58.875 0
    endloop
  endfacet
  facet normal 0 0 -1
    outer loop
      vertex 85.72836140543222 -61.39805030077696 0
      vertex 85.60222252458334 -61.02645713835955 0
      vertex 95.5 -60.25 0
    endloop
  endfacet
  facet normal 0 0 -1
    outer loop
      vertex 85.60222252458334 -61.02645713835955 0
      vertex 89.7390482137391 -59.241691675364045 0
      vertex 89.875 -59.332531754730546 0
    endloop
  endfacet
  facet normal 0 0 -1
    outer loop
      vertex 85.60222252458334 -61.02645713835955 0
      vertex 89.61611652351681 -59.133883476483184 0
      vertex 89.7390482137391 -59.241691675364045 0
    endloop
  endfacet
  facet normal 0 0 -1
    outer loop
      vertex 85.60222252458334 -61.02645713835955 0
      vertex 90.17647619362185 -59.45740728286133 0
      vertex 90.33684225972493 -59.48930607671726 0
    endloop
  endfacet
  facet normal 0 0 -1
    outer loop
      vertex 85.60222252458334 -61.02645713835955 0
      vertex 89.875 -59.332531754730546 0
      vertex 90.02164570954363 -59.404849415639106 0
    endloop
  endfacet
  facet normal 0 0 -1
    outer loop
      vertex 85.60222252458334 -61.02645713835955 0
      vertex 90.02164570954363 -59.404849415639106 0
      vertex 90.17647619362185 -59.45740728286133 0
    endloop
  endfacet
  facet normal 0 0 -1
    outer loop
      vertex 85.52566541731358 -60.64157857745886 0
      vertex 89.50830832463596 -59.010951786260904 0
      vertex 89.61611652351681 -59.133883476483184 0
    endloop
  endfacet
  facet normal 0 0 -1
    outer loop
      vertex 85.52566541731358 -60.64157857745886 0
      vertex 89.41746824526945 -58.875 0
      vertex 89.50830832463596 -59.010951786260904 0
    endloop
  endfacet
  facet normal 0 0 -1
    outer loop
      vertex 85.5 -60.25 0
      vertex 89.3451505843609 -58.72835429045636 0
      vertex 89.41746824526945 -58.875 0
    endloop
  endfacet
  facet normal 0 0 -1
    outer loop
      vertex 85.5 -60.25 0
      vertex 85.5 -56.25 0
      vertex 89.29259271713866 -58.57352380637815 0
    endloop
  endfacet
  facet normal 0 0 -1
    outer loop
      vertex 85.5 -56.25 0
      vertex 89.26069392328273 -58.41315774027507 0
      vertex 89.29259271713866 -58.57352380637815 0
    endloop
  endfacet
  facet normal 0 0 -1
    outer loop
      vertex 85.5 -56.25 0
      vertex 89.25 -58.25 0
      vertex 89.26069392328273 -58.41315774027507 0
    endloop
  endfacet
  facet normal 0 0 -1
    outer loop
      vertex 85.5 -56.25 0
      vertex 89.26069392328273 -58.08684225972493 0
      vertex 89.25 -58.25 0
    endloop
  endfacet
  facet normal 0 0 -1
    outer loop
      vertex 85.5 -56.25 0
      vertex 89.29259271713866 -57.92647619362185 0
      vertex 89.26069392328273 -58.08684225972493 0
    endloop
  endfacet
  facet normal 0 0 -1
    outer loop
      vertex 85.5 -60.25 0
      vertex 89.29259271713866 -58.57352380637815 0
      vertex 89.3451505843609 -58.72835429045636 0
    endloop
  endfacet
  facet normal 0 0 -1
    outer loop
      vertex 85.5 -56.25 0
      vertex 89.3451505843609 -57.77164570954364 0
      vertex 89.29259271713866 -57.92647619362185 0
    endloop
  endfacet
  facet normal 0 0 -1
    outer loop
      vertex 85.5 -56.25 0
      vertex 89.41746824526945 -57.625 0
      vertex 89.3451505843609 -57.77164570954364 0
    endloop
  endfacet
  facet normal 0 0 -1
    outer loop
      vertex 85.5 -56.25 0
      vertex 89.50830832463596 -57.489048213739096 0
      vertex 89.41746824526945 -57.625 0
    endloop
  endfacet
  facet normal 0 0 -1
    outer loop
      vertex 85.5 -56.25 0
      vertex 89.61611652351681 -57.366116523516816 0
      vertex 89.50830832463596 -57.489048213739096 0
    endloop
  endfacet
  facet normal 0 0 -1
    outer loop
      vertex 85.5 -56.25 0
      vertex 89.7390482137391 -57.258308324635955 0
      vertex 89.61611652351681 -57.366116523516816 0
    endloop
  endfacet
  facet normal 0 0 -1
    outer loop
      vertex 85.5 -56.25 0
      vertex 89.875 -57.167468245269454 0
      vertex 89.7390482137391 -57.258308324635955 0
    endloop
  endfacet
  facet normal 0 0 -1
    outer loop
      vertex 85.5 -56.25 0
      vertex 90.02164570954363 -57.095150584360894 0
      vertex 89.875 -57.167468245269454 0
    endloop
  endfacet
  facet normal 0 0 -1
    outer loop
      vertex 85.5 -56.25 0
      vertex 90.17647619362185 -57.04259271713867 0
      vertex 90.02164570954363 -57.095150584360894 0
    endloop
  endfacet
  facet normal 0 0 -1
    outer loop
      vertex 85.5 -56.25 0
      vertex 90.33684225972493 -57.01069392328274 0
      vertex 90.17647619362185 -57.04259271713867 0
    endloop
  endfacet
  facet normal 0 0 -1
    outer loop
      vertex 85.5 -56.25 0
      vertex 90.5 -57 0
      vertex 90.33684225972493 -57.01069392328274 0
    endloop
  endfacet
  facet normal 0 0 -1
    outer loop
      vertex 85.5 -56.25 0
      vertex 90.66315774027507 -57.01069392328274 0
      vertex 90.5 -57 0
    endloop
  endfacet
  facet normal 0 0 -1
    outer loop
      vertex 85.5 -56.25 0
      vertex 85.52566541731358 -55.85842142254114 0
      vertex 95.27163859456778 -55.10194969922304 0
    endloop
  endfacet
  facet normal 0 0 -1
    outer loop
      vertex 85.52566541731358 -55.85842142254114 0
      vertex 85.60222252458334 -55.47354286164045 0
      vertex 95.09807620942593 -54.75 0
    endloop
  endfacet
  facet normal 0 0 -1
    outer loop
      vertex 87 -62.848076209425926 0
      vertex 94.6213203445077 -62.371320344507694 0
      vertex 87.35194969922304 -63.021638594567776 0
    endloop
  endfacet
  facet normal 0 0 -1
    outer loop
      vertex 87.35194969922304 -63.021638594567776 0
      vertex 94.32628428936005 -62.6300600245595 0
      vertex 87.72354286164045 -63.14777747541666 0
    endloop
  endfacet
  facet normal 0 0 -1
    outer loop
      vertex 88.10842142254114 -63.224334582686424 0
      vertex 93.64805030077696 -63.021638594567776 0
      vertex 88.5 -63.25 0
    endloop
  endfacet
  facet normal 0 0 -1
    outer loop
      vertex 87.72354286164045 -63.14777747541666 0
      vertex 94 -62.848076209425926 0
      vertex 88.10842142254114 -63.224334582686424 0
    endloop
  endfacet
  facet normal 0 0 -1
    outer loop
      vertex 88.5 -63.25 0
      vertex 93.27645713835955 -63.14777747541666 0
      vertex 92.5 -63.25 0
    endloop
  endfacet
  facet normal 0 0 -1
    outer loop
      vertex 88.5 -63.25 0
      vertex 93.64805030077696 -63.021638594567776 0
      vertex 93.27645713835955 -63.14777747541666 0
    endloop
  endfacet
  facet normal 0 0 -1
    outer loop
      vertex 88.10842142254114 -63.224334582686424 0
      vertex 94 -62.848076209425926 0
      vertex 93.64805030077696 -63.021638594567776 0
    endloop
  endfacet
  facet normal 0 0 -1
    outer loop
      vertex 87.72354286164045 -63.14777747541666 0
      vertex 94.32628428936005 -62.6300600245595 0
      vertex 94 -62.848076209425926 0
    endloop
  endfacet
  facet normal 0 0 -1
    outer loop
      vertex 87.35194969922304 -63.021638594567776 0
      vertex 94.6213203445077 -62.371320344507694 0
      vertex 94.32628428936005 -62.6300600245595 0
    endloop
  endfacet
  facet normal 0 0 -1
    outer loop
      vertex 87 -62.848076209425926 0
      vertex 94.8800600245595 -62.076284289360046 0
      vertex 94.6213203445077 -62.371320344507694 0
    endloop
  endfacet
  facet normal 0 0 -1
    outer loop
      vertex 86.67371571063995 -62.6300600245595 0
      vertex 95.09807620942593 -61.75 0
      vertex 94.8800600245595 -62.076284289360046 0
    endloop
  endfacet
  facet normal 0 0 -1
    outer loop
      vertex 86.3786796554923 -62.371320344507694 0
      vertex 95.27163859456778 -61.39805030077696 0
      vertex 95.09807620942593 -61.75 0
    endloop
  endfacet
  facet normal 0 0 -1
    outer loop
      vertex 86.1199399754405 -62.076284289360046 0
      vertex 95.39777747541666 -61.02645713835955 0
      vertex 95.27163859456778 -61.39805030077696 0
    endloop
  endfacet
  facet normal 0 0 -1
    outer loop
      vertex 85.60222252458334 -61.02645713835955 0
      vertex 90.33684225972493 -59.48930607671726 0
      vertex 95.5 -60.25 0
    endloop
  endfacet
  facet normal 0 0 -1
    outer loop
      vertex 85.90192379057407 -61.75 0
      vertex 95.47433458268642 -60.64157857745886 0
      vertex 95.39777747541666 -61.02645713835955 0
    endloop
  endfacet
  facet normal 0 0 -1
    outer loop
      vertex 85.72836140543222 -61.39805030077696 0
      vertex 95.5 -60.25 0
      vertex 95.47433458268642 -60.64157857745886 0
    endloop
  endfacet
  facet normal 0 0 -1
    outer loop
      vertex 95.5 -60.25 0
      vertex 90.33684225972493 -59.48930607671726 0
      vertex 90.5 -59.5 0
    endloop
  endfacet
  facet normal 0 0 -1
    outer loop
      vertex 95.5 -60.25 0
      vertex 90.5 -59.5 0
      vertex 90.66315774027507 -59.48930607671726 0
    endloop
  endfacet
  facet normal 0 0 -1
    outer loop
      vertex 95.5 -60.25 0
      vertex 90.66315774027507 -59.48930607671726 0
      vertex 90.82352380637815 -59.45740728286133 0
    endloop
  endfacet
  facet normal 0 0 -1
    outer loop
      vertex 95.5 -60.25 0
      vertex 90.82352380637815 -59.45740728286133 0
      vertex 90.97835429045637 -59.404849415639106 0
    endloop
  endfacet
  facet normal 0 0 -1
    outer loop
      vertex 92.5 -63.25 0
      vertex 93.27645713835955 -63.14777747541666 0
      vertex 92.89157857745886 -63.224334582686424 0
    endloop
  endfacet
  facet normal 0 0 -1
    outer loop
      vertex 95.5 -60.25 0
      vertex 90.97835429045637 -59.404849415639106 0
      vertex 91.125 -59.332531754730546 0
    endloop
  endfacet
  facet normal 0 0 -1
    outer loop
      vertex 95.5 -60.25 0
      vertex 91.125 -59.332531754730546 0
      vertex 91.2609517862609 -59.241691675364045 0
    endloop
  endfacet
  facet normal 0 0 -1
    outer loop
      vertex 95.5 -60.25 0
      vertex 91.2609517862609 -59.241691675364045 0
      vertex 91.38388347648319 -59.133883476483184 0
    endloop
  endfacet
  facet normal 0 0 -1
    outer loop
      vertex 95.5 -60.25 0
      vertex 91.38388347648319 -59.133883476483184 0
      vertex 91.49169167536404 -59.010951786260904 0
    endloop
  endfacet
  facet normal 0 0 -1
    outer loop
      vertex 95.5 -60.25 0
      vertex 91.49169167536404 -59.010951786260904 0
      vertex 91.58253175473055 -58.875 0
    endloop
  endfacet
  facet normal 0 0 -1
    outer loop
      vertex 95.5 -60.25 0
      vertex 91.58253175473055 -58.875 0
      vertex 91.6548494156391 -58.72835429045636 0
    endloop
  endfacet
  facet normal 0 0 -1
    outer loop
      vertex 85.5 -56.25 0
      vertex 95.39777747541666 -55.47354286164045 0
      vertex 90.66315774027507 -57.01069392328274 0
    endloop
  endfacet
  facet normal 0 0 -1
    outer loop
      vertex 95.39777747541666 -55.47354286164045 0
      vertex 90.82352380637815 -57.04259271713867 0
      vertex 90.66315774027507 -57.01069392328274 0
    endloop
  endfacet
  facet normal 0 0 -1
    outer loop
      vertex 95.39777747541666 -55.47354286164045 0
      vertex 91.125 -57.167468245269454 0
      vertex 90.97835429045637 -57.095150584360894 0
    endloop
  endfacet
  facet normal 0 0 -1
    outer loop
      vertex 95.39777747541666 -55.47354286164045 0
      vertex 90.97835429045637 -57.095150584360894 0
      vertex 90.82352380637815 -57.04259271713867 0
    endloop
  endfacet
  facet normal 0 0 -1
    outer loop
      vertex 85.5 -56.25 0
      vertex 95.27163859456778 -55.10194969922304 0
      vertex 95.39777747541666 -55.47354286164045 0
    endloop
  endfacet
  facet normal 0 0 -1
    outer loop
      vertex 85.52566541731358 -55.85842142254114 0
      vertex 95.09807620942593 -54.75 0
      vertex 95.27163859456778 -55.10194969922304 0
    endloop
  endfacet
  facet normal 0 0 -1
    outer loop
      vertex 95.5 -60.25 0
      vertex 91.6548494156391 -58.72835429045636 0
      vertex 91.70740728286134 -58.57352380637815 0
    endloop
  endfacet
  facet normal 0 0 -1
    outer loop
      vertex 95.5 -60.25 0
      vertex 91.70740728286134 -58.57352380637815 0
      vertex 91.73930607671727 -58.41315774027507 0
    endloop
  endfacet
  facet normal 0 0 -1
    outer loop
      vertex 95.5 -60.25 0
      vertex 91.73930607671727 -58.41315774027507 0
      vertex 91.75 -58.25 0
    endloop
  endfacet
  facet normal 0 0 -1
    outer loop
      vertex 95.5 -60.25 0
      vertex 91.75 -58.25 0
      vertex 91.73930607671727 -58.08684225972493 0
    endloop
  endfacet
  facet normal 0 0 -1
    outer loop
      vertex 95.5 -60.25 0
      vertex 91.73930607671727 -58.08684225972493 0
      vertex 91.70740728286134 -57.92647619362185 0
    endloop
  endfacet
  facet normal 0 0 -1
    outer loop
      vertex 95.5 -56.25 0
      vertex 91.70740728286134 -57.92647619362185 0
      vertex 91.6548494156391 -57.77164570954364 0
    endloop
  endfacet
  facet normal 0 0 -1
    outer loop
      vertex 95.5 -56.25 0
      vertex 91.6548494156391 -57.77164570954364 0
      vertex 91.58253175473055 -57.625 0
    endloop
  endfacet
  facet normal 0 0 -1
    outer loop
      vertex 95.5 -60.25 0
      vertex 91.70740728286134 -57.92647619362185 0
      vertex 95.5 -56.25 0
    endloop
  endfacet
  facet normal 0 0 -1
    outer loop
      vertex 95.47433458268642 -55.85842142254114 0
      vertex 91.58253175473055 -57.625 0
      vertex 91.49169167536404 -57.489048213739096 0
    endloop
  endfacet
  facet normal 0 0 -1
    outer loop
      vertex 95.39777747541666 -55.47354286164045 0
      vertex 91.38388347648319 -57.366116523516816 0
      vertex 91.2609517862609 -57.258308324635955 0
    endloop
  endfacet
  facet normal 0 0 -1
    outer loop
      vertex 95.47433458268642 -55.85842142254114 0
      vertex 91.49169167536404 -57.489048213739096 0
      vertex 91.38388347648319 -57.366116523516816 0
    endloop
  endfacet
  facet normal 0 0 -1
    outer loop
      vertex 95.39777747541666 -55.47354286164045 0
      vertex 91.2609517862609 -57.258308324635955 0
      vertex 91.125 -57.167468245269454 0
    endloop
  endfacet
  facet normal 0 0 -1
    outer loop
      vertex 95.5 -56.25 0
      vertex 91.58253175473055 -57.625 0
      vertex 95.47433458268642 -55.85842142254114 0
    endloop
  endfacet
  facet normal 0 0 -1
    outer loop
      vertex 95.47433458268642 -55.85842142254114 0
      vertex 91.38388347648319 -57.366116523516816 0
      vertex 95.39777747541666 -55.47354286164045 0
    endloop
  endfacet
  facet normal 0 0 -1
    outer loop
      vertex 85.60222252458334 -55.47354286164045 0
      vertex 85.72836140543222 -55.10194969922304 0
      vertex 94.8800600245595 -54.423715710639954 0
    endloop
  endfacet
  facet normal 0 0 -1
    outer loop
      vertex 85.72836140543222 -55.10194969922304 0
      vertex 85.90192379057407 -54.75 0
      vertex 94.6213203445077 -54.128679655492306 0
    endloop
  endfacet
  facet normal 0 0 -1
    outer loop
      vertex 85.90192379057407 -54.75 0
      vertex 86.1199399754405 -54.423715710639954 0
      vertex 94.32628428936005 -53.8699399754405 0
    endloop
  endfacet
  facet normal 0 0 -1
    outer loop
      vertex 87.72354286164045 -53.35222252458334 0
      vertex 88.10842142254114 -53.275665417313576 0
      vertex 88.5 -53.25 0
    endloop
  endfacet
  facet normal 0 0 -1
    outer loop
      vertex 86.1199399754405 -54.423715710639954 0
      vertex 86.3786796554923 -54.128679655492306 0
      vertex 94 -53.651923790574074 0
    endloop
  endfacet
  facet normal 0 0 -1
    outer loop
      vertex 86.3786796554923 -54.128679655492306 0
      vertex 86.67371571063995 -53.8699399754405 0
      vertex 93.64805030077696 -53.478361405432224 0
    endloop
  endfacet
  facet normal 0 0 -1
    outer loop
      vertex 86.67371571063995 -53.8699399754405 0
      vertex 87 -53.651923790574074 0
      vertex 93.27645713835955 -53.35222252458334 0
    endloop
  endfacet
  facet normal 0 0 -1
    outer loop
      vertex 87 -53.651923790574074 0
      vertex 87.35194969922304 -53.478361405432224 0
      vertex 92.89157857745886 -53.275665417313576 0
    endloop
  endfacet
  facet normal 0 0 -1
    outer loop
      vertex 87.35194969922304 -53.478361405432224 0
      vertex 87.72354286164045 -53.35222252458334 0
      vertex 92.5 -53.25 0
    endloop
  endfacet
  facet normal 0 0 -1
    outer loop
      vertex 87.72354286164045 -53.35222252458334 0
      vertex 88.5 -53.25 0
      vertex 92.5 -53.25 0
    endloop
  endfacet
  facet normal 0 0 -1
    outer loop
      vertex 87.35194969922304 -53.478361405432224 0
      vertex 92.5 -53.25 0
      vertex 92.89157857745886 -53.275665417313576 0
    endloop
  endfacet
  facet normal 0 0 -1
    outer loop
      vertex 85.72836140543222 -55.10194969922304 0
      vertex 94.6213203445077 -54.128679655492306 0
      vertex 94.8800600245595 -54.423715710639954 0
    endloop
  endfacet
  facet normal 0 0 -1
    outer loop
      vertex 85.90192379057407 -54.75 0
      vertex 94.32628428936005 -53.8699399754405 0
      vertex 94.6213203445077 -54.128679655492306 0
    endloop
  endfacet
  facet normal 0 0 -1
    outer loop
      vertex 85.60222252458334 -55.47354286164045 0
      vertex 94.8800600245595 -54.423715710639954 0
      vertex 95.09807620942593 -54.75 0
    endloop
  endfacet
  facet normal 0 0 -1
    outer loop
      vertex 86.3786796554923 -54.128679655492306 0
      vertex 93.64805030077696 -53.478361405432224 0
      vertex 94 -53.651923790574074 0
    endloop
  endfacet
  facet normal 0 0 -1
    outer loop
      vertex 86.1199399754405 -54.423715710639954 0
      vertex 94 -53.651923790574074 0
      vertex 94.32628428936005 -53.8699399754405 0
    endloop
  endfacet
  facet normal 0 0 -1
    outer loop
      vertex 86.67371571063995 -53.8699399754405 0
      vertex 93.27645713835955 -53.35222252458334 0
      vertex 93.64805030077696 -53.478361405432224 0
    endloop
  endfacet
  facet normal 0 0 -1
    outer loop
      vertex 87 -53.651923790574074 0
      vertex 92.89157857745886 -53.275665417313576 0
      vertex 93.27645713835955 -53.35222252458334 0
    endloop
  endfacet
  facet normal -0.6593458207943228 -0.7518398024852507 0
    outer loop
      vertex 86.67371571063995 -62.6300600245595 0
      vertex 86.3786796554923 -62.371320344507694 6
      vertex 86.3786796554923 -62.371320344507694 0
    endloop
  endfacet
  facet normal -0.8968727407473451 -0.4422886918115197 0
    outer loop
      vertex 85.72836140543222 -61.39805030077696 0
      vertex 85.90192379057407 -61.75 0
      vertex 85.72836140543222 -61.39805030077696 6
    endloop
  endfacet
  facet normal -0.8314696207458843 -0.5555702203832522 0
    outer loop
      vertex 86.1199399754405 -62.076284289360046 0
      vertex 85.90192379057407 -61.75 6
      vertex 85.90192379057407 -61.75 0
    endloop
  endfacet
  facet normal -0.7518398024852507 -0.6593458207943228 0
    outer loop
      vertex 86.1199399754405 -62.076284289360046 0
      vertex 86.3786796554923 -62.371320344507694 0
      vertex 86.1199399754405 -62.076284289360046 6
    endloop
  endfacet
  facet normal -0.9469301300366789 -0.3214394637077385 0
    outer loop
      vertex 85.72836140543222 -61.39805030077696 0
      vertex 85.60222252458334 -61.02645713835955 6
      vertex 85.60222252458334 -61.02645713835955 0
    endloop
  endfacet
  facet normal -0.9807852796390061 -0.19509032585814412 0
    outer loop
      vertex 85.60222252458334 -61.02645713835955 0
      vertex 85.52566541731358 -60.64157857745886 6
      vertex 85.52566541731358 -60.64157857745886 0
    endloop
  endfacet
  facet normal -0.9978589230086541 -0.06540313273849395 0
    outer loop
      vertex 85.52566541731358 -60.64157857745886 0
      vertex 85.5 -60.25 6
      vertex 85.5 -60.25 0
    endloop
  endfacet
  facet normal -0.4422886918115197 -0.8968727407473451 0
    outer loop
      vertex 87 -62.848076209425926 0
      vertex 87.35194969922304 -63.021638594567776 0
      vertex 87 -62.848076209425926 6
    endloop
  endfacet
  facet normal -0.5555702203832522 -0.8314696207458843 0
    outer loop
      vertex 86.67371571063995 -62.6300600245595 0
      vertex 87 -62.848076209425926 0
      vertex 86.67371571063995 -62.6300600245595 6
    endloop
  endfacet
  facet normal -0.3214394637077385 -0.9469301300366789 0
    outer loop
      vertex 87.35194969922304 -63.021638594567776 0
      vertex 87.72354286164045 -63.14777747541666 0
      vertex 87.35194969922304 -63.021638594567776 6
    endloop
  endfacet
  facet normal -0.19509032585814412 -0.9807852796390061 0
    outer loop
      vertex 87.72354286164045 -63.14777747541666 0
      vertex 88.10842142254114 -63.224334582686424 0
      vertex 87.72354286164045 -63.14777747541666 6
    endloop
  endfacet
  facet normal -0.06540313273849395 -0.9978589230086541 0
    outer loop
      vertex 88.10842142254114 -63.224334582686424 0
      vertex 88.5 -63.25 0
      vertex 88.10842142254114 -63.224334582686424 6
    endloop
  endfacet
  facet normal -1 0 0
    outer loop
      vertex 85.5 -60.25 0
      vertex 85.5 -56.25 6
      vertex 85.5 -56.25 0
    endloop
  endfacet
  facet normal -0.9978589230086541 0.06540313273849395 0
    outer loop
      vertex 85.5 -56.25 0
      vertex 85.52566541731358 -55.85842142254114 6
      vertex 85.52566541731358 -55.85842142254114 0
    endloop
  endfacet
  facet normal -0.9807852796390061 0.19509032585814412 0
    outer loop
      vertex 85.52566541731358 -55.85842142254114 0
      vertex 85.60222252458334 -55.47354286164045 6
      vertex 85.60222252458334 -55.47354286164045 0
    endloop
  endfacet
  facet normal -0.9469301300366789 0.3214394637077385 0
    outer loop
      vertex 85.60222252458334 -55.47354286164045 0
      vertex 85.72836140543222 -55.10194969922304 6
      vertex 85.72836140543222 -55.10194969922304 0
    endloop
  endfacet
  facet normal 0 -1 0
    outer loop
      vertex 88.5 -63.25 0
      vertex 92.5 -63.25 0
      vertex 88.5 -63.25 6
    endloop
  endfacet
  facet normal 0.06540313273849395 -0.9978589230086541 0
    outer loop
      vertex 92.5 -63.25 0
      vertex 92.89157857745886 -63.224334582686424 0
      vertex 92.5 -63.25 6
    endloop
  endfacet
  facet normal 0.19509032585814412 -0.9807852796390061 0
    outer loop
      vertex 92.89157857745886 -63.224334582686424 0
      vertex 93.27645713835955 -63.14777747541666 0
      vertex 92.89157857745886 -63.224334582686424 6
    endloop
  endfacet
  facet normal 0.3214394637077385 -0.9469301300366789 0
    outer loop
      vertex 93.27645713835955 -63.14777747541666 0
      vertex 93.64805030077696 -63.021638594567776 0
      vertex 93.27645713835955 -63.14777747541666 6
    endloop
  endfacet
  facet normal 0.4422886918115197 -0.8968727407473451 0
    outer loop
      vertex 93.64805030077696 -63.021638594567776 0
      vertex 94 -62.848076209425926 0
      vertex 93.64805030077696 -63.021638594567776 6
    endloop
  endfacet
  facet normal 0.5555702203832522 -0.8314696207458843 0
    outer loop
      vertex 94 -62.848076209425926 0
      vertex 94.32628428936005 -62.6300600245595 0
      vertex 94 -62.848076209425926 6
    endloop
  endfacet
  facet normal 0.6593458207943228 -0.7518398024852507 0
    outer loop
      vertex 94.32628428936005 -62.6300600245595 0
      vertex 94.6213203445077 -62.371320344507694 0
      vertex 94.32628428936005 -62.6300600245595 6
    endloop
  endfacet
  facet normal 0.7518398024852507 -0.6593458207943228 0
    outer loop
      vertex 94.6213203445077 -62.371320344507694 0
      vertex 94.8800600245595 -62.076284289360046 0
      vertex 94.6213203445077 -62.371320344507694 6
    endloop
  endfacet
  facet normal 0.8314696207458843 -0.5555702203832522 0
    outer loop
      vertex 94.8800600245595 -62.076284289360046 0
      vertex 95.09807620942593 -61.75 0
      vertex 94.8800600245595 -62.076284289360046 6
    endloop
  endfacet
  facet normal 0.8968727407473451 -0.4422886918115197 0
    outer loop
      vertex 95.09807620942593 -61.75 0
      vertex 95.27163859456778 -61.39805030077696 0
      vertex 95.09807620942593 -61.75 6
    endloop
  endfacet
  facet normal 0.9469301300366789 -0.3214394637077385 0
    outer loop
      vertex 95.27163859456778 -61.39805030077696 0
      vertex 95.39777747541666 -61.02645713835955 0
      vertex 95.27163859456778 -61.39805030077696 6
    endloop
  endfacet
  facet normal 0.9807852796390061 -0.19509032585814412 0
    outer loop
      vertex 95.39777747541666 -61.02645713835955 0
      vertex 95.47433458268642 -60.64157857745886 0
      vertex 95.39777747541666 -61.02645713835955 6
    endloop
  endfacet
  facet normal 0.9978589230086541 -0.06540313273849395 0
    outer loop
      vertex 95.47433458268642 -60.64157857745886 0
      vertex 95.5 -60.25 0
      vertex 95.47433458268642 -60.64157857745886 6
    endloop
  endfacet
  facet normal 1 0 0
    outer loop
      vertex 95.5 -60.25 0
      vertex 95.5 -56.25 0
      vertex 95.5 -60.25 6
    endloop
  endfacet
  facet normal 0.9978589230086541 0.06540313273849395 0
    outer loop
      vertex 95.5 -56.25 0
      vertex 95.47433458268642 -55.85842142254114 0
      vertex 95.5 -56.25 6
    endloop
  endfacet
  facet normal 0.9807852796390061 0.19509032585814412 0
    outer loop
      vertex 95.47433458268642 -55.85842142254114 0
      vertex 95.39777747541666 -55.47354286164045 0
      vertex 95.47433458268642 -55.85842142254114 6
    endloop
  endfacet
  facet normal 0.9469301300366789 0.3214394637077385 0
    outer loop
      vertex 95.39777747541666 -55.47354286164045 0
      vertex 95.27163859456778 -55.10194969922304 0
      vertex 95.39777747541666 -55.47354286164045 6
    endloop
  endfacet
  facet normal -0.8968727407473451 0.4422886918115197 0
    outer loop
      vertex 85.72836140543222 -55.10194969922304 0
      vertex 85.90192379057407 -54.75 6
      vertex 85.90192379057407 -54.75 0
    endloop
  endfacet
  facet normal -0.8314696207458843 0.5555702203832522 0
    outer loop
      vertex 85.90192379057407 -54.75 0
      vertex 86.1199399754405 -54.423715710639954 6
      vertex 86.1199399754405 -54.423715710639954 0
    endloop
  endfacet
  facet normal -0.7518398024852507 0.6593458207943228 0
    outer loop
      vertex 86.1199399754405 -54.423715710639954 0
      vertex 86.3786796554923 -54.128679655492306 6
      vertex 86.3786796554923 -54.128679655492306 0
    endloop
  endfacet
  facet normal -0.6593458207943228 0.7518398024852507 0
    outer loop
      vertex 86.3786796554923 -54.128679655492306 0
      vertex 86.67371571063995 -53.8699399754405 6
      vertex 86.67371571063995 -53.8699399754405 0
    endloop
  endfacet
  facet normal -0.5555702203832522 0.8314696207458843 0
    outer loop
      vertex 86.67371571063995 -53.8699399754405 0
      vertex 87 -53.651923790574074 6
      vertex 87 -53.651923790574074 0
    endloop
  endfacet
  facet normal -0.4422886918115197 0.8968727407473451 0
    outer loop
      vertex 87 -53.651923790574074 0
      vertex 87.35194969922304 -53.478361405432224 6
      vertex 87.35194969922304 -53.478361405432224 0
    endloop
  endfacet
  facet normal -0.3214394637077385 0.9469301300366789 0
    outer loop
      vertex 87.35194969922304 -53.478361405432224 0
      vertex 87.72354286164045 -53.35222252458334 6
      vertex 87.72354286164045 -53.35222252458334 0
    endloop
  endfacet
  facet normal -0.19509032585814412 0.9807852796390061 0
    outer loop
      vertex 87.72354286164045 -53.35222252458334 0
      vertex 88.10842142254114 -53.275665417313576 6
      vertex 88.10842142254114 -53.275665417313576 0
    endloop
  endfacet
  facet normal -0.06540313273849395 0.9978589230086541 0
    outer loop
      vertex 88.10842142254114 -53.275665417313576 0
      vertex 88.5 -53.25 6
      vertex 88.5 -53.25 0
    endloop
  endfacet
  facet normal 0 1 0
    outer loop
      vertex 88.5 -53.25 0
      vertex 92.5 -53.25 6
      vertex 92.5 -53.25 0
    endloop
  endfacet
  facet normal 0.06540313273849395 0.9978589230086541 0
    outer loop
      vertex 92.5 -53.25 0
      vertex 92.89157857745886 -53.275665417313576 6
      vertex 92.89157857745886 -53.275665417313576 0
    endloop
  endfacet
  facet normal 0.19509032585814412 0.9807852796390061 0
    outer loop
      vertex 92.89157857745886 -53.275665417313576 0
      vertex 93.27645713835955 -53.35222252458334 6
      vertex 93.27645713835955 -53.35222252458334 0
    endloop
  endfacet
  facet normal 0.3214394637077385 0.9469301300366789 0
    outer loop
      vertex 93.27645713835955 -53.35222252458334 0
      vertex 93.64805030077696 -53.478361405432224 6
      vertex 93.64805030077696 -53.478361405432224 0
    endloop
  endfacet
  facet normal 0.4422886918115197 0.8968727407473451 0
    outer loop
      vertex 93.64805030077696 -53.478361405432224 0
      vertex 94 -53.651923790574074 6
      vertex 94 -53.651923790574074 0
    endloop
  endfacet
  facet normal 0.8968727407473451 0.4422886918115197 0
    outer loop
      vertex 95.09807620942593 -54.75 0
      vertex 95.27163859456778 -55.10194969922304 6
      vertex 95.27163859456778 -55.10194969922304 0
    endloop
  endfacet
  facet normal 0.8314696207458843 0.5555702203832522 0
    outer loop
      vertex 95.09807620942593 -54.75 0
      vertex 94.8800600245595 -54.423715710639954 0
      vertex 95.09807620942593 -54.75 6
    endloop
  endfacet
  facet normal 0.7518398024852507 0.6593458207943228 0
    outer loop
      vertex 94.6213203445077 -54.128679655492306 0
      vertex 94.8800600245595 -54.423715710639954 6
      vertex 94.8800600245595 -54.423715710639954 0
    endloop
  endfacet
  facet normal 0.5555702203832522 0.8314696207458843 0
    outer loop
      vertex 94 -53.651923790574074 0
      vertex 94.32628428936005 -53.8699399754405 6
      vertex 94.32628428936005 -53.8699399754405 0
    endloop
  endfacet
  facet normal 0.6593458207943228 0.7518398024852507 0
    outer loop
      vertex 94.6213203445077 -54.128679655492306 0
      vertex 94.32628428936005 -53.8699399754405 0
      vertex 94.6213203445077 -54.128679655492306 6
    endloop
  endfacet
  facet normal -0.7518398024852507 -0.6593458207943228 0
    outer loop
      vertex 86.3786796554923 -62.371320344507694 0
      vertex 86.3786796554923 -62.371320344507694 6
      vertex 86.1199399754405 -62.076284289360046 6
    endloop
  endfacet
  facet normal -0.9469301300366789 -0.3214394637077385 0
    outer loop
      vertex 85.72836140543222 -61.39805030077696 0
      vertex 85.72836140543222 -61.39805030077696 6
      vertex 85.60222252458334 -61.02645713835955 6
    endloop
  endfacet
  facet normal -0.8314696207458843 -0.5555702203832522 0
    outer loop
      vertex 86.1199399754405 -62.076284289360046 0
      vertex 86.1199399754405 -62.076284289360046 6
      vertex 85.90192379057407 -61.75 6
    endloop
  endfacet
  facet normal -0.8968727407473451 -0.4422886918115197 0
    outer loop
      vertex 85.90192379057407 -61.75 0
      vertex 85.90192379057407 -61.75 6
      vertex 85.72836140543222 -61.39805030077696 6
    endloop
  endfacet
  facet normal -0.9807852796390061 -0.19509032585814412 0
    outer loop
      vertex 85.60222252458334 -61.02645713835955 0
      vertex 85.60222252458334 -61.02645713835955 6
      vertex 85.52566541731358 -60.64157857745886 6
    endloop
  endfacet
  facet normal -0.9978589230086541 -0.06540313273849395 0
    outer loop
      vertex 85.52566541731358 -60.64157857745886 0
      vertex 85.52566541731358 -60.64157857745886 6
      vertex 85.5 -60.25 6
    endloop
  endfacet
  facet normal -0.5555702203832522 -0.8314696207458843 0
    outer loop
      vertex 87 -62.848076209425926 0
      vertex 87 -62.848076209425926 6
      vertex 86.67371571063995 -62.6300600245595 6
    endloop
  endfacet
  facet normal -0.4422886918115197 -0.8968727407473451 0
    outer loop
      vertex 87.35194969922304 -63.021638594567776 0
      vertex 87.35194969922304 -63.021638594567776 6
      vertex 87 -62.848076209425926 6
    endloop
  endfacet
  facet normal -0.6593458207943228 -0.7518398024852507 0
    outer loop
      vertex 86.67371571063995 -62.6300600245595 0
      vertex 86.67371571063995 -62.6300600245595 6
      vertex 86.3786796554923 -62.371320344507694 6
    endloop
  endfacet
  facet normal -0.3214394637077385 -0.9469301300366789 0
    outer loop
      vertex 87.72354286164045 -63.14777747541666 0
      vertex 87.72354286164045 -63.14777747541666 6
      vertex 87.35194969922304 -63.021638594567776 6
    endloop
  endfacet
  facet normal -0.19509032585814412 -0.9807852796390061 0
    outer loop
      vertex 88.10842142254114 -63.224334582686424 0
      vertex 88.10842142254114 -63.224334582686424 6
      vertex 87.72354286164045 -63.14777747541666 6
    endloop
  endfacet
  facet normal -0.06540313273849395 -0.9978589230086541 0
    outer loop
      vertex 88.5 -63.25 0
      vertex 88.5 -63.25 6
      vertex 88.10842142254114 -63.224334582686424 6
    endloop
  endfacet
  facet normal -1 0 0
    outer loop
      vertex 85.5 -60.25 0
      vertex 85.5 -60.25 6
      vertex 85.5 -56.25 6
    endloop
  endfacet
  facet normal -0.9978589230086541 0.06540313273849395 0
    outer loop
      vertex 85.5 -56.25 0
      vertex 85.5 -56.25 6
      vertex 85.52566541731358 -55.85842142254114 6
    endloop
  endfacet
  facet normal -0.9807852796390061 0.19509032585814412 0
    outer loop
      vertex 85.52566541731358 -55.85842142254114 0
      vertex 85.52566541731358 -55.85842142254114 6
      vertex 85.60222252458334 -55.47354286164045 6
    endloop
  endfacet
  facet normal -0.9469301300366789 0.3214394637077385 0
    outer loop
      vertex 85.60222252458334 -55.47354286164045 0
      vertex 85.60222252458334 -55.47354286164045 6
      vertex 85.72836140543222 -55.10194969922304 6
    endloop
  endfacet
  facet normal 0 -1 0
    outer loop
      vertex 88.5 -63.25 6
      vertex 92.5 -63.25 0
      vertex 92.5 -63.25 6
    endloop
  endfacet
  facet normal 0.06540313273849395 -0.9978589230086541 0
    outer loop
      vertex 92.89157857745886 -63.224334582686424 0
      vertex 92.89157857745886 -63.224334582686424 6
      vertex 92.5 -63.25 6
    endloop
  endfacet
  facet normal 0.19509032585814412 -0.9807852796390061 0
    outer loop
      vertex 93.27645713835955 -63.14777747541666 0
      vertex 93.27645713835955 -63.14777747541666 6
      vertex 92.89157857745886 -63.224334582686424 6
    endloop
  endfacet
  facet normal 0.3214394637077385 -0.9469301300366789 0
    outer loop
      vertex 93.64805030077696 -63.021638594567776 0
      vertex 93.64805030077696 -63.021638594567776 6
      vertex 93.27645713835955 -63.14777747541666 6
    endloop
  endfacet
  facet normal 0.4422886918115197 -0.8968727407473451 0
    outer loop
      vertex 94 -62.848076209425926 0
      vertex 94 -62.848076209425926 6
      vertex 93.64805030077696 -63.021638594567776 6
    endloop
  endfacet
  facet normal 0.5555702203832522 -0.8314696207458843 0
    outer loop
      vertex 94.32628428936005 -62.6300600245595 0
      vertex 94.32628428936005 -62.6300600245595 6
      vertex 94 -62.848076209425926 6
    endloop
  endfacet
  facet normal 0.6593458207943228 -0.7518398024852507 0
    outer loop
      vertex 94.6213203445077 -62.371320344507694 0
      vertex 94.6213203445077 -62.371320344507694 6
      vertex 94.32628428936005 -62.6300600245595 6
    endloop
  endfacet
  facet normal 0.7518398024852507 -0.6593458207943228 0
    outer loop
      vertex 94.8800600245595 -62.076284289360046 0
      vertex 94.8800600245595 -62.076284289360046 6
      vertex 94.6213203445077 -62.371320344507694 6
    endloop
  endfacet
  facet normal 0.8314696207458843 -0.5555702203832522 0
    outer loop
      vertex 95.09807620942593 -61.75 0
      vertex 95.09807620942593 -61.75 6
      vertex 94.8800600245595 -62.076284289360046 6
    endloop
  endfacet
  facet normal 0.8968727407473451 -0.4422886918115197 0
    outer loop
      vertex 95.27163859456778 -61.39805030077696 0
      vertex 95.27163859456778 -61.39805030077696 6
      vertex 95.09807620942593 -61.75 6
    endloop
  endfacet
  facet normal 0.9469301300366789 -0.3214394637077385 0
    outer loop
      vertex 95.39777747541666 -61.02645713835955 0
      vertex 95.39777747541666 -61.02645713835955 6
      vertex 95.27163859456778 -61.39805030077696 6
    endloop
  endfacet
  facet normal 0.9807852796390061 -0.19509032585814412 0
    outer loop
      vertex 95.47433458268642 -60.64157857745886 0
      vertex 95.47433458268642 -60.64157857745886 6
      vertex 95.39777747541666 -61.02645713835955 6
    endloop
  endfacet
  facet normal 0.9978589230086541 -0.06540313273849395 0
    outer loop
      vertex 95.5 -60.25 0
      vertex 95.5 -60.25 6
      vertex 95.47433458268642 -60.64157857745886 6
    endloop
  endfacet
  facet normal 1 0 0
    outer loop
      vertex 95.5 -60.25 6
      vertex 95.5 -56.25 0
      vertex 95.5 -56.25 6
    endloop
  endfacet
  facet normal 0.9978589230086541 0.06540313273849395 0
    outer loop
      vertex 95.47433458268642 -55.85842142254114 0
      vertex 95.47433458268642 -55.85842142254114 6
      vertex 95.5 -56.25 6
    endloop
  endfacet
  facet normal 0.9807852796390061 0.19509032585814412 0
    outer loop
      vertex 95.39777747541666 -55.47354286164045 0
      vertex 95.39777747541666 -55.47354286164045 6
      vertex 95.47433458268642 -55.85842142254114 6
    endloop
  endfacet
  facet normal 0.9469301300366789 0.3214394637077385 0
    outer loop
      vertex 95.27163859456778 -55.10194969922304 0
      vertex 95.27163859456778 -55.10194969922304 6
      vertex 95.39777747541666 -55.47354286164045 6
    endloop
  endfacet
  facet normal -0.8968727407473451 0.4422886918115197 0
    outer loop
      vertex 85.72836140543222 -55.10194969922304 0
      vertex 85.72836140543222 -55.10194969922304 6
      vertex 85.90192379057407 -54.75 6
    endloop
  endfacet
  facet normal -0.8314696207458843 0.5555702203832522 0
    outer loop
      vertex 85.90192379057407 -54.75 0
      vertex 85.90192379057407 -54.75 6
      vertex 86.1199399754405 -54.423715710639954 6
    endloop
  endfacet
  facet normal -0.7518398024852507 0.6593458207943228 0
    outer loop
      vertex 86.1199399754405 -54.423715710639954 0
      vertex 86.1199399754405 -54.423715710639954 6
      vertex 86.3786796554923 -54.128679655492306 6
    endloop
  endfacet
  facet normal -0.6593458207943228 0.7518398024852507 0
    outer loop
      vertex 86.3786796554923 -54.128679655492306 0
      vertex 86.3786796554923 -54.128679655492306 6
      vertex 86.67371571063995 -53.8699399754405 6
    endloop
  endfacet
  facet normal -0.5555702203832522 0.8314696207458843 0
    outer loop
      vertex 86.67371571063995 -53.8699399754405 0
      vertex 86.67371571063995 -53.8699399754405 6
      vertex 87 -53.651923790574074 6
    endloop
  endfacet
  facet normal -0.4422886918115197 0.8968727407473451 0
    outer loop
      vertex 87 -53.651923790574074 0
      vertex 87 -53.651923790574074 6
      vertex 87.35194969922304 -53.478361405432224 6
    endloop
  endfacet
  facet normal -0.3214394637077385 0.9469301300366789 0
    outer loop
      vertex 87.35194969922304 -53.478361405432224 0
      vertex 87.35194969922304 -53.478361405432224 6
      vertex 87.72354286164045 -53.35222252458334 6
    endloop
  endfacet
  facet normal -0.19509032585814412 0.9807852796390061 0
    outer loop
      vertex 87.72354286164045 -53.35222252458334 0
      vertex 87.72354286164045 -53.35222252458334 6
      vertex 88.10842142254114 -53.275665417313576 6
    endloop
  endfacet
  facet normal -0.06540313273849395 0.9978589230086541 0
    outer loop
      vertex 88.10842142254114 -53.275665417313576 0
      vertex 88.10842142254114 -53.275665417313576 6
      vertex 88.5 -53.25 6
    endloop
  endfacet
  facet normal 0 1 0
    outer loop
      vertex 88.5 -53.25 0
      vertex 88.5 -53.25 6
      vertex 92.5 -53.25 6
    endloop
  endfacet
  facet normal 0.06540313273849395 0.9978589230086541 0
    outer loop
      vertex 92.5 -53.25 0
      vertex 92.5 -53.25 6
      vertex 92.89157857745886 -53.275665417313576 6
    endloop
  endfacet
  facet normal 0.19509032585814412 0.9807852796390061 0
    outer loop
      vertex 92.89157857745886 -53.275665417313576 0
      vertex 92.89157857745886 -53.275665417313576 6
      vertex 93.27645713835955 -53.35222252458334 6
    endloop
  endfacet
  facet normal 0.3214394637077385 0.9469301300366789 0
    outer loop
      vertex 93.27645713835955 -53.35222252458334 0
      vertex 93.27645713835955 -53.35222252458334 6
      vertex 93.64805030077696 -53.478361405432224 6
    endloop
  endfacet
  facet normal 0.4422886918115197 0.8968727407473451 0
    outer loop
      vertex 93.64805030077696 -53.478361405432224 0
      vertex 93.64805030077696 -53.478361405432224 6
      vertex 94 -53.651923790574074 6
    endloop
  endfacet
  facet normal 0.7518398024852507 0.6593458207943228 0
    outer loop
      vertex 94.6213203445077 -54.128679655492306 0
      vertex 94.6213203445077 -54.128679655492306 6
      vertex 94.8800600245595 -54.423715710639954 6
    endloop
  endfacet
  facet normal 0.8968727407473451 0.4422886918115197 0
    outer loop
      vertex 95.09807620942593 -54.75 0
      vertex 95.09807620942593 -54.75 6
      vertex 95.27163859456778 -55.10194969922304 6
    endloop
  endfacet
  facet normal 0.8314696207458843 0.5555702203832522 0
    outer loop
      vertex 94.8800600245595 -54.423715710639954 0
      vertex 94.8800600245595 -54.423715710639954 6
      vertex 95.09807620942593 -54.75 6
    endloop
  endfacet
  facet normal 0.5555702203832522 0.8314696207458843 0
    outer loop
      vertex 94 -53.651923790574074 0
      vertex 94 -53.651923790574074 6
      vertex 94.32628428936005 -53.8699399754405 6
    endloop
  endfacet
  facet normal 0.6593458207943228 0.7518398024852507 0
    outer loop
      vertex 94.32628428936005 -53.8699399754405 0
      vertex 94.32628428936005 -53.8699399754405 6
      vertex 94.6213203445077 -54.128679655492306 6
    endloop
  endfacet
  facet normal 0 0 1
    outer loop
      vertex 85.52566541731358 -60.64157857745886 6
      vertex 88.3842287121027 -59.12638116232665 6
      vertex 85.5 -60.25 6
    endloop
  endfacet
  facet normal 0 0 1
    outer loop
      vertex 86.67371571063995 -62.6300600245595 6
      vertex 87 -62.848076209425926 6
      vertex 94.8800600245595 -62.076284289360046 6
    endloop
  endfacet
  facet normal 0 0 1
    outer loop
      vertex 86.67371571063995 -62.6300600245595 6
      vertex 95.09807620942593 -61.75 6
      vertex 86.3786796554923 -62.371320344507694 6
    endloop
  endfacet
  facet normal 0 0 1
    outer loop
      vertex 86.1199399754405 -62.076284289360046 6
      vertex 86.3786796554923 -62.371320344507694 6
      vertex 95.27163859456778 -61.39805030077696 6
    endloop
  endfacet
  facet normal 0 0 1
    outer loop
      vertex 86.1199399754405 -62.076284289360046 6
      vertex 95.39777747541666 -61.02645713835955 6
      vertex 85.90192379057407 -61.75 6
    endloop
  endfacet
  facet normal 0 0 1
    outer loop
      vertex 85.72836140543222 -61.39805030077696 6
      vertex 85.90192379057407 -61.75 6
      vertex 95.47433458268642 -60.64157857745886 6
    endloop
  endfacet
  facet normal 0 0 1
    outer loop
      vertex 85.60222252458334 -61.02645713835955 6
      vertex 88.51672012482385 -59.39504716981132 6
      vertex 85.52566541731358 -60.64157857745886 6
    endloop
  endfacet
  facet normal 0 0 1
    outer loop
      vertex 85.60222252458334 -61.02645713835955 6
      vertex 89.35495283018868 -60.23327987517615 6
      vertex 89.10587889724654 -60.066853993921676 6
    endloop
  endfacet
  facet normal 0 0 1
    outer loop
      vertex 85.60222252458334 -61.02645713835955 6
      vertex 89.10587889724654 -60.066853993921676 6
      vertex 88.8806587628959 -59.8693412371041 6
    endloop
  endfacet
  facet normal 0 0 1
    outer loop
      vertex 85.60222252458334 -61.02645713835955 6
      vertex 88.68314600607833 -59.644121102753466 6
      vertex 88.51672012482385 -59.39504716981132 6
    endloop
  endfacet
  facet normal 0 0 1
    outer loop
      vertex 85.60222252458334 -61.02645713835955 6
      vertex 88.8806587628959 -59.8693412371041 6
      vertex 88.68314600607833 -59.644121102753466 6
    endloop
  endfacet
  facet normal 0 0 1
    outer loop
      vertex 85.52566541731358 -60.64157857745886 6
      vertex 88.51672012482385 -59.39504716981132 6
      vertex 88.3842287121027 -59.12638116232665 6
    endloop
  endfacet
  facet normal 0 0 1
    outer loop
      vertex 85.5 -60.25 6
      vertex 88.3842287121027 -59.12638116232665 6
      vertex 88.28793873272008 -58.84272003017582 6
    endloop
  endfacet
  facet normal 0 0 1
    outer loop
      vertex 85.60222252458334 -61.02645713835955 6
      vertex 89.62361883767333 -60.36577128789731 6
      vertex 89.35495283018868 -60.23327987517615 6
    endloop
  endfacet
  facet normal 0 0 1
    outer loop
      vertex 85.60222252458334 -61.02645713835955 6
      vertex 89.90727996982419 -60.462061267279914 6
      vertex 89.62361883767333 -60.36577128789731 6
    endloop
  endfacet
  facet normal 0 0 1
    outer loop
      vertex 85.60222252458334 -61.02645713835955 6
      vertex 90.20108270602437 -60.52050226508012 6
      vertex 89.90727996982419 -60.462061267279914 6
    endloop
  endfacet
  facet normal 0 0 1
    outer loop
      vertex 85.60222252458334 -61.02645713835955 6
      vertex 90.5 -60.54009433962264 6
      vertex 90.20108270602437 -60.52050226508012 6
    endloop
  endfacet
  facet normal 0 0 1
    outer loop
      vertex 85.72836140543222 -61.39805030077696 6
      vertex 95.5 -60.25 6
      vertex 85.60222252458334 -61.02645713835955 6
    endloop
  endfacet
  facet normal 0 0 1
    outer loop
      vertex 85.5 -60.25 6
      vertex 88.22949773491989 -58.548917293975634 6
      vertex 85.5 -56.25 6
    endloop
  endfacet
  facet normal 0 0 1
    outer loop
      vertex 85.5 -60.25 6
      vertex 88.28793873272008 -58.84272003017582 6
      vertex 88.22949773491989 -58.548917293975634 6
    endloop
  endfacet
  facet normal 0 0 1
    outer loop
      vertex 85.5 -56.25 6
      vertex 88.22949773491989 -58.548917293975634 6
      vertex 88.20990566037736 -58.25 6
    endloop
  endfacet
  facet normal 0 0 1
    outer loop
      vertex 85.5 -56.25 6
      vertex 88.20990566037736 -58.25 6
      vertex 88.22949773491989 -57.951082706024366 6
    endloop
  endfacet
  facet normal 0 0 1
    outer loop
      vertex 85.5 -56.25 6
      vertex 88.22949773491989 -57.951082706024366 6
      vertex 88.28793873272008 -57.65727996982418 6
    endloop
  endfacet
  facet normal 0 0 1
    outer loop
      vertex 85.5 -56.25 6
      vertex 88.28793873272008 -57.65727996982418 6
      vertex 88.3842287121027 -57.37361883767335 6
    endloop
  endfacet
  facet normal 0 0 1
    outer loop
      vertex 85.5 -56.25 6
      vertex 88.3842287121027 -57.37361883767335 6
      vertex 88.51672012482385 -57.10495283018868 6
    endloop
  endfacet
  facet normal 0 0 1
    outer loop
      vertex 85.5 -56.25 6
      vertex 88.51672012482385 -57.10495283018868 6
      vertex 88.68314600607833 -56.855878897246534 6
    endloop
  endfacet
  facet normal 0 0 1
    outer loop
      vertex 85.5 -56.25 6
      vertex 88.68314600607833 -56.855878897246534 6
      vertex 88.8806587628959 -56.6306587628959 6
    endloop
  endfacet
  facet normal 0 0 1
    outer loop
      vertex 85.5 -56.25 6
      vertex 88.8806587628959 -56.6306587628959 6
      vertex 89.10587889724654 -56.433146006078324 6
    endloop
  endfacet
  facet normal 0 0 1
    outer loop
      vertex 85.5 -56.25 6
      vertex 89.10587889724654 -56.433146006078324 6
      vertex 89.35495283018868 -56.26672012482385 6
    endloop
  endfacet
  facet normal 0 0 1
    outer loop
      vertex 85.5 -56.25 6
      vertex 89.35495283018868 -56.26672012482385 6
      vertex 89.62361883767333 -56.13422871210269 6
    endloop
  endfacet
  facet normal 0 0 1
    outer loop
      vertex 85.5 -56.25 6
      vertex 89.62361883767333 -56.13422871210269 6
      vertex 89.90727996982419 -56.037938732720086 6
    endloop
  endfacet
  facet normal 0 0 1
    outer loop
      vertex 85.5 -56.25 6
      vertex 89.90727996982419 -56.037938732720086 6
      vertex 90.20108270602437 -55.97949773491988 6
    endloop
  endfacet
  facet normal 0 0 1
    outer loop
      vertex 85.5 -56.25 6
      vertex 90.20108270602437 -55.97949773491988 6
      vertex 90.5 -55.95990566037736 6
    endloop
  endfacet
  facet normal 0 0 1
    outer loop
      vertex 85.5 -56.25 6
      vertex 95.27163859456778 -55.10194969922304 6
      vertex 85.52566541731358 -55.85842142254114 6
    endloop
  endfacet
  facet normal 0 0 1
    outer loop
      vertex 85.52566541731358 -55.85842142254114 6
      vertex 95.09807620942593 -54.75 6
      vertex 85.60222252458334 -55.47354286164045 6
    endloop
  endfacet
  facet normal 0 0 1
    outer loop
      vertex 87 -62.848076209425926 6
      vertex 87.35194969922304 -63.021638594567776 6
      vertex 94.6213203445077 -62.371320344507694 6
    endloop
  endfacet
  facet normal 0 0 1
    outer loop
      vertex 87.35194969922304 -63.021638594567776 6
      vertex 87.72354286164045 -63.14777747541666 6
      vertex 94.32628428936005 -62.6300600245595 6
    endloop
  endfacet
  facet normal 0 0 1
    outer loop
      vertex 88.10842142254114 -63.224334582686424 6
      vertex 88.5 -63.25 6
      vertex 93.64805030077696 -63.021638594567776 6
    endloop
  endfacet
  facet normal 0 0 1
    outer loop
      vertex 87.72354286164045 -63.14777747541666 6
      vertex 88.10842142254114 -63.224334582686424 6
      vertex 94 -62.848076209425926 6
    endloop
  endfacet
  facet normal 0 0 1
    outer loop
      vertex 88.5 -63.25 6
      vertex 92.5 -63.25 6
      vertex 93.27645713835955 -63.14777747541666 6
    endloop
  endfacet
  facet normal 0 0 1
    outer loop
      vertex 88.5 -63.25 6
      vertex 93.27645713835955 -63.14777747541666 6
      vertex 93.64805030077696 -63.021638594567776 6
    endloop
  endfacet
  facet normal 0 0 1
    outer loop
      vertex 88.10842142254114 -63.224334582686424 6
      vertex 93.64805030077696 -63.021638594567776 6
      vertex 94 -62.848076209425926 6
    endloop
  endfacet
  facet normal 0 0 1
    outer loop
      vertex 87.72354286164045 -63.14777747541666 6
      vertex 94 -62.848076209425926 6
      vertex 94.32628428936005 -62.6300600245595 6
    endloop
  endfacet
  facet normal 0 0 1
    outer loop
      vertex 87.35194969922304 -63.021638594567776 6
      vertex 94.32628428936005 -62.6300600245595 6
      vertex 94.6213203445077 -62.371320344507694 6
    endloop
  endfacet
  facet normal 0 0 1
    outer loop
      vertex 87 -62.848076209425926 6
      vertex 94.6213203445077 -62.371320344507694 6
      vertex 94.8800600245595 -62.076284289360046 6
    endloop
  endfacet
  facet normal 0 0 1
    outer loop
      vertex 86.67371571063995 -62.6300600245595 6
      vertex 94.8800600245595 -62.076284289360046 6
      vertex 95.09807620942593 -61.75 6
    endloop
  endfacet
  facet normal 0 0 1
    outer loop
      vertex 86.3786796554923 -62.371320344507694 6
      vertex 95.09807620942593 -61.75 6
      vertex 95.27163859456778 -61.39805030077696 6
    endloop
  endfacet
  facet normal 0 0 1
    outer loop
      vertex 86.1199399754405 -62.076284289360046 6
      vertex 95.27163859456778 -61.39805030077696 6
      vertex 95.39777747541666 -61.02645713835955 6
    endloop
  endfacet
  facet normal 0 0 1
    outer loop
      vertex 85.60222252458334 -61.02645713835955 6
      vertex 95.5 -60.25 6
      vertex 90.5 -60.54009433962264 6
    endloop
  endfacet
  facet normal 0 0 1
    outer loop
      vertex 85.90192379057407 -61.75 6
      vertex 95.39777747541666 -61.02645713835955 6
      vertex 95.47433458268642 -60.64157857745886 6
    endloop
  endfacet
  facet normal 0 0 1
    outer loop
      vertex 85.72836140543222 -61.39805030077696 6
      vertex 95.47433458268642 -60.64157857745886 6
      vertex 95.5 -60.25 6
    endloop
  endfacet
  facet normal 0 0 1
    outer loop
      vertex 95.5 -60.25 6
      vertex 90.79891729397563 -60.52050226508012 6
      vertex 90.5 -60.54009433962264 6
    endloop
  endfacet
  facet normal 0 0 1
    outer loop
      vertex 95.5 -60.25 6
      vertex 91.09272003017581 -60.462061267279914 6
      vertex 90.79891729397563 -60.52050226508012 6
    endloop
  endfacet
  facet normal 0 0 1
    outer loop
      vertex 92.5 -63.25 6
      vertex 92.89157857745886 -63.224334582686424 6
      vertex 93.27645713835955 -63.14777747541666 6
    endloop
  endfacet
  facet normal 0 0 1
    outer loop
      vertex 95.5 -60.25 6
      vertex 91.37638116232667 -60.36577128789731 6
      vertex 91.09272003017581 -60.462061267279914 6
    endloop
  endfacet
  facet normal 0 0 1
    outer loop
      vertex 95.5 -60.25 6
      vertex 91.64504716981132 -60.23327987517615 6
      vertex 91.37638116232667 -60.36577128789731 6
    endloop
  endfacet
  facet normal 0 0 1
    outer loop
      vertex 95.5 -60.25 6
      vertex 91.89412110275346 -60.066853993921676 6
      vertex 91.64504716981132 -60.23327987517615 6
    endloop
  endfacet
  facet normal 0 0 1
    outer loop
      vertex 95.5 -60.25 6
      vertex 92.1193412371041 -59.8693412371041 6
      vertex 91.89412110275346 -60.066853993921676 6
    endloop
  endfacet
  facet normal 0 0 1
    outer loop
      vertex 95.5 -60.25 6
      vertex 92.31685399392167 -59.644121102753466 6
      vertex 92.1193412371041 -59.8693412371041 6
    endloop
  endfacet
  facet normal 0 0 1
    outer loop
      vertex 95.5 -60.25 6
      vertex 92.48327987517615 -59.39504716981132 6
      vertex 92.31685399392167 -59.644121102753466 6
    endloop
  endfacet
  facet normal 0 0 1
    outer loop
      vertex 95.5 -60.25 6
      vertex 92.6157712878973 -59.12638116232665 6
      vertex 92.48327987517615 -59.39504716981132 6
    endloop
  endfacet
  facet normal 0 0 1
    outer loop
      vertex 95.5 -60.25 6
      vertex 92.71206126727992 -58.84272003017582 6
      vertex 92.6157712878973 -59.12638116232665 6
    endloop
  endfacet
  facet normal 0 0 1
    outer loop
      vertex 85.5 -56.25 6
      vertex 90.5 -55.95990566037736 6
      vertex 95.39777747541666 -55.47354286164045 6
    endloop
  endfacet
  facet normal 0 0 1
    outer loop
      vertex 95.39777747541666 -55.47354286164045 6
      vertex 90.5 -55.95990566037736 6
      vertex 90.79891729397563 -55.97949773491988 6
    endloop
  endfacet
  facet normal 0 0 1
    outer loop
      vertex 95.39777747541666 -55.47354286164045 6
      vertex 90.79891729397563 -55.97949773491988 6
      vertex 91.09272003017581 -56.037938732720086 6
    endloop
  endfacet
  facet normal 0 0 1
    outer loop
      vertex 85.5 -56.25 6
      vertex 95.39777747541666 -55.47354286164045 6
      vertex 95.27163859456778 -55.10194969922304 6
    endloop
  endfacet
  facet normal 0 0 1
    outer loop
      vertex 85.52566541731358 -55.85842142254114 6
      vertex 95.27163859456778 -55.10194969922304 6
      vertex 95.09807620942593 -54.75 6
    endloop
  endfacet
  facet normal 0 0 1
    outer loop
      vertex 95.5 -60.25 6
      vertex 92.77050226508011 -58.548917293975634 6
      vertex 92.71206126727992 -58.84272003017582 6
    endloop
  endfacet
  facet normal 0 0 1
    outer loop
      vertex 95.5 -60.25 6
      vertex 92.79009433962264 -58.25 6
      vertex 92.77050226508011 -58.548917293975634 6
    endloop
  endfacet
  facet normal 0 0 1
    outer loop
      vertex 95.5 -60.25 6
      vertex 92.77050226508011 -57.951082706024366 6
      vertex 92.79009433962264 -58.25 6
    endloop
  endfacet
  facet normal 0 0 1
    outer loop
      vertex 95.5 -56.25 6
      vertex 92.71206126727992 -57.65727996982418 6
      vertex 92.77050226508011 -57.951082706024366 6
    endloop
  endfacet
  facet normal 0 0 1
    outer loop
      vertex 95.5 -60.25 6
      vertex 95.5 -56.25 6
      vertex 92.77050226508011 -57.951082706024366 6
    endloop
  endfacet
  facet normal 0 0 1
    outer loop
      vertex 95.5 -56.25 6
      vertex 92.6157712878973 -57.37361883767335 6
      vertex 92.71206126727992 -57.65727996982418 6
    endloop
  endfacet
  facet normal 0 0 1
    outer loop
      vertex 95.47433458268642 -55.85842142254114 6
      vertex 92.48327987517615 -57.10495283018868 6
      vertex 92.6157712878973 -57.37361883767335 6
    endloop
  endfacet
  facet normal 0 0 1
    outer loop
      vertex 95.39777747541666 -55.47354286164045 6
      vertex 92.31685399392167 -56.855878897246534 6
      vertex 92.48327987517615 -57.10495283018868 6
    endloop
  endfacet
  facet normal 0 0 1
    outer loop
      vertex 95.39777747541666 -55.47354286164045 6
      vertex 92.1193412371041 -56.6306587628959 6
      vertex 92.31685399392167 -56.855878897246534 6
    endloop
  endfacet
  facet normal 0 0 1
    outer loop
      vertex 95.39777747541666 -55.47354286164045 6
      vertex 91.37638116232667 -56.13422871210269 6
      vertex 91.64504716981132 -56.26672012482385 6
    endloop
  endfacet
  facet normal 0 0 1
    outer loop
      vertex 95.39777747541666 -55.47354286164045 6
      vertex 91.09272003017581 -56.037938732720086 6
      vertex 91.37638116232667 -56.13422871210269 6
    endloop
  endfacet
  facet normal 0 0 1
    outer loop
      vertex 95.39777747541666 -55.47354286164045 6
      vertex 91.64504716981132 -56.26672012482385 6
      vertex 91.89412110275346 -56.433146006078324 6
    endloop
  endfacet
  facet normal 0 0 1
    outer loop
      vertex 95.39777747541666 -55.47354286164045 6
      vertex 91.89412110275346 -56.433146006078324 6
      vertex 92.1193412371041 -56.6306587628959 6
    endloop
  endfacet
  facet normal 0 0 1
    outer loop
      vertex 95.5 -56.25 6
      vertex 95.47433458268642 -55.85842142254114 6
      vertex 92.6157712878973 -57.37361883767335 6
    endloop
  endfacet
  facet normal 0 0 1
    outer loop
      vertex 95.47433458268642 -55.85842142254114 6
      vertex 95.39777747541666 -55.47354286164045 6
      vertex 92.48327987517615 -57.10495283018868 6
    endloop
  endfacet
  facet normal 0 0 1
    outer loop
      vertex 85.60222252458334 -55.47354286164045 6
      vertex 94.8800600245595 -54.423715710639954 6
      vertex 85.72836140543222 -55.10194969922304 6
    endloop
  endfacet
  facet normal 0 0 1
    outer loop
      vertex 85.72836140543222 -55.10194969922304 6
      vertex 94.6213203445077 -54.128679655492306 6
      vertex 85.90192379057407 -54.75 6
    endloop
  endfacet
  facet normal 0 0 1
    outer loop
      vertex 85.90192379057407 -54.75 6
      vertex 94.32628428936005 -53.8699399754405 6
      vertex 86.1199399754405 -54.423715710639954 6
    endloop
  endfacet
  facet normal 0 0 1
    outer loop
      vertex 87.72354286164045 -53.35222252458334 6
      vertex 88.5 -53.25 6
      vertex 88.10842142254114 -53.275665417313576 6
    endloop
  endfacet
  facet normal 0 0 1
    outer loop
      vertex 86.1199399754405 -54.423715710639954 6
      vertex 94 -53.651923790574074 6
      vertex 86.3786796554923 -54.128679655492306 6
    endloop
  endfacet
  facet normal 0 0 1
    outer loop
      vertex 86.3786796554923 -54.128679655492306 6
      vertex 93.64805030077696 -53.478361405432224 6
      vertex 86.67371571063995 -53.8699399754405 6
    endloop
  endfacet
  facet normal 0 0 1
    outer loop
      vertex 86.67371571063995 -53.8699399754405 6
      vertex 93.27645713835955 -53.35222252458334 6
      vertex 87 -53.651923790574074 6
    endloop
  endfacet
  facet normal 0 0 1
    outer loop
      vertex 87 -53.651923790574074 6
      vertex 92.89157857745886 -53.275665417313576 6
      vertex 87.35194969922304 -53.478361405432224 6
    endloop
  endfacet
  facet normal 0 0 1
    outer loop
      vertex 87.35194969922304 -53.478361405432224 6
      vertex 92.5 -53.25 6
      vertex 87.72354286164045 -53.35222252458334 6
    endloop
  endfacet
  facet normal 0 0 1
    outer loop
      vertex 87.72354286164045 -53.35222252458334 6
      vertex 92.5 -53.25 6
      vertex 88.5 -53.25 6
    endloop
  endfacet
  facet normal 0 0 1
    outer loop
      vertex 87.35194969922304 -53.478361405432224 6
      vertex 92.89157857745886 -53.275665417313576 6
      vertex 92.5 -53.25 6
    endloop
  endfacet
  facet normal 0 0 1
    outer loop
      vertex 85.72836140543222 -55.10194969922304 6
      vertex 94.8800600245595 -54.423715710639954 6
      vertex 94.6213203445077 -54.128679655492306 6
    endloop
  endfacet
  facet normal 0 0 1
    outer loop
      vertex 85.90192379057407 -54.75 6
      vertex 94.6213203445077 -54.128679655492306 6
      vertex 94.32628428936005 -53.8699399754405 6
    endloop
  endfacet
  facet normal 0 0 1
    outer loop
      vertex 85.60222252458334 -55.47354286164045 6
      vertex 95.09807620942593 -54.75 6
      vertex 94.8800600245595 -54.423715710639954 6
    endloop
  endfacet
  facet normal 0 0 1
    outer loop
      vertex 86.3786796554923 -54.128679655492306 6
      vertex 94 -53.651923790574074 6
      vertex 93.64805030077696 -53.478361405432224 6
    endloop
  endfacet
  facet normal 0 0 1
    outer loop
      vertex 86.1199399754405 -54.423715710639954 6
      vertex 94.32628428936005 -53.8699399754405 6
      vertex 94 -53.651923790574074 6
    endloop
  endfacet
  facet normal 0 0 1
    outer loop
      vertex 86.67371571063995 -53.8699399754405 6
      vertex 93.64805030077696 -53.478361405432224 6
      vertex 93.27645713835955 -53.35222252458334 6
    endloop
  endfacet
  facet normal 0 0 1
    outer loop
      vertex 87 -53.651923790574074 6
      vertex 93.27645713835955 -53.35222252458334 6
      vertex 92.89157857745886 -53.275665417313576 6
    endloop
  endfacet
endsolid OpenSCAD_Model
