solid OpenSCAD_Model
  facet normal 0 0 -1
    outer loop
      vertex 0 8.022394567728043 0
      vertex -3.8000331297516823 0.2066466584801674 0
      vertex -3.8983784839510918 0.2928932160139084 0
    endloop
  endfacet
  facet normal 0 0 -1
    outer loop
      vertex 0 8.022394567728043 0
      vertex -3.691271699965 0.1339745968580246 0
      vertex -3.8000331297516823 0.2066466584801674 0
    endloop
  endfacet
  facet normal 0 0 -1
    outer loop
      vertex 0 8.022394567728043 0
      vertex -3.5739551335573196 0.07612046599388123 0
      vertex -3.691271699965 0.1339745968580246 0
    endloop
  endfacet
  facet normal 0 0 -1
    outer loop
      vertex 0 8.022394567728043 0
      vertex -3.450090743601322 0.034074172377586365 0
      vertex -3.5739551335573196 0.07612046599388123 0
    endloop
  endfacet
  facet normal 0 0 -1
    outer loop
      vertex 0 8.022394567728043 0
      vertex -3.3217978924512863 0.008555136620998383 0
      vertex -3.450090743601322 0.034074172377586365 0
    endloop
  endfacet
  facet normal 0 0 -1
    outer loop
      vertex 0 8.022394567728043 0
      vertex -3.191271699965 0 0
      vertex -3.3217978924512863 0.008555136620998383 0
    endloop
  endfacet
  facet normal 0 0 -1
    outer loop
      vertex 0 8.022394567728043 0
      vertex -4.0572971031069756 0.5 0
      vertex -4.115151233971119 0.6173165664076805 0
    endloop
  endfacet
  facet normal 0 0 -1
    outer loop
      vertex 0 8.022394567728043 0
      vertex -3.9846250414848328 0.39123857021331787 0
      vertex -4.0572971031069756 0.5 0
    endloop
  endfacet
  facet normal 0 0 -1
    outer loop
      vertex 0 8.022394567728043 0
      vertex -3.8983784839510918 0.2928932160139084 0
      vertex -3.9846250414848328 0.39123857021331787 0
    endloop
  endfacet
  facet normal 0 0 -1
    outer loop
      vertex 0 8.022394567728043 0
      vertex -4.157197527587414 0.741180956363678 0
      vertex -4.182716563344002 0.8694738075137138 0
    endloop
  endfacet
  facet normal 0 0 -1
    outer loop
      vertex 0 8.022394567728043 0
      vertex -4.115151233971119 0.6173165664076805 0
      vertex -4.157197527587414 0.741180956363678 0
    endloop
  endfacet
  facet normal 0 0 -1
    outer loop
      vertex 0 8.022394567728043 0
      vertex -4.182716563344002 0.8694738075137138 0
      vertex -4.191271699965 1 0
    endloop
  endfacet
  facet normal 0 0 -1
    outer loop
      vertex 0 8.022394567728043 0
      vertex -4.191271699965 1 0
      vertex -4.191271699965 3.8467357382178307 0
    endloop
  endfacet
  facet normal 0 0 -1
    outer loop
      vertex 0 8.022394567728043 0
      vertex -4.191271699965 3.8467357382178307 0
      vertex -4.190374553203583 3.8890853747725487 0
    endloop
  endfacet
  facet normal 0 0 -1
    outer loop
      vertex 0 8.022394567728043 0
      vertex -4.190374553203583 3.8890853747725487 0
      vertex -4.176299348473549 4.019132159650326 0
    endloop
  endfacet
  facet normal 0 0 -1
    outer loop
      vertex 0 8.022394567728043 0
      vertex -4.176299348473549 4.019132159650326 0
      vertex -4.1453700587153435 4.146229192614555 0
    endloop
  endfacet
  facet normal 0 0 -1
    outer loop
      vertex 0 8.022394567728043 0
      vertex -4.1453700587153435 4.146229192614555 0
      vertex -0.744095616042614 14.98169257491827 0
    endloop
  endfacet
  facet normal 0 0 -1
    outer loop
      vertex 1.7811418175697327 14.669706337153912 0
      vertex -0.744095616042614 14.98169257491827 0
      vertex -0.71149942278862 15.070572338998318 0
    endloop
  endfacet
  facet normal 0 0 -1
    outer loop
      vertex 1.7811418175697327 14.669706337153912 0
      vertex 0 8.022394567728043 0
      vertex -0.744095616042614 14.98169257491827 0
    endloop
  endfacet
  facet normal 0 0 -1
    outer loop
      vertex 1.7811418175697327 14.669706337153912 0
      vertex -0.71149942278862 15.070572338998318 0
      vertex -0.652922973036766 15.187529921531677 0
    endloop
  endfacet
  facet normal 0 0 -1
    outer loop
      vertex 1.7811418175697327 14.669706337153912 0
      vertex -0.652922973036766 15.187529921531677 0
      vertex -0.579581618309021 15.29584114998579 0
    endloop
  endfacet
  facet normal 0 0 -1
    outer loop
      vertex 1.7811418175697327 14.669706337153912 0
      vertex -0.579581618309021 15.29584114998579 0
      vertex -0.4927302524447441 15.3936527967453 0
    endloop
  endfacet
  facet normal 0 0 -1
    outer loop
      vertex 1.7811418175697327 14.669706337153912 0
      vertex -0.4927302524447441 15.3936527967453 0
      vertex -0.39385493844747543 15.479291275143623 0
    endloop
  endfacet
  facet normal 0 0 -1
    outer loop
      vertex 1.7811418175697327 14.669706337153912 0
      vertex -0.39385493844747543 15.479291275143623 0
      vertex -0.28464744985103607 15.551291286945343 0
    endloop
  endfacet
  facet normal 0 0 -1
    outer loop
      vertex 1.7811418175697327 14.669706337153912 0
      vertex -0.28464744985103607 15.551291286945343 0
      vertex -0.16697635501623154 15.608420886099339 0
    endloop
  endfacet
  facet normal 0 0 -1
    outer loop
      vertex 1.8066608533263206 14.797999188303947 0
      vertex 1.7811418175697327 14.669706337153912 0
      vertex -0.16697635501623154 15.608420886099339 0
    endloop
  endfacet
  facet normal 0 0 -1
    outer loop
      vertex 1.815215989947319 14.928525380790234 0
      vertex 1.8066608533263206 14.797999188303947 0
      vertex -0.16697635501623154 15.608420886099339 0
    endloop
  endfacet
  facet normal 0 0 -1
    outer loop
      vertex 1.8066608533263206 15.05905157327652 0
      vertex 1.815215989947319 14.928525380790234 0
      vertex -0.16697635501623154 15.608420886099339 0
    endloop
  endfacet
  facet normal 0 0 -1
    outer loop
      vertex 1.7811418175697327 15.187344424426556 0
      vertex 1.8066608533263206 15.05905157327652 0
      vertex -0.16697635501623154 15.608420886099339 0
    endloop
  endfacet
  facet normal 0 0 -1
    outer loop
      vertex 1.7390955239534378 15.311208814382553 0
      vertex 1.7811418175697327 15.187344424426556 0
      vertex -0.16697635501623154 15.608420886099339 0
    endloop
  endfacet
  facet normal 0 0 -1
    outer loop
      vertex 0 8.022394567728043 0
      vertex 16.710516795516014 3.544825091958046 0
      vertex -3.191271699965 0 0
    endloop
  endfacet
  facet normal -0.7518398201512305 -0.6593458006501332 0
    outer loop
      vertex -3.8983784839510918 0.2928932160139084 0
      vertex -3.9846250414848328 0.39123857021331787 16
      vertex -3.9846250414848328 0.39123857021331787 0
    endloop
  endfacet
  facet normal -0.8314696207458844 -0.5555702203832522 0
    outer loop
      vertex -3.9846250414848328 0.39123857021331787 0
      vertex -4.0572971031069756 0.5 16
      vertex -4.0572971031069756 0.5 0
    endloop
  endfacet
  facet normal -0.4422887070837332 -0.8968727332159228 0
    outer loop
      vertex -3.5739551335573196 0.07612046599388123 0
      vertex -3.691271699965 0.1339745968580246 16
      vertex -3.691271699965 0.1339745968580246 0
    endloop
  endfacet
  facet normal -0.5555702203832522 -0.8314696207458844 0
    outer loop
      vertex -3.691271699965 0.1339745968580246 0
      vertex -3.8000331297516823 0.2066466584801674 16
      vertex -3.8000331297516823 0.2066466584801674 0
    endloop
  endfacet
  facet normal -0.6593458006501332 -0.7518398201512305 0
    outer loop
      vertex -3.8000331297516823 0.2066466584801674 0
      vertex -3.8983784839510918 0.2928932160139084 16
      vertex -3.8983784839510918 0.2928932160139084 0
    endloop
  endfacet
  facet normal -0.8968727332159228 -0.4422887070837332 0
    outer loop
      vertex -4.0572971031069756 0.5 0
      vertex -4.115151233971119 0.6173165664076805 16
      vertex -4.115151233971119 0.6173165664076805 0
    endloop
  endfacet
  facet normal -0.9469301319984066 -0.32143945792867507 0
    outer loop
      vertex -4.115151233971119 0.6173165664076805 0
      vertex -4.157197527587414 0.741180956363678 16
      vertex -4.157197527587414 0.741180956363678 0
    endloop
  endfacet
  facet normal -0.9807852789163829 -0.19509032949101543 0
    outer loop
      vertex -4.157197527587414 0.741180956363678 0
      vertex -4.182716563344002 0.8694738075137138 16
      vertex -4.182716563344002 0.8694738075137138 0
    endloop
  endfacet
  facet normal -0.9978589242477587 -0.06540311383340917 0
    outer loop
      vertex -4.182716563344002 0.8694738075137138 0
      vertex -4.191271699965 1 16
      vertex -4.191271699965 1 0
    endloop
  endfacet
  facet normal -0.32143945792867507 -0.9469301319984066 0
    outer loop
      vertex -3.450090743601322 0.034074172377586365 0
      vertex -3.5739551335573196 0.07612046599388123 16
      vertex -3.5739551335573196 0.07612046599388123 0
    endloop
  endfacet
  facet normal -0.19509032949101543 -0.9807852789163829 0
    outer loop
      vertex -3.3217978924512863 0.008555136620998383 0
      vertex -3.450090743601322 0.034074172377586365 16
      vertex -3.450090743601322 0.034074172377586365 0
    endloop
  endfacet
  facet normal -0.06540311383340917 -0.9978589242477587 0
    outer loop
      vertex -3.191271699965 0 0
      vertex -3.3217978924512863 0.008555136620998383 16
      vertex -3.3217978924512863 0.008555136620998383 0
    endloop
  endfacet
  facet normal -1 0 0
    outer loop
      vertex -4.191271699965 1 0
      vertex -4.191271699965 3.8467357382178307 16
      vertex -4.191271699965 3.8467357382178307 0
    endloop
  endfacet
  facet normal -0.9997756885350525 0.021179532909430296 0
    outer loop
      vertex -4.191271699965 3.8467357382178307 0
      vertex -4.190374553203583 3.8890853747725487 16
      vertex -4.190374553203583 3.8890853747725487 0
    endloop
  endfacet
  facet normal -0.994193893438919 0.10760344905607525 0
    outer loop
      vertex -4.190374553203583 3.8890853747725487 0
      vertex -4.176299348473549 4.019132159650326 16
      vertex -4.176299348473549 4.019132159650326 0
    endloop
  endfacet
  facet normal -0.971643377878459 0.2364511497644661 0
    outer loop
      vertex -4.176299348473549 4.019132159650326 0
      vertex -4.1453700587153435 4.146229192614555 16
      vertex -4.1453700587153435 4.146229192614555 0
    endloop
  endfacet
  facet normal -0.9540983550884188 0.2994934537140563 -9.775880589528997e-18
    outer loop
      vertex -4.1453700587153435 4.146229192614555 0
      vertex -0.744095616042614 14.98169257491827 16
      vertex -0.744095616042614 14.98169257491827 0
    endloop
  endfacet
  facet normal -0.9388525975164592 0.34431932872930227 0
    outer loop
      vertex -0.744095616042614 14.98169257491827 0
      vertex -0.71149942278862 15.070572338998318 16
      vertex -0.71149942278862 15.070572338998318 0
    endloop
  endfacet
  facet normal -0.894128356061591 0.447810766827459 0
    outer loop
      vertex -0.71149942278862 15.070572338998318 0
      vertex -0.652922973036766 15.187529921531677 16
      vertex -0.652922973036766 15.187529921531677 0
    endloop
  endfacet
  facet normal -0.8280278943763687 0.5606869056208084 0
    outer loop
      vertex -0.652922973036766 15.187529921531677 0
      vertex -0.579581618309021 15.29584114998579 16
      vertex -0.579581618309021 15.29584114998579 0
    endloop
  endfacet
  facet normal -0.7477596698372185 0.6639694843627483 0
    outer loop
      vertex -0.579581618309021 15.29584114998579 0
      vertex -0.4927302524447441 15.3936527967453 16
      vertex -0.4927302524447441 15.3936527967453 0
    endloop
  endfacet
  facet normal 0.9659258263939037 -0.25881904471126976 -4.033183374499736e-18
    outer loop
      vertex 1.7811418175697327 14.669706337153912 0
      vertex 0 8.022394567728043 16
      vertex 0 8.022394567728043 0
    endloop
  endfacet
  facet normal 0.8968727332159228 0.4422887070837332 0
    outer loop
      vertex 1.6812413930892944 15.428525380790234 0
      vertex 1.7390955239534378 15.311208814382553 16
      vertex 1.7390955239534378 15.311208814382553 0
    endloop
  endfacet
  facet normal 0.9807852789163829 -0.19509032949101543 0
    outer loop
      vertex 1.8066608533263206 14.797999188303947 0
      vertex 1.7811418175697327 14.669706337153912 16
      vertex 1.7811418175697327 14.669706337153912 0
    endloop
  endfacet
  facet normal 0.9978589242477587 -0.06540311383340917 0
    outer loop
      vertex 1.815215989947319 14.928525380790234 0
      vertex 1.8066608533263206 14.797999188303947 16
      vertex 1.8066608533263206 14.797999188303947 0
    endloop
  endfacet
  facet normal 0.9978589242477587 0.06540311383340917 0
    outer loop
      vertex 1.8066608533263206 15.05905157327652 0
      vertex 1.815215989947319 14.928525380790234 16
      vertex 1.815215989947319 14.928525380790234 0
    endloop
  endfacet
  facet normal 0.9807852789163829 0.19509032949101543 0
    outer loop
      vertex 1.7811418175697327 15.187344424426556 0
      vertex 1.8066608533263206 15.05905157327652 16
      vertex 1.8066608533263206 15.05905157327652 0
    endloop
  endfacet
  facet normal 0.9469301319984066 0.32143945792867507 0
    outer loop
      vertex 1.7390955239534378 15.311208814382553 0
      vertex 1.7811418175697327 15.187344424426556 16
      vertex 1.7811418175697327 15.187344424426556 0
    endloop
  endfacet
  facet normal 0.25881904484930046 0.9659258263569185 8.02184266369675e-19
    outer loop
      vertex 0 8.022394567728043 0
      vertex 16.710516795516014 3.544825091958046 16
      vertex 16.710516795516014 3.544825091958046 0
    endloop
  endfacet
  facet normal 0 0 -1
    outer loop
      vertex 1.5223227739334106 15.635632164776325 0
      vertex -0.16697635501623154 15.608420886099339 0
      vertex 0.43823689222335815 15.854747146368027 0
    endloop
  endfacet
  facet normal 0 0 -1
    outer loop
      vertex 1.5223227739334106 15.635632164776325 0
      vertex 0.43823689222335815 15.854747146368027 0
      vertex 0.556396946310997 15.894451208412647 0
    endloop
  endfacet
  facet normal 0 0 -1
    outer loop
      vertex 1.5223227739334106 15.635632164776325 0
      vertex 0.556396946310997 15.894451208412647 0
      vertex 0.6846897974610329 15.919970244169235 0
    endloop
  endfacet
  facet normal 0 0 -1
    outer loop
      vertex 1.5223227739334106 15.635632164776325 0
      vertex 1.6085693314671516 15.537286810576916 0
      vertex -0.16697635501623154 15.608420886099339 0
    endloop
  endfacet
  facet normal 0 0 -1
    outer loop
      vertex 1.6085693314671516 15.537286810576916 0
      vertex 1.6812413930892944 15.428525380790234 0
      vertex -0.16697635501623154 15.608420886099339 0
    endloop
  endfacet
  facet normal 0 0 -1
    outer loop
      vertex 1.6812413930892944 15.428525380790234 0
      vertex 1.7390955239534378 15.311208814382553 0
      vertex -0.16697635501623154 15.608420886099339 0
    endloop
  endfacet
  facet normal 0 0 -1
    outer loop
      vertex 1.5223227739334106 15.635632164776325 0
      vertex 0.6846897974610329 15.919970244169235 0
      vertex 0.815215989947319 15.928525380790234 0
    endloop
  endfacet
  facet normal 0 0 -1
    outer loop
      vertex 1.074035033583641 15.894451208412647 0
      vertex 1.315215989947319 15.794550783932209 0
      vertex 0.9457421824336052 15.919970244169235 0
    endloop
  endfacet
  facet normal 0 0 -1
    outer loop
      vertex 1.315215989947319 15.794550783932209 0
      vertex 1.4239774197340012 15.721878722310066 0
      vertex 0.815215989947319 15.928525380790234 0
    endloop
  endfacet
  facet normal 0 0 -1
    outer loop
      vertex 1.074035033583641 15.894451208412647 0
      vertex 1.1978994235396385 15.852404914796352 0
      vertex 1.315215989947319 15.794550783932209 0
    endloop
  endfacet
  facet normal 0 0 -1
    outer loop
      vertex 1.315215989947319 15.794550783932209 0
      vertex 0.815215989947319 15.928525380790234 0
      vertex 0.9457421824336052 15.919970244169235 0
    endloop
  endfacet
  facet normal 0 0 -1
    outer loop
      vertex 1.4239774197340012 15.721878722310066 0
      vertex 1.5223227739334106 15.635632164776325 0
      vertex 0.815215989947319 15.928525380790234 0
    endloop
  endfacet
  facet normal -0.6546971130252149 0.7558913216835134 0
    outer loop
      vertex -0.4927302524447441 15.3936527967453 0
      vertex -0.39385493844747543 15.479291275143623 16
      vertex -0.39385493844747543 15.479291275143623 0
    endloop
  endfacet
  facet normal -0.5504324687724936 0.8348796903273057 0
    outer loop
      vertex -0.39385493844747543 15.479291275143623 0
      vertex -0.28464744985103607 15.551291286945343 16
      vertex -0.28464744985103607 15.551291286945343 0
    endloop
  endfacet
  facet normal -0.43674973313535825 0.8995830537566798 0
    outer loop
      vertex -0.28464744985103607 15.551291286945343 0
      vertex -0.16697635501623154 15.608420886099339 16
      vertex -0.16697635501623154 15.608420886099339 0
    endloop
  endfacet
  facet normal -0.3769790976278399 0.9262217660753279 0
    outer loop
      vertex -0.16697635501623154 15.608420886099339 0
      vertex 0.43823689222335815 15.854747146368027 16
      vertex 0.43823689222335815 15.854747146368027 0
    endloop
  endfacet
  facet normal -0.31851833333574775 0.9479167006277596 0
    outer loop
      vertex 0.43823689222335815 15.854747146368027 0
      vertex 0.556396946310997 15.894451208412647 16
      vertex 0.556396946310997 15.894451208412647 0
    endloop
  endfacet
  facet normal -0.19509032949101543 0.9807852789163829 0
    outer loop
      vertex 0.556396946310997 15.894451208412647 0
      vertex 0.6846897974610329 15.919970244169235 16
      vertex 0.6846897974610329 15.919970244169235 0
    endloop
  endfacet
  facet normal 0.32143945792867507 0.9469301319984066 0
    outer loop
      vertex 1.074035033583641 15.894451208412647 0
      vertex 1.1978994235396385 15.852404914796352 16
      vertex 1.1978994235396385 15.852404914796352 0
    endloop
  endfacet
  facet normal -0.06540311383340917 0.9978589242477587 0
    outer loop
      vertex 0.6846897974610329 15.919970244169235 0
      vertex 0.815215989947319 15.928525380790234 16
      vertex 0.815215989947319 15.928525380790234 0
    endloop
  endfacet
  facet normal 0.06540311383340917 0.9978589242477587 0
    outer loop
      vertex 0.815215989947319 15.928525380790234 0
      vertex 0.9457421824336052 15.919970244169235 16
      vertex 0.9457421824336052 15.919970244169235 0
    endloop
  endfacet
  facet normal 0.19509032949101543 0.9807852789163829 0
    outer loop
      vertex 0.9457421824336052 15.919970244169235 0
      vertex 1.074035033583641 15.894451208412647 16
      vertex 1.074035033583641 15.894451208412647 0
    endloop
  endfacet
  facet normal 0.4422887070837332 0.8968727332159228 0
    outer loop
      vertex 1.1978994235396385 15.852404914796352 0
      vertex 1.315215989947319 15.794550783932209 16
      vertex 1.315215989947319 15.794550783932209 0
    endloop
  endfacet
  facet normal 0.5555702203832522 0.8314696207458844 0
    outer loop
      vertex 1.315215989947319 15.794550783932209 0
      vertex 1.4239774197340012 15.721878722310066 16
      vertex 1.4239774197340012 15.721878722310066 0
    endloop
  endfacet
  facet normal 0.7518398201512305 0.6593458006501332 0
    outer loop
      vertex 1.5223227739334106 15.635632164776325 0
      vertex 1.6085693314671516 15.537286810576916 16
      vertex 1.6085693314671516 15.537286810576916 0
    endloop
  endfacet
  facet normal 0.8314696207458844 0.5555702203832522 0
    outer loop
      vertex 1.6085693314671516 15.537286810576916 0
      vertex 1.6812413930892944 15.428525380790234 16
      vertex 1.6812413930892944 15.428525380790234 0
    endloop
  endfacet
  facet normal 0.6593458006501332 0.7518398201512305 0
    outer loop
      vertex 1.4239774197340012 15.721878722310066 0
      vertex 1.5223227739334106 15.635632164776325 16
      vertex 1.5223227739334106 15.635632164776325 0
    endloop
  endfacet
  facet normal 0 0 -1
    outer loop
      vertex 16.710516795516014 3.544825091958046 0
      vertex 64 0 0
      vertex -3.191271699965 0 0
    endloop
  endfacet
  facet normal 0 -1 0
    outer loop
      vertex 64 0 0
      vertex -3.191271699965 0 16
      vertex -3.191271699965 0 0
    endloop
  endfacet
  facet normal 0 0 -1
    outer loop
      vertex 16.710516795516014 3.544825091958046 0
      vertex 22.14571673423052 23.82926743477583 0
      vertex 23.370461605489254 24.53637421876192 0
    endloop
  endfacet
  facet normal 0 0 -1
    outer loop
      vertex 16.710516795516014 3.544825091958046 0
      vertex 23.370461605489254 24.53637421876192 0
      vertex 24.720971398055553 24.174506217241287 0
    endloop
  endfacet
  facet normal 0 0 -1
    outer loop
      vertex 16.710516795516014 3.544825091958046 0
      vertex 24.720971398055553 24.174506217241287 0
      vertex 24.78988102823496 24.15335227549076 0
    endloop
  endfacet
  facet normal 0 0 -1
    outer loop
      vertex 16.710516795516014 3.544825091958046 0
      vertex 24.78988102823496 24.15335227549076 0
      vertex 24.910394743084908 24.102492444217205 0
    endloop
  endfacet
  facet normal 0 0 -1
    outer loop
      vertex 22.14571673423052 23.82926743477583 0
      vertex 22.187763027846813 23.953131817281246 0
      vertex 23.370461605489254 24.53637421876192 0
    endloop
  endfacet
  facet normal 0 0 -1
    outer loop
      vertex 22.187763027846813 23.953131817281246 0
      vertex 22.245617158710957 24.070448383688927 0
      vertex 23.370461605489254 24.53637421876192 0
    endloop
  endfacet
  facet normal 0 0 -1
    outer loop
      vertex 22.245617158710957 24.070448383688927 0
      vertex 22.3182892203331 24.17920981347561 0
      vertex 23.370461605489254 24.53637421876192 0
    endloop
  endfacet
  facet normal 0 0 -1
    outer loop
      vertex 22.3182892203331 24.17920981347561 0
      vertex 22.40453577786684 24.27755516767502 0
      vertex 23.370461605489254 24.53637421876192 0
    endloop
  endfacet
  facet normal 0 0 -1
    outer loop
      vertex 22.50288113206625 24.36380172520876 0
      vertex 22.61164255440235 24.436473794281483 0
      vertex 22.728959128260612 24.494327925145626 0
    endloop
  endfacet
  facet normal 0 0 -1
    outer loop
      vertex 22.50288113206625 24.36380172520876 0
      vertex 22.728959128260612 24.494327925145626 0
      vertex 22.85282351076603 24.53637421876192 0
    endloop
  endfacet
  facet normal 0 0 -1
    outer loop
      vertex 22.40453577786684 24.27755516767502 0
      vertex 22.50288113206625 24.36380172520876 0
      vertex 23.370461605489254 24.53637421876192 0
    endloop
  endfacet
  facet normal 0 0 -1
    outer loop
      vertex 22.50288113206625 24.36380172520876 0
      vertex 22.85282351076603 24.53637421876192 0
      vertex 22.981116361916065 24.56189325451851 0
    endloop
  endfacet
  facet normal 0 0 -1
    outer loop
      vertex 22.50288113206625 24.36380172520876 0
      vertex 22.981116361916065 24.56189325451851 0
      vertex 23.11164255440235 24.570448391139507 0
    endloop
  endfacet
  facet normal 0 0 -1
    outer loop
      vertex 22.50288113206625 24.36380172520876 0
      vertex 23.11164255440235 24.570448391139507 0
      vertex 23.242168746888638 24.56189325451851 0
    endloop
  endfacet
  facet normal 0 0 -1
    outer loop
      vertex 22.50288113206625 24.36380172520876 0
      vertex 23.242168746888638 24.56189325451851 0
      vertex 23.370461605489254 24.53637421876192 0
    endloop
  endfacet
  facet normal -0.965925826360011 0.2588190448377588 3.799870473199667e-18
    outer loop
      vertex 16.710516795516014 3.544825091958046 0
      vertex 22.14571673423052 23.82926743477583 16
      vertex 22.14571673423052 23.82926743477583 0
    endloop
  endfacet
  facet normal -0.9469301261132232 0.32143947526586597 0
    outer loop
      vertex 22.14571673423052 23.82926743477583 0
      vertex 22.187763027846813 23.953131817281246 16
      vertex 22.187763027846813 23.953131817281246 0
    endloop
  endfacet
  facet normal -0.8968727332159228 0.4422887070837332 0
    outer loop
      vertex 22.187763027846813 23.953131817281246 0
      vertex 22.245617158710957 24.070448383688927 16
      vertex 22.245617158710957 24.070448383688927 0
    endloop
  endfacet
  facet normal -0.8314696207458844 0.5555702203832522 0
    outer loop
      vertex 22.245617158710957 24.070448383688927 0
      vertex 22.3182892203331 24.17920981347561 16
      vertex 22.3182892203331 24.17920981347561 0
    endloop
  endfacet
  facet normal -0.7518398201512305 0.6593458006501332 0
    outer loop
      vertex 22.3182892203331 24.17920981347561 0
      vertex 22.40453577786684 24.27755516767502 16
      vertex 22.40453577786684 24.27755516767502 0
    endloop
  endfacet
  facet normal -0.6593458006501332 0.7518398201512305 0
    outer loop
      vertex 22.40453577786684 24.27755516767502 0
      vertex 22.50288113206625 24.36380172520876 16
      vertex 22.50288113206625 24.36380172520876 0
    endloop
  endfacet
  facet normal -0.5555702860728967 0.8314695768534647 0
    outer loop
      vertex 22.50288113206625 24.36380172520876 0
      vertex 22.61164255440235 24.436473794281483 16
      vertex 22.61164255440235 24.436473794281483 0
    endloop
  endfacet
  facet normal -0.44228868448946673 0.896872744358182 0
    outer loop
      vertex 22.61164255440235 24.436473794281483 0
      vertex 22.728959128260612 24.494327925145626 16
      vertex 22.728959128260612 24.494327925145626 0
    endloop
  endfacet
  facet normal -0.32143947526586597 0.9469301261132232 0
    outer loop
      vertex 22.728959128260612 24.494327925145626 0
      vertex 22.85282351076603 24.53637421876192 16
      vertex 22.85282351076603 24.53637421876192 0
    endloop
  endfacet
  facet normal -0.19509032949101543 0.9807852789163829 0
    outer loop
      vertex 22.85282351076603 24.53637421876192 0
      vertex 22.981116361916065 24.56189325451851 16
      vertex 22.981116361916065 24.56189325451851 0
    endloop
  endfacet
  facet normal -0.06540311383340917 0.9978589242477587 0
    outer loop
      vertex 22.981116361916065 24.56189325451851 0
      vertex 23.11164255440235 24.570448391139507 16
      vertex 23.11164255440235 24.570448391139507 0
    endloop
  endfacet
  facet normal 0.06540311383340917 0.9978589242477587 0
    outer loop
      vertex 23.11164255440235 24.570448391139507 0
      vertex 23.242168746888638 24.56189325451851 16
      vertex 23.242168746888638 24.56189325451851 0
    endloop
  endfacet
  facet normal 0.1950903185924018 0.9807852810842519 0
    outer loop
      vertex 23.242168746888638 24.56189325451851 0
      vertex 23.370461605489254 24.53637421876192 16
      vertex 23.370461605489254 24.53637421876192 0
    endloop
  endfacet
  facet normal 0.2588190405862186 0.9659258274992079 0
    outer loop
      vertex 23.370461605489254 24.53637421876192 0
      vertex 24.720971398055553 24.174506217241287 16
      vertex 24.720971398055553 24.174506217241287 0
    endloop
  endfacet
  facet normal 0.2934645389340487 0.9559699599821253 0
    outer loop
      vertex 24.720971398055553 24.174506217241287 0
      vertex 24.78988102823496 24.15335227549076 16
      vertex 24.78988102823496 24.15335227549076 0
    endloop
  endfacet
  facet normal 0.3888180191345523 0.9213145760250855 0
    outer loop
      vertex 24.78988102823496 24.15335227549076 0
      vertex 24.910394743084908 24.102492444217205 16
      vertex 24.910394743084908 24.102492444217205 0
    endloop
  endfacet
  facet normal -0.7518398201512305 -0.6593458006501332 0
    outer loop
      vertex -3.8983784839510918 0.2928932160139084 0
      vertex -3.8983784839510918 0.2928932160139084 16
      vertex -3.9846250414848328 0.39123857021331787 16
    endloop
  endfacet
  facet normal -0.8314696207458844 -0.5555702203832522 0
    outer loop
      vertex -3.9846250414848328 0.39123857021331787 0
      vertex -3.9846250414848328 0.39123857021331787 16
      vertex -4.0572971031069756 0.5 16
    endloop
  endfacet
  facet normal -0.6593458006501332 -0.7518398201512305 0
    outer loop
      vertex -3.8000331297516823 0.2066466584801674 0
      vertex -3.8000331297516823 0.2066466584801674 16
      vertex -3.8983784839510918 0.2928932160139084 16
    endloop
  endfacet
  facet normal -0.5555702203832522 -0.8314696207458844 0
    outer loop
      vertex -3.691271699965 0.1339745968580246 0
      vertex -3.691271699965 0.1339745968580246 16
      vertex -3.8000331297516823 0.2066466584801674 16
    endloop
  endfacet
  facet normal -0.8968727332159228 -0.4422887070837332 0
    outer loop
      vertex -4.0572971031069756 0.5 0
      vertex -4.0572971031069756 0.5 16
      vertex -4.115151233971119 0.6173165664076805 16
    endloop
  endfacet
  facet normal -0.9469301319984066 -0.32143945792867507 0
    outer loop
      vertex -4.115151233971119 0.6173165664076805 0
      vertex -4.115151233971119 0.6173165664076805 16
      vertex -4.157197527587414 0.741180956363678 16
    endloop
  endfacet
  facet normal -0.9807852789163829 -0.19509032949101543 0
    outer loop
      vertex -4.157197527587414 0.741180956363678 0
      vertex -4.157197527587414 0.741180956363678 16
      vertex -4.182716563344002 0.8694738075137138 16
    endloop
  endfacet
  facet normal -0.9978589242477587 -0.06540311383340917 0
    outer loop
      vertex -4.182716563344002 0.8694738075137138 0
      vertex -4.182716563344002 0.8694738075137138 16
      vertex -4.191271699965 1 16
    endloop
  endfacet
  facet normal -0.4422887070837332 -0.8968727332159228 0
    outer loop
      vertex -3.5739551335573196 0.07612046599388123 0
      vertex -3.5739551335573196 0.07612046599388123 16
      vertex -3.691271699965 0.1339745968580246 16
    endloop
  endfacet
  facet normal -0.32143945792867507 -0.9469301319984066 0
    outer loop
      vertex -3.450090743601322 0.034074172377586365 0
      vertex -3.450090743601322 0.034074172377586365 16
      vertex -3.5739551335573196 0.07612046599388123 16
    endloop
  endfacet
  facet normal -0.19509032949101543 -0.9807852789163829 0
    outer loop
      vertex -3.3217978924512863 0.008555136620998383 0
      vertex -3.3217978924512863 0.008555136620998383 16
      vertex -3.450090743601322 0.034074172377586365 16
    endloop
  endfacet
  facet normal -0.06540311383340917 -0.9978589242477587 0
    outer loop
      vertex -3.191271699965 0 0
      vertex -3.191271699965 0 16
      vertex -3.3217978924512863 0.008555136620998383 16
    endloop
  endfacet
  facet normal -1 0 0
    outer loop
      vertex -4.191271699965 1 0
      vertex -4.191271699965 1 16
      vertex -4.191271699965 3.8467357382178307 16
    endloop
  endfacet
  facet normal -0.9997756885350525 0.021179532909430296 0
    outer loop
      vertex -4.191271699965 3.8467357382178307 0
      vertex -4.191271699965 3.8467357382178307 16
      vertex -4.190374553203583 3.8890853747725487 16
    endloop
  endfacet
  facet normal -0.994193893438919 0.10760344905607525 0
    outer loop
      vertex -4.190374553203583 3.8890853747725487 0
      vertex -4.190374553203583 3.8890853747725487 16
      vertex -4.176299348473549 4.019132159650326 16
    endloop
  endfacet
  facet normal -0.971643377878459 0.2364511497644661 0
    outer loop
      vertex -4.176299348473549 4.019132159650326 0
      vertex -4.176299348473549 4.019132159650326 16
      vertex -4.1453700587153435 4.146229192614555 16
    endloop
  endfacet
  facet normal -0.9540983550884188 0.2994934537140563 0
    outer loop
      vertex -4.1453700587153435 4.146229192614555 0
      vertex -4.1453700587153435 4.146229192614555 16
      vertex -0.744095616042614 14.98169257491827 16
    endloop
  endfacet
  facet normal -0.9388525975164592 0.34431932872930227 0
    outer loop
      vertex -0.744095616042614 14.98169257491827 0
      vertex -0.744095616042614 14.98169257491827 16
      vertex -0.71149942278862 15.070572338998318 16
    endloop
  endfacet
  facet normal -0.894128356061591 0.447810766827459 0
    outer loop
      vertex -0.71149942278862 15.070572338998318 0
      vertex -0.71149942278862 15.070572338998318 16
      vertex -0.652922973036766 15.187529921531677 16
    endloop
  endfacet
  facet normal -0.8280278943763687 0.5606869056208084 0
    outer loop
      vertex -0.652922973036766 15.187529921531677 0
      vertex -0.652922973036766 15.187529921531677 16
      vertex -0.579581618309021 15.29584114998579 16
    endloop
  endfacet
  facet normal -0.7477596698372185 0.6639694843627483 0
    outer loop
      vertex -0.579581618309021 15.29584114998579 0
      vertex -0.579581618309021 15.29584114998579 16
      vertex -0.4927302524447441 15.3936527967453 16
    endloop
  endfacet
  facet normal 0.9659258263939037 -0.25881904471126976 0
    outer loop
      vertex 1.7811418175697327 14.669706337153912 0
      vertex 1.7811418175697327 14.669706337153912 16
      vertex 0 8.022394567728043 16
    endloop
  endfacet
  facet normal 0.9469301319984066 0.32143945792867507 0
    outer loop
      vertex 1.7390955239534378 15.311208814382553 0
      vertex 1.7390955239534378 15.311208814382553 16
      vertex 1.7811418175697327 15.187344424426556 16
    endloop
  endfacet
  facet normal 0.8968727332159228 0.4422887070837332 0
    outer loop
      vertex 1.6812413930892944 15.428525380790234 0
      vertex 1.6812413930892944 15.428525380790234 16
      vertex 1.7390955239534378 15.311208814382553 16
    endloop
  endfacet
  facet normal 0.9807852789163829 -0.19509032949101543 0
    outer loop
      vertex 1.8066608533263206 14.797999188303947 0
      vertex 1.8066608533263206 14.797999188303947 16
      vertex 1.7811418175697327 14.669706337153912 16
    endloop
  endfacet
  facet normal 0.9978589242477587 -0.06540311383340917 0
    outer loop
      vertex 1.815215989947319 14.928525380790234 0
      vertex 1.815215989947319 14.928525380790234 16
      vertex 1.8066608533263206 14.797999188303947 16
    endloop
  endfacet
  facet normal 0.9978589242477587 0.06540311383340917 0
    outer loop
      vertex 1.8066608533263206 15.05905157327652 0
      vertex 1.8066608533263206 15.05905157327652 16
      vertex 1.815215989947319 14.928525380790234 16
    endloop
  endfacet
  facet normal 0.9807852789163829 0.19509032949101543 0
    outer loop
      vertex 1.7811418175697327 15.187344424426556 0
      vertex 1.7811418175697327 15.187344424426556 16
      vertex 1.8066608533263206 15.05905157327652 16
    endloop
  endfacet
  facet normal 0.25881904484930046 0.9659258263569185 0
    outer loop
      vertex 0 8.022394567728043 0
      vertex 0 8.022394567728043 16
      vertex 16.710516795516014 3.544825091958046 16
    endloop
  endfacet
  facet normal 0 0 1
    outer loop
      vertex -3.8983784839510918 0.2928932160139084 16
      vertex -3.8000331297516823 0.2066466584801674 16
      vertex 0 8.022394567728043 16
    endloop
  endfacet
  facet normal 0 0 1
    outer loop
      vertex -3.8000331297516823 0.2066466584801674 16
      vertex -3.691271699965 0.1339745968580246 16
      vertex 0 8.022394567728043 16
    endloop
  endfacet
  facet normal 0 0 1
    outer loop
      vertex -3.691271699965 0.1339745968580246 16
      vertex -3.5739551335573196 0.07612046599388123 16
      vertex 0 8.022394567728043 16
    endloop
  endfacet
  facet normal 0 0 1
    outer loop
      vertex -3.5739551335573196 0.07612046599388123 16
      vertex -3.450090743601322 0.034074172377586365 16
      vertex 0 8.022394567728043 16
    endloop
  endfacet
  facet normal 0 0 1
    outer loop
      vertex -3.450090743601322 0.034074172377586365 16
      vertex -3.3217978924512863 0.008555136620998383 16
      vertex 0 8.022394567728043 16
    endloop
  endfacet
  facet normal 0 0 1
    outer loop
      vertex -3.3217978924512863 0.008555136620998383 16
      vertex -3.191271699965 0 16
      vertex 0 8.022394567728043 16
    endloop
  endfacet
  facet normal 0 0 1
    outer loop
      vertex -4.115151233971119 0.6173165664076805 16
      vertex -4.0572971031069756 0.5 16
      vertex 0 8.022394567728043 16
    endloop
  endfacet
  facet normal 0 0 1
    outer loop
      vertex -4.0572971031069756 0.5 16
      vertex -3.9846250414848328 0.39123857021331787 16
      vertex 0 8.022394567728043 16
    endloop
  endfacet
  facet normal 0 0 1
    outer loop
      vertex -3.9846250414848328 0.39123857021331787 16
      vertex -3.8983784839510918 0.2928932160139084 16
      vertex 0 8.022394567728043 16
    endloop
  endfacet
  facet normal 0 0 1
    outer loop
      vertex -4.182716563344002 0.8694738075137138 16
      vertex -4.157197527587414 0.741180956363678 16
      vertex 0 8.022394567728043 16
    endloop
  endfacet
  facet normal 0 0 1
    outer loop
      vertex -4.157197527587414 0.741180956363678 16
      vertex -4.115151233971119 0.6173165664076805 16
      vertex 0 8.022394567728043 16
    endloop
  endfacet
  facet normal 0 0 1
    outer loop
      vertex -4.191271699965 1 16
      vertex -4.182716563344002 0.8694738075137138 16
      vertex 0 8.022394567728043 16
    endloop
  endfacet
  facet normal 0 0 1
    outer loop
      vertex -4.191271699965 3.8467357382178307 16
      vertex -4.191271699965 1 16
      vertex 0 8.022394567728043 16
    endloop
  endfacet
  facet normal 0 0 1
    outer loop
      vertex -4.190374553203583 3.8890853747725487 16
      vertex -4.191271699965 3.8467357382178307 16
      vertex 0 8.022394567728043 16
    endloop
  endfacet
  facet normal 0 0 1
    outer loop
      vertex -4.176299348473549 4.019132159650326 16
      vertex -4.190374553203583 3.8890853747725487 16
      vertex 0 8.022394567728043 16
    endloop
  endfacet
  facet normal 0 0 1
    outer loop
      vertex -4.1453700587153435 4.146229192614555 16
      vertex -4.176299348473549 4.019132159650326 16
      vertex 0 8.022394567728043 16
    endloop
  endfacet
  facet normal 0 0 1
    outer loop
      vertex -0.744095616042614 14.98169257491827 16
      vertex -4.1453700587153435 4.146229192614555 16
      vertex 0 8.022394567728043 16
    endloop
  endfacet
  facet normal 0 0 1
    outer loop
      vertex -0.71149942278862 15.070572338998318 16
      vertex -0.744095616042614 14.98169257491827 16
      vertex 1.7811418175697327 14.669706337153912 16
    endloop
  endfacet
  facet normal 0 0 1
    outer loop
      vertex -0.744095616042614 14.98169257491827 16
      vertex 0 8.022394567728043 16
      vertex 1.7811418175697327 14.669706337153912 16
    endloop
  endfacet
  facet normal 0 0 1
    outer loop
      vertex -0.652922973036766 15.187529921531677 16
      vertex -0.71149942278862 15.070572338998318 16
      vertex 1.7811418175697327 14.669706337153912 16
    endloop
  endfacet
  facet normal 0 0 1
    outer loop
      vertex -0.579581618309021 15.29584114998579 16
      vertex -0.652922973036766 15.187529921531677 16
      vertex 1.7811418175697327 14.669706337153912 16
    endloop
  endfacet
  facet normal 0 0 1
    outer loop
      vertex -0.4927302524447441 15.3936527967453 16
      vertex -0.579581618309021 15.29584114998579 16
      vertex 1.7811418175697327 14.669706337153912 16
    endloop
  endfacet
  facet normal 0 0 1
    outer loop
      vertex -0.39385493844747543 15.479291275143623 16
      vertex -0.4927302524447441 15.3936527967453 16
      vertex 1.7811418175697327 14.669706337153912 16
    endloop
  endfacet
  facet normal 0 0 1
    outer loop
      vertex -0.28464744985103607 15.551291286945343 16
      vertex -0.39385493844747543 15.479291275143623 16
      vertex 1.7811418175697327 14.669706337153912 16
    endloop
  endfacet
  facet normal 0 0 1
    outer loop
      vertex -0.16697635501623154 15.608420886099339 16
      vertex -0.28464744985103607 15.551291286945343 16
      vertex 1.7811418175697327 14.669706337153912 16
    endloop
  endfacet
  facet normal 0 0 1
    outer loop
      vertex -0.16697635501623154 15.608420886099339 16
      vertex 1.7811418175697327 14.669706337153912 16
      vertex 1.8066608533263206 14.797999188303947 16
    endloop
  endfacet
  facet normal 0 0 1
    outer loop
      vertex -0.16697635501623154 15.608420886099339 16
      vertex 1.8066608533263206 14.797999188303947 16
      vertex 1.815215989947319 14.928525380790234 16
    endloop
  endfacet
  facet normal 0 0 1
    outer loop
      vertex -0.16697635501623154 15.608420886099339 16
      vertex 1.815215989947319 14.928525380790234 16
      vertex 1.8066608533263206 15.05905157327652 16
    endloop
  endfacet
  facet normal 0 0 1
    outer loop
      vertex -0.16697635501623154 15.608420886099339 16
      vertex 1.8066608533263206 15.05905157327652 16
      vertex 1.7811418175697327 15.187344424426556 16
    endloop
  endfacet
  facet normal 0 0 1
    outer loop
      vertex -0.16697635501623154 15.608420886099339 16
      vertex 1.7811418175697327 15.187344424426556 16
      vertex 1.7390955239534378 15.311208814382553 16
    endloop
  endfacet
  facet normal 0 0 1
    outer loop
      vertex -3.191271699965 0 16
      vertex 16.710516795516014 3.544825091958046 16
      vertex 0 8.022394567728043 16
    endloop
  endfacet
  facet normal -0.6546971130252149 0.7558913216835134 0
    outer loop
      vertex -0.4927302524447441 15.3936527967453 0
      vertex -0.4927302524447441 15.3936527967453 16
      vertex -0.39385493844747543 15.479291275143623 16
    endloop
  endfacet
  facet normal -0.5504324687724936 0.8348796903273057 0
    outer loop
      vertex -0.39385493844747543 15.479291275143623 0
      vertex -0.39385493844747543 15.479291275143623 16
      vertex -0.28464744985103607 15.551291286945343 16
    endloop
  endfacet
  facet normal -0.43674973313535825 0.8995830537566798 0
    outer loop
      vertex -0.28464744985103607 15.551291286945343 0
      vertex -0.28464744985103607 15.551291286945343 16
      vertex -0.16697635501623154 15.608420886099339 16
    endloop
  endfacet
  facet normal -0.3769790976278399 0.9262217660753279 0
    outer loop
      vertex -0.16697635501623154 15.608420886099339 0
      vertex -0.16697635501623154 15.608420886099339 16
      vertex 0.43823689222335815 15.854747146368027 16
    endloop
  endfacet
  facet normal -0.31851833333574775 0.9479167006277596 0
    outer loop
      vertex 0.43823689222335815 15.854747146368027 0
      vertex 0.43823689222335815 15.854747146368027 16
      vertex 0.556396946310997 15.894451208412647 16
    endloop
  endfacet
  facet normal -0.19509032949101543 0.9807852789163829 0
    outer loop
      vertex 0.556396946310997 15.894451208412647 0
      vertex 0.556396946310997 15.894451208412647 16
      vertex 0.6846897974610329 15.919970244169235 16
    endloop
  endfacet
  facet normal -0.06540311383340917 0.9978589242477587 0
    outer loop
      vertex 0.6846897974610329 15.919970244169235 0
      vertex 0.6846897974610329 15.919970244169235 16
      vertex 0.815215989947319 15.928525380790234 16
    endloop
  endfacet
  facet normal 0.06540311383340917 0.9978589242477587 0
    outer loop
      vertex 0.815215989947319 15.928525380790234 0
      vertex 0.815215989947319 15.928525380790234 16
      vertex 0.9457421824336052 15.919970244169235 16
    endloop
  endfacet
  facet normal 0.19509032949101543 0.9807852789163829 0
    outer loop
      vertex 0.9457421824336052 15.919970244169235 0
      vertex 0.9457421824336052 15.919970244169235 16
      vertex 1.074035033583641 15.894451208412647 16
    endloop
  endfacet
  facet normal 0.32143945792867507 0.9469301319984066 0
    outer loop
      vertex 1.074035033583641 15.894451208412647 0
      vertex 1.074035033583641 15.894451208412647 16
      vertex 1.1978994235396385 15.852404914796352 16
    endloop
  endfacet
  facet normal 0.4422887070837332 0.8968727332159228 0
    outer loop
      vertex 1.1978994235396385 15.852404914796352 0
      vertex 1.1978994235396385 15.852404914796352 16
      vertex 1.315215989947319 15.794550783932209 16
    endloop
  endfacet
  facet normal 0.6593458006501332 0.7518398201512305 0
    outer loop
      vertex 1.4239774197340012 15.721878722310066 0
      vertex 1.4239774197340012 15.721878722310066 16
      vertex 1.5223227739334106 15.635632164776325 16
    endloop
  endfacet
  facet normal 0.5555702203832522 0.8314696207458844 0
    outer loop
      vertex 1.315215989947319 15.794550783932209 0
      vertex 1.315215989947319 15.794550783932209 16
      vertex 1.4239774197340012 15.721878722310066 16
    endloop
  endfacet
  facet normal 0.7518398201512305 0.6593458006501332 0
    outer loop
      vertex 1.5223227739334106 15.635632164776325 0
      vertex 1.5223227739334106 15.635632164776325 16
      vertex 1.6085693314671516 15.537286810576916 16
    endloop
  endfacet
  facet normal 0.8314696207458844 0.5555702203832522 0
    outer loop
      vertex 1.6085693314671516 15.537286810576916 0
      vertex 1.6085693314671516 15.537286810576916 16
      vertex 1.6812413930892944 15.428525380790234 16
    endloop
  endfacet
  facet normal 0 0 1
    outer loop
      vertex 0.43823689222335815 15.854747146368027 16
      vertex -0.16697635501623154 15.608420886099339 16
      vertex 1.5223227739334106 15.635632164776325 16
    endloop
  endfacet
  facet normal 0 0 1
    outer loop
      vertex 0.556396946310997 15.894451208412647 16
      vertex 0.43823689222335815 15.854747146368027 16
      vertex 1.5223227739334106 15.635632164776325 16
    endloop
  endfacet
  facet normal 0 0 1
    outer loop
      vertex 0.6846897974610329 15.919970244169235 16
      vertex 0.556396946310997 15.894451208412647 16
      vertex 1.5223227739334106 15.635632164776325 16
    endloop
  endfacet
  facet normal 0 0 1
    outer loop
      vertex -0.16697635501623154 15.608420886099339 16
      vertex 1.6085693314671516 15.537286810576916 16
      vertex 1.5223227739334106 15.635632164776325 16
    endloop
  endfacet
  facet normal 0 0 1
    outer loop
      vertex -0.16697635501623154 15.608420886099339 16
      vertex 1.6812413930892944 15.428525380790234 16
      vertex 1.6085693314671516 15.537286810576916 16
    endloop
  endfacet
  facet normal 0 0 1
    outer loop
      vertex -0.16697635501623154 15.608420886099339 16
      vertex 1.7390955239534378 15.311208814382553 16
      vertex 1.6812413930892944 15.428525380790234 16
    endloop
  endfacet
  facet normal 0 0 1
    outer loop
      vertex 0.815215989947319 15.928525380790234 16
      vertex 0.6846897974610329 15.919970244169235 16
      vertex 1.5223227739334106 15.635632164776325 16
    endloop
  endfacet
  facet normal 0 0 1
    outer loop
      vertex 0.9457421824336052 15.919970244169235 16
      vertex 1.315215989947319 15.794550783932209 16
      vertex 1.074035033583641 15.894451208412647 16
    endloop
  endfacet
  facet normal 0 0 1
    outer loop
      vertex 0.815215989947319 15.928525380790234 16
      vertex 1.4239774197340012 15.721878722310066 16
      vertex 1.315215989947319 15.794550783932209 16
    endloop
  endfacet
  facet normal 0 0 1
    outer loop
      vertex 1.315215989947319 15.794550783932209 16
      vertex 1.1978994235396385 15.852404914796352 16
      vertex 1.074035033583641 15.894451208412647 16
    endloop
  endfacet
  facet normal 0 0 1
    outer loop
      vertex 0.9457421824336052 15.919970244169235 16
      vertex 0.815215989947319 15.928525380790234 16
      vertex 1.315215989947319 15.794550783932209 16
    endloop
  endfacet
  facet normal 0 0 1
    outer loop
      vertex 0.815215989947319 15.928525380790234 16
      vertex 1.5223227739334106 15.635632164776325 16
      vertex 1.4239774197340012 15.721878722310066 16
    endloop
  endfacet
  facet normal -0.965925826360011 0.2588190448377588 0
    outer loop
      vertex 16.710516795516014 3.544825091958046 0
      vertex 16.710516795516014 3.544825091958046 16
      vertex 22.14571673423052 23.82926743477583 16
    endloop
  endfacet
  facet normal 0 0 1
    outer loop
      vertex -3.191271699965 0 16
      vertex 64 0 16
      vertex 16.710516795516014 3.544825091958046 16
    endloop
  endfacet
  facet normal -0.9469301261132232 0.32143947526586597 0
    outer loop
      vertex 22.14571673423052 23.82926743477583 0
      vertex 22.14571673423052 23.82926743477583 16
      vertex 22.187763027846813 23.953131817281246 16
    endloop
  endfacet
  facet normal -0.8968727332159228 0.4422887070837332 0
    outer loop
      vertex 22.187763027846813 23.953131817281246 0
      vertex 22.187763027846813 23.953131817281246 16
      vertex 22.245617158710957 24.070448383688927 16
    endloop
  endfacet
  facet normal -0.8314696207458844 0.5555702203832522 0
    outer loop
      vertex 22.245617158710957 24.070448383688927 0
      vertex 22.245617158710957 24.070448383688927 16
      vertex 22.3182892203331 24.17920981347561 16
    endloop
  endfacet
  facet normal -0.7518398201512305 0.6593458006501332 0
    outer loop
      vertex 22.3182892203331 24.17920981347561 0
      vertex 22.3182892203331 24.17920981347561 16
      vertex 22.40453577786684 24.27755516767502 16
    endloop
  endfacet
  facet normal -0.6593458006501332 0.7518398201512305 0
    outer loop
      vertex 22.40453577786684 24.27755516767502 0
      vertex 22.40453577786684 24.27755516767502 16
      vertex 22.50288113206625 24.36380172520876 16
    endloop
  endfacet
  facet normal -0.5555702860728967 0.8314695768534647 0
    outer loop
      vertex 22.50288113206625 24.36380172520876 0
      vertex 22.50288113206625 24.36380172520876 16
      vertex 22.61164255440235 24.436473794281483 16
    endloop
  endfacet
  facet normal -0.44228868448946673 0.896872744358182 0
    outer loop
      vertex 22.61164255440235 24.436473794281483 0
      vertex 22.61164255440235 24.436473794281483 16
      vertex 22.728959128260612 24.494327925145626 16
    endloop
  endfacet
  facet normal -0.32143947526586597 0.9469301261132232 0
    outer loop
      vertex 22.728959128260612 24.494327925145626 0
      vertex 22.728959128260612 24.494327925145626 16
      vertex 22.85282351076603 24.53637421876192 16
    endloop
  endfacet
  facet normal -0.19509032949101543 0.9807852789163829 0
    outer loop
      vertex 22.85282351076603 24.53637421876192 0
      vertex 22.85282351076603 24.53637421876192 16
      vertex 22.981116361916065 24.56189325451851 16
    endloop
  endfacet
  facet normal -0.06540311383340917 0.9978589242477587 0
    outer loop
      vertex 22.981116361916065 24.56189325451851 0
      vertex 22.981116361916065 24.56189325451851 16
      vertex 23.11164255440235 24.570448391139507 16
    endloop
  endfacet
  facet normal 0.06540311383340917 0.9978589242477587 0
    outer loop
      vertex 23.11164255440235 24.570448391139507 0
      vertex 23.11164255440235 24.570448391139507 16
      vertex 23.242168746888638 24.56189325451851 16
    endloop
  endfacet
  facet normal 0.1950903185924018 0.9807852810842519 0
    outer loop
      vertex 23.242168746888638 24.56189325451851 0
      vertex 23.242168746888638 24.56189325451851 16
      vertex 23.370461605489254 24.53637421876192 16
    endloop
  endfacet
  facet normal 0.2588190405862186 0.9659258274992079 0
    outer loop
      vertex 23.370461605489254 24.53637421876192 0
      vertex 23.370461605489254 24.53637421876192 16
      vertex 24.720971398055553 24.174506217241287 16
    endloop
  endfacet
  facet normal 0.2934645389340487 0.9559699599821253 0
    outer loop
      vertex 24.720971398055553 24.174506217241287 0
      vertex 24.720971398055553 24.174506217241287 16
      vertex 24.78988102823496 24.15335227549076 16
    endloop
  endfacet
  facet normal 0.3888180191345523 0.9213145760250855 0
    outer loop
      vertex 24.78988102823496 24.15335227549076 0
      vertex 24.78988102823496 24.15335227549076 16
      vertex 24.910394743084908 24.102492444217205 16
    endloop
  endfacet
  facet normal 0 0 1
    outer loop
      vertex 23.370461605489254 24.53637421876192 16
      vertex 22.14571673423052 23.82926743477583 16
      vertex 16.710516795516014 3.544825091958046 16
    endloop
  endfacet
  facet normal 0 0 1
    outer loop
      vertex 24.720971398055553 24.174506217241287 16
      vertex 23.370461605489254 24.53637421876192 16
      vertex 16.710516795516014 3.544825091958046 16
    endloop
  endfacet
  facet normal 0 0 1
    outer loop
      vertex 24.78988102823496 24.15335227549076 16
      vertex 24.720971398055553 24.174506217241287 16
      vertex 16.710516795516014 3.544825091958046 16
    endloop
  endfacet
  facet normal 0 0 1
    outer loop
      vertex 24.910394743084908 24.102492444217205 16
      vertex 24.78988102823496 24.15335227549076 16
      vertex 16.710516795516014 3.544825091958046 16
    endloop
  endfacet
  facet normal 0 0 1
    outer loop
      vertex 23.370461605489254 24.53637421876192 16
      vertex 22.187763027846813 23.953131817281246 16
      vertex 22.14571673423052 23.82926743477583 16
    endloop
  endfacet
  facet normal 0 0 1
    outer loop
      vertex 23.370461605489254 24.53637421876192 16
      vertex 22.245617158710957 24.070448383688927 16
      vertex 22.187763027846813 23.953131817281246 16
    endloop
  endfacet
  facet normal 0 0 1
    outer loop
      vertex 23.370461605489254 24.53637421876192 16
      vertex 22.3182892203331 24.17920981347561 16
      vertex 22.245617158710957 24.070448383688927 16
    endloop
  endfacet
  facet normal 0 0 1
    outer loop
      vertex 23.370461605489254 24.53637421876192 16
      vertex 22.40453577786684 24.27755516767502 16
      vertex 22.3182892203331 24.17920981347561 16
    endloop
  endfacet
  facet normal 0 0 1
    outer loop
      vertex 22.728959128260612 24.494327925145626 16
      vertex 22.61164255440235 24.436473794281483 16
      vertex 22.50288113206625 24.36380172520876 16
    endloop
  endfacet
  facet normal 0 0 1
    outer loop
      vertex 22.85282351076603 24.53637421876192 16
      vertex 22.728959128260612 24.494327925145626 16
      vertex 22.50288113206625 24.36380172520876 16
    endloop
  endfacet
  facet normal 0 0 1
    outer loop
      vertex 23.370461605489254 24.53637421876192 16
      vertex 22.50288113206625 24.36380172520876 16
      vertex 22.40453577786684 24.27755516767502 16
    endloop
  endfacet
  facet normal 0 0 1
    outer loop
      vertex 22.981116361916065 24.56189325451851 16
      vertex 22.85282351076603 24.53637421876192 16
      vertex 22.50288113206625 24.36380172520876 16
    endloop
  endfacet
  facet normal 0 0 1
    outer loop
      vertex 23.11164255440235 24.570448391139507 16
      vertex 22.981116361916065 24.56189325451851 16
      vertex 22.50288113206625 24.36380172520876 16
    endloop
  endfacet
  facet normal 0 0 1
    outer loop
      vertex 23.242168746888638 24.56189325451851 16
      vertex 23.11164255440235 24.570448391139507 16
      vertex 22.50288113206625 24.36380172520876 16
    endloop
  endfacet
  facet normal 0 0 1
    outer loop
      vertex 23.370461605489254 24.53637421876192 16
      vertex 23.242168746888638 24.56189325451851 16
      vertex 22.50288113206625 24.36380172520876 16
    endloop
  endfacet
  facet normal 0 0 -1
    outer loop
      vertex 16.710516795516014 3.544825091958046 0
      vertex 24.910394743084908 24.102492444217205 0
      vertex 64.44824238866568 4.276672795414925 0
    endloop
  endfacet
  facet normal 0 0 -1
    outer loop
      vertex 16.710516795516014 3.544825091958046 0
      vertex 64.13052619248629 0.008555136620998383 0
      vertex 64 0 0
    endloop
  endfacet
  facet normal 0 0 -1
    outer loop
      vertex 16.710516795516014 3.544825091958046 0
      vertex 64.25881904363632 0.034074172377586365 0
      vertex 64.13052619248629 0.008555136620998383 0
    endloop
  endfacet
  facet normal 0 0 -1
    outer loop
      vertex 16.710516795516014 3.544825091958046 0
      vertex 64.38268343359232 0.07612046599388123 0
      vertex 64.25881904363632 0.034074172377586365 0
    endloop
  endfacet
  facet normal 0 0 -1
    outer loop
      vertex 16.710516795516014 3.544825091958046 0
      vertex 64.5 0.1339745968580246 0
      vertex 64.38268343359232 0.07612046599388123 0
    endloop
  endfacet
  facet normal 0 0 -1
    outer loop
      vertex 16.710516795516014 3.544825091958046 0
      vertex 64.60876142978668 0.2066466584801674 0
      vertex 64.5 0.1339745968580246 0
    endloop
  endfacet
  facet normal 0 0 -1
    outer loop
      vertex 16.710516795516014 3.544825091958046 0
      vertex 64.70710678398609 0.2928932160139084 0
      vertex 64.60876142978668 0.2066466584801674 0
    endloop
  endfacet
  facet normal 0 0 -1
    outer loop
      vertex 16.710516795516014 3.544825091958046 0
      vertex 64.79335334151983 0.39123857021331787 0
      vertex 64.70710678398609 0.2928932160139084 0
    endloop
  endfacet
  facet normal 0 0 -1
    outer loop
      vertex 16.710516795516014 3.544825091958046 0
      vertex 64.86602540314198 0.5 0
      vertex 64.79335334151983 0.39123857021331787 0
    endloop
  endfacet
  facet normal 0 0 -1
    outer loop
      vertex 16.710516795516014 3.544825091958046 0
      vertex 64.92387953400612 0.6173165664076805 0
      vertex 64.86602540314198 0.5 0
    endloop
  endfacet
  facet normal 0 0 -1
    outer loop
      vertex 16.710516795516014 3.544825091958046 0
      vertex 64.96592582762241 0.741180956363678 0
      vertex 64.92387953400612 0.6173165664076805 0
    endloop
  endfacet
  facet normal 0 0 -1
    outer loop
      vertex 16.710516795516014 3.544825091958046 0
      vertex 64.991444863379 0.8694738075137138 0
      vertex 64.96592582762241 0.741180956363678 0
    endloop
  endfacet
  facet normal 0 0 -1
    outer loop
      vertex 16.710516795516014 3.544825091958046 0
      vertex 65 1 0
      vertex 64.991444863379 0.8694738075137138 0
    endloop
  endfacet
  facet normal 0 0 -1
    outer loop
      vertex 16.710516795516014 3.544825091958046 0
      vertex 65 3.382760740816593 0
      vertex 65 1 0
    endloop
  endfacet
  facet normal 0 0 -1
    outer loop
      vertex 16.710516795516014 3.544825091958046 0
      vertex 64.991444863379 3.5132869333028793 0
      vertex 65 3.382760740816593 0
    endloop
  endfacet
  facet normal 0 0 -1
    outer loop
      vertex 16.710516795516014 3.544825091958046 0
      vertex 64.96592582762241 3.641579784452915 0
      vertex 64.991444863379 3.5132869333028793 0
    endloop
  endfacet
  facet normal 0 0 -1
    outer loop
      vertex 16.710516795516014 3.544825091958046 0
      vertex 64.92387953400612 3.7654441744089127 0
      vertex 64.96592582762241 3.641579784452915 0
    endloop
  endfacet
  facet normal 0 0 -1
    outer loop
      vertex 16.710516795516014 3.544825091958046 0
      vertex 64.86602540314198 3.882760740816593 0
      vertex 64.92387953400612 3.7654441744089127 0
    endloop
  endfacet
  facet normal 0 0 -1
    outer loop
      vertex 16.710516795516014 3.544825091958046 0
      vertex 64.79335334151983 3.9915221706032753 0
      vertex 64.86602540314198 3.882760740816593 0
    endloop
  endfacet
  facet normal 0 0 -1
    outer loop
      vertex 16.710516795516014 3.544825091958046 0
      vertex 64.44824238866568 4.276672795414925 0
      vertex 64.5 4.248786143958569 0
    endloop
  endfacet
  facet normal 0 0 -1
    outer loop
      vertex 16.710516795516014 3.544825091958046 0
      vertex 64.5 4.248786143958569 0
      vertex 64.60876142978668 4.176114082336426 0
    endloop
  endfacet
  facet normal 0 0 -1
    outer loop
      vertex 16.710516795516014 3.544825091958046 0
      vertex 64.60876142978668 4.176114082336426 0
      vertex 64.70710678398609 4.089867524802685 0
    endloop
  endfacet
  facet normal 0 0 -1
    outer loop
      vertex 16.710516795516014 3.544825091958046 0
      vertex 64.70710678398609 4.089867524802685 0
      vertex 64.79335334151983 3.9915221706032753 0
    endloop
  endfacet
  facet normal 0.4482423866666264 0.8939120554033303 -7.318526772940158e-17
    outer loop
      vertex 24.910394743084908 24.102492444217205 0
      vertex 64.44824238866568 4.276672795414925 16
      vertex 64.44824238866568 4.276672795414925 0
    endloop
  endfacet
  facet normal 0.06540311383340917 -0.9978589242477587 0
    outer loop
      vertex 64.13052619248629 0.008555136620998383 0
      vertex 64 0 16
      vertex 64 0 0
    endloop
  endfacet
  facet normal 0.19509032949101543 -0.9807852789163829 0
    outer loop
      vertex 64.25881904363632 0.034074172377586365 0
      vertex 64.13052619248629 0.008555136620998383 16
      vertex 64.13052619248629 0.008555136620998383 0
    endloop
  endfacet
  facet normal 0.32143945792867507 -0.9469301319984066 0
    outer loop
      vertex 64.38268343359232 0.07612046599388123 0
      vertex 64.25881904363632 0.034074172377586365 16
      vertex 64.25881904363632 0.034074172377586365 0
    endloop
  endfacet
  facet normal 0.4422887070837332 -0.8968727332159228 0
    outer loop
      vertex 64.5 0.1339745968580246 0
      vertex 64.38268343359232 0.07612046599388123 16
      vertex 64.38268343359232 0.07612046599388123 0
    endloop
  endfacet
  facet normal 0.5555702203832522 -0.8314696207458844 0
    outer loop
      vertex 64.60876142978668 0.2066466584801674 0
      vertex 64.5 0.1339745968580246 16
      vertex 64.5 0.1339745968580246 0
    endloop
  endfacet
  facet normal 0.6593458006501332 -0.7518398201512305 0
    outer loop
      vertex 64.70710678398609 0.2928932160139084 0
      vertex 64.60876142978668 0.2066466584801674 16
      vertex 64.60876142978668 0.2066466584801674 0
    endloop
  endfacet
  facet normal 0.7518398201512305 -0.6593458006501332 0
    outer loop
      vertex 64.79335334151983 0.39123857021331787 0
      vertex 64.70710678398609 0.2928932160139084 16
      vertex 64.70710678398609 0.2928932160139084 0
    endloop
  endfacet
  facet normal 0.8314696207458844 -0.5555702203832522 0
    outer loop
      vertex 64.86602540314198 0.5 0
      vertex 64.79335334151983 0.39123857021331787 16
      vertex 64.79335334151983 0.39123857021331787 0
    endloop
  endfacet
  facet normal 0.8968727332159228 -0.4422887070837332 0
    outer loop
      vertex 64.92387953400612 0.6173165664076805 0
      vertex 64.86602540314198 0.5 16
      vertex 64.86602540314198 0.5 0
    endloop
  endfacet
  facet normal 0.9469301319984066 -0.32143945792867507 0
    outer loop
      vertex 64.96592582762241 0.741180956363678 0
      vertex 64.92387953400612 0.6173165664076805 16
      vertex 64.92387953400612 0.6173165664076805 0
    endloop
  endfacet
  facet normal 0.9807852789163829 -0.19509032949101543 0
    outer loop
      vertex 64.991444863379 0.8694738075137138 0
      vertex 64.96592582762241 0.741180956363678 16
      vertex 64.96592582762241 0.741180956363678 0
    endloop
  endfacet
  facet normal 0.9978589242477587 -0.06540311383340917 0
    outer loop
      vertex 65 1 0
      vertex 64.991444863379 0.8694738075137138 16
      vertex 64.991444863379 0.8694738075137138 0
    endloop
  endfacet
  facet normal 1 0 0
    outer loop
      vertex 65 3.382760740816593 0
      vertex 65 1 16
      vertex 65 1 0
    endloop
  endfacet
  facet normal 0.9978589242477587 0.06540311383340917 0
    outer loop
      vertex 64.991444863379 3.5132869333028793 0
      vertex 65 3.382760740816593 16
      vertex 65 3.382760740816593 0
    endloop
  endfacet
  facet normal 0.9807852789163829 0.19509032949101543 0
    outer loop
      vertex 64.96592582762241 3.641579784452915 0
      vertex 64.991444863379 3.5132869333028793 16
      vertex 64.991444863379 3.5132869333028793 0
    endloop
  endfacet
  facet normal 0.9469301319984066 0.32143945792867507 0
    outer loop
      vertex 64.92387953400612 3.7654441744089127 0
      vertex 64.96592582762241 3.641579784452915 16
      vertex 64.96592582762241 3.641579784452915 0
    endloop
  endfacet
  facet normal 0.8968727332159228 0.4422887070837332 0
    outer loop
      vertex 64.86602540314198 3.882760740816593 0
      vertex 64.92387953400612 3.7654441744089127 16
      vertex 64.92387953400612 3.7654441744089127 0
    endloop
  endfacet
  facet normal 0.5555702203832522 0.8314696207458844 0
    outer loop
      vertex 64.5 4.248786143958569 0
      vertex 64.60876142978668 4.176114082336426 16
      vertex 64.60876142978668 4.176114082336426 0
    endloop
  endfacet
  facet normal 0.47432618917693375 0.880349172919977 0
    outer loop
      vertex 64.44824238866568 4.276672795414925 0
      vertex 64.5 4.248786143958569 16
      vertex 64.5 4.248786143958569 0
    endloop
  endfacet
  facet normal 0.6593458006501332 0.7518398201512305 0
    outer loop
      vertex 64.60876142978668 4.176114082336426 0
      vertex 64.70710678398609 4.089867524802685 16
      vertex 64.70710678398609 4.089867524802685 0
    endloop
  endfacet
  facet normal 0.8314696207458844 0.5555702203832522 0
    outer loop
      vertex 64.79335334151983 3.9915221706032753 0
      vertex 64.86602540314198 3.882760740816593 16
      vertex 64.86602540314198 3.882760740816593 0
    endloop
  endfacet
  facet normal 0.7518398201512305 0.6593458006501332 0
    outer loop
      vertex 64.70710678398609 4.089867524802685 0
      vertex 64.79335334151983 3.9915221706032753 16
      vertex 64.79335334151983 3.9915221706032753 0
    endloop
  endfacet
  facet normal 0 -1 0
    outer loop
      vertex 64 0 0
      vertex 64 0 16
      vertex -3.191271699965 0 16
    endloop
  endfacet
  facet normal 0 0 1
    outer loop
      vertex 64.44824238866568 4.276672795414925 16
      vertex 24.910394743084908 24.102492444217205 16
      vertex 16.710516795516014 3.544825091958046 16
    endloop
  endfacet
  facet normal 0.4482423866666264 0.8939120554033303 0
    outer loop
      vertex 24.910394743084908 24.102492444217205 0
      vertex 24.910394743084908 24.102492444217205 16
      vertex 64.44824238866568 4.276672795414925 16
    endloop
  endfacet
  facet normal 0.06540311383340917 -0.9978589242477587 0
    outer loop
      vertex 64.13052619248629 0.008555136620998383 0
      vertex 64.13052619248629 0.008555136620998383 16
      vertex 64 0 16
    endloop
  endfacet
  facet normal 0.19509032949101543 -0.9807852789163829 0
    outer loop
      vertex 64.25881904363632 0.034074172377586365 0
      vertex 64.25881904363632 0.034074172377586365 16
      vertex 64.13052619248629 0.008555136620998383 16
    endloop
  endfacet
  facet normal 0.32143945792867507 -0.9469301319984066 0
    outer loop
      vertex 64.38268343359232 0.07612046599388123 0
      vertex 64.38268343359232 0.07612046599388123 16
      vertex 64.25881904363632 0.034074172377586365 16
    endloop
  endfacet
  facet normal 0.4422887070837332 -0.8968727332159228 0
    outer loop
      vertex 64.5 0.1339745968580246 0
      vertex 64.5 0.1339745968580246 16
      vertex 64.38268343359232 0.07612046599388123 16
    endloop
  endfacet
  facet normal 0.5555702203832522 -0.8314696207458844 0
    outer loop
      vertex 64.60876142978668 0.2066466584801674 0
      vertex 64.60876142978668 0.2066466584801674 16
      vertex 64.5 0.1339745968580246 16
    endloop
  endfacet
  facet normal 0.6593458006501332 -0.7518398201512305 0
    outer loop
      vertex 64.70710678398609 0.2928932160139084 0
      vertex 64.70710678398609 0.2928932160139084 16
      vertex 64.60876142978668 0.2066466584801674 16
    endloop
  endfacet
  facet normal 0.7518398201512305 -0.6593458006501332 0
    outer loop
      vertex 64.79335334151983 0.39123857021331787 0
      vertex 64.79335334151983 0.39123857021331787 16
      vertex 64.70710678398609 0.2928932160139084 16
    endloop
  endfacet
  facet normal 0.8314696207458844 -0.5555702203832522 0
    outer loop
      vertex 64.86602540314198 0.5 0
      vertex 64.86602540314198 0.5 16
      vertex 64.79335334151983 0.39123857021331787 16
    endloop
  endfacet
  facet normal 0.8968727332159228 -0.4422887070837332 0
    outer loop
      vertex 64.92387953400612 0.6173165664076805 0
      vertex 64.92387953400612 0.6173165664076805 16
      vertex 64.86602540314198 0.5 16
    endloop
  endfacet
  facet normal 0.9469301319984066 -0.32143945792867507 0
    outer loop
      vertex 64.96592582762241 0.741180956363678 0
      vertex 64.96592582762241 0.741180956363678 16
      vertex 64.92387953400612 0.6173165664076805 16
    endloop
  endfacet
  facet normal 0.9807852789163829 -0.19509032949101543 0
    outer loop
      vertex 64.991444863379 0.8694738075137138 0
      vertex 64.991444863379 0.8694738075137138 16
      vertex 64.96592582762241 0.741180956363678 16
    endloop
  endfacet
  facet normal 0.9978589242477587 -0.06540311383340917 0
    outer loop
      vertex 65 1 0
      vertex 65 1 16
      vertex 64.991444863379 0.8694738075137138 16
    endloop
  endfacet
  facet normal 1 0 0
    outer loop
      vertex 65 3.382760740816593 0
      vertex 65 3.382760740816593 16
      vertex 65 1 16
    endloop
  endfacet
  facet normal 0.9978589242477587 0.06540311383340917 0
    outer loop
      vertex 64.991444863379 3.5132869333028793 0
      vertex 64.991444863379 3.5132869333028793 16
      vertex 65 3.382760740816593 16
    endloop
  endfacet
  facet normal 0.9807852789163829 0.19509032949101543 0
    outer loop
      vertex 64.96592582762241 3.641579784452915 0
      vertex 64.96592582762241 3.641579784452915 16
      vertex 64.991444863379 3.5132869333028793 16
    endloop
  endfacet
  facet normal 0.9469301319984066 0.32143945792867507 0
    outer loop
      vertex 64.92387953400612 3.7654441744089127 0
      vertex 64.92387953400612 3.7654441744089127 16
      vertex 64.96592582762241 3.641579784452915 16
    endloop
  endfacet
  facet normal 0.8968727332159228 0.4422887070837332 0
    outer loop
      vertex 64.86602540314198 3.882760740816593 0
      vertex 64.86602540314198 3.882760740816593 16
      vertex 64.92387953400612 3.7654441744089127 16
    endloop
  endfacet
  facet normal 0.47432618917693375 0.880349172919977 0
    outer loop
      vertex 64.44824238866568 4.276672795414925 0
      vertex 64.44824238866568 4.276672795414925 16
      vertex 64.5 4.248786143958569 16
    endloop
  endfacet
  facet normal 0.5555702203832522 0.8314696207458844 0
    outer loop
      vertex 64.5 4.248786143958569 0
      vertex 64.5 4.248786143958569 16
      vertex 64.60876142978668 4.176114082336426 16
    endloop
  endfacet
  facet normal 0.6593458006501332 0.7518398201512305 0
    outer loop
      vertex 64.60876142978668 4.176114082336426 0
      vertex 64.60876142978668 4.176114082336426 16
      vertex 64.70710678398609 4.089867524802685 16
    endloop
  endfacet
  facet normal 0.8314696207458844 0.5555702203832522 0
    outer loop
      vertex 64.79335334151983 3.9915221706032753 0
      vertex 64.79335334151983 3.9915221706032753 16
      vertex 64.86602540314198 3.882760740816593 16
    endloop
  endfacet
  facet normal 0.7518398201512305 0.6593458006501332 0
    outer loop
      vertex 64.70710678398609 4.089867524802685 0
      vertex 64.70710678398609 4.089867524802685 16
      vertex 64.79335334151983 3.9915221706032753 16
    endloop
  endfacet
  facet normal 0 0 1
    outer loop
      vertex 64 0 16
      vertex 64.13052619248629 0.008555136620998383 16
      vertex 16.710516795516014 3.544825091958046 16
    endloop
  endfacet
  facet normal 0 0 1
    outer loop
      vertex 64.13052619248629 0.008555136620998383 16
      vertex 64.25881904363632 0.034074172377586365 16
      vertex 16.710516795516014 3.544825091958046 16
    endloop
  endfacet
  facet normal 0 0 1
    outer loop
      vertex 64.25881904363632 0.034074172377586365 16
      vertex 64.38268343359232 0.07612046599388123 16
      vertex 16.710516795516014 3.544825091958046 16
    endloop
  endfacet
  facet normal 0 0 1
    outer loop
      vertex 64.38268343359232 0.07612046599388123 16
      vertex 64.5 0.1339745968580246 16
      vertex 16.710516795516014 3.544825091958046 16
    endloop
  endfacet
  facet normal 0 0 1
    outer loop
      vertex 64.5 0.1339745968580246 16
      vertex 64.60876142978668 0.2066466584801674 16
      vertex 16.710516795516014 3.544825091958046 16
    endloop
  endfacet
  facet normal 0 0 1
    outer loop
      vertex 64.60876142978668 0.2066466584801674 16
      vertex 64.70710678398609 0.2928932160139084 16
      vertex 16.710516795516014 3.544825091958046 16
    endloop
  endfacet
  facet normal 0 0 1
    outer loop
      vertex 64.70710678398609 0.2928932160139084 16
      vertex 64.79335334151983 0.39123857021331787 16
      vertex 16.710516795516014 3.544825091958046 16
    endloop
  endfacet
  facet normal 0 0 1
    outer loop
      vertex 64.79335334151983 0.39123857021331787 16
      vertex 64.86602540314198 0.5 16
      vertex 16.710516795516014 3.544825091958046 16
    endloop
  endfacet
  facet normal 0 0 1
    outer loop
      vertex 64.86602540314198 0.5 16
      vertex 64.92387953400612 0.6173165664076805 16
      vertex 16.710516795516014 3.544825091958046 16
    endloop
  endfacet
  facet normal 0 0 1
    outer loop
      vertex 64.92387953400612 0.6173165664076805 16
      vertex 64.96592582762241 0.741180956363678 16
      vertex 16.710516795516014 3.544825091958046 16
    endloop
  endfacet
  facet normal 0 0 1
    outer loop
      vertex 64.96592582762241 0.741180956363678 16
      vertex 64.991444863379 0.8694738075137138 16
      vertex 16.710516795516014 3.544825091958046 16
    endloop
  endfacet
  facet normal 0 0 1
    outer loop
      vertex 64.991444863379 0.8694738075137138 16
      vertex 65 1 16
      vertex 16.710516795516014 3.544825091958046 16
    endloop
  endfacet
  facet normal 0 0 1
    outer loop
      vertex 65 1 16
      vertex 65 3.382760740816593 16
      vertex 16.710516795516014 3.544825091958046 16
    endloop
  endfacet
  facet normal 0 0 1
    outer loop
      vertex 65 3.382760740816593 16
      vertex 64.991444863379 3.5132869333028793 16
      vertex 16.710516795516014 3.544825091958046 16
    endloop
  endfacet
  facet normal 0 0 1
    outer loop
      vertex 64.991444863379 3.5132869333028793 16
      vertex 64.96592582762241 3.641579784452915 16
      vertex 16.710516795516014 3.544825091958046 16
    endloop
  endfacet
  facet normal 0 0 1
    outer loop
      vertex 64.96592582762241 3.641579784452915 16
      vertex 64.92387953400612 3.7654441744089127 16
      vertex 16.710516795516014 3.544825091958046 16
    endloop
  endfacet
  facet normal 0 0 1
    outer loop
      vertex 64.92387953400612 3.7654441744089127 16
      vertex 64.86602540314198 3.882760740816593 16
      vertex 16.710516795516014 3.544825091958046 16
    endloop
  endfacet
  facet normal 0 0 1
    outer loop
      vertex 64.86602540314198 3.882760740816593 16
      vertex 64.79335334151983 3.9915221706032753 16
      vertex 16.710516795516014 3.544825091958046 16
    endloop
  endfacet
  facet normal 0 0 1
    outer loop
      vertex 64.5 4.248786143958569 16
      vertex 64.44824238866568 4.276672795414925 16
      vertex 16.710516795516014 3.544825091958046 16
    endloop
  endfacet
  facet normal 0 0 1
    outer loop
      vertex 64.60876142978668 4.176114082336426 16
      vertex 64.5 4.248786143958569 16
      vertex 16.710516795516014 3.544825091958046 16
    endloop
  endfacet
  facet normal 0 0 1
    outer loop
      vertex 64.70710678398609 4.089867524802685 16
      vertex 64.60876142978668 4.176114082336426 16
      vertex 16.710516795516014 3.544825091958046 16
    endloop
  endfacet
  facet normal 0 0 1
    outer loop
      vertex 64.79335334151983 3.9915221706032753 16
      vertex 64.70710678398609 4.089867524802685 16
      vertex 16.710516795516014 3.544825091958046 16
    endloop
  endfacet
  facet normal 0 0 -1
    outer loop
      vertex 0 45.02239456772804 0
      vertex -3.8983784839510918 37.29289321601391 0
      vertex -3.9846250414848328 37.39123857021332 0
    endloop
  endfacet
  facet normal 0 0 -1
    outer loop
      vertex 0 45.02239456772804 0
      vertex -4.0572971031069756 37.5 0
      vertex -4.115151233971119 37.61731656640768 0
    endloop
  endfacet
  facet normal 0 0 -1
    outer loop
      vertex 0 45.02239456772804 0
      vertex -4.115151233971119 37.61731656640768 0
      vertex -4.157197527587414 37.74118095636368 0
    endloop
  endfacet
  facet normal 0 0 -1
    outer loop
      vertex 0 45.02239456772804 0
      vertex -3.9846250414848328 37.39123857021332 0
      vertex -4.0572971031069756 37.5 0
    endloop
  endfacet
  facet normal 0 0 -1
    outer loop
      vertex 0 45.02239456772804 0
      vertex -4.157197527587414 37.74118095636368 0
      vertex -4.182716563344002 37.869473807513714 0
    endloop
  endfacet
  facet normal 0 0 -1
    outer loop
      vertex 0 45.02239456772804 0
      vertex -4.182716563344002 37.869473807513714 0
      vertex -4.191271699965 38 0
    endloop
  endfacet
  facet normal 0 0 -1
    outer loop
      vertex 0 45.02239456772804 0
      vertex -3.691271699965 37.133974596858025 0
      vertex -3.8000331297516823 37.20664665848017 0
    endloop
  endfacet
  facet normal 0 0 -1
    outer loop
      vertex 0 45.02239456772804 0
      vertex -3.8000331297516823 37.20664665848017 0
      vertex -3.8983784839510918 37.29289321601391 0
    endloop
  endfacet
  facet normal 0 0 -1
    outer loop
      vertex 0 45.02239456772804 0
      vertex -3.5739551335573196 37.07612046599388 0
      vertex -3.691271699965 37.133974596858025 0
    endloop
  endfacet
  facet normal 0 0 -1
    outer loop
      vertex 0 45.02239456772804 0
      vertex -3.450090743601322 37.034074172377586 0
      vertex -3.5739551335573196 37.07612046599388 0
    endloop
  endfacet
  facet normal 0 0 -1
    outer loop
      vertex 0 45.02239456772804 0
      vertex -3.191271699965 37 0
      vertex -3.3217978924512863 37.008555136621 0
    endloop
  endfacet
  facet normal 0 0 -1
    outer loop
      vertex 0 45.02239456772804 0
      vertex -3.3217978924512863 37.008555136621 0
      vertex -3.450090743601322 37.034074172377586 0
    endloop
  endfacet
  facet normal 0 0 -1
    outer loop
      vertex 0 45.02239456772804 0
      vertex -4.191271699965 38 0
      vertex -4.191271699965 40.84673573821783 0
    endloop
  endfacet
  facet normal 0 0 -1
    outer loop
      vertex 0 45.02239456772804 0
      vertex -4.191271699965 40.84673573821783 0
      vertex -4.190374553203583 40.88908537477255 0
    endloop
  endfacet
  facet normal 0 0 -1
    outer loop
      vertex 0 45.02239456772804 0
      vertex -4.190374553203583 40.88908537477255 0
      vertex -4.176299348473549 41.019132159650326 0
    endloop
  endfacet
  facet normal 0 0 -1
    outer loop
      vertex 0 45.02239456772804 0
      vertex -4.176299348473549 41.019132159650326 0
      vertex -4.1453700587153435 41.146229192614555 0
    endloop
  endfacet
  facet normal 0 0 -1
    outer loop
      vertex 0 45.02239456772804 0
      vertex -4.1453700587153435 41.146229192614555 0
      vertex -0.744095616042614 51.98169257491827 0
    endloop
  endfacet
  facet normal 0 0 -1
    outer loop
      vertex 0 45.02239456772804 0
      vertex 16.710516795516014 40.544825091958046 0
      vertex -3.191271699965 37 0
    endloop
  endfacet
  facet normal -0.7518398201512305 -0.6593458006501332 0
    outer loop
      vertex -3.8983784839510918 37.29289321601391 0
      vertex -3.9846250414848328 37.39123857021332 16
      vertex -3.9846250414848328 37.39123857021332 0
    endloop
  endfacet
  facet normal -0.8314696207458844 -0.5555702203832522 0
    outer loop
      vertex -3.9846250414848328 37.39123857021332 0
      vertex -4.0572971031069756 37.5 16
      vertex -4.0572971031069756 37.5 0
    endloop
  endfacet
  facet normal -0.6593458006501332 -0.7518398201512305 0
    outer loop
      vertex -3.8000331297516823 37.20664665848017 0
      vertex -3.8983784839510918 37.29289321601391 16
      vertex -3.8983784839510918 37.29289321601391 0
    endloop
  endfacet
  facet normal -0.4422887070837332 -0.8968727332159228 0
    outer loop
      vertex -3.5739551335573196 37.07612046599388 0
      vertex -3.691271699965 37.133974596858025 16
      vertex -3.691271699965 37.133974596858025 0
    endloop
  endfacet
  facet normal -0.5555702203832522 -0.8314696207458844 0
    outer loop
      vertex -3.691271699965 37.133974596858025 0
      vertex -3.8000331297516823 37.20664665848017 16
      vertex -3.8000331297516823 37.20664665848017 0
    endloop
  endfacet
  facet normal -0.19509032949101543 -0.9807852789163829 0
    outer loop
      vertex -3.3217978924512863 37.008555136621 0
      vertex -3.450090743601322 37.034074172377586 16
      vertex -3.450090743601322 37.034074172377586 0
    endloop
  endfacet
  facet normal -0.06540311383340917 -0.9978589242477587 0
    outer loop
      vertex -3.191271699965 37 0
      vertex -3.3217978924512863 37.008555136621 16
      vertex -3.3217978924512863 37.008555136621 0
    endloop
  endfacet
  facet normal -0.32143945792867507 -0.9469301319984066 0
    outer loop
      vertex -3.450090743601322 37.034074172377586 0
      vertex -3.5739551335573196 37.07612046599388 16
      vertex -3.5739551335573196 37.07612046599388 0
    endloop
  endfacet
  facet normal -0.8968727332159228 -0.4422887070837332 0
    outer loop
      vertex -4.0572971031069756 37.5 0
      vertex -4.115151233971119 37.61731656640768 16
      vertex -4.115151233971119 37.61731656640768 0
    endloop
  endfacet
  facet normal -0.9469301319984066 -0.32143945792867507 0
    outer loop
      vertex -4.115151233971119 37.61731656640768 0
      vertex -4.157197527587414 37.74118095636368 16
      vertex -4.157197527587414 37.74118095636368 0
    endloop
  endfacet
  facet normal -0.9807852789163829 -0.19509032949101543 0
    outer loop
      vertex -4.157197527587414 37.74118095636368 0
      vertex -4.182716563344002 37.869473807513714 16
      vertex -4.182716563344002 37.869473807513714 0
    endloop
  endfacet
  facet normal -0.9978589242477587 -0.06540311383340917 0
    outer loop
      vertex -4.182716563344002 37.869473807513714 0
      vertex -4.191271699965 38 16
      vertex -4.191271699965 38 0
    endloop
  endfacet
  facet normal -1 0 0
    outer loop
      vertex -4.191271699965 38 0
      vertex -4.191271699965 40.84673573821783 16
      vertex -4.191271699965 40.84673573821783 0
    endloop
  endfacet
  facet normal -0.9997756885350525 0.021179532909430296 0
    outer loop
      vertex -4.191271699965 40.84673573821783 0
      vertex -4.190374553203583 40.88908537477255 16
      vertex -4.190374553203583 40.88908537477255 0
    endloop
  endfacet
  facet normal -0.994193893438919 0.10760344905607525 0
    outer loop
      vertex -4.190374553203583 40.88908537477255 0
      vertex -4.176299348473549 41.019132159650326 16
      vertex -4.176299348473549 41.019132159650326 0
    endloop
  endfacet
  facet normal -0.971643377878459 0.2364511497644661 0
    outer loop
      vertex -4.176299348473549 41.019132159650326 0
      vertex -4.1453700587153435 41.146229192614555 16
      vertex -4.1453700587153435 41.146229192614555 0
    endloop
  endfacet
  facet normal 0.25881904484930046 0.9659258263569185 8.02184266369675e-19
    outer loop
      vertex 0 45.02239456772804 0
      vertex 16.710516795516014 40.544825091958046 16
      vertex 16.710516795516014 40.544825091958046 0
    endloop
  endfacet
  facet normal 0 0 -1
    outer loop
      vertex 1.7811418175697327 51.66970633715391 0
      vertex -0.744095616042614 51.98169257491827 0
      vertex -0.71149942278862 52.07057233899832 0
    endloop
  endfacet
  facet normal 0 0 -1
    outer loop
      vertex 1.7811418175697327 51.66970633715391 0
      vertex 0 45.02239456772804 0
      vertex -0.744095616042614 51.98169257491827 0
    endloop
  endfacet
  facet normal 0 0 -1
    outer loop
      vertex 1.7811418175697327 51.66970633715391 0
      vertex -0.71149942278862 52.07057233899832 0
      vertex -0.652922973036766 52.18752992153168 0
    endloop
  endfacet
  facet normal 0 0 -1
    outer loop
      vertex 1.7811418175697327 51.66970633715391 0
      vertex -0.652922973036766 52.18752992153168 0
      vertex -0.579581618309021 52.29584114998579 0
    endloop
  endfacet
  facet normal 0 0 -1
    outer loop
      vertex 1.7811418175697327 51.66970633715391 0
      vertex -0.579581618309021 52.29584114998579 0
      vertex -0.4927302524447441 52.3936527967453 0
    endloop
  endfacet
  facet normal 0 0 -1
    outer loop
      vertex 1.7811418175697327 51.66970633715391 0
      vertex -0.4927302524447441 52.3936527967453 0
      vertex -0.39385493844747543 52.47929127514362 0
    endloop
  endfacet
  facet normal 0 0 -1
    outer loop
      vertex 1.7811418175697327 51.66970633715391 0
      vertex -0.39385493844747543 52.47929127514362 0
      vertex -0.28464744985103607 52.55129128694534 0
    endloop
  endfacet
  facet normal 0 0 -1
    outer loop
      vertex 1.7811418175697327 51.66970633715391 0
      vertex -0.28464744985103607 52.55129128694534 0
      vertex -0.16697635501623154 52.60842088609934 0
    endloop
  endfacet
  facet normal 0 0 -1
    outer loop
      vertex 1.5223227739334106 52.635632164776325 0
      vertex -0.16697635501623154 52.60842088609934 0
      vertex 0.43823689222335815 52.85474714636803 0
    endloop
  endfacet
  facet normal 0 0 -1
    outer loop
      vertex 1.8066608533263206 51.79799918830395 0
      vertex 1.7811418175697327 51.66970633715391 0
      vertex -0.16697635501623154 52.60842088609934 0
    endloop
  endfacet
  facet normal 0 0 -1
    outer loop
      vertex 1.815215989947319 51.928525380790234 0
      vertex 1.8066608533263206 51.79799918830395 0
      vertex -0.16697635501623154 52.60842088609934 0
    endloop
  endfacet
  facet normal 0 0 -1
    outer loop
      vertex 1.7811418175697327 52.187344424426556 0
      vertex 1.8066608533263206 52.05905157327652 0
      vertex -0.16697635501623154 52.60842088609934 0
    endloop
  endfacet
  facet normal 0 0 -1
    outer loop
      vertex 1.8066608533263206 52.05905157327652 0
      vertex 1.815215989947319 51.928525380790234 0
      vertex -0.16697635501623154 52.60842088609934 0
    endloop
  endfacet
  facet normal 0 0 -1
    outer loop
      vertex 1.7390955239534378 52.31120881438255 0
      vertex 1.7811418175697327 52.187344424426556 0
      vertex -0.16697635501623154 52.60842088609934 0
    endloop
  endfacet
  facet normal 0 0 -1
    outer loop
      vertex 1.5223227739334106 52.635632164776325 0
      vertex 0.43823689222335815 52.85474714636803 0
      vertex 0.556396946310997 52.89445120841265 0
    endloop
  endfacet
  facet normal 0 0 -1
    outer loop
      vertex 1.5223227739334106 52.635632164776325 0
      vertex 0.556396946310997 52.89445120841265 0
      vertex 0.6846897974610329 52.919970244169235 0
    endloop
  endfacet
  facet normal 0 0 -1
    outer loop
      vertex 1.6085693314671516 52.537286810576916 0
      vertex 1.6812413930892944 52.428525380790234 0
      vertex -0.16697635501623154 52.60842088609934 0
    endloop
  endfacet
  facet normal 0 0 -1
    outer loop
      vertex 1.5223227739334106 52.635632164776325 0
      vertex 1.6085693314671516 52.537286810576916 0
      vertex -0.16697635501623154 52.60842088609934 0
    endloop
  endfacet
  facet normal 0 0 -1
    outer loop
      vertex 1.6812413930892944 52.428525380790234 0
      vertex 1.7390955239534378 52.31120881438255 0
      vertex -0.16697635501623154 52.60842088609934 0
    endloop
  endfacet
  facet normal 0 0 -1
    outer loop
      vertex 1.5223227739334106 52.635632164776325 0
      vertex 0.6846897974610329 52.919970244169235 0
      vertex 0.815215989947319 52.928525380790234 0
    endloop
  endfacet
  facet normal 0 0 -1
    outer loop
      vertex 1.315215989947319 52.79455078393221 0
      vertex 0.815215989947319 52.928525380790234 0
      vertex 0.9457421824336052 52.919970244169235 0
    endloop
  endfacet
  facet normal 0 0 -1
    outer loop
      vertex 1.074035033583641 52.89445120841265 0
      vertex 1.315215989947319 52.79455078393221 0
      vertex 0.9457421824336052 52.919970244169235 0
    endloop
  endfacet
  facet normal 0 0 -1
    outer loop
      vertex 1.315215989947319 52.79455078393221 0
      vertex 1.4239774197340012 52.721878722310066 0
      vertex 0.815215989947319 52.928525380790234 0
    endloop
  endfacet
  facet normal 0 0 -1
    outer loop
      vertex 1.074035033583641 52.89445120841265 0
      vertex 1.1978994235396385 52.85240491479635 0
      vertex 1.315215989947319 52.79455078393221 0
    endloop
  endfacet
  facet normal 0 0 -1
    outer loop
      vertex 1.4239774197340012 52.721878722310066 0
      vertex 1.5223227739334106 52.635632164776325 0
      vertex 0.815215989947319 52.928525380790234 0
    endloop
  endfacet
  facet normal -0.9540983550884188 0.2994934537140563 -9.775880589528997e-18
    outer loop
      vertex -4.1453700587153435 41.146229192614555 0
      vertex -0.744095616042614 51.98169257491827 16
      vertex -0.744095616042614 51.98169257491827 0
    endloop
  endfacet
  facet normal -0.9388525975164592 0.34431932872930227 0
    outer loop
      vertex -0.744095616042614 51.98169257491827 0
      vertex -0.71149942278862 52.07057233899832 16
      vertex -0.71149942278862 52.07057233899832 0
    endloop
  endfacet
  facet normal -0.894128356061591 0.447810766827459 0
    outer loop
      vertex -0.71149942278862 52.07057233899832 0
      vertex -0.652922973036766 52.18752992153168 16
      vertex -0.652922973036766 52.18752992153168 0
    endloop
  endfacet
  facet normal -0.8280278943763687 0.5606869056208084 0
    outer loop
      vertex -0.652922973036766 52.18752992153168 0
      vertex -0.579581618309021 52.29584114998579 16
      vertex -0.579581618309021 52.29584114998579 0
    endloop
  endfacet
  facet normal -0.7477596698372185 0.6639694843627483 0
    outer loop
      vertex -0.579581618309021 52.29584114998579 0
      vertex -0.4927302524447441 52.3936527967453 16
      vertex -0.4927302524447441 52.3936527967453 0
    endloop
  endfacet
  facet normal -0.6546971130252149 0.7558913216835134 0
    outer loop
      vertex -0.4927302524447441 52.3936527967453 0
      vertex -0.39385493844747543 52.47929127514362 16
      vertex -0.39385493844747543 52.47929127514362 0
    endloop
  endfacet
  facet normal -0.5504324687724936 0.8348796903273057 0
    outer loop
      vertex -0.39385493844747543 52.47929127514362 0
      vertex -0.28464744985103607 52.55129128694534 16
      vertex -0.28464744985103607 52.55129128694534 0
    endloop
  endfacet
  facet normal -0.43674973313535825 0.8995830537566798 0
    outer loop
      vertex -0.28464744985103607 52.55129128694534 0
      vertex -0.16697635501623154 52.60842088609934 16
      vertex -0.16697635501623154 52.60842088609934 0
    endloop
  endfacet
  facet normal 0.9659258263939037 -0.25881904471126976 -4.033183374499736e-18
    outer loop
      vertex 1.7811418175697327 51.66970633715391 0
      vertex 0 45.02239456772804 16
      vertex 0 45.02239456772804 0
    endloop
  endfacet
  facet normal 0.9807852789163829 -0.19509032949101543 0
    outer loop
      vertex 1.8066608533263206 51.79799918830395 0
      vertex 1.7811418175697327 51.66970633715391 16
      vertex 1.7811418175697327 51.66970633715391 0
    endloop
  endfacet
  facet normal 0.9978589242477587 -0.06540311383340917 0
    outer loop
      vertex 1.815215989947319 51.928525380790234 0
      vertex 1.8066608533263206 51.79799918830395 16
      vertex 1.8066608533263206 51.79799918830395 0
    endloop
  endfacet
  facet normal -0.3769790976278399 0.9262217660753279 0
    outer loop
      vertex -0.16697635501623154 52.60842088609934 0
      vertex 0.43823689222335815 52.85474714636803 16
      vertex 0.43823689222335815 52.85474714636803 0
    endloop
  endfacet
  facet normal -0.31851833333574775 0.9479167006277596 0
    outer loop
      vertex 0.43823689222335815 52.85474714636803 0
      vertex 0.556396946310997 52.89445120841265 16
      vertex 0.556396946310997 52.89445120841265 0
    endloop
  endfacet
  facet normal -0.19509032949101543 0.9807852789163829 0
    outer loop
      vertex 0.556396946310997 52.89445120841265 0
      vertex 0.6846897974610329 52.919970244169235 16
      vertex 0.6846897974610329 52.919970244169235 0
    endloop
  endfacet
  facet normal 0.19509032949101543 0.9807852789163829 0
    outer loop
      vertex 0.9457421824336052 52.919970244169235 0
      vertex 1.074035033583641 52.89445120841265 16
      vertex 1.074035033583641 52.89445120841265 0
    endloop
  endfacet
  facet normal 0.32143945792867507 0.9469301319984066 0
    outer loop
      vertex 1.074035033583641 52.89445120841265 0
      vertex 1.1978994235396385 52.85240491479635 16
      vertex 1.1978994235396385 52.85240491479635 0
    endloop
  endfacet
  facet normal -0.06540311383340917 0.9978589242477587 0
    outer loop
      vertex 0.6846897974610329 52.919970244169235 0
      vertex 0.815215989947319 52.928525380790234 16
      vertex 0.815215989947319 52.928525380790234 0
    endloop
  endfacet
  facet normal 0.06540311383340917 0.9978589242477587 0
    outer loop
      vertex 0.815215989947319 52.928525380790234 0
      vertex 0.9457421824336052 52.919970244169235 16
      vertex 0.9457421824336052 52.919970244169235 0
    endloop
  endfacet
  facet normal 0.8968727332159228 0.4422887070837332 0
    outer loop
      vertex 1.6812413930892944 52.428525380790234 0
      vertex 1.7390955239534378 52.31120881438255 16
      vertex 1.7390955239534378 52.31120881438255 0
    endloop
  endfacet
  facet normal 0.4422887070837332 0.8968727332159228 0
    outer loop
      vertex 1.1978994235396385 52.85240491479635 0
      vertex 1.315215989947319 52.79455078393221 16
      vertex 1.315215989947319 52.79455078393221 0
    endloop
  endfacet
  facet normal 0.5555702203832522 0.8314696207458844 0
    outer loop
      vertex 1.315215989947319 52.79455078393221 0
      vertex 1.4239774197340012 52.721878722310066 16
      vertex 1.4239774197340012 52.721878722310066 0
    endloop
  endfacet
  facet normal 0.6593458006501332 0.7518398201512305 0
    outer loop
      vertex 1.4239774197340012 52.721878722310066 0
      vertex 1.5223227739334106 52.635632164776325 16
      vertex 1.5223227739334106 52.635632164776325 0
    endloop
  endfacet
  facet normal 0.7518398201512305 0.6593458006501332 0
    outer loop
      vertex 1.5223227739334106 52.635632164776325 0
      vertex 1.6085693314671516 52.537286810576916 16
      vertex 1.6085693314671516 52.537286810576916 0
    endloop
  endfacet
  facet normal 0.8314696207458844 0.5555702203832522 0
    outer loop
      vertex 1.6085693314671516 52.537286810576916 0
      vertex 1.6812413930892944 52.428525380790234 16
      vertex 1.6812413930892944 52.428525380790234 0
    endloop
  endfacet
  facet normal 0.9978589242477587 0.06540311383340917 0
    outer loop
      vertex 1.8066608533263206 52.05905157327652 0
      vertex 1.815215989947319 51.928525380790234 16
      vertex 1.815215989947319 51.928525380790234 0
    endloop
  endfacet
  facet normal 0.9807852789163829 0.19509032949101543 0
    outer loop
      vertex 1.7811418175697327 52.187344424426556 0
      vertex 1.8066608533263206 52.05905157327652 16
      vertex 1.8066608533263206 52.05905157327652 0
    endloop
  endfacet
  facet normal 0.9469301319984066 0.32143945792867507 0
    outer loop
      vertex 1.7390955239534378 52.31120881438255 0
      vertex 1.7811418175697327 52.187344424426556 16
      vertex 1.7811418175697327 52.187344424426556 0
    endloop
  endfacet
  facet normal 0 0 -1
    outer loop
      vertex 16.710516795516014 40.544825091958046 0
      vertex 64 37 0
      vertex -3.191271699965 37 0
    endloop
  endfacet
  facet normal 0 -1 0
    outer loop
      vertex 64 37 0
      vertex -3.191271699965 37 16
      vertex -3.191271699965 37 0
    endloop
  endfacet
  facet normal 0 0 -1
    outer loop
      vertex 16.710516795516014 40.544825091958046 0
      vertex 22.14571673423052 60.82926743477583 0
      vertex 23.370461605489254 61.53637421876192 0
    endloop
  endfacet
  facet normal 0 0 -1
    outer loop
      vertex 16.710516795516014 40.544825091958046 0
      vertex 23.370461605489254 61.53637421876192 0
      vertex 24.720971398055553 61.17450621724129 0
    endloop
  endfacet
  facet normal 0 0 -1
    outer loop
      vertex 16.710516795516014 40.544825091958046 0
      vertex 24.720971398055553 61.17450621724129 0
      vertex 24.78988102823496 61.15335227549076 0
    endloop
  endfacet
  facet normal 0 0 -1
    outer loop
      vertex 16.710516795516014 40.544825091958046 0
      vertex 24.78988102823496 61.15335227549076 0
      vertex 24.910394743084908 61.102492444217205 0
    endloop
  endfacet
  facet normal 0 0 -1
    outer loop
      vertex 22.14571673423052 60.82926743477583 0
      vertex 22.187763027846813 60.953131817281246 0
      vertex 23.370461605489254 61.53637421876192 0
    endloop
  endfacet
  facet normal 0 0 -1
    outer loop
      vertex 22.187763027846813 60.953131817281246 0
      vertex 22.245617158710957 61.07044838368893 0
      vertex 23.370461605489254 61.53637421876192 0
    endloop
  endfacet
  facet normal 0 0 -1
    outer loop
      vertex 22.245617158710957 61.07044838368893 0
      vertex 22.3182892203331 61.17920981347561 0
      vertex 23.370461605489254 61.53637421876192 0
    endloop
  endfacet
  facet normal 0 0 -1
    outer loop
      vertex 22.50288113206625 61.36380172520876 0
      vertex 22.61164255440235 61.43647379428148 0
      vertex 22.728959128260612 61.494327925145626 0
    endloop
  endfacet
  facet normal 0 0 -1
    outer loop
      vertex 22.3182892203331 61.17920981347561 0
      vertex 22.40453577786684 61.27755516767502 0
      vertex 23.370461605489254 61.53637421876192 0
    endloop
  endfacet
  facet normal 0 0 -1
    outer loop
      vertex 22.50288113206625 61.36380172520876 0
      vertex 22.728959128260612 61.494327925145626 0
      vertex 22.85282351076603 61.53637421876192 0
    endloop
  endfacet
  facet normal 0 0 -1
    outer loop
      vertex 22.40453577786684 61.27755516767502 0
      vertex 22.50288113206625 61.36380172520876 0
      vertex 23.370461605489254 61.53637421876192 0
    endloop
  endfacet
  facet normal 0 0 -1
    outer loop
      vertex 22.50288113206625 61.36380172520876 0
      vertex 22.85282351076603 61.53637421876192 0
      vertex 22.981116361916065 61.56189325451851 0
    endloop
  endfacet
  facet normal 0 0 -1
    outer loop
      vertex 22.50288113206625 61.36380172520876 0
      vertex 22.981116361916065 61.56189325451851 0
      vertex 23.11164255440235 61.57044839113951 0
    endloop
  endfacet
  facet normal 0 0 -1
    outer loop
      vertex 22.50288113206625 61.36380172520876 0
      vertex 23.11164255440235 61.57044839113951 0
      vertex 23.242168746888638 61.56189325451851 0
    endloop
  endfacet
  facet normal 0 0 -1
    outer loop
      vertex 22.50288113206625 61.36380172520876 0
      vertex 23.242168746888638 61.56189325451851 0
      vertex 23.370461605489254 61.53637421876192 0
    endloop
  endfacet
  facet normal -0.965925826360011 0.2588190448377588 3.799870473199667e-18
    outer loop
      vertex 16.710516795516014 40.544825091958046 0
      vertex 22.14571673423052 60.82926743477583 16
      vertex 22.14571673423052 60.82926743477583 0
    endloop
  endfacet
  facet normal -0.9469301261132232 0.32143947526586597 0
    outer loop
      vertex 22.14571673423052 60.82926743477583 0
      vertex 22.187763027846813 60.953131817281246 16
      vertex 22.187763027846813 60.953131817281246 0
    endloop
  endfacet
  facet normal -0.8968727332159228 0.4422887070837332 0
    outer loop
      vertex 22.187763027846813 60.953131817281246 0
      vertex 22.245617158710957 61.07044838368893 16
      vertex 22.245617158710957 61.07044838368893 0
    endloop
  endfacet
  facet normal -0.8314696207458844 0.5555702203832522 0
    outer loop
      vertex 22.245617158710957 61.07044838368893 0
      vertex 22.3182892203331 61.17920981347561 16
      vertex 22.3182892203331 61.17920981347561 0
    endloop
  endfacet
  facet normal -0.7518398201512305 0.6593458006501332 0
    outer loop
      vertex 22.3182892203331 61.17920981347561 0
      vertex 22.40453577786684 61.27755516767502 16
      vertex 22.40453577786684 61.27755516767502 0
    endloop
  endfacet
  facet normal -0.6593458006501332 0.7518398201512305 0
    outer loop
      vertex 22.40453577786684 61.27755516767502 0
      vertex 22.50288113206625 61.36380172520876 16
      vertex 22.50288113206625 61.36380172520876 0
    endloop
  endfacet
  facet normal -0.5555702860728967 0.8314695768534647 0
    outer loop
      vertex 22.50288113206625 61.36380172520876 0
      vertex 22.61164255440235 61.43647379428148 16
      vertex 22.61164255440235 61.43647379428148 0
    endloop
  endfacet
  facet normal -0.44228868448946673 0.896872744358182 0
    outer loop
      vertex 22.61164255440235 61.43647379428148 0
      vertex 22.728959128260612 61.494327925145626 16
      vertex 22.728959128260612 61.494327925145626 0
    endloop
  endfacet
  facet normal -0.32143947526586597 0.9469301261132232 0
    outer loop
      vertex 22.728959128260612 61.494327925145626 0
      vertex 22.85282351076603 61.53637421876192 16
      vertex 22.85282351076603 61.53637421876192 0
    endloop
  endfacet
  facet normal -0.19509032949101543 0.9807852789163829 0
    outer loop
      vertex 22.85282351076603 61.53637421876192 0
      vertex 22.981116361916065 61.56189325451851 16
      vertex 22.981116361916065 61.56189325451851 0
    endloop
  endfacet
  facet normal -0.06540311383340917 0.9978589242477587 0
    outer loop
      vertex 22.981116361916065 61.56189325451851 0
      vertex 23.11164255440235 61.57044839113951 16
      vertex 23.11164255440235 61.57044839113951 0
    endloop
  endfacet
  facet normal 0.06540311383340917 0.9978589242477587 0
    outer loop
      vertex 23.11164255440235 61.57044839113951 0
      vertex 23.242168746888638 61.56189325451851 16
      vertex 23.242168746888638 61.56189325451851 0
    endloop
  endfacet
  facet normal 0.1950903185924018 0.9807852810842519 0
    outer loop
      vertex 23.242168746888638 61.56189325451851 0
      vertex 23.370461605489254 61.53637421876192 16
      vertex 23.370461605489254 61.53637421876192 0
    endloop
  endfacet
  facet normal 0.2588190405862186 0.9659258274992079 0
    outer loop
      vertex 23.370461605489254 61.53637421876192 0
      vertex 24.720971398055553 61.17450621724129 16
      vertex 24.720971398055553 61.17450621724129 0
    endloop
  endfacet
  facet normal 0.2934645389340487 0.9559699599821253 0
    outer loop
      vertex 24.720971398055553 61.17450621724129 0
      vertex 24.78988102823496 61.15335227549076 16
      vertex 24.78988102823496 61.15335227549076 0
    endloop
  endfacet
  facet normal 0.3888180191345523 0.9213145760250855 0
    outer loop
      vertex 24.78988102823496 61.15335227549076 0
      vertex 24.910394743084908 61.102492444217205 16
      vertex 24.910394743084908 61.102492444217205 0
    endloop
  endfacet
  facet normal -0.7518398201512305 -0.6593458006501332 0
    outer loop
      vertex -3.8983784839510918 37.29289321601391 0
      vertex -3.8983784839510918 37.29289321601391 16
      vertex -3.9846250414848328 37.39123857021332 16
    endloop
  endfacet
  facet normal -0.8314696207458844 -0.5555702203832522 0
    outer loop
      vertex -3.9846250414848328 37.39123857021332 0
      vertex -3.9846250414848328 37.39123857021332 16
      vertex -4.0572971031069756 37.5 16
    endloop
  endfacet
  facet normal -0.6593458006501332 -0.7518398201512305 0
    outer loop
      vertex -3.8000331297516823 37.20664665848017 0
      vertex -3.8000331297516823 37.20664665848017 16
      vertex -3.8983784839510918 37.29289321601391 16
    endloop
  endfacet
  facet normal -0.5555702203832522 -0.8314696207458844 0
    outer loop
      vertex -3.691271699965 37.133974596858025 0
      vertex -3.691271699965 37.133974596858025 16
      vertex -3.8000331297516823 37.20664665848017 16
    endloop
  endfacet
  facet normal -0.19509032949101543 -0.9807852789163829 0
    outer loop
      vertex -3.3217978924512863 37.008555136621 0
      vertex -3.3217978924512863 37.008555136621 16
      vertex -3.450090743601322 37.034074172377586 16
    endloop
  endfacet
  facet normal -0.06540311383340917 -0.9978589242477587 0
    outer loop
      vertex -3.191271699965 37 0
      vertex -3.191271699965 37 16
      vertex -3.3217978924512863 37.008555136621 16
    endloop
  endfacet
  facet normal -0.4422887070837332 -0.8968727332159228 0
    outer loop
      vertex -3.5739551335573196 37.07612046599388 0
      vertex -3.5739551335573196 37.07612046599388 16
      vertex -3.691271699965 37.133974596858025 16
    endloop
  endfacet
  facet normal -0.32143945792867507 -0.9469301319984066 0
    outer loop
      vertex -3.450090743601322 37.034074172377586 0
      vertex -3.450090743601322 37.034074172377586 16
      vertex -3.5739551335573196 37.07612046599388 16
    endloop
  endfacet
  facet normal -0.8968727332159228 -0.4422887070837332 0
    outer loop
      vertex -4.0572971031069756 37.5 0
      vertex -4.0572971031069756 37.5 16
      vertex -4.115151233971119 37.61731656640768 16
    endloop
  endfacet
  facet normal -0.9469301319984066 -0.32143945792867507 0
    outer loop
      vertex -4.115151233971119 37.61731656640768 0
      vertex -4.115151233971119 37.61731656640768 16
      vertex -4.157197527587414 37.74118095636368 16
    endloop
  endfacet
  facet normal -0.9807852789163829 -0.19509032949101543 0
    outer loop
      vertex -4.157197527587414 37.74118095636368 0
      vertex -4.157197527587414 37.74118095636368 16
      vertex -4.182716563344002 37.869473807513714 16
    endloop
  endfacet
  facet normal -0.9978589242477587 -0.06540311383340917 0
    outer loop
      vertex -4.182716563344002 37.869473807513714 0
      vertex -4.182716563344002 37.869473807513714 16
      vertex -4.191271699965 38 16
    endloop
  endfacet
  facet normal -1 0 0
    outer loop
      vertex -4.191271699965 38 0
      vertex -4.191271699965 38 16
      vertex -4.191271699965 40.84673573821783 16
    endloop
  endfacet
  facet normal -0.9997756885350525 0.021179532909430296 0
    outer loop
      vertex -4.191271699965 40.84673573821783 0
      vertex -4.191271699965 40.84673573821783 16
      vertex -4.190374553203583 40.88908537477255 16
    endloop
  endfacet
  facet normal -0.994193893438919 0.10760344905607525 0
    outer loop
      vertex -4.190374553203583 40.88908537477255 0
      vertex -4.190374553203583 40.88908537477255 16
      vertex -4.176299348473549 41.019132159650326 16
    endloop
  endfacet
  facet normal -0.971643377878459 0.2364511497644661 0
    outer loop
      vertex -4.176299348473549 41.019132159650326 0
      vertex -4.176299348473549 41.019132159650326 16
      vertex -4.1453700587153435 41.146229192614555 16
    endloop
  endfacet
  facet normal -0.9540983550884188 0.2994934537140563 0
    outer loop
      vertex -4.1453700587153435 41.146229192614555 0
      vertex -4.1453700587153435 41.146229192614555 16
      vertex -0.744095616042614 51.98169257491827 16
    endloop
  endfacet
  facet normal 0.25881904484930046 0.9659258263569185 0
    outer loop
      vertex 0 45.02239456772804 0
      vertex 0 45.02239456772804 16
      vertex 16.710516795516014 40.544825091958046 16
    endloop
  endfacet
  facet normal 0 0 1
    outer loop
      vertex -3.9846250414848328 37.39123857021332 16
      vertex -3.8983784839510918 37.29289321601391 16
      vertex 0 45.02239456772804 16
    endloop
  endfacet
  facet normal 0 0 1
    outer loop
      vertex -4.115151233971119 37.61731656640768 16
      vertex -4.0572971031069756 37.5 16
      vertex 0 45.02239456772804 16
    endloop
  endfacet
  facet normal 0 0 1
    outer loop
      vertex -4.157197527587414 37.74118095636368 16
      vertex -4.115151233971119 37.61731656640768 16
      vertex 0 45.02239456772804 16
    endloop
  endfacet
  facet normal 0 0 1
    outer loop
      vertex -4.0572971031069756 37.5 16
      vertex -3.9846250414848328 37.39123857021332 16
      vertex 0 45.02239456772804 16
    endloop
  endfacet
  facet normal 0 0 1
    outer loop
      vertex -4.182716563344002 37.869473807513714 16
      vertex -4.157197527587414 37.74118095636368 16
      vertex 0 45.02239456772804 16
    endloop
  endfacet
  facet normal 0 0 1
    outer loop
      vertex -4.191271699965 38 16
      vertex -4.182716563344002 37.869473807513714 16
      vertex 0 45.02239456772804 16
    endloop
  endfacet
  facet normal 0 0 1
    outer loop
      vertex -3.8000331297516823 37.20664665848017 16
      vertex -3.691271699965 37.133974596858025 16
      vertex 0 45.02239456772804 16
    endloop
  endfacet
  facet normal 0 0 1
    outer loop
      vertex -3.8983784839510918 37.29289321601391 16
      vertex -3.8000331297516823 37.20664665848017 16
      vertex 0 45.02239456772804 16
    endloop
  endfacet
  facet normal 0 0 1
    outer loop
      vertex -3.691271699965 37.133974596858025 16
      vertex -3.5739551335573196 37.07612046599388 16
      vertex 0 45.02239456772804 16
    endloop
  endfacet
  facet normal 0 0 1
    outer loop
      vertex -3.5739551335573196 37.07612046599388 16
      vertex -3.450090743601322 37.034074172377586 16
      vertex 0 45.02239456772804 16
    endloop
  endfacet
  facet normal 0 0 1
    outer loop
      vertex -3.3217978924512863 37.008555136621 16
      vertex -3.191271699965 37 16
      vertex 0 45.02239456772804 16
    endloop
  endfacet
  facet normal 0 0 1
    outer loop
      vertex -3.450090743601322 37.034074172377586 16
      vertex -3.3217978924512863 37.008555136621 16
      vertex 0 45.02239456772804 16
    endloop
  endfacet
  facet normal 0 0 1
    outer loop
      vertex -4.191271699965 40.84673573821783 16
      vertex -4.191271699965 38 16
      vertex 0 45.02239456772804 16
    endloop
  endfacet
  facet normal 0 0 1
    outer loop
      vertex -4.190374553203583 40.88908537477255 16
      vertex -4.191271699965 40.84673573821783 16
      vertex 0 45.02239456772804 16
    endloop
  endfacet
  facet normal 0 0 1
    outer loop
      vertex -4.176299348473549 41.019132159650326 16
      vertex -4.190374553203583 40.88908537477255 16
      vertex 0 45.02239456772804 16
    endloop
  endfacet
  facet normal 0 0 1
    outer loop
      vertex -4.1453700587153435 41.146229192614555 16
      vertex -4.176299348473549 41.019132159650326 16
      vertex 0 45.02239456772804 16
    endloop
  endfacet
  facet normal 0 0 1
    outer loop
      vertex -0.744095616042614 51.98169257491827 16
      vertex -4.1453700587153435 41.146229192614555 16
      vertex 0 45.02239456772804 16
    endloop
  endfacet
  facet normal 0 0 1
    outer loop
      vertex -3.191271699965 37 16
      vertex 16.710516795516014 40.544825091958046 16
      vertex 0 45.02239456772804 16
    endloop
  endfacet
  facet normal -0.9388525975164592 0.34431932872930227 0
    outer loop
      vertex -0.744095616042614 51.98169257491827 0
      vertex -0.744095616042614 51.98169257491827 16
      vertex -0.71149942278862 52.07057233899832 16
    endloop
  endfacet
  facet normal -0.894128356061591 0.447810766827459 0
    outer loop
      vertex -0.71149942278862 52.07057233899832 0
      vertex -0.71149942278862 52.07057233899832 16
      vertex -0.652922973036766 52.18752992153168 16
    endloop
  endfacet
  facet normal -0.8280278943763687 0.5606869056208084 0
    outer loop
      vertex -0.652922973036766 52.18752992153168 0
      vertex -0.652922973036766 52.18752992153168 16
      vertex -0.579581618309021 52.29584114998579 16
    endloop
  endfacet
  facet normal -0.7477596698372185 0.6639694843627483 0
    outer loop
      vertex -0.579581618309021 52.29584114998579 0
      vertex -0.579581618309021 52.29584114998579 16
      vertex -0.4927302524447441 52.3936527967453 16
    endloop
  endfacet
  facet normal -0.6546971130252149 0.7558913216835134 0
    outer loop
      vertex -0.4927302524447441 52.3936527967453 0
      vertex -0.4927302524447441 52.3936527967453 16
      vertex -0.39385493844747543 52.47929127514362 16
    endloop
  endfacet
  facet normal -0.5504324687724936 0.8348796903273057 0
    outer loop
      vertex -0.39385493844747543 52.47929127514362 0
      vertex -0.39385493844747543 52.47929127514362 16
      vertex -0.28464744985103607 52.55129128694534 16
    endloop
  endfacet
  facet normal -0.43674973313535825 0.8995830537566798 0
    outer loop
      vertex -0.28464744985103607 52.55129128694534 0
      vertex -0.28464744985103607 52.55129128694534 16
      vertex -0.16697635501623154 52.60842088609934 16
    endloop
  endfacet
  facet normal -0.3769790976278399 0.9262217660753279 0
    outer loop
      vertex -0.16697635501623154 52.60842088609934 0
      vertex -0.16697635501623154 52.60842088609934 16
      vertex 0.43823689222335815 52.85474714636803 16
    endloop
  endfacet
  facet normal 0.9659258263939037 -0.25881904471126976 0
    outer loop
      vertex 1.7811418175697327 51.66970633715391 0
      vertex 1.7811418175697327 51.66970633715391 16
      vertex 0 45.02239456772804 16
    endloop
  endfacet
  facet normal 0.9807852789163829 -0.19509032949101543 0
    outer loop
      vertex 1.8066608533263206 51.79799918830395 0
      vertex 1.8066608533263206 51.79799918830395 16
      vertex 1.7811418175697327 51.66970633715391 16
    endloop
  endfacet
  facet normal 0.9978589242477587 -0.06540311383340917 0
    outer loop
      vertex 1.815215989947319 51.928525380790234 0
      vertex 1.815215989947319 51.928525380790234 16
      vertex 1.8066608533263206 51.79799918830395 16
    endloop
  endfacet
  facet normal -0.31851833333574775 0.9479167006277596 0
    outer loop
      vertex 0.43823689222335815 52.85474714636803 0
      vertex 0.43823689222335815 52.85474714636803 16
      vertex 0.556396946310997 52.89445120841265 16
    endloop
  endfacet
  facet normal -0.19509032949101543 0.9807852789163829 0
    outer loop
      vertex 0.556396946310997 52.89445120841265 0
      vertex 0.556396946310997 52.89445120841265 16
      vertex 0.6846897974610329 52.919970244169235 16
    endloop
  endfacet
  facet normal 0.19509032949101543 0.9807852789163829 0
    outer loop
      vertex 0.9457421824336052 52.919970244169235 0
      vertex 0.9457421824336052 52.919970244169235 16
      vertex 1.074035033583641 52.89445120841265 16
    endloop
  endfacet
  facet normal 0.32143945792867507 0.9469301319984066 0
    outer loop
      vertex 1.074035033583641 52.89445120841265 0
      vertex 1.074035033583641 52.89445120841265 16
      vertex 1.1978994235396385 52.85240491479635 16
    endloop
  endfacet
  facet normal -0.06540311383340917 0.9978589242477587 0
    outer loop
      vertex 0.6846897974610329 52.919970244169235 0
      vertex 0.6846897974610329 52.919970244169235 16
      vertex 0.815215989947319 52.928525380790234 16
    endloop
  endfacet
  facet normal 0.06540311383340917 0.9978589242477587 0
    outer loop
      vertex 0.815215989947319 52.928525380790234 0
      vertex 0.815215989947319 52.928525380790234 16
      vertex 0.9457421824336052 52.919970244169235 16
    endloop
  endfacet
  facet normal 0.9469301319984066 0.32143945792867507 0
    outer loop
      vertex 1.7390955239534378 52.31120881438255 0
      vertex 1.7390955239534378 52.31120881438255 16
      vertex 1.7811418175697327 52.187344424426556 16
    endloop
  endfacet
  facet normal 0.8968727332159228 0.4422887070837332 0
    outer loop
      vertex 1.6812413930892944 52.428525380790234 0
      vertex 1.6812413930892944 52.428525380790234 16
      vertex 1.7390955239534378 52.31120881438255 16
    endloop
  endfacet
  facet normal 0.4422887070837332 0.8968727332159228 0
    outer loop
      vertex 1.1978994235396385 52.85240491479635 0
      vertex 1.1978994235396385 52.85240491479635 16
      vertex 1.315215989947319 52.79455078393221 16
    endloop
  endfacet
  facet normal 0.5555702203832522 0.8314696207458844 0
    outer loop
      vertex 1.315215989947319 52.79455078393221 0
      vertex 1.315215989947319 52.79455078393221 16
      vertex 1.4239774197340012 52.721878722310066 16
    endloop
  endfacet
  facet normal 0.6593458006501332 0.7518398201512305 0
    outer loop
      vertex 1.4239774197340012 52.721878722310066 0
      vertex 1.4239774197340012 52.721878722310066 16
      vertex 1.5223227739334106 52.635632164776325 16
    endloop
  endfacet
  facet normal 0.7518398201512305 0.6593458006501332 0
    outer loop
      vertex 1.5223227739334106 52.635632164776325 0
      vertex 1.5223227739334106 52.635632164776325 16
      vertex 1.6085693314671516 52.537286810576916 16
    endloop
  endfacet
  facet normal 0.8314696207458844 0.5555702203832522 0
    outer loop
      vertex 1.6085693314671516 52.537286810576916 0
      vertex 1.6085693314671516 52.537286810576916 16
      vertex 1.6812413930892944 52.428525380790234 16
    endloop
  endfacet
  facet normal 0.9978589242477587 0.06540311383340917 0
    outer loop
      vertex 1.8066608533263206 52.05905157327652 0
      vertex 1.8066608533263206 52.05905157327652 16
      vertex 1.815215989947319 51.928525380790234 16
    endloop
  endfacet
  facet normal 0.9807852789163829 0.19509032949101543 0
    outer loop
      vertex 1.7811418175697327 52.187344424426556 0
      vertex 1.7811418175697327 52.187344424426556 16
      vertex 1.8066608533263206 52.05905157327652 16
    endloop
  endfacet
  facet normal 0 0 1
    outer loop
      vertex -0.71149942278862 52.07057233899832 16
      vertex -0.744095616042614 51.98169257491827 16
      vertex 1.7811418175697327 51.66970633715391 16
    endloop
  endfacet
  facet normal 0 0 1
    outer loop
      vertex -0.744095616042614 51.98169257491827 16
      vertex 0 45.02239456772804 16
      vertex 1.7811418175697327 51.66970633715391 16
    endloop
  endfacet
  facet normal 0 0 1
    outer loop
      vertex -0.652922973036766 52.18752992153168 16
      vertex -0.71149942278862 52.07057233899832 16
      vertex 1.7811418175697327 51.66970633715391 16
    endloop
  endfacet
  facet normal 0 0 1
    outer loop
      vertex -0.579581618309021 52.29584114998579 16
      vertex -0.652922973036766 52.18752992153168 16
      vertex 1.7811418175697327 51.66970633715391 16
    endloop
  endfacet
  facet normal 0 0 1
    outer loop
      vertex -0.4927302524447441 52.3936527967453 16
      vertex -0.579581618309021 52.29584114998579 16
      vertex 1.7811418175697327 51.66970633715391 16
    endloop
  endfacet
  facet normal 0 0 1
    outer loop
      vertex -0.39385493844747543 52.47929127514362 16
      vertex -0.4927302524447441 52.3936527967453 16
      vertex 1.7811418175697327 51.66970633715391 16
    endloop
  endfacet
  facet normal 0 0 1
    outer loop
      vertex -0.28464744985103607 52.55129128694534 16
      vertex -0.39385493844747543 52.47929127514362 16
      vertex 1.7811418175697327 51.66970633715391 16
    endloop
  endfacet
  facet normal 0 0 1
    outer loop
      vertex -0.16697635501623154 52.60842088609934 16
      vertex -0.28464744985103607 52.55129128694534 16
      vertex 1.7811418175697327 51.66970633715391 16
    endloop
  endfacet
  facet normal 0 0 1
    outer loop
      vertex 0.43823689222335815 52.85474714636803 16
      vertex -0.16697635501623154 52.60842088609934 16
      vertex 1.5223227739334106 52.635632164776325 16
    endloop
  endfacet
  facet normal 0 0 1
    outer loop
      vertex -0.16697635501623154 52.60842088609934 16
      vertex 1.7811418175697327 51.66970633715391 16
      vertex 1.8066608533263206 51.79799918830395 16
    endloop
  endfacet
  facet normal 0 0 1
    outer loop
      vertex -0.16697635501623154 52.60842088609934 16
      vertex 1.8066608533263206 51.79799918830395 16
      vertex 1.815215989947319 51.928525380790234 16
    endloop
  endfacet
  facet normal 0 0 1
    outer loop
      vertex -0.16697635501623154 52.60842088609934 16
      vertex 1.8066608533263206 52.05905157327652 16
      vertex 1.7811418175697327 52.187344424426556 16
    endloop
  endfacet
  facet normal 0 0 1
    outer loop
      vertex -0.16697635501623154 52.60842088609934 16
      vertex 1.815215989947319 51.928525380790234 16
      vertex 1.8066608533263206 52.05905157327652 16
    endloop
  endfacet
  facet normal 0 0 1
    outer loop
      vertex -0.16697635501623154 52.60842088609934 16
      vertex 1.7811418175697327 52.187344424426556 16
      vertex 1.7390955239534378 52.31120881438255 16
    endloop
  endfacet
  facet normal 0 0 1
    outer loop
      vertex 0.556396946310997 52.89445120841265 16
      vertex 0.43823689222335815 52.85474714636803 16
      vertex 1.5223227739334106 52.635632164776325 16
    endloop
  endfacet
  facet normal 0 0 1
    outer loop
      vertex 0.6846897974610329 52.919970244169235 16
      vertex 0.556396946310997 52.89445120841265 16
      vertex 1.5223227739334106 52.635632164776325 16
    endloop
  endfacet
  facet normal 0 0 1
    outer loop
      vertex -0.16697635501623154 52.60842088609934 16
      vertex 1.6812413930892944 52.428525380790234 16
      vertex 1.6085693314671516 52.537286810576916 16
    endloop
  endfacet
  facet normal 0 0 1
    outer loop
      vertex -0.16697635501623154 52.60842088609934 16
      vertex 1.6085693314671516 52.537286810576916 16
      vertex 1.5223227739334106 52.635632164776325 16
    endloop
  endfacet
  facet normal 0 0 1
    outer loop
      vertex -0.16697635501623154 52.60842088609934 16
      vertex 1.7390955239534378 52.31120881438255 16
      vertex 1.6812413930892944 52.428525380790234 16
    endloop
  endfacet
  facet normal 0 0 1
    outer loop
      vertex 0.815215989947319 52.928525380790234 16
      vertex 0.6846897974610329 52.919970244169235 16
      vertex 1.5223227739334106 52.635632164776325 16
    endloop
  endfacet
  facet normal 0 0 1
    outer loop
      vertex 0.9457421824336052 52.919970244169235 16
      vertex 0.815215989947319 52.928525380790234 16
      vertex 1.315215989947319 52.79455078393221 16
    endloop
  endfacet
  facet normal 0 0 1
    outer loop
      vertex 0.9457421824336052 52.919970244169235 16
      vertex 1.315215989947319 52.79455078393221 16
      vertex 1.074035033583641 52.89445120841265 16
    endloop
  endfacet
  facet normal 0 0 1
    outer loop
      vertex 0.815215989947319 52.928525380790234 16
      vertex 1.4239774197340012 52.721878722310066 16
      vertex 1.315215989947319 52.79455078393221 16
    endloop
  endfacet
  facet normal 0 0 1
    outer loop
      vertex 1.315215989947319 52.79455078393221 16
      vertex 1.1978994235396385 52.85240491479635 16
      vertex 1.074035033583641 52.89445120841265 16
    endloop
  endfacet
  facet normal 0 0 1
    outer loop
      vertex 0.815215989947319 52.928525380790234 16
      vertex 1.5223227739334106 52.635632164776325 16
      vertex 1.4239774197340012 52.721878722310066 16
    endloop
  endfacet
  facet normal 0 0 1
    outer loop
      vertex -3.191271699965 37 16
      vertex 64 37 16
      vertex 16.710516795516014 40.544825091958046 16
    endloop
  endfacet
  facet normal -0.965925826360011 0.2588190448377588 0
    outer loop
      vertex 16.710516795516014 40.544825091958046 0
      vertex 16.710516795516014 40.544825091958046 16
      vertex 22.14571673423052 60.82926743477583 16
    endloop
  endfacet
  facet normal -0.9469301261132232 0.32143947526586597 0
    outer loop
      vertex 22.14571673423052 60.82926743477583 0
      vertex 22.14571673423052 60.82926743477583 16
      vertex 22.187763027846813 60.953131817281246 16
    endloop
  endfacet
  facet normal -0.8968727332159228 0.4422887070837332 0
    outer loop
      vertex 22.187763027846813 60.953131817281246 0
      vertex 22.187763027846813 60.953131817281246 16
      vertex 22.245617158710957 61.07044838368893 16
    endloop
  endfacet
  facet normal -0.8314696207458844 0.5555702203832522 0
    outer loop
      vertex 22.245617158710957 61.07044838368893 0
      vertex 22.245617158710957 61.07044838368893 16
      vertex 22.3182892203331 61.17920981347561 16
    endloop
  endfacet
  facet normal -0.7518398201512305 0.6593458006501332 0
    outer loop
      vertex 22.3182892203331 61.17920981347561 0
      vertex 22.3182892203331 61.17920981347561 16
      vertex 22.40453577786684 61.27755516767502 16
    endloop
  endfacet
  facet normal -0.6593458006501332 0.7518398201512305 0
    outer loop
      vertex 22.40453577786684 61.27755516767502 0
      vertex 22.40453577786684 61.27755516767502 16
      vertex 22.50288113206625 61.36380172520876 16
    endloop
  endfacet
  facet normal -0.5555702860728967 0.8314695768534647 0
    outer loop
      vertex 22.50288113206625 61.36380172520876 0
      vertex 22.50288113206625 61.36380172520876 16
      vertex 22.61164255440235 61.43647379428148 16
    endloop
  endfacet
  facet normal -0.44228868448946673 0.896872744358182 0
    outer loop
      vertex 22.61164255440235 61.43647379428148 0
      vertex 22.61164255440235 61.43647379428148 16
      vertex 22.728959128260612 61.494327925145626 16
    endloop
  endfacet
  facet normal -0.32143947526586597 0.9469301261132232 0
    outer loop
      vertex 22.728959128260612 61.494327925145626 0
      vertex 22.728959128260612 61.494327925145626 16
      vertex 22.85282351076603 61.53637421876192 16
    endloop
  endfacet
  facet normal -0.19509032949101543 0.9807852789163829 0
    outer loop
      vertex 22.85282351076603 61.53637421876192 0
      vertex 22.85282351076603 61.53637421876192 16
      vertex 22.981116361916065 61.56189325451851 16
    endloop
  endfacet
  facet normal -0.06540311383340917 0.9978589242477587 0
    outer loop
      vertex 22.981116361916065 61.56189325451851 0
      vertex 22.981116361916065 61.56189325451851 16
      vertex 23.11164255440235 61.57044839113951 16
    endloop
  endfacet
  facet normal 0.06540311383340917 0.9978589242477587 0
    outer loop
      vertex 23.11164255440235 61.57044839113951 0
      vertex 23.11164255440235 61.57044839113951 16
      vertex 23.242168746888638 61.56189325451851 16
    endloop
  endfacet
  facet normal 0.1950903185924018 0.9807852810842519 0
    outer loop
      vertex 23.242168746888638 61.56189325451851 0
      vertex 23.242168746888638 61.56189325451851 16
      vertex 23.370461605489254 61.53637421876192 16
    endloop
  endfacet
  facet normal 0.2588190405862186 0.9659258274992079 0
    outer loop
      vertex 23.370461605489254 61.53637421876192 0
      vertex 23.370461605489254 61.53637421876192 16
      vertex 24.720971398055553 61.17450621724129 16
    endloop
  endfacet
  facet normal 0.2934645389340487 0.9559699599821253 0
    outer loop
      vertex 24.720971398055553 61.17450621724129 0
      vertex 24.720971398055553 61.17450621724129 16
      vertex 24.78988102823496 61.15335227549076 16
    endloop
  endfacet
  facet normal 0.3888180191345523 0.9213145760250855 0
    outer loop
      vertex 24.78988102823496 61.15335227549076 0
      vertex 24.78988102823496 61.15335227549076 16
      vertex 24.910394743084908 61.102492444217205 16
    endloop
  endfacet
  facet normal 0 0 1
    outer loop
      vertex 23.370461605489254 61.53637421876192 16
      vertex 22.14571673423052 60.82926743477583 16
      vertex 16.710516795516014 40.544825091958046 16
    endloop
  endfacet
  facet normal 0 0 1
    outer loop
      vertex 24.720971398055553 61.17450621724129 16
      vertex 23.370461605489254 61.53637421876192 16
      vertex 16.710516795516014 40.544825091958046 16
    endloop
  endfacet
  facet normal 0 0 1
    outer loop
      vertex 24.78988102823496 61.15335227549076 16
      vertex 24.720971398055553 61.17450621724129 16
      vertex 16.710516795516014 40.544825091958046 16
    endloop
  endfacet
  facet normal 0 0 1
    outer loop
      vertex 24.910394743084908 61.102492444217205 16
      vertex 24.78988102823496 61.15335227549076 16
      vertex 16.710516795516014 40.544825091958046 16
    endloop
  endfacet
  facet normal 0 0 1
    outer loop
      vertex 23.370461605489254 61.53637421876192 16
      vertex 22.187763027846813 60.953131817281246 16
      vertex 22.14571673423052 60.82926743477583 16
    endloop
  endfacet
  facet normal 0 0 1
    outer loop
      vertex 23.370461605489254 61.53637421876192 16
      vertex 22.245617158710957 61.07044838368893 16
      vertex 22.187763027846813 60.953131817281246 16
    endloop
  endfacet
  facet normal 0 0 1
    outer loop
      vertex 23.370461605489254 61.53637421876192 16
      vertex 22.3182892203331 61.17920981347561 16
      vertex 22.245617158710957 61.07044838368893 16
    endloop
  endfacet
  facet normal 0 0 1
    outer loop
      vertex 22.728959128260612 61.494327925145626 16
      vertex 22.61164255440235 61.43647379428148 16
      vertex 22.50288113206625 61.36380172520876 16
    endloop
  endfacet
  facet normal 0 0 1
    outer loop
      vertex 23.370461605489254 61.53637421876192 16
      vertex 22.40453577786684 61.27755516767502 16
      vertex 22.3182892203331 61.17920981347561 16
    endloop
  endfacet
  facet normal 0 0 1
    outer loop
      vertex 22.85282351076603 61.53637421876192 16
      vertex 22.728959128260612 61.494327925145626 16
      vertex 22.50288113206625 61.36380172520876 16
    endloop
  endfacet
  facet normal 0 0 1
    outer loop
      vertex 23.370461605489254 61.53637421876192 16
      vertex 22.50288113206625 61.36380172520876 16
      vertex 22.40453577786684 61.27755516767502 16
    endloop
  endfacet
  facet normal 0 0 1
    outer loop
      vertex 22.981116361916065 61.56189325451851 16
      vertex 22.85282351076603 61.53637421876192 16
      vertex 22.50288113206625 61.36380172520876 16
    endloop
  endfacet
  facet normal 0 0 1
    outer loop
      vertex 23.11164255440235 61.57044839113951 16
      vertex 22.981116361916065 61.56189325451851 16
      vertex 22.50288113206625 61.36380172520876 16
    endloop
  endfacet
  facet normal 0 0 1
    outer loop
      vertex 23.242168746888638 61.56189325451851 16
      vertex 23.11164255440235 61.57044839113951 16
      vertex 22.50288113206625 61.36380172520876 16
    endloop
  endfacet
  facet normal 0 0 1
    outer loop
      vertex 23.370461605489254 61.53637421876192 16
      vertex 23.242168746888638 61.56189325451851 16
      vertex 22.50288113206625 61.36380172520876 16
    endloop
  endfacet
  facet normal 0 0 -1
    outer loop
      vertex 16.710516795516014 40.544825091958046 0
      vertex 24.910394743084908 61.102492444217205 0
      vertex 64.44824238866568 41.276672795414925 0
    endloop
  endfacet
  facet normal 0 0 -1
    outer loop
      vertex 16.710516795516014 40.544825091958046 0
      vertex 64.13052619248629 37.008555136621 0
      vertex 64 37 0
    endloop
  endfacet
  facet normal 0 0 -1
    outer loop
      vertex 16.710516795516014 40.544825091958046 0
      vertex 64.25881904363632 37.034074172377586 0
      vertex 64.13052619248629 37.008555136621 0
    endloop
  endfacet
  facet normal 0 0 -1
    outer loop
      vertex 16.710516795516014 40.544825091958046 0
      vertex 64.38268343359232 37.07612046599388 0
      vertex 64.25881904363632 37.034074172377586 0
    endloop
  endfacet
  facet normal 0 0 -1
    outer loop
      vertex 16.710516795516014 40.544825091958046 0
      vertex 64.5 37.133974596858025 0
      vertex 64.38268343359232 37.07612046599388 0
    endloop
  endfacet
  facet normal 0 0 -1
    outer loop
      vertex 16.710516795516014 40.544825091958046 0
      vertex 64.60876142978668 37.20664665848017 0
      vertex 64.5 37.133974596858025 0
    endloop
  endfacet
  facet normal 0 0 -1
    outer loop
      vertex 16.710516795516014 40.544825091958046 0
      vertex 64.70710678398609 37.29289321601391 0
      vertex 64.60876142978668 37.20664665848017 0
    endloop
  endfacet
  facet normal 0 0 -1
    outer loop
      vertex 16.710516795516014 40.544825091958046 0
      vertex 64.79335334151983 37.39123857021332 0
      vertex 64.70710678398609 37.29289321601391 0
    endloop
  endfacet
  facet normal 0 0 -1
    outer loop
      vertex 16.710516795516014 40.544825091958046 0
      vertex 64.86602540314198 37.5 0
      vertex 64.79335334151983 37.39123857021332 0
    endloop
  endfacet
  facet normal 0 0 -1
    outer loop
      vertex 16.710516795516014 40.544825091958046 0
      vertex 64.92387953400612 37.61731656640768 0
      vertex 64.86602540314198 37.5 0
    endloop
  endfacet
  facet normal 0 0 -1
    outer loop
      vertex 16.710516795516014 40.544825091958046 0
      vertex 64.96592582762241 37.74118095636368 0
      vertex 64.92387953400612 37.61731656640768 0
    endloop
  endfacet
  facet normal 0 0 -1
    outer loop
      vertex 16.710516795516014 40.544825091958046 0
      vertex 64.991444863379 37.869473807513714 0
      vertex 64.96592582762241 37.74118095636368 0
    endloop
  endfacet
  facet normal 0 0 -1
    outer loop
      vertex 16.710516795516014 40.544825091958046 0
      vertex 65 38 0
      vertex 64.991444863379 37.869473807513714 0
    endloop
  endfacet
  facet normal 0 0 -1
    outer loop
      vertex 16.710516795516014 40.544825091958046 0
      vertex 65 40.38276074081659 0
      vertex 65 38 0
    endloop
  endfacet
  facet normal 0 0 -1
    outer loop
      vertex 16.710516795516014 40.544825091958046 0
      vertex 64.70710678398609 41.089867524802685 0
      vertex 64.79335334151983 40.991522170603275 0
    endloop
  endfacet
  facet normal 0 0 -1
    outer loop
      vertex 16.710516795516014 40.544825091958046 0
      vertex 64.5 41.24878614395857 0
      vertex 64.60876142978668 41.176114082336426 0
    endloop
  endfacet
  facet normal 0 0 -1
    outer loop
      vertex 16.710516795516014 40.544825091958046 0
      vertex 64.44824238866568 41.276672795414925 0
      vertex 64.5 41.24878614395857 0
    endloop
  endfacet
  facet normal 0 0 -1
    outer loop
      vertex 16.710516795516014 40.544825091958046 0
      vertex 64.60876142978668 41.176114082336426 0
      vertex 64.70710678398609 41.089867524802685 0
    endloop
  endfacet
  facet normal 0 0 -1
    outer loop
      vertex 16.710516795516014 40.544825091958046 0
      vertex 64.991444863379 40.51328693330288 0
      vertex 65 40.38276074081659 0
    endloop
  endfacet
  facet normal 0 0 -1
    outer loop
      vertex 16.710516795516014 40.544825091958046 0
      vertex 64.96592582762241 40.641579784452915 0
      vertex 64.991444863379 40.51328693330288 0
    endloop
  endfacet
  facet normal 0 0 -1
    outer loop
      vertex 16.710516795516014 40.544825091958046 0
      vertex 64.86602540314198 40.88276074081659 0
      vertex 64.92387953400612 40.76544417440891 0
    endloop
  endfacet
  facet normal 0 0 -1
    outer loop
      vertex 16.710516795516014 40.544825091958046 0
      vertex 64.92387953400612 40.76544417440891 0
      vertex 64.96592582762241 40.641579784452915 0
    endloop
  endfacet
  facet normal 0 0 -1
    outer loop
      vertex 16.710516795516014 40.544825091958046 0
      vertex 64.79335334151983 40.991522170603275 0
      vertex 64.86602540314198 40.88276074081659 0
    endloop
  endfacet
  facet normal 0.06540311383340917 -0.9978589242477587 0
    outer loop
      vertex 64.13052619248629 37.008555136621 0
      vertex 64 37 16
      vertex 64 37 0
    endloop
  endfacet
  facet normal 0.19509032949101543 -0.9807852789163829 0
    outer loop
      vertex 64.25881904363632 37.034074172377586 0
      vertex 64.13052619248629 37.008555136621 16
      vertex 64.13052619248629 37.008555136621 0
    endloop
  endfacet
  facet normal 0.32143945792867507 -0.9469301319984066 0
    outer loop
      vertex 64.38268343359232 37.07612046599388 0
      vertex 64.25881904363632 37.034074172377586 16
      vertex 64.25881904363632 37.034074172377586 0
    endloop
  endfacet
  facet normal 0.4422887070837332 -0.8968727332159228 0
    outer loop
      vertex 64.5 37.133974596858025 0
      vertex 64.38268343359232 37.07612046599388 16
      vertex 64.38268343359232 37.07612046599388 0
    endloop
  endfacet
  facet normal 0.5555702203832522 -0.8314696207458844 0
    outer loop
      vertex 64.60876142978668 37.20664665848017 0
      vertex 64.5 37.133974596858025 16
      vertex 64.5 37.133974596858025 0
    endloop
  endfacet
  facet normal 0.6593458006501332 -0.7518398201512305 0
    outer loop
      vertex 64.70710678398609 37.29289321601391 0
      vertex 64.60876142978668 37.20664665848017 16
      vertex 64.60876142978668 37.20664665848017 0
    endloop
  endfacet
  facet normal 0.7518398201512305 -0.6593458006501332 0
    outer loop
      vertex 64.79335334151983 37.39123857021332 0
      vertex 64.70710678398609 37.29289321601391 16
      vertex 64.70710678398609 37.29289321601391 0
    endloop
  endfacet
  facet normal 0.8314696207458844 -0.5555702203832522 0
    outer loop
      vertex 64.86602540314198 37.5 0
      vertex 64.79335334151983 37.39123857021332 16
      vertex 64.79335334151983 37.39123857021332 0
    endloop
  endfacet
  facet normal 0.8968727332159228 -0.4422887070837332 0
    outer loop
      vertex 64.92387953400612 37.61731656640768 0
      vertex 64.86602540314198 37.5 16
      vertex 64.86602540314198 37.5 0
    endloop
  endfacet
  facet normal 0.9469301319984066 -0.32143945792867507 0
    outer loop
      vertex 64.96592582762241 37.74118095636368 0
      vertex 64.92387953400612 37.61731656640768 16
      vertex 64.92387953400612 37.61731656640768 0
    endloop
  endfacet
  facet normal 0.9807852789163829 -0.19509032949101543 0
    outer loop
      vertex 64.991444863379 37.869473807513714 0
      vertex 64.96592582762241 37.74118095636368 16
      vertex 64.96592582762241 37.74118095636368 0
    endloop
  endfacet
  facet normal 0.9978589242477587 -0.06540311383340917 0
    outer loop
      vertex 65 38 0
      vertex 64.991444863379 37.869473807513714 16
      vertex 64.991444863379 37.869473807513714 0
    endloop
  endfacet
  facet normal 1 0 0
    outer loop
      vertex 65 40.38276074081659 0
      vertex 65 38 16
      vertex 65 38 0
    endloop
  endfacet
  facet normal 0.9978589242477587 0.06540311383340917 0
    outer loop
      vertex 64.991444863379 40.51328693330288 0
      vertex 65 40.38276074081659 16
      vertex 65 40.38276074081659 0
    endloop
  endfacet
  facet normal 0.9807852789163829 0.19509032949101543 0
    outer loop
      vertex 64.96592582762241 40.641579784452915 0
      vertex 64.991444863379 40.51328693330288 16
      vertex 64.991444863379 40.51328693330288 0
    endloop
  endfacet
  facet normal 0.9469301319984066 0.32143945792867507 0
    outer loop
      vertex 64.92387953400612 40.76544417440891 0
      vertex 64.96592582762241 40.641579784452915 16
      vertex 64.96592582762241 40.641579784452915 0
    endloop
  endfacet
  facet normal 0.8968727332159228 0.4422887070837332 0
    outer loop
      vertex 64.86602540314198 40.88276074081659 0
      vertex 64.92387953400612 40.76544417440891 16
      vertex 64.92387953400612 40.76544417440891 0
    endloop
  endfacet
  facet normal 0.6593458006501332 0.7518398201512305 0
    outer loop
      vertex 64.60876142978668 41.176114082336426 0
      vertex 64.70710678398609 41.089867524802685 16
      vertex 64.70710678398609 41.089867524802685 0
    endloop
  endfacet
  facet normal 0.5555702203832522 0.8314696207458844 0
    outer loop
      vertex 64.5 41.24878614395857 0
      vertex 64.60876142978668 41.176114082336426 16
      vertex 64.60876142978668 41.176114082336426 0
    endloop
  endfacet
  facet normal 0.47432618917693375 0.880349172919977 0
    outer loop
      vertex 64.44824238866568 41.276672795414925 0
      vertex 64.5 41.24878614395857 16
      vertex 64.5 41.24878614395857 0
    endloop
  endfacet
  facet normal 0.8314696207458844 0.5555702203832522 0
    outer loop
      vertex 64.79335334151983 40.991522170603275 0
      vertex 64.86602540314198 40.88276074081659 16
      vertex 64.86602540314198 40.88276074081659 0
    endloop
  endfacet
  facet normal 0.7518398201512305 0.6593458006501332 0
    outer loop
      vertex 64.70710678398609 41.089867524802685 0
      vertex 64.79335334151983 40.991522170603275 16
      vertex 64.79335334151983 40.991522170603275 0
    endloop
  endfacet
  facet normal 0.4482423866666264 0.8939120554033303 -7.318526772940158e-17
    outer loop
      vertex 24.910394743084908 61.102492444217205 0
      vertex 64.44824238866568 41.276672795414925 16
      vertex 64.44824238866568 41.276672795414925 0
    endloop
  endfacet
  facet normal 0 -1 0
    outer loop
      vertex 64 37 0
      vertex 64 37 16
      vertex -3.191271699965 37 16
    endloop
  endfacet
  facet normal 0.4482423866666264 0.8939120554033303 0
    outer loop
      vertex 24.910394743084908 61.102492444217205 0
      vertex 24.910394743084908 61.102492444217205 16
      vertex 64.44824238866568 41.276672795414925 16
    endloop
  endfacet
  facet normal 0 0 1
    outer loop
      vertex 64.44824238866568 41.276672795414925 16
      vertex 24.910394743084908 61.102492444217205 16
      vertex 16.710516795516014 40.544825091958046 16
    endloop
  endfacet
  facet normal 0.06540311383340917 -0.9978589242477587 0
    outer loop
      vertex 64.13052619248629 37.008555136621 0
      vertex 64.13052619248629 37.008555136621 16
      vertex 64 37 16
    endloop
  endfacet
  facet normal 0.19509032949101543 -0.9807852789163829 0
    outer loop
      vertex 64.25881904363632 37.034074172377586 0
      vertex 64.25881904363632 37.034074172377586 16
      vertex 64.13052619248629 37.008555136621 16
    endloop
  endfacet
  facet normal 0.32143945792867507 -0.9469301319984066 0
    outer loop
      vertex 64.38268343359232 37.07612046599388 0
      vertex 64.38268343359232 37.07612046599388 16
      vertex 64.25881904363632 37.034074172377586 16
    endloop
  endfacet
  facet normal 0.4422887070837332 -0.8968727332159228 0
    outer loop
      vertex 64.5 37.133974596858025 0
      vertex 64.5 37.133974596858025 16
      vertex 64.38268343359232 37.07612046599388 16
    endloop
  endfacet
  facet normal 0.5555702203832522 -0.8314696207458844 0
    outer loop
      vertex 64.60876142978668 37.20664665848017 0
      vertex 64.60876142978668 37.20664665848017 16
      vertex 64.5 37.133974596858025 16
    endloop
  endfacet
  facet normal 0.6593458006501332 -0.7518398201512305 0
    outer loop
      vertex 64.70710678398609 37.29289321601391 0
      vertex 64.70710678398609 37.29289321601391 16
      vertex 64.60876142978668 37.20664665848017 16
    endloop
  endfacet
  facet normal 0.7518398201512305 -0.6593458006501332 0
    outer loop
      vertex 64.79335334151983 37.39123857021332 0
      vertex 64.79335334151983 37.39123857021332 16
      vertex 64.70710678398609 37.29289321601391 16
    endloop
  endfacet
  facet normal 0.8314696207458844 -0.5555702203832522 0
    outer loop
      vertex 64.86602540314198 37.5 0
      vertex 64.86602540314198 37.5 16
      vertex 64.79335334151983 37.39123857021332 16
    endloop
  endfacet
  facet normal 0.8968727332159228 -0.4422887070837332 0
    outer loop
      vertex 64.92387953400612 37.61731656640768 0
      vertex 64.92387953400612 37.61731656640768 16
      vertex 64.86602540314198 37.5 16
    endloop
  endfacet
  facet normal 0.9469301319984066 -0.32143945792867507 0
    outer loop
      vertex 64.96592582762241 37.74118095636368 0
      vertex 64.96592582762241 37.74118095636368 16
      vertex 64.92387953400612 37.61731656640768 16
    endloop
  endfacet
  facet normal 0.9807852789163829 -0.19509032949101543 0
    outer loop
      vertex 64.991444863379 37.869473807513714 0
      vertex 64.991444863379 37.869473807513714 16
      vertex 64.96592582762241 37.74118095636368 16
    endloop
  endfacet
  facet normal 0.9978589242477587 -0.06540311383340917 0
    outer loop
      vertex 65 38 0
      vertex 65 38 16
      vertex 64.991444863379 37.869473807513714 16
    endloop
  endfacet
  facet normal 1 0 0
    outer loop
      vertex 65 40.38276074081659 0
      vertex 65 40.38276074081659 16
      vertex 65 38 16
    endloop
  endfacet
  facet normal 0.9978589242477587 0.06540311383340917 0
    outer loop
      vertex 64.991444863379 40.51328693330288 0
      vertex 64.991444863379 40.51328693330288 16
      vertex 65 40.38276074081659 16
    endloop
  endfacet
  facet normal 0.9807852789163829 0.19509032949101543 0
    outer loop
      vertex 64.96592582762241 40.641579784452915 0
      vertex 64.96592582762241 40.641579784452915 16
      vertex 64.991444863379 40.51328693330288 16
    endloop
  endfacet
  facet normal 0.9469301319984066 0.32143945792867507 0
    outer loop
      vertex 64.92387953400612 40.76544417440891 0
      vertex 64.92387953400612 40.76544417440891 16
      vertex 64.96592582762241 40.641579784452915 16
    endloop
  endfacet
  facet normal 0.8968727332159228 0.4422887070837332 0
    outer loop
      vertex 64.86602540314198 40.88276074081659 0
      vertex 64.86602540314198 40.88276074081659 16
      vertex 64.92387953400612 40.76544417440891 16
    endloop
  endfacet
  facet normal 0.5555702203832522 0.8314696207458844 0
    outer loop
      vertex 64.5 41.24878614395857 0
      vertex 64.5 41.24878614395857 16
      vertex 64.60876142978668 41.176114082336426 16
    endloop
  endfacet
  facet normal 0.47432618917693375 0.880349172919977 0
    outer loop
      vertex 64.44824238866568 41.276672795414925 0
      vertex 64.44824238866568 41.276672795414925 16
      vertex 64.5 41.24878614395857 16
    endloop
  endfacet
  facet normal 0.6593458006501332 0.7518398201512305 0
    outer loop
      vertex 64.60876142978668 41.176114082336426 0
      vertex 64.60876142978668 41.176114082336426 16
      vertex 64.70710678398609 41.089867524802685 16
    endloop
  endfacet
  facet normal 0.8314696207458844 0.5555702203832522 0
    outer loop
      vertex 64.79335334151983 40.991522170603275 0
      vertex 64.79335334151983 40.991522170603275 16
      vertex 64.86602540314198 40.88276074081659 16
    endloop
  endfacet
  facet normal 0.7518398201512305 0.6593458006501332 0
    outer loop
      vertex 64.70710678398609 41.089867524802685 0
      vertex 64.70710678398609 41.089867524802685 16
      vertex 64.79335334151983 40.991522170603275 16
    endloop
  endfacet
  facet normal 0 0 1
    outer loop
      vertex 64 37 16
      vertex 64.13052619248629 37.008555136621 16
      vertex 16.710516795516014 40.544825091958046 16
    endloop
  endfacet
  facet normal 0 0 1
    outer loop
      vertex 64.13052619248629 37.008555136621 16
      vertex 64.25881904363632 37.034074172377586 16
      vertex 16.710516795516014 40.544825091958046 16
    endloop
  endfacet
  facet normal 0 0 1
    outer loop
      vertex 64.25881904363632 37.034074172377586 16
      vertex 64.38268343359232 37.07612046599388 16
      vertex 16.710516795516014 40.544825091958046 16
    endloop
  endfacet
  facet normal 0 0 1
    outer loop
      vertex 64.38268343359232 37.07612046599388 16
      vertex 64.5 37.133974596858025 16
      vertex 16.710516795516014 40.544825091958046 16
    endloop
  endfacet
  facet normal 0 0 1
    outer loop
      vertex 64.5 37.133974596858025 16
      vertex 64.60876142978668 37.20664665848017 16
      vertex 16.710516795516014 40.544825091958046 16
    endloop
  endfacet
  facet normal 0 0 1
    outer loop
      vertex 64.60876142978668 37.20664665848017 16
      vertex 64.70710678398609 37.29289321601391 16
      vertex 16.710516795516014 40.544825091958046 16
    endloop
  endfacet
  facet normal 0 0 1
    outer loop
      vertex 64.70710678398609 37.29289321601391 16
      vertex 64.79335334151983 37.39123857021332 16
      vertex 16.710516795516014 40.544825091958046 16
    endloop
  endfacet
  facet normal 0 0 1
    outer loop
      vertex 64.79335334151983 37.39123857021332 16
      vertex 64.86602540314198 37.5 16
      vertex 16.710516795516014 40.544825091958046 16
    endloop
  endfacet
  facet normal 0 0 1
    outer loop
      vertex 64.86602540314198 37.5 16
      vertex 64.92387953400612 37.61731656640768 16
      vertex 16.710516795516014 40.544825091958046 16
    endloop
  endfacet
  facet normal 0 0 1
    outer loop
      vertex 64.92387953400612 37.61731656640768 16
      vertex 64.96592582762241 37.74118095636368 16
      vertex 16.710516795516014 40.544825091958046 16
    endloop
  endfacet
  facet normal 0 0 1
    outer loop
      vertex 64.96592582762241 37.74118095636368 16
      vertex 64.991444863379 37.869473807513714 16
      vertex 16.710516795516014 40.544825091958046 16
    endloop
  endfacet
  facet normal 0 0 1
    outer loop
      vertex 64.991444863379 37.869473807513714 16
      vertex 65 38 16
      vertex 16.710516795516014 40.544825091958046 16
    endloop
  endfacet
  facet normal 0 0 1
    outer loop
      vertex 65 38 16
      vertex 65 40.38276074081659 16
      vertex 16.710516795516014 40.544825091958046 16
    endloop
  endfacet
  facet normal 0 0 1
    outer loop
      vertex 64.79335334151983 40.991522170603275 16
      vertex 64.70710678398609 41.089867524802685 16
      vertex 16.710516795516014 40.544825091958046 16
    endloop
  endfacet
  facet normal 0 0 1
    outer loop
      vertex 64.60876142978668 41.176114082336426 16
      vertex 64.5 41.24878614395857 16
      vertex 16.710516795516014 40.544825091958046 16
    endloop
  endfacet
  facet normal 0 0 1
    outer loop
      vertex 64.5 41.24878614395857 16
      vertex 64.44824238866568 41.276672795414925 16
      vertex 16.710516795516014 40.544825091958046 16
    endloop
  endfacet
  facet normal 0 0 1
    outer loop
      vertex 64.70710678398609 41.089867524802685 16
      vertex 64.60876142978668 41.176114082336426 16
      vertex 16.710516795516014 40.544825091958046 16
    endloop
  endfacet
  facet normal 0 0 1
    outer loop
      vertex 65 40.38276074081659 16
      vertex 64.991444863379 40.51328693330288 16
      vertex 16.710516795516014 40.544825091958046 16
    endloop
  endfacet
  facet normal 0 0 1
    outer loop
      vertex 64.991444863379 40.51328693330288 16
      vertex 64.96592582762241 40.641579784452915 16
      vertex 16.710516795516014 40.544825091958046 16
    endloop
  endfacet
  facet normal 0 0 1
    outer loop
      vertex 64.92387953400612 40.76544417440891 16
      vertex 64.86602540314198 40.88276074081659 16
      vertex 16.710516795516014 40.544825091958046 16
    endloop
  endfacet
  facet normal 0 0 1
    outer loop
      vertex 64.96592582762241 40.641579784452915 16
      vertex 64.92387953400612 40.76544417440891 16
      vertex 16.710516795516014 40.544825091958046 16
    endloop
  endfacet
  facet normal 0 0 1
    outer loop
      vertex 64.86602540314198 40.88276074081659 16
      vertex 64.79335334151983 40.991522170603275 16
      vertex 16.710516795516014 40.544825091958046 16
    endloop
  endfacet
endsolid OpenSCAD_Model
